date,open,high,low,close,volume,amount,outstanding_share,turnover,change,pct_chg,amplitude
2023-03-06,4.21,4.21,4.14,4.15,7095300.0,31202153.0,825494210.0,0.008595214738090046,,,
2023-03-07,4.31,4.5,4.21,4.28,69464435.0,315570816.0,825494210.0,0.08414890638663595,0.1299999999999999,3.1325301204819356,6.987951807228916
2023-03-08,4.19,4.23,4.08,4.16,41256086.0,180252723.0,825494210.0,0.04997743836386206,-0.1200000000000001,-2.8037383177570097,3.5046728971962695
2023-03-09,4.18,4.29,4.15,4.2,31322600.0,139314029.0,825494210.0,0.03794405777843069,0.040000000000000036,0.9615384615384581,3.3653846153846074
2023-03-10,4.16,4.17,4.06,4.07,23372810.0,101296523.0,825494210.0,0.028313717669806553,-0.1299999999999999,-3.0952380952380953,2.6190476190476266
2023-03-13,4.03,4.07,3.98,4.03,15334904.0,65069882.0,825494210.0,0.01857663423223768,-0.040000000000000036,-0.9828009828009798,2.2113022113022183
2023-03-14,4.04,4.04,3.89,3.93,14243028.0,59362674.0,825494210.0,0.017253940521278762,-0.10000000000000009,-2.481389578163773,3.7220843672456554
2023-03-15,3.94,4.12,3.94,4.11,22534186.0,96751122.0,825494210.0,0.027297812300827645,0.18000000000000016,4.580152671755733,4.580152671755729
2023-03-16,4.07,4.1,3.97,3.97,12634689.0,53688584.0,825494210.0,0.015305605838228714,-0.14000000000000012,-3.4063260340632673,3.1630170316301567
2023-03-17,4.03,4.05,3.98,4.02,11292817.0,47885895.0,825494210.0,0.013680068089151103,0.04999999999999938,1.2594458438287104,1.7632241813601974
2023-03-20,4.0,4.05,3.97,3.99,9075400.0,38339053.0,825494210.0,0.010993899036554115,-0.02999999999999936,-0.7462686567163979,1.990049751243772
2023-03-21,3.98,4.03,3.97,4.03,8267790.0,34950215.0,825494210.0,0.0100155638886916,0.040000000000000036,1.0025062656641603,1.5037593984962419
2023-03-22,4.03,4.07,4.02,4.05,8633665.0,36923624.0,825494210.0,0.010458783229987768,0.019999999999999574,0.4962779156327368,1.2406947890819036
2023-03-23,4.02,4.05,3.99,4.02,7294101.0,30890762.0,825494210.0,0.008836041381804483,-0.03000000000000025,-0.7407407407407418,1.4814814814814719
2023-03-24,4.01,4.02,3.97,4.0,7572801.0,31939808.0,825494210.0,0.00917365731735417,-0.019999999999999574,-0.4975124378109319,1.2437810945273478
2023-03-27,4.0,4.03,3.94,3.99,9538200.0,40078560.0,825494210.0,0.011554532890061094,-0.009999999999999787,-0.24999999999999467,2.2500000000000075
2023-03-28,4.0,4.0,3.94,3.95,6941010.0,28993685.0,825494210.0,0.008408308521025242,-0.040000000000000036,-1.0025062656641603,1.5037593984962419
2023-03-29,3.95,3.95,3.9,3.9,7059000.0,29237038.0,825494210.0,0.008551241080176686,-0.050000000000000266,-1.2658227848101333,1.2658227848101333
2023-03-30,3.91,3.91,3.84,3.89,5348191.0,21910086.0,825494210.0,0.00647877469667534,-0.009999999999999787,-0.2564102564102555,1.7948717948718023
2023-03-31,3.87,3.93,3.87,3.93,5364601.0,22183141.0,825494460.0,0.006498651729292042,0.040000000000000036,1.0282776349614497,1.5424164524421609
2023-04-03,3.94,3.97,3.91,3.96,6928600.0,28863258.0,825494460.0,0.008393272560545107,0.029999999999999805,0.7633587786259444,1.5267175572519098
2023-04-04,3.96,3.96,3.86,3.88,9317595.0,38320039.0,825494460.0,0.011287289559762763,-0.08000000000000007,-2.020202020202022,2.5252525252525277
2023-04-06,3.88,3.91,3.84,3.9,6873032.0,28167523.0,825494460.0,0.008325957753853369,0.020000000000000018,0.5154639175257714,1.8041237113402135
2023-04-07,3.9,3.91,3.87,3.88,5509330.0,22620532.0,825494460.0,0.006673975740551911,-0.020000000000000018,-0.512820512820511,1.0256410256410264
2023-04-10,3.88,3.89,3.8,3.81,7058002.0,28596516.0,825494460.0,0.008550029518066058,-0.06999999999999984,-1.8041237113401998,2.319587628865987
2023-04-11,3.84,3.94,3.8,3.92,10199208.0,41787949.0,825494460.0,0.012355271287950255,0.10999999999999988,2.887139107611536,3.6745406824147016
2023-04-12,3.95,4.06,3.92,3.99,23144811.0,97618206.0,825494460.0,0.028037512208137653,0.07000000000000028,1.7857142857143016,3.5714285714285636
2023-04-13,3.99,4.0,3.93,3.94,11623001.0,48531286.0,825494460.0,0.014080047248288013,-0.050000000000000266,-1.253132832080206,1.7543859649122764
2023-04-14,3.95,4.07,3.93,4.03,17662750.0,74877412.0,825494460.0,0.021396570002420127,0.0900000000000003,2.2842639593908753,3.55329949238579
2023-04-17,4.04,4.11,4.03,4.04,25690340.0,110416365.0,825494460.0,0.031121153738572636,0.009999999999999787,0.2481389578163684,1.985111662531019
2023-04-18,4.05,4.12,4.04,4.1,16059130.0,69381650.0,825494460.0,0.01945395248321836,0.05999999999999961,1.4851485148514865,1.980198019801982
2023-04-19,4.1,4.1,4.02,4.05,11936302.0,51056962.0,825494460.0,0.014459578565796796,-0.04999999999999982,-1.2195121951219523,1.9512195121951237
2023-04-20,4.04,4.04,3.97,4.01,8595600.0,36391240.0,825494460.0,0.010412668305490506,-0.040000000000000036,-0.987654320987652,1.7283950617283912
2023-04-21,3.95,3.95,3.79,3.8,22257664.0,90665372.0,825494460.0,0.02696282661909082,-0.20999999999999996,-5.2369077306733125,3.9900249376558645
2023-04-24,3.79,3.8,3.65,3.7,15375586.0,60257699.0,825494460.0,0.018625910584548322,-0.09999999999999964,-2.631578947368407,3.947368421052629
2023-04-25,3.7,3.7,3.54,3.6,13080163.0,49925103.0,825494460.0,0.015845246253984552,-0.10000000000000009,-2.7027027027027084,4.324324324324328
2023-04-26,3.6,3.67,3.59,3.65,7448101.0,28588500.0,825494460.0,0.009022593561681808,0.04999999999999982,1.388888888888884,2.222222222222224
2023-04-27,3.66,3.67,3.62,3.66,7110078.0,27390952.0,825494460.0,0.00861311413283137,0.010000000000000231,0.273972602739736,1.3698630136986254
2023-04-28,3.65,3.71,3.63,3.7,10337700.0,40139693.0,825494460.0,0.012523039827547723,0.040000000000000036,1.0928961748633892,2.1857923497267775
2023-05-04,3.68,3.73,3.67,3.72,8589410.0,33595813.0,825494460.0,0.010405169769400997,0.020000000000000018,0.540540540540535,1.621621621621623
2023-05-05,3.71,3.71,3.63,3.67,7021310.0,27213910.0,825494460.0,0.008505581006564235,-0.050000000000000266,-1.3440860215053863,2.1505376344086042
2023-05-08,3.67,3.71,3.66,3.69,15468110.0,60244971.0,825494460.0,0.018737993711066214,0.020000000000000018,0.5449591280654031,1.362397820163483
2023-05-09,3.7,3.73,3.65,3.66,11260500.0,43938341.0,825494460.0,0.013640915288516896,-0.029999999999999805,-0.8130081300812941,2.168021680216804
2023-05-10,3.67,3.7,3.64,3.68,6240239.0,24215119.0,825494460.0,0.0075593953713511295,0.020000000000000018,0.5464480874316946,1.6393442622950833
2023-05-11,3.69,3.72,3.67,3.72,6192378.0,24198625.0,825494460.0,0.007501416787218657,0.040000000000000036,1.0869565217391353,1.3586956521739202
2023-05-12,3.71,3.72,3.66,3.68,6719700.0,26190489.0,825494460.0,0.008140212109963766,-0.040000000000000036,-1.0752688172043001,1.6129032258064528
2023-05-15,3.67,3.69,3.62,3.69,6969961.0,26966820.0,825494460.0,0.008443377076086011,0.009999999999999787,0.27173913043476716,1.9021739130434738
2023-05-16,3.69,3.69,3.63,3.64,5379701.0,20803171.0,825494460.0,0.0065169437963278395,-0.04999999999999982,-1.3550135501354976,1.6260162601626031
2023-05-17,3.63,3.68,3.62,3.68,5904677.0,22828345.0,825494460.0,0.007152897186008977,0.040000000000000036,1.098901098901095,1.6483516483516498
2023-05-18,3.69,3.7,3.66,3.67,5091577.0,19806698.0,825494460.0,0.006167911774962124,-0.010000000000000231,-0.27173913043478937,1.0869565217391313
2023-05-19,3.67,3.67,3.63,3.65,4650625.0,17970678.0,825494460.0,0.005633744652871444,-0.020000000000000018,-0.544959128065392,1.0899182561307912
2023-05-22,3.66,3.66,3.63,3.65,4757700.0,18334369.0,825494460.0,0.0057634547904779395,0.0,0.0,0.8219178082191849
2023-05-23,3.65,3.66,3.6,3.62,6301524.0,24146785.0,825494460.0,0.007633635724217943,-0.029999999999999805,-0.8219178082191747,1.6438356164383578
2023-05-24,3.61,3.62,3.55,3.57,10330572.0,39008886.0,825494460.0,0.01251440500279069,-0.050000000000000266,-1.3812154696132617,1.9337016574585715
2023-05-25,3.55,3.58,3.52,3.57,7126901.0,26713166.0,825494460.0,0.008633493433741517,0.0,0.0,1.6806722689075646
2023-05-26,3.57,3.59,3.52,3.59,4488000.0,16866787.0,825494460.0,0.0054367415136862334,0.020000000000000018,0.5602240896358524,1.9607843137254857
2023-05-29,3.59,3.6,3.54,3.55,4557936.0,17118545.0,825494460.0,0.005521461646150841,-0.040000000000000036,-1.1142061281337101,1.6713091922005585
2023-05-30,3.54,3.56,3.51,3.55,4235328.0,15827195.0,825494460.0,0.005130655873814101,0.0,0.0,1.4084507042253596
2023-05-31,3.54,3.55,3.51,3.52,4361738.0,16248332.0,825494460.0,0.005283788336992595,-0.029999999999999805,-0.8450704225352101,1.1267605633802829
2023-06-01,3.52,3.53,3.48,3.5,6419600.0,23793332.0,825494460.0,0.007776672420066877,-0.020000000000000018,-0.5681818181818232,1.4204545454545403
2023-06-02,3.51,3.58,3.5,3.57,6986789.0,26180521.0,825494460.0,0.008463762433971999,0.06999999999999984,2.0000000000000018,2.285714285714288
2023-06-05,3.58,3.58,3.55,3.58,4244600.0,15992080.0,825494460.0,0.005141887929811182,0.010000000000000231,0.2801120448179262,0.8403361344537886
2023-06-06,3.58,3.6,3.5,3.52,5808364.0,21794255.0,825494460.0,0.007036224083199783,-0.06000000000000005,-1.6759776536312887,2.793296089385477
2023-06-07,3.52,3.54,3.49,3.52,3472100.0,12888835.0,825494460.0,0.004206085162582435,0.0,0.0,1.4204545454545403
2023-06-08,3.51,3.54,3.49,3.52,3926500.0,14605480.0,825494460.0,0.004756543126891487,0.0,0.0,1.4204545454545403
2023-06-09,3.52,3.54,3.51,3.53,3314300.0,12330646.0,825494460.0,0.004014927005082505,0.009999999999999787,0.28409090909089496,0.8522727272727343
2023-06-12,3.52,3.55,3.49,3.54,5592100.0,20797365.0,825494460.0,0.0067742429186017795,0.010000000000000231,0.2832861189801861,1.699716713881009
2023-06-13,3.52,3.54,3.5,3.52,5203068.0,19326230.0,825494460.0,0.006302971433630215,-0.020000000000000018,-0.5649717514124353,1.12994350282486
2023-06-14,3.52,3.52,3.49,3.5,4286934.0,15889365.0,825494460.0,0.005193171132850486,-0.020000000000000018,-0.5681818181818232,0.8522727272727216
2023-06-15,3.52,3.53,3.48,3.52,5041100.0,18672859.0,825494460.0,0.006106764181070337,0.020000000000000018,0.5714285714285783,1.4285714285714235
2023-06-16,3.51,3.57,3.51,3.55,6623500.0,24810692.0,825494460.0,0.00802367589480855,0.029999999999999805,0.8522727272727293,1.7045454545454561
2023-06-19,3.56,3.59,3.53,3.54,6865700.0,25812973.0,825494460.0,0.00831707580448208,-0.009999999999999787,-0.28169014084505895,1.690140845070424
2023-06-20,3.53,3.55,3.47,3.48,6779000.0,25076043.0,825494460.0,0.008212047843422231,-0.06000000000000005,-1.6949152542372947,2.259887005649707
2023-06-21,3.48,3.49,3.44,3.44,4452100.0,16332840.0,825494460.0,0.005393252427157416,-0.040000000000000036,-1.1494252873563204,1.43678160919541
2023-06-26,3.43,3.44,3.35,3.38,6484900.0,23282590.0,825494460.0,0.007855776524532945,-0.06000000000000005,-1.744186046511631,2.6162790697674376
2023-06-27,3.38,3.49,3.37,3.49,5844700.0,21331292.0,825494460.0,0.00708024133802182,0.11000000000000032,3.2544378698224907,3.550295857988169
2023-06-28,3.5,3.51,3.44,3.51,4865940.0,17879436.0,825494460.0,0.005894576203455079,0.019999999999999574,0.5730659025787732,2.005730659025783
2023-06-29,3.49,3.55,3.49,3.54,4186167.0,15606308.0,825494460.0,0.005071102475963316,0.03000000000000025,0.8547008547008517,1.7094017094016984
2023-06-30,3.54,3.6,3.54,3.58,6271748.0,23700266.0,825495417.0,0.0075975564138110775,0.040000000000000036,1.1299435028248705,1.6949152542372896
2023-07-03,3.58,3.62,3.58,3.62,6804230.0,25923725.0,825495417.0,0.008242601787818285,0.040000000000000036,1.1173184357541999,1.1173184357541908
2023-07-04,3.61,3.62,3.57,3.6,4169100.0,15843919.0,825495417.0,0.00505042173965213,-0.020000000000000018,-0.5524861878453025,1.381215469613267
2023-07-05,3.59,3.62,3.58,3.61,5773100.0,21974565.0,825495417.0,0.006993497336400112,0.009999999999999787,0.2777777777777768,1.111111111111112
2023-07-06,3.59,3.61,3.57,3.6,4113600.0,15591580.0,825495417.0,0.004983189385774627,-0.009999999999999787,-0.27700831024930483,1.1080332409972309
2023-07-07,3.59,3.61,3.56,3.6,4867237.0,18433086.0,825495417.0,0.005896140547561635,0.0,0.0,1.388888888888884
2023-07-10,3.62,3.63,3.59,3.61,4635300.0,17390071.0,825495417.0,0.005615173512223145,0.009999999999999787,0.2777777777777768,1.111111111111112
2023-07-11,3.61,3.63,3.6,3.63,3432200.0,12917005.0,825495417.0,0.004157745675285802,0.020000000000000018,0.5540166204986097,0.8310249307479171
2023-07-12,3.63,3.65,3.6,3.61,4134035.0,15581007.0,825495417.0,0.005007944217332947,-0.020000000000000018,-0.5509641873278293,1.3774104683195545
2023-07-13,3.62,3.65,3.62,3.63,3866700.0,14611731.0,825495417.0,0.0046840962655520105,0.020000000000000018,0.5540166204986097,0.8310249307479171
2023-07-14,3.64,3.64,3.61,3.62,3443358.0,12974557.0,825495417.0,0.004171262406899589,-0.009999999999999787,-0.2754820936639035,0.8264462809917426
2023-07-17,3.61,3.64,3.56,3.64,4665004.0,17512347.0,825495417.0,0.00565115675257589,0.020000000000000018,0.5524861878453136,2.2099447513812174
2023-07-18,3.64,3.68,3.62,3.67,6091413.0,23152338.0,825495417.0,0.007379099719459738,0.029999999999999805,0.8241758241758212,1.6483516483516498
2023-07-19,3.66,3.69,3.66,3.69,5432400.0,20770551.0,825495417.0,0.0065807754811557,0.020000000000000018,0.5449591280654031,0.8174386920980874
2023-07-20,3.69,3.7,3.64,3.66,4373700.0,16714709.0,825495417.0,0.005298272903676218,-0.029999999999999805,-0.8130081300812941,1.6260162601626031
2023-07-21,3.65,3.69,3.64,3.65,4782361.0,18227542.0,825495417.0,0.005793322290485836,-0.010000000000000231,-0.2732240437158584,1.36612021857923
2023-07-24,3.65,3.67,3.63,3.65,4100060.0,15576529.0,825495417.0,0.004966787114216044,0.0,0.0,1.0958904109589052
2023-07-25,3.66,3.71,3.66,3.71,7320000.0,28145615.0,825495417.0,0.008867402349248899,0.06000000000000005,1.6438356164383494,1.3698630136986254
2023-07-26,3.72,3.75,3.7,3.73,7151901.0,27708896.0,825495417.0,0.008663768268988464,0.020000000000000018,0.5390835579514919,1.3477088948787015
2023-07-27,3.74,3.77,3.72,3.74,8061149.0,31402448.0,825495417.0,0.009765225625716587,0.010000000000000231,0.2680965147453085,1.3404825737265367
2023-07-28,3.74,3.79,3.71,3.78,7553601.0,29521524.0,825495417.0,0.00915038514380995,0.03999999999999959,1.0695187165775222,2.1390374331550817
2023-07-31,3.79,3.83,3.78,3.82,8146800.0,32216697.0,825495417.0,0.009868982712959145,0.040000000000000036,1.0582010582010692,1.32275132275133
2023-08-01,3.82,3.84,3.8,3.83,7661101.0,30415614.0,825495417.0,0.009280609973392499,0.010000000000000231,0.2617801047120505,1.0471204188481684
2023-08-02,3.82,3.87,3.81,3.84,7362500.0,29303905.0,825495417.0,0.00891888658420014,0.009999999999999787,0.26109660574411553,1.5665796344647531
2023-08-03,3.83,3.84,3.79,3.81,6701748.0,26547436.0,825495417.0,0.008118455732141273,-0.029999999999999805,-0.78125,1.3020833333333286
2023-08-04,3.82,3.85,3.78,3.8,9423551.0,37259460.0,825495417.0,0.011415630911976341,-0.010000000000000231,-0.2624671916010568,1.8372703412073568
2023-08-07,3.79,3.8,3.72,3.74,7360400.0,28674107.0,825495417.0,0.008916342657296667,-0.05999999999999961,-1.5789473684210464,2.105263157894727
2023-08-08,3.76,3.78,3.7,3.76,7551472.0,29412391.0,825495417.0,0.009147806086487334,0.019999999999999574,0.53475935828875,2.13903743315507
2023-08-09,3.76,3.77,3.7,3.71,6019910.0,23303593.0,825495417.0,0.007292481431184009,-0.04999999999999982,-1.3297872340425454,1.8617021276595702
2023-08-10,3.72,3.74,3.69,3.73,5373069.0,20764185.0,825495417.0,0.0065089022777700045,0.020000000000000018,0.5390835579514919,1.3477088948787135
2023-08-11,3.72,3.74,3.66,3.66,6055200.0,23243979.0,825495417.0,0.0073352315170999915,-0.06999999999999984,-1.8766756032171594,2.1447721179624684
2023-08-14,3.64,3.71,3.63,3.7,7144027.0,27252047.0,825495417.0,0.008654229754494203,0.040000000000000036,1.0928961748633892,2.1857923497267775
2023-08-15,3.7,3.71,3.66,3.68,4642350.0,17799709.0,825495417.0,0.005623713838256233,-0.020000000000000018,-0.5405405405405461,1.3513513513513467
2023-08-16,3.68,3.71,3.64,3.7,5480398.0,21012172.0,825495417.0,0.006638919959018985,0.020000000000000018,0.5434782608695565,1.9021739130434738
2023-08-17,3.68,3.74,3.64,3.72,8004967.0,30713857.0,825495417.0,0.009697167101292339,0.020000000000000018,0.540540540540535,2.702702702702705
2023-08-18,3.73,3.74,3.65,3.66,5271264.0,20241757.0,825495417.0,0.006385576335670922,-0.06000000000000005,-1.6129032258064502,2.4193548387096855
2023-08-21,3.67,3.7,3.63,3.64,5054079.0,19279508.0,825495417.0,0.00612247978113245,-0.020000000000000018,-0.5464480874316946,1.9125683060109366
2023-08-22,3.65,3.66,3.57,3.6,7137547.0,26745321.0,825495417.0,0.008646379922906344,-0.040000000000000036,-1.098901098901095,2.4725274725274806
2023-08-23,3.59,3.61,3.54,3.54,4710131.0,17461121.0,825495417.0,0.0057058233189439984,-0.06000000000000005,-1.6666666666666718,1.94444444444444
2023-08-24,3.55,3.57,3.5,3.53,4972446.0,18259650.0,825495417.0,0.006023590074031871,-0.010000000000000231,-0.28248587570621764,1.9774011299434981
2023-08-25,3.52,3.64,3.51,3.57,10195945.0,38028503.0,825495417.0,0.012351304186586417,0.040000000000000036,1.1331444759206777,3.682719546742219
2023-08-28,3.69,3.77,3.67,3.7,20025105.0,77570817.0,825495417.0,0.024258287311605994,0.13000000000000034,3.6414565826330625,2.801120448179274
2023-08-29,3.68,3.71,3.66,3.69,9682335.0,37172786.0,825495417.0,0.011729120235685089,-0.010000000000000231,-0.2702702702702786,1.3513513513513467
2023-08-30,3.69,3.71,3.65,3.66,7600373.0,29068340.0,825495417.0,0.009207044452919113,-0.029999999999999805,-0.8130081300812941,1.6260162601626031
2023-08-31,3.67,3.69,3.63,3.64,7168092.0,27190770.0,825495417.0,0.00868338194541424,-0.020000000000000018,-0.5464480874316946,1.6393442622950833
2023-09-01,3.65,3.71,3.63,3.69,8281388.0,31730216.0,825495417.0,0.010032021776808968,0.04999999999999982,1.3736263736263687,2.1978021978021998
2023-09-04,3.7,3.78,3.69,3.77,10243073.0,39952221.0,825495417.0,0.012408394751875407,0.08000000000000007,2.168021680216814,2.439024390243899
2023-09-05,3.77,3.77,3.72,3.75,6558922.0,25527352.0,825495417.0,0.007945437206467253,-0.020000000000000018,-0.5305039787798393,1.3262599469495973
2023-09-06,3.75,3.76,3.71,3.75,5261400.0,20439644.0,825495417.0,0.00637362714758718,0.0,0.0,1.3333333333333286
2023-09-07,3.73,3.77,3.7,3.71,5782433.0,22471476.0,825495417.0,0.007004803274395404,-0.040000000000000036,-1.0666666666666713,1.8666666666666623
2023-09-08,3.72,3.73,3.69,3.71,4900000.0,18920665.0,825495417.0,0.005935829441437105,0.0,0.0,1.078167115902966
2023-09-11,3.72,3.74,3.68,3.71,6983700.0,26961149.0,825495417.0,0.008460010626564145,0.0,0.0,1.617250673854449
2023-09-12,3.72,3.73,3.7,3.71,3899382.0,15049889.0,825495417.0,0.004723687036532633,0.0,0.0,0.8086253369272184
2023-09-13,3.72,3.74,3.67,3.69,4998600.0,19240834.0,825495417.0,0.006055272866523982,-0.020000000000000018,-0.5390835579514808,1.8867924528301963
2023-09-14,3.71,3.71,3.65,3.67,5492762.0,21007144.0,825495417.0,0.006653897631511623,-0.020000000000000018,-0.5420054200542035,1.6260162601626031
2023-09-15,3.67,3.71,3.67,3.7,5157400.0,19810010.0,825495417.0,0.006247642196177087,0.03000000000000025,0.8174386920980936,1.0899182561307912
2023-09-18,3.69,3.73,3.65,3.72,6661890.0,25637736.0,825495417.0,0.008070171999513353,0.020000000000000018,0.540540540540535,2.162162162162164
2023-09-19,3.72,3.76,3.7,3.72,6996210.0,27084032.0,825495417.0,0.008475165162546263,0.0,0.0,1.612903225806441
2023-09-20,3.71,3.72,3.69,3.69,4570845.0,17594174.0,825495417.0,0.0055370931271929765,-0.03000000000000025,-0.8064516129032362,0.8064516129032324
2023-09-21,3.69,3.71,3.66,3.68,4731600.0,18135905.0,825495417.0,0.005731830731653838,-0.009999999999999787,-0.27100271002709064,1.3550135501354965
2023-09-22,3.67,3.7,3.65,3.69,5683945.0,21749253.0,825495417.0,0.006885495525410046,0.009999999999999787,0.27173913043476716,1.3586956521739202
2023-09-25,3.7,3.7,3.64,3.65,6615800.0,25217624.0,825495417.0,0.008014338860950938,-0.040000000000000036,-1.084010840108407,1.6260162601626031
2023-09-26,3.64,3.64,3.59,3.59,6376300.0,23892733.0,825495417.0,0.007724210054578655,-0.06000000000000005,-1.6438356164383605,1.3698630136986376
2023-09-27,3.6,3.62,3.57,3.59,5695644.0,21291856.0,825495417.0,0.006899667621049918,0.0,0.0,1.3927576601671383
2023-09-28,3.59,3.68,3.59,3.66,8688305.0,32947215.0,825497862.0,0.01052492731955737,0.07000000000000028,1.9498607242339983,2.5069637883008444
2023-10-09,3.66,3.67,3.62,3.63,7391110.0,27992343.0,825497862.0,0.008953518040728735,-0.03000000000000025,-0.819672131147553,1.36612021857923
2023-10-10,3.63,3.65,3.57,3.58,5822145.0,21790840.0,825497862.0,0.0070528892538791335,-0.04999999999999982,-1.377410468319551,2.203856749311297
2023-10-11,3.59,3.61,3.56,3.59,5367427.0,19991031.0,825497862.0,0.00650204833601374,0.009999999999999787,0.27932960893854997,1.3966480446927325
2023-10-12,3.6,3.65,3.59,3.65,6826076.0,25740898.0,825497862.0,0.008269041404252601,0.06000000000000005,1.671309192200554,1.6713091922005585
2023-10-13,3.64,3.65,3.6,3.62,5379200.0,20217490.0,825497862.0,0.006516310032550999,-0.029999999999999805,-0.8219178082191747,1.3698630136986254
2023-10-16,3.62,3.63,3.57,3.62,5865516.0,21946478.0,825497862.0,0.007105428457184787,0.0,0.0,1.657458563535913
2023-10-17,3.62,3.63,3.59,3.61,4982800.0,18660030.0,825497862.0,0.00603611496694585,-0.010000000000000231,-0.2762430939226568,1.1049723756906087
2023-10-18,3.6,3.6,3.53,3.53,5593500.0,20676602.0,825497862.0,0.006775910947180624,-0.08000000000000007,-2.216066481994461,1.9390581717451603
2023-10-19,3.53,3.58,3.48,3.52,7605427.0,27892890.0,825497862.0,0.009213139548991346,-0.009999999999999787,-0.28328611898016387,2.8328611898017027
2023-10-20,3.5,3.54,3.48,3.48,4663300.0,16985796.0,825497862.0,0.0056490758058438196,-0.040000000000000036,-1.1363636363636354,1.7045454545454561
2023-10-23,3.48,3.52,3.41,3.45,11197401.0,40407865.0,825497862.0,0.013564421563577593,-0.029999999999999805,-0.8620689655172376,3.160919540229881
2023-10-24,3.45,3.55,3.44,3.54,8586910.0,31349419.0,825497862.0,0.010402098412703096,0.08999999999999986,2.608695652173898,3.1884057971014457
2023-10-25,3.56,3.63,3.55,3.63,10076600.0,37775964.0,825497862.0,0.012206694243382547,0.08999999999999986,2.5423728813559254,2.25988700564972
2023-10-26,3.62,3.67,3.61,3.67,7542500.0,28535203.0,825497862.0,0.009136910399411792,0.040000000000000036,1.1019283746556585,1.6528925619834725
2023-10-27,3.66,3.75,3.63,3.74,10171300.0,39334513.0,825497862.0,0.012321412893011224,0.07000000000000028,1.9073569482289,3.2697547683923736
2023-10-30,3.74,3.77,3.71,3.73,9057982.0,35269883.0,825497862.0,0.010972750405500142,-0.010000000000000231,-0.2673796791443861,1.6042780748663115
2023-10-31,3.74,3.76,3.71,3.75,6865301.0,26711585.0,825497862.0,0.008316558183890245,0.020000000000000018,0.536193029490617,1.3404825737265367
2023-11-01,3.75,3.78,3.73,3.75,8276117.0,32324973.0,825497862.0,0.010025606825859956,0.0,0.0,1.3333333333333286
2023-11-02,3.75,3.77,3.71,3.71,5679800.0,22024903.0,825497862.0,0.006880453919334318,-0.040000000000000036,-1.0666666666666713,1.6000000000000014
2023-11-03,3.7,3.74,3.7,3.71,5914042.0,22884126.0,825497862.0,0.007164212376845623,0.0,0.0,1.078167115902966
2023-11-06,3.72,3.78,3.71,3.77,10462420.0,40937403.0,825497862.0,0.01267407280092992,0.06000000000000005,1.6172506738544534,1.8867924528301845
2023-11-07,3.77,3.78,3.72,3.74,6213700.0,24189896.0,825497862.0,0.007527215134083534,-0.029999999999999805,-0.7957559681697535,1.591511936339512
2023-11-08,3.74,3.74,3.71,3.72,6064700.0,23505795.0,825497862.0,0.007346717997920145,-0.020000000000000018,-0.5347593582887722,0.8021390374331617
2023-11-09,3.71,3.74,3.7,3.72,6052000.0,23413493.0,825497862.0,0.007331333342690111,0.0,0.0,1.0752688172043021
2023-11-10,3.71,3.76,3.69,3.75,5389475.0,20871067.0,825497862.0,0.006528757066605219,0.029999999999999805,0.8064516129032251,1.8817204301075225
2023-11-13,3.73,3.77,3.7,3.76,7128200.0,27674065.0,825497862.0,0.008635031449663525,0.009999999999999787,0.2666666666666595,1.8666666666666623
2023-11-14,3.76,3.77,3.71,3.75,7484400.0,29124837.0,825497862.0,0.009066528630209826,-0.009999999999999787,-0.26595744680850686,1.5957446808510654
2023-11-15,3.77,3.79,3.76,3.78,8284696.0,32525525.0,825497862.0,0.010035999342176371,0.029999999999999805,0.8000000000000007,0.8000000000000066
2023-11-16,3.78,3.78,3.74,3.77,5660871.0,22171991.0,825497862.0,0.006857523514700514,-0.009999999999999787,-0.2645502645502562,1.0582010582010475
2023-11-17,3.75,3.79,3.74,3.79,5705577.0,22350793.0,825497862.0,0.006911679923890584,0.020000000000000018,0.5305039787798504,1.3262599469495973
2023-11-20,3.79,3.82,3.77,3.79,6746100.0,26635420.0,825497862.0,0.008172159263569359,0.0,0.0,1.319261213720312
2023-11-21,3.79,3.82,3.77,3.79,7445420.0,29423108.0,825497862.0,0.009019308641165203,0.0,0.0,1.319261213720312
2023-11-22,3.79,3.81,3.76,3.77,6199600.0,24436020.0,825497862.0,0.007510134532607669,-0.020000000000000018,-0.527704485488123,1.3192612137203237
2023-11-23,3.77,3.82,3.76,3.81,7558400.0,29857508.0,825497862.0,0.009156171503203723,0.040000000000000036,1.0610079575596787,1.591511936339524
2023-11-24,3.8,3.83,3.76,3.77,10529700.0,41487724.0,825497862.0,0.01275557513194383,-0.040000000000000036,-1.049868766404205,1.8372703412073568
2023-11-27,3.76,3.79,3.73,3.75,9443900.0,36910998.0,825497862.0,0.011440247679284723,-0.020000000000000018,-0.5305039787798393,1.591511936339524
2023-11-28,3.74,3.76,3.73,3.76,8739626.0,34078593.0,825497862.0,0.010587097074758989,0.009999999999999787,0.2666666666666595,0.7999999999999948
2023-11-29,3.75,3.77,3.67,3.68,12149855.0,46912147.0,825497862.0,0.014718214981882048,-0.07999999999999963,-2.127659574468077,2.659574468085109
2023-11-30,3.68,3.69,3.62,3.66,11196200.0,42521062.0,825497862.0,0.013562966683976706,-0.020000000000000018,-0.5434782608695676,1.9021739130434738
2023-12-01,3.67,3.71,3.65,3.68,7157900.0,27388715.0,825497862.0,0.008671009737878642,0.020000000000000018,0.5464480874316946,1.6393442622950833
2023-12-04,3.68,3.71,3.67,3.69,6380501.0,24500886.0,825497862.0,0.007729276226762657,0.009999999999999787,0.27173913043476716,1.0869565217391313
2023-12-05,3.69,3.69,3.64,3.65,5609701.0,21409594.0,825497862.0,0.00679553667941541,-0.040000000000000036,-1.084010840108407,1.3550135501354965
2023-12-06,3.64,3.72,3.63,3.7,8458900.0,32493546.0,825497862.0,0.01024702835632541,0.050000000000000266,1.3698630136986356,2.4657534246575423
2023-12-07,3.71,3.71,3.65,3.67,7732456.0,29534031.0,825497862.0,0.009367021231606775,-0.03000000000000025,-0.8108108108108136,1.621621621621623
2023-12-08,3.68,3.7,3.56,3.58,10806800.0,40678544.0,825497862.0,0.01309125134960071,-0.08999999999999986,-2.4523160762942697,3.814713896457769
2023-12-11,3.57,3.62,3.52,3.61,11396601.0,42349318.0,825497862.0,0.01380573048655576,0.029999999999999805,0.8379888268156277,2.793296089385477
2023-12-12,3.61,3.64,3.58,3.64,7140900.0,26844844.0,825497862.0,0.008650416104893558,0.03000000000000025,0.8310249307479367,1.6620498614958463
2023-12-13,3.64,3.68,3.62,3.65,6262327.0,23831897.0,825497862.0,0.0075861214041521045,0.009999999999999787,0.27472527472527375,1.6483516483516498
2023-12-14,3.67,3.69,3.64,3.66,6916405.0,26390024.0,825497862.0,0.008378465067423761,0.010000000000000231,0.273972602739736,1.3698630136986254
2023-12-15,3.67,3.68,3.64,3.65,5156800.0,19622168.0,825497862.0,0.006246896857499069,-0.010000000000000231,-0.2732240437158584,1.0928961748633887
2023-12-18,3.65,3.66,3.61,3.62,7357300.0,27820891.0,825497862.0,0.00891256093889193,-0.029999999999999805,-0.8219178082191747,1.3698630136986376
2023-12-19,3.6,3.63,3.57,3.6,6784700.0,25356798.0,825497862.0,0.008218918924347257,-0.020000000000000018,-0.5524861878453025,1.657458563535913
2023-12-20,3.6,3.63,3.56,3.56,5194500.0,19399551.0,825497862.0,0.006292566267118933,-0.040000000000000036,-1.1111111111111072,1.94444444444444
2023-12-21,3.57,3.61,3.51,3.61,6249386.0,23134494.0,825497862.0,0.0075704448038897525,0.04999999999999982,1.4044943820224587,2.8089887640449462
2023-12-22,3.61,3.62,3.55,3.58,6943328.0,25885147.0,825497862.0,0.008411079325121256,-0.029999999999999805,-0.8310249307479145,1.9390581717451603
2023-12-25,3.55,3.58,3.51,3.55,6253050.0,22976636.0,825497862.0,0.0075748833374931265,-0.03000000000000025,-0.8379888268156499,1.9553072625698404
2023-12-26,3.54,3.55,3.49,3.52,6150894.0,22498552.0,825497862.0,0.007451132562715226,-0.029999999999999805,-0.8450704225352101,1.6901408450704116
2023-12-27,3.48,3.53,3.47,3.51,8607259.0,31268871.0,825497862.0,0.010426748991386244,-0.010000000000000231,-0.28409090909091717,1.7045454545454433
2023-12-28,3.49,3.59,3.48,3.58,7936000.0,29256333.0,825497862.0,0.00961359243350772,0.07000000000000028,1.9943019943019946,3.1339031339031305
2023-12-29,3.58,3.63,3.57,3.63,9643054.0,36104776.0,825497862.0,0.011681500878314812,0.04999999999999982,1.3966480446927276,1.6759776536312863
2024-01-02,3.63,3.72,3.62,3.68,13896900.0,53044559.0,825497862.0,0.01683456813120129,0.050000000000000266,1.377410468319562,2.754820936639121
2024-01-03,3.68,3.72,3.67,3.7,13095301.0,50328971.0,825497862.0,0.015863518977835948,0.020000000000000018,0.5434782608695565,1.3586956521739202
2024-01-04,3.7,3.71,3.67,3.68,6104400.0,23420457.0,825497862.0,0.007394810187891196,-0.020000000000000018,-0.5405405405405461,1.081081081081082
2024-01-05,3.69,3.72,3.64,3.66,7454910.0,28589988.0,825497862.0,0.009030804733931582,-0.020000000000000018,-0.5434782608695676,2.1739130434782625
2024-01-08,3.65,3.66,3.61,3.62,7965631.0,30161276.0,825497862.0,0.009649487135800723,-0.040000000000000036,-1.0928961748633892,1.3661202185792423
2024-01-09,3.61,3.67,3.59,3.64,6634400.0,25091094.0,825497862.0,0.008036846980955597,0.020000000000000018,0.5524861878453136,2.2099447513812174
2024-01-10,3.64,3.68,3.6,3.63,8318131.0,31554870.0,825497862.0,0.01007650217269733,-0.010000000000000231,-0.27472527472528485,2.1978021978021998
2024-01-11,3.63,3.68,3.62,3.67,8139024.0,30913602.0,825497862.0,0.009859533712517356,0.040000000000000036,1.1019283746556585,1.6528925619834725
2024-01-12,3.68,3.71,3.66,3.67,9525082.0,36521030.0,825497862.0,0.01153859075651973,0.0,0.0,1.362397820163483
2024-01-15,3.67,3.7,3.64,3.69,8720100.0,33350268.0,825497862.0,0.010563443470190356,0.020000000000000018,0.5449591280654031,1.6348773841961868
2024-01-16,3.68,3.72,3.63,3.69,10702500.0,40948656.0,825497862.0,0.012964903354286338,0.0,0.0,2.4390243902439104
2024-01-17,3.68,3.71,3.63,3.63,9057500.0,34596164.0,825497862.0,0.010972166515435505,-0.06000000000000005,-1.6260162601625994,2.168021680216804
2024-01-18,3.61,3.63,3.46,3.57,13647200.0,50066780.0,825497862.0,0.016532084004355664,-0.06000000000000005,-1.6528925619834767,4.683195592286499
2024-01-19,3.56,3.6,3.48,3.48,9483015.0,34761656.0,825497862.0,0.011487631206003051,-0.08999999999999986,-2.5210084033613356,3.361344537815129
2024-01-22,3.47,3.5,3.22,3.26,24462713.0,85478106.0,825497862.0,0.02963389019655632,-0.2200000000000002,-6.321839080459779,8.045977011494248
2024-01-23,3.21,3.24,3.11,3.2,16695700.0,55245665.0,825497862.0,0.020225006954651566,-0.05999999999999961,-1.8404907975460016,3.9877300613497035
2024-01-24,3.2,3.3,3.14,3.28,13002613.0,43620317.0,825497862.0,0.015751237645240564,0.07999999999999963,2.499999999999991,4.99999999999999
2024-01-25,3.28,3.42,3.27,3.42,11287902.0,39349219.0,825497862.0,0.013674053585858954,0.14000000000000012,4.268292682926833,4.5731707317073145
2024-01-26,3.42,3.53,3.42,3.48,19762001.0,71531113.0,825497862.0,0.023939493861463206,0.06000000000000005,1.7543859649122862,3.2163742690058443
2024-01-29,3.51,3.52,3.39,3.4,12976049.0,46440753.0,825497862.0,0.015719058276616106,-0.08000000000000007,-2.298850574712641,3.735632183908043
2024-01-30,3.37,3.43,3.29,3.3,10491401.0,36663604.0,825497862.0,0.012709180099608787,-0.10000000000000009,-2.941176470588236,4.117647058823533
2024-01-31,3.28,3.31,3.15,3.15,12530512.0,41952994.0,825497862.0,0.015179339131952834,-0.1499999999999999,-4.545454545454541,4.848484848484853
2024-02-01,3.13,3.19,2.98,3.07,15745600.0,50289632.0,825497862.0,0.019074065148820457,-0.08000000000000007,-2.5396825396825418,6.666666666666665
2024-02-02,3.09,3.12,2.81,2.9,19148607.0,58814369.0,825497862.0,0.023196434396095384,-0.16999999999999993,-5.537459283387625,10.097719869706841
2024-02-05,2.88,2.89,2.62,2.65,30466267.0,86254962.0,825497862.0,0.03690653653079964,-0.25,-8.62068965517241,9.310344827586208
2024-02-06,2.62,2.74,2.48,2.65,23794246.0,63978943.0,825497862.0,0.02882411584004805,0.0,0.0,9.81132075471699
2024-02-07,2.67,2.7,2.52,2.57,28066981.0,75483115.0,825497862.0,0.034000065041961305,-0.08000000000000007,-3.018867924528301,6.792452830188686
2024-02-08,2.62,2.83,2.58,2.82,31620682.0,89044839.0,825497862.0,0.03830498352035708,0.25,9.727626459143979,9.72762645914397
2024-02-19,2.84,2.95,2.84,2.94,19915902.0,60144143.0,825497862.0,0.024125928020877176,0.1200000000000001,4.255319148936176,3.900709219858168
2024-02-20,2.94,2.95,2.88,2.93,11863300.0,35970122.0,825497862.0,0.014371085070114937,-0.009999999999999787,-0.340136054421758,2.3809523809523907
2024-02-21,2.9,3.03,2.88,2.96,12970287.0,40166023.0,825497862.0,0.015712078246424337,0.029999999999999805,1.0238907849829282,5.119453924914672
2024-02-22,2.94,3.0,2.93,2.99,8870400.0,27362283.0,825497862.0,0.010745515413582016,0.03000000000000025,1.013513513513531,2.3648648648648596
2024-02-23,2.99,3.08,2.98,3.07,12126742.0,38137357.0,825497862.0,0.014690216120753562,0.07999999999999963,2.6755852842809347,3.3444816053511732
2024-02-26,3.06,3.13,3.04,3.1,11944400.0,38399721.0,825497862.0,0.014469328813355546,0.03000000000000025,0.9771986970684043,2.9315960912052073
2024-02-27,3.08,3.15,3.05,3.14,7825260.0,25429860.0,825497862.0,0.009479443085462528,0.040000000000000036,1.2903225806451646,3.2258064516129057
2024-02-28,3.15,3.21,3.01,3.01,18742601.0,60298607.0,825497862.0,0.022704602716463487,-0.13000000000000034,-4.140127388535042,6.369426751592362
2024-02-29,2.97,3.1,2.95,3.07,13376082.0,42224849.0,825497862.0,0.016203654322729185,0.06000000000000005,1.9933554817275656,4.983388704318934
2024-03-01,3.1,3.13,3.06,3.1,9026800.0,28966703.0,825497862.0,0.010934976837044794,0.03000000000000025,0.9771986970684043,2.280130293159604
2024-03-04,3.08,3.1,3.01,3.05,8253161.0,26159448.0,825497862.0,0.009997798152989039,-0.050000000000000266,-1.6129032258064613,2.9032258064516223
2024-03-05,3.03,3.05,3.0,3.01,8215400.0,25819919.0,825497862.0,0.009952054848568464,-0.040000000000000036,-1.3114754098360715,1.6393442622950762
2024-03-06,3.01,3.07,2.99,3.03,7286539.0,22940407.0,825497862.0,0.008826841758676778,0.020000000000000018,0.6644518272425293,2.6578073089700878
2024-03-07,3.02,3.12,3.02,3.07,9061000.0,28982862.0,825497862.0,0.010976406381050081,0.040000000000000036,1.320132013201314,3.3003300330033034
2024-03-08,3.15,3.25,3.1,3.13,14881732.0,48857412.0,825497862.0,0.018027583940611103,0.06000000000000005,1.9543973941368087,4.885993485342017
2024-03-11,3.09,3.14,3.09,3.13,10923503.0,35308745.0,825497862.0,0.013232624217262963,0.0,0.0,1.5974440894568775
2024-03-12,3.12,3.15,3.1,3.15,7962202.0,25912340.0,825497862.0,0.009645333278888613,0.020000000000000018,0.6389776357827559,1.5974440894568633
2024-03-13,3.13,3.18,3.13,3.16,7283061.0,23915044.0,825497862.0,0.008822628543646065,0.010000000000000231,0.31746031746031633,1.5873015873015959
2024-03-14,3.15,3.19,3.11,3.15,7852452.0,25768743.0,825497862.0,0.009512383207117258,-0.010000000000000231,-0.31645569620254443,2.531645569620255
2024-03-15,3.14,3.22,3.13,3.22,9035337.0,29901214.0,825497862.0,0.010945318474973834,0.07000000000000028,2.2222222222222365,2.857142857142867
2024-03-18,3.26,3.27,3.21,3.26,8920539.0,30062486.0,825497862.0,0.010806253305596083,0.03999999999999959,1.2422360248447006,1.8633540372670823
2024-03-19,3.26,3.31,3.23,3.25,15535406.0,52778596.0,825497862.0,0.01881943820225182,-0.009999999999999787,-0.30674846625766694,2.4539877300613524
2024-03-20,3.22,3.28,3.21,3.28,8948392.0,30346630.0,825497862.0,0.010839994156156881,0.029999999999999805,0.9230769230769154,2.153846153846149
2024-03-21,3.28,3.33,3.25,3.3,11509938.0,39360049.0,825497862.0,0.013943025814886968,0.020000000000000018,0.6097560975609762,2.4390243902439046
2024-03-22,3.3,3.3,3.21,3.24,8573007.0,28968469.0,825497862.0,0.010385256455091824,-0.05999999999999961,-1.8181818181818077,2.727272727272723
2024-03-25,3.23,3.28,3.21,3.22,8826302.0,29781913.0,825497862.0,0.010692095529618707,-0.020000000000000018,-0.6172839506172867,2.1604938271604888
2024-03-26,3.22,3.24,3.16,3.22,7772518.0,25935275.0,825497862.0,0.00941555194482139,0.0,0.0,2.484472049689443
2024-03-27,3.25,3.25,3.17,3.17,8508400.0,28466505.0,825497862.0,0.010306992170017274,-0.050000000000000266,-1.552795031055909,2.484472049689443
2024-03-28,3.17,3.24,3.16,3.19,8236800.0,27397238.0,825497862.0,0.009977978598326158,0.020000000000000018,0.6309148264984188,2.5236593059936934
2024-03-29,3.21,3.28,3.2,3.28,9039400.0,30451539.0,825497862.0,0.010950240353257269,0.08999999999999986,2.8213166144200663,2.5078369905956
2024-04-01,3.28,3.31,3.25,3.28,15573920.0,52910578.0,825497862.0,0.018866093683474614,0.0,0.0,1.8292682926829285
2024-04-02,3.31,3.36,3.3,3.35,14996737.0,52020238.0,825497862.0,0.0181668998677552,0.07000000000000028,2.1341463414634276,1.8292682926829285
2024-04-03,3.33,3.4,3.31,3.39,13114125.0,45937707.0,825497862.0,0.015886322186501316,0.040000000000000036,1.1940298507462588,2.6865671641791002
2024-04-08,3.38,3.41,3.34,3.34,12391250.0,43481761.0,825497862.0,0.015010638513319371,-0.050000000000000266,-1.4749262536873253,2.06489675516225
2024-04-09,3.31,3.4,3.31,3.4,12908100.0,45327564.0,825497862.0,0.015636745525574723,0.06000000000000005,1.7964071856287456,2.6946107784431095
2024-04-10,3.4,3.41,3.3,3.33,11250700.0,39181152.0,825497862.0,0.013628987448546535,-0.06999999999999984,-2.0588235294117574,3.235294117647068
2024-04-11,3.33,3.38,3.28,3.35,9481400.0,32960288.0,825497862.0,0.011485674810869468,0.020000000000000018,0.6006006006006093,3.003003003003006
2024-04-12,3.34,3.36,3.29,3.32,8360305.0,28848211.0,825497862.0,0.010127591341962797,-0.03000000000000025,-0.8955223880597107,2.0895522388059655
2024-04-15,3.33,3.34,3.13,3.18,16403745.0,54840742.0,825497862.0,0.01987133553593625,-0.13999999999999968,-4.216867469879504,6.325301204819277
2024-04-16,3.17,3.17,2.95,2.97,16854017.0,53076853.0,825497862.0,0.020416790613080958,-0.20999999999999996,-6.6037735849056585,6.918238993710683
2024-04-17,3.0,3.21,3.0,3.19,16726199.0,54437741.0,825497862.0,0.020261953143616986,0.21999999999999975,7.407407407407396,7.070707070707069
2024-04-18,3.26,3.41,3.15,3.31,22930890.0,78403535.0,825497862.0,0.0277782548636086,0.1200000000000001,3.7617554858934144,8.150470219435745
2024-04-19,3.3,3.38,3.26,3.33,14209605.0,49205578.0,825497862.0,0.017213375896060163,0.020000000000000018,0.6042296072507503,3.625377643504535
2024-04-22,3.33,3.41,3.26,3.32,14679404.0,51000012.0,825497862.0,0.01778248578916368,-0.010000000000000231,-0.30030030030030463,4.504504504504515
2024-04-23,3.3,3.34,3.24,3.29,10447167.0,35763197.0,825497862.0,0.012655595466581597,-0.029999999999999805,-0.9036144578313143,3.012048192771074
2024-04-24,3.3,3.36,3.28,3.35,9162548.0,31612861.0,825497862.0,0.011099420630601221,0.06000000000000005,1.823708206686936,2.4316109422492422
2024-04-25,3.38,3.62,3.37,3.47,43543432.0,159503053.0,825497862.0,0.05274808573641103,0.1200000000000001,3.5820895522387985,7.462686567164178
2024-04-26,3.47,3.59,3.43,3.56,30782845.0,113266352.0,825497862.0,0.03729003600980859,0.08999999999999986,2.5936599423631135,4.610951008645524
2024-04-29,3.53,3.64,3.53,3.63,27618951.0,103619305.0,825497862.0,0.033457325901590285,0.06999999999999984,1.96629213483146,3.0898876404494473
2024-04-30,3.63,3.69,3.59,3.6,20010173.0,75637392.0,825497862.0,0.024240126984120522,-0.029999999999999805,-0.8264462809917328,2.754820936639121
2024-05-06,3.63,3.72,3.61,3.72,20663946.0,79103791.0,825497862.0,0.025032101173388624,0.1200000000000001,3.3333333333333437,3.0555555555555647
2024-05-07,3.71,3.75,3.68,3.71,12332528.0,47578865.0,825497862.0,0.014939503259428187,-0.010000000000000231,-0.26881720430108613,1.8817204301075225
2024-05-08,3.72,4.09,3.72,4.09,94906570.0,392464597.0,825497862.0,0.11496888649724935,0.3799999999999999,10.242587601078167,9.973045822102417
2024-05-09,4.1,4.5,4.04,4.36,137225262.0,629456972.0,825497862.0,0.16623333423000433,0.27000000000000046,6.601466992665039,11.246943765281173
2024-05-10,4.27,4.6,4.21,4.32,89376940.0,407466830.0,825497862.0,0.10827034704058386,-0.040000000000000036,-0.9174311926605561,8.94495412844036
2024-05-13,4.23,4.56,4.19,4.37,65028391.0,296266508.0,825497862.0,0.07877475399203396,0.04999999999999982,1.157407407407396,8.564814814814795
2024-05-14,4.37,4.8,4.37,4.59,85497251.0,409580552.0,825497862.0,0.10357052990162681,0.21999999999999975,5.034324942791746,9.839816933638437
2024-05-15,4.57,4.69,4.4,4.59,66999717.0,315955026.0,825497862.0,0.08116279894132543,0.0,0.0,6.318082788671026
2024-05-16,4.52,4.63,4.38,4.44,45690687.0,211879584.0,825497862.0,0.05534924934790443,-0.14999999999999947,-3.2679738562091387,5.446623093681917
2024-05-17,4.4,4.46,4.34,4.43,32840805.0,149542661.0,825497862.0,0.03978302853557239,-0.010000000000000675,-0.22522522522524513,2.702702702702705
2024-05-20,4.48,4.79,4.41,4.72,56686137.0,273458646.0,825497862.0,0.0686690294541308,0.29000000000000004,6.5462753950338515,8.57787810383747
2024-05-21,4.64,4.83,4.5,4.54,36747900.0,176479296.0,825497862.0,0.04451604503368175,-0.17999999999999972,-3.813559322033888,6.991525423728816
2024-05-22,4.53,4.63,4.45,4.48,27394000.0,129694594.0,825497862.0,0.033184822470200416,-0.05999999999999961,-1.3215859030836885,3.9647577092510953
2024-05-23,4.42,4.47,4.33,4.37,24778970.0,112951112.0,825497862.0,0.0300170008193189,-0.11000000000000032,-2.455357142857151,3.124999999999993
2024-05-24,4.44,4.8,4.42,4.8,68654344.0,335841532.0,825497862.0,0.0831671978333967,0.4299999999999997,9.839816933638446,8.695652173913041
2024-05-27,5.01,5.16,4.65,4.79,71216309.0,356461436.0,825497862.0,0.08627073706461034,-0.009999999999999787,-0.2083333333333326,10.624999999999996
2024-05-28,4.81,4.88,4.63,4.67,39348258.0,193598358.0,825497862.0,0.04766609316790696,-0.1200000000000001,-2.5052192066805867,5.219206680584551
2024-05-29,4.62,4.76,4.58,4.66,34250442.0,166000487.0,825497862.0,0.041490648948525076,-0.009999999999999787,-0.21413276231262435,3.8543897216274026
2024-05-30,4.8,4.84,4.42,4.46,37173502.0,176984329.0,825497862.0,0.045031615115194566,-0.20000000000000018,-4.29184549356224,9.012875536480685
2024-05-31,4.4,4.42,4.33,4.35,30488631.0,138506194.0,825497862.0,0.036933628060686605,-0.11000000000000032,-2.4663677130044914,2.0179372197309386
2024-06-03,4.35,4.35,4.04,4.13,68158955.0,293235966.0,825497862.0,0.08256708846569974,-0.21999999999999975,-5.057471264367807,7.126436781609187
2024-06-04,4.19,4.22,3.99,4.12,40859250.0,173450059.0,825497862.0,0.049496494032106896,-0.009999999999999787,-0.2421307506053183,5.569007263922507
2024-06-05,4.11,4.13,3.98,4.0,22287282.0,93384312.0,825497862.0,0.026998594455475405,-0.1200000000000001,-2.9126213592232997,3.6407766990291237
2024-06-06,4.03,4.05,3.77,3.87,39907451.0,160657128.0,825497862.0,0.04834349407436745,-0.1299999999999999,-3.2499999999999973,6.999999999999995
2024-06-07,3.88,3.94,3.84,3.89,21543500.0,87231066.0,825497862.0,0.026097584247892335,0.020000000000000018,0.5167958656330685,2.583979328165377
2024-06-11,3.89,3.9,3.8,3.88,17693000.0,70966962.0,825497862.0,0.021433126376770677,-0.010000000000000231,-0.25706940874036244,2.5706940874036013
2024-06-12,3.88,4.04,3.86,4.0,21085950.0,87307667.0,825497862.0,0.02554331267304966,0.1200000000000001,3.0927835051546504,4.639175257731963
2024-06-13,4.02,4.04,3.87,3.9,18231964.0,74367884.0,825504850.0,0.022085835110478153,-0.10000000000000009,-2.500000000000002,4.249999999999998
2024-06-14,3.88,3.94,3.85,3.9,12356894.0,50210796.0,825504850.0,0.01496889327785294,0.0,0.0,2.307692307692304
2024-06-17,3.91,3.91,3.68,3.71,30127709.0,117801229.0,825504850.0,0.036496101749129636,-0.18999999999999995,-4.871794871794865,5.897435897435897
2024-06-18,3.72,3.73,3.65,3.67,22365540.0,85607921.0,825504850.0,0.027093166078915223,-0.040000000000000036,-1.0781671159029615,2.156334231805932
2024-06-19,3.68,3.73,3.59,3.62,19859594.0,75264274.0,825504850.0,0.02405751341133853,-0.04999999999999982,-1.3623978201634857,3.814713896457769
2024-06-20,3.63,3.63,3.48,3.55,21135480.0,76513643.0,825504850.0,0.025603096093257355,-0.07000000000000028,-1.9337016574585753,4.143646408839777
2024-06-21,3.55,3.64,3.48,3.59,16651929.0,61020726.0,825504850.0,0.020171812436959032,0.040000000000000036,1.1267605633802802,4.507042253521131
2024-06-24,3.63,3.87,3.61,3.74,50278847.0,193511861.0,825504850.0,0.06090678570816392,0.15000000000000036,4.178272980501396,7.242339832869088
2024-06-25,3.7,4.11,3.7,4.11,54038902.0,218112612.0,825504850.0,0.06546164083711925,0.3700000000000001,9.89304812834224,10.96256684491979
2024-06-26,4.09,4.23,4.05,4.1,71866030.0,302034922.0,825504850.0,0.08705706574588871,-0.010000000000000675,-0.24330900243311193,4.379562043795635
2024-06-27,4.1,4.21,4.03,4.04,42628000.0,179931132.0,825504850.0,0.051638703273518015,-0.05999999999999961,-1.4634146341463317,4.390243902439018
2024-06-28,4.02,4.08,3.97,4.01,29672384.0,121843413.0,825504850.0,0.03594453018658824,-0.03000000000000025,-0.7425742574257432,2.72277227722772
2024-07-01,4.03,4.06,3.96,4.05,22348084.0,91441573.0,825504850.0,0.027072020231013787,0.040000000000000036,0.9975062344139696,2.493765586034904
2024-07-02,4.04,4.05,3.92,3.95,23258687.0,94049067.0,825504850.0,0.028175106421240288,-0.09999999999999964,-2.4691358024691246,3.209876543209874
2024-07-03,3.97,3.97,3.78,3.81,21886000.0,86055306.0,825504850.0,0.02651226095158617,-0.14000000000000012,-3.544303797468362,4.810126582278491
2024-07-04,3.82,3.84,3.65,3.68,22275100.0,84905298.0,825504850.0,0.026983608878857587,-0.1299999999999999,-3.4120734908136496,4.986876640419946
2024-07-05,3.67,3.77,3.63,3.68,19854650.0,74731265.0,825504850.0,0.024051524349008972,0.0,0.0,3.8043478260869596
2024-07-08,3.7,3.73,3.52,3.54,22417400.0,82128605.0,825504850.0,0.027155988241619657,-0.14000000000000012,-3.8043478260869623,5.706521739130434
2024-07-09,3.54,3.54,3.35,3.52,27836300.0,98333737.0,825504850.0,0.03372033489567021,-0.020000000000000018,-0.5649717514124353,5.367231638418078
2024-07-10,3.51,3.56,3.42,3.46,19245663.0,68420133.0,825504850.0,0.0233138097250428,-0.06000000000000005,-1.7045454545454586,3.9772727272727306
2024-07-11,3.53,3.61,3.48,3.6,20295301.0,73788486.0,825504850.0,0.024585320122589224,0.14000000000000012,4.046242774566489,3.7572254335260085
2024-07-12,3.6,3.73,3.5,3.56,30484445.0,111859118.0,825504850.0,0.03692824457663695,-0.040000000000000036,-1.1111111111111072,6.388888888888888
2024-07-15,3.57,3.57,3.46,3.52,16464100.0,58922523.0,825504850.0,0.019944280157772543,-0.040000000000000036,-1.1235955056179803,3.089887640449435
2024-07-16,3.49,3.55,3.44,3.45,12885000.0,45667417.0,825504850.0,0.015608630282426567,-0.06999999999999984,-1.9886363636363535,3.1249999999999964
2024-07-17,3.45,3.45,3.38,3.38,13390101.0,46545213.0,825504850.0,0.016220499491916975,-0.07000000000000028,-2.0289855072463836,2.028985507246385
2024-07-18,3.38,3.39,3.28,3.37,14636438.0,49734552.0,825504850.0,0.017730287108549393,-0.009999999999999787,-0.2958579881656709,3.2544378698224947
2024-07-19,3.36,3.41,3.3,3.36,10074100.0,34501308.0,825504850.0,0.012203562462413152,-0.010000000000000231,-0.29673590504452063,3.2640949554896235
2024-07-22,3.37,3.44,3.29,3.42,15655900.0,53869557.0,825504850.0,0.01896524290559892,0.06000000000000005,1.7857142857142794,4.464285714285712
2024-07-23,3.46,3.55,3.39,3.43,32447533.0,115356172.0,825504850.0,0.03930628996304504,0.010000000000000231,0.29239766081872176,4.678362573099407
2024-07-24,3.38,3.41,3.3,3.31,18940000.0,64687767.0,825504850.0,0.022943535704242075,-0.1200000000000001,-3.498542274052485,3.206997084548114
2024-07-25,3.28,3.38,3.28,3.33,12279400.0,41740559.0,825504850.0,0.014875018602252913,0.020000000000000018,0.6042296072507503,3.021148036253779
2024-07-26,3.34,3.41,3.33,3.4,12051400.0,41566208.0,825504850.0,0.014598823980258867,0.06999999999999984,2.102102102102088,2.4024024024024047
2024-07-29,3.38,3.4,3.27,3.29,22758700.0,76763646.0,825504850.0,0.027569432208666006,-0.10999999999999988,-3.2352941176470584,3.8235294117647025
2024-07-30,3.29,3.35,3.26,3.33,13917801.0,47072728.0,825504850.0,0.016859744676242665,0.040000000000000036,1.2158054711246313,2.7355623100304043
2024-07-31,3.33,3.46,3.3,3.45,24058500.0,83578104.0,825504850.0,0.029143983830016262,0.1200000000000001,3.603603603603611,4.804804804804809
2024-08-01,3.44,3.49,3.42,3.44,16575400.0,58372161.0,825504850.0,0.020079106742982793,-0.010000000000000231,-0.28985507246377384,2.028985507246385
2024-08-02,3.42,3.49,3.39,3.42,16254500.0,57130447.0,825504850.0,0.019690374926325388,-0.020000000000000018,-0.5813953488372103,2.9069767441860495
2024-08-05,3.4,3.46,3.34,3.34,14389002.0,49992340.0,825504850.0,0.017430548106410277,-0.08000000000000007,-2.3391812865497075,3.5087719298245648
2024-08-06,3.37,3.4,3.33,3.38,9755400.0,33509715.0,825504850.0,0.011817495681582003,0.040000000000000036,1.1976047904191711,2.0958083832335284
2024-08-07,3.37,3.39,3.35,3.36,7273600.0,24997420.0,825504850.0,0.008811092993578415,-0.020000000000000018,-0.591715976331364,1.1834319526627228
2024-08-08,3.37,3.5,3.33,3.44,18134300.0,63337067.0,825504850.0,0.02196752690187102,0.08000000000000007,2.3809523809523725,5.0595238095238075
2024-08-09,3.46,3.48,3.42,3.43,11731370.0,41322281.0,825504850.0,0.014211146064132754,-0.009999999999999787,-0.29069767441859407,1.7441860465116297
2024-08-12,3.43,3.46,3.36,3.38,11278470.0,39212552.0,825504850.0,0.01366251209789985,-0.050000000000000266,-1.4577259475218707,2.9154518950437343
2024-08-13,3.37,3.42,3.35,3.42,7710600.0,26681191.0,825504850.0,0.009340466019066998,0.040000000000000036,1.183431952662728,2.071005917159759
2024-08-14,3.43,3.44,3.35,3.36,8104302.0,28030294.0,825504850.0,0.009817388716734977,-0.06000000000000005,-1.7543859649122862,2.6315789473684172
2024-08-15,3.36,3.41,3.34,3.36,10223900.0,35165306.0,825504850.0,0.012385027174582923,0.0,0.0,2.083333333333342
2024-08-16,3.35,3.37,3.28,3.29,13719753.0,46446716.0,825504850.0,0.016619833305643206,-0.06999999999999984,-2.083333333333326,2.6785714285714377
2024-08-19,3.25,3.27,3.18,3.21,17283303.0,56795494.0,825504850.0,0.020936646223217222,-0.08000000000000007,-2.4316109422492405,2.7355623100303905
2024-08-20,3.2,3.22,3.13,3.15,12265600.0,39658582.0,825504850.0,0.014858301559342747,-0.06000000000000005,-1.869158878504673,2.8037383177570185
2024-08-21,3.13,3.15,3.1,3.14,9574245.0,30566320.0,825504850.0,0.011598048151988448,-0.009999999999999787,-0.31746031746030523,1.5873015873015817
2024-08-22,3.15,3.17,3.11,3.12,10198700.0,32726866.0,825504850.0,0.012354500400573055,-0.020000000000000018,-0.6369426751592355,1.9108280254777086
2024-08-23,3.12,3.14,3.03,3.06,14300700.0,44901964.0,825504850.0,0.017323580836623796,-0.06000000000000005,-1.9230769230769273,3.525641025641036
2024-08-26,3.07,3.12,3.05,3.11,15020300.0,47440483.0,825504850.0,0.018195289827794472,0.04999999999999982,1.6339869281045694,2.2875816993464144
2024-08-27,3.11,3.11,3.04,3.06,7129800.0,22306978.0,825504850.0,0.008636896560934802,-0.04999999999999982,-1.6077170418006381,2.250803858520895
2024-08-28,3.03,3.11,3.02,3.07,9364600.0,29314376.0,825504850.0,0.011344088408444844,0.009999999999999787,0.32679738562091387,2.9411764705882306
2024-08-29,3.07,3.11,3.04,3.09,12636939.0,39790569.0,825504850.0,0.01530813416783681,0.020000000000000018,0.6514657980456029,2.280130293159604
2024-08-30,3.09,3.18,3.04,3.13,16208800.0,51531513.0,825504850.0,0.019635014863934475,0.040000000000000036,1.2944983818770295,4.530744336569584
2024-09-02,3.12,3.16,3.09,3.09,11620200.0,37040681.0,825504850.0,0.014076476958312238,-0.040000000000000036,-1.2779552715655007,2.2364217252396257
2024-09-03,3.11,3.12,3.06,3.07,9145000.0,28833309.0,825504850.0,0.011078069377787422,-0.020000000000000018,-0.6472491909385147,1.9417475728155358
2024-09-04,3.06,3.07,3.01,3.02,11716400.0,36358924.0,825504850.0,0.014193011706714987,-0.04999999999999982,-1.6286644951139961,1.9543973941368098
2024-09-05,3.03,3.12,3.02,3.12,14648000.0,46255104.0,825504850.0,0.017744293083196302,0.10000000000000009,3.31125827814569,3.3112582781456985
2024-09-06,3.13,3.37,3.12,3.25,45081101.0,149281089.0,825504850.0,0.05461034056916807,0.1299999999999999,4.166666666666674,8.012820512820513
2024-09-09,3.16,3.29,3.11,3.24,26991293.0,88132369.0,825504850.0,0.03269671038274336,-0.009999999999999787,-0.3076923076922977,5.538461538461544
2024-09-10,3.23,3.37,3.09,3.16,25979000.0,84164922.0,825504850.0,0.03147043896834767,-0.08000000000000007,-2.4691358024691357,8.641975308641982
2024-09-11,3.12,3.19,3.06,3.09,16121900.0,51260515.0,825504850.0,0.01952974594879727,-0.07000000000000028,-2.2151898734177333,4.113924050632908
2024-09-12,3.08,3.11,3.05,3.06,10851900.0,34103573.0,825504850.0,0.013145773764987571,-0.029999999999999805,-0.9708737864077555,1.9417475728155358
2024-09-13,3.06,3.12,3.04,3.06,12952075.0,40780793.0,825504850.0,0.01568988359062942,0.0,0.0,2.6143790849673225
2024-09-18,3.07,3.18,3.05,3.16,19867819.0,63390214.0,825504850.0,0.02406747701118897,0.10000000000000009,3.267973856209161,4.248366013071907
2024-09-19,3.17,3.24,3.12,3.2,14225755.0,46273744.0,825504850.0,0.01723279396844246,0.040000000000000036,1.2658227848101333,3.7974683544303827
2024-09-20,3.2,3.2,3.1,3.13,11003600.0,35181467.0,825504850.0,0.013329540099007293,-0.07000000000000028,-2.187500000000009,3.1250000000000027
2024-09-23,3.13,3.15,3.11,3.11,9575200.0,30556713.0,825504850.0,0.011599205019813028,-0.020000000000000018,-0.6389776357827448,1.2779552715654963
2024-09-24,3.11,3.29,3.11,3.27,23527146.0,77261728.0,825504850.0,0.028500312263459143,0.16000000000000014,5.144694533762073,5.78778135048232
2024-09-25,3.32,3.42,3.3,3.33,26175000.0,89752638.0,825504850.0,0.031707869432868865,0.06000000000000005,1.8348623853211121,3.6697247706422047
2024-09-26,3.31,3.56,3.28,3.54,26210510.0,92014667.0,825504850.0,0.03175088553386452,0.20999999999999996,6.3063063063063085,8.408408408408416
2024-09-27,3.63,3.75,3.57,3.65,32619400.0,121149476.0,825504850.0,0.0395144861959321,0.10999999999999988,3.1073446327683607,5.084745762711869
2024-09-30,3.89,3.97,3.68,3.95,49182751.0,193517633.0,825505555.0,0.059578946140465404,0.30000000000000027,8.219178082191792,7.9452054794520555
2024-10-08,4.34,4.34,3.96,4.19,59072876.0,251760256.0,825505555.0,0.07155963475012594,0.2400000000000002,6.075949367088618,9.62025316455696
2024-10-09,4.11,4.11,3.8,3.81,37197005.0,150226133.0,825505555.0,0.045059666497338106,-0.38000000000000034,-9.069212410501205,7.39856801909309
2024-10-10,3.82,4.0,3.75,3.89,27347989.0,108477646.0,825505555.0,0.03312877646232193,0.08000000000000007,2.09973753280841,6.561679790026247
2024-10-11,3.89,3.93,3.72,3.76,18933945.0,73731492.0,825505555.0,0.022936181210797546,-0.13000000000000034,-3.3419023136246895,5.3984575835475574
2024-10-14,3.76,3.87,3.76,3.82,15360807.0,59863581.0,825505555.0,0.018607757279113644,0.06000000000000005,1.5957446808510634,2.9255319148936256
2024-10-15,3.82,3.82,3.65,3.66,25933900.0,98494809.0,825505555.0,0.03141577890411652,-0.1599999999999997,-4.188481675392664,4.450261780104711
2024-10-16,3.61,3.72,3.59,3.64,24123145.0,90227427.0,825505555.0,0.029222268528526135,-0.020000000000000018,-0.5464480874316946,3.5519125683060198
2024-10-17,3.65,3.7,3.49,3.51,32418500.0,118217458.0,825505555.0,0.03927108643139294,-0.13000000000000034,-3.571428571428581,5.769230769230768
2024-10-18,3.51,3.6,3.44,3.54,31095724.0,111212840.0,825505555.0,0.037668703513448795,0.03000000000000025,0.8547008547008517,4.558404558404563
2024-10-21,3.57,3.59,3.48,3.54,27398600.0,98745459.0,825505555.0,0.033190085559145634,0.0,0.0,3.107344632768358
2024-10-22,3.54,3.69,3.53,3.69,30104202.0,111362140.0,825505555.0,0.03646759469716712,0.1499999999999999,4.237288135593209,4.51977401129944
2024-10-23,3.69,3.8,3.64,3.74,33579386.0,127525109.0,825505555.0,0.040677359221404634,0.050000000000000266,1.3550135501354976,4.336043360433596
2024-10-24,3.73,3.73,3.63,3.68,17038700.0,63753860.0,825505555.0,0.020640321433088357,-0.06000000000000005,-1.6042780748663166,2.6737967914438525
2024-10-25,3.68,3.79,3.68,3.79,19891112.0,76157607.0,825505555.0,0.02409567310543416,0.10999999999999988,2.989130434782594,2.9891304347826053
2024-10-28,3.79,3.88,3.77,3.88,22560963.0,88177230.0,825505555.0,0.027329874236885057,0.08999999999999986,2.37467018469657,2.9023746701846935
2024-10-29,3.83,4.14,3.72,3.99,72341558.0,291643116.0,825505555.0,0.08763303597635996,0.11000000000000032,2.8350515463917647,10.824742268041224
2024-10-30,3.95,3.96,3.78,3.84,38301360.0,150728947.0,825505555.0,0.046397458827518126,-0.15000000000000036,-3.759398496240607,4.5112781954887256
2024-10-31,3.84,3.91,3.82,3.86,23294974.0,91937833.0,825505555.0,0.028219039664730057,0.020000000000000018,0.5208333333333259,2.343750000000008
2024-11-01,3.82,3.99,3.8,3.86,27500371.0,109128371.0,825505555.0,0.033313368799801714,0.0,0.0,4.922279792746124
2024-11-04,3.82,3.86,3.68,3.74,29883434.0,114367166.0,825505555.0,0.03620016100315642,-0.11999999999999966,-3.1088082901554293,4.663212435233153
2024-11-05,3.75,3.92,3.74,3.91,28182140.0,110735165.0,825505555.0,0.034139249371859165,0.16999999999999993,4.545454545454541,4.812834224598923
2024-11-06,3.94,4.3,3.9,4.3,70994927.0,300996659.0,825505555.0,0.0860017556150788,0.3899999999999997,9.97442455242965,10.230179028132989
2024-11-07,4.34,4.45,4.17,4.3,72712394.0,321107522.0,825505555.0,0.08808225887710713,0.0,0.0,6.5116279069767495
2024-11-08,4.3,4.36,4.18,4.2,46216865.0,199636541.0,825505555.0,0.055986134460355025,-0.09999999999999964,-2.3255813953488302,4.1860465116279215
2024-11-11,4.18,4.33,4.13,4.31,33767466.0,146022711.0,825505555.0,0.04090519536237403,0.10999999999999943,2.6190476190476097,4.761904761904765
2024-11-12,4.33,4.45,4.2,4.24,33349934.0,147627456.0,825505555.0,0.040399405913143734,-0.0699999999999994,-1.6241299303944134,5.80046403712297
2024-11-13,4.22,4.25,4.02,4.1,36464900.0,152783772.0,825505555.0,0.04417280995765074,-0.14000000000000057,-3.301886792452846,5.424528301886802
2024-11-14,4.1,4.1,3.98,3.99,20160450.0,83117331.0,825505555.0,0.024421943471961253,-0.10999999999999943,-2.682926829268284,2.9268292682926753
2024-11-15,4.0,4.19,3.98,4.06,28398760.0,118968520.0,825505555.0,0.03440165826624873,0.0699999999999994,1.754385964912264,5.263157894736852
2024-11-18,4.06,4.15,3.96,4.0,23208200.0,95454371.0,825505555.0,0.02811392347323453,-0.05999999999999961,-1.477832512315258,4.679802955665035
2024-11-19,3.97,4.02,3.89,4.02,19717200.0,79437331.0,825505555.0,0.02388499978052843,0.019999999999999574,0.49999999999998934,3.2499999999999862
2024-11-20,4.01,4.12,3.97,4.11,18055855.0,74946422.0,825505555.0,0.021872481524367212,0.09000000000000075,2.2388059701492713,3.731343283582088
2024-11-21,4.13,4.24,4.1,4.15,22297726.0,94821947.0,825505555.0,0.027010994492944387,0.040000000000000036,0.9732360097323589,3.4063260340632744
2024-11-22,4.15,4.26,4.02,4.05,24736400.0,104874303.0,825505555.0,0.029965152687555202,-0.10000000000000053,-2.4096385542168752,5.783132530120486
2024-11-25,4.03,4.06,3.95,4.05,18338100.0,75008835.0,825505555.0,0.022214387158182115,0.0,0.0,2.7160493827160357
2024-11-26,4.03,4.08,4.0,4.03,16708321.0,68805928.0,825505555.0,0.020240107287951562,-0.019999999999999574,-0.49382716049382047,1.9753086419753103
2024-11-27,4.01,4.05,3.86,4.05,18485500.0,74777510.0,825505555.0,0.022392944406049452,0.019999999999999574,0.4962779156327368,4.714640198511165
2024-11-28,4.04,4.2,4.02,4.1,23347637.0,98386984.0,825505555.0,0.02828283451102882,0.04999999999999982,1.2345679012345734,4.44444444444446
2024-11-29,4.11,4.3,4.08,4.26,27309599.0,117442147.0,825505555.0,0.033082271626869914,0.16000000000000014,3.9024390243902474,5.3658536585365795
2024-12-02,4.26,4.69,4.26,4.69,40042947.0,187322932.0,825505555.0,0.04850718054828838,0.4300000000000006,10.093896713615047,10.093896713615038
2024-12-03,4.7,4.76,4.54,4.59,59057661.0,278659671.0,825505555.0,0.07154120362036813,-0.10000000000000053,-2.1321961620469176,4.690831556503192
2024-12-04,4.59,4.61,4.34,4.38,36013484.0,163504646.0,825505555.0,0.043625974146230914,-0.20999999999999996,-4.575163398692805,5.882352941176481
2024-12-05,4.38,4.51,4.33,4.44,26129284.0,118234261.0,825505555.0,0.031652462956472775,0.0600000000000005,1.3698630136986356,4.109589041095884
2024-12-06,4.47,4.72,4.4,4.58,39176585.0,182593906.0,825505555.0,0.04745768791343869,0.13999999999999968,3.153153153153143,7.207207207207193
2024-12-09,4.56,4.8,4.54,4.68,39155539.0,188183192.0,825505555.0,0.04743219323339381,0.09999999999999964,2.183406113537112,5.676855895196502
2024-12-10,4.81,5.09,4.81,4.89,69132670.0,348504241.0,825505555.0,0.08374585680407687,0.20999999999999996,4.487179487179493,5.982905982905988
2024-12-11,4.89,5.08,4.83,4.84,28445198.0,142707775.0,825505555.0,0.03445791227897915,-0.04999999999999982,-1.0224948875255602,5.112474437627812
2024-12-12,4.91,5.21,4.85,5.19,58420346.0,302787637.0,825505555.0,0.07076917368533032,0.35000000000000053,7.23140495867769,7.438016528925627
2024-12-13,5.27,5.54,5.21,5.42,64421321.0,355512229.0,825505555.0,0.07803862809863224,0.22999999999999954,4.4315992292870865,6.3583815028901745
2024-12-16,5.29,5.4,5.09,5.18,38663324.0,206720193.0,825505555.0,0.04683593437478443,-0.2400000000000002,-4.428044280442811,5.719557195571965
2024-12-17,5.14,5.37,4.92,5.07,32713499.0,169326454.0,825505555.0,0.03962844199152603,-0.10999999999999943,-2.123552123552108,8.68725868725869
2024-12-18,5.07,5.2,4.96,5.02,18182319.0,94011150.0,825505555.0,0.022025677343867178,-0.05000000000000071,-0.9861932938856177,4.733727810650891
2024-12-19,4.95,5.03,4.82,4.95,26051420.0,131576930.0,825505555.0,0.0315581401508558,-0.0699999999999994,-1.3944223107569598,4.183266932270916
2024-12-20,4.94,5.14,4.92,5.11,24105820.0,123824059.0,825505555.0,0.029201281389317848,0.16000000000000014,3.232323232323231,4.444444444444439
2024-12-23,5.05,5.15,4.78,4.82,18975294.0,95879434.0,825505555.0,0.022986270516374658,-0.29000000000000004,-5.675146771037188,7.240704500978475
2024-12-24,4.88,4.93,4.76,4.91,14334095.0,70759342.0,825505555.0,0.017364020039816692,0.08999999999999986,1.8672199170124415,3.526970954356845
2024-12-25,4.87,4.93,4.59,4.75,19286000.0,92874145.0,825505555.0,0.02336265320467771,-0.16000000000000014,-3.258655804480659,6.924643584521382
2024-12-26,4.75,4.85,4.59,4.63,24642238.0,118129845.0,825505555.0,0.029851086828846355,-0.1200000000000001,-2.5263157894736876,5.4736842105263115
2024-12-27,4.62,4.83,4.53,4.8,25138023.0,121208884.0,825538024.0,0.030450472624141658,0.16999999999999993,3.6717062634989084,6.479481641468679
2024-12-30,4.83,4.96,4.68,4.93,20168367.0,100184545.0,825538024.0,0.024430573048928393,0.1299999999999999,2.708333333333335,5.833333333333339
2024-12-31,4.92,5.11,4.81,4.87,20323200.0,102455125.0,825544165.0000001,0.02461794397153785,-0.05999999999999961,-1.2170385395537497,6.085192697768777
2025-01-02,4.83,4.99,4.71,4.77,16812502.0,83198230.0,825544165.0000001,0.02036535743669147,-0.10000000000000053,-2.053388090349084,5.749486652977417
2025-01-03,4.74,4.93,4.67,4.72,17628494.0,86461711.0,825544165.0000001,0.02135378668686974,-0.04999999999999982,-1.0482180293501009,5.450733752620541
2025-01-06,4.8,5.19,4.68,5.19,30496002.0,158144414.0,825544165.0000001,0.036940485188942,0.47000000000000064,9.957627118644075,10.805084745762725
2025-01-07,5.17,5.56,5.09,5.51,86033392.0,472355347.0,825544165.0000001,0.10421416036536335,0.3199999999999994,6.165703275529855,9.055876685934484
2025-01-08,5.34,5.48,5.26,5.44,41433123.0,227472317.0,825544165.0000001,0.0501888630028655,-0.0699999999999994,-1.270417422867498,3.9927404718693404
2025-01-09,5.4,5.63,5.38,5.58,44176729.0,248566211.0,825544165.0000001,0.0535122539446451,0.13999999999999968,2.5735294117646967,4.595588235294117
2025-01-10,5.6,5.67,5.35,5.39,30225197.0,169597776.0,825544165.0000001,0.036612453072089726,-0.1900000000000004,-3.405017921146958,5.734767025089611
2025-01-13,5.26,5.88,5.17,5.62,33733146.0,192707991.0,825544165.0000001,0.04086170968212221,0.23000000000000043,4.267161410018572,13.172541743970315
2025-01-14,5.57,5.79,5.5,5.7,43721959.0,253091005.0,825544165.0000001,0.05296138093350826,0.08000000000000007,1.4234875444839812,5.160142348754449
2025-01-15,5.66,5.77,5.4,5.44,30317729.0,170977607.0,825544165.0000001,0.03672453914079811,-0.2599999999999998,-4.561403508771922,6.491228070175424
2025-01-16,5.44,5.58,5.27,5.37,28732359.0,158388541.0,825544165.0000001,0.034804145214932254,-0.07000000000000028,-1.2867647058823595,5.6985294117647145
2025-01-17,5.34,5.43,5.3,5.38,16931667.0,92783650.0,825544165.0000001,0.02050970465038657,0.009999999999999787,0.18621973929235924,2.420856610800743
2025-01-20,5.49,5.55,5.11,5.27,32138299.0,171564197.0,825544165.0000001,0.038929836055470145,-0.11000000000000032,-2.0446096654275103,8.178438661710027
2025-01-21,5.28,5.41,5.22,5.38,24756500.0,134712169.0,825544165.0000001,0.0299880988196434,0.11000000000000032,2.0872865275142427,3.6053130929791353
2025-01-22,5.32,5.41,5.13,5.17,24323100.0,129770185.0,825544165.0000001,0.02946311176458984,-0.20999999999999996,-3.903345724907059,5.204460966542756
2025-01-23,5.23,5.47,5.09,5.11,21918550.0,117779651.0,825544165.0000001,0.026550426893272267,-0.05999999999999961,-1.1605415860734936,7.350096711798837
2025-01-24,5.13,5.21,4.95,5.14,22096411.0,114243720.0,825544165.0000001,0.026765873876656857,0.02999999999999936,0.5870841487279677,5.088062622309193
2025-01-27,5.24,5.4,5.11,5.15,20134041.0,108102112.0,825544165.0000001,0.02438881146958382,0.010000000000000675,0.1945525291829009,5.642023346303502
2025-02-05,5.07,5.39,4.91,5.3,34367455.0,181215877.0,825544165.0000001,0.041630062275347796,0.14999999999999947,2.9126213592232997,9.320388349514554
2025-02-06,5.25,5.37,5.17,5.33,20720500.0,111960814.0,825544165.0000001,0.0250992022940408,0.03000000000000025,0.5660377358490676,3.7735849056603805
2025-02-07,5.34,5.44,5.09,5.14,39361172.0,210011020.0,825544165.0000001,0.047679062694362326,-0.1900000000000004,-3.564727954971869,6.5666041275797475
2025-02-10,5.14,5.39,5.06,5.39,30286093.0,162527770.0,825544165.0000001,0.03668621775068811,0.25,4.863813229571989,6.4202334630350215
2025-02-11,5.5,5.53,5.23,5.36,22435200.0,122418537.0,825544165.0000001,0.027176256524083113,-0.02999999999999936,-0.5565862708719727,5.565862708719848
2025-02-12,5.3,5.41,5.23,5.29,21084800.0,114019993.0,825544165.0000001,0.025540486982910234,-0.07000000000000028,-1.3059701492537323,3.358208955223875
2025-02-13,5.39,5.59,5.28,5.4,46369601.0,257090975.0,825544165.0000001,0.056168528548681575,0.11000000000000032,2.07939508506616,5.860113421550087
2025-02-14,5.32,5.56,5.29,5.3,32571494.0,180322487.0,825544165.0000001,0.03945457478946628,-0.10000000000000053,-1.85185185185186,4.999999999999992
2025-02-17,5.25,5.28,5.01,5.2,34287009.0,179852543.0,825544165.0000001,0.041532616247127126,-0.09999999999999964,-1.8867924528301772,5.094339622641518
2025-02-18,5.16,5.18,5.0,5.02,22925250.0,118625054.0,825544165.0000001,0.027769864983540882,-0.1800000000000006,-3.4615384615384714,3.4615384615384563
2025-02-19,5.13,5.17,4.96,5.09,28771916.0,148450983.0,825544165.0000001,0.03485206148843653,0.07000000000000028,1.3944223107569709,4.183266932270916
2025-02-20,5.05,5.45,5.0,5.4,46074411.0,246667053.0,825544165.0000001,0.055810958339218585,0.3100000000000005,6.09037328094304,8.840864440078589
2025-02-21,5.31,5.37,5.13,5.24,39500601.0,210964161.0,825544165.0000001,0.04784795614175287,-0.16000000000000014,-2.9629629629629672,4.444444444444448
2025-02-24,5.28,5.77,5.27,5.77,51503197.0,291134068.0,825544165.0000001,0.06238696751009074,0.5299999999999994,10.114503816793885,9.541984732824426
2025-02-25,5.85,5.85,5.51,5.63,56378480.0,324635989.0,825544165.0000001,0.06829250619196127,-0.13999999999999968,-2.426343154246091,5.892547660311957
2025-02-26,5.63,5.81,5.44,5.5,40396043.0,229528716.0,825544165.0000001,0.04893262494320942,-0.1299999999999999,-2.3090586145648295,6.571936056838353
2025-02-27,5.5,5.57,5.41,5.49,29155445.0,163329314.0,825544165.0000001,0.03531663869249199,-0.009999999999999787,-0.181818181818183,2.9090909090909114
2025-02-28,5.5,6.03,5.44,5.84,106321426.0,632312745.0,825544165.0000001,0.12878950697931466,0.34999999999999964,6.375227686703089,10.746812386156645
2025-03-03,5.44,6.01,5.44,5.66,82147202.0,475965572.0,825544165.0000001,0.09950673202323462,-0.17999999999999972,-3.082191780821908,9.76027397260273
2025-03-04,5.58,5.71,5.52,5.64,32372708.0,185209458.0,825544165.0000001,0.03921378088839135,-0.020000000000000462,-0.35335689045937757,3.356890459363964
2025-03-05,5.63,5.84,5.47,5.77,50580960.0,292583308.0,825544165.0000001,0.061269841329446004,0.1299999999999999,2.3049645390070816,6.560283687943265
2025-03-06,5.7,5.87,5.58,5.83,46609192.0,272951331.0,825544165.0000001,0.056458750453405475,0.0600000000000005,1.0398613518197708,5.025996533795495
2025-03-07,5.78,6.32,5.75,6.2,65206527.0,402299198.0,825544165.0000001,0.07898611578218834,0.3700000000000001,6.346483704974282,9.777015437392802
2025-03-10,6.11,6.25,5.99,6.15,44850839.0,279590661.0,825544165.0000001,0.0543288183739994,-0.04999999999999982,-0.8064516129032251,4.1935483870967705
2025-03-11,6.08,6.3,6.07,6.17,32786245.0,206711742.0,825544165.0000001,0.03971470744996423,0.019999999999999574,0.3252032520325132,3.739837398373976
2025-03-12,6.19,6.27,5.76,5.78,61320094.0,372460532.0,825544165.0000001,0.07427839308875739,-0.3899999999999997,-6.320907617504046,8.265802269043757
2025-03-13,5.77,5.83,5.67,5.81,29309307.0,172090883.0,825544165.0000001,0.03550301515364716,0.02999999999999936,0.519031141868509,2.7681660899654004
2025-03-14,5.85,5.87,5.64,5.68,32181472.0,187129345.0,825544165.0000001,0.03898213247016287,-0.1299999999999999,-2.2375215146299476,3.958691910499147
2025-03-17,5.72,6.15,5.72,5.8,29938315.0,180155257.0,825544165.0000001,0.03626494652772453,0.1200000000000001,2.1126760563380254,7.570422535211279
2025-03-18,5.76,5.9,5.73,5.88,22658109.0,135032867.0,825544165.0000001,0.027446271151344154,0.08000000000000007,1.379310344827589,2.9310344827586197
2025-03-19,5.84,5.92,5.66,5.66,28729157.0,167627888.0,825544165.0000001,0.034800266561147576,-0.21999999999999975,-3.741496598639449,4.42176870748299
2025-03-20,5.66,5.69,5.57,5.62,15637559.0,89870485.0,825544165.0000001,0.018942122860259085,-0.040000000000000036,-0.7067137809187329,2.1201413427561855
2025-03-21,5.6,5.77,5.52,5.72,22469880.0,129921209.0,825544165.0000001,0.02721826517906525,0.09999999999999964,1.7793594306049654,4.448398576512456
2025-03-24,5.69,5.7,5.31,5.46,28069988.0,156831064.0,825544165.0000001,0.034001800497251405,-0.2599999999999998,-4.545454545454541,6.818181818181829
2025-03-25,5.46,5.54,5.37,5.52,10841501.0,60538205.0,825544165.0000001,0.013132551182164795,0.05999999999999961,1.098901098901095,3.1135531135531123
2025-03-26,5.48,5.62,5.44,5.61,15215210.0,86124557.0,825544165.0000001,0.018430522127183827,0.09000000000000075,1.630434782608714,3.2608695652173862
2025-03-27,5.64,5.68,5.52,5.55,13916592.0,79557245.0,825544165.0000001,0.016857477273793095,-0.0600000000000005,-1.0695187165775444,2.8520499108734425
2025-03-28,5.52,5.52,5.37,5.39,13000368.0,72040488.0,825544165.0000001,0.015747634773725278,-0.16000000000000014,-2.8828828828828867,2.7027027027026933
2025-03-31,5.34,5.35,5.03,5.17,21286898.0,112123856.0,825557547.0,0.02578487481260952,-0.21999999999999975,-4.081632653061218,5.936920222634497
2025-04-01,5.16,5.27,5.08,5.18,13922400.0,73711985.0,825557547.0,0.01686423926544275,0.009999999999999787,0.19342359767891004,3.6750483558994103
2025-04-02,5.19,5.33,5.16,5.27,10506800.0,56449598.0,825557547.0,0.012726914117835567,0.08999999999999986,1.737451737451745,3.281853281853281
2025-04-03,5.28,5.57,5.25,5.37,26218400.0,145461448.0,825557547.0,0.031758415988413224,0.10000000000000053,1.8975332068311257,6.072106261859588
2025-04-07,5.08,5.17,4.83,4.83,16081670.0,80410500.0,825557547.0,0.019479768622356255,-0.54,-10.05586592178771,6.331471135940407
2025-04-08,4.79,4.82,4.39,4.57,31489100.0,146425196.0,825557547.0,0.0381428285822454,-0.2599999999999998,-5.3830227743271175,8.902691511387175
2025-04-09,4.65,4.85,4.19,4.76,28660472.0,132958156.0,825557547.0,0.03471650414213947,0.1899999999999995,4.157549234135649,14.442013129102826
2025-04-10,4.8,4.95,4.7,4.88,23022143.0,114344158.0,825557547.0,0.027886781586166035,0.1200000000000001,2.521008403361358,5.2521008403361344
2025-04-11,4.8,4.92,4.8,4.8,12380005.0,61207510.0,825557547.0,0.014995932197564902,-0.08000000000000007,-1.6393442622950838,2.4590163934426252
2025-04-14,4.85,5.12,4.82,5.03,18785770.0,96508184.0,825557547.0,0.02275525197276163,0.23000000000000043,4.791666666666683,6.2499999999999964
2025-04-15,5.05,5.07,4.95,4.99,9471100.0,48319233.0,825557547.0,0.011472368018943203,-0.040000000000000036,-0.7952286282306154,2.385685884691851
2025-04-16,4.98,4.98,4.72,4.82,13287400.0,65537448.0,825557547.0,0.01609506211685083,-0.16999999999999993,-3.4068136272545124,5.21042084168338
2025-04-17,4.8,4.98,4.76,4.92,11440400.0,57371218.0,825557547.0,0.013857786221655122,0.09999999999999964,2.0746887966804906,4.5643153526971085
2025-04-18,4.88,5.04,4.84,4.89,14586700.0,73761658.0,825557547.0,0.01766890758010356,-0.03000000000000025,-0.6097560975609762,4.065040650406507
2025-04-21,4.98,5.15,4.85,5.13,18769800.0,96965890.0,825557547.0,0.02273590747030019,0.2400000000000002,4.907975460122693,6.134969325153389
2025-04-22,5.14,5.27,5.11,5.17,17103160.0,90416536.0,825557547.0,0.02071710211135651,0.040000000000000036,0.7797270955165692,3.1189083820662624
2025-04-23,5.21,5.33,5.17,5.26,16110330.0,86419947.0,825557547.0,0.01951448455476357,0.08999999999999986,1.740812379110257,3.094777562862672
2025-04-24,5.21,5.28,5.09,5.13,11988901.0,63280273.0,825557547.0,0.014522186906977668,-0.1299999999999999,-2.4714828897338337,3.6121673003802353
2025-04-25,5.19,5.28,5.15,5.22,11479801.0,61354206.0,825557547.0,0.013905512755248303,0.08999999999999986,1.7543859649122862,2.534113060428848
2025-04-28,5.19,5.23,5.02,5.04,15203256.0,79323078.0,825557547.0,0.018415743463611023,-0.17999999999999972,-3.4482758620689613,4.022988505747143
2025-04-29,5.01,5.09,4.94,5.01,20592845.0,105295181.0,825557547.0,0.024944166611803743,-0.03000000000000025,-0.5952380952381042,2.9761904761904656
2025-04-30,5.01,5.48,5.01,5.23,30513200.0,165885616.0,825557547.0,0.03696071837860626,0.22000000000000064,4.3912175648702645,9.381237524950112
2025-05-06,5.2,5.34,5.2,5.28,18030500.0,97044675.0,825557547.0,0.021840391460923803,0.04999999999999982,0.9560229445506607,2.6768642447418673
2025-05-07,5.28,5.34,5.23,5.29,16197500.0,87448962.0,825557547.0,0.019620073802075,0.009999999999999787,0.18939393939394478,2.0833333333333224
2025-05-08,5.3,5.38,5.22,5.34,12675701.0,68823519.0,825557547.0,0.015354109530053148,0.04999999999999982,0.9451795841209698,3.0245746691871482
2025-05-09,5.38,5.38,5.21,5.31,12237801.0,65993617.0,825557547.0,0.014823680123173776,-0.03000000000000025,-0.5617977528089901,3.1835205992509352
2025-05-12,5.37,5.49,5.32,5.36,17033596.0,93685982.0,825557547.0,0.020632839057553913,0.05000000000000071,0.9416195856873921,3.2015065913370986
2025-05-13,5.39,5.51,5.35,5.41,14529085.0,80494427.0,825557547.0,0.01759911838102305,0.04999999999999982,0.9328358208955168,2.985074626865674
2025-05-14,5.38,5.5,5.34,5.47,16015120.0,88336386.0,825557547.0,0.01939915643457863,0.05999999999999961,1.109057301293892,2.957486136783736
2025-05-15,5.46,5.46,5.28,5.3,13817890.0,75242307.0,825557547.0,0.01673764603111308,-0.16999999999999993,-3.1078610603290646,3.2906764168190077
2025-05-16,5.31,5.35,5.27,5.28,9673100.0,52442669.0,825557547.0,0.011717051143377169,-0.019999999999999574,-0.37735849056602655,1.5094339622641524
2025-05-19,5.27,5.37,5.19,5.31,11182300.0,60411910.0,825557547.0,0.013545149021573902,0.02999999999999936,0.5681818181818121,3.4090909090909034
2025-05-20,5.29,5.34,5.23,5.24,11048560.0,59320574.0,825557547.0,0.013383149412357078,-0.0699999999999994,-1.3182674199623268,2.0715630885122303
2025-05-21,5.24,5.25,5.11,5.17,12502889.0,65831636.0,825557547.0,0.015144781905797294,-0.07000000000000028,-1.3358778625954248,2.6717557251908333
2025-05-22,5.14,5.24,5.09,5.1,9298647.0,48912205.0,825557547.0,0.011263475252319388,-0.07000000000000028,-1.3539651837524258,2.9013539651837594
2025-05-23,5.09,5.16,5.01,5.03,9944984.0,51641214.0,825557547.0,0.012046384938444515,-0.0699999999999994,-1.3725490196078272,2.9411764705882426
2025-05-26,5.02,5.1,5.0,5.05,10876451.0,56232122.0,825557547.0,0.013174673333826359,0.019999999999999574,0.397614314115291,1.9880715705765335
2025-05-27,5.03,5.06,4.84,4.87,19852800.0,99707564.0,825557547.0,0.02404774818199318,-0.17999999999999972,-3.5643564356435564,4.356435643564352
2025-05-28,4.89,4.93,4.83,4.85,10674871.0,53002876.0,825557547.0,0.0129304989564828,-0.020000000000000462,-0.4106776180698213,2.0533880903490687
2025-05-29,4.86,4.91,4.81,4.86,12531300.0,62318963.0,825557547.0,0.015179196223858153,0.010000000000000675,0.20618556701033075,2.0618556701031037
2025-05-30,4.86,4.86,4.75,4.8,12200802.0,59700330.0,825557547.0,0.014778863138416686,-0.0600000000000005,-1.2345679012345734,2.263374485596714
2025-06-03,4.76,4.8,4.74,4.77,10130930.0,49310413.0,825557547.0,0.01227162181099896,-0.03000000000000025,-0.6250000000000089,1.249999999999992
2025-06-04,4.79,4.84,4.75,4.8,10337358.0,50683646.0,825557547.0,0.012521668583328933,0.03000000000000025,0.6289308176100628,1.8867924528301858
2025-06-05,4.8,4.8,4.73,4.78,9894900.0,48136316.0,825557547.0,0.011985718059216046,-0.019999999999999574,-0.4166666666666541,1.4583333333333208
2025-06-06,4.79,4.91,4.77,4.84,14724600.0,72688229.0,825557547.0,0.017835946208120606,0.05999999999999961,1.2552301255229992,2.928870292887041
2025-06-09,4.85,4.87,4.75,4.79,15703201.0,76740127.0,825557547.0,0.019021328140072107,-0.04999999999999982,-1.0330578512396604,2.4793388429752086
2025-06-10,4.78,4.8,4.68,4.79,19149369.0,92812622.0,825557547.0,0.02319568038544017,0.0,0.0,2.5052192066805867
2025-06-11,4.77,4.9,4.76,4.82,21934200.0,108392860.0,825557547.0,0.026568953405739986,0.03000000000000025,0.6263048016701411,2.9227557411273604
2025-06-12,4.8,4.85,4.74,4.84,21489900.0,105426463.0,825557547.0,0.026030771662244885,0.019999999999999574,0.4149377593360981,2.2821576763485356
2025-06-13,4.89,4.9,4.7,4.7,22694900.0,110730451.0,825557547.0,0.027490391290675223,-0.13999999999999968,-2.8925619834710647,4.132231404958682
2025-06-16,4.7,4.73,4.62,4.62,19901800.0,94639156.0,825557547.0,0.02410710200920736,-0.08000000000000007,-1.7021276595744705,2.3404255319149003
2025-06-17,4.63,4.89,4.61,4.84,40292320.0,197398929.0,825557547.0,0.04880619182323337,0.21999999999999975,4.761904761904767,6.060606060606047
2025-06-18,4.85,4.86,4.66,4.67,20580100.0,98807373.0,825557547.0,0.024928728560215076,-0.16999999999999993,-3.51239669421487,4.132231404958682
2025-06-19,4.64,4.66,4.52,4.53,16841400.0,78457734.0,825557547.0,0.020400031543773168,-0.13999999999999968,-2.997858672376863,2.997858672376886
2025-06-20,4.54,4.56,4.51,4.52,7454100.0,34499619.0,825557547.0,0.009029170682392175,-0.010000000000000675,-0.22075055187639192,1.1037527593818945
2025-06-23,4.51,4.69,4.46,4.66,12933700.0,60913355.0,825557547.0,0.01566662438857215,0.14000000000000057,3.0973451327433787,5.088495575221249
2025-06-24,4.68,4.77,4.63,4.76,17565100.0,84699429.0,825557547.0,0.021276651232648717,0.09999999999999964,2.145922746781115,3.0042918454935554
2025-06-25,4.75,4.95,4.7,4.91,27602301.0,136166791.0,825557547.0,0.03343473886260772,0.15000000000000036,3.1512605042016917,5.2521008403361344
2025-06-26,4.93,4.99,4.84,4.85,17627001.0,88296622.0,825557547.0,0.02135163207465657,-0.0600000000000005,-1.2219959266802527,3.054989816700618
2025-06-27,4.89,4.94,4.85,4.87,9141162.0,45620538.0,825557547.0,0.01107271326295561,0.020000000000000462,0.4123711340206171,1.8556701030927991
2025-06-30,4.87,4.9,4.79,4.85,11703588.0,57604521.0,825374008.9999999,0.01417973896970628,-0.020000000000000462,-0.4106776180698213,2.25872689938399
2025-07-01,4.85,4.86,4.78,4.84,11445301.0,56293317.0,825374008.9999999,0.013866805684694151,-0.009999999999999787,-0.20618556701030855,1.6494845360824757
2025-07-02,4.83,4.91,4.8,4.91,11407480.0,56542936.0,825374008.9999999,0.013820982821861552,0.07000000000000028,1.446280991735538,2.2727272727272796
2025-07-03,4.89,5.17,4.85,5.1,38063263.0,196045154.0,825374008.9999999,0.04611638188863784,0.1899999999999995,3.8696537678207577,6.517311608961308
2025-07-04,5.09,5.2,4.97,5.0,24391807.0,126136602.0,825374008.9999999,0.0295524292430197,-0.09999999999999964,-1.9607843137254832,4.509803921568636
2025-07-07,5.0,5.4,4.97,5.27,41684904.0,222541506.0,825374008.9999999,0.05050426054789909,0.2699999999999996,5.399999999999983,8.600000000000012
2025-07-08,5.57,5.8,5.57,5.8,81136364.0,474428862.0,825374008.9999999,0.09830254298690912,0.5300000000000002,10.056925996204935,4.364326375711566
2025-07-09,5.97,6.32,5.7,5.78,113020859.0,690608145.0,825374008.9999999,0.13693290286294926,-0.019999999999999574,-0.34482758620688614,10.689655172413795
2025-07-10,5.76,6.2,5.65,6.1,97856874.0,596022122.0,825374008.9999999,0.11856064394196354,0.3199999999999994,5.536332179930792,9.51557093425605
2025-07-11,6.14,6.23,5.93,6.11,63893853.0,393674552.0,825374008.9999999,0.07741200026084176,0.010000000000000675,0.16393442622952836,4.918032786885258
2025-07-14,6.16,6.34,6.08,6.26,55192815.0,347249230.0,825374008.9999999,0.06687006665847169,0.14999999999999947,2.45499181669393,4.255319148936167
2025-07-15,6.15,6.21,6.0,6.1,46666539.0,288260119.0,825374008.9999999,0.05653986979374342,-0.16000000000000014,-2.5559105431309903,3.3546325878594248
2025-07-16,6.05,6.1,5.87,5.94,41088161.0,247212322.0,825374008.9999999,0.049781263465978616,-0.15999999999999925,-2.6229508196721207,3.770491803278681
2025-07-17,5.92,5.94,5.73,5.76,38228567.0,224280971.0,825374008.9999999,0.04631665957874863,-0.1800000000000006,-3.0303030303030387,3.5353535353535346
2025-07-18,5.71,5.79,5.63,5.68,29509500.0,169799820.0,825374008.9999999,0.03575288254563878,-0.08000000000000007,-1.388888888888895,2.7777777777777803
2025-07-21,5.76,6.18,5.7,6.08,72070483.0,432612626.0,825374008.9999999,0.08731857583850815,0.40000000000000036,7.042253521126773,8.450704225352105
2025-07-22,6.26,6.68,6.19,6.57,94542086.0,616340723.0,825374008.9999999,0.1145445397711815,0.4900000000000002,8.059210526315796,8.059210526315779
2025-07-23,6.54,6.62,6.32,6.42,64336779.0,421834276.0,825374008.9999999,0.07794863697967501,-0.15000000000000036,-2.2831050228310557,4.566210045662097
2025-07-24,6.36,6.74,6.36,6.65,75329060.0,499840696.0,825374008.9999999,0.09126657633824281,0.23000000000000043,3.5825545171339623,5.919003115264796
2025-07-25,6.63,6.97,6.56,6.89,78929694.0,542397620.0,825374008.9999999,0.09562900350548839,0.23999999999999932,3.609022556390973,6.165413533834588
2025-07-28,6.84,6.89,6.59,6.66,80035976.0,543507273.0,825374008.9999999,0.09696934374874411,-0.22999999999999954,-3.338171262699563,4.3541364296081255
2025-07-29,6.63,7.19,6.54,6.64,110746475.0,769297794.0,825374008.9999999,0.13417732299830634,-0.020000000000000462,-0.30030030030030463,9.759759759759765
2025-07-30,6.69,7.18,6.61,7.08,104449185.0,734105561.0,825374008.9999999,0.1265477030547009,0.4400000000000004,6.626506024096401,8.584337349397583
2025-07-31,7.23,7.26,6.86,7.11,75645243.0,538290803.0,825374008.9999999,0.09164965479304306,0.03000000000000025,0.4237288135593209,5.649717514124286
2025-08-01,7.01,7.17,6.89,6.91,52382867.0,371895393.0,825374008.9999999,0.06346561247241796,-0.20000000000000018,-2.812939521800284,3.9381153305203966
2025-08-04,6.84,7.15,6.78,6.97,52143632.0,365144742.0,825374008.9999999,0.06317576205625347,0.05999999999999961,0.868306801736618,5.354558610709119
2025-08-05,6.95,7.08,6.9,6.98,32932739.0,232859100.0,825374008.9999999,0.03990038290629043,0.010000000000000675,0.1434720229555264,2.582496413199422
2025-08-06,6.97,7.5,6.95,7.43,68293405.0,504889912.0,930340712.0,0.07340687569523455,0.4499999999999993,6.4469914040114595,7.87965616045845
2025-08-07,7.44,7.45,7.19,7.23,55285470.0,408735897.0,930340712.0,0.05942497118195554,-0.1999999999999993,-2.69179004037684,3.499327052489903
2025-08-08,7.23,7.45,7.11,7.37,39078735.0,289357375.0,939510557.0,0.041594780078666,0.13999999999999968,1.9363762102351245,4.7026279391424595
2025-08-11,7.41,7.41,7.26,7.28,34936345.0,258725139.0,939510557.0,0.037185686461637064,-0.08999999999999986,-1.2211668928086783,2.0352781546811447
2025-08-12,7.3,7.32,6.98,7.07,53472626.0,382642708.0,948516382.0,0.056375015777007424,-0.20999999999999996,-2.8846153846153855,4.670329670329668
2025-08-13,7.06,7.22,6.98,7.06,41593641.0,297702640.0,948516382.0,0.043851262655366555,-0.010000000000000675,-0.14144271570014633,3.394625176803385
2025-08-14,7.14,7.19,6.81,6.92,55824355.0,391899426.0,948516382.0,0.058854392037269,-0.13999999999999968,-1.9830028328611804,5.3824362606232405
2025-08-15,6.91,7.61,6.87,7.53,102243710.0,764394975.0,948516382.0,0.10779329903023224,0.6100000000000003,8.815028901734113,10.693641618497113
2025-08-18,7.54,7.56,7.26,7.35,78802129.0,586712768.0,948516382.0,0.0830793547643756,-0.1800000000000006,-2.390438247011961,3.984063745019918
2025-08-19,7.46,7.46,7.09,7.16,56999462.0,413996138.0,948516382.0,0.0600932815517782,-0.1899999999999995,-2.585034013605436,5.034013605442179
2025-08-20,7.11,7.27,7.06,7.21,44911804.0,326057156.0,974176845.0,0.04610231112606664,0.04999999999999982,0.6983240223463749,2.932960893854748
2025-08-21,7.26,7.27,6.97,7.01,37443875.0,269184948.0,974176845.0,0.03843642475407019,-0.20000000000000018,-2.77392510402219,4.160887656033284
2025-08-22,7.04,7.12,6.86,6.92,49628986.0,349779290.0,974176845.0,0.0509445346137333,-0.08999999999999986,-1.2838801711840153,3.708987161198285
2025-08-25,6.91,6.98,6.75,6.81,59020400.0,409453156.0,974176845.0,0.06058489308478688,-0.11000000000000032,-1.5895953757225523,3.323699421965324
2025-08-26,6.85,6.89,6.64,6.7,45172841.0,310126968.0,974176845.0,0.04637026760782843,-0.10999999999999943,-1.615271659324513,3.671071953010279
2025-08-27,6.69,6.73,6.41,6.42,59454315.0,396595840.0,974176845.0,0.06103031015893218,-0.28000000000000025,-4.179104477611939,4.776119402985079
2025-08-28,6.42,6.48,6.2,6.39,58541815.0,375564443.0,974176845.0,0.06009362191317532,-0.03000000000000025,-0.4672897196261738,4.3613707165109075
2025-08-29,6.49,6.5,6.09,6.12,61451556.0,387406467.0,974176845.0,0.0630804933574458,-0.2699999999999996,-4.225352112676051,6.416275430359939
2025-09-01,6.13,6.36,6.07,6.26,58228778.0,369128434.0,974176845.0,0.059772287032751226,0.13999999999999968,2.287581699346397,4.738562091503269
2025-09-02,6.27,6.32,5.94,6.03,38899008.0,238922201.0,974176845.0,0.03993012993446791,-0.22999999999999954,-3.6741214057507965,6.070287539936101
2025-09-03,6.09,6.12,5.92,5.95,33412806.0,203405603.0,974176845.0,0.0342985015210457,-0.08000000000000007,-1.3266998341625258,3.316749585406305
2025-09-04,5.93,6.18,5.86,6.0,47913891.0,293283967.0,974176845.0,0.049183976447315376,0.04999999999999982,0.8403361344537785,5.3781512605041915
2025-09-05,6.01,6.12,5.9,6.02,40302880.0,245657257.0,974176845.0,0.041371215305368914,0.019999999999999574,0.3333333333333188,3.6666666666666625
2025-09-08,6.08,6.22,6.0,6.05,50092611.0,309088573.0,974176845.0,0.051420449230652775,0.03000000000000025,0.4983388704318914,3.654485049833883
2025-09-09,6.11,6.12,5.9,5.93,39937254.0,242147577.0,974176845.0,0.04099589741326689,-0.1200000000000001,-1.983471074380172,3.6363636363636322
2025-09-10,5.92,6.34,5.92,6.06,68801625.0,429743990.0,974176845.0,0.0706253955358588,0.1299999999999999,2.1922428330522825,7.082630691399662
2025-09-11,6.03,6.13,5.89,6.11,43587520.0,266391297.0,974176845.0,0.04474292344733363,0.05000000000000071,0.8250825082508406,3.960396039603964
2025-09-12,6.11,6.16,5.93,5.97,51387546.0,312893468.0,974176845.0,0.05274970993587925,-0.14000000000000057,-2.2913256955810257,3.764320785597388
2025-09-15,5.97,6.05,5.94,5.96,25469238.0,154324139.0,974176845.0,0.026144368069023444,-0.009999999999999787,-0.16750418760468344,1.8425460636515818
2025-09-16,5.97,5.98,5.84,5.95,34189044.0,204690603.0,974176845.0,0.035095315779138644,-0.009999999999999787,-0.1677852348993203,2.3489932885906133
2025-09-17,5.95,5.98,5.84,5.84,32477290.0,194062611.0,974176845.0,0.03333818717483477,-0.11000000000000032,-1.8487394957983239,2.3529411764705976
2025-09-18,5.86,5.97,5.72,5.78,51986865.0,307222866.0,974176845.0,0.05336491548410802,-0.05999999999999961,-1.0273972602739656,4.280821917808219
2025-09-19,5.78,5.84,5.71,5.78,22072559.0,128732034.0,974176845.0,0.02265765103460245,0.0,0.0,2.249134948096884
2025-09-22,5.78,5.8,5.63,5.72,24962732.0,144068243.0,974176845.0,0.025624435776853225,-0.0600000000000005,-1.038062283737029,2.9411764705882337
2025-09-23,5.69,5.74,5.5,5.64,36031765.0,203624545.0,974176845.0,0.036986883013011874,-0.08000000000000007,-1.3986013986013957,4.195804195804199
2025-09-24,5.61,5.8,5.58,5.8,28319990.0,163969211.0,974176845.0,0.029070686852549855,0.16000000000000014,2.8368794326241176,3.900709219858152
2025-09-25,5.84,5.88,5.63,5.7,39469142.0,228558332.0,974176845.0,0.04051537685644745,-0.09999999999999964,-1.724137931034475,4.310344827586207
2025-09-26,5.66,5.72,5.58,5.6,35083403.0,200267626.0,974176845.0,0.03601338214931602,-0.10000000000000053,-1.7543859649122862,2.4561403508771873
2025-09-29,5.6,5.75,5.55,5.7,29206184.0,167763167.0,974176845.0,0.029980371787629585,0.10000000000000053,1.7857142857143016,3.5714285714285747
2025-09-30,5.7,6.01,5.67,5.82,37192357.0,220720786.0,974176845.0,0.038178239598786606,0.1200000000000001,2.1052631578947434,5.964912280701752
2025-10-09,5.91,5.93,5.77,5.91,33878044.0,201229166.0,974176845.0,0.034776071894831374,0.08999999999999986,1.546391752577314,2.7491408934707926
2025-10-10,6.12,6.25,5.99,6.01,52883375.0,327312544.0,974176845.0,0.05428518987227622,0.09999999999999964,1.6920473773265554,4.399323181049065
2025-10-13,5.84,5.97,5.74,5.94,32661752.0,194075819.0,974176845.0,0.03352753883202798,-0.0699999999999994,-1.1647254575707033,3.8269550748752006
2025-10-14,5.97,6.1,5.96,5.99,33572428.0,204771688.0,974176845.0,0.03446235472780099,0.04999999999999982,0.8417508417508435,2.3569023569023515
2025-10-15,5.99,6.07,5.9,6.0,28037081.0,169984608.0,974176845.0,0.02878027859510457,0.009999999999999787,0.16694490818029983,2.8380634390651074
2025-10-16,5.98,6.02,5.65,5.66,39984200.0,233351368.0,974176845.0,0.04104408784218229,-0.33999999999999986,-5.666666666666664,6.166666666666654
2025-10-17,5.66,5.71,5.43,5.46,25251137.0,142257722.0,974176845.0,0.025920485720434056,-0.20000000000000018,-3.5335689045936425,4.9469964664310995
2025-10-20,5.49,5.56,5.45,5.54,17246104.0,96285376.0,974176845.0,0.017703257974685284,0.08000000000000007,1.46520146520146,2.0146520146520044
2025-10-21,5.56,5.65,5.46,5.63,18807671.0,106324048.0,974176845.0,0.019306218472068076,0.08999999999999986,1.6245487364620947,3.4296028880866496
2025-10-22,5.97,6.11,5.77,5.78,59313265.0,355855208.0,974176845.0,0.060885521252560665,0.15000000000000036,2.6642984014209725,6.0390763765541875
2025-10-23,5.75,5.78,5.47,5.56,37821152.0,213244575.0,974176845.0,0.03882370248699557,-0.22000000000000064,-3.806228373702436,5.363321799307967
2025-10-24,5.57,5.79,5.56,5.69,28584006.0,164811280.0,974176845.0,0.029341701300650398,0.13000000000000078,2.3381294964028854,4.136690647482022
2025-10-27,5.69,5.83,5.69,5.78,25374357.0,148110003.0,974176845.0,0.026046971995110395,0.08999999999999986,1.5817223198594021,2.460456942003509
2025-10-28,5.75,5.78,5.62,5.67,22166665.0,127199325.0,974176845.0,0.022754251565073897,-0.11000000000000032,-1.903114186851218,2.7681660899654004
2025-10-29,5.67,5.8,5.58,5.73,22285878.0,128368509.0,974176845.0,0.02287662462353024,0.0600000000000005,1.0582010582010692,3.880070546737209
2025-10-30,5.71,5.75,5.62,5.66,19989483.0,114811526.0,974176845.0,0.0205193575505277,-0.07000000000000028,-1.221640488656195,2.2687609075043613
2025-10-31,5.65,5.8,5.61,5.72,17767001.0,103034103.0,974176845.0,0.018237962738685293,0.05999999999999961,1.0600706713780772,3.356890459363949
2025-11-03,5.7,5.97,5.67,5.92,38800515.0,229415129.0,974176845.0,0.03982902611486316,0.20000000000000018,3.4965034965035002,5.244755244755242
2025-11-04,5.89,5.96,5.76,5.78,22505022.0,133208745.0,974176845.0,0.02310157761961587,-0.13999999999999968,-2.3648648648648574,3.378378378378381
2025-11-05,5.75,5.81,5.7,5.77,16417054.0,95774565.0,974176845.0,0.016852231793704767,-0.010000000000000675,-0.17301038062285112,1.903114186851201
2025-11-06,5.76,5.77,5.65,5.68,20406756.0,117603842.0,974176845.0,0.020947691484085727,-0.08999999999999986,-1.559792027729634,2.079722703639501
2025-11-07,5.66,5.75,5.65,5.69,11476824.0,66313278.0,974176845.0,0.011781047824022136,0.010000000000000675,0.17605633802817433,1.760563380281684
2025-11-10,5.71,6.26,5.7,6.26,69456426.0,426541352.0,974176845.0,0.07129755378244491,0.5699999999999994,10.017574692442865,9.841827768014053
2025-11-11,6.22,6.25,6.07,6.13,69952853.0,434863695.0,974176845.0,0.07180713990384364,-0.1299999999999999,-2.076677316293929,2.87539936102236
2025-11-12,6.2,6.24,6.01,6.14,72546334.0,451766556.0,974176845.0,0.07446936803348062,0.009999999999999787,0.16313213703098572,3.7520391517128946
2025-11-13,6.11,6.35,6.07,6.29,61833460.0,390247327.0,974176845.0,0.06347252074134445,0.15000000000000036,2.442996742671011,4.560260586319208
2025-11-14,6.28,6.43,6.24,6.26,64607832.0,414701634.0,974176845.0,0.06632043486929727,-0.03000000000000025,-0.4769475357710662,3.0206677265500717
2025-11-17,6.19,6.32,6.09,6.12,52392482.0,327966215.0,974176845.0,0.05378128444430436,-0.13999999999999968,-2.2364217252396124,3.6741214057508054
2025-11-18,6.13,6.14,5.98,6.01,26722167.0,163570349.0,974176845.0,0.027430509293207436,-0.11000000000000032,-1.7973856209150374,2.6143790849673083
2025-11-19,6.0,6.05,5.79,5.87,29459993.0,175833552.0,974176845.0,0.030240908671977314,-0.13999999999999968,-2.329450915141429,4.326123128119797
2025-11-20,5.9,6.02,5.84,5.91,21238300.0,127485682.0,974176845.0,0.0218012777751867,0.040000000000000036,0.6814310051107331,3.0664395229982917
2025-11-21,5.85,5.88,5.54,5.59,33047373.0,190165917.0,974176845.0,0.03392338174492333,-0.3200000000000003,-5.414551607445017,5.7529610829103195
2025-11-24,5.85,6.1,5.64,5.79,40265712.0,237396287.0,974176845.0,0.04133306206841736,0.20000000000000018,3.5778175313059046,8.228980322003578
2025-11-25,5.84,5.87,5.69,5.69,32994900.0,191683292.0,974176845.0,0.03386951780813472,-0.09999999999999964,-1.7271157167530138,3.1088082901554355
2025-11-26,5.87,5.96,5.79,5.82,44349683.0,263772038.0,974176845.0,0.04552528961001942,0.1299999999999999,2.284710017574687,2.987697715289981
2025-11-27,6.04,6.08,5.74,5.79,49925338.0,295634580.0,974176845.0,0.05124874221374046,-0.03000000000000025,-0.5154639175257825,5.841924398625427
2025-11-28,5.68,5.78,5.61,5.73,32636607.0,187870386.0,974176845.0,0.03350172729675175,-0.05999999999999961,-1.036269430051806,2.936096718480137
2025-12-01,5.73,5.8,5.69,5.72,23932710.0,139061293.0,974176845.0,0.02456711029710422,-0.010000000000000675,-0.17452006980803736,1.9197207678882973
2025-12-02,5.7,5.77,5.64,5.73,20832696.0,120294026.0,974176845.0,0.02138492215959003,0.010000000000000675,0.17482517482518833,2.272727272727271
2025-12-03,5.71,6.0,5.63,5.86,55222817.0,327153987.0,974176845.0,0.05668664502080215,0.1299999999999999,2.2687609075043635,6.457242582897034
2025-12-04,5.83,5.86,5.72,5.75,26357299.0,153963839.0,974176845.0,0.02705596949391668,-0.11000000000000032,-1.8771331058020535,2.3890784982935247
2025-12-05,5.75,5.81,5.7,5.81,16885744.0,98656094.0,974176845.0,0.017333345671955484,0.05999999999999961,1.043478260869568,1.9130434782608599
2025-12-08,5.81,5.87,5.75,5.81,20794267.0,121984883.0,974176845.0,0.021345474496470916,0.0,0.0,2.065404475043031
2025-12-09,5.78,5.8,5.68,5.69,17336514.0,100518424.0,974176845.0,0.01779606453282104,-0.11999999999999922,-2.06540447504302,2.065404475043031
2025-12-10,5.67,5.7,5.56,5.62,21220504.0,120875906.0,974176845.0,0.021783010044752193,-0.07000000000000028,-1.2302284710017597,2.4604569420035247
2025-12-11,5.62,5.7,5.54,5.56,18232214.0,103249210.0,974176845.0,0.018715507449779307,-0.0600000000000005,-1.067615658362997,2.8469750889679744
2025-12-12,5.53,5.59,5.5,5.52,16209914.0,90915106.0,974176845.0,0.016639600995648793,-0.040000000000000036,-0.7194244604316502,1.6187050359712205
2025-12-15,5.53,5.8,5.5,5.65,37345645.0,215173032.0,974176845.0,0.03833559090598176,0.13000000000000078,2.3550724637681375,5.43478260869565
2025-12-16,5.62,5.63,5.45,5.48,21294902.0,118955472.0,974176845.0,0.021859380162130623,-0.16999999999999993,-3.0088495575221197,3.185840707964597
2025-12-17,5.48,5.49,5.26,5.44,24669504.0,134011261.0,974176845.0,0.02532343498679647,-0.040000000000000036,-0.7299270072992692,4.19708029197081
2025-12-18,5.4,5.51,5.37,5.41,12975817.0,71753855.0,974176845.0,0.013319775630676173,-0.03000000000000025,-0.5514705882353033,2.5735294117647
2025-12-19,5.44,5.63,5.42,5.54,25405238.0,142977729.0,974176845.0,0.02607867157836214,0.1299999999999999,2.402957486136792,3.88170055452865
2025-12-22,5.53,5.63,5.51,5.59,15773687.0,89162177.0,974176845.0,0.016191810635778354,0.04999999999999982,0.902527075812265,2.1660649819494604
2025-12-23,5.58,5.72,5.56,5.66,18377915.0,105107008.0,974176845.0,0.018865070643308095,0.07000000000000028,1.2522361359570633,2.862254025044725
2025-12-24,5.66,6.02,5.66,5.97,67295785.0,403558250.0,974176845.0,0.06907963923121166,0.3099999999999996,5.477031802120136,6.360424028268541
2025-12-25,5.93,5.99,5.84,5.96,31231042.0,187070182.0,974176845.0,0.032058904048371216,-0.009999999999999787,-0.16750418760468344,2.5125628140703578
2025-12-26,5.96,5.99,5.84,5.94,33846101.0,202731143.0,974176845.0,0.03474328216043772,-0.019999999999999574,-0.3355704697986517,2.516778523489939
2025-12-29,5.93,5.96,5.84,5.86,22093906.0,131684325.0,974176845.0,0.022679563893760992,-0.08000000000000007,-1.3468013468013518,2.0202020202020217
2025-12-30,5.83,5.91,5.71,5.81,25638015.0,150853445.0,974176845.0,0.026317618953466296,-0.05000000000000071,-0.8532423208191253,3.4129692832764533
2025-12-31,5.82,5.82,5.62,5.63,35599201.0,204318464.0,948622092.0,0.03752727382191306,-0.17999999999999972,-3.098106712564541,3.4423407917383853
2026-01-05,5.65,5.69,5.56,5.68,27327620.0,155688853.0,948622092.0,0.028807699325644632,0.04999999999999982,0.8880994671403242,2.309058614564845
2026-01-06,5.68,6.08,5.66,6.02,62086557.0,372619301.0,948622092.0,0.06544919997498856,0.33999999999999986,5.98591549295775,7.394366197183097
2026-01-07,6.02,6.09,5.91,5.97,33990527.0,206105017.0,948622092.0,0.0358314731299764,-0.04999999999999982,-0.830564784053156,2.9900332225913577
2026-01-08,5.97,6.24,5.94,6.11,47606634.0,295725898.0,948622092.0,0.05018503617139037,0.14000000000000057,2.345058626465679,5.025125628140701
2026-01-09,6.12,6.2,6.03,6.08,36548050.0,225690092.0,948622092.0,0.03852751301937843,-0.03000000000000025,-0.49099836333879043,2.7823240589198024
2026-01-12,6.08,6.12,6.01,6.03,30333305.0,185741300.0,948622092.0,0.03197617392195416,-0.04999999999999982,-0.8223684210526327,1.8092105263157947
2026-01-13,6.04,6.05,5.82,5.84,38246372.0,230029452.0,948622092.0,0.04031781709760139,-0.1900000000000004,-3.1509121061359946,3.8142620232172395
2026-01-14,5.86,6.13,5.86,5.94,43932010.0,266598772.0,948622092.0,0.0463113924612247,0.10000000000000053,1.7123287671233056,4.62328767123287
2026-01-15,5.92,5.94,5.83,5.86,26086100.0,155153757.0,948622092.0,0.02749893790160645,-0.08000000000000007,-1.3468013468013518,1.851851851851857
2026-01-16,5.87,5.92,5.78,5.83,21776230.0,128826598.0,948622092.0,0.02295564290948434,-0.03000000000000025,-0.5119453924914752,2.3890784982935096
2026-01-19,5.8,5.98,5.79,5.96,25082418.0,150461170.0,948622092.0,0.026440895917907846,0.1299999999999999,2.2298456260720467,3.2590051457976053
2026-01-20,5.95,5.98,5.84,5.96,20861100.0,124841699.0,948622092.0,0.02199094895209335,0.0,0.0,2.3489932885906133
2026-01-21,5.93,6.32,5.87,6.27,73486780.0,459569679.0,948622092.0,0.07746686548809575,0.3099999999999996,5.201342281879184,7.550335570469802
2026-01-22,6.39,6.65,6.33,6.61,94409906.0,625062754.0,948622092.0,0.09952319980336279,0.34000000000000075,5.422647527910707,5.103668261563003
2026-01-23,6.62,6.91,6.54,6.73,74263518.0,509509282.0,948622092.0,0.07828567205664445,0.1200000000000001,1.8154311649016597,5.597579425113466
2026-01-26,6.71,6.8,6.58,6.74,49156863.0,332541096.0,948622092.0,0.051819226449134816,0.009999999999999787,0.14858841010401136,3.2689450222882575
2026-01-27,6.7,6.74,6.51,6.69,36691856.0,245492031.0,948622092.0,0.03867910763351693,-0.04999999999999982,-0.7418397626112738,3.4124629080118756
2026-01-28,6.63,6.85,6.57,6.83,43605379.0,299380660.0,948622092.0,0.04596707094188146,0.13999999999999968,2.0926756352765308,4.1853512705530544
2026-01-29,6.9,6.9,6.59,6.73,41448438.0,282724050.0,948622092.0,0.04369330879972801,-0.09999999999999964,-1.4641288433382083,4.538799414348469
2026-01-30,6.67,6.71,6.38,6.63,44095645.0,292090331.0,948622092.0,0.04648389002519667,-0.10000000000000053,-1.4858841010401247,4.903417533432393
2026-02-02,6.57,6.61,6.21,6.21,39023500.0,251276727.0,948622092.0,0.04113703478877024,-0.41999999999999993,-6.334841628959276,6.033182503770744
2026-02-03,6.32,6.49,6.2,6.47,35831910.0,230958870.0,948622092.0,0.037772586472717314,0.2599999999999998,4.186795491143314,4.669887278582931
2026-02-04,6.49,6.58,6.4,6.5,25342724.0,166703135.0,948622092.0,0.026715300237810612,0.03000000000000025,0.46367851622874934,2.782071097372484
2026-02-05,6.45,6.52,6.37,6.38,20418309.0,132779115.0,948622092.0,0.02152417614157778,-0.1200000000000001,-1.846153846153853,2.3076923076922995
2026-02-06,6.33,6.43,6.23,6.27,20778600.0,133263327.0,948622092.0,0.02190398070552209,-0.11000000000000032,-1.7241379310344862,3.134796238244503
2026-02-09,6.39,6.41,6.24,6.33,26299800.0,168010117.0,948622092.0,0.027724212014240125,0.0600000000000005,0.9569377990430672,2.711323763955342
2026-02-10,6.33,6.36,6.25,6.3,19727105.0,125841624.0,948622092.0,0.020795536142753042,-0.03000000000000025,-0.4739336492891044,1.7377567140600365
2026-02-11,6.32,6.49,6.28,6.31,27935400.0,181231193.0,948622092.0,0.02944839703353651,0.009999999999999787,0.15873015873015817,3.3333333333333326
2026-02-12,6.33,6.61,6.29,6.44,39345407.0,257804619.0,948622092.0,0.04147637645360677,0.13000000000000078,2.0602218700475516,5.071315372424728
2026-02-13,6.4,6.41,6.13,6.14,38383300.0,242519887.0,948622092.0,0.040462161195377266,-0.3000000000000007,-4.658385093167716,4.347826086956525
2026-02-24,6.29,6.65,6.24,6.45,45884241.0,298765206.0,948622092.0,0.04836935739421932,0.3100000000000005,5.048859934853422,6.67752442996743
2026-02-25,6.46,6.65,6.45,6.57,28742738.0,191472621.0,948622092.0,0.030299460915358907,0.1200000000000001,1.8604651162790642,3.1007751937984525
2026-02-26,6.59,6.61,6.45,6.48,27896052.0,184156357.0,948622092.0,0.02940691792364456,-0.08999999999999986,-1.3698630136986245,2.4353120243531223
2026-02-27,6.44,6.79,6.42,6.74,46471327.0,312887764.0,948622092.0,0.048988240303389434,0.2599999999999998,4.012345679012341,5.7098765432098775
2026-03-02,6.76,6.81,6.55,6.68,40135599.0,271270959.0,948622092.0,0.04230936569839025,-0.0600000000000005,-0.8902077151335397,3.8575667655786314
2026-03-03,6.7,6.73,6.14,6.17,48363445.0,311827535.0,948622092.0,0.050982836482370265,-0.5099999999999998,-7.6347305389221525,8.832335329341328
2026-03-04,6.1,6.36,6.07,6.15,30643064.0,192976890.0,948622092.0,0.03230270964425315,-0.019999999999999574,-0.32414910858994395,4.700162074554296
2026-03-05,6.29,6.46,6.22,6.29,27603200.0,176713182.0,948622092.0,0.029098204894009574,0.13999999999999968,2.276422764227637,3.9024390243902474
2026-03-06,6.29,6.56,6.19,6.46,38627652.0,251375251.0,948622092.0,0.04071974743763399,0.16999999999999993,2.7027027027026973,5.882352941176458
2026-03-09,6.33,6.36,5.95,6.1,47660900.0,295135282.0,948622092.0,0.05024224124858353,-0.3600000000000003,-5.572755417956666,6.346749226006194
2026-03-10,6.25,6.36,6.17,6.21,31561718.0,199327826.0,948622092.0,0.03327111846347344,0.11000000000000032,1.80327868852459,3.1147540983606623
2026-03-11,6.22,6.26,6.03,6.04,41434117.0,256243239.0,948622092.0,0.04367821216628381,-0.16999999999999993,-2.7375201288244777,3.7037037037036966
2026-03-12,6.03,6.04,5.68,5.84,70115200.0,412666553.0,948622092.0,0.07391267881203846,-0.20000000000000018,-3.311258278145701,5.960264900662257
2026-03-13,5.83,5.99,5.81,5.85,34593126.0,206183894.0,948622092.0,0.036466709231983606,0.009999999999999787,0.1712328767123239,3.0821917808219284
2026-03-16,5.84,5.96,5.79,5.87,27102601.0,160817133.0,948622092.0,0.02857049316958138,0.020000000000000462,0.34188034188034067,2.905982905982905
2026-03-17,5.88,5.93,5.69,5.7,21350800.0,125851998.0,948622092.0,0.022507171380529056,-0.16999999999999993,-2.8960817717206155,4.088586030664384
2026-03-18,5.71,5.74,5.54,5.63,21592099.0,122946822.0,948622092.0,0.022761539270582366,-0.07000000000000028,-1.2280701754386003,3.5087719298245648
2026-03-19,5.54,5.58,5.43,5.43,25266200.0,140329027.0,948622092.0,0.026634631654772804,-0.20000000000000018,-3.5523978685612856,2.6642984014209654
2026-03-20,5.46,5.49,5.15,5.16,30670300.0,164399565.0,948622092.0,0.032331420761387876,-0.2699999999999996,-4.972375690607722,6.261510128913442
2026-03-23,5.02,5.09,4.78,4.82,35427886.0,177481420.0,948622092.0,0.03734668030480572,-0.33999999999999986,-6.5891472868217065,6.007751937984488
2026-03-24,5.01,5.17,4.91,5.16,37848718.0,192515285.0,948622092.0,0.039898625932485665,0.33999999999999986,7.05394190871369,5.39419087136929
2026-03-25,5.18,5.22,5.13,5.17,24667442.0,129455115.0,948622092.0,0.026003444583493844,0.009999999999999787,0.19379844961240345,1.744186046511625
2026-03-26,5.14,5.23,5.04,5.09,16163927.0,83969009.0,948622092.0,0.01703937441085865,-0.08000000000000007,-1.5473887814313358,3.6750483558994276
2026-03-27,5.03,5.2,5.01,5.18,14924195.0,77820946.0,948622092.0,0.015732497825909793,0.08999999999999986,1.7681728880157177,3.7328094302554105
2026-03-30,5.12,5.2,5.07,5.2,15709900.0,81784864.0,948622092.0,0.016560757052240357,0.020000000000000462,0.38610038610038533,2.5096525096525077
2026-03-31,5.18,5.26,5.13,5.13,14043507.0,73889383.0,948622092.0,0.014804111266681316,-0.07000000000000028,-1.3461538461538525,2.499999999999998
2026-04-01,5.31,5.35,5.19,5.24,15300361.0,81444677.0,948622092.0,0.016129037188815542,0.11000000000000032,2.144249512670582,3.1189083820662624
2026-04-02,5.35,5.53,5.27,5.34,38075535.0,206490897.0,948622092.0,0.040137727469243885,0.09999999999999964,1.9083969465648831,4.961832061068715
2026-04-03,5.36,5.38,5.06,5.09,22816251.0,119221900.0,948622092.0,0.024051992033936313,-0.25,-4.681647940074907,5.992509363295886
2026-04-07,5.08,5.2,5.03,5.15,13988210.0,72949577.0,948622092.0,0.014745819349946154,0.0600000000000005,1.1787819253438192,3.3398821218074644
2026-04-08,5.33,5.5,5.28,5.47,26149965.0,143048393.0,948622092.0,0.027566261866058248,0.3199999999999994,6.2135922330097015,4.27184466019417
2026-04-09,5.41,5.42,5.33,5.36,14746864.0,80166008.0,948622092.0,0.015545562478846423,-0.10999999999999943,-2.010968921389389,1.6453382084095038
2026-04-10,5.41,5.47,5.37,5.4,16276300.0,89417966.0,948622092.0,0.017157833595973223,0.040000000000000036,0.746268656716409,1.865671641791038
2026-04-13,5.39,5.51,5.33,5.45,15222595.0,83877938.0,948622092.0,0.016047059338356626,0.04999999999999982,0.92592592592593,3.3333333333333277
2026-04-14,5.48,5.6,5.46,5.59,19150100.0,107564898.0,948622092.0,0.020187280226233652,0.13999999999999968,2.5688073394495303,2.568807339449535
2026-04-15,5.6,5.64,5.53,5.54,12357500.0,69869555.0,948622092.0,0.01302678917581017,-0.04999999999999982,-0.8944543828264706,1.9677996422182369
2026-04-16,5.55,5.62,5.54,5.6,13283402.0,74984614.0,948622092.0,0.014002838550801956,0.05999999999999961,1.0830324909747224,1.4440433212996402
2026-04-17,5.59,5.62,5.55,5.59,11185301.0,63254432.0,948622092.0,0.0117911032162637,-0.009999999999999787,-0.17857142857142794,1.250000000000005
2026-04-20,5.58,5.79,5.56,5.7,20660212.0,119755250.0,948622092.0,0.021779180744612048,0.11000000000000032,1.9677996422182487,4.114490161001797
2026-04-21,5.71,5.72,5.64,5.7,11140867.0,63968787.0,948622092.0,0.011744262645740702,0.0,0.0,1.4035087719298258
2026-04-22,5.67,5.75,5.63,5.74,14448390.0,83261483.0,948622092.0,0.015230922958517816,0.040000000000000036,0.7017543859649145,2.1052631578947385
2026-04-23,5.73,5.76,5.63,5.67,16086689.0,92281030.0,948622092.0,0.01695795315717779,-0.07000000000000028,-1.2195121951219523,2.264808362369336
2026-04-24,5.53,5.53,5.19,5.28,53184222.0,285762142.0,948622092.0,0.05606470948601943,-0.3899999999999997,-6.878306878306873,5.996472663139327
2026-04-27,4.76,4.76,4.76,4.76,8461700.0,40785394.0,948622092.0,0.008919990448630623,-0.5200000000000005,-9.848484848484862,0.0
2026-04-28,4.28,4.28,4.28,4.28,6925000.0,30054500.0,948622092.0,0.007300061909163296,-0.47999999999999954,-10.084033613445364,0.0
2026-04-29,4.22,4.61,4.22,4.54,170696077.0,765822496.0,948622092.0,0.1799410728882751,0.2599999999999998,6.074766355140171,9.112149532710292
2026-04-30,4.56,4.66,4.37,4.44,109417500.0,499371075.0,948622092.0,0.11534361356619133,-0.09999999999999964,-2.2026431718061623,6.387665198237887
2026-05-06,4.5,4.55,4.34,4.52,81550494.0,366685969.0,948622092.0,0.08596731479030324,0.07999999999999918,1.8018018018017834,4.729729729729729
2026-05-07,4.62,4.7,4.51,4.69,71737958.0,334288793.0,948622092.0,0.07562332630136553,0.17000000000000082,3.7610619469026663,4.2035398230088585
2026-05-08,4.64,4.82,4.6,4.8,55697515.0,265385894.0,948622092.0,0.05871412385365362,0.10999999999999943,2.3454157782515805,4.690831556503212
2026-05-11,4.8,4.82,4.63,4.67,64643246.0,308318203.0,948622092.0,0.0681443606944798,-0.1299999999999999,-2.708333333333335,3.9583333333333415
2026-05-12,4.69,4.72,4.47,4.51,52665459.0,242046476.0,948622092.0,0.05551784998909766,-0.16000000000000014,-3.426124197002145,5.353319057815846
2026-05-13,4.51,4.52,4.32,4.35,60352455.0,269066703.0,948622092.0,0.06362117803176778,-0.16000000000000014,-3.5476718403547713,4.434589800443443
2026-05-14,4.34,4.4,4.26,4.34,43935800.0,193013614.0,948622092.0,0.04631538772976415,-0.009999999999999787,-0.22988505747125743,3.218390804597714
2026-05-15,4.31,4.42,4.24,4.3,42948011.0,187858798.0,948622092.0,0.04527409951991715,-0.040000000000000036,-0.9216589861751112,4.1474654377880125
2026-05-18,4.29,4.3,4.11,4.15,48152131.0,202721374.0,948622092.0,0.050760077596843485,-0.14999999999999947,-3.48837209302324,4.41860465116278
2026-05-19,4.16,4.22,4.12,4.18,31435160.0,132563137.0,948622092.0,0.03313770601075144,0.02999999999999936,0.7228915662650381,2.4096385542168584
2026-05-20,4.15,4.19,4.02,4.05,36921005.0,152155282.0,948622092.0,0.03892066747271157,-0.1299999999999999,-3.1100478468899517,4.066985645933034
2026-05-21,4.06,4.09,3.73,3.75,56481549.0,222988995.0,948622092.0,0.059540621577680905,-0.2999999999999998,-7.4074074074074066,8.888888888888886
2026-05-22,3.8,3.95,3.75,3.93,48119929.0,188742576.0,948622092.0,0.05072613151834545,0.18000000000000016,4.800000000000004,5.3333333333333375
2026-05-25,3.93,4.03,3.89,3.97,33267578.0,132814771.0,948622092.0,0.03506936880403161,0.040000000000000036,1.0178117048346147,3.562340966921122
2026-05-26,3.96,3.96,3.87,3.93,29212738.0,115870565.0,948622092.0,0.03079491638067396,-0.040000000000000036,-1.0075566750629705,2.267002518891684
2026-05-27,3.9,3.94,3.77,3.79,25689623.0,99615032.0,948622092.0,0.027080987483475136,-0.14000000000000012,-3.562340966921118,4.325699745547071
2026-05-28,3.78,3.89,3.76,3.85,22554267.0,87678111.0,948622092.0,0.023775818832606314,0.06000000000000005,1.58311345646438,3.430079155672832
2026-05-29,3.89,3.9,3.74,3.75,31925374.0,122004572.0,948622092.0,0.03365447027771729,-0.10000000000000009,-2.5974025974025983,4.155844155844148
2026-06-01,3.74,3.9,3.71,3.8,41268874.0,157377720.0,948622092.0,0.04350401951212412,0.04999999999999982,1.3333333333333197,5.0666666666666655
2026-06-02,3.8,3.83,3.66,3.75,31141224.0,116169845.0,948622092.0,0.03282785027106453,-0.04999999999999982,-1.3157894736842035,4.473684210526314
2026-06-03,3.72,3.82,3.7,3.74,24881524.0,93437755.0,948622092.0,0.02622912138546316,-0.009999999999999787,-0.2666666666666595,3.199999999999991
2026-06-04,3.72,3.89,3.7,3.79,37808100.0,143161368.0,948622092.0,0.0398558080386768,0.04999999999999982,1.3368983957219305,5.080213903743314
2026-06-05,3.79,4.02,3.76,3.91,54518730.0,211677806.0,948622092.0,0.057471495192629354,0.1200000000000001,3.16622691292876,6.86015831134564
2026-06-08,3.83,4.17,3.81,4.16,88641948.0,354246506.0,948622092.0,0.09344284594206984,0.25,6.39386189258313,9.20716112531969
2026-06-09,4.12,4.58,4.06,4.58,122617597.0,533035024.0,948622092.0,0.1292586352711676,0.41999999999999993,10.096153846153854,12.50000000000001
2026-06-10,4.5,4.5,4.12,4.12,113066272.0,476169533.0,948622092.0,0.11919000511744354,-0.45999999999999996,-10.043668122270743,8.296943231441045
2026-06-11,4.02,4.4,3.95,4.05,115802787.0,477914284.0,948622092.0,0.12207473131460657,-0.07000000000000028,-1.6990291262136026,10.922330097087382
2026-06-12,4.06,4.3,3.86,4.15,108266703.0,443723508.0,948622092.0,0.1141304887510463,0.10000000000000053,2.4691358024691468,10.864197530864196
2026-06-15,4.18,4.3,4.13,4.22,69242026.0,290770993.0,948622092.0,0.07299221321529163,0.0699999999999994,1.6867469879517927,4.096385542168672
2026-06-16,4.2,4.35,4.12,4.23,65558900.0,277700070.0,948622092.0,0.06910960703200658,0.010000000000000675,0.23696682464455776,5.450236966824634
2026-06-17,4.23,4.65,4.2,4.42,132419417.0,591498859.0,948622092.0,0.13959132737549612,0.1899999999999995,4.491725768321508,10.638297872340429
2026-06-18,4.34,4.43,4.18,4.21,89563600.0,381603182.0,948622092.0,0.09441441513466249,-0.20999999999999996,-4.751131221719451,5.656108597285068
