date,open,high,low,close,volume,amount,outstanding_share,turnover,change,pct_chg,amplitude
2023-03-06,5.48,5.52,5.4,5.43,5011036.0,27379178.0,611950950.0,0.008188623614359942,,,
2023-03-07,5.46,5.49,5.32,5.33,8845372.0,48115825.0,611950950.0,0.014454380698322309,-0.09999999999999964,-1.8416206261510082,3.130755064456721
2023-03-08,5.31,5.37,5.27,5.33,9854901.0,52691112.0,611950950.0,0.01610407010561876,0.0,0.0,1.8761726078799348
2023-03-09,5.42,5.43,5.27,5.29,5677013.0,30337572.0,611950950.0,0.009276908549614965,-0.040000000000000036,-0.7504690431519689,3.001876172607883
2023-03-10,5.29,5.4,5.22,5.22,10628304.0,56662319.0,611950950.0,0.017367901790167988,-0.07000000000000028,-1.3232514177693777,3.4026465028355504
2023-03-13,5.25,5.32,5.17,5.22,7644200.0,40190983.0,611950950.0,0.0124915240347286,0.0,0.0,2.8735632183908115
2023-03-14,5.24,5.26,5.08,5.16,8857896.0,45933545.0,611950950.0,0.014474846390874955,-0.05999999999999961,-1.1494252873563093,3.44827586206896
2023-03-15,5.21,5.26,5.15,5.22,7009770.0,36744896.0,611950950.0,0.011454790616796983,0.05999999999999961,1.1627906976744207,2.131782945736423
2023-03-16,5.19,5.22,5.07,5.08,7635836.0,39353954.0,611950950.0,0.012477856272631,-0.13999999999999968,-2.6819923371647403,2.8735632183907946
2023-03-17,5.12,5.21,5.08,5.21,10488585.0,54219545.0,611950950.0,0.017139584471598582,0.1299999999999999,2.5590551181102317,2.559055118110234
2023-03-20,5.28,5.73,5.24,5.73,30577574.0,171933382.0,611950950.0,0.049967360946167334,0.5200000000000005,9.98080614203456,9.404990403071022
2023-03-21,5.88,5.94,5.55,5.62,61503755.0,349910403.0,611950950.0,0.10050438683034972,-0.11000000000000032,-1.919720767888311,6.806282722513099
2023-03-22,5.62,5.66,5.47,5.55,35939551.0,200083903.0,611950950.0,0.058729463529715906,-0.07000000000000028,-1.245551601423489,3.3807829181494733
2023-03-23,5.52,5.57,5.46,5.54,27780613.0,154147618.0,611950950.0,0.04539679691648489,-0.009999999999999787,-0.18018018018017834,1.9819819819819877
2023-03-24,5.52,5.52,5.39,5.39,23742300.0,129699216.0,611950950.0,0.03879771736607321,-0.15000000000000036,-2.7075812274368283,2.346570397111911
2023-03-27,5.41,5.42,5.23,5.31,19988599.0,106439331.0,611950950.0,0.032663727378803804,-0.08000000000000007,-1.4842300556586308,3.52504638218923
2023-03-28,5.37,5.84,5.35,5.84,76943538.0,443473815.0,611950950.0,0.12573481256953684,0.5300000000000002,9.981167608286267,9.227871939736351
2023-03-29,5.87,6.02,5.73,5.75,85472279.0,502474966.0,611950950.0,0.13967178088374566,-0.08999999999999986,-1.5410958904109595,4.96575342465752
2023-03-30,5.77,5.91,5.66,5.74,51305399.0,297681789.0,611950950.0,0.08383907076212563,-0.009999999999999787,-0.17391304347825765,4.3478260869565215
2023-03-31,5.78,5.9,5.71,5.79,32473128.0,188613280.0,611950950.0,0.053064919663904433,0.04999999999999982,0.8710801393728262,3.3101045296167317
2023-04-03,5.83,5.86,5.66,5.68,33669682.0,193448172.0,611950950.0,0.05502022997104588,-0.11000000000000032,-1.8998272884283351,3.4542314335060476
2023-04-04,5.69,5.75,5.65,5.71,25368060.0,145219646.0,611950950.0,0.041454400879678346,0.03000000000000025,0.5281690140845008,1.760563380281684
2023-04-06,5.68,5.83,5.67,5.8,29320013.0,169694014.0,611950950.0,0.04791235800843188,0.08999999999999986,1.5761821366024442,2.802101576182139
2023-04-07,5.77,5.78,5.61,5.71,23555526.0,134467847.0,611950950.0,0.03849250662982057,-0.08999999999999986,-1.551724137931032,2.9310344827586197
2023-04-10,5.72,5.75,5.55,5.6,16126228.0,91342650.0,611950950.0,0.026352157799575275,-0.11000000000000032,-1.9264448336252293,3.5026269702276736
2023-04-11,5.59,5.67,5.55,5.64,11674497.0,66079995.0,611950950.0,0.01907750449607113,0.040000000000000036,0.7142857142857117,2.142857142857145
2023-04-12,5.62,5.71,5.6,5.66,12784187.0,72716458.0,611950950.0,0.020890868786133922,0.020000000000000462,0.35460992907803135,1.950354609929084
2023-04-13,5.62,5.93,5.58,5.79,34764584.0,202874289.0,611950950.0,0.0568094289256353,0.1299999999999999,2.29681978798586,6.183745583038863
2023-04-14,5.78,6.2,5.77,6.09,48189600.0,290241871.0,611950950.0,0.07874748785012917,0.2999999999999998,5.181347150259064,7.426597582038006
2023-04-17,6.09,6.14,5.96,6.1,27994728.0,169792080.0,611950950.0,0.045746686070182584,0.009999999999999787,0.16420361247946325,2.9556650246305374
2023-04-18,6.08,6.09,5.94,5.98,17891070.0,107733359.0,611950950.0,0.029236117698648888,-0.11999999999999922,-1.967213114754085,2.459016393442614
2023-04-19,5.99,6.02,5.87,5.92,16882696.0,100730751.0,611950950.0,0.02758831569752445,-0.0600000000000005,-1.0033444816053616,2.508361204013369
2023-04-20,5.92,5.95,5.82,5.87,14220199.0,83762762.0,611950950.0,0.02323748169685822,-0.04999999999999982,-0.8445945945945943,2.1959459459459443
2023-04-21,5.88,5.89,5.65,5.68,17958614.0,103702818.0,611950950.0,0.029346492557941122,-0.1900000000000004,-3.236797274275982,4.088586030664384
2023-04-24,5.67,5.67,5.32,5.35,20956645.0,114044148.0,611950950.0,0.03424562867334384,-0.33000000000000007,-5.809859154929575,6.16197183098591
2023-04-25,5.35,5.42,5.17,5.28,15755800.0,83438998.0,611950950.0,0.02574683477491129,-0.0699999999999994,-1.3084112149532645,4.672897196261683
2023-04-26,5.29,5.45,5.23,5.41,12608501.0,67817287.0,611950950.0,0.020603777149132623,0.1299999999999999,2.4621212121212155,4.166666666666662
2023-04-27,5.41,5.45,5.28,5.36,9027972.0,48830752.0,611950950.0,0.014752770626469328,-0.04999999999999982,-0.9242144177449174,3.142329020332716
2023-04-28,5.23,5.23,4.83,4.98,32662079.0,162603797.0,611950950.0,0.053373687874820684,-0.3799999999999999,-7.089552238805963,7.4626865671641855
2023-05-04,4.98,5.06,4.95,4.98,12380892.0,62111387.0,611950950.0,0.02023183720852137,0.0,0.0,2.2088353413654502
2023-05-05,4.98,5.01,4.84,4.91,9843101.0,48484195.0,611950950.0,0.016084787514424156,-0.07000000000000028,-1.4056224899598457,3.4136546184738936
2023-05-08,4.91,4.96,4.83,4.85,9608959.0,47035283.0,611950950.0,0.01570217188158626,-0.0600000000000005,-1.2219959266802527,2.647657841140527
2023-05-09,4.85,4.87,4.65,4.66,16542130.0,78186746.0,611950950.0,0.027031790701525997,-0.1899999999999995,-3.9175257731958624,4.536082474226799
2023-05-10,4.66,4.74,4.61,4.68,9599000.0,45070265.0,611950950.0,0.015685897701441593,0.019999999999999574,0.42918454935620964,2.7896995708154484
2023-05-11,4.68,4.7,4.63,4.68,5673400.0,26567490.0,611950950.0,0.00927100448165004,0.0,0.0,1.495726495726502
2023-05-12,4.68,4.68,4.53,4.57,8456130.0,38998935.0,611950950.0,0.013818313379528211,-0.10999999999999943,-2.350427350427342,3.2051282051281937
2023-05-15,4.59,4.62,4.53,4.61,4905800.0,22568107.0,611950950.0,0.008016655583262025,0.040000000000000036,0.875273522975939,1.9693654266958391
2023-05-16,4.65,4.65,4.45,4.49,8531394.0,38703710.0,611950950.0,0.013941303628991833,-0.1200000000000001,-2.6030368763557465,4.338394793926251
2023-05-17,4.5,4.57,4.45,4.57,4901206.0,22277692.0,611950950.0,0.00800914844563931,0.08000000000000007,1.7817371937639104,2.672605790645882
2023-05-18,4.54,4.63,4.54,4.6,5024070.0,23218246.0,611950950.0,0.00820992270704049,0.02999999999999936,0.6564551422319376,1.9693654266958391
2023-05-19,4.62,4.62,4.54,4.6,3792831.0,17425543.0,611950950.0,0.006197933020612191,0.0,0.0,1.7391304347826104
2023-05-22,4.6,4.61,4.54,4.58,3732908.0,17115903.0,611950950.0,0.006100011773819454,-0.019999999999999574,-0.43478260869563856,1.521739130434789
2023-05-23,4.59,4.7,4.54,4.61,7696652.0,35758000.0,611950950.0,0.012577236786706516,0.03000000000000025,0.6550218340611424,3.493449781659392
2023-05-24,4.6,4.62,4.53,4.59,4221010.0,19385621.0,611950950.0,0.006897627987994789,-0.020000000000000462,-0.4338394793926392,1.9522776572668081
2023-05-25,4.58,4.63,4.5,4.62,6160466.0,28239739.0,611950950.0,0.010066927749683206,0.03000000000000025,0.6535947712418277,2.8322440087145946
2023-05-26,4.61,4.68,4.53,4.65,6386600.0,29537343.0,611950950.0,0.010436457366395133,0.03000000000000025,0.6493506493506551,3.246753246753235
2023-05-29,4.65,4.7,4.6,4.61,6219500.0,29007299.0,611950950.0,0.010163396265664756,-0.040000000000000036,-0.8602150537634468,2.1505376344086136
2023-05-30,4.62,4.62,4.5,4.57,5787669.0,26453622.0,611950950.0,0.009457733499719219,-0.040000000000000036,-0.8676789587852451,2.6030368763557505
2023-05-31,4.57,4.6,4.52,4.53,4160000.0,19039331.0,611950950.0,0.006797930455047092,-0.040000000000000036,-0.8752735229759279,1.7505470459518613
2023-06-01,4.51,4.63,4.5,4.58,4851460.0,22291624.0,611950950.0,0.007927857616692973,0.04999999999999982,1.103752759381904,2.8697571743929338
2023-06-02,4.61,4.73,4.59,4.68,6792900.0,31916132.0,611950950.0,0.011100399468290719,0.09999999999999964,2.183406113537112,3.0567685589519775
2023-06-05,4.7,4.7,4.6,4.63,5195062.0,24184008.0,611950950.0,0.008489343794629291,-0.04999999999999982,-1.0683760683760646,2.1367521367521483
2023-06-06,4.61,4.61,4.38,4.39,14001077.0,62934851.0,611950950.0,0.022879410514846002,-0.2400000000000002,-5.183585313174954,4.967602591792666
2023-06-07,4.39,4.4,4.32,4.34,6568403.0,28732657.0,611950950.0,0.010733544902577568,-0.04999999999999982,-1.1389521640091105,1.8223234624145803
2023-06-08,4.34,4.37,4.27,4.35,5684734.0,24711475.0,611950950.0,0.009289525573904249,0.009999999999999787,0.23041474654377225,2.3041474654378002
2023-06-09,4.35,4.36,4.26,4.32,6067800.0,26180787.0,611950950.0,0.009915500580561237,-0.02999999999999936,-0.6896551724137834,2.298850574712656
2023-06-12,4.33,4.37,4.22,4.35,7769098.0,33437144.0,611950950.0,0.012695622091934002,0.02999999999999936,0.6944444444444198,3.47222222222223
2023-06-13,4.35,4.35,4.29,4.3,4329098.0,18730345.0,611950950.0,0.007074256523337369,-0.04999999999999982,-1.1494252873563204,1.3793103448275774
2023-06-14,4.32,4.33,4.25,4.27,4165736.0,17911054.0,611950950.0,0.006807303755309147,-0.03000000000000025,-0.6976744186046546,1.8604651162790715
2023-06-15,4.25,4.3,4.24,4.3,4617200.0,19797948.0,611950950.0,0.007545049157943132,0.03000000000000025,0.7025761124121788,1.4051522248243469
2023-06-16,4.29,4.48,4.28,4.38,9212032.0,40478908.0,611950950.0,0.015053546366747205,0.08000000000000007,1.8604651162790642,4.651162790697678
2023-06-19,4.38,4.4,4.3,4.31,5767500.0,25107579.0,611950950.0,0.009424774975837524,-0.07000000000000028,-1.5981735159817378,2.2831050228310628
2023-06-20,4.27,4.33,4.16,4.17,11192603.0,47394503.0,611950950.0,0.018290032885805635,-0.13999999999999968,-3.24825986078886,3.944315545243618
2023-06-21,4.18,4.54,4.13,4.34,19522733.0,85800419.0,611950950.0,0.031902447410205016,0.16999999999999993,4.076738609112707,9.832134292565952
2023-06-26,4.35,4.4,4.23,4.25,9805097.0,42381620.0,611950950.0,0.016022684497834346,-0.08999999999999986,-2.073732718894006,3.917050691244238
2023-06-27,4.26,4.41,4.24,4.36,8358124.0,36526950.0,611950950.0,0.013658160020831735,0.11000000000000032,2.5882352941176467,3.9999999999999982
2023-06-28,4.35,4.37,4.26,4.35,7162600.0,31052257.0,611950950.0,0.011704532855125072,-0.010000000000000675,-0.2293577981651529,2.522935779816521
2023-06-29,4.38,4.42,4.31,4.37,7508618.0,33029390.0,611950950.0,0.012269967061902592,0.020000000000000462,0.45977011494253706,2.5287356321839156
2023-06-30,4.4,4.51,4.38,4.47,8477497.0,37956716.0,611950950.0,0.013853229576651527,0.09999999999999964,2.2883295194507935,2.9748283752860387
2023-07-03,4.53,4.55,4.45,4.46,7118454.0,32115736.0,611950950.0,0.01163239308640668,-0.009999999999999787,-0.22371364653243075,2.237136465324377
2023-07-04,4.46,4.49,4.43,4.48,5377479.0,24138866.0,611950950.0,0.008787434679201005,0.020000000000000462,0.4484304932735439,1.345291479820639
2023-07-05,4.48,4.61,4.46,4.53,6910264.0,31517837.0,611950950.0,0.011292186081253734,0.04999999999999982,1.116071428571419,3.348214285714293
2023-07-06,4.52,4.68,4.5,4.68,14256895.0,66107409.0,611950950.0,0.023297447287237646,0.14999999999999947,3.31125827814569,3.9735099337748276
2023-07-07,4.66,4.69,4.59,4.6,7710469.0,35783707.0,611950950.0,0.01259981539370108,-0.08000000000000007,-1.7094017094017144,2.1367521367521483
2023-07-10,4.62,4.62,4.5,4.52,6818428.0,31172327.0,611950950.0,0.011142115229986978,-0.08000000000000007,-1.7391304347826098,2.6086956521739157
2023-07-11,4.52,4.55,4.49,4.53,4224000.0,19191171.0,611950950.0,0.006902514000509355,0.010000000000000675,0.22123893805310324,1.3274336283185755
2023-07-12,4.54,4.57,4.5,4.5,5777799.0,26315753.0,611950950.0,0.00944160475606746,-0.03000000000000025,-0.6622516556291425,1.545253863134664
2023-07-13,4.53,4.6,4.51,4.56,6071295.0,27852602.0,611950950.0,0.009921211822614214,0.05999999999999961,1.3333333333333197,1.999999999999997
2023-07-14,4.53,4.53,4.44,4.46,6244205.0,28032118.0,611950950.0,0.010203767148331088,-0.09999999999999964,-2.1929824561403466,1.9736842105263128
2023-07-17,4.48,4.49,4.39,4.46,3765373.0,16808965.0,611950950.0,0.006153063411373084,0.0,0.0,2.242152466367725
2023-07-18,4.48,4.63,4.45,4.59,8093805.0,37002842.0,611950950.0,0.013226231612190487,0.1299999999999999,2.914798206278024,4.035874439461877
2023-07-19,4.59,4.61,4.52,4.59,4807538.0,22047957.0,611950950.0,0.007856083890383699,0.0,0.0,1.9607843137255065
2023-07-20,4.57,4.67,4.54,4.6,7664600.0,35479203.0,611950950.0,0.012524860039844697,0.009999999999999787,0.2178649237472685,2.8322440087145946
2023-07-21,4.58,4.61,4.52,4.52,5363543.0,24531645.0,611950950.0,0.008764661612176598,-0.08000000000000007,-1.7391304347826098,1.9565217391304512
2023-07-24,4.53,4.55,4.46,4.47,3765631.0,17011422.0,611950950.0,0.006153485013790729,-0.04999999999999982,-1.106194690265483,1.9911504424778732
2023-07-25,4.52,4.6,4.49,4.6,5533209.0,25388588.0,611950950.0,0.009041915859432852,0.1299999999999999,2.9082774049216997,2.4608501118568107
2023-07-26,4.61,4.64,4.57,4.62,5026681.0,23254587.0,611950950.0,0.008214189388871772,0.020000000000000462,0.43478260869567187,1.5217391304347696
2023-07-27,4.62,4.65,4.54,4.56,4549300.0,20981996.0,611950950.0,0.007434092552679263,-0.0600000000000005,-1.2987012987013102,2.3809523809523876
2023-07-28,4.57,4.64,4.51,4.62,5102285.0,23508429.0,611950950.0,0.00833773523842066,0.0600000000000005,1.3157894736842257,2.8508771929824537
2023-07-31,4.65,4.73,4.62,4.72,8321200.0,39139515.0,611950950.0,0.013597821851571601,0.09999999999999964,2.1645021645021467,2.3809523809523876
2023-08-01,4.72,4.83,4.7,4.8,9557520.0,45912916.0,611950950.0,0.015618114491038865,0.08000000000000007,1.6949152542372836,2.754237288135591
2023-08-02,4.8,4.82,4.72,4.75,5759900.0,27525377.0,611950950.0,0.009412355679813881,-0.04999999999999982,-1.041666666666663,2.0833333333333446
2023-08-03,4.78,4.78,4.69,4.74,3971000.0,18822541.0,611950950.0,0.006489082172353847,-0.009999999999999787,-0.21052631578947212,1.8947368421052602
2023-08-04,4.77,4.98,4.72,4.93,15122110.0,74045167.0,611950950.0,0.02471131060422408,0.1899999999999995,4.008438818565385,5.485232067510562
2023-08-07,4.93,4.93,4.75,4.82,10412036.0,50308099.0,611950950.0,0.017014494380636225,-0.10999999999999943,-2.2312373225152005,3.651115618661252
2023-08-08,4.82,4.84,4.75,4.79,5527000.0,26518294.0,611950950.0,0.009031769621405113,-0.03000000000000025,-0.6224066390041583,1.867219917012445
2023-08-09,4.79,4.79,4.69,4.72,5266740.0,24957126.0,611950950.0,0.008606474097311231,-0.07000000000000028,-1.4613778705636848,2.087682672233813
2023-08-10,4.72,4.79,4.71,4.77,5096850.0,24374946.0,611950950.0,0.008328853807645857,0.04999999999999982,1.0593220338982912,1.6949152542372898
2023-08-11,4.76,4.78,4.63,4.67,5021310.0,23696452.0,611950950.0,0.008205412541642431,-0.09999999999999964,-2.0964360587002018,3.144654088050322
2023-08-14,4.62,4.72,4.59,4.69,3981456.0,18622121.0,611950950.0,0.006506168509093743,0.020000000000000462,0.4282655246252709,2.7837259100642378
2023-08-15,4.93,5.08,4.78,4.82,22435747.0,110169321.0,611950950.0,0.0366626557242864,0.1299999999999999,2.771855010660973,6.396588486140721
2023-08-16,4.83,5.06,4.8,4.88,17210302.0,85321642.0,611950950.0,0.028123662525566796,0.05999999999999961,1.2448132780082943,5.39419087136929
2023-08-17,4.83,4.88,4.78,4.84,8281442.0,40092496.0,611950950.0,0.013532852592188966,-0.040000000000000036,-0.8196721311475419,2.049180327868845
2023-08-18,4.74,4.89,4.62,4.78,12477326.0,59730550.0,611950950.0,0.02038942173388243,-0.05999999999999961,-1.2396694214875992,5.578512396694206
2023-08-21,4.75,4.79,4.65,4.66,7480110.0,35354221.0,611950950.0,0.012223381628870746,-0.1200000000000001,-2.5104602510460317,2.9288702928870225
2023-08-22,4.66,4.7,4.56,4.64,6098500.0,28250993.0,611950950.0,0.009965668000025166,-0.020000000000000462,-0.42918454935623185,3.0042918454935745
2023-08-23,4.61,4.65,4.51,4.52,4814000.0,22104436.0,611950950.0,0.00786664356023959,-0.1200000000000001,-2.5862068965517238,3.0172413793103576
2023-08-24,4.57,4.58,4.44,4.49,4702753.0,21241922.0,611950950.0,0.00768485284645771,-0.02999999999999936,-0.6637168141592764,3.097345132743356
2023-08-25,4.46,4.58,4.42,4.43,5355170.0,24078143.0,611950950.0,0.008750979143017916,-0.0600000000000005,-1.3363028953229494,3.563474387527843
2023-08-28,4.65,4.77,4.53,4.65,14054794.0,65937429.0,611950950.0,0.022967190425964696,0.22000000000000064,4.966139954853288,5.417607223476283
2023-08-29,4.64,4.7,4.61,4.67,6283165.0,29390463.0,611950950.0,0.01026743238163124,0.019999999999999574,0.4301075268817067,1.9354838709677389
2023-08-30,4.66,4.73,4.65,4.66,4035600.0,18967055.0,611950950.0,0.006594646188554818,-0.009999999999999787,-0.21413276231262435,1.713062098501072
2023-08-31,4.63,4.67,4.58,4.66,5555900.0,25807281.0,611950950.0,0.009078995628652917,0.0,0.0,1.9313304721030013
2023-09-01,4.66,4.68,4.63,4.66,2653245.0,12402481.0,611950950.0,0.004335715141875342,0.0,0.0,1.072961373390554
2023-09-04,4.65,4.81,4.65,4.8,7854600.0,37534992.0,611950950.0,0.01283534244043579,0.13999999999999968,3.0042918454935563,3.4334763948497695
2023-09-05,4.8,4.82,4.71,4.73,4396349.0,20893349.0,611950950.0,0.007184152586085535,-0.0699999999999994,-1.458333333333317,2.2916666666666736
2023-09-06,4.71,4.78,4.71,4.76,3931300.0,18748997.0,611950950.0,0.006424207691809286,0.02999999999999936,0.6342494714587588,1.4799154334038114
2023-09-07,4.77,4.78,4.65,4.66,5451400.0,25750251.0,611950950.0,0.008908230308327816,-0.09999999999999964,-2.1008403361344463,2.7310924369747878
2023-09-08,4.66,4.69,4.62,4.63,3756281.0,17548646.0,611950950.0,0.006138206011445852,-0.03000000000000025,-0.6437768240343367,1.5021459227467873
2023-09-11,4.65,4.71,4.59,4.68,4068200.0,19058250.0,611950950.0,0.006647918432024658,0.04999999999999982,1.0799136069114423,2.5917926565874754
2023-09-12,4.69,4.7,4.64,4.64,3982380.0,18627179.0,611950950.0,0.006507678434031355,-0.040000000000000036,-0.8547008547008517,1.2820512820512928
2023-09-13,4.62,4.68,4.56,4.6,4154507.0,19271439.0,611950950.0,0.006788954245434214,-0.040000000000000036,-0.8620689655172376,2.5862068965517264
2023-09-14,4.58,4.64,4.52,4.55,6632831.0,30403297.0,611950950.0,0.01083882785050011,-0.04999999999999982,-1.0869565217391242,2.6086956521739157
2023-09-15,4.56,4.68,4.53,4.63,6956824.0,32167407.0,611950950.0,0.011368270610577531,0.08000000000000007,1.758241758241752,3.296703296703285
2023-09-18,4.58,4.64,4.51,4.59,4717725.0,21746565.0,611950950.0,0.007709318859624288,-0.040000000000000036,-0.8639308855291628,2.8077753779697603
2023-09-19,4.59,4.68,4.58,4.64,5448100.0,25439082.0,611950950.0,0.008902837719264919,0.04999999999999982,1.089324618736387,2.1786492374727593
2023-09-20,4.64,4.64,4.54,4.55,4832106.0,22179592.0,611950950.0,0.007896230898898024,-0.08999999999999986,-1.93965517241379,2.155172413793096
2023-09-21,4.55,4.55,4.48,4.48,3741166.0,16929850.0,611950950.0,0.0061135063194198815,-0.0699999999999994,-1.538461538461522,1.5384615384615252
2023-09-22,4.48,4.61,4.46,4.6,4635200.0,21163816.0,611950950.0,0.007574463280104394,0.11999999999999922,2.678571428571419,3.348214285714293
2023-09-25,4.59,4.66,4.58,4.6,3845000.0,17807498.0,611950950.0,0.0062831833172250166,0.0,0.0,1.7391304347826104
2023-09-26,4.58,4.58,4.51,4.53,3267000.0,14911763.0,611950950.0,0.005338663172268954,-0.0699999999999994,-1.5217391304347738,1.521739130434789
2023-09-27,4.53,4.68,4.51,4.65,8737301.0,40679913.0,611950950.0,0.014277779942983992,0.1200000000000001,2.6490066225165476,3.752759381898453
2023-09-28,4.66,4.8,4.66,4.76,6409276.0,30487752.0,611950950.0,0.010473512623846732,0.10999999999999943,2.3655913978494425,3.010752688172036
2023-10-09,4.74,4.78,4.68,4.76,7497907.0,35639710.0,611950950.0,0.012252464025098744,0.0,0.0,2.100840336134465
2023-10-10,4.76,4.83,4.72,4.74,4646510.0,22247339.0,611950950.0,0.0075929451535290534,-0.019999999999999574,-0.42016806722687816,2.310924369747906
2023-10-11,4.74,4.76,4.67,4.69,5190900.0,24509414.0,611950950.0,0.008482542595938449,-0.04999999999999982,-1.0548523206751037,1.898734177215187
2023-10-12,4.73,4.73,4.67,4.68,4160667.0,19592046.0,611950950.0,0.006799020411684956,-0.010000000000000675,-0.2132196162047073,1.2793176972281555
2023-10-13,4.67,4.68,4.61,4.62,3542689.0,16495750.0,611950950.0,0.005789171501408732,-0.05999999999999961,-1.2820512820512775,1.4957264957264829
2023-10-16,4.64,4.74,4.64,4.69,7342201.0,34596321.0,611950950.0,0.011998022063696445,0.07000000000000028,1.5151515151515138,2.164502164502176
2023-10-17,4.71,4.72,4.63,4.66,4001400.0,18730265.0,611950950.0,0.006538759356448421,-0.03000000000000025,-0.6396588486140775,1.918976545842214
2023-10-18,4.65,4.66,4.51,4.51,5693852.0,26081944.0,611950950.0,0.009304425460896826,-0.15000000000000036,-3.2188841201716833,3.218884120171681
2023-10-19,4.5,4.54,4.46,4.47,4495852.0,20311903.0,611950950.0,0.007346752219275091,-0.040000000000000036,-0.8869179600886956,1.7738359201773852
2023-10-20,4.48,4.58,4.43,4.5,5328700.0,24158191.0,611950950.0,0.008707724042261883,0.03000000000000025,0.6711409395973256,3.3557046979865857
2023-10-23,4.49,4.49,4.32,4.35,5792101.0,25587053.0,611950950.0,0.009464975910242479,-0.15000000000000036,-3.3333333333333437,3.7777777777777763
2023-10-24,4.36,4.57,4.35,4.55,6174226.0,27860815.0,611950950.0,0.010089413211957592,0.20000000000000018,4.597701149425282,5.057471264367831
2023-10-25,4.6,4.69,4.55,4.63,6162990.0,28692486.0,611950950.0,0.010071052263257373,0.08000000000000007,1.758241758241752,3.0769230769230895
2023-10-26,4.65,4.65,4.55,4.62,4478800.0,20619637.0,611950950.0,0.007318887240880989,-0.009999999999999787,-0.21598272138227959,2.159827213822906
2023-10-27,4.6,4.72,4.59,4.7,6646551.0,31278322.0,611950950.0,0.010861247948058582,0.08000000000000007,1.7316017316017396,2.8138528138528116
2023-10-30,4.7,4.89,4.69,4.78,10490354.0,50668890.0,611950950.0,0.017142475226159873,0.08000000000000007,1.7021276595744705,4.255319148936155
2023-10-31,4.79,4.94,4.77,4.88,13016212.0,63616961.0,611950950.0,0.021270024991382072,0.09999999999999964,2.092050209205021,3.5564853556485523
2023-11-01,4.89,5.36,4.83,5.36,31739271.0,165113883.0,611950950.0,0.0518657108057435,0.4800000000000004,9.836065573770503,10.860655737704922
2023-11-02,5.56,5.82,5.24,5.42,67421387.0,369173923.0,611950950.0,0.11017449519442694,0.05999999999999961,1.1194029850746245,10.82089552238806
2023-11-03,5.42,5.59,5.36,5.56,37184731.0,204643102.0,611950950.0,0.0607642344537581,0.13999999999999968,2.58302583025829,4.243542435424346
2023-11-06,5.48,5.54,5.36,5.41,32184124.0,174750434.0,611950950.0,0.052592653054954815,-0.14999999999999947,-2.6978417266186994,3.237410071942441
2023-11-07,5.38,5.72,5.27,5.62,39923471.0,219887329.0,611950950.0,0.06523965850530994,0.20999999999999996,3.8817005545286554,8.317929759704255
2023-11-08,5.61,5.81,5.56,5.72,31168979.0,178221707.0,611950950.0,0.050933786441544046,0.09999999999999964,1.7793594306049654,4.448398576512456
2023-11-09,5.76,5.84,5.68,5.69,20965065.0,120799808.0,611950950.0,0.03425938794604372,-0.02999999999999936,-0.5244755244755095,2.7972027972028
2023-11-10,5.67,5.74,5.52,5.56,27466264.0,155427654.0,611950950.0,0.04488311358941432,-0.13000000000000078,-2.2847100175747093,3.866432337434106
2023-11-13,5.5,5.66,5.45,5.63,26667185.0,148624417.0,611950950.0,0.043577324293719945,0.07000000000000028,1.25899280575541,3.7769784172661867
2023-11-14,5.68,5.82,5.61,5.81,26071391.0,150779545.0,611950950.0,0.04260372665488958,0.17999999999999972,3.1971580817051537,3.7300177619893424
2023-11-15,5.81,6.07,5.8,5.99,27771776.0,166730340.0,611950950.0,0.04538235621662161,0.1800000000000006,3.0981067125645634,4.647160068846825
2023-11-16,5.97,6.0,5.85,5.86,17983366.0,106668833.0,611950950.0,0.029386940244148653,-0.1299999999999999,-2.170283806343909,2.5041736227045135
2023-11-17,5.9,5.98,5.84,5.97,15195100.0,90372669.0,611950950.0,0.024830584869587995,0.10999999999999943,1.8771331058020424,2.3890784982935247
2023-11-20,5.93,6.22,5.9,6.15,24087600.0,147315794.0,611950950.0,0.039361978276200076,0.1800000000000006,3.015075376884435,5.360134003350074
2023-11-21,6.17,6.22,5.94,5.97,22119157.0,134285573.0,611950950.0,0.036145310339006746,-0.1800000000000006,-2.9268292682926966,4.552845528455274
2023-11-22,5.95,6.05,5.9,5.96,14446608.0,86633679.0,611950950.0,0.023607460695992056,-0.009999999999999787,-0.16750418760468344,2.5125628140703427
2023-11-23,5.98,6.1,5.93,6.07,12953300.0,78654072.0,611950950.0,0.021167219366192667,0.11000000000000032,1.8456375838926231,2.8523489932885893
2023-11-24,6.08,6.14,5.99,6.02,13092970.0,79608848.0,611950950.0,0.021395456612985076,-0.05000000000000071,-0.8237232289950658,2.471169686985164
2023-11-27,5.97,6.4,5.95,6.22,28451989.0,177124069.0,611950950.0,0.046493904454270395,0.20000000000000018,3.322259136212624,7.475083056478408
2023-11-28,6.2,6.3,6.17,6.29,16339798.0,102460910.0,611950950.0,0.026701156359018645,0.07000000000000028,1.12540192926045,2.0900321543408342
2023-11-29,6.27,6.39,6.25,6.36,14493265.0,92005880.0,611950950.0,0.023683703734751944,0.07000000000000028,1.1128775834658322,2.2257551669316324
2023-11-30,6.36,6.36,6.19,6.21,14876339.0,93760193.0,611950950.0,0.024309691814352115,-0.15000000000000036,-2.358490566037741,2.672955974842766
2023-12-01,6.26,6.27,6.18,6.21,11434797.0,71407468.0,611950950.0,0.018685806435957,0.0,0.0,1.4492753623188384
2023-12-04,6.22,6.32,6.17,6.31,16864216.0,106124604.0,611950950.0,0.02755811719877222,0.09999999999999964,1.61030595813203,2.4154589371980735
2023-12-05,6.28,6.48,6.2,6.21,23124100.0,147185998.0,611950950.0,0.037787505681623666,-0.09999999999999964,-1.5847860538827252,4.437400950871637
2023-12-06,6.19,6.75,6.16,6.61,37531960.0,242754501.0,611950950.0,0.06133164757730991,0.40000000000000036,6.441223832528187,9.500805152979064
2023-12-07,6.58,6.62,5.95,5.95,38136395.0,238456579.0,611950950.0,0.06231936562889558,-0.6600000000000001,-9.98487140695915,10.136157337367624
2023-12-08,5.75,6.02,5.65,5.91,41939046.0,247967892.0,611950950.0,0.06853334568726464,-0.040000000000000036,-0.6722689075630228,6.21848739495797
2023-12-11,5.88,5.88,5.67,5.76,22654284.0,131134216.0,611950950.0,0.037019770947328376,-0.15000000000000036,-2.5380710659898553,3.5532994923857864
2023-12-12,5.84,5.84,5.56,5.7,18236108.0,103875388.0,611950950.0,0.029799950469886517,-0.05999999999999961,-1.041666666666663,4.861111111111115
2023-12-13,5.7,5.76,5.67,5.72,10217211.0,58683518.0,611950950.0,0.016696127361188015,0.019999999999999574,0.35087719298245723,1.5789473684210502
2023-12-14,5.77,5.97,5.68,5.74,16324400.0,95703733.0,611950950.0,0.02667599421162758,0.020000000000000462,0.34965034965035446,5.069930069930071
2023-12-15,5.81,5.91,5.75,5.82,11782100.0,68958502.0,611950950.0,0.019253340484233255,0.08000000000000007,1.3937282229965264,2.7874564459930338
2023-12-18,5.84,5.87,5.72,5.77,9299500.0,54214073.0,611950950.0,0.01519647939103616,-0.05000000000000071,-0.85910652920963,2.577319587628872
2023-12-19,5.77,5.86,5.7,5.81,8944170.0,51984861.0,611950950.0,0.014615828278393882,0.040000000000000036,0.6932409012131657,2.772963604852689
2023-12-20,5.85,6.04,5.81,5.92,17861273.0,106641867.0,611950950.0,0.029187425887646713,0.11000000000000032,1.8932874354561147,3.958691910499147
2023-12-21,5.94,5.94,5.77,5.9,13414466.0,79147628.0,611950950.0,0.021920818980671573,-0.019999999999999574,-0.33783783783782884,2.8716216216216353
2023-12-22,6.01,6.1,5.85,5.92,20438166.0,122806789.0,611950950.0,0.03339837285978558,0.019999999999999574,0.3389830508474523,4.23728813559322
2023-12-25,5.87,5.95,5.76,5.87,12861909.0,75371170.0,611950950.0,0.021017875697390453,-0.04999999999999982,-0.8445945945945943,3.2094594594594663
2023-12-26,5.85,5.93,5.81,5.83,7423940.0,43706436.0,611950950.0,0.012131593226548632,-0.040000000000000036,-0.6814310051107331,2.0442930153321996
2023-12-27,5.82,6.19,5.8,6.17,17896119.0,108840837.0,611950950.0,0.029244368359915122,0.33999999999999986,5.831903945111483,6.689536878216133
2023-12-28,6.13,6.26,6.1,6.19,15796847.0,98166915.0,611950950.0,0.02581391041226425,0.020000000000000462,0.32414910858995505,2.5931928687196133
2023-12-29,6.22,6.43,6.18,6.39,18049350.0,115207110.0,611950950.0,0.029494765879520247,0.1999999999999993,3.2310177705977328,4.038772213247173
2024-01-02,6.39,6.41,6.22,6.37,13165800.0,83620933.0,611950950.0,0.021514469419485337,-0.019999999999999574,-0.312989045383405,2.973395931142416
2024-01-03,6.32,6.6,6.32,6.44,17155340.0,111428381.0,611950950.0,0.028033848137665282,0.07000000000000028,1.098901098901095,4.395604395604385
2024-01-04,6.45,6.51,6.41,6.5,10722631.0,69647096.0,611950950.0,0.01752204322911828,0.05999999999999961,0.9316770186335255,1.5527950310558951
2024-01-05,6.53,6.63,6.28,6.33,19865843.0,128987025.0,611950950.0,0.0324631296021356,-0.16999999999999993,-2.6153846153846194,5.38461538461538
2024-01-08,6.32,6.32,6.03,6.18,19950001.0,123635791.0,611950950.0,0.032600653696182674,-0.15000000000000036,-2.3696682464455,4.58135860979463
2024-01-09,6.18,6.22,6.05,6.14,11564600.0,71232559.0,611950950.0,0.018897919841451345,-0.040000000000000036,-0.6472491909385147,2.750809061488672
2024-01-10,6.11,6.17,6.03,6.06,8625587.0,52795823.0,611950950.0,0.014095226096143817,-0.08000000000000007,-1.3029315960912058,2.280130293159604
2024-01-11,6.04,6.34,5.97,6.29,13708600.0,85460319.0,611950950.0,0.022401468614437155,0.23000000000000043,3.7953795379538136,6.105610561056108
2024-01-12,6.29,6.37,6.2,6.23,8467753.0,53319097.0,611950950.0,0.013837306731854898,-0.05999999999999961,-0.9538950715421213,2.7027027027027013
2024-01-15,6.19,6.26,6.15,6.19,6255800.0,38990852.0,611950950.0,0.010222714745356633,-0.040000000000000036,-0.6420545746388395,1.7656500802568125
2024-01-16,6.23,6.23,5.88,6.07,12126200.0,73453415.0,611950950.0,0.019815640452882703,-0.1200000000000001,-1.9386106623586419,5.6542810985460505
2024-01-17,6.06,6.09,5.97,5.97,8535892.0,51614390.0,611950950.0,0.013948653891296353,-0.10000000000000053,-1.6474464579901205,1.97693574958814
2024-01-18,5.91,6.0,5.66,5.92,13920120.0,81070591.0,611950950.0,0.02274711723218993,-0.04999999999999982,-0.8375209380234505,5.695142378559462
2024-01-19,5.97,6.05,5.9,5.97,9193200.0,55178907.0,611950950.0,0.015022772658494934,0.04999999999999982,0.8445945945945832,2.533783783783775
2024-01-22,5.9,5.96,5.37,5.41,17584700.0,99074504.0,611950950.0,0.028735472998285237,-0.5599999999999996,-9.380234505862639,9.882747068676714
2024-01-23,5.4,5.63,5.36,5.5,11311717.0,62378841.0,611950950.0,0.018484679205089886,0.08999999999999986,1.6635859519408491,4.990757855822543
2024-01-24,5.53,5.67,5.38,5.64,11347399.0,63441852.0,611950950.0,0.018542987799920894,0.13999999999999968,2.5454545454545396,5.272727272727273
2024-01-25,5.65,5.82,5.64,5.76,9546093.0,54973885.0,611950950.0,0.015599441425820157,0.1200000000000001,2.127659574468077,3.1914893617021387
2024-01-26,5.74,5.85,5.7,5.77,8553290.0,49712514.0,611950950.0,0.01397708427448311,0.009999999999999787,0.17361111111111605,2.604166666666657
2024-01-29,5.79,5.81,5.5,5.5,7849967.0,44230200.0,611950950.0,0.01282777157221506,-0.2699999999999996,-4.679376083188902,5.3726169844020735
2024-01-30,5.51,5.57,5.29,5.3,8099621.0,44160549.0,611950950.0,0.01323573564188437,-0.20000000000000018,-3.6363636363636376,5.090909090909095
2024-01-31,5.28,5.31,4.99,5.04,10979118.0,56766261.0,611950950.0,0.017941173226383587,-0.2599999999999998,-4.9056603773584895,6.037735849056593
2024-02-01,5.03,5.06,4.82,4.88,10628202.0,52647894.0,611950950.0,0.017367735110142404,-0.16000000000000014,-3.1746031746031744,4.7619047619047485
2024-02-02,4.93,5.1,4.58,4.81,14707100.0,72155360.0,611950950.0,0.02403313533543824,-0.07000000000000028,-1.434426229508201,10.655737704918025
2024-02-05,4.76,4.76,4.33,4.33,14448556.0,64001762.0,611950950.0,0.023610643957657065,-0.47999999999999954,-9.979209979209969,8.939708939708934
2024-02-06,4.08,4.58,3.9,4.33,16088822.0,66894069.0,611950950.0,0.026291031985488378,0.0,0.0,15.704387990762129
2024-02-07,4.28,4.51,4.19,4.32,11065331.0,48612998.0,611950950.0,0.018082055432710742,-0.009999999999999787,-0.2309468822170868,7.390300230946869
2024-02-08,4.44,4.75,4.26,4.71,12614616.0,56707990.0,611950950.0,0.02061376978007796,0.3899999999999997,9.027777777777768,11.342592592592597
2024-02-19,4.72,4.9,4.71,4.8,8425227.0,40593720.0,611950950.0,0.01376781423413102,0.08999999999999986,1.9108280254777066,4.0339702760085006
2024-02-20,4.76,4.87,4.7,4.79,7368222.0,35513096.0,611950950.0,0.012040543445516343,-0.009999999999999787,-0.2083333333333326,3.541666666666665
2024-02-21,4.77,4.92,4.71,4.81,9193698.0,44730929.0,611950950.0,0.015023586449208062,0.019999999999999574,0.41753653444676075,4.384133611691022
2024-02-22,4.8,4.98,4.79,4.93,9082201.0,44709714.0,611950950.0,0.014841387205951719,0.1200000000000001,2.494802494802495,3.9501039501039585
2024-02-23,4.94,5.07,4.89,5.06,9363260.0,46980298.0,611950950.0,0.01530067074820294,0.1299999999999999,2.6369168356997985,3.65111561866127
2024-02-26,5.06,5.2,4.99,5.07,12307202.0,62858897.0,611950950.0,0.020111419060628962,0.010000000000000675,0.19762845849804478,4.150197628458498
2024-02-27,5.04,5.18,4.98,5.18,9089771.0,46833891.0,611950950.0,0.014853757478438426,0.10999999999999943,2.1696252465483123,3.944773175542392
2024-02-28,5.18,5.29,4.67,4.67,34242672.0,169365091.0,611950950.0,0.05595656318533373,-0.5099999999999998,-9.845559845559837,11.969111969111971
2024-02-29,4.64,4.83,4.58,4.82,16515255.0,78898205.0,611950950.0,0.026987873783021334,0.15000000000000036,3.2119914346895095,5.353319057815846
2024-03-01,4.82,4.87,4.71,4.78,12617566.0,60616119.0,611950950.0,0.020618590427876612,-0.040000000000000036,-0.8298755186721962,3.3195020746887995
2024-03-04,4.75,4.8,4.52,4.77,17909652.0,83977173.0,611950950.0,0.029266482877426697,-0.010000000000000675,-0.20920502092051096,5.857740585774064
2024-03-05,4.73,4.73,4.55,4.6,14827305.0,68869544.0,611950950.0,0.02422956447734904,-0.16999999999999993,-3.563941299790352,3.7735849056603903
2024-03-06,4.6,5.06,4.56,5.06,28146316.0,138108012.0,611950950.0,0.045994398734081544,0.45999999999999996,10.000000000000009,10.869565217391305
2024-03-07,5.05,5.26,5.0,5.03,31903108.0,163120966.0,611950950.0,0.0521334397797732,-0.02999999999999936,-0.5928853754940566,5.138339920948613
2024-03-08,5.03,5.34,4.96,5.23,30726301.0,159509624.0,611950950.0,0.050210398398760556,0.20000000000000018,3.976143141153088,7.554671968190853
2024-03-11,5.24,5.24,5.05,5.12,22115296.0,113546266.0,611950950.0,0.036139001009803155,-0.11000000000000032,-2.103250478011476,3.6328871892925503
2024-03-12,5.08,5.08,4.9,5.04,20865428.0,104478173.0,611950950.0,0.03409656934105585,-0.08000000000000007,-1.5625,3.5156249999999947
2024-03-13,5.03,5.03,4.95,4.98,11830181.0,59192801.0,611950950.0,0.019331910506879678,-0.05999999999999961,-1.1904761904761862,1.5873015873015885
2024-03-14,4.96,5.03,4.86,4.93,13535200.0,67278730.0,611950950.0,0.022118112570950334,-0.05000000000000071,-1.0040160642570406,3.4136546184738936
2024-03-15,4.91,5.01,4.84,5.0,11723394.0,58068793.0,611950950.0,0.019157407958922196,0.07000000000000028,1.4198782961460488,3.448275862068964
2024-03-18,5.02,5.04,4.95,5.0,11495605.0,57630631.0,611950950.0,0.01878517387708933,0.0,0.0,1.7999999999999972
2024-03-19,5.01,5.04,4.94,4.95,14064944.0,70447358.0,611950950.0,0.02298377672262785,-0.04999999999999982,-1.0000000000000009,1.9999999999999927
2024-03-20,4.94,5.09,4.9,5.01,16511160.0,82994468.0,611950950.0,0.026981182070229648,0.05999999999999961,1.2121212121211977,3.8383838383838285
2024-03-21,5.03,5.16,5.0,5.04,16749202.0,85151215.0,611950950.0,0.02737017076286915,0.03000000000000025,0.5988023952095967,3.193612774451101
2024-03-22,5.01,5.06,4.83,4.85,17118051.0,84132002.0,611950950.0,0.027972913515372434,-0.1900000000000004,-3.7698412698412787,4.563492063492054
2024-03-25,4.85,5.01,4.8,4.81,12017845.0,58937987.0,611950950.0,0.019638575608061398,-0.040000000000000036,-0.8247422680412342,4.329896907216495
2024-03-26,4.8,4.82,4.66,4.8,11905171.0,56634771.0,611950950.0,0.019454453008039288,-0.009999999999999787,-0.20790020790020236,3.3264033264033293
2024-03-27,4.75,4.79,4.59,4.59,8032510.0,37765759.0,611950950.0,0.013126068355641902,-0.20999999999999996,-4.374999999999996,4.1666666666666705
2024-03-28,4.43,4.59,4.43,4.5,24316165.0,109855934.0,611950950.0,0.039735480433521674,-0.08999999999999986,-1.9607843137254832,3.4858387799564303
2024-03-29,4.46,4.64,4.44,4.6,14385689.0,66271904.0,611950950.0,0.02350791186777306,0.09999999999999964,2.2222222222222143,4.444444444444429
2024-04-01,4.63,4.68,4.53,4.59,12236214.0,56286885.0,611950950.0,0.019995416299296537,-0.009999999999999787,-0.21739130434782483,3.26086956521738
2024-04-02,4.61,4.66,4.56,4.62,12551790.0,58333758.0,611950950.0,0.02051110468902777,0.03000000000000025,0.6535947712418277,2.1786492374727784
2024-04-03,4.63,4.78,4.37,4.53,38667926.0,176778455.0,611950950.0,0.06318794994925656,-0.08999999999999986,-1.9480519480519431,8.874458874458877
2024-04-08,4.48,4.72,4.48,4.55,28471100.0,131397914.0,611950950.0,0.04652513408141617,0.019999999999999574,0.44150110375273943,5.298013245033097
2024-04-09,4.53,4.6,4.42,4.57,18138480.0,82141509.0,611950950.0,0.029640414807755425,0.020000000000000462,0.4395604395604602,3.9560439560439495
2024-04-10,4.56,4.69,4.43,4.5,16724924.0,75890647.0,611950950.0,0.0273304976485452,-0.07000000000000028,-1.5317286652078876,5.689277899343559
2024-04-11,4.45,4.73,4.42,4.63,24390706.0,112605132.0,611950950.0,0.03985728921574515,0.1299999999999999,2.8888888888888964,6.8888888888889
2024-04-12,4.64,5.1,4.64,5.1,42324601.0,210122442.0,611950950.0,0.06916338801336937,0.46999999999999975,10.151187904967607,9.935205183585312
2024-04-15,4.74,4.91,4.59,4.59,49228088.0,231315312.0,611950950.0,0.08044449967762939,-0.5099999999999998,-9.999999999999998,6.274509803921574
2024-04-16,4.34,4.34,4.13,4.13,17617300.0,73553368.0,611950950.0,0.02878874524175508,-0.45999999999999996,-10.02178649237473,4.57516339869281
2024-04-17,3.78,4.23,3.78,4.11,30155874.0,124620620.0,611950950.0,0.04927825342864489,-0.019999999999999574,-0.4842615012106477,10.895883777239725
2024-04-18,4.1,4.1,3.85,3.88,34801387.0,136785905.0,611950950.0,0.05686956936662979,-0.23000000000000043,-5.596107055961086,6.082725060827239
2024-04-19,3.89,4.24,3.83,4.02,35528620.0,144742843.0,611950950.0,0.058057953827835386,0.13999999999999968,3.6082474226803996,10.567010309278354
2024-04-22,3.95,3.98,3.62,3.62,36592366.0,135250755.0,611950950.0,0.059796240205199455,-0.39999999999999947,-9.950248756218894,8.955223880597012
2024-04-23,3.56,3.66,3.5,3.57,18272892.0,65882651.0,611950950.0,0.029860059862640953,-0.050000000000000266,-1.3812154696132617,4.419889502762435
2024-04-24,3.57,3.61,3.48,3.5,19509860.0,69033002.0,611950950.0,0.03188141141050602,-0.06999999999999984,-1.9607843137254832,3.6414565826330505
2024-04-25,3.5,3.65,3.47,3.61,19380002.0,70059291.0,611950950.0,0.0316692081285273,0.10999999999999988,3.142857142857136,5.142857142857134
2024-04-26,3.59,3.63,3.52,3.62,16406712.0,59211886.0,611950950.0,0.026810501724035235,0.010000000000000231,0.27700831024930483,3.047091412742379
2024-04-29,3.71,3.98,3.71,3.98,19077308.0,74659648.0,611950950.0,0.031174570445556136,0.3599999999999999,9.944751381215466,7.458563535911603
2024-04-30,3.93,4.05,3.83,3.88,35347484.0,139775336.0,611950950.0,0.057761956248290815,-0.10000000000000009,-2.5125628140703515,5.527638190954768
2024-05-06,3.96,4.17,3.91,4.12,28497217.0,115731170.0,611950950.0,0.04656781233855426,0.2400000000000002,6.185567010309279,6.7010309278350455
2024-05-07,4.11,4.16,4.06,4.15,18379196.0,75955985.0,611950950.0,0.03003377313165377,0.03000000000000025,0.728155339805836,2.42718446601943
2024-05-08,4.13,4.18,4.01,4.04,13383200.0,54635359.0,611950950.0,0.02186972665047746,-0.11000000000000032,-2.6506024096385583,4.096385542168672
2024-05-09,4.04,4.11,4.04,4.07,13032302.0,53452686.0,611950950.0,0.021296317948358442,0.03000000000000025,0.7425742574257432,1.7326732673267398
2024-05-10,4.08,4.13,3.97,3.99,13384324.0,53957951.0,611950950.0,0.021871563398994643,-0.08000000000000007,-1.9656019656019708,3.9312039312039233
2024-05-13,3.99,4.0,3.84,3.87,13128000.0,51558671.0,611950950.0,0.021452699762946687,-0.1200000000000001,-3.007518796992481,4.010025062656645
2024-05-14,3.91,3.97,3.88,3.94,9629519.0,38080281.0,611950950.0,0.015735769345566013,0.06999999999999984,1.8087855297157507,2.325581395348845
2024-05-15,3.97,4.13,3.89,4.0,18375432.0,74092083.0,611950950.0,0.03002762231188627,0.06000000000000005,1.522842639593902,6.091370558375629
2024-05-16,4.02,4.12,4.02,4.05,15151652.0,61814174.0,611950950.0,0.0247595857151623,0.04999999999999982,1.2499999999999956,2.5000000000000133
2024-05-17,4.04,4.12,4.01,4.05,14040616.0,57310481.0,611950950.0,0.022944021902409007,0.0,0.0,2.7160493827160574
2024-05-20,4.12,4.21,4.11,4.19,22530161.0,94436040.0,611950950.0,0.036816939331493805,0.14000000000000057,3.45679012345681,2.469135802469127
2024-05-21,4.2,4.2,4.04,4.05,17504428.0,71874950.0,611950950.0,0.028604299086389194,-0.14000000000000057,-3.341288782816243,3.818615751789979
2024-05-22,4.05,4.13,4.05,4.07,10900400.0,44642510.0,611950950.0,0.017812538733700797,0.020000000000000462,0.4938271604938427,1.9753086419753103
2024-05-23,4.05,4.09,3.96,4.0,12364743.0,49935981.0,611950950.0,0.020205447838589023,-0.07000000000000028,-1.7199017199017286,3.1941031941031914
2024-05-24,4.0,4.04,3.94,4.04,10683900.0,42794571.0,611950950.0,0.017458752208816736,0.040000000000000036,1.0000000000000009,2.500000000000002
2024-05-27,4.03,4.04,3.94,4.02,10009088.0,40086594.0,611950950.0,0.01635602984193423,-0.020000000000000462,-0.4950495049505066,2.4752475247524774
2024-05-28,4.03,4.06,3.97,3.97,10009100.0,40389170.0,611950950.0,0.016356049451349,-0.04999999999999938,-1.243781094527352,2.2388059701492393
2024-05-29,3.96,4.04,3.91,3.98,8687431.0,34890877.0,611950950.0,0.01419628648341832,0.009999999999999787,0.25188916876572875,3.2745591939546568
2024-05-30,3.95,4.0,3.92,3.97,10059819.0,40157580.0,611950950.0,0.016438930277009947,-0.009999999999999787,-0.2512562814070307,2.010050251256283
2024-05-31,3.99,4.0,3.89,3.94,7898200.0,31237558.0,611950950.0,0.012906589980781957,-0.03000000000000025,-0.7556675062972307,2.770780856423171
2024-06-03,3.92,3.93,3.75,3.8,11697802.0,45019155.0,611950950.0,0.019115587613680474,-0.14000000000000012,-3.5532994923857864,4.56852791878173
2024-06-04,3.81,3.81,3.65,3.74,9379424.0,34910564.0,611950950.0,0.015327084629903754,-0.05999999999999961,-1.5789473684210464,4.210526315789478
2024-06-05,3.73,3.74,3.63,3.63,7708296.0,28466941.0,611950950.0,0.012596264455509057,-0.11000000000000032,-2.941176470588247,2.9411764705882435
2024-06-06,3.63,3.69,3.41,3.43,15332896.0,54006415.0,611950950.0,0.02505575977943984,-0.19999999999999973,-5.509641873278226,7.713498622589526
2024-06-07,3.47,3.66,3.46,3.65,12328100.0,44513640.0,611950950.0,0.020145568856458185,0.21999999999999975,6.413994169096204,5.8309037900874685
2024-06-11,3.65,3.66,3.56,3.63,7359480.0,26606442.0,611950950.0,0.012026257986853358,-0.020000000000000018,-0.5479452054794498,2.739726027397263
2024-06-12,3.67,3.72,3.62,3.69,6466080.0,23931501.0,611950950.0,0.010566337056916082,0.06000000000000005,1.6528925619834656,2.754820936639121
2024-06-13,3.69,3.72,3.58,3.6,7142603.0,26032107.0,611950950.0,0.011671855399521808,-0.08999999999999986,-2.4390243902438935,3.794037940379407
2024-06-14,3.6,3.65,3.54,3.63,6444400.0,23278438.0,611950950.0,0.010530909380890739,0.029999999999999805,0.8333333333333304,3.055555555555552
2024-06-17,3.6,3.64,3.55,3.58,9113200.0,32760375.0,611950950.0,0.014892043226667104,-0.04999999999999982,-1.377410468319551,2.4793388429752152
2024-06-18,3.59,3.72,3.56,3.69,10190007.0,37531596.0,611950950.0,0.016651672817894963,0.10999999999999988,3.0726256983240274,4.469273743016763
2024-06-19,3.69,3.73,3.65,3.69,6452796.0,23935505.0,611950950.0,0.01054462943476107,0.0,0.0,2.168021680216804
2024-06-20,3.68,3.72,3.6,3.61,6082400.0,22220914.0,611950950.0,0.009939358701869815,-0.08000000000000007,-2.168021680216803,3.2520325203252063
2024-06-21,3.59,3.7,3.53,3.67,7481900.0,27347980.0,611950950.0,0.012226306699907893,0.06000000000000005,1.6620498614958512,4.709141274238238
2024-06-24,3.62,3.64,3.45,3.54,10907196.0,38587534.0,611950950.0,0.01782364419893457,-0.1299999999999999,-3.542234332425065,5.177111716621252
2024-06-25,3.52,3.65,3.51,3.62,8230069.0,29645940.0,611950950.0,0.013448903053422827,0.08000000000000007,2.259887005649719,3.9548022598870096
2024-06-26,3.62,3.67,3.56,3.67,7275194.0,26380716.0,611950950.0,0.011888524725715353,0.04999999999999982,1.3812154696132506,3.0386740331491677
2024-06-27,3.67,3.69,3.58,3.58,5805600.0,21190268.0,611950950.0,0.009487034867745528,-0.08999999999999986,-2.4523160762942697,2.9972752043596698
2024-06-28,3.58,3.73,3.56,3.66,8519401.0,31366885.0,611950950.0,0.013921705653042944,0.08000000000000007,2.2346368715083775,4.748603351955305
2024-07-01,3.69,3.8,3.67,3.79,8866010.0,33275841.0,611950950.0,0.014488105623498093,0.1299999999999999,3.5519125683060038,3.5519125683060078
2024-07-02,3.87,3.88,3.76,3.78,8607800.0,32758150.0,611950950.0,0.014066160041094797,-0.010000000000000231,-0.26385224274406704,3.166226912928763
2024-07-03,3.75,3.91,3.74,3.85,9495100.0,36507231.0,611950950.0,0.015516112851855201,0.07000000000000028,1.85185185185186,4.497354497354496
2024-07-04,3.81,3.93,3.68,3.69,9126400.0,34773676.0,611950950.0,0.014913613582918697,-0.16000000000000014,-4.155844155844157,6.493506493506493
2024-07-05,3.68,3.77,3.66,3.75,6132383.0,22925915.0,611950950.0,0.010021036816757945,0.06000000000000005,1.6260162601626105,2.9810298102980997
2024-07-08,3.76,3.78,3.64,3.64,6110100.0,22504066.0,611950950.0,0.009984623767640201,-0.10999999999999988,-2.9333333333333322,3.7333333333333245
2024-07-09,3.65,3.71,3.57,3.69,5857317.0,21478877.0,611950950.0,0.009571546543068526,0.04999999999999982,1.3736263736263687,3.8461538461538494
2024-07-10,3.69,3.71,3.65,3.67,4524000.0,16672173.0,611950950.0,0.007392749369863712,-0.020000000000000018,-0.5420054200542035,1.6260162601626031
2024-07-11,3.73,3.83,3.69,3.79,7764000.0,29470194.0,611950950.0,0.012687291358890775,0.1200000000000001,3.2697547683923744,3.814713896457769
2024-07-12,3.8,3.83,3.75,3.78,4442600.0,16886727.0,611950950.0,0.0072597321729788965,-0.010000000000000231,-0.26385224274406704,2.110817941952509
2024-07-15,3.75,3.76,3.69,3.72,5857388.0,21813506.0,611950950.0,0.009571662565439273,-0.05999999999999961,-1.5873015873015817,1.8518518518518476
2024-07-16,3.68,3.79,3.67,3.76,5266634.0,19765096.0,611950950.0,0.008606300880814058,0.03999999999999959,1.0752688172043001,3.2258064516129057
2024-07-17,3.74,3.89,3.72,3.75,8014500.0,30402452.0,611950950.0,0.013096637892301663,-0.009999999999999787,-0.26595744680850686,4.521276595744679
2024-07-18,3.74,3.79,3.65,3.79,6536400.0,24331028.0,611950950.0,0.010681248227492742,0.040000000000000036,1.0666666666666602,3.7333333333333365
2024-07-19,3.75,3.84,3.72,3.82,6646900.0,25305568.0,611950950.0,0.01086181825520493,0.029999999999999805,0.79155672823219,3.1662269129287512
2024-07-22,3.82,3.86,3.75,3.85,6408300.0,24499192.0,611950950.0,0.010471917724778432,0.03000000000000025,0.7853403141361293,2.8795811518324577
2024-07-23,3.84,4.03,3.83,3.9,17390457.0,68635392.0,611950950.0,0.028418057035453578,0.04999999999999982,1.298701298701288,5.194805194805199
2024-07-24,3.87,3.9,3.77,3.78,10807400.0,41619460.0,611950950.0,0.017660565769200946,-0.1200000000000001,-3.076923076923077,3.3333333333333304
2024-07-25,3.75,3.8,3.65,3.77,8309001.0,31129609.0,611950950.0,0.013577887247335755,-0.009999999999999787,-0.2645502645502562,3.968253968253966
2024-07-26,3.78,3.85,3.76,3.81,5386200.0,20619774.0,611950950.0,0.008801685821388136,0.040000000000000036,1.0610079575596787,2.387267904509292
2024-07-29,3.81,3.87,3.78,3.85,5433800.0,20887356.0,611950950.0,0.008879469833325694,0.040000000000000036,1.049868766404205,2.3622047244094566
2024-07-30,3.85,3.99,3.81,3.86,11946500.0,46606507.0,611950950.0,0.019521989466639442,0.009999999999999787,0.2597402597402487,4.6753246753246795
2024-07-31,3.86,3.99,3.86,3.97,10403901.0,41048144.0,611950950.0,0.017001200831537232,0.11000000000000032,2.849740932642497,3.367875647668403
2024-08-01,3.96,4.02,3.94,3.95,9630800.0,38418372.0,611950950.0,0.015737862650593158,-0.020000000000000018,-0.5037783375314908,2.0151133501259353
2024-08-02,3.95,3.97,3.9,3.92,6096500.0,24102409.0,611950950.0,0.00996239976422947,-0.03000000000000025,-0.75949367088608,1.7721518987341842
2024-08-05,3.87,3.94,3.82,3.82,7171602.0,27849243.0,611950950.0,0.011719243184441498,-0.10000000000000009,-2.5510204081632626,3.061224489795921
2024-08-06,3.85,3.88,3.76,3.82,6329600.0,24195839.0,611950950.0,0.010343312646217805,0.0,0.0,3.141361256544505
2024-08-07,3.84,3.84,3.77,3.77,3843800.0,14621534.0,611950950.0,0.006281222375747598,-0.04999999999999982,-1.308900523560208,1.8324607329842892
2024-08-08,3.76,3.81,3.72,3.79,4701200.0,17753241.0,611950950.0,0.007682315061362353,0.020000000000000018,0.5305039787798504,2.3872679045092804
2024-08-09,3.79,3.82,3.72,3.72,4115688.0,15579516.0,611950950.0,0.006725519422757657,-0.06999999999999984,-1.846965699208436,2.638522427440624
2024-08-12,3.72,3.76,3.68,3.71,7356500.0,27421394.0,611950950.0,0.01202138831551777,-0.010000000000000231,-0.26881720430108613,2.150537634408592
2024-08-13,3.71,3.8,3.67,3.8,4825540.0,18064036.0,611950950.0,0.007885501280780756,0.08999999999999986,2.425876010781658,3.5040431266846332
2024-08-14,3.79,3.82,3.76,3.76,3440900.0,13047472.0,611950950.0,0.0056228362747046965,-0.040000000000000036,-1.0526315789473717,1.578947368421054
2024-08-15,3.77,3.8,3.71,3.78,4376300.0,16517611.0,611950950.0,0.007151390156351583,0.020000000000000018,0.5319148936170137,2.3936170212765924
2024-08-16,3.76,3.83,3.64,3.65,14051191.0,52395703.0,611950950.0,0.02296130269917875,-0.1299999999999999,-3.4391534391534417,5.026455026455025
2024-08-19,3.65,3.69,3.62,3.68,4927701.0,18100180.0,611950950.0,0.00805244439934279,0.03000000000000025,0.8219178082191858,1.9178082191780779
2024-08-20,3.66,3.68,3.58,3.6,5367800.0,19486648.0,611950950.0,0.008771618052067736,-0.08000000000000007,-2.1739130434782594,2.7173913043478284
2024-08-21,3.61,3.64,3.56,3.58,4699000.0,16943697.0,611950950.0,0.007678720001987088,-0.020000000000000018,-0.5555555555555536,2.222222222222224
2024-08-22,3.61,3.62,3.5,3.52,5329400.0,18930116.0,611950950.0,0.008708867924790377,-0.06000000000000005,-1.6759776536312887,3.3519553072625725
2024-08-23,3.54,3.56,3.46,3.54,4621820.0,16250535.0,611950950.0,0.00755259878263119,0.020000000000000018,0.5681818181818121,2.8409090909090935
2024-08-26,3.55,3.61,3.53,3.58,5214700.0,18697224.0,611950950.0,0.008521434601907229,0.040000000000000036,1.1299435028248705,2.25988700564972
2024-08-27,3.57,3.63,3.57,3.59,4404200.0,15877966.0,611950950.0,0.007196982045701538,0.009999999999999787,0.27932960893854997,1.6759776536312863
2024-08-28,3.56,3.66,3.55,3.62,6102100.0,22146740.0,611950950.0,0.009971550824457418,0.03000000000000025,0.8356545961002881,3.064066852367697
2024-08-29,3.62,3.64,3.58,3.62,5171202.0,18742820.0,611950950.0,0.008450353741586642,0.0,0.0,1.657458563535913
2024-08-30,3.62,3.69,3.6,3.65,8344600.0,30615187.0,611950950.0,0.01363606021038124,0.029999999999999805,0.8287292817679592,2.4861878453038635
2024-09-02,3.65,3.66,3.57,3.57,5615050.0,20339680.0,611950950.0,0.009175653702310618,-0.08000000000000007,-2.1917808219178103,2.4657534246575423
2024-09-03,3.57,3.61,3.56,3.57,3969715.0,14242345.0,611950950.0,0.006486982330855112,0.0,0.0,1.4005602240896309
2024-09-04,3.54,3.59,3.5,3.52,4074888.0,14455733.0,611950950.0,0.006658847412525465,-0.04999999999999982,-1.4005602240896309,2.521008403361341
2024-09-05,3.52,3.55,3.51,3.54,3787400.0,13410671.0,611950950.0,0.00618905812630898,0.020000000000000018,0.5681818181818121,1.1363636363636374
2024-09-06,3.54,3.56,3.47,3.5,4866100.0,17076014.0,611950950.0,0.007951781102717465,-0.040000000000000036,-1.1299435028248594,2.542372881355928
2024-09-09,3.49,3.54,3.44,3.52,4775600.0,16761639.0,611950950.0,0.007803893432962233,0.020000000000000018,0.5714285714285783,2.85714285714286
2024-09-10,3.52,3.57,3.46,3.51,4475500.0,15804818.0,611950950.0,0.007313494651818091,-0.010000000000000231,-0.28409090909091717,3.1249999999999964
2024-09-11,3.5,3.52,3.44,3.44,4147750.0,14454541.0,611950950.0,0.006777912510798455,-0.06999999999999984,-1.9943019943019946,2.2792022792022815
2024-09-12,3.44,3.48,3.43,3.43,2979300.0,10304802.0,611950950.0,0.004868527453058125,-0.009999999999999787,-0.29069767441859407,1.453488372093018
2024-09-13,3.46,3.54,3.41,3.47,5781900.0,20075844.0,611950950.0,0.009448306273566534,0.040000000000000036,1.1661807580174877,3.7900874635568482
2024-09-18,3.47,3.49,3.34,3.38,5983349.0,20344589.0,611950950.0,0.009777497689970086,-0.0900000000000003,-2.5936599423631246,4.322766570605197
2024-09-19,3.41,3.57,3.41,3.55,8530010.0,30007329.0,611950950.0,0.013939042009821212,0.16999999999999993,5.02958579881656,4.733727810650878
2024-09-20,3.55,3.6,3.49,3.56,7063519.0,25132018.0,611950950.0,0.011542622819688408,0.010000000000000231,0.28169014084507005,3.0985915492957714
2024-09-23,3.61,3.61,3.51,3.53,3636400.0,12914723.0,611950950.0,0.0059423063237339525,-0.03000000000000025,-0.8426966292134908,2.8089887640449462
2024-09-24,3.56,3.66,3.53,3.6,9232732.0,33187522.0,611950950.0,0.015087372607232655,0.07000000000000028,1.9830028328611915,3.682719546742219
2024-09-25,3.63,3.74,3.61,3.64,13329702.0,49075546.0,611950950.0,0.021782304611178395,0.040000000000000036,1.1111111111111072,3.6111111111111205
2024-09-26,3.64,3.71,3.61,3.71,8805785.0,32445600.0,611950950.0,0.014389690873100205,0.06999999999999984,1.9230769230769162,2.7472527472527495
2024-09-27,3.78,3.88,3.72,3.83,18692968.0,71162647.0,611950950.0,0.03054651357269729,0.1200000000000001,3.234501347708907,4.3126684636118515
2024-09-30,3.89,4.18,3.84,4.11,40494427.0,163346594.0,611950950.0,0.06617266792379356,0.28000000000000025,7.3107049608355235,8.877284595300257
2024-10-08,4.52,4.52,4.07,4.24,50679369.0,215818289.0,611950950.0,0.08281606393453593,0.1299999999999999,3.1630170316301776,10.948905109489033
2024-10-09,4.16,4.16,3.82,3.86,34348266.0,135716291.0,611950950.0,0.05612911623063907,-0.38000000000000034,-8.9622641509434,8.018867924528308
2024-10-10,3.86,4.0,3.79,3.91,18669321.0,73214040.0,611950950.0,0.03050787158676688,0.050000000000000266,1.2953367875647714,5.44041450777202
2024-10-11,3.86,3.95,3.77,3.8,13937300.0,53970464.0,611950950.0,0.022775191377674957,-0.11000000000000032,-2.813299232736577,4.60358056265985
2024-10-14,3.82,3.91,3.77,3.89,10698550.0,41258435.0,611950950.0,0.01748269203602021,0.0900000000000003,2.3684210526315974,3.6842105263157925
2024-10-15,3.89,3.97,3.84,3.87,10827102.0,42413940.0,611950950.0,0.017692761160024346,-0.020000000000000018,-0.5141388174807249,3.3419023136246873
2024-10-16,3.83,4.13,3.8,3.99,21997900.0,87640580.0,611950950.0,0.03594716210506741,0.1200000000000001,3.100775193798455,8.527131782945737
2024-10-17,4.0,4.13,3.88,3.89,21724632.0,86757820.0,611950950.0,0.03550060997535832,-0.10000000000000009,-2.506265664160401,6.265664160401002
2024-10-18,3.87,3.96,3.82,3.91,16586983.0,64646492.0,611950950.0,0.027105085791598166,0.020000000000000018,0.5141388174807249,3.5989717223650417
2024-10-21,3.9,3.95,3.87,3.92,13983169.0,54832961.0,611950950.0,0.022850146731531344,0.009999999999999787,0.2557544757033181,2.0460358056266004
2024-10-22,3.93,4.01,3.91,3.98,15695983.0,62507829.0,611950950.0,0.025649086744615725,0.06000000000000005,1.5306122448979664,2.5510204081632564
2024-10-23,4.01,4.03,3.96,3.99,13276903.0,53231934.0,611950950.0,0.021696024820289928,0.010000000000000231,0.2512562814070307,1.7587939698492534
2024-10-24,3.99,4.01,3.95,4.0,11607191.0,46433412.0,611950950.0,0.018967518556838585,0.009999999999999787,0.25062656641603454,1.5037593984962307
2024-10-25,4.02,4.1,4.02,4.09,16783956.0,68424163.0,611950950.0,0.027426962896290954,0.08999999999999986,2.2499999999999964,2.0000000000000018
2024-10-28,4.19,4.4,4.19,4.37,45741400.0,196860657.0,611950950.0,0.07474684041261803,0.28000000000000025,6.8459657701711585,5.134474327628361
2024-10-29,4.4,4.47,4.18,4.2,34688450.0,149002900.0,611950950.0,0.05668501699360055,-0.16999999999999993,-3.89016018306636,6.636155606407323
2024-10-30,4.22,4.29,4.2,4.28,16693505.0,71127376.0,611950950.0,0.027279155298312718,0.08000000000000007,1.904761904761898,2.1428571428571392
2024-10-31,4.25,4.41,4.25,4.39,21564290.0,94235204.0,611950950.0,0.0352385922433816,0.10999999999999943,2.5700934579439227,3.738317757009349
2024-11-01,4.49,4.54,4.3,4.38,26654491.0,117867943.0,611950950.0,0.043556580801124664,-0.009999999999999787,-0.2277904328018221,5.466970387243741
2024-11-04,4.33,4.45,4.3,4.43,17796716.0,78211754.0,611950950.0,0.02908193213851535,0.04999999999999982,1.1415525114155223,3.4246575342465837
2024-11-05,4.45,4.62,4.42,4.49,25114650.0,113571696.0,611950950.0,0.041040299063184724,0.0600000000000005,1.3544018058690765,4.514672686230252
2024-11-06,4.53,4.94,4.48,4.94,22900768.0,111328806.0,611950950.0,0.03742255486326151,0.4500000000000002,10.022271714922049,10.244988864142538
2024-11-07,5.04,5.44,4.75,5.32,121539150.0,630977009.0,611950950.0,0.19860930030421556,0.3799999999999999,7.692307692307687,13.967611336032396
2024-11-08,5.14,5.17,4.96,5.0,72118945.0,365681866.0,611950950.0,0.11785085879840533,-0.3200000000000003,-6.015037593984962,3.9473684210526305
2024-11-11,5.0,5.21,4.93,5.15,46188771.0,236309386.0,611950950.0,0.07547789737069613,0.15000000000000036,3.0000000000000027,5.600000000000005
2024-11-12,5.17,5.3,4.89,4.95,43123665.0,219673343.0,611950950.0,0.07046915279729528,-0.20000000000000018,-3.8834951456310662,7.961165048543692
2024-11-13,4.92,5.01,4.75,4.86,28322276.0,137695330.0,611950950.0,0.046281938119386856,-0.08999999999999986,-1.8181818181818188,5.252525252525248
2024-11-14,4.89,4.93,4.71,4.73,20388500.0,98307729.0,611950950.0,0.03331721276027107,-0.1299999999999999,-2.674897119341557,4.526748971193411
2024-11-15,4.76,4.76,4.57,4.58,19718202.0,92244590.0,611950950.0,0.032221866801579443,-0.15000000000000036,-3.1712473572938715,4.01691331923889
2024-11-18,4.64,4.67,4.3,4.34,28779819.0,128315138.0,611950950.0,0.047029617324721856,-0.2400000000000002,-5.2401746724890845,8.078602620087338
2024-11-19,4.38,4.45,4.32,4.45,17349998.0,76225501.0,611950950.0,0.02835194225942455,0.11000000000000032,2.5345622119815836,2.9953917050691223
2024-11-20,4.45,4.62,4.43,4.6,17696407.0,80751637.0,611950950.0,0.02891801540630013,0.14999999999999947,3.3707865168539186,4.269662921348323
2024-11-21,4.67,4.73,4.53,4.6,19603818.0,90702982.0,611950950.0,0.03203494985995201,0.0,0.0,4.347826086956526
2024-11-22,4.6,4.64,4.42,4.44,15104472.0,68853621.0,611950950.0,0.02468248803274184,-0.15999999999999925,-3.4782608695651973,4.782608695652169
2024-11-25,4.43,4.59,4.39,4.58,15212052.0,68783050.0,611950950.0,0.02485828643619231,0.13999999999999968,3.153153153153143,4.504504504504508
2024-11-26,4.57,4.69,4.53,4.57,14228500.0,65443334.0,611950950.0,0.023251046509528254,-0.009999999999999787,-0.21834061135370675,3.493449781659392
2024-11-27,4.54,4.55,4.4,4.55,14517300.0,65039000.0,611950950.0,0.023722979758426715,-0.020000000000000462,-0.4376367614879806,3.282275711159725
2024-11-28,4.55,4.66,4.53,4.61,14765500.0,68407649.0,611950950.0,0.024128567820672554,0.0600000000000005,1.3186813186813362,2.857142857142855
2024-11-29,4.61,4.65,4.52,4.63,15467900.0,71451583.0,611950950.0,0.02527637223212089,0.019999999999999574,0.433839479392617,2.8199566160520777
2024-12-02,4.63,4.81,4.63,4.78,15176600.0,72071177.0,611950950.0,0.02480035368847781,0.15000000000000036,3.239740820734349,3.887688984881203
2024-12-03,4.78,4.9,4.71,4.83,18426600.0,89265478.0,611950950.0,0.03011123685648335,0.04999999999999982,1.0460251046024993,3.974895397489548
2024-12-04,4.82,4.91,4.76,4.79,18001281.0,87239585.0,611950950.0,0.029416215466288597,-0.040000000000000036,-0.8281573498964856,3.1055900621118084
2024-12-05,4.75,4.83,4.75,4.83,12542346.0,60282470.0,611950950.0,0.020495672079600496,0.040000000000000036,0.8350730688935215,1.670146137787058
2024-12-06,4.85,5.01,4.81,4.96,22362357.0,110357184.0,611950950.0,0.03654272781176335,0.1299999999999999,2.69151138716357,4.140786749482405
2024-12-09,4.99,5.01,4.81,4.9,18136233.0,89168465.0,611950950.0,0.02963674294483896,-0.05999999999999961,-1.2096774193548265,4.032258064516133
2024-12-10,4.99,5.05,4.82,4.84,17432000.0,85609731.0,611950950.0,0.028485943195283872,-0.0600000000000005,-1.224489795918382,4.693877551020399
2024-12-11,4.84,4.92,4.83,4.91,12057682.0,59106861.0,611950950.0,0.01970367396275796,0.07000000000000028,1.446280991735538,1.8595041322314023
2024-12-12,4.9,4.94,4.85,4.93,10798013.0,53146902.0,611950950.0,0.01764522630449385,0.019999999999999574,0.40733197556006573,1.832993890020382
2024-12-13,4.92,4.93,4.82,4.84,13018218.0,63472533.0,611950950.0,0.021273303031885155,-0.08999999999999986,-1.8255578093306246,2.2312373225152013
2024-12-16,4.86,4.96,4.83,4.86,12713000.0,62219628.0,611950950.0,0.020774540835339826,0.020000000000000462,0.4132231404958775,2.6859504132231384
2024-12-17,4.87,4.89,4.55,4.57,18434800.0,85985838.0,611950950.0,0.0301246366232457,-0.29000000000000004,-5.967078189300413,6.9958847736625485
2024-12-18,4.57,4.63,4.46,4.55,12824021.0,58562489.0,611950950.0,0.020955962238476792,-0.020000000000000462,-0.4376367614879806,3.7199124726477004
2024-12-19,4.5,4.55,4.42,4.5,11697000.0,52505678.0,611950950.0,0.0191142770511264,-0.04999999999999982,-1.098901098901095,2.857142857142855
2024-12-20,4.5,4.59,4.5,4.55,8951600.0,40776744.0,611950950.0,0.01462796977437489,0.04999999999999982,1.1111111111111072,1.999999999999997
2024-12-23,4.55,4.6,4.28,4.3,16809000.0,73807975.0,611950950.0,0.027467887744924653,-0.25,-5.494505494505497,7.03296703296702
2024-12-24,4.3,4.36,4.21,4.29,12900200.0,55291044.0,611950950.0,0.021080447705816945,-0.009999999999999787,-0.23255813953487747,3.4883720930232642
2024-12-25,4.29,4.3,4.07,4.11,13972297.0,57911227.0,611950950.0,0.02283238060174594,-0.17999999999999972,-4.195804195804187,5.361305361305351
2024-12-26,4.11,4.2,4.1,4.15,9112295.0,37980490.0,611950950.0,0.014890564349969552,0.040000000000000036,0.9732360097323589,2.433090024330913
2024-12-27,4.19,4.55,4.16,4.39,21392970.0,93871165.0,611950950.0,0.0349586351651223,0.23999999999999932,5.783132530120461,9.397590361445776
2024-12-30,4.35,4.4,4.25,4.33,12632787.0,54542016.0,611950950.0,0.020643463336399756,-0.05999999999999961,-1.3667425968109215,3.4168564920273434
2024-12-31,4.39,4.4,4.19,4.21,9801350.0,42008514.0,611929950.0,0.01601711110887774,-0.1200000000000001,-2.771362586605086,4.84988452655889
2025-01-02,4.22,4.33,4.12,4.17,13251827.0,56304781.0,611929950.0,0.02165579083030664,-0.040000000000000036,-0.9501187648456089,4.988123515439429
2025-01-03,4.16,4.2,3.94,3.96,17577241.0,71067652.0,611929950.0,0.028724269828597212,-0.20999999999999996,-5.035971223021585,6.2350119904076795
2025-01-06,3.97,4.03,3.77,3.95,13532141.0,53133449.0,611929950.0,0.022113872674478507,-0.009999999999999787,-0.2525252525252486,6.565656565656572
2025-01-07,3.99,4.09,3.96,4.09,10399910.0,41991580.0,611929950.0,0.016995262284514756,0.13999999999999968,3.544303797468351,3.2911392405063267
2025-01-08,4.11,4.11,3.95,4.06,11287202.0,45677478.0,611929950.0,0.018445251780861517,-0.03000000000000025,-0.7334963325183463,3.911980440097803
2025-01-09,4.04,4.12,4.02,4.09,7958700.0,32622085.0,611929950.0,0.013005900430269838,0.03000000000000025,0.7389162561576512,2.4630541871921316
2025-01-10,4.11,4.15,3.99,4.0,9525700.0,38703715.0,611929950.0,0.015566651052134317,-0.08999999999999986,-2.2004889975550057,3.911980440097803
2025-01-13,3.93,4.09,3.91,4.07,10572800.0,42534363.0,611929950.0,0.017277794623387858,0.07000000000000028,1.750000000000007,4.499999999999993
2025-01-14,4.11,4.19,4.09,4.19,13225400.0,55169482.0,611929950.0,0.021612604514618054,0.1200000000000001,2.9484029484029506,2.45700245700247
2025-01-15,4.18,4.22,4.13,4.19,9488800.0,39785337.0,611929950.0,0.015506350032385242,0.0,0.0,2.1479713603818578
2025-01-16,4.24,4.32,4.2,4.26,13359668.0,57134309.0,611929950.0,0.02183202178615379,0.0699999999999994,1.6706443914080937,2.8639618138424843
2025-01-17,4.26,4.31,4.19,4.29,9841900.0,42181327.0,611929950.0,0.016083376863642643,0.03000000000000025,0.7042253521126751,2.816901408450686
2025-01-20,4.32,4.4,4.21,4.37,11299600.0,49002750.0,611929950.0,0.018465512269827615,0.08000000000000007,1.8648018648018683,4.4289044289044375
2025-01-21,4.39,4.4,4.26,4.31,10875402.0,47017057.0,611929950.0,0.017772298937157757,-0.0600000000000005,-1.3729977116704872,3.203661327231134
2025-01-22,4.29,4.46,4.27,4.35,15906500.0,69698669.0,611929950.0,0.02599398836419103,0.040000000000000036,0.9280742459396807,4.408352668213467
2025-01-23,4.4,4.48,4.34,4.35,14623368.0,64842601.0,611929950.0,0.023897127440812467,0.0,0.0,3.218390804597714
2025-01-24,4.35,4.35,4.24,4.29,12692540.0,54440946.0,611929950.0,0.020741818569265977,-0.05999999999999961,-1.3793103448275779,2.528735632183895
2025-01-27,4.31,4.42,4.31,4.33,19902259.0,87246645.0,611929950.0,0.032523753740113556,0.040000000000000036,0.932400932400923,2.564102564102572
2025-02-05,4.37,4.41,4.35,4.36,12184123.0,53474180.0,611929950.0,0.019910976738432232,0.03000000000000025,0.6928406466512715,1.385681293302552
2025-02-06,4.38,4.4,4.32,4.4,12427900.0,54311180.0,611929950.0,0.020309350768008657,0.040000000000000036,0.917431192660545,1.8348623853211024
2025-02-07,4.4,4.46,4.36,4.43,15424673.0,68324860.0,611929950.0,0.025206599219404116,0.02999999999999936,0.6818181818181612,2.2727272727272645
2025-02-10,4.43,4.5,4.43,4.49,12084518.0,54010160.0,611929950.0,0.019748204839459157,0.0600000000000005,1.3544018058690765,1.5801354401805936
2025-02-11,4.51,4.52,4.42,4.51,10833722.0,48584495.0,611929950.0,0.01770418656579891,0.019999999999999574,0.44543429844097204,2.2271714922048917
2025-02-12,4.48,4.53,4.42,4.47,12504568.0,56009831.0,611929950.0,0.02043463961847267,-0.040000000000000036,-0.8869179600886956,2.43902439024391
2025-02-13,4.48,4.49,4.37,4.37,13874400.0,61251556.0,611929950.0,0.022673183425651906,-0.09999999999999964,-2.237136465324374,2.684563758389264
2025-02-14,4.35,4.4,4.33,4.35,9570903.0,41828046.0,611929950.0,0.015640520618413922,-0.020000000000000462,-0.4576659038901698,1.601830663615567
2025-02-17,4.36,4.52,4.35,4.46,16446770.0,73352295.0,611929950.0,0.026876883538712232,0.11000000000000032,2.5287356321839205,3.9080459770114926
2025-02-18,4.46,4.47,4.29,4.3,11762700.0,51486661.0,611929950.0,0.01922229823854838,-0.16000000000000014,-3.58744394618834,4.035874439461877
2025-02-19,4.3,4.37,4.3,4.32,9362310.0,40628085.0,611929950.0,0.015299643366042143,0.020000000000000462,0.46511627906977715,1.6279069767441927
2025-02-20,4.31,4.37,4.3,4.36,10172511.0,44247291.0,611929950.0,0.01662365275633265,0.040000000000000036,0.92592592592593,1.620370370370377
2025-02-21,4.34,4.39,4.26,4.32,11524824.0,49693210.0,611929950.0,0.018833567469609878,-0.040000000000000036,-0.9174311926605561,2.9816513761467864
2025-02-24,4.32,4.44,4.3,4.39,18406600.0,80632739.0,611929950.0,0.03007958672393793,0.0699999999999994,1.6203703703703498,3.240740740740754
2025-02-25,4.39,4.46,4.33,4.41,12100107.0,53498088.0,611929950.0,0.01977367997758567,0.020000000000000462,0.4555808656036442,2.961275626423688
2025-02-26,4.42,4.49,4.41,4.48,12279009.0,54933250.0,611929950.0,0.02006603697040813,0.07000000000000028,1.5873015873016039,1.8140589569161012
2025-02-27,4.49,4.54,4.37,4.47,13081700.0,58469352.0,611929950.0,0.021377773714131822,-0.010000000000000675,-0.22321428571430157,3.7946428571428554
2025-02-28,4.49,4.49,4.33,4.35,11507501.0,50740455.0,611929950.0,0.018805258673807352,-0.1200000000000001,-2.684563758389269,3.579418344519019
2025-03-03,4.35,4.47,4.35,4.38,9310900.0,41193819.0,611929950.0,0.015215630481887673,0.03000000000000025,0.6896551724137945,2.7586206896551753
2025-03-04,4.38,4.41,4.34,4.41,7824600.0,34379652.0,611929950.0,0.012786757699962226,0.03000000000000025,0.6849315068493178,1.5981735159817416
2025-03-05,4.39,4.44,4.26,4.32,12335700.0,53303660.0,611929950.0,0.02015867992733482,-0.08999999999999986,-2.0408163265306034,4.081632653061238
2025-03-06,4.34,4.35,4.27,4.32,9792800.0,42358227.0,611929950.0,0.016003138921374907,0.0,0.0,1.8518518518518534
2025-03-07,4.32,4.37,4.25,4.27,12200121.0,52606240.0,611929950.0,0.019937120253715315,-0.05000000000000071,-1.1574074074074292,2.77777777777778
2025-03-10,4.29,4.42,4.28,4.33,12729549.0,55535486.0,611929950.0,0.020802297713978537,0.0600000000000005,1.4051522248243575,3.2786885245901565
2025-03-11,4.31,4.42,4.28,4.36,10437600.0,45450634.0,611929950.0,0.01705685430170561,0.03000000000000025,0.6928406466512715,3.2332563510392536
2025-03-12,4.36,4.39,4.32,4.37,10553418.0,46035460.0,611929950.0,0.01724612106336681,0.009999999999999787,0.2293577981651307,1.6055045871559492
2025-03-13,4.35,4.38,4.28,4.36,11084500.0,48060465.0,611929950.0,0.01811400144738789,-0.009999999999999787,-0.22883295194507935,2.2883295194507927
2025-03-14,4.36,4.53,4.36,4.53,28628938.0,128127194.0,611929950.0,0.04678466546701955,0.16999999999999993,3.8990825688073327,3.8990825688073376
2025-03-17,4.53,4.55,4.48,4.52,18422800.0,83383092.0,611929950.0,0.03010606034236435,-0.010000000000000675,-0.22075055187639192,1.5452538631346444
2025-03-18,4.54,4.57,4.48,4.53,10711591.0,48435548.0,611929950.0,0.01750460326382129,0.010000000000000675,0.22123893805310324,1.9911504424778732
2025-03-19,4.54,4.67,4.5,4.58,21176400.0,97264501.0,611929950.0,0.034605921805265456,0.04999999999999982,1.103752759381904,3.752759381898453
2025-03-20,4.59,4.74,4.55,4.68,25407820.0,118154681.0,611929950.0,0.04152079825476756,0.09999999999999964,2.183406113537112,4.148471615720532
2025-03-21,4.68,4.74,4.59,4.63,22194102.0,103910769.0,611929950.0,0.036269023929944924,-0.04999999999999982,-1.0683760683760646,3.2051282051282133
2025-03-24,4.63,4.66,4.45,4.55,20505731.0,93436275.0,611929950.0,0.033509931978325296,-0.08000000000000007,-1.7278617710583144,4.535637149028077
2025-03-25,4.54,4.69,4.49,4.67,22402712.0,103717534.0,611929950.0,0.03660992896327431,0.1200000000000001,2.63736263736265,4.3956043956043995
2025-03-26,4.66,4.72,4.64,4.65,16800790.0,78664461.0,611929950.0,0.02745541381002842,-0.019999999999999574,-0.4282655246252598,1.713062098501072
2025-03-27,4.64,4.67,4.55,4.63,11226600.0,51985208.0,611929950.0,0.01834621756951102,-0.020000000000000462,-0.43010752688172893,2.5806451612903247
2025-03-28,4.65,4.65,4.47,4.49,13531400.0,61334327.0,611929950.0,0.022112661751561596,-0.13999999999999968,-3.0237580993520474,3.8876889848812226
2025-03-31,4.48,4.48,4.28,4.32,14990500.0,65271711.0,611929950.0,0.024497085001314284,-0.16999999999999993,-3.786191536748329,4.454342984409803
2025-04-01,4.33,4.57,4.33,4.48,19300867.0,86915553.0,611929950.0,0.03154097458377385,0.16000000000000014,3.703703703703698,5.55555555555556
2025-04-02,4.47,4.51,4.42,4.45,9378449.0,42027092.0,611929950.0,0.015326017299855972,-0.03000000000000025,-0.6696428571428603,2.008928571428568
2025-04-03,4.43,4.51,4.4,4.5,10660160.0,47758861.0,611929950.0,0.017420556062013308,0.04999999999999982,1.1235955056179803,2.471910112359538
2025-04-07,4.19,4.3,4.05,4.05,14699919.0,60342608.0,611929950.0,0.024022225092921175,-0.4500000000000002,-10.000000000000009,5.555555555555555
2025-04-08,4.01,4.05,3.79,3.85,25814200.0,100993241.0,611929950.0,0.042184893875516306,-0.19999999999999973,-4.93827160493826,6.419753086419748
2025-04-09,3.84,4.03,3.59,4.01,20609600.0,79539648.0,611929950.0,0.033679671995136044,0.1599999999999997,4.155844155844157,11.428571428571438
2025-04-10,4.05,4.14,4.04,4.06,14597402.0,59848433.0,611929950.0,0.02385469447932725,0.04999999999999982,1.2468827930174564,2.493765586034904
2025-04-11,4.06,4.12,4.02,4.08,10673700.0,43734007.0,611929950.0,0.017442682777661072,0.020000000000000462,0.49261083743843415,2.4630541871921316
2025-04-14,4.11,4.29,4.11,4.24,13138001.0,55568939.0,611929950.0,0.021469779343207502,0.16000000000000014,3.9215686274509887,4.411764705882345
2025-04-15,4.25,4.28,4.2,4.23,8209825.0,34776779.0,611929950.0,0.013416282370228814,-0.009999999999999787,-0.2358490566037652,1.8867924528301903
2025-04-16,4.23,4.24,4.07,4.16,8942302.0,37208075.0,611929950.0,0.014613277222335661,-0.07000000000000028,-1.654846335697402,4.018912529550826
2025-04-17,4.14,4.29,4.12,4.27,12271600.0,52201289.0,611929950.0,0.020053929375412987,0.10999999999999943,2.6442307692307487,4.08653846153846
2025-04-18,4.24,4.3,4.21,4.28,10043463.0,42812522.0,611929950.0,0.016412765872956536,0.010000000000000675,0.23419203747074846,2.107728337236531
2025-04-21,4.26,4.42,4.26,4.42,14993802.0,65393603.0,611929950.0,0.02450248104378614,0.13999999999999968,3.2710280373831724,3.738317757009349
2025-04-22,4.41,4.55,4.41,4.46,18082700.0,80927254.0,611929950.0,0.029550277772807165,0.040000000000000036,0.9049773755656076,3.1674208144796308
2025-04-23,4.46,4.5,4.4,4.41,17795011.0,79237259.0,611929950.0,0.029080143895555365,-0.04999999999999982,-1.1210762331838486,2.242152466367705
2025-04-24,4.4,4.43,4.32,4.39,16351601.0,71681203.0,611929950.0,0.026721360835500862,-0.020000000000000462,-0.45351473922903285,2.4943310657596243
2025-04-25,4.38,4.42,4.35,4.37,9468301.0,41627740.0,611929950.0,0.015472851100031956,-0.019999999999999574,-0.4555808656036331,1.594533029612763
2025-04-28,4.37,4.39,4.27,4.3,10890200.0,46960520.0,611929950.0,0.01779648144366851,-0.07000000000000028,-1.6018306636155666,2.7459954233409634
2025-04-29,4.29,4.4,4.25,4.34,11140710.0,48574647.0,611929950.0,0.01820585836663167,0.040000000000000036,0.9302325581395321,3.4883720930232642
2025-04-30,4.37,4.41,4.28,4.29,9641200.0,41962232.0,611929950.0,0.01575539814647085,-0.04999999999999982,-1.1520737327188946,2.9953917050691223
2025-05-06,4.31,4.41,4.31,4.4,12561503.0,55196842.0,611929950.0,0.02052768131384973,0.11000000000000032,2.564102564102577,2.331002331002343
2025-05-07,4.45,4.48,4.4,4.45,11557800.0,51346551.0,611929950.0,0.018887455990673443,0.04999999999999982,1.1363636363636243,1.8181818181818195
2025-05-08,4.43,4.51,4.4,4.49,10189300.0,45657630.0,611929950.0,0.016651088903231488,0.040000000000000036,0.8988764044943753,2.471910112359538
2025-05-09,4.49,4.51,4.42,4.44,9269800.0,41318391.0,611929950.0,0.015148465931435453,-0.04999999999999982,-1.1135857461024412,2.0044543429844066
2025-05-12,4.45,4.47,4.38,4.43,9639901.0,42567486.0,611929950.0,0.015753275354474804,-0.010000000000000675,-0.22522522522524513,2.0270270270270236
2025-05-13,4.45,4.48,4.38,4.41,9295669.0,41240372.0,611929950.0,0.015190740378044906,-0.019999999999999574,-0.4514672686230181,2.2573363431151363
2025-05-14,4.4,4.44,4.38,4.4,10816268.0,47825154.0,611929950.0,0.017675663693205407,-0.009999999999999787,-0.22675736961450532,1.360544217687086
2025-05-15,4.4,4.45,4.35,4.39,10910300.0,48124431.0,611929950.0,0.017829328340604998,-0.010000000000000675,-0.22727272727274261,2.2727272727272845
2025-05-16,4.36,4.51,4.36,4.44,14482029.0,64524145.0,611929950.0,0.023666154925085787,0.05000000000000071,1.1389521640091216,3.416856492027323
2025-05-19,4.43,4.51,4.42,4.48,12727400.0,57073583.0,611929950.0,0.020798785874102093,0.040000000000000036,0.9009009009008917,2.0270270270270236
2025-05-20,4.5,4.51,4.44,4.49,9796729.0,43874502.0,611929950.0,0.0160095595909303,0.009999999999999787,0.22321428571427937,1.5624999999999862
2025-05-21,4.48,4.53,4.45,4.47,8426025.0,37845974.0,611929950.0,0.013769590784043174,-0.020000000000000462,-0.44543429844099425,1.7817371937639215
2025-05-22,4.47,4.5,4.37,4.37,11173900.0,49475756.0,611929950.0,0.0182600966009263,-0.09999999999999964,-2.237136465324374,2.908277404921698
2025-05-23,4.38,4.47,4.35,4.38,14013607.0,61986322.0,611929950.0,0.02290067188245975,0.009999999999999787,0.22883295194506825,2.7459954233409634
2025-05-26,4.37,4.49,4.36,4.48,16301900.0,72531480.0,611929950.0,0.026640140754672983,0.10000000000000053,2.2831050228310668,2.9680365296803632
2025-05-27,4.48,4.5,4.41,4.5,13018640.0,58004900.0,611929950.0,0.021274722703146006,0.019999999999999574,0.44642857142855874,2.008928571428568
2025-05-28,4.51,4.53,4.4,4.44,12266149.0,54845857.0,611929950.0,0.02004502149306469,-0.05999999999999961,-1.3333333333333197,2.8888888888888866
2025-05-29,4.41,4.51,4.39,4.49,13204201.0,59187136.0,611929950.0,0.02157796166048091,0.04999999999999982,1.1261261261261257,2.702702702702705
2025-05-30,4.49,4.5,4.29,4.31,19884100.0,86793731.0,611929950.0,0.032494078774866306,-0.1800000000000006,-4.008908685968837,4.677060133630288
2025-06-03,4.29,4.44,4.27,4.41,14022000.0,61712927.0,611929950.0,0.022914387504648203,0.10000000000000053,2.3201856148491906,3.9443155452436387
2025-06-04,4.39,4.48,4.39,4.48,13305700.0,59373447.0,611929950.0,0.02174382868496631,0.07000000000000028,1.5873015873016039,2.040816326530629
2025-06-05,4.49,4.51,4.41,4.45,9425400.0,42003017.0,611929950.0,0.015402743402247267,-0.03000000000000025,-0.6696428571428603,2.2321428571428488
2025-06-06,4.46,4.51,4.43,4.5,11129200.0,49946351.0,611929950.0,0.018187049024157097,0.04999999999999982,1.1235955056179803,1.7977528089887655
2025-06-09,4.55,4.56,4.5,4.56,11279900.0,51341384.0,611929950.0,0.018433319042481904,0.05999999999999961,1.3333333333333197,1.3333333333333246
2025-06-10,4.56,4.58,4.43,4.5,10847000.0,48948980.0,611929950.0,0.017725885127864716,-0.05999999999999961,-1.3157894736842035,3.2894736842105345
2025-06-11,4.5,4.59,4.48,4.52,10429763.0,47379478.0,611929950.0,0.017044047280248335,0.019999999999999574,0.4444444444444251,2.4444444444444318
2025-06-12,4.5,4.55,4.46,4.52,8893600.0,40192032.0,611929950.0,0.014533689681310745,0.0,0.0,1.9911504424778732
2025-06-13,4.62,4.68,4.51,4.58,26342804.0,120632583.0,611929950.0,0.04304872477642253,0.0600000000000005,1.3274336283185972,3.761061946902654
2025-06-16,4.64,4.67,4.56,4.56,28731046.0,132909547.0,611929950.0,0.046951527703456904,-0.020000000000000462,-0.4366812227074357,2.401746724890837
2025-06-17,4.55,4.73,4.52,4.64,36310905.0,168405966.0,611929950.0,0.05933833603012894,0.08000000000000007,1.7543859649122862,4.605263157894756
2025-06-18,4.67,4.88,4.64,4.75,56615385.0,268681341.0,611929950.0,0.09251938886142115,0.11000000000000032,2.37068965517242,5.172413793103453
2025-06-19,4.68,5.23,4.64,5.23,87060182.0,446178262.0,611929950.0,0.14227148385203242,0.4800000000000004,10.10526315789475,12.421052631578963
2025-06-20,5.19,5.73,5.05,5.4,158350637.0,842398937.0,611929950.0,0.25877249021722176,0.16999999999999993,3.2504780114722687,13.00191204588911
2025-06-23,5.38,5.9,5.2,5.67,135769016.0,748566441.0,611929950.0,0.22187019282190715,0.2699999999999996,4.999999999999982,12.962962962962965
2025-06-24,5.1,5.24,5.1,5.1,103573667.0,531049981.0,611929950.0,0.16925739130761616,-0.5700000000000003,-10.052910052910057,2.469135802469146
2025-06-25,4.92,4.98,4.77,4.82,83965941.0,405986620.0,611929950.0,0.1372149557314526,-0.27999999999999936,-5.490196078431364,4.117647058823547
2025-06-26,4.82,4.98,4.73,4.94,72732540.0,352198500.0,611929950.0,0.11885762414472441,0.1200000000000001,2.4896265560165887,5.186721991701244
2025-06-27,4.82,4.88,4.78,4.82,40696996.0,196606947.0,611929950.0,0.06650597180281828,-0.1200000000000001,-2.429149797570851,2.0242914979757014
2025-06-30,4.81,4.88,4.76,4.87,33922550.0,163842660.0,611927325.0,0.05543558624384031,0.04999999999999982,1.0373443983402453,2.4896265560165993
2025-07-01,4.86,4.9,4.8,4.89,33763005.0,163507007.0,611927325.0,0.05517486083825395,0.019999999999999574,0.4106776180698102,2.053388090349087
2025-07-02,4.88,4.93,4.82,4.84,24270000.0,117837637.0,611927325.0,0.039661572556839164,-0.04999999999999982,-1.0224948875255602,2.2494887525562257
2025-07-03,4.86,4.87,4.79,4.82,22602973.0,108943356.0,611927325.0,0.03693734872846216,-0.019999999999999574,-0.4132231404958553,1.6528925619834725
2025-07-04,4.82,4.87,4.75,4.75,25570134.0,122986355.0,611927325.0,0.04178622682031727,-0.07000000000000028,-1.4522821576763545,2.4896265560165993
2025-07-07,4.76,4.8,4.66,4.8,19138500.0,91163637.0,611927325.0,0.03127577282155197,0.04999999999999982,1.0526315789473717,2.9473684210526248
2025-07-08,4.8,4.84,4.78,4.82,20184802.0,97014475.0,611927325.0,0.032985619656713316,0.020000000000000462,0.4166666666666874,1.249999999999992
2025-07-09,4.82,4.84,4.76,4.78,22536470.0,108113523.0,611927325.0,0.03682867079027726,-0.040000000000000036,-0.8298755186721962,1.6597510373443998
2025-07-10,4.76,4.81,4.76,4.79,13508607.0,64726169.0,611927325.0,0.022075508721562647,0.009999999999999787,0.20920502092049986,1.0460251046025069
2025-07-11,4.79,4.81,4.74,4.77,18303573.0,87241241.0,611927325.0,0.029911350992538208,-0.020000000000000462,-0.41753653444677186,1.4613778705636618
2025-07-14,4.77,4.83,4.75,4.8,17116500.0,82214282.0,611927325.0,0.027971458865642257,0.03000000000000025,0.6289308176100628,1.6771488469601692
2025-07-15,4.81,4.84,4.71,4.77,21452402.0,102249702.0,611927325.0,0.035057107475957215,-0.03000000000000025,-0.6250000000000089,2.7083333333333313
2025-07-16,4.77,4.85,4.74,4.81,20300273.0,97745138.0,611927325.0,0.03317432016947437,0.040000000000000036,0.8385744234800763,2.306079664570219
2025-07-17,4.81,4.86,4.8,4.85,19565620.0,94544015.0,611927325.0,0.03197376420476075,0.040000000000000036,0.8316008316008316,1.247401247401258
2025-07-18,4.85,4.89,4.81,4.86,18613568.0,90171453.0,611927325.0,0.030417938927633278,0.010000000000000675,0.20618556701033075,1.6494845360824757
2025-07-21,4.89,5.0,4.87,4.96,34670011.0,171829508.0,611927325.0,0.056657072798636667,0.09999999999999964,2.0576131687242816,2.674897119341561
2025-07-22,4.98,5.0,4.93,4.98,21939600.0,108801052.0,611927325.0,0.0358532771845088,0.020000000000000462,0.40322580645162365,1.4112903225806508
2025-07-23,4.98,5.01,4.87,4.88,22044805.0,108521622.0,611927325.0,0.03602520119525632,-0.10000000000000053,-2.00803212851407,2.811244979919672
2025-07-24,4.91,4.93,4.86,4.93,14334928.0,70199176.0,611927325.0,0.023425866789001454,0.04999999999999982,1.0245901639344135,1.4344262295081844
2025-07-25,4.92,4.93,4.87,4.88,13337900.0,65212963.0,611927325.0,0.021796542587798316,-0.04999999999999982,-1.0141987829614618,1.2170385395537446
2025-07-28,4.89,4.91,4.85,4.88,13520176.0,66019081.0,611927325.0,0.02209441456140237,0.0,0.0,1.2295081967213217
2025-07-29,4.9,4.9,4.77,4.84,15606702.0,75234250.0,611927325.0,0.025504175679685492,-0.040000000000000036,-0.8196721311475419,2.6639344262295244
2025-07-30,4.86,4.86,4.77,4.8,13966102.0,67154552.0,611927325.0,0.022823138352254493,-0.040000000000000036,-0.8264462809917328,1.8595041322314203
2025-07-31,4.8,4.82,4.7,4.72,15205946.0,72316308.0,611927325.0,0.02484926784402053,-0.08000000000000007,-1.6666666666666718,2.500000000000002
2025-08-01,4.71,4.75,4.71,4.74,8581900.0,40671808.0,611927325.0,0.014024377813165968,0.020000000000000462,0.4237288135593209,0.8474576271186449
2025-08-04,4.75,4.79,4.7,4.78,9817850.0,46772103.0,611927325.0,0.01604414380416825,0.040000000000000036,0.8438818565400741,1.898734177215187
2025-08-05,4.79,4.85,4.78,4.85,12668486.0,61159356.0,611927325.0,0.0207025989565019,0.0699999999999994,1.464435146443499,1.464435146443502
2025-08-06,4.85,4.85,4.79,4.84,14721602.0,71031398.0,611927325.0,0.02405776208800612,-0.009999999999999787,-0.20618556701030855,1.2371134020618477
2025-08-07,4.84,4.86,4.81,4.85,12678430.0,61398042.0,611927325.0,0.020718849252237593,0.009999999999999787,0.20661157024792765,1.0330578512396842
2025-08-08,4.86,4.9,4.82,4.9,20944412.0,102001906.0,611927325.0,0.03422695987632191,0.05000000000000071,1.030927835051565,1.6494845360824757
2025-08-11,4.9,4.99,4.85,4.95,20701932.0,102054150.0,611927325.0,0.033830703670570686,0.04999999999999982,1.0204081632652962,2.8571428571428683
2025-08-12,4.96,4.98,4.92,4.93,12424690.0,61367140.0,611927325.0,0.020304192168571652,-0.020000000000000462,-0.40404040404041774,1.2121212121212221
2025-08-13,4.93,4.95,4.91,4.95,14537540.0,71662748.0,611927325.0,0.02375697146715911,0.020000000000000462,0.40567951318459805,0.811359026369169
2025-08-14,4.95,4.98,4.8,4.81,19146100.0,93312320.0,611927325.0,0.031288192597053906,-0.14000000000000057,-2.8282828282828354,3.6363636363636487
2025-08-15,4.84,4.89,4.81,4.87,16444689.0,79763714.0,611927325.0,0.026873598102519772,0.0600000000000005,1.2474012474012586,1.6632016632016646
2025-08-18,4.89,4.93,4.85,4.93,17474811.0,85623946.0,611927325.0,0.028557003889309894,0.05999999999999961,1.2320328542094305,1.6427104722792623
2025-08-19,4.92,5.23,4.89,5.15,59221800.0,302460484.0,611927325.0,0.09677913958164885,0.22000000000000064,4.462474645030445,6.896551724137947
2025-08-20,5.16,5.67,5.16,5.67,115790199.0,649393061.0,611927325.0,0.1892221416979541,0.5199999999999996,10.097087378640769,9.902912621359219
2025-08-21,5.68,6.13,5.68,5.73,129645020.0,760486160.0,611927325.0,0.21186342675578346,0.0600000000000005,1.0582010582010692,7.93650793650794
2025-08-22,5.73,5.8,5.59,5.63,69456948.0,394284041.0,611927325.0,0.11350522384337061,-0.10000000000000053,-1.7452006980802848,3.6649214659685856
2025-08-25,5.67,5.7,5.53,5.58,40232732.0,224908945.0,611927325.0,0.06574756569336072,-0.04999999999999982,-0.8880994671403131,3.0195381882770858
2025-08-26,5.58,5.65,5.52,5.62,22575481.0,126375311.0,611927325.0,0.0368924218247649,0.040000000000000036,0.7168458781362075,2.3297491039426665
2025-08-27,5.57,5.63,5.32,5.36,34646051.0,188990913.0,611927325.0,0.05661791782218583,-0.2599999999999998,-4.62633451957295,5.5160142348754375
2025-08-28,5.37,5.42,5.12,5.28,27994432.0,147359493.0,611927325.0,0.045747968518974044,-0.08000000000000007,-1.4925373134328401,5.597014925373131
2025-08-29,5.37,5.37,5.23,5.25,17964700.0,94739774.0,611927325.0,0.029357571178897757,-0.03000000000000025,-0.5681818181818232,2.651515151515145
2025-09-01,5.26,5.78,5.2,5.78,36510286.0,202513717.0,611927325.0,0.05966441521466622,0.5300000000000002,10.095238095238091,11.04761904761905
2025-09-02,5.76,5.76,5.55,5.64,62875871.0,353194474.0,611927325.0,0.10275055293535061,-0.14000000000000057,-2.422145328719738,3.633217993079584
2025-09-03,5.65,5.66,5.46,5.5,24799600.0,137908201.0,611927325.0,0.040527034807605625,-0.13999999999999968,-2.4822695035460973,3.5460992907801447
2025-09-04,5.58,5.67,5.48,5.53,43345712.0,242279138.0,611927325.0,0.0708347384225733,0.03000000000000025,0.5454545454545601,3.4545454545454457
2025-09-05,5.6,5.76,5.54,5.64,34282979.0,192797318.0,611927325.0,0.05602459246283862,0.10999999999999943,1.989150090415892,3.9783001808318215
2025-09-08,5.64,5.64,5.51,5.59,24964601.0,139111978.0,611927325.0,0.04079667630465758,-0.04999999999999982,-0.886524822695034,2.3049645390070905
2025-09-09,5.59,5.62,5.51,5.53,17492060.0,96939964.0,611927325.0,0.028585191877156326,-0.05999999999999961,-1.073345259391767,1.9677996422182524
2025-09-10,5.54,5.6,5.51,5.59,18606000.0,103428905.0,611927325.0,0.03040557144592293,0.05999999999999961,1.0849909584086825,1.6274864376130171
2025-09-11,5.58,5.59,5.46,5.59,21238656.0,117224566.0,611927325.0,0.034707807826689224,0.0,0.0,2.3255813953488356
2025-09-12,5.61,5.64,5.53,5.55,19643650.0,109623333.0,611927325.0,0.03210127934718392,-0.040000000000000036,-0.7155635062611854,1.9677996422182369
2025-09-15,5.56,5.56,5.38,5.44,23471333.0,127838332.0,611927325.0,0.03835640613041753,-0.10999999999999943,-1.9819819819819728,3.2432432432432385
2025-09-16,5.44,5.5,5.37,5.5,14524303.0,78922757.0,611927325.0,0.02373533981343291,0.05999999999999961,1.1029411764705843,2.389705882352939
2025-09-17,5.49,5.56,5.46,5.49,13738101.0,75596940.0,611927325.0,0.022450543453015438,-0.009999999999999787,-0.181818181818183,1.818181818181812
2025-09-18,5.49,6.04,5.44,6.04,101647121.0,598245361.0,611927325.0,0.16610979253132716,0.5499999999999998,10.018214936247727,10.928961748633872
2025-09-19,5.85,6.18,5.76,5.92,92810903.0,547384401.0,611927325.0,0.15166981307788469,-0.1200000000000001,-1.9867549668874163,6.95364238410596
2025-09-22,6.01,6.01,5.77,5.85,39210161.0,229150407.0,611927325.0,0.06407649960720417,-0.07000000000000028,-1.1824324324324342,4.054054054054058
2025-09-23,5.84,5.85,5.56,5.78,31142600.0,177126954.0,611927325.0,0.05089264480876058,-0.0699999999999994,-1.1965811965811812,4.957264957264958
2025-09-24,5.78,6.02,5.71,5.79,44656323.0,260127361.0,611927325.0,0.07297651400025322,0.009999999999999787,0.17301038062282892,5.363321799307952
2025-09-25,5.8,5.88,5.66,5.68,27214700.0,156164869.0,611927325.0,0.04447374530954309,-0.11000000000000032,-1.8998272884283351,3.7996545768566454
2025-09-26,5.67,5.85,5.6,5.72,26867579.0,154575323.0,611927325.0,0.043906486771121064,0.040000000000000036,0.7042253521126751,4.401408450704226
2025-09-29,5.73,5.95,5.66,5.84,35607100.0,207662294.0,611927325.0,0.05818844582565422,0.1200000000000001,2.0979020979021046,5.069930069930071
2025-09-30,5.83,5.84,5.67,5.77,30210958.0,173580340.0,611927325.0,0.049370173165579755,-0.07000000000000028,-1.1986301369863117,2.910958904109588
2025-10-09,5.86,5.93,5.68,5.92,37633437.0,219582291.0,611927325.0,0.06149984722450497,0.15000000000000036,2.5996533795493937,4.332755632582322
2025-10-10,5.93,6.03,5.84,6.0,37612329.0,224310855.0,611927325.0,0.06146535293222933,0.08000000000000007,1.3513513513513598,3.2094594594594663
2025-10-13,5.69,6.34,5.52,6.1,53181120.0,319825501.0,611927325.0,0.086907575176513,0.09999999999999964,1.6666666666666607,13.666666666666671
2025-10-14,6.27,6.44,6.13,6.2,53426003.0,333332961.0,611927325.0,0.08730775831917621,0.10000000000000053,1.6393442622950838,5.081967213114762
2025-10-15,6.2,6.3,6.07,6.1,34018056.0,208722784.0,611927325.0,0.05559166033319398,-0.10000000000000053,-1.6129032258064613,3.709677419354831
2025-10-16,6.19,6.19,5.94,5.96,22859275.0,137248962.0,611927325.0,0.03735619258381704,-0.13999999999999968,-2.2950819672131084,4.0983606557377055
2025-10-17,6.0,6.0,5.83,5.85,19624328.0,115578242.0,611927325.0,0.03206970370215123,-0.11000000000000032,-1.8456375838926231,2.8523489932885893
2025-10-20,5.94,6.02,5.86,5.96,19244767.0,114272811.0,611927325.0,0.031449432332507785,0.11000000000000032,1.8803418803418959,2.7350427350427227
2025-10-21,5.99,6.12,5.94,6.1,24786716.0,149969977.0,611927325.0,0.04050598001976787,0.13999999999999968,2.348993288590595,3.020134228187915
2025-10-22,6.06,6.2,6.02,6.11,23787400.0,144985123.0,611927325.0,0.038872916812466254,0.010000000000000675,0.16393442622952836,2.9508196721311575
2025-10-23,6.11,6.14,5.96,6.12,21566900.0,130656263.0,611927325.0,0.03524421793061782,0.009999999999999787,0.16366612111291534,2.9459901800327284
2025-10-24,6.12,6.19,5.91,5.94,27723882.0,166014792.0,611927325.0,0.04530584085291501,-0.17999999999999972,-2.941176470588236,4.575163398692815
2025-10-27,5.92,5.98,5.81,5.86,22741100.0,133636617.0,611927325.0,0.03716307324566688,-0.08000000000000007,-1.3468013468013518,2.861952861952876
2025-10-28,5.86,5.95,5.83,5.93,15474758.0,91308312.0,611927325.0,0.02528855530352399,0.0699999999999994,1.1945392491467421,2.047781569965872
2025-10-29,5.93,5.97,5.76,5.91,17700821.0,103646961.0,611927325.0,0.02892634513420364,-0.019999999999999574,-0.3372681281618828,3.541315345699831
2025-10-30,5.91,5.91,5.7,5.71,17825176.0,103222145.0,611927325.0,0.029129563710854064,-0.20000000000000018,-3.384094754653133,3.5532994923857864
2025-10-31,5.74,5.79,5.61,5.65,17737696.0,101007696.0,611927325.0,0.028986605558102837,-0.05999999999999961,-1.0507880910682998,3.1523642732048986
2025-11-03,5.76,5.98,5.68,5.93,27768142.0,162065996.0,611927325.0,0.045378169703403914,0.27999999999999936,4.955752212389375,5.309734513274349
2025-11-04,5.9,5.92,5.78,5.82,14430100.0,84225051.0,611927325.0,0.02358139506190543,-0.10999999999999943,-1.8549747048903775,2.3608768971332155
2025-11-05,5.8,6.08,5.76,6.02,26232723.0,156778473.0,611927325.0,0.04286901716637674,0.1999999999999993,3.4364261168384758,5.498281786941585
2025-11-06,6.02,6.08,5.95,6.01,15313620.0,91975410.0,611927325.0,0.02502522664762519,-0.009999999999999787,-0.16611295681062677,2.1594684385382044
2025-11-07,5.97,6.13,5.91,6.06,20026054.0,120928133.0,611927325.0,0.03272619669337368,0.04999999999999982,0.8319467554076532,3.660565723793673
2025-11-10,6.03,6.09,5.91,5.97,22376922.0,133940911.0,611927325.0,0.03656794048214794,-0.08999999999999986,-1.4851485148514865,2.970297029702966
2025-11-11,5.95,6.07,5.92,6.02,19935343.0,119840946.0,611927325.0,0.03257795850185314,0.04999999999999982,0.8375209380234505,2.5125628140703578
2025-11-12,6.06,6.1,5.97,6.05,17610526.0,106311525.0,611927325.0,0.028778786761973735,0.03000000000000025,0.4983388704318914,2.1594684385382044
2025-11-13,6.05,6.22,5.96,6.14,23586379.0,144292650.0,611927325.0,0.038544412116259065,0.08999999999999986,1.4876033057851235,4.297520661157021
2025-11-14,6.11,6.41,6.1,6.33,33897100.0,214190487.0,611927325.0,0.0553939963377187,0.1900000000000004,3.0944625407166138,5.048859934853429
2025-11-17,6.29,6.31,6.06,6.08,27980550.0,171775960.0,611927325.0,0.04572528281851117,-0.25,-3.949447077409163,3.949447077409163
2025-11-18,6.05,6.09,5.86,5.94,17850500.0,105957756.0,611927325.0,0.029170947710171303,-0.13999999999999968,-2.3026315789473673,3.7828947368420978
2025-11-19,5.97,5.98,5.78,5.84,13216801.0,77296010.0,611927325.0,0.02159864490444188,-0.10000000000000053,-1.683501683501687,3.36700336700337
2025-11-20,5.85,6.42,5.8,6.3,70656576.0,441064024.0,611927325.0,0.11546563311255957,0.45999999999999996,7.8767123287671215,10.616438356164386
2025-11-21,6.3,6.39,6.05,6.11,55940976.0,347882926.0,611927325.0,0.091417679378838,-0.1899999999999995,-3.015873015873005,5.396825396825395
2025-11-24,6.19,6.23,6.0,6.1,30036010.0,183708481.0,611927325.0,0.04908427647024914,-0.010000000000000675,-0.16366612111293755,3.764320785597388
2025-11-25,6.17,6.22,6.04,6.07,22134462.0,135267584.0,611927325.0,0.036171716960016455,-0.02999999999999936,-0.4918032786885185,2.9508196721311433
2025-11-26,6.07,6.68,6.07,6.38,75463876.0,485487714.0,611927325.0,0.12332163137182998,0.3099999999999996,5.107084019769359,10.049423393739694
2025-11-27,6.36,6.42,6.16,6.23,43587862.0,272300502.0,611927325.0,0.07123045534859879,-0.14999999999999947,-2.351097178683381,4.075235109717865
2025-11-28,6.26,6.38,6.19,6.31,31615024.0,198823021.0,611927325.0,0.0516646711274088,0.07999999999999918,1.284109149277679,3.0497592295345024
2025-12-01,6.3,6.48,6.3,6.45,42461151.0,272193194.0,611927325.0,0.06938920565444598,0.14000000000000057,2.2187004754358197,2.8526148969889165
2025-12-02,6.37,6.46,6.21,6.26,27954215.0,175799135.0,611927325.0,0.04568224666221597,-0.1900000000000004,-2.945736434108537,3.875968992248062
2025-12-03,6.26,6.48,6.1,6.25,34902155.0,219178269.0,611927325.0,0.05703643810970527,-0.009999999999999787,-0.15974440894568342,6.070287539936115
2025-12-04,6.24,6.24,6.01,6.07,26177989.0,159905651.0,611927325.0,0.042779571904228986,-0.17999999999999972,-2.8799999999999937,3.680000000000007
2025-12-05,6.06,6.11,5.94,6.1,18346621.0,110785278.0,611927325.0,0.02998169921567075,0.02999999999999936,0.49423393739702615,2.800658978583195
2025-12-08,6.1,6.12,5.96,6.1,19266052.0,116213410.0,611927325.0,0.031484215874818144,0.0,0.0,2.6229508196721336
2025-12-09,6.1,6.16,6.01,6.03,13862700.0,84130231.0,611927325.0,0.022654160769826712,-0.0699999999999994,-1.147540983606543,2.459016393442629
2025-12-10,6.03,6.08,5.98,6.06,9642800.0,58165101.0,611927325.0,0.015758080422376954,0.02999999999999936,0.4975124378109319,1.6583747927031451
2025-12-11,6.03,6.06,5.48,5.51,45213636.0,255673204.0,611927325.0,0.07388726430871509,-0.5499999999999998,-9.07590759075907,9.570957095709558
2025-12-12,5.6,5.91,5.52,5.74,26991440.0,155007534.0,611927325.0,0.04410889806236386,0.23000000000000043,4.174228675136127,7.078039927404729
2025-12-15,5.78,5.79,5.6,5.67,12144500.0,69109483.0,611927325.0,0.019846310997797,-0.07000000000000028,-1.2195121951219523,3.3101045296167317
2025-12-16,5.67,5.81,5.57,5.72,14510914.0,82382250.0,611927325.0,0.02371345976419667,0.04999999999999982,0.8818342151675429,4.232804232804221
2025-12-17,5.75,5.85,5.68,5.82,14129799.0,81474444.0,611927325.0,0.023090648877299277,0.10000000000000053,1.7482517482517501,2.9720279720279708
2025-12-18,5.83,6.14,5.81,6.0,25332270.0,152409027.0,611927325.0,0.041397513994002474,0.17999999999999972,3.092783505154628,5.670103092783505
2025-12-19,5.99,6.07,5.95,6.06,11928113.0,71845175.0,611927325.0,0.019492695476542088,0.05999999999999961,1.0000000000000009,2.0000000000000018
2025-12-22,6.09,6.2,6.06,6.12,16967596.0,104208694.0,611927325.0,0.027728122779939596,0.0600000000000005,0.990099009900991,2.31023102310232
2025-12-23,6.13,6.18,6.0,6.01,14955400.0,90313302.0,611927325.0,0.024439830334427377,-0.11000000000000032,-1.7973856209150374,2.9411764705882306
2025-12-24,5.99,6.15,5.94,6.12,13507770.0,82047499.0,611927325.0,0.022074140912076445,0.11000000000000032,1.830282861896837,3.494176372712146
2025-12-25,6.18,6.43,6.14,6.38,29783255.0,189271814.0,611927325.0,0.04867122905485549,0.2599999999999998,4.2483660130719025,4.738562091503269
2025-12-26,6.41,6.78,6.37,6.71,52581693.0,345838602.0,611927325.0,0.08592800296996053,0.33000000000000007,5.1724137931034475,6.426332288401257
2025-12-29,6.84,7.21,6.83,7.11,52925144.0,373854906.0,611927325.0,0.08648926406415991,0.40000000000000036,5.961251862891204,5.6631892697466455
2025-12-30,7.1,7.22,6.9,7.04,35597701.0,251931871.0,611927325.0,0.05817308615855649,-0.07000000000000028,-0.9845288326301049,4.500703234880441
2025-12-31,7.12,7.3,7.04,7.24,32809072.0,236076258.0,612000000.0,0.05360959477124183,0.20000000000000018,2.840909090909083,3.693181818181815
2026-01-05,7.35,7.93,7.34,7.88,52883853.0,407362993.0,612000000.0,0.08641152450980392,0.6399999999999997,8.83977900552486,8.149171270718229
2026-01-06,7.71,7.99,7.67,7.83,40171446.0,314275750.0,612000000.0,0.06563961764705882,-0.04999999999999982,-0.6345177664974555,4.0609137055837605
2026-01-07,7.83,7.9,7.54,7.56,39451428.0,301855170.0,612000000.0,0.06446311764705882,-0.27000000000000046,-3.4482758620689724,4.5977011494252915
2026-01-08,7.45,7.79,7.05,7.28,58537366.0,433667626.0,612000000.0,0.0956492908496732,-0.27999999999999936,-3.703703703703698,9.788359788359791
2026-01-09,7.26,7.35,6.89,7.17,56612026.0,402296640.0,612000000.0,0.09250331045751634,-0.11000000000000032,-1.5109890109890167,6.318681318681318
2026-01-12,7.15,7.38,7.09,7.19,39604655.0,286375310.0,612000000.0,0.0647134885620915,0.020000000000000462,0.2789400278940146,4.0446304044630415
2026-01-13,7.22,7.34,7.09,7.19,29898607.0,215553530.0,612000000.0,0.04885393300653595,0.0,0.0,3.477051460361613
2026-01-14,7.22,7.42,7.12,7.35,38482238.0,280310787.0,612000000.0,0.06287947385620915,0.15999999999999925,2.225312934631418,4.172461752433933
2026-01-15,7.3,7.49,7.13,7.18,22648200.0,163602311.0,612000000.0,0.03700686274509804,-0.16999999999999993,-2.3129251700680253,4.897959183673474
2026-01-16,7.22,7.5,7.16,7.42,34977956.0,255980198.0,612000000.0,0.057153522875816994,0.2400000000000002,3.342618384401108,4.735376044568243
2026-01-19,7.39,7.39,7.11,7.28,23802233.0,171882080.0,612000000.0,0.038892537581699346,-0.13999999999999968,-1.8867924528301883,3.773584905660369
2026-01-20,7.25,7.25,6.57,6.7,53492005.0,362094111.0,612000000.0,0.08740523692810458,-0.5800000000000001,-7.9670329670329725,9.340659340659336
2026-01-21,6.74,6.79,6.63,6.78,19798896.0,133309229.0,612000000.0,0.03235113725490196,0.08000000000000007,1.1940298507462588,2.3880597014925393
2026-01-22,6.79,7.03,6.77,7.01,20740777.0,144120904.0,612000000.0,0.03389015849673203,0.22999999999999954,3.3923303834808127,3.8348082595870303
2026-01-23,7.02,7.07,6.91,6.95,16984901.0,118546948.0,612000000.0,0.027753106209150325,-0.05999999999999961,-0.8559201141226769,2.2824536376604874
2026-01-26,6.95,7.06,6.78,6.9,19178082.0,132510723.0,612000000.0,0.031336735294117644,-0.04999999999999982,-0.7194244604316502,4.028776978417257
2026-01-27,6.86,6.88,6.66,6.72,16682871.0,112176890.0,612000000.0,0.0272595931372549,-0.1800000000000006,-2.60869565217392,3.1884057971014457
2026-01-28,6.81,6.89,6.66,6.72,20098478.0,135797025.0,612000000.0,0.03284065032679739,0.0,0.0,3.4226190476190412
2026-01-29,6.68,6.77,6.61,6.64,20995301.0,140320454.0,612000000.0,0.034306047385620916,-0.08000000000000007,-1.1904761904761862,2.3809523809523703
2026-01-30,6.66,6.73,6.44,6.58,19689127.0,129091032.0,612000000.0,0.032171776143790846,-0.05999999999999961,-0.9036144578313143,4.367469879518073
2026-02-02,6.52,6.57,6.3,6.32,18002899.0,115323194.0,612000000.0,0.029416501633986927,-0.2599999999999998,-3.951367781155013,4.103343465045599
2026-02-03,6.38,6.4,6.25,6.34,19172303.0,121090051.0,612000000.0,0.03132729248366013,0.019999999999999574,0.31645569620253333,2.373417721518993
2026-02-04,6.33,6.5,6.32,6.4,13544482.0,86756328.0,612000000.0,0.022131506535947712,0.0600000000000005,0.9463722397476504,2.839116719242898
2026-02-05,6.4,6.45,6.28,6.3,11503400.0,73181529.0,612000000.0,0.01879640522875817,-0.10000000000000053,-1.562500000000011,2.656249999999999
2026-02-06,6.27,6.38,6.21,6.32,10838914.0,68605882.0,612000000.0,0.017710643790849672,0.020000000000000462,0.31746031746031633,2.6984126984126977
2026-02-09,6.41,6.42,6.32,6.39,11581014.0,73913288.0,612000000.0,0.01892322549019608,0.0699999999999994,1.1075949367088445,1.5822784810126524
2026-02-10,6.39,6.42,6.34,6.35,9806600.0,62490120.0,612000000.0,0.01602385620915033,-0.040000000000000036,-0.6259780907668211,1.2519561815336475
2026-02-11,6.37,6.42,6.31,6.32,10931702.0,69566728.0,612000000.0,0.01786225816993464,-0.02999999999999936,-0.47244094488188004,1.7322834645669343
2026-02-12,6.32,6.34,6.21,6.23,12221720.0,76698875.0,612000000.0,0.01997013071895425,-0.08999999999999986,-1.424050632911389,2.056962025316454
2026-02-13,6.25,6.33,6.21,6.24,11460100.0,71856739.0,612000000.0,0.01872565359477124,0.009999999999999787,0.16051364365969878,1.9261637239165346
2026-02-24,6.32,6.79,6.31,6.67,32110704.0,213682662.0,612000000.0,0.0524684705882353,0.4299999999999997,6.891025641025639,7.692307692307699
2026-02-25,6.67,6.73,6.57,6.66,18042260.0,120091792.0,612000000.0,0.02948081699346405,-0.009999999999999787,-0.14992503748125774,2.398800599700152
2026-02-26,6.7,6.8,6.6,6.68,12863731.0,85915393.0,612000000.0,0.021019168300653594,0.019999999999999574,0.30030030030030463,3.003003003003006
2026-02-27,6.67,6.76,6.61,6.76,15242020.0,102122838.0,612000000.0,0.024905261437908496,0.08000000000000007,1.1976047904191711,2.24550898203592
2026-03-02,6.9,7.04,6.67,6.88,45489242.0,311314618.0,612000000.0,0.07432882679738562,0.1200000000000001,1.775147928994092,5.47337278106509
2026-03-03,6.99,7.26,6.94,7.08,68604297.0,489228065.0,612000000.0,0.11209852450980393,0.20000000000000018,2.9069767441860517,4.651162790697666
2026-03-04,6.97,6.97,6.37,6.55,46685889.0,306864072.0,612000000.0,0.07628413235294118,-0.5300000000000002,-7.485875706214696,8.474576271186436
2026-03-05,6.64,7.11,6.54,6.72,33028410.0,222101900.0,612000000.0,0.05396799019607843,0.16999999999999993,2.595419847328251,8.702290076335881
2026-03-06,6.7,6.73,6.56,6.62,25593459.0,169246805.0,612000000.0,0.04181937745098039,-0.09999999999999964,-1.4880952380952328,2.529761904761917
2026-03-09,6.8,6.91,6.5,6.52,29123124.0,193848930.0,612000000.0,0.04758680392156863,-0.10000000000000053,-1.5105740181268978,6.193353474320244
2026-03-10,6.39,6.44,6.26,6.38,26876749.0,171443219.0,612000000.0,0.04391625653594771,-0.13999999999999968,-2.1472392638036797,2.760736196319028
2026-03-11,6.36,6.39,6.2,6.34,18532702.0,116237923.0,612000000.0,0.030282192810457517,-0.040000000000000036,-0.6269592476489061,2.9780564263322806
2026-03-12,6.37,6.42,6.28,6.31,14652603.0,92936932.0,612000000.0,0.023942161764705882,-0.03000000000000025,-0.4731861198738252,2.2082018927444746
2026-03-13,6.3,6.38,6.12,6.16,16234400.0,101250933.0,612000000.0,0.026526797385620915,-0.14999999999999947,-2.3771790808240767,4.120443740095084
2026-03-16,6.16,6.29,6.13,6.2,10185301.0,63102654.0,612000000.0,0.016642648692810458,0.040000000000000036,0.6493506493506551,2.5974025974025996
2026-03-17,6.2,6.23,6.04,6.06,12775650.0,78141812.0,612000000.0,0.020875245098039216,-0.14000000000000057,-2.2580645161290436,3.0645161290322642
2026-03-18,6.08,6.08,5.9,6.02,11070400.0,66173341.0,612000000.0,0.01808888888888889,-0.040000000000000036,-0.660066006600657,2.970297029702966
2026-03-19,6.07,6.08,5.83,5.85,12895900.0,76212239.0,612000000.0,0.02107173202614379,-0.16999999999999993,-2.8239202657807327,4.152823920265781
2026-03-20,5.83,6.0,5.74,5.75,14053700.0,82063596.0,612000000.0,0.022963562091503267,-0.09999999999999964,-1.7094017094017033,4.444444444444441
2026-03-23,5.73,5.73,5.42,5.47,17617590.0,98125679.0,612000000.0,0.028786911764705884,-0.28000000000000025,-4.8695652173913135,5.391304347826096
2026-03-24,5.57,5.62,5.46,5.61,16760150.0,93052614.0,612000000.0,0.027385866013071896,0.14000000000000057,2.5594149908592323,2.925045703839125
2026-03-25,5.65,5.83,5.59,5.82,16039500.0,91921602.0,612000000.0,0.026208333333333333,0.20999999999999996,3.743315508021383,4.278074866310163
2026-03-26,5.79,5.93,5.64,5.68,10066400.0,57645586.0,612000000.0,0.016448366013071897,-0.14000000000000057,-2.4054982817869552,4.982817869415808
2026-03-27,5.67,5.81,5.58,5.81,8698255.0,50073557.0,612000000.0,0.014212834967320261,0.1299999999999999,2.2887323943661997,4.049295774647879
2026-03-30,5.78,5.88,5.72,5.86,9886624.0,57488354.0,612000000.0,0.016154614379084966,0.05000000000000071,0.8605851979346157,2.753872633390708
2026-03-31,5.82,5.89,5.73,5.73,9322400.0,54068053.0,612000000.0,0.01523267973856209,-0.1299999999999999,-2.2184300341296925,2.7303754266211477
2026-04-01,5.78,5.83,5.72,5.79,6411463.0,37017040.0,612000000.0,0.010476246732026144,0.05999999999999961,1.0471204188481575,1.9197207678883128
2026-04-02,5.8,5.9,5.76,5.83,9752300.0,56842669.0,612000000.0,0.01593513071895425,0.040000000000000036,0.6908462867012188,2.4179620034542415
2026-04-03,5.83,5.83,5.61,5.64,9066200.0,51476861.0,612000000.0,0.0148140522875817,-0.1900000000000004,-3.2590051457976,3.773584905660373
2026-04-07,5.68,6.02,5.65,5.99,18817900.0,111143827.0,612000000.0,0.030748202614379085,0.35000000000000053,6.205673758865249,6.560283687943248
2026-04-08,5.95,6.03,5.86,6.02,16984350.0,101227955.0,612000000.0,0.027752205882352943,0.02999999999999936,0.5008347245408995,2.8380634390651074
2026-04-09,6.02,6.16,5.98,6.03,12811000.0,77670110.0,612000000.0,0.020933006535947714,0.010000000000000675,0.16611295681063787,2.9900332225913577
2026-04-10,6.04,6.11,6.0,6.03,8137515.0,49247788.0,612000000.0,0.013296593137254903,0.0,0.0,1.8242122719734712
2026-04-13,6.14,6.19,6.03,6.15,12291800.0,75124797.0,612000000.0,0.020084640522875816,0.1200000000000001,1.990049751243772,2.6533996683250436
2026-04-14,6.15,6.25,6.09,6.12,10012330.0,61642276.0,612000000.0,0.01636001633986928,-0.03000000000000025,-0.4878048780487809,2.6016260162601648
2026-04-15,6.12,6.15,5.94,5.97,10491325.0,63241222.0,612000000.0,0.017142687908496733,-0.15000000000000036,-2.450980392156865,3.4313725490196076
2026-04-16,6.02,6.02,5.9,5.99,7618198.0,45382373.0,612000000.0,0.012448035947712419,0.020000000000000462,0.3350083752093891,2.0100502512562683
2026-04-17,5.98,6.0,5.88,5.91,7585680.0,44904404.0,612000000.0,0.012394901960784313,-0.08000000000000007,-1.3355592654424098,2.0033388981636078
2026-04-20,5.94,5.99,5.88,5.92,7304000.0,43239489.0,612000000.0,0.011934640522875817,0.009999999999999787,0.16920473773265332,1.8612521150592272
2026-04-21,5.89,5.91,5.76,5.83,9963640.0,57995734.0,612000000.0,0.01628045751633987,-0.08999999999999986,-1.520270270270263,2.53378378378379
2026-04-22,5.83,5.85,5.77,5.84,8988095.0,52167550.0,612000000.0,0.01468642973856209,0.009999999999999787,0.17152658662091813,1.3722126929674112
2026-04-23,5.86,5.91,5.8,5.83,9625800.0,56264731.0,612000000.0,0.01572843137254902,-0.009999999999999787,-0.1712328767123239,1.883561643835622
2026-04-24,5.79,5.89,5.73,5.85,9465544.0,54924283.0,612000000.0,0.015466575163398694,0.019999999999999574,0.34305317324183626,2.744425385934807
2026-04-27,5.85,5.92,5.76,5.91,10477300.0,61349901.0,612000000.0,0.017119771241830065,0.0600000000000005,1.0256410256410442,2.7350427350427373
2026-04-28,5.89,5.93,5.84,5.9,9299293.0,54755705.0,612000000.0,0.01519492320261438,-0.009999999999999787,-0.16920473773265332,1.5228426395939063
2026-04-29,5.87,5.95,5.83,5.87,9148031.0,54021055.0,612000000.0,0.014947763071895425,-0.03000000000000025,-0.5084745762711895,2.0338983050847474
2026-04-30,5.86,5.91,5.82,5.84,8420380.0,49276605.0,612000000.0,0.013758790849673203,-0.03000000000000025,-0.5110732538330498,1.5332197614991459
2026-05-06,5.84,5.92,5.77,5.8,11316344.0,65981151.0,612000000.0,0.018490758169934642,-0.040000000000000036,-0.6849315068493178,2.5684931506849376
2026-05-07,5.77,6.03,5.68,5.93,21004534.0,123135938.0,612000000.0,0.034321133986928105,0.1299999999999999,2.2413793103448265,6.034482758620699
2026-05-08,5.92,6.06,5.86,5.99,15087200.0,90050201.0,612000000.0,0.024652287581699347,0.0600000000000005,1.0118043844856706,3.372681281618875
2026-05-11,6.01,6.18,6.0,6.13,16078194.0,97879377.0,612000000.0,0.026271558823529412,0.13999999999999968,2.3372287145241977,3.005008347245404
2026-05-12,6.12,6.12,5.88,5.92,16710402.0,99615556.0,612000000.0,0.02730457843137255,-0.20999999999999996,-3.4257748776509,3.9151712887438865
2026-05-13,5.95,6.03,5.9,5.95,10664240.0,63502771.0,612000000.0,0.017425228758169934,0.03000000000000025,0.5067567567567544,2.1959459459459443
2026-05-14,5.96,5.96,5.76,5.76,11463200.0,66758976.0,612000000.0,0.018730718954248365,-0.1900000000000004,-3.1932773109243806,3.3613445378151288
2026-05-15,5.81,5.82,5.67,5.69,10207800.0,58433427.0,612000000.0,0.016679411764705884,-0.0699999999999994,-1.215277777777768,2.604166666666673
2026-05-18,5.7,5.72,5.56,5.66,12346206.0,69369517.0,612000000.0,0.020173539215686275,-0.03000000000000025,-0.5272407732864748,2.8119507908611623
2026-05-19,5.68,5.73,5.6,5.73,6917600.0,39313348.0,612000000.0,0.01130326797385621,0.07000000000000028,1.2367491166077826,2.29681978798588
2026-05-20,5.75,5.93,5.7,5.89,13178479.0,76982513.0,612000000.0,0.021533462418300654,0.15999999999999925,2.7923211169284423,4.013961605584634
2026-05-21,5.89,5.94,5.52,5.55,17010100.0,97377812.0,612000000.0,0.027794281045751636,-0.33999999999999986,-5.772495755517825,7.130730050933801
2026-05-22,5.57,5.64,5.42,5.62,12277807.0,67942017.0,612000000.0,0.02006177614379085,0.07000000000000028,1.2612612612612706,3.9639639639639594
2026-05-25,5.56,5.88,5.55,5.63,11152900.0,63547718.0,612000000.0,0.018223692810457517,0.009999999999999787,0.1779359430605032,5.871886120996442
2026-05-26,5.65,5.74,5.52,5.6,13251477.0,74454351.0,612000000.0,0.02165274019607843,-0.03000000000000025,-0.5328596802841923,3.9076376554174184
2026-05-27,5.6,5.62,5.31,5.35,12827373.0,69445063.0,612000000.0,0.02095975980392157,-0.25,-4.46428571428571,5.535714285714295
2026-05-28,5.34,5.54,5.33,5.49,10894753.0,59278223.0,612000000.0,0.017801883986928106,0.14000000000000057,2.6168224299065512,3.925233644859813
2026-05-29,5.49,5.49,5.21,5.23,12771018.0,67740229.0,612000000.0,0.020867676470588237,-0.2599999999999998,-4.735883424408005,5.100182149362482
2026-06-01,5.23,5.42,5.18,5.35,10242907.0,54772292.0,612000000.0,0.01673677614379085,0.11999999999999922,2.2944550669215857,4.588910133843216
2026-06-02,5.35,5.38,5.2,5.26,9189051.0,48377686.0,612000000.0,0.015014789215686275,-0.08999999999999986,-1.6822429906542036,3.3644859813084063
2026-06-03,5.28,5.39,5.25,5.33,8336249.0,44322960.0,612000000.0,0.013621321895424837,0.07000000000000028,1.3307984790874583,2.661596958174899
2026-06-04,5.33,5.33,5.16,5.2,9091700.0,47264334.0,612000000.0,0.014855718954248366,-0.1299999999999999,-2.4390243902439046,3.189493433395871
2026-06-05,5.2,5.32,5.12,5.24,8674502.0,45443136.0,612000000.0,0.014174022875816993,0.040000000000000036,0.7692307692307665,3.8461538461538494
2026-06-08,5.16,5.22,5.0,5.07,11516820.0,58823641.0,612000000.0,0.018818333333333333,-0.16999999999999993,-3.244274809160308,4.198473282442743
2026-06-09,5.07,5.2,5.05,5.2,10357320.0,53313550.0,612000000.0,0.01692372549019608,0.1299999999999999,2.564102564102555,2.9585798816568114
2026-06-10,5.15,5.2,4.96,5.04,9810005.0,49488929.0,612000000.0,0.016029419934640524,-0.16000000000000014,-3.076923076923077,4.615384615384619
2026-06-11,5.07,5.13,4.92,5.04,8403200.0,42072099.0,612000000.0,0.013730718954248365,0.0,0.0,4.166666666666666
2026-06-12,5.11,5.39,5.08,5.32,19258200.0,101604288.0,612000000.0,0.03146764705882353,0.28000000000000025,5.555555555555558,6.150793650793643
2026-06-15,5.38,5.57,5.32,5.39,13081800.0,71235726.0,612000000.0,0.02137549019607843,0.0699999999999994,1.3157894736842035,4.6992481203007515
2026-06-16,5.45,5.58,5.34,5.43,13711700.0,74775224.0,612000000.0,0.022404738562091502,0.040000000000000036,0.7421150278293043,4.452690166975885
2026-06-17,5.42,5.53,5.38,5.41,9520800.0,51889239.0,612000000.0,0.01555686274509804,-0.019999999999999574,-0.36832412523019054,2.762430939226526
2026-06-18,5.39,5.46,5.22,5.27,10481800.0,55633021.0,612000000.0,0.017127124183006538,-0.14000000000000057,-2.5878003696857776,4.4362292051756045
