date,open,high,low,close,volume,amount,outstanding_share,turnover,change,pct_chg,amplitude
2023-03-06,11.25,11.7,11.12,11.2,63003553.0,717332662.0,1500318346.0,0.04199345636742617,,,
2023-03-07,11.2,11.3,10.74,10.75,43761922.0,485859374.0,1500318346.0,0.02916842423254618,-0.4499999999999993,-4.01785714285714,5.000000000000004
2023-03-08,10.66,11.05,10.64,11.0,35635380.0,392607103.0,1500318346.0,0.02375187912285917,0.25,2.3255813953488413,3.8139534883720945
2023-03-09,11.06,11.3,10.97,11.14,31927645.0,362092786.0,1500318346.0,0.021280580274927866,0.14000000000000057,1.2727272727272698,3.0000000000000004
2023-03-10,11.07,11.2,10.97,10.99,19128609.0,214495921.0,1500318346.0,0.012749700122643171,-0.15000000000000036,-1.3464991023339312,2.0646319569120166
2023-03-13,10.97,11.14,10.82,11.06,23408268.0,259989552.0,1500318346.0,0.015602200734536642,0.07000000000000028,0.6369426751592355,2.91173794358508
2023-03-14,10.97,11.27,10.7,11.15,48250896.0,536101113.0,1500318346.0,0.032160438568682274,0.08999999999999986,0.8137432188065175,5.1537070524412325
2023-03-15,11.16,11.85,11.16,11.56,84283451.0,990689470.0,1500318346.0,0.05617704484165523,0.41000000000000014,3.6771300448430466,6.188340807174883
2023-03-16,11.48,11.83,11.46,11.5,43832144.0,514813636.0,1500318346.0,0.0292152289658131,-0.0600000000000005,-0.5190311418685201,3.200692041522484
2023-03-17,11.63,11.9,11.5,11.72,57099827.0,679916969.0,1500318346.0,0.03805847415799047,0.22000000000000064,1.9130434782608674,3.4782608695652204
2023-03-20,11.75,12.4,11.64,12.18,103831766.0,1267750047.0,1500318346.0,0.06920648959390915,0.4599999999999991,3.924914675767921,6.484641638225254
2023-03-21,12.13,12.26,11.97,12.11,56040994.0,687962417.0,1500318346.0,0.03735273527075833,-0.07000000000000028,-0.5747126436781658,2.380952380952374
2023-03-22,12.13,12.87,12.11,12.77,87537482.0,1113600047.0,1500318346.0,0.05834593853590057,0.6600000000000001,5.450041288191576,6.275805119735754
2023-03-23,12.7,12.99,12.62,12.84,98224030.0,1274679750.0,1500318346.0,0.06546879218125617,0.07000000000000028,0.5481597494126911,2.8974158183242054
2023-03-24,13.02,13.39,12.74,12.94,79125428.0,1045279598.0,1500318346.0,0.05273909248057679,0.09999999999999964,0.7788161993769416,5.062305295950158
2023-03-27,12.94,13.33,12.66,13.06,72959394.0,963695407.0,1500318346.0,0.048629275376467336,0.120000000000001,0.9273570324574987,5.17774343122102
2023-03-28,12.93,13.09,12.41,12.47,55372311.0,709197348.0,1500318346.0,0.03690704119404269,-0.5899999999999999,-4.517611026033686,5.2067381316998445
2023-03-29,12.47,12.89,12.44,12.68,52332114.0,672893633.0,1500318346.0,0.03488067325146206,0.20999999999999908,1.6840417000801855,3.608660785886135
2023-03-30,12.69,12.85,12.41,12.42,40369279.0,514940014.0,1500318346.0,0.026907142145950937,-0.2599999999999998,-2.050473186119872,3.4700315457413216
2023-03-31,12.42,12.42,12.05,12.13,59002097.0,726056675.0,1500318346.0,0.03932638506841268,-0.28999999999999915,-2.3349436392914535,2.979066022544277
2023-04-03,12.16,12.77,12.15,12.52,62580429.0,793655266.0,1500318346.0,0.041711433554649076,0.3899999999999988,3.215169002473206,5.111294311624066
2023-04-04,12.45,12.71,12.25,12.6,53252500.0,675297760.0,1500318346.0,0.035494133723003876,0.08000000000000007,0.6389776357827559,3.6741214057508054
2023-04-06,12.53,13.64,12.47,13.56,120238418.0,1615039763.0,1500318346.0,0.0801419367566675,0.9600000000000009,7.619047619047636,9.285714285714286
2023-04-07,13.52,13.6,13.14,13.35,57943915.0,781753721.0,1500318346.0,0.03862108008909197,-0.21000000000000085,-1.5486725663716894,3.392330383480819
2023-04-10,13.37,13.96,13.34,13.36,67524210.0,931471996.0,1500318346.0,0.0450065882217773,0.009999999999999787,0.07490636704119424,4.644194756554314
2023-04-11,13.42,13.55,13.06,13.26,41537351.0,559802298.0,1500318346.0,0.027685691580552067,-0.09999999999999964,-0.7485029940119681,3.6676646706586844
2023-04-12,13.24,13.61,13.13,13.35,37123998.0,503182972.0,1500318346.0,0.024744080547289396,0.08999999999999986,0.6787330316742057,3.6199095022624332
2023-04-13,13.23,13.35,12.88,12.92,40943286.0,541960196.0,1500318346.0,0.02728973228192465,-0.4299999999999997,-3.22097378277153,3.520599250936321
2023-04-14,12.92,13.79,12.92,13.68,62588002.0,853521666.0,1500318346.0,0.0417164811500612,0.7599999999999998,5.882352941176472,6.733746130030954
2023-04-17,13.61,13.67,13.13,13.25,56530954.0,767040961.0,1500318346.0,0.03767930596244272,-0.4299999999999997,-3.14327485380117,3.947368421052625
2023-04-18,13.31,13.6,13.05,13.52,46710366.0,632564327.0,1500318346.0,0.031133636487572485,0.2699999999999996,2.037735849056599,4.150943396226407
2023-04-19,13.53,14.88,13.43,14.72,130105451.0,1905871791.0,1500318346.0,0.08671856299489655,1.200000000000001,8.875739644970416,10.724852071005925
2023-04-20,14.78,15.92,14.33,15.72,160121263.0,2469215959.0,1500318346.0,0.10672485837882302,1.0,6.7934782608695565,10.801630434782608
2023-04-21,16.3,16.47,15.11,15.37,106481966.0,1686297499.0,1500318346.0,0.07097291470433036,-0.3500000000000014,-2.2264631043257044,8.651399491094143
2023-04-24,15.64,15.73,15.07,15.25,69736931.0,1079634687.0,1500318346.0,0.046481422550037926,-0.11999999999999922,-0.780741704619381,4.294079375406637
2023-04-25,15.06,15.36,14.29,14.73,88042602.0,1320161802.0,1500318346.0,0.05868261374976214,-0.5199999999999996,-3.409836065573768,7.016393442622952
2023-04-26,14.55,14.78,13.26,13.27,93850148.0,1295914391.0,1500318346.0,0.06255348956454072,-1.4600000000000009,-9.91174473862866,10.319076714188727
2023-04-27,12.83,13.88,12.62,13.25,82505441.0,1118670662.0,1500318346.0,0.054991956353775066,-0.019999999999999574,-0.15071590052749828,9.495101733232868
2023-04-28,13.16,14.57,13.13,14.57,90145336.0,1308732165.0,1500318346.0,0.060084138969797016,1.3200000000000003,9.96226415094339,10.867924528301883
2023-05-04,14.56,14.88,14.16,14.43,57957911.0,851157470.0,1500318346.0,0.03863040877592521,-0.14000000000000057,-0.9608785175017176,4.941660947151686
2023-05-05,14.42,14.79,13.67,14.05,57241184.0,823523220.0,1500318346.0,0.038152692162040654,-0.379999999999999,-2.633402633402626,7.761607761607757
2023-05-08,13.85,14.29,13.72,14.06,42431695.0,604620835.0,1500318346.0,0.028281794402586075,0.009999999999999787,0.0711743772241924,4.056939501779349
2023-05-09,13.9,14.38,13.39,13.48,68725732.0,958782353.0,1500318346.0,0.045807432924638784,-0.5800000000000001,-4.125177809388337,7.041251778093885
2023-05-10,13.47,13.81,13.11,13.36,32610484.0,441628794.0,1500318346.0,0.021735709682510273,-0.120000000000001,-0.8902077151335397,5.192878338278939
2023-05-11,13.43,13.67,13.34,13.47,25179237.0,343903270.0,1500318346.0,0.016782596218416167,0.11000000000000121,0.8233532934131871,2.4700598802395217
2023-05-12,13.52,13.74,12.96,13.03,32805913.0,439550649.0,1500318346.0,0.021865968037692717,-0.4400000000000013,-3.2665181885671912,5.790645879732734
2023-05-15,12.99,13.09,12.22,13.05,55944272.0,717527153.0,1500318346.0,0.03728826761943761,0.02000000000000135,0.15349194167306734,6.6768994627781995
2023-05-16,13.03,13.19,12.44,12.99,38522175.0,503913863.0,1500318346.0,0.025676000765240257,-0.0600000000000005,-0.45977011494253706,5.747126436781609
2023-05-17,13.0,13.45,13.0,13.27,34183457.0,459495608.0,1500318346.0,0.022784135840994375,0.27999999999999936,2.155504234026173,3.4642032332563453
2023-05-18,13.16,13.96,13.13,13.63,43673118.0,607033279.0,1500318346.0,0.029109234127834893,0.3600000000000012,2.7128862094951023,6.254709871891485
2023-05-19,13.5,13.98,13.5,13.82,30823992.0,431975489.0,1500318346.0,0.020544967727802482,0.1899999999999995,1.3939838591342513,3.5216434336023505
2023-05-22,13.87,14.01,13.5,13.66,20611597.0,285498901.0,1500318346.0,0.013738149010143478,-0.16000000000000014,-1.157742402315487,3.6903039073806063
2023-05-23,13.62,13.71,13.48,13.49,11139056.0,152941221.0,1500318346.0,0.00742446163489092,-0.16999999999999993,-1.2445095168374776,1.683748169838949
2023-05-24,13.43,13.72,13.18,13.54,23866720.0,327017862.0,1500318346.0,0.01590777054991768,0.049999999999998934,0.3706449221645647,4.0029651593773234
2023-05-25,13.62,13.81,13.17,13.49,31558986.0,430797601.0,1500318346.0,0.021034859757690386,-0.049999999999998934,-0.36927621861151394,4.726735598227479
2023-05-26,13.53,14.25,13.52,14.24,51917526.0,738204817.0,1500318346.0,0.03460433989787391,0.75,5.5596738324684924,5.411415863602672
2023-05-29,14.49,14.59,14.07,14.15,39946531.0,578743481.0,1500318346.0,0.02662536994665264,-0.08999999999999986,-0.6320224719101097,3.651685393258424
2023-05-30,14.3,14.79,13.92,14.73,56337165.0,826681587.0,1500318346.0,0.037550140708603984,0.5800000000000001,4.0989399293286155,6.148409893992928
2023-05-31,14.79,15.3,14.53,14.8,40736343.0,613701249.0,1500318346.0,0.027151799555479143,0.07000000000000028,0.4752206381534396,5.227427019687721
2023-06-01,14.31,15.07,14.15,14.62,44445754.0,660833898.0,1500318346.0,0.029624215499661696,-0.1800000000000015,-1.216216216216226,6.216216216216215
2023-06-02,14.63,15.25,14.59,15.2,50943978.0,773379099.0,1500318346.0,0.03395544561314056,0.5800000000000001,3.9671682626539084,4.514363885088921
2023-06-05,15.2,15.59,15.03,15.12,36389888.0,562604766.0,1500318346.0,0.02425477772568676,-0.08000000000000007,-0.5263157894736858,3.6842105263157925
2023-06-06,15.02,15.36,14.4,14.46,52394170.0,782558527.0,1500318346.0,0.03492203513986757,-0.6599999999999984,-4.36507936507935,6.3492063492063435
2023-06-07,14.6,14.83,14.44,14.66,29305246.0,435712652.0,1500318500.0,0.01953268322692815,0.1999999999999993,1.3831258644536604,2.697095435684651
2023-06-08,14.59,14.91,14.31,14.69,33941307.0,503995540.0,1500318500.0,0.02262273443938737,0.02999999999999936,0.20463847203273655,4.09276944065484
2023-06-09,14.69,15.07,14.58,15.01,33449392.0,503379359.0,1500318500.0,0.022294860724572815,0.3200000000000003,2.1783526208305037,3.3356024506466997
2023-06-12,15.19,15.46,14.9,15.09,37746363.0,580577555.0,1500318500.0,0.02515889992691552,0.08000000000000007,0.5329780146569041,3.730846102598271
2023-06-13,15.07,15.3,14.96,15.07,32746023.0,500854621.0,1500318500.0,0.021826047602559056,-0.019999999999999574,-0.1325381047051044,2.253147779986745
2023-06-14,15.3,16.59,15.3,16.58,117457156.0,1923095859.0,1500318500.0,0.07828814748335103,1.509999999999998,10.019907100199067,8.560053085600524
2023-06-15,16.29,16.38,15.21,15.29,83433045.0,1327585157.0,1500318500.0,0.05561022209617491,-1.2899999999999991,-7.7804583835946906,7.056694813027733
2023-06-16,15.07,15.8,15.02,15.67,47907689.0,748641024.0,1500318500.0,0.031931679173455504,0.3800000000000008,2.4852844996730017,5.101373446697195
2023-06-19,15.75,15.85,15.26,15.56,39961479.0,625015886.0,1500318500.0,0.026635330431505042,-0.10999999999999943,-0.701978302488826,3.765156349712826
2023-06-20,15.43,15.53,15.08,15.16,34563958.0,531421514.0,1500318500.0,0.02303774698505684,-0.40000000000000036,-2.570694087403602,2.892030848329044
2023-06-21,15.15,15.16,14.61,14.62,33799680.0,504342024.0,1500318500.0,0.022528336483220064,-0.5400000000000009,-3.5620052770448662,3.6279683377308753
2023-06-26,14.44,14.74,14.23,14.38,30110969.0,439263324.0,1500318500.0,0.020069717863240372,-0.23999999999999844,-1.641586867305056,3.4883720930232545
2023-06-27,14.41,14.6,14.24,14.53,19989288.0,291322341.0,1500318500.0,0.013323363005921742,0.14999999999999858,1.0431154381084662,2.5034770514603575
2023-06-28,14.5,14.75,14.07,14.48,21625192.0,313836313.0,1500318500.0,0.014413734150448722,-0.049999999999998934,-0.34411562284927255,4.679972470750171
2023-06-29,14.49,14.77,14.45,14.6,20918977.0,307951153.0,1500318500.0,0.013943024097883215,0.11999999999999922,0.8287292817679592,2.2099447513812174
2023-06-30,14.52,15.45,14.51,15.38,31966118.0,486101546.0,1500323261.0,0.021306153700965648,0.7800000000000011,5.3424657534246744,6.438356164383559
2023-07-03,15.42,15.43,14.84,15.01,23233607.0,353258204.0,1500323261.0,0.015485734044084784,-0.370000000000001,-2.4057217165149636,3.8361508452535746
2023-07-04,15.04,15.23,14.84,15.07,17221644.0,260848227.0,1500323261.0,0.011478622272723664,0.0600000000000005,0.3997335109926725,2.598267821452369
2023-07-05,15.09,15.18,14.65,14.65,19207381.0,288542988.0,1500323261.0,0.012802161706936302,-0.41999999999999993,-2.786994027869938,3.516921035169206
2023-07-06,14.68,15.21,14.54,15.03,28807076.0,436029950.0,1500323261.0,0.019200579467653803,0.379999999999999,2.5938566552901055,4.573378839590455
2023-07-07,14.99,15.02,14.4,14.67,21734759.0,320323582.0,1500323261.0,0.014486717339510742,-0.35999999999999943,-2.39520958083832,4.12508316699933
2023-07-10,14.64,14.74,13.6,13.87,52562634.0,735727771.0,1500323261.0,0.035034205871717135,-0.8000000000000007,-5.453306066802998,7.770961145194278
2023-07-11,13.97,14.13,13.77,14.1,16721464.0,236012489.0,1500323261.0,0.011145240785545615,0.23000000000000043,1.6582552271088735,2.59552992069215
2023-07-12,14.05,14.13,13.65,13.71,18549442.0,258643193.0,1500323261.0,0.012363630213688996,-0.3899999999999988,-2.765957446808498,3.404255319148939
2023-07-13,13.77,14.13,13.74,14.01,16864302.0,236832053.0,1500323261.0,0.011240445601542933,0.29999999999999893,2.188183807439814,2.844638949671776
2023-07-14,14.02,14.56,14.02,14.48,27513385.0,398237967.0,1500323261.0,0.01833830462753853,0.47000000000000064,3.3547466095646072,3.854389721627416
2023-07-17,14.13,14.59,13.97,14.11,23257933.0,331891422.0,1500323261.0,0.015501947883216882,-0.370000000000001,-2.5552486187845336,4.2817679558011
2023-07-18,14.15,14.74,14.08,14.22,22967882.0,333062090.0,1500323261.0,0.015308622212983207,0.11000000000000121,0.7795889440113557,4.677533664068037
2023-07-19,14.15,14.64,14.14,14.36,18554087.0,269417260.0,1500323261.0,0.012366726213145074,0.1399999999999988,0.9845288326300938,3.5161744022503516
2023-07-20,14.37,14.51,13.69,13.69,22914465.0,321967983.0,1500323261.0,0.0152730185524998,-0.6699999999999999,-4.665738161559885,5.7103064066852385
2023-07-21,13.71,13.82,13.48,13.56,14020455.0,192509809.0,1500323261.0,0.009344956093432187,-0.129999999999999,-0.9495982468955333,2.483564645726807
2023-07-24,13.5,13.93,13.3,13.72,16198000.0,224016845.0,1500323261.0,0.01079633997622863,0.16000000000000014,1.179941002949847,4.646017699115037
2023-07-25,13.8,14.04,13.77,14.01,12484290.0,175432883.0,1500323261.0,0.008321066749094413,0.28999999999999915,2.1137026239067103,1.9679300291545156
2023-07-26,14.0,14.11,13.61,13.76,15617951.0,217152766.0,1500323261.0,0.010409723961481659,-0.25,-1.7844396859386102,3.5688793718772307
2023-07-27,13.76,13.8,13.41,13.51,17636335.0,240471178.0,1500323261.0,0.011755023372926296,-0.25,-1.8168604651162767,2.8343023255813997
2023-07-28,13.46,13.58,13.26,13.42,18166101.0,245685496.0,1500323261.0,0.012108124610353556,-0.08999999999999986,-0.6661732050333047,2.3686158401184327
2023-07-31,13.44,13.69,13.29,13.44,15280524.0,207877100.0,1500323261.0,0.010184821096365045,0.019999999999999574,0.14903129657226621,2.9806259314456063
2023-08-01,13.45,13.52,13.02,13.33,21682735.0,289749052.0,1500323261.0,0.014452042145602646,-0.10999999999999943,-0.8184523809523725,3.7202380952380953
2023-08-02,13.28,13.89,13.28,13.69,26880824.0,370810715.0,1500323261.0,0.017916688155646746,0.35999999999999943,2.7006751687921993,4.576144036009011
2023-08-03,13.69,13.69,13.27,13.4,16508609.0,223596643.0,1500323261.0,0.011003368026832185,-0.28999999999999915,-2.118334550766976,3.067932797662527
2023-08-04,13.41,13.5,13.1,13.17,23960682.0,320180983.0,1500323261.0,0.01597034627326224,-0.23000000000000043,-1.716417910447765,2.9850746268656745
2023-08-07,13.17,13.65,13.15,13.28,27513741.0,371684166.0,1500323261.0,0.01833854190973581,0.10999999999999943,0.8352315869400107,3.7965072133637054
2023-08-08,13.38,13.52,13.23,13.3,14993039.0,201794069.0,1500323261.0,0.009993205724216256,0.02000000000000135,0.1506024096385561,2.18373493975903
2023-08-09,13.4,13.4,12.83,13.05,22716270.0,298430829.0,1500323261.0,0.015140917021348508,-0.25,-1.8796992481203034,4.285714285714288
2023-08-10,13.06,13.12,12.86,13.02,12648576.0,165504274.0,1500323261.0,0.00843056715095481,-0.030000000000001137,-0.22988505747126853,1.9923371647509562
2023-08-11,13.0,13.07,12.56,12.56,23878300.0,306276435.0,1500323261.0,0.015915436773328812,-0.4599999999999991,-3.533026113671267,3.917050691244238
2023-08-14,12.56,12.82,12.38,12.8,24072515.0,306090659.0,1500323261.0,0.016044885542836358,0.2400000000000002,1.9108280254777066,3.503184713375792
2023-08-15,12.78,12.93,12.34,12.54,17383213.0,220486407.0,1500323261.0,0.011586311731522237,-0.26000000000000156,-2.0312500000000067,4.609374999999999
2023-08-16,12.53,12.55,12.19,12.22,20367982.0,252247911.0,1500323261.0,0.013575728997512356,-0.3199999999999985,-2.551834130781483,2.8708133971291963
2023-08-17,12.23,12.25,12.02,12.12,22206114.0,271329781.0,1500323261.0,0.014800886300462418,-0.10000000000000142,-0.8183306055646544,1.882160392798694
2023-08-18,12.13,12.26,11.71,11.74,28550967.0,343216091.0,1500323261.0,0.019029876921970886,-0.379999999999999,-3.1353135313531233,4.53795379537953
2023-08-21,11.7,11.91,11.63,11.66,15502016.0,183742215.0,1500323261.0,0.010332450614454614,-0.08000000000000007,-0.6814310051107331,2.3850085178875586
2023-08-22,11.79,11.95,11.44,11.87,27723151.0,327712637.0,1500323261.0,0.01847811849662444,0.20999999999999908,1.801029159519718,4.373927958833617
2023-08-23,11.89,11.9,11.23,11.28,27376163.0,316004704.0,1500323261.0,0.018246843004855604,-0.5899999999999999,-4.970513900589724,5.644481887110362
2023-08-24,11.36,11.73,11.23,11.36,22517923.0,259189722.0,1500323261.0,0.015008714178697253,0.08000000000000007,0.7092198581560183,4.432624113475177
2023-08-25,11.26,11.38,10.8,10.9,26722088.0,296957257.0,1500323261.0,0.01781088695658102,-0.4599999999999991,-4.049295774647876,5.105633802816902
2023-08-28,11.56,11.61,10.71,10.8,42303896.0,475676878.0,1500323261.0,0.028196520776331547,-0.09999999999999964,-0.917431192660545,8.256880733944941
2023-08-29,10.82,11.64,10.78,11.44,46006689.0,518791759.0,1500323261.0,0.030664517571590194,0.6399999999999988,5.925925925925912,7.9629629629629735
2023-08-30,11.84,12.33,11.84,12.05,64644951.0,786884081.0,1500323261.0,0.043087348360454435,0.6100000000000012,5.332167832167833,4.283216783216785
2023-08-31,12.02,12.4,11.88,12.26,39401266.0,485145749.0,1500323261.0,0.026261851045179523,0.20999999999999908,1.742738589211612,4.315352697095432
2023-09-01,12.22,12.31,11.98,12.06,17439693.0,212650615.0,1500323261.0,0.011623956952034485,-0.1999999999999993,-1.631321370309946,2.69168026101142
2023-09-04,12.12,12.46,12.04,12.41,27799577.0,343134308.0,1500323261.0,0.018529058185414615,0.34999999999999964,2.9021558872305064,3.482587064676631
2023-09-05,12.71,13.0,12.5,12.55,58151160.0,747090809.0,1500323261.0,0.03875908713248964,0.14000000000000057,1.1281224818694646,4.0290088638195005
2023-09-06,12.46,12.91,12.39,12.85,36537903.0,467928349.0,1500323261.0,0.024353353673692058,0.29999999999999893,2.39043824701195,4.1434262948207135
2023-09-07,12.86,12.88,12.3,12.31,39163588.0,493300272.0,1500323261.0,0.02610343318539004,-0.5399999999999991,-4.20233463035019,4.513618677042802
2023-09-08,12.27,12.6,12.27,12.39,23532425.0,295335825.0,1500323261.0,0.015684903121687986,0.08000000000000007,0.6498781478472715,2.6807473598700247
2023-09-11,12.39,12.71,12.29,12.61,23608790.0,298732710.0,1500323261.0,0.015735802152573572,0.21999999999999886,1.77562550443906,3.3898305084745903
2023-09-12,12.61,12.73,12.5,12.66,17428990.0,221647884.0,1500323261.0,0.011616823156086493,0.05000000000000071,0.3965107057890549,1.8239492466296625
2023-09-13,12.56,12.61,12.08,12.26,27650149.0,341553602.0,1500323261.0,0.01842946098267552,-0.40000000000000036,-3.159557661927337,4.186413902053707
2023-09-14,12.22,12.32,11.99,12.07,18461401.0,224773151.0,1500323261.0,0.012304948859951056,-0.1899999999999995,-1.5497553017944532,2.69168026101142
2023-09-15,12.15,12.27,11.87,12.03,17357341.0,210875363.0,1500323261.0,0.011569067447791839,-0.040000000000000924,-0.3314001657000909,3.3140016570008313
2023-09-18,12.0,12.03,11.74,11.78,23092530.0,276205050.0,1500323261.0,0.01539170297513637,-0.25,-2.0781379883624274,2.4106400665004086
2023-09-19,11.8,11.8,11.4,11.61,24082619.0,280658366.0,1500323261.0,0.016051620091491737,-0.16999999999999993,-1.4431239388794537,3.395585738539901
2023-09-20,11.57,11.73,11.43,11.46,13470045.0,157090921.0,1500323261.0,0.008978095154654808,-0.14999999999999858,-1.2919896640826711,2.583979328165381
2023-09-21,11.44,11.75,11.39,11.55,19010494.0,222157571.0,1500323261.0,0.012670931987903106,0.08999999999999986,0.7853403141361293,3.1413612565444975
2023-09-22,11.55,12.1,11.49,12.04,26353752.0,315986209.0,1500323261.0,0.01756538253125171,0.48999999999999844,4.242424242424225,5.281385281385276
2023-09-25,12.01,12.05,11.76,11.78,21480330.0,257365159.0,1500323261.0,0.014317134552511613,-0.2599999999999998,-2.1594684385382035,2.4086378737541607
2023-09-26,11.72,11.77,11.5,11.56,20918114.0,244685592.0,1500323261.0,0.013942404642888491,-0.21999999999999886,-1.8675721561969394,2.2920203735144278
2023-09-27,11.54,11.68,11.49,11.53,13274587.0,154716982.0,1500323261.0,0.008847817897025859,-0.030000000000001137,-0.2595155709342656,1.6435986159169507
2023-09-28,11.56,12.36,11.55,12.12,29001900.0,350588936.0,1500323356.0,0.019330432925687254,0.5899999999999999,5.117085862966175,7.025151777970501
2023-10-09,12.12,12.42,12.08,12.34,23332891.0,288911553.0,1500323356.0,0.015551908131462828,0.22000000000000064,1.8151815181518316,2.8052805280528044
2023-10-10,12.35,12.41,12.09,12.19,20300850.0,249153354.0,1500323356.0,0.013530983116948824,-0.15000000000000036,-1.2155591572123203,2.5931928687196133
2023-10-11,12.28,12.65,12.16,12.55,28476828.0,357568080.0,1500323356.0,0.018980460369504504,0.3600000000000012,2.9532403609516145,4.019688269073013
2023-10-12,12.56,12.63,12.38,12.58,20188351.0,255148431.0,1500323356.0,0.013455999947787256,0.02999999999999936,0.23904382470119057,1.9920318725099602
2023-10-13,12.45,13.01,12.45,12.96,40507718.0,524053784.0,1500323356.0,0.026999325070828264,0.3800000000000008,3.0206677265500748,4.451510333863279
2023-10-16,12.92,12.93,12.42,12.48,28797300.0,365081906.0,1500323356.0,0.01919406232318895,-0.4800000000000004,-3.703703703703709,3.9351851851851833
2023-10-17,12.57,12.6,12.32,12.48,16194100.0,202947123.0,1500323356.0,0.010793739852970736,0.0,0.0,2.2435897435897383
2023-10-18,12.48,13.16,12.48,12.67,47276450.0,611717667.0,1500323356.0,0.03151084052043512,0.1899999999999995,1.5224358974359031,5.448717948717946
2023-10-19,12.74,12.83,12.37,12.42,24767881.0,315075151.0,1500323356.0,0.016508361948075947,-0.25,-1.9731649565903675,3.6306235201262895
2023-10-20,12.31,12.55,12.09,12.12,22609551.0,279521000.0,1500323356.0,0.015069785396315592,-0.3000000000000007,-2.4154589371980784,3.7037037037037104
2023-10-23,12.03,12.18,11.7,11.78,18569369.0,221923889.0,1500323356.0,0.012376911234327275,-0.33999999999999986,-2.8052805280528004,3.960396039603964
2023-10-24,11.78,12.24,11.51,11.97,23282513.0,279060800.0,1500323356.0,0.015518330036581793,0.19000000000000128,1.6129032258064724,6.196943972835318
2023-10-25,11.97,12.4,11.97,12.14,19607700.0,241136369.0,1500323356.0,0.013068982710684402,0.16999999999999993,1.4202172096908994,3.592314118629906
2023-10-26,12.02,12.55,11.94,12.47,23611967.0,292464665.0,1500323356.0,0.015737918699707292,0.33000000000000007,2.7182866556836993,5.024711696869861
2023-10-27,12.55,13.6,12.48,13.39,64730053.0,861181760.0,1500323356.0,0.04314406807114986,0.9199999999999999,7.37770649558942,8.98155573376102
2023-10-30,13.64,14.73,13.54,14.73,83801336.0,1208124434.0,1500323356.0,0.05585551652239959,1.3399999999999999,10.007468259895447,8.887229275578798
2023-10-31,14.65,15.02,14.38,14.64,74455310.0,1099910830.0,1500323356.0,0.049626175385621335,-0.08999999999999986,-0.6109979633401208,4.344874405974194
2023-11-01,14.63,15.12,14.57,14.93,57777104.0,867420803.0,1500323356.0,0.03850976775702477,0.28999999999999915,1.9808743169398957,3.7568306010928887
2023-11-02,14.75,15.23,14.49,14.53,48725429.0,726141075.0,1500323356.0,0.03247661832706949,-0.40000000000000036,-2.679169457468189,4.956463496316143
2023-11-03,14.57,15.39,14.43,15.23,69717289.0,1048169947.0,1500323356.0,0.04646817549109727,0.7000000000000011,4.817618719889882,6.607019958706132
2023-11-06,15.88,16.29,15.58,15.9,81920933.0,1310097170.0,1500323356.0,0.054602184703975244,0.6699999999999999,4.399212081418247,4.6618516086670985
2023-11-07,15.9,16.58,15.54,15.74,87425444.0,1401063561.0,1500323356.0,0.05827106780040022,-0.16000000000000014,-1.0062893081761004,6.540880503144648
2023-11-08,15.82,16.18,15.64,15.78,61188429.0,978253673.0,1500323356.0,0.04078349427495015,0.03999999999999915,0.2541296060990961,3.430749682337987
2023-11-09,15.68,15.8,15.05,15.23,68779824.0,1065421684.0,1500323356.0,0.04584333352203043,-0.5499999999999989,-3.4854245880861834,4.752851711026616
2023-11-10,15.04,15.43,15.01,15.18,31473922.0,483454845.0,1500323356.0,0.02097809240530146,-0.05000000000000071,-0.32829940906107247,2.757715036112934
2023-11-13,14.95,15.56,14.95,15.25,32374800.0,498516136.0,1500323356.0,0.02157854829795771,0.07000000000000028,0.46113306982873414,4.018445322793157
2023-11-14,15.37,15.53,15.07,15.26,35702300.0,550427480.0,1500323356.0,0.0237964035267608,0.009999999999999787,0.06557377049181135,3.016393442622945
2023-11-15,15.57,15.7,15.01,15.06,33884800.0,519112769.0,1500323356.0,0.022584998003590366,-0.1999999999999993,-1.3106159895150626,4.521625163826996
2023-11-16,14.98,15.15,14.71,14.72,32210350.0,483547530.0,1500323356.0,0.021468938593261492,-0.33999999999999986,-2.257636122177953,2.921646746347938
2023-11-17,14.89,15.71,14.84,15.41,61575385.0,952225065.0,1500323356.0,0.04104140934269372,0.6899999999999995,4.6875,5.910326086956529
2023-11-20,16.18,16.95,16.18,16.95,85840878.0,1437342103.0,1500323356.0,0.05721491814195286,1.5399999999999991,9.993510707332899,4.9967553536664475
2023-11-21,17.29,17.71,15.86,16.1,177103282.0,2985152137.0,1500323356.0,0.11804340797051485,-0.8499999999999979,-5.014749262536866,10.914454277286143
2023-11-22,16.01,16.37,15.56,15.6,96563810.0,1554993219.0,1500323356.0,0.06436199877434955,-0.5000000000000018,-3.105590062111807,5.031055900621121
2023-11-23,15.48,15.89,15.46,15.8,45244546.0,715241708.0,1500323356.0,0.03015652980343259,0.20000000000000107,1.2820512820512997,2.7564102564102546
2023-11-24,15.83,15.83,15.24,15.36,37775398.0,587352003.0,1500323356.0,0.02517817099156057,-0.4400000000000013,-2.784810126582282,3.7341772151898724
2023-11-27,15.23,15.55,15.18,15.37,28584590.0,441600555.0,1500323356.0,0.019052286219291517,0.009999999999999787,0.06510416666667407,2.408854166666673
2023-11-28,15.27,15.58,15.17,15.33,30498535.0,471901661.0,1500323356.0,0.020327974551640586,-0.03999999999999915,-0.2602472348731233,2.667534157449578
2023-11-29,15.33,16.22,15.29,15.78,57982688.0,928169691.0,1500323356.0,0.0386467942181392,0.4499999999999993,2.935420743639927,6.066536203522503
2023-11-30,15.58,15.81,15.28,15.56,32694233.0,510115856.0,1500323356.0,0.02179145773426192,-0.21999999999999886,-1.3941698352344711,3.3586818757921493
2023-12-01,15.29,15.68,15.24,15.42,26637304.0,412810618.0,1500323356.0,0.01775437534413748,-0.14000000000000057,-0.899742930591263,2.8277634961439557
2023-12-04,15.26,15.91,15.26,15.41,38715550.0,609228702.0,1500323356.0,0.025804803907885043,-0.009999999999999787,-0.06485084306095956,4.215304798962389
2023-12-05,15.4,15.44,14.93,14.93,30888266.0,470640915.0,1500323356.0,0.020587739220664376,-0.4800000000000004,-3.1148604802076596,3.309539260220635
2023-12-06,14.91,15.24,14.87,15.07,24526739.0,373083124.0,1500323356.0,0.01634763526270133,0.14000000000000057,0.9377093101138767,2.478231748158078
2023-12-07,15.11,15.57,15.06,15.39,35480794.0,548646701.0,1500323356.0,0.023648764686697313,0.3200000000000003,2.1234240212342437,3.384207033842069
2023-12-08,15.56,16.03,15.48,15.9,55453041.0,885003380.0,1500323356.0,0.0369607263515799,0.5099999999999998,3.3138401559454245,3.57374918778428
2023-12-11,15.78,16.17,15.38,16.1,38161227.0,609483132.0,1500323356.0,0.025435334887901326,0.20000000000000107,1.2578616352201255,4.968553459119502
2023-12-12,15.99,16.08,15.65,15.78,28877791.0,459763304.0,1500323356.0,0.01924771142468304,-0.32000000000000206,-1.9875776397515699,2.670807453416136
2023-12-13,15.69,15.77,15.41,15.52,18873803.0,296211931.0,1500323356.0,0.012579823492396528,-0.2599999999999998,-1.6476552598225558,2.281368821292772
2023-12-14,15.64,15.72,15.03,15.12,30090742.0,463146561.0,1500323356.0,0.02005617114448227,-0.40000000000000036,-2.577319587628868,4.445876288659802
2023-12-15,15.13,15.32,14.86,14.95,23054894.0,348863172.0,1500323356.0,0.015366616741517953,-0.16999999999999993,-1.1243386243386277,3.042328042328048
2023-12-18,14.95,14.97,14.64,14.69,21790816.0,324055421.0,1500323356.0,0.014524079701122777,-0.2599999999999998,-1.7391304347826098,2.2073578595317733
2023-12-19,14.82,14.9,14.6,14.83,14539889.0,216461011.0,1500323356.0,0.009691170201312256,0.14000000000000057,0.9530292716133371,2.042205582028596
2023-12-20,14.94,14.95,14.41,14.46,22302866.0,327385126.0,1500323356.0,0.014865372795009664,-0.3699999999999992,-2.4949426837491573,3.641267700606872
2023-12-21,14.41,14.59,14.06,14.49,25833422.0,372665613.0,1500323356.0,0.017218569514823975,0.02999999999999936,0.20746887966804906,3.6652835408022084
2023-12-22,14.63,14.67,14.07,14.22,21173193.0,305407544.0,1500323356.0,0.014112419776260552,-0.2699999999999996,-1.8633540372670732,4.140786749482399
2023-12-25,14.2,14.56,14.15,14.56,13761987.0,199672348.0,1500323356.0,0.009172680639119505,0.33999999999999986,2.390998593530247,2.8832630098452894
2023-12-26,14.54,14.54,13.75,13.84,25417849.0,358557555.0,1500323356.0,0.01694158055885121,-0.7200000000000006,-4.94505494505495,5.42582417582417
2023-12-27,13.86,14.53,13.73,14.32,27111759.0,388630637.0,1500323356.0,0.018070610506446053,0.4800000000000004,3.4682080924855585,5.780346820809241
2023-12-28,14.28,14.4,14.02,14.19,29864006.0,428142427.0,1500323356.0,0.019905046389213178,-0.13000000000000078,-0.9078212290502874,2.6536312849162065
2023-12-29,14.18,14.8,14.18,14.62,28661234.0,421328278.0,1500366625.0,0.019102820285675177,0.4299999999999997,3.0303030303030276,4.369274136716005
2024-01-02,14.62,14.84,14.56,14.61,22317700.0,329928400.0,1500366625.0,0.01487483101005396,-0.009999999999999787,-0.06839945280437965,1.9151846785225677
2024-01-03,14.54,14.59,13.79,13.94,29251671.0,413421434.0,1500366625.0,0.019496348767422095,-0.6699999999999999,-4.58590006844627,5.475701574264208
2024-01-04,13.89,14.04,13.8,13.87,12554909.0,175664558.0,1500366625.0,0.008367894080555145,-0.07000000000000028,-0.5021520803443313,1.721664275466273
2024-01-05,13.87,13.9,13.3,13.44,25928339.0,354632220.0,1500366625.0,0.017281335486918074,-0.4299999999999997,-3.100216294160052,4.325883201153567
2024-01-08,13.44,13.56,12.9,12.94,23341200.0,307263888.0,1500366625.0,0.0155569976105007,-0.5,-3.720238095238093,4.910714285714287
2024-01-09,12.94,13.23,12.87,12.96,21015195.0,275190047.0,1500366625.0,0.014006706527479575,0.02000000000000135,0.15455950540959051,2.782071097372498
2024-01-10,12.96,13.04,12.65,12.76,16237358.0,209719672.0,1500366625.0,0.010822260192571266,-0.20000000000000107,-1.5432098765432167,3.0092592592592498
2024-01-11,12.76,13.09,12.52,12.98,17411624.0,227086017.0,1500366625.0,0.011604912899205552,0.22000000000000064,1.7241379310344973,4.467084639498435
2024-01-12,12.94,13.07,12.78,12.8,15485087.0,201005507.0,1500366625.0,0.010320868740998555,-0.17999999999999972,-1.3867488443759624,2.2342064714946144
2024-01-15,12.73,12.98,12.61,12.75,16191240.0,208967204.0,1500366625.0,0.010791522372073559,-0.05000000000000071,-0.390625,2.890625000000008
2024-01-16,12.74,12.85,12.42,12.63,16708134.0,211842283.0,1500366625.0,0.011136034167648858,-0.11999999999999922,-0.9411764705882342,3.372549019607841
2024-01-17,12.64,12.72,12.12,12.18,20855127.0,260324653.0,1500366625.0,0.013900020603297545,-0.45000000000000107,-3.5629453681710332,4.75059382422804
2024-01-18,12.07,12.24,11.69,12.18,27846363.0,335187227.0,1500366625.0,0.018559705698598834,0.0,0.0,4.515599343185556
2024-01-19,12.27,12.55,12.13,12.13,23324264.0,290132257.0,1500366625.0,0.015545709702786811,-0.049999999999998934,-0.4105090311986803,3.448275862068965
2024-01-22,12.21,12.22,11.27,11.37,28981476.0,341710316.0,1500366625.0,0.019316262783438013,-0.7600000000000016,-6.265457543281139,7.83182192910141
2024-01-23,11.42,11.64,11.11,11.56,32362853.0,373282224.0,1500366625.0,0.021569963274809582,0.19000000000000128,1.6710642040457468,4.661389621811796
2024-01-24,11.61,11.77,11.05,11.51,25542675.0,292540872.0,1500366625.0,0.01702428898003513,-0.05000000000000071,-0.4325259515570945,6.228373702422135
2024-01-25,11.59,12.23,11.44,12.15,33289590.0,399618641.0,1500366625.0,0.02218763697173016,0.6400000000000006,5.560382276281506,6.863596872284977
2024-01-26,12.05,12.11,11.61,11.66,28701439.0,341709599.0,1500366625.0,0.019129617069427948,-0.4900000000000002,-4.032921810699586,4.11522633744856
2024-01-29,11.66,11.69,11.21,11.23,21409704.0,246009281.0,1500366625.0,0.014269648260137751,-0.4299999999999997,-3.6878216123499064,4.116638078902218
2024-01-30,11.21,11.31,10.73,10.8,25372153.0,280883066.0,1500366625.0,0.016910635425524744,-0.4299999999999997,-3.8290293855743562,5.164737310774711
2024-01-31,10.79,10.96,10.18,10.25,33838057.0,357481758.0,1500366625.0,0.02255319229058431,-0.5500000000000007,-5.092592592592604,7.222222222222233
2024-02-01,10.31,10.53,10.02,10.25,32988474.0,342167253.0,1500366625.0,0.021986942024920075,0.0,0.0,4.975609756097559
2024-02-02,10.39,10.51,9.23,9.62,53514200.0,526128000.0,1500366625.0,0.03566741562249827,-0.6300000000000008,-6.14634146341464,12.487804878048776
2024-02-05,9.54,9.61,8.65,8.65,66304839.0,594608522.0,1500366625.0,0.044192424634878824,-0.9699999999999989,-10.08316008316007,9.97920997920997
2024-02-06,8.54,9.52,8.32,9.46,61247507.0,555231599.0,1500366625.0,0.04082169383099947,0.8100000000000005,9.364161849710984,13.872832369942186
2024-02-07,9.53,10.34,9.53,10.04,66766190.0,676336802.0,1500366625.0,0.0444999168119992,0.5799999999999983,6.1310782241014605,8.56236786469345
2024-02-08,9.97,11.04,9.97,11.04,41053943.0,448149519.0,1500366625.0,0.027362607456027623,1.0,9.960159362549792,10.657370517928273
2024-02-19,11.71,11.71,11.08,11.45,67726419.0,773868563.0,1500414161.0,0.045138482933846424,0.41000000000000014,3.71376811594204,5.706521739130442
2024-02-20,11.31,11.31,11.01,11.18,34647227.0,390007312.0,1500414161.0,0.023091775524771256,-0.2699999999999996,-2.358078602620084,2.620087336244548
2024-02-21,11.09,11.61,10.98,11.17,33884960.0,386033730.0,1500414161.0,0.022583737797713308,-0.009999999999999787,-0.08944543828264262,5.635062611806789
2024-02-22,11.39,11.95,11.39,11.93,47219003.0,557488067.0,1500414161.0,0.03147064605717221,0.7599999999999998,6.80393912264996,5.013428827215745
2024-02-23,12.11,12.16,11.69,11.93,36057945.0,431215019.0,1500414161.0,0.024031994590059058,0.0,0.0,3.9396479463537353
2024-02-26,12.03,12.65,11.92,12.4,41541104.0,514710978.0,1500414161.0,0.027686424908382346,0.47000000000000064,3.9396479463537304,6.119027661357925
2024-02-27,12.22,13.23,12.14,13.2,53563123.0,687591824.0,1500414161.0,0.03569889194080993,0.7999999999999989,6.451612903225801,8.79032258064516
2024-02-28,13.25,13.45,12.3,12.31,55043972.0,714674764.0,1500414161.0,0.03668585210053879,-0.8899999999999988,-6.742424242424239,8.712121212121202
2024-02-29,12.07,13.1,12.03,12.95,40577217.0,523003688.0,1500414161.0,0.027044010950253886,0.6399999999999988,5.199025182778216,8.692120227457353
2024-03-01,13.33,13.64,13.1,13.37,61121313.0,824647249.0,1500414161.0,0.040736294410380465,0.41999999999999993,3.2432432432432323,4.169884169884177
2024-03-04,13.41,14.2,13.38,13.79,69372485.0,962953452.0,1500414161.0,0.04623555735688634,0.41999999999999993,3.141361256544495,6.13313388182497
2024-03-05,13.95,14.05,13.4,13.65,53064341.0,735503838.0,1500414161.0,0.03536646239371237,-0.1399999999999988,-1.015228426395931,4.713560551124005
2024-03-06,13.48,13.6,13.0,13.39,46250273.0,620950663.0,1500414161.0,0.030825004323589558,-0.2599999999999998,-1.904761904761898,4.395604395604393
2024-03-07,13.48,13.92,13.32,13.36,54744813.0,753038044.0,1500414161.0,0.036486467818667837,-0.030000000000001137,-0.22404779686333587,4.480955937266614
2024-03-08,13.45,14.29,13.23,14.24,80962099.0,1141302924.0,1500414161.0,0.05395983396080464,0.8800000000000008,6.586826347305386,7.934131736526936
2024-03-11,13.99,14.22,13.64,14.16,64491174.0,901932681.0,1500414161.0,0.04298224828604507,-0.08000000000000007,-0.5617977528089901,4.073033707865169
2024-03-12,13.99,14.27,13.74,13.89,44588402.0,626045177.0,1500414161.0,0.029717396142330862,-0.2699999999999996,-1.906779661016944,3.74293785310734
2024-03-13,14.05,14.27,13.7,13.99,49973741.0,706410700.0,1500414161.0,0.0333066311282302,0.09999999999999964,0.7199424046076208,4.103671706263501
2024-03-14,14.01,14.02,13.5,13.62,48237507.0,665584143.0,1500414161.0,0.032149461297972914,-0.370000000000001,-2.6447462473195182,3.716940671908503
2024-03-15,13.51,13.82,13.37,13.8,32352563.0,443509220.0,1500414161.0,0.021562421790552535,0.1800000000000015,1.3215859030837107,3.3039647577092595
2024-03-18,13.78,14.06,13.76,13.95,39959250.0,560731195.0,1500414161.0,0.02663214666900228,0.14999999999999858,1.086956521739113,2.173913043478266
2024-03-19,14.01,14.06,13.75,13.77,33664116.0,471557002.0,1500414161.0,0.02243654910425762,-0.17999999999999972,-1.2903225806451646,2.222222222222226
2024-03-20,13.7,13.93,13.58,13.76,28734851.0,398216236.0,1500414161.0,0.01915127952461387,-0.009999999999999787,-0.0726216412490932,2.5417574437182253
2024-03-21,13.76,14.0,13.71,13.73,27220056.0,379898178.0,1500414161.0,0.018141694944986592,-0.02999999999999936,-0.21802325581394832,2.1075581395348775
2024-03-22,13.69,13.92,13.4,13.48,35757899.0,490154655.0,1500414161.0,0.023832019138081167,-0.25,-1.8208302986161717,3.7873270211216283
2024-03-25,13.5,13.67,12.88,12.91,43984610.0,587773729.0,1500414161.0,0.02931497925258518,-0.5700000000000003,-4.228486646884278,5.860534124629074
2024-03-26,12.91,13.22,12.59,12.62,40522312.0,524014008.0,1500414161.0,0.02700741772057962,-0.2900000000000009,-2.2463206816421444,4.879938032532926
2024-03-27,12.62,12.65,11.37,11.44,64141948.0,765069565.0,1500414161.0,0.0427494952175408,-1.1799999999999997,-9.350237717908083,10.142630744849455
2024-03-28,11.58,12.2,11.44,11.98,51773395.0,619523092.0,1500414161.0,0.03450606928789177,0.5400000000000009,4.72027972027973,6.6433566433566416
2024-03-29,11.96,12.22,11.55,12.19,32087600.0,384637299.0,1500414161.0,0.021385828549241478,0.20999999999999908,1.7529215358931483,5.592654424040066
2024-04-01,12.19,12.51,12.06,12.31,33564647.0,415329471.0,1500414161.0,0.022370254741950545,0.120000000000001,0.9844134536505456,3.6915504511894937
2024-04-02,12.25,12.3,11.89,11.98,29567759.0,357412682.0,1500414161.0,0.019706398252262298,-0.33000000000000007,-2.680747359870028,3.3306255077173037
2024-04-03,11.93,12.03,11.66,11.81,22741286.0,270597960.0,1500414161.0,0.015156672464916839,-0.16999999999999993,-1.4190317195325486,3.0884808013355523
2024-04-08,11.9,11.9,11.41,11.43,27366415.0,319576873.0,1500414161.0,0.018239240678560885,-0.3800000000000008,-3.2176121930567403,4.149026248941577
2024-04-09,11.41,11.63,11.26,11.63,27102722.0,312969580.0,1500414161.0,0.018063493870210147,0.20000000000000107,1.7497812773403343,3.2370953630796238
2024-04-10,11.54,11.58,11.17,11.22,22560914.0,256748355.0,1500414161.0,0.01503645765710685,-0.41000000000000014,-3.525365434221839,3.525365434221841
2024-04-11,11.19,11.45,11.03,11.07,24397156.0,275167927.0,1500414161.0,0.016260281083817364,-0.15000000000000036,-1.3368983957219305,3.7433155080213893
2024-04-12,11.12,11.44,11.09,11.13,26322440.0,298147605.0,1500414161.0,0.01754344945828594,0.0600000000000005,0.5420054200542035,3.1616982836495
2024-04-15,11.01,11.27,10.65,10.88,35060152.0,386096668.0,1500414161.0,0.023366982871338017,-0.25,-2.246181491464505,5.570530098831978
2024-04-16,10.82,10.87,10.42,10.49,35147229.0,376332914.0,1500414161.0,0.023425018180696842,-0.39000000000000057,-3.5845588235294157,4.1360294117646985
2024-04-17,10.58,11.04,10.58,11.0,35527384.0,389603452.0,1500414161.0,0.023678384890956784,0.5099999999999998,4.861773117254531,4.385128693994272
2024-04-18,10.9,11.15,10.67,10.93,33017994.0,363891063.0,1500414161.0,0.02200592000411012,-0.07000000000000028,-0.6363636363636349,4.363636363636368
2024-04-19,10.83,10.87,10.43,10.59,32173004.0,343610731.0,1500414161.0,0.02144274883313368,-0.33999999999999986,-3.1107044830741115,4.025617566331194
2024-04-22,10.49,10.72,10.24,10.55,26352645.0,279352209.0,1500414161.0,0.01756358056660597,-0.03999999999999915,-0.37771482530688516,4.532577903682724
2024-04-23,10.57,10.69,10.4,10.64,19771996.0,210363820.0,1500414161.0,0.013177692209211294,0.08999999999999986,0.8530805687203769,2.7488151658767688
2024-04-24,10.69,11.29,10.59,11.29,37924100.0,420357228.0,1500414161.0,0.025275754512156995,0.6499999999999986,6.109022556390964,6.578947368421045
2024-04-25,11.28,11.56,11.06,11.36,38182500.0,435933796.0,1500414161.0,0.025447973627862875,0.07000000000000028,0.620017714791854,4.428697962798937
2024-04-26,11.31,12.02,11.27,11.83,49275681.0,585031880.0,1500414161.0,0.03284138625241888,0.47000000000000064,4.137323943661975,6.602112676056339
2024-04-29,11.85,12.05,11.77,12.0,43947168.0,528300782.0,1500414161.0,0.02929002480935662,0.16999999999999993,1.4370245139475823,2.3668639053254537
2024-04-30,12.01,12.05,11.72,11.79,28865624.0,344624353.0,1500414161.0,0.019238437459668845,-0.21000000000000085,-1.750000000000007,2.750000000000001
2024-05-06,11.98,12.06,11.8,11.85,25042786.0,300482758.0,1500414161.0,0.016690582274503072,0.0600000000000005,0.5089058524172962,2.2052586938083105
2024-05-07,11.85,12.08,11.78,11.83,29345571.0,352271533.0,1500414161.0,0.019558313806130493,-0.019999999999999574,-0.16877637130801038,2.5316455696202596
2024-05-08,11.73,12.0,11.57,11.68,36471400.0,430626223.0,1500414161.0,0.024307555172428153,-0.15000000000000036,-1.2679628064243498,3.634826711749786
2024-05-09,11.64,11.99,11.59,11.9,26412900.0,315978124.0,1500414161.0,0.017603739478435913,0.22000000000000064,1.8835616438356295,3.424657534246579
2024-05-10,11.88,11.93,11.43,11.48,35033597.0,409176673.0,1500414161.0,0.023349284424675595,-0.41999999999999993,-3.529411764705881,4.201680672268907
2024-05-13,11.31,11.49,11.13,11.18,28997304.0,329167740.0,1500414161.0,0.019326199894483666,-0.3000000000000007,-2.6132404181184676,3.1358885017421554
2024-05-14,11.25,11.55,11.23,11.29,22674112.0,259723685.0,1500414161.0,0.015111902159659768,0.10999999999999943,0.9838998211091132,2.862254025044725
2024-05-15,11.31,11.56,11.15,11.3,18685349.0,214441601.0,1500414161.0,0.012453460841469624,0.010000000000001563,0.08857395925598865,3.6315323294951303
2024-05-16,11.4,11.74,11.33,11.36,27441100.0,317919858.0,1500414161.0,0.018289016934971463,0.05999999999999872,0.5309734513274211,3.6283185840707977
2024-05-17,11.35,11.56,11.2,11.5,26100774.0,300570315.0,1500414161.0,0.017395712916095304,0.14000000000000057,1.232394366197198,3.169014084507053
2024-05-20,11.63,11.67,11.34,11.48,29705365.0,343946165.0,1500414161.0,0.019798110263236846,-0.019999999999999574,-0.17391304347825765,2.869565217391305
2024-05-21,11.52,11.64,11.36,11.51,32104835.0,372612044.0,1500414161.0,0.02139731537764392,0.02999999999999936,0.2613240418118501,2.439024390243912
2024-05-22,11.51,11.6,11.39,11.54,25945199.0,300559737.0,1500414235.0,0.0172920240256185,0.02999999999999936,0.26064291920069316,1.8245004344048572
2024-05-23,11.75,11.77,11.33,11.35,31755990.0,367607937.0,1500414235.0,0.021164815195185083,-0.1899999999999995,-1.6464471403812797,3.81282495667244
2024-05-24,11.31,12.11,11.1,11.42,82327656.0,961808892.0,1500414235.0,0.05486995129714962,0.07000000000000028,0.6167400881057272,8.898678414096915
2024-05-27,11.72,11.81,11.02,11.53,79825143.0,914542466.0,1500414235.0,0.05320206989371838,0.10999999999999943,0.9632224168126147,6.917688266199658
2024-05-28,11.35,11.81,11.23,11.39,57379103.0,665603089.0,1500414235.0,0.038242174501896806,-0.1399999999999988,-1.2142237640936582,5.030355594102343
2024-05-29,11.37,11.73,11.25,11.41,47615335.0,552484957.0,1500414235.0,0.03173479289204424,0.019999999999999574,0.17559262510973284,4.214223002633893
2024-05-30,11.26,11.63,11.02,11.51,47591244.0,547093913.0,1500414235.0,0.03171873665941326,0.09999999999999964,0.876424189307623,5.346187554776522
2024-05-31,11.52,12.01,11.49,11.85,59363433.0,704510776.0,1500414235.0,0.03956469594545003,0.33999999999999986,2.953953084274552,4.51781059947871
2024-06-03,11.89,12.06,11.69,11.87,44676687.0,533262246.0,1500414235.0,0.02977623509417051,0.019999999999999574,0.16877637130801038,3.1223628691983207
2024-06-04,11.7,11.88,11.45,11.63,40579479.0,472063621.0,1500414235.0,0.027045517200121737,-0.23999999999999844,-2.0219039595619104,3.6225779275484546
2024-06-05,11.53,11.78,11.45,11.45,31008276.0,361166209.0,1500414235.0,0.02066647681465112,-0.1800000000000015,-1.5477214101461856,2.8374892519346524
2024-06-06,11.57,11.88,11.47,11.5,51572900.0,602827798.0,1500414235.0,0.0343724411545589,0.05000000000000071,0.4366812227074357,3.5807860262008746
2024-06-07,11.47,11.66,11.12,11.26,40184300.0,458514125.0,1500414235.0,0.02678213726757931,-0.2400000000000002,-2.086956521739136,4.695652173913052
2024-06-11,11.27,11.64,11.16,11.64,52941988.0,608510931.0,1500414235.0,0.035284914502294096,0.3800000000000008,3.374777975133214,4.262877442273538
2024-06-12,11.57,11.74,11.46,11.48,38902017.0,451510271.0,1500414235.0,0.0259275179430699,-0.16000000000000014,-1.3745704467354014,2.4054982817869357
2024-06-13,11.53,11.58,11.11,11.15,60600863.0,689007275.0,1500414235.0,0.040389421525316306,-0.33000000000000007,-2.8745644599303177,4.09407665505227
2024-06-14,11.02,11.61,10.83,11.43,101764407.0,1149521610.0,1500414235.0,0.067824207892829,0.27999999999999936,2.511210762331828,6.995515695067259
2024-06-17,11.27,11.45,10.88,11.35,65583307.0,736754246.0,1500414235.0,0.04371013382181088,-0.08000000000000007,-0.6999125109361293,4.9868766404199345
2024-06-18,11.26,11.65,11.23,11.36,56785631.0,652607482.0,1500414235.0,0.03784663573256488,0.009999999999999787,0.08810572687223406,3.7004405286343607
2024-06-19,11.35,11.43,10.89,10.89,64311626.0,714631319.0,1500414235.0,0.04286258054596503,-0.46999999999999886,-4.137323943661963,4.753521126760556
2024-06-20,10.81,10.95,10.48,10.48,52961775.0,566929761.0,1500414235.0,0.035298102193758514,-0.41000000000000014,-3.7649219467401296,4.3158861340679415
2024-06-21,10.45,10.78,10.31,10.64,39879804.0,421038993.0,1500414235.0,0.02657919597783608,0.16000000000000014,1.526717557251911,4.48473282442747
2024-06-24,10.56,10.65,10.11,10.15,38724673.0,403556281.0,1500414235.0,0.025809321250541188,-0.4900000000000002,-4.6052631578947345,5.075187969924821
2024-06-25,10.15,10.2,9.67,9.76,39745653.0,394118103.0,1500414235.0,0.02648978666881283,-0.39000000000000057,-3.8423645320197153,5.221674876847284
2024-06-26,9.78,10.15,9.63,10.1,31912314.0,316910396.0,1500414235.0,0.021269002423187487,0.33999999999999986,3.4836065573770503,5.327868852459012
2024-06-27,10.1,10.18,9.9,9.9,27733332.0,279446430.0,1500414235.0,0.018483783579939177,-0.1999999999999993,-1.9801980198019709,2.772277227722766
2024-06-28,9.95,10.51,9.88,10.29,50866029.0,525244706.0,1500414235.0,0.03390132392338973,0.3899999999999988,3.9393939393939315,6.3636363636363535
2024-07-01,10.3,10.36,9.91,10.07,33566100.0,339027703.0,1500412235.0,0.022371251857993546,-0.21999999999999886,-2.1379980563653977,4.373177842565592
2024-07-02,10.04,10.07,9.87,9.92,26377903.0,263171502.0,1500412235.0,0.017580437152327006,-0.15000000000000036,-1.4895729890764708,1.9860973187686302
2024-07-03,9.87,9.98,9.71,9.87,23172365.0,229047663.0,1500412235.0,0.015443998962058584,-0.05000000000000071,-0.504032258064524,2.721774193548383
2024-07-04,9.83,9.95,9.63,9.64,25183300.0,247064912.0,1500412235.0,0.016784253962045304,-0.22999999999999865,-2.3302938196555045,3.2421479229989716
2024-07-05,9.66,9.66,9.37,9.57,25618911.0,244282471.0,1500412235.0,0.017074581506595087,-0.07000000000000028,-0.7261410788381717,3.0082987551867313
2024-07-08,9.53,9.66,9.27,9.32,23819056.0,225746967.0,1500412235.0,0.01587500784409426,-0.25,-2.612330198537094,4.075235109717874
2024-07-09,9.35,9.73,9.25,9.69,41879668.0,400488018.0,1500412235.0,0.02791210776816946,0.3699999999999992,3.9699570815450613,5.150214592274683
2024-07-10,9.67,10.12,9.61,9.99,47402558.0,472403668.0,1500412235.0,0.03159302283348816,0.3000000000000007,3.095975232198156,5.263157894736841
2024-07-11,10.17,10.33,10.02,10.31,57444980.0,586997630.0,1500412235.0,0.038286131411078506,0.3200000000000003,3.2032032032031976,3.103103103103108
2024-07-12,10.22,10.25,10.02,10.06,37107500.0,375252324.0,1500412235.0,0.024731536530025695,-0.25,-2.424830261881672,2.2308438409311386
2024-07-15,9.94,9.97,9.58,9.67,46052639.0,448706835.0,1500412235.0,0.030693324091695375,-0.39000000000000057,-3.876739562624265,3.8767395626242602
2024-07-16,9.64,10.1,9.55,10.0,39768067.0,392412972.0,1500412235.0,0.026504760540025856,0.33000000000000007,3.412616339193386,5.687693898655625
2024-07-17,9.95,9.98,9.62,9.63,37400000.0,365327199.0,1500412235.0,0.024926482954199584,-0.3699999999999992,-3.699999999999992,3.600000000000012
2024-07-18,9.52,9.52,8.97,9.25,51375400.0,473921801.0,1500412235.0,0.03424085648035255,-0.3800000000000008,-3.9460020768432025,5.711318795430934
2024-07-19,9.22,9.59,9.15,9.37,35501700.0,334900275.0,1500412235.0,0.023661297323398594,0.11999999999999922,1.297297297297284,4.756756756756751
2024-07-22,9.38,9.72,9.35,9.63,37812316.0,363206154.0,1500412235.0,0.025201284765583108,0.26000000000000156,2.77481323372466,3.948772678762017
2024-07-23,9.65,9.67,9.21,9.21,34081400.0,322092126.0,1500412235.0,0.02271469080629031,-0.41999999999999993,-4.361370716510904,4.776739356178599
2024-07-24,9.2,9.36,8.97,9.01,30975300.0,284349597.0,1500412235.0,0.020644526402438995,-0.20000000000000107,-2.1715526601520208,4.234527687296404
2024-07-25,8.94,9.06,8.77,8.88,28012106.0,249800967.0,1500412235.0,0.018669606489845773,-0.129999999999999,-1.442841287458374,3.218645948945626
2024-07-26,8.91,9.18,8.86,9.09,31773802.0,289372623.0,1500412235.0,0.021176714811313172,0.20999999999999908,2.3648648648648463,3.6036036036036063
2024-07-29,9.15,9.22,8.96,8.99,24842703.0,225547488.0,1500412235.0,0.016557251680902215,-0.09999999999999964,-1.1001100110010986,2.860286028602858
2024-07-30,8.93,9.08,8.86,9.04,19945702.0,179606707.0,1500412235.0,0.013293481307822047,0.049999999999998934,0.5561735261401468,2.447163515016692
2024-07-31,9.02,9.53,9.0,9.52,43001800.0,403307860.0,1500412235.0,0.028659990232617637,0.4800000000000004,5.3097345132743445,5.862831858407072
2024-08-01,9.6,9.77,9.44,9.57,32058970.0,308748296.0,1500412235.0,0.021366774578454435,0.05000000000000071,0.5252100840336116,3.4663865546218497
2024-08-02,9.44,9.56,9.21,9.23,30086053.0,282519390.0,1500412235.0,0.02005185794822581,-0.33999999999999986,-3.552769070010453,3.6572622779519297
2024-08-05,9.11,9.26,8.81,8.81,41934200.0,377870208.0,1500412235.0,0.027948452446470488,-0.41999999999999993,-4.550379198266519,4.8754062838569805
2024-08-06,8.92,9.03,8.77,8.9,27162064.0,241903085.0,1500412235.0,0.018103067521306904,0.08999999999999986,1.0215664018161208,2.951191827468783
2024-08-07,8.9,8.97,8.83,8.85,18752400.0,167384220.0,1500412235.0,0.01249816521257573,-0.05000000000000071,-0.5617977528090012,1.5730337078651748
2024-08-08,8.78,8.91,8.6,8.77,25933553.0,227182422.0,1500412235.0,0.01728428520845806,-0.08000000000000007,-0.9039548022598876,3.5028248587570676
2024-08-09,8.83,8.93,8.73,8.74,20373400.0,180049268.0,1500412235.0,0.013578534968424861,-0.02999999999999936,-0.34207525655644,2.280501710376275
2024-08-12,8.72,8.78,8.62,8.66,15903500.0,138541054.0,1500412235.0,0.010599420365297142,-0.08000000000000007,-0.9153318077803174,1.8306636155606424
2024-08-13,8.67,8.8,8.62,8.79,19530400.0,170916745.0,1500412235.0,0.013016689376703196,0.129999999999999,1.501154734411081,2.078521939953828
2024-08-14,8.79,8.86,8.7,8.7,13283600.0,116741070.0,1500412235.0,0.008853300239850417,-0.08999999999999986,-1.0238907849829282,1.8202502844141086
2024-08-15,8.67,8.9,8.63,8.85,22839044.0,201900985.0,1500412235.0,0.01522184601487204,0.15000000000000036,1.7241379310344973,3.1034482758620645
2024-08-16,8.93,9.74,8.9,9.55,112091498.0,1065761066.0,1500412235.0,0.07470713406972451,0.7000000000000011,7.909604519774027,9.491525423728813
2024-08-19,9.67,9.86,9.49,9.58,100279696.0,971782030.0,1500412235.0,0.06683476291434,0.02999999999999936,0.3141361256544517,3.8743455497382118
2024-08-20,9.46,9.67,9.15,9.21,64043313.0,599516115.0,1500412235.0,0.04268381149264622,-0.3699999999999992,-3.862212943632559,5.427974947807929
2024-08-21,9.15,9.45,9.12,9.18,47945859.0,446910199.0,1500412235.0,0.031955123986309,-0.030000000000001137,-0.32573289902281255,3.5830618892508146
2024-08-22,9.11,9.21,8.84,8.86,39259647.0,354157248.0,1500412235.0,0.02616590699821906,-0.3200000000000003,-3.4858387799564294,4.03050108932463
2024-08-23,8.82,9.29,8.8,9.13,48097942.0,439587872.0,1500412235.0,0.0320564847966599,0.27000000000000135,3.047404063205428,5.530474040632037
2024-08-26,9.09,9.22,9.03,9.07,27331750.0,249746086.0,1500412235.0,0.01821616044073381,-0.0600000000000005,-0.657174151150064,2.081051478641854
2024-08-27,9.0,9.11,8.82,8.82,29013600.0,259378307.0,1500412235.0,0.019337085717646123,-0.25,-2.756339581036382,3.1973539140021954
2024-08-28,8.79,8.85,8.5,8.67,33518490.0,291316875.0,1500412235.0,0.02233952057848955,-0.15000000000000036,-1.7006802721088454,3.968253968253964
2024-08-29,8.58,9.09,8.53,8.97,40483400.0,360583269.0,1500412235.0,0.026981518182568005,0.3000000000000007,3.460207612456756,6.459054209919268
2024-08-30,9.0,9.41,8.98,9.26,45706287.0,425371474.0,1500412235.0,0.030462486198001446,0.28999999999999915,3.2329988851727887,4.793756967670007
2024-09-02,9.28,9.36,8.92,8.93,36100100.0,329083036.0,1500412235.0,0.024060121050665784,-0.33000000000000007,-3.5637149028077797,4.751619870410362
2024-09-03,8.96,9.09,8.86,9.02,26404000.0,237736301.0,1500412235.0,0.017597830372264325,0.08999999999999986,1.00783874580066,2.575587905935055
2024-09-04,8.91,8.99,8.75,8.91,25348200.0,226011968.0,1500412235.0,0.016894157091434277,-0.10999999999999943,-1.2195121951219412,2.660753880266078
2024-09-05,8.94,9.27,8.91,9.13,36018800.0,329602398.0,1500412235.0,0.02400593594199797,0.22000000000000064,2.4691358024691468,4.040404040404034
2024-09-06,9.13,9.18,8.88,8.88,30305200.0,272599799.0,1500412235.0,0.020197915808117892,-0.25,-2.7382256297918905,3.285870755750262
2024-09-09,8.93,9.0,8.57,8.61,41371666.0,362637334.0,1500412235.0,0.02757353281646627,-0.27000000000000135,-3.0405405405405594,4.842342342342339
2024-09-10,8.77,8.83,8.44,8.69,38533680.0,331930349.0,1500412235.0,0.0256820619701225,0.08000000000000007,0.9291521486643362,4.529616724738683
2024-09-11,8.63,8.67,8.48,8.53,20651100.0,177410461.0,1500412235.0,0.0137636174367773,-0.16000000000000014,-1.8411967779056404,2.18642117376294
2024-09-12,8.56,8.67,8.36,8.36,30263599.0,257680326.0,1500412235.0,0.020170189427974106,-0.16999999999999993,-1.992966002344665,3.6342321219226323
2024-09-13,8.36,8.48,8.23,8.24,22433990.0,187692374.0,1500412235.0,0.014951884206676041,-0.11999999999999922,-1.4354066985645786,2.9904306220095696
2024-09-18,8.24,8.29,8.02,8.15,20737490.0,169024333.0,1500412235.0,0.013821194946467495,-0.08999999999999986,-1.0922330097087318,3.276699029126209
2024-09-19,8.21,8.38,8.1,8.31,24294818.0,201163241.0,1500412235.0,0.016192095367710727,0.16000000000000014,1.9631901840490906,3.435582822085903
2024-09-20,8.28,8.32,8.06,8.11,22752900.0,186374397.0,1500412235.0,0.0151644324601232,-0.20000000000000107,-2.4067388688327473,3.1287605294825487
2024-09-23,8.09,8.28,8.03,8.15,17705533.0,145409654.0,1500412235.0,0.011800445628864124,0.040000000000000924,0.4932182490752224,3.082614056720099
2024-09-24,8.24,8.52,8.16,8.52,48071626.0,404453850.0,1500412235.0,0.03203894561683576,0.3699999999999992,4.539877300613493,4.417177914110422
2024-09-25,8.61,8.91,8.59,8.62,49197909.0,431009902.0,1500412235.0,0.032789594654298454,0.09999999999999964,1.1737089201877993,3.7558685446009425
2024-09-26,8.62,9.12,8.56,9.12,54406507.0,483618524.0,1500412235.0,0.036261039286979685,0.5,5.8004640371229765,6.496519721577712
2024-09-27,9.23,9.85,9.22,9.66,69412762.0,661430970.0,1500412235.0,0.046262460663019055,0.5400000000000009,5.92105263157896,6.907894736842095
2024-09-30,10.27,10.62,9.94,10.61,89433113.0,930992724.0,1500413206.0,0.059605655723614044,0.9499999999999993,9.834368530020686,7.039337474120081
2024-10-08,11.68,11.68,10.77,11.68,119437196.0,1371830956.0,1500413206.0,0.07960286907791986,1.0700000000000003,10.084825636192285,8.576814326107447
2024-10-09,11.36,11.68,10.71,10.76,115583119.0,1298110568.0,1500413206.0,0.07703419200643853,-0.9199999999999999,-7.8767123287671215,8.304794520547935
2024-10-10,10.81,11.14,10.44,10.49,79425856.0,855012816.0,1500413206.0,0.05293598835466395,-0.2699999999999996,-2.5092936802973975,6.505576208178448
2024-10-11,10.46,10.46,9.7,9.86,68057011.0,683603725.0,1500413206.0,0.0453588456352203,-0.6300000000000008,-6.005719733079129,7.244995233555781
2024-10-14,9.86,10.26,9.65,10.25,62125436.0,622554638.0,1500413206.0,0.04140555131850792,0.39000000000000057,3.9553752535496978,6.186612576064903
2024-10-15,10.25,10.49,9.95,9.95,68146900.0,699563626.0,1500413206.0,0.045418755131911306,-0.3000000000000007,-2.9268292682926855,5.268292682926838
2024-10-16,9.74,9.91,9.62,9.73,52612892.0,515277658.0,1500413206.0,0.03506560178863155,-0.21999999999999886,-2.2110552763819014,2.9145728643216176
2024-10-17,9.78,10.41,9.78,10.02,98880133.0,1002422739.0,1500413206.0,0.06590193461680316,0.28999999999999915,2.9804727646454143,6.474820143884901
2024-10-18,10.19,10.76,10.15,10.55,131990624.0,1381615271.0,1500413206.0,0.08796951631202851,0.5300000000000011,5.289421157684648,6.0878243512973995
2024-10-21,10.64,11.0,10.48,10.75,130421180.0,1407654117.0,1500413206.0,0.08692350845650981,0.1999999999999993,1.8957345971563955,4.928909952606631
2024-10-22,10.77,10.82,10.53,10.64,81639972.0,873602461.0,1500413206.0,0.05441165918397015,-0.10999999999999943,-1.023255813953483,2.69767441860466
2024-10-23,10.52,10.65,10.36,10.39,85013832.0,896466382.0,1500413206.0,0.05666027975496238,-0.25,-2.3496240601503793,2.7255639097744444
2024-10-24,10.35,10.41,10.18,10.29,53287808.0,550030135.0,1500413206.0,0.035515421876392096,-0.10000000000000142,-0.9624639076034835,2.213666987487973
2024-10-25,10.4,10.7,10.28,10.61,71426497.0,752686617.0,1500413206.0,0.04760455100926378,0.3200000000000003,3.109815354713308,4.081632653061225
2024-10-28,10.36,10.41,10.13,10.4,93261408.0,962345845.0,1500413206.0,0.062157149528581264,-0.20999999999999908,-1.9792648444863281,2.639019792648439
2024-10-29,10.4,11.23,10.13,10.8,174226489.0,1876098884.0,1500413206.0,0.11611900528686762,0.40000000000000036,3.8461538461538547,10.576923076923073
2024-10-30,10.85,11.33,10.66,11.15,172921793.0,1913155573.0,1500413206.0,0.11524944749119996,0.34999999999999964,3.240740740740744,6.203703703703703
2024-10-31,11.05,11.36,10.76,11.18,134038175.0,1493383983.0,1500413206.0,0.08933417438875835,0.02999999999999936,0.2690582959641308,5.381165919282508
2024-11-01,11.12,11.35,10.23,10.26,121767419.0,1305705227.0,1500413206.0,0.08115592325704976,-0.9199999999999999,-8.228980322003576,10.017889087656522
2024-11-04,10.18,10.64,10.18,10.44,60671020.0,637528061.0,1500413206.0,0.04043620767758025,0.17999999999999972,1.7543859649122862,4.483430799220281
2024-11-05,10.44,11.49,10.33,11.49,83664413.0,924424989.0,1500413206.0,0.055760914836949255,1.0500000000000007,10.057471264367823,11.111111111111112
2024-11-06,12.28,12.64,11.78,11.97,321174772.0,3938602056.0,1500413206.0,0.21405754809118896,0.4800000000000004,4.177545691906004,7.4847693646649365
2024-11-07,11.73,12.93,11.71,12.45,232454929.0,2882055671.0,1500413206.0,0.15492727474700727,0.47999999999999865,4.010025062656619,10.192147034252287
2024-11-08,12.46,12.9,12.16,12.41,185851149.0,2318946323.0,1500413206.0,0.12386664437289684,-0.03999999999999915,-0.3212851405622441,5.943775100401608
2024-11-11,12.52,13.13,12.47,12.95,162367829.0,2095030747.0,1500413206.0,0.10821540916242775,0.5399999999999991,4.351329572925056,5.318291700241741
2024-11-12,13.12,14.24,12.85,14.24,309252064.0,4274901210.0,1500413206.0,0.20611126505907335,1.290000000000001,9.961389961389976,10.733590733590738
2024-11-13,14.1,14.95,13.53,14.05,256958510.0,3630785227.0,1500413206.0,0.17125849664109127,-0.1899999999999995,-1.3342696629213502,9.97191011235955
2024-11-14,13.94,14.04,12.66,12.71,182110941.0,2408572450.0,1500413206.0,0.12137385906212825,-1.3399999999999999,-9.537366548042703,9.822064056939494
2024-11-15,12.71,12.84,12.16,12.22,147607903.0,1849520154.0,1500413206.0,0.09837816836704115,-0.4900000000000002,-3.855232100708106,5.350118017309203
2024-11-18,12.2,12.37,11.61,11.67,101292378.0,1208397686.0,1500413206.0,0.06750965507031134,-0.5500000000000007,-4.500818330605572,6.219312602291324
2024-11-19,11.73,12.22,11.71,12.19,82186602.0,987677592.0,1500413206.0,0.05477597882459587,0.5199999999999996,4.455869751499564,4.370179948586117
2024-11-20,12.2,12.71,12.14,12.36,97732174.0,1215499511.0,1500413206.0,0.06513683937809862,0.16999999999999993,1.3945857260049266,4.675963904840035
2024-11-21,12.26,12.39,11.91,12.28,87706606.0,1070975516.0,1500413206.0,0.05845496803765136,-0.08000000000000007,-0.6472491909385147,3.8834951456310716
2024-11-22,12.51,12.95,12.06,12.06,140118971.0,1766556199.0,1500413206.0,0.09338692197567874,-0.21999999999999886,-1.7915309446253969,7.247557003257319
2024-11-25,12.18,12.3,11.36,11.59,97852670.0,1153819199.0,1500413206.0,0.06521714792211714,-0.47000000000000064,-3.8971807628524147,7.7943615257048195
2024-11-26,11.57,11.87,11.36,11.46,61031978.0,710618907.0,1500413206.0,0.0406767800736086,-0.129999999999999,-1.1216566005176842,4.40034512510785
2024-11-27,11.33,11.8,10.95,11.77,83613181.0,954607201.0,1500413206.0,0.0557267695763003,0.3099999999999987,2.705061082024418,7.417102966841199
2024-11-28,11.71,12.0,11.55,11.66,59559039.0,702006591.0,1500413206.0,0.039695091166772896,-0.10999999999999943,-0.9345794392523366,3.8232795242140982
2024-11-29,11.61,12.03,11.44,11.82,71804839.0,846705545.0,1500413206.0,0.04785670954698329,0.16000000000000014,1.3722126929674117,5.0600343053173225
2024-12-02,11.83,12.11,11.75,11.97,58850213.0,706341836.0,1500413206.0,0.03922267063810421,0.15000000000000036,1.2690355329949332,3.0456852791878126
2024-12-03,12.15,12.21,11.75,11.89,54518494.0,654473712.0,1500413206.0,0.036335653260039354,-0.08000000000000007,-0.6683375104427736,3.842940685045955
2024-12-04,12.08,12.11,11.49,11.56,65173345.0,769327009.0,1500413206.0,0.043436931066307874,-0.33000000000000007,-2.77544154751892,5.214465937762819
2024-12-05,11.48,11.81,11.47,11.72,43613791.0,512800366.0,1500413206.0,0.02906785332573246,0.16000000000000014,1.384083044982698,2.9411764705882337
2024-12-06,11.71,11.86,11.46,11.71,51561699.0,602799271.0,1500413206.0,0.03436499945069132,-0.009999999999999787,-0.08532423208190698,3.4129692832764382
2024-12-09,11.65,11.72,11.37,11.47,51635472.0,597349214.0,1500413206.0,0.03441416790622409,-0.2400000000000002,-2.0495303159692613,2.9888983774551785
2024-12-10,11.88,11.88,11.42,11.45,55611840.0,650680418.0,1500413206.0,0.03706434985883482,-0.02000000000000135,-0.17436791630340842,4.010462074978212
2024-12-11,11.38,11.94,11.38,11.82,71348307.0,835256256.0,1500413206.0,0.047552438698010235,0.370000000000001,3.2314410480349443,4.890829694323133
2024-12-12,11.76,11.83,11.55,11.73,48316260.0,566303489.0,1500413206.0,0.03220196930204838,-0.08999999999999986,-0.761421319796951,2.3688663282571856
2024-12-13,11.64,11.64,11.3,11.41,56641585.0,651430142.0,1500413206.0,0.03775065746788688,-0.3200000000000003,-2.728047740835471,2.89855072463768
2024-12-16,11.41,12.26,11.4,11.88,123244241.0,1474940828.0,1500413206.0,0.08214020011764679,0.47000000000000064,4.119193689745848,7.537248028045569
2024-12-17,11.92,12.16,11.46,11.48,93585905.0,1109791593.0,1500413206.0,0.062373421285389564,-0.40000000000000036,-3.367003367003374,5.892255892255886
2024-12-18,11.46,11.82,11.28,11.62,62491648.0,728075247.0,1500413206.0,0.04164962541658674,0.1399999999999988,1.21951219512193,4.703832752613248
2024-12-19,11.41,11.9,11.35,11.83,66480544.0,779758232.0,1500413206.0,0.044308157069100074,0.21000000000000085,1.8072289156626509,4.733218588640282
2024-12-20,11.82,12.19,11.69,12.01,80769391.0,974143537.0,1500413206.0,0.053831431686292425,0.17999999999999972,1.5215553677092153,4.22654268808115
2024-12-23,12.04,12.17,11.38,11.38,75118586.0,880032188.0,1500413206.0,0.05006526582118073,-0.629999999999999,-5.245628642797662,6.577851790174847
2024-12-24,11.39,11.55,11.07,11.25,57996178.0,655638233.0,1500413206.0,0.038653470769304865,-0.13000000000000078,-1.1423550087873546,4.217926186291743
2024-12-25,11.27,11.61,10.85,11.27,82836284.0,932555227.0,1500413206.0,0.055208980878564726,0.019999999999999574,0.1777777777777656,6.755555555555554
2024-12-26,11.16,11.92,11.16,11.82,87524016.0,1023679500.0,1500413206.0,0.05833327489387614,0.5500000000000007,4.880212954747121,6.743566992014196
2024-12-27,11.76,12.51,11.65,12.0,120228749.0,1467278837.0,1500413206.0,0.08013042575153127,0.17999999999999972,1.522842639593902,7.275803722504224
2024-12-30,12.05,12.2,11.77,11.91,59659391.0,713693970.0,1500413206.0,0.039761974075826684,-0.08999999999999986,-0.7499999999999951,3.583333333333331
2024-12-31,12.1,12.15,11.06,11.07,89979154.0,1035388303.0,1499854012.0,0.059991941402360964,-0.8399999999999999,-7.052896725440805,9.151973131821997
2025-01-02,11.04,11.06,10.44,10.57,67978921.0,732554762.0,1499854012.0,0.04532369181007998,-0.5,-4.516711833785003,5.600722673893414
2025-01-03,10.66,10.69,9.98,10.01,60248543.0,621206892.0,1499854012.0,0.04016960485351557,-0.5600000000000005,-5.298013245033117,6.717123935666973
2025-01-06,10.03,10.21,9.83,9.87,40129208.0,402959515.0,1499854012.0,0.02675540931246314,-0.14000000000000057,-1.3986013986014068,3.7962037962038044
2025-01-07,9.92,10.49,9.84,10.35,46998880.0,476274964.0,1499854012.0,0.031335636417926256,0.4800000000000004,4.863221884498481,6.585612968591696
2025-01-08,10.27,10.35,9.84,10.28,49587430.0,502894081.0,1499854012.0,0.03306150438860179,-0.07000000000000028,-0.6763285024154575,4.927536231884056
2025-01-09,10.28,11.23,10.28,10.69,92594486.0,1010906193.0,1499854012.0,0.061735665777583694,0.41000000000000014,3.9883268482490353,9.241245136186782
2025-01-10,10.47,10.74,10.15,10.15,55552500.0,582984928.0,1499854012.0,0.03703860479455783,-0.5399999999999991,-5.051449953227305,5.519176800748362
2025-01-13,10.02,10.32,9.94,10.22,37069845.0,376039084.0,1499854012.0,0.02471563545745944,0.07000000000000028,0.6896551724137945,3.7438423645320276
2025-01-14,10.25,10.8,10.13,10.75,56533705.0,598714088.0,1499854012.0,0.037692805131490356,0.5299999999999994,5.185909980430514,6.555772994129157
2025-01-15,10.71,10.83,10.49,10.55,44338490.0,474108388.0,1499854012.0,0.029561870452229053,-0.1999999999999993,-1.8604651162790642,3.1627906976744176
2025-01-16,10.65,10.85,10.46,10.73,63719528.0,682558769.0,1499854012.0,0.04248382008528441,0.17999999999999972,1.7061611374407537,3.6966824644549643
2025-01-17,10.59,11.06,10.55,10.88,57661311.0,628149939.0,1499854012.0,0.03844461563503155,0.15000000000000036,1.3979496738117492,4.753028890959923
2025-01-20,10.86,11.14,10.84,10.95,48201043.0,531921423.0,1499854012.0,0.03213715642612822,0.06999999999999851,0.6433823529411686,2.757352941176477
2025-01-21,11.01,11.06,10.8,11.01,41692597.0,457997051.0,1499854012.0,0.02779777009390698,0.0600000000000005,0.5479452054794498,2.3744292237442908
2025-01-22,10.8,11.44,10.76,11.22,86186503.0,959379630.0,1499854012.0,0.057463261297726886,0.21000000000000085,1.9073569482289,6.176203451407809
2025-01-23,11.27,11.44,10.95,10.95,68813218.0,773423228.0,1499854012.0,0.04587994394750467,-0.27000000000000135,-2.406417112299475,4.367201426024957
2025-01-24,10.91,11.18,10.87,11.06,42703294.0,473800838.0,1499854012.0,0.028471633677904912,0.11000000000000121,1.0045662100456765,2.831050228310507
2025-01-27,11.21,11.22,10.69,10.69,41067132.0,449413472.0,1499854012.0,0.02738075284089716,-0.370000000000001,-3.345388788426773,4.792043399638347
2025-02-05,10.98,11.31,10.76,11.15,65260922.0,726838237.0,1499854012.0,0.0435115161061422,0.46000000000000085,4.303086997193639,5.144995322731532
2025-02-06,11.1,11.44,11.07,11.4,58379800.0,664858027.0,1499854012.0,0.03892365492435673,0.25,2.2421524663677195,3.318385650224208
2025-02-07,11.32,11.84,11.3,11.56,82657427.0,958333164.0,1499854012.0,0.05511031496310722,0.16000000000000014,1.403508771929829,4.73684210526315
2025-02-10,11.66,12.16,11.56,11.93,108571423.0,1295707964.0,1499854012.0,0.07238799385229767,0.3699999999999992,3.2006920415224904,5.190311418685118
2025-02-11,11.77,11.84,11.62,11.66,61801855.0,725385695.0,1499854012.0,0.04120524698106418,-0.2699999999999996,-2.2632020117351215,1.844090528080475
2025-02-12,11.64,11.84,11.56,11.73,54378306.0,636887692.0,1499854012.0,0.036255732601260665,0.07000000000000028,0.6003430531732468,2.4013722126929617
2025-02-13,11.66,11.67,11.36,11.42,54559874.0,629288436.0,1499854012.0,0.03637678971651809,-0.3100000000000005,-2.642796248934365,2.642796248934361
2025-02-14,11.4,12.57,11.36,12.57,144035742.0,1765225330.0,1499854012.0,0.09603317446071545,1.1500000000000004,10.07005253940456,10.595446584938712
2025-02-17,12.82,13.07,12.51,12.77,227592797.0,2920718143.0,1499854012.0,0.15174329980056753,0.1999999999999993,1.5910898965791453,4.4550517104216425
2025-02-18,13.24,13.64,12.75,12.79,200574333.0,2647739791.0,1499854012.0,0.13372923724259106,0.019999999999999574,0.1566170712607562,6.969459671104156
2025-02-19,12.89,13.5,12.67,13.26,154583481.0,2035297589.0,1499854012.0,0.10306568490213833,0.47000000000000064,3.6747458952306467,6.489444878811572
2025-02-20,13.14,13.29,12.84,13.09,101897612.0,1330864295.0,1499854012.0,0.06793835345622957,-0.16999999999999993,-1.2820512820512775,3.3936651583710358
2025-02-21,13.65,14.35,13.41,14.16,226248699.0,3163606867.0,1499854012.0,0.15084714724888837,1.0700000000000003,8.174178762414064,7.181054239877765
2025-02-24,14.45,14.59,13.61,13.79,189264133.0,2670041604.0,1499854012.0,0.1261883699918389,-0.370000000000001,-2.6129943502824937,6.920903954802263
2025-02-25,13.36,13.57,13.09,13.3,120457707.0,1609340057.0,1499854012.0,0.08031295448506624,-0.48999999999999844,-3.5532994923857752,3.4807831762146515
2025-02-26,13.31,13.45,13.05,13.23,100954600.0,1341216986.0,1499854012.0,0.0673096175976359,-0.07000000000000028,-0.5263157894736858,3.0075187969924704
2025-02-27,13.21,13.52,12.66,12.86,104400664.0,1360901123.0,1499854012.0,0.06960721721228426,-0.370000000000001,-2.7966742252456656,6.500377928949352
2025-02-28,12.75,12.85,12.23,12.31,81499400.0,1022406611.0,1499854012.0,0.0543382218188846,-0.5499999999999989,-4.276827371695169,4.8211508553654685
2025-03-03,12.35,12.49,12.01,12.2,72663608.0,893514685.0,1499854012.0,0.04844712046548168,-0.11000000000000121,-0.8935824532900205,3.8992688870836756
2025-03-04,12.04,12.42,12.01,12.39,59059800.0,725575724.0,1499854012.0,0.03937703238280233,0.19000000000000128,1.5573770491803307,3.3606557377049193
2025-03-05,12.39,13.62,12.24,13.62,133380199.0,1733146256.0,1499854012.0,0.08892878769057158,1.2299999999999986,9.927360774818395,11.138014527845028
2025-03-06,13.62,13.77,13.26,13.63,165787491.0,2251041643.0,1499854012.0,0.11053575192890173,0.010000000000001563,0.07342143906021725,3.744493392070483
2025-03-07,13.53,13.83,13.16,13.34,95151562.0,1282879112.0,1499854012.0,0.06344054903924876,-0.2900000000000009,-2.127659574468088,4.91562729273661
2025-03-10,13.23,13.43,13.05,13.34,72579742.0,964349599.0,1499854012.0,0.04839120435676109,0.0,0.0,2.8485757121439206
2025-03-11,13.29,14.1,13.17,13.62,147003516.0,2009851320.0,1499854012.0,0.09801188303918741,0.27999999999999936,2.0989505247376306,6.971514242878558
2025-03-12,14.0,14.25,13.76,13.91,152767835.0,2142107238.0,1499854012.0,0.10185513641843696,0.2900000000000009,2.1292217327459673,3.597650513950075
2025-03-13,13.8,14.97,13.51,14.03,198998529.0,2821427840.0,1499854012.0,0.1326785989888728,0.11999999999999922,0.8626887131560013,10.496046010064708
2025-03-14,13.83,14.03,13.48,13.8,127988148.0,1769751922.0,1499854012.0,0.08533373713441118,-0.22999999999999865,-1.6393442622950727,3.9201710620099717
2025-03-17,13.81,14.11,13.6,14.0,110711722.0,1547149781.0,1499854012.0,0.07381499873602365,0.1999999999999993,1.4492753623188248,3.6956521739130417
2025-03-18,14.14,14.61,14.03,14.25,121935581.0,1753626867.0,1499854012.0,0.08129829971745277,0.25,1.7857142857142794,4.142857142857143
2025-03-19,14.07,14.48,13.45,13.5,123094360.0,1701460567.0,1499854012.0,0.08207089424380591,-0.75,-5.263157894736848,7.228070175438604
2025-03-20,13.47,13.55,13.1,13.13,75493898.0,1008226503.0,1499854012.0,0.050334164122634625,-0.3699999999999992,-2.7407407407407325,3.333333333333341
2025-03-21,13.06,13.32,12.91,13.0,71866130.0,942956789.0,1499854012.0,0.04791541671723715,-0.13000000000000078,-0.990099009900991,3.1226199543031234
2025-03-24,12.96,13.11,12.57,12.82,60735741.0,779200792.0,1499854012.0,0.0404944351343976,-0.17999999999999972,-1.3846153846153841,4.153846153846148
2025-03-25,12.84,12.86,12.36,12.4,45515331.0,572404404.0,1499854012.0,0.03034650748395638,-0.41999999999999993,-3.2761310452418035,3.9001560062402496
2025-03-26,12.46,12.67,12.38,12.53,31698100.0,399736005.0,1499854012.0,0.0211341235522861,0.129999999999999,1.0483870967741948,2.338709677419348
2025-03-27,12.52,13.09,12.47,12.7,64101818.0,824711822.0,1499854012.0,0.042738704892033186,0.16999999999999993,1.3567438148443633,4.948124501197121
2025-03-28,12.61,12.66,12.28,12.28,42072400.0,523362850.0,1499854012.0,0.02805099673927465,-0.41999999999999993,-3.307086614173227,2.9921259842519747
2025-03-31,12.16,12.27,11.88,12.19,45426518.0,551515070.0,1500423002.0,0.030275807515246292,-0.08999999999999986,-0.7328990228013033,3.175895765472303
2025-04-01,12.31,12.39,12.07,12.27,35013926.0,429661965.0,1500423002.0,0.02333603653991436,0.08000000000000007,0.656275635767023,2.625102543068091
2025-04-02,12.23,12.4,12.2,12.23,20973983.0,258393805.0,1500423002.0,0.013978713317539504,-0.03999999999999915,-0.32599837000814036,1.6299918500407586
2025-04-03,12.07,12.3,11.84,11.89,35445113.0,427350941.0,1500423002.0,0.023623413499228665,-0.33999999999999986,-2.7800490596892824,3.761242845461986
2025-04-07,10.96,11.26,10.7,10.7,41911500.0,453768147.0,1500423002.0,0.02793312282212,-1.1900000000000013,-10.00841042893189,4.709840201850298
2025-04-08,10.46,10.67,9.77,10.1,82785400.0,841271703.0,1500423002.0,0.055174707325634564,-0.5999999999999996,-5.607476635514019,8.411214953271031
2025-04-09,9.82,10.6,9.23,10.49,72882777.0,739644129.0,1500423002.0,0.04857481983603981,0.39000000000000057,3.861386138613865,13.564356435643557
2025-04-10,10.84,10.94,10.49,10.5,58697617.0,630219745.0,1500423002.0,0.03912071257355997,0.009999999999999787,0.09532888465204614,4.289799809342224
2025-04-11,10.4,11.02,10.34,10.81,54073713.0,584363130.0,1500423002.0,0.03603897895988134,0.3100000000000005,2.9523809523809508,6.476190476190473
2025-04-14,11.01,11.65,10.87,11.25,73045290.0,818142212.0,1500423002.0,0.048683131292064794,0.4399999999999995,4.070305272895469,7.215541165587429
2025-04-15,11.08,11.23,10.84,10.92,42345545.0,466281068.0,1500423002.0,0.028222404577612575,-0.33000000000000007,-2.9333333333333322,3.466666666666672
2025-04-16,11.31,11.5,10.83,10.94,47297954.0,525832407.0,1500423002.0,0.03152307978280381,0.019999999999999574,0.1831501831501825,6.135531135531135
2025-04-17,10.84,11.3,10.81,10.92,35759451.0,396881358.0,1500423002.0,0.023832913086732323,-0.019999999999999574,-0.1828153564899404,4.4789762340036585
2025-04-18,11.0,11.01,10.76,10.86,24094143.0,262438470.0,1500423002.0,0.016058233556726025,-0.0600000000000005,-0.5494505494505586,2.2893772893772892
2025-04-21,10.82,10.95,10.77,10.91,27603956.0,301386913.0,1500423002.0,0.01839744922812107,0.05000000000000071,0.4604051565377576,1.6574585635359091
2025-04-22,11.13,11.42,11.02,11.12,53107874.0,596517634.0,1500423002.0,0.03539526782061423,0.20999999999999908,1.9248395967002674,3.6663611365719557
2025-04-23,11.13,11.31,11.04,11.1,43750660.0,489576436.0,1500423002.0,0.029158883822550195,-0.019999999999999574,-0.17985611510791255,2.428057553956847
2025-04-24,11.04,11.06,10.66,10.68,46515172.0,504153102.0,1500423375.0,0.03100136453152764,-0.41999999999999993,-3.7837837837837784,3.603603603603607
2025-04-25,10.94,11.65,10.81,11.33,94890051.0,1072171073.0,1500423375.0,0.06324218389359604,0.6500000000000004,6.086142322097388,7.8651685393258415
2025-04-28,11.34,11.62,11.29,11.36,52487112.0,602852683.0,1500423375.0,0.03498153446189813,0.02999999999999936,0.26478375992937675,2.9126213592233015
2025-04-29,11.33,11.53,11.27,11.34,42047750.0,480759836.0,1500423375.0,0.028023923580902624,-0.019999999999999574,-0.17605633802816323,2.2887323943661957
2025-04-30,11.38,12.48,11.32,12.48,117091410.0,1412869490.0,1500423375.0,0.07803891351665992,1.1400000000000006,10.052910052910068,10.229276895943563
2025-05-06,12.74,13.13,12.48,12.88,133753232.0,1719405115.0,1500423375.0,0.08914366053514729,0.40000000000000036,3.205128205128216,5.208333333333337
2025-05-07,12.95,13.11,12.75,13.02,112364480.0,1457098731.0,1500423375.0,0.0748885160496783,0.1399999999999988,1.086956521739113,2.795031055900617
2025-05-08,12.92,12.97,12.72,12.87,80622184.0,1038221899.0,1500423375.0,0.05373295653968334,-0.15000000000000036,-1.1520737327188946,1.9201228878648235
2025-05-09,12.79,12.89,12.56,12.65,58510032.0,745026803.0,1500423375.0,0.038995681468905405,-0.21999999999999886,-1.7094017094017033,2.5641025641025648
2025-05-12,12.76,12.83,12.57,12.71,52303424.0,664712631.0,1500423375.0,0.03485911034943721,0.0600000000000005,0.4743083003952542,2.055335968379445
2025-05-13,12.76,12.85,12.49,12.57,74528113.0,945512439.0,1500423375.0,0.0496713889171448,-0.14000000000000057,-1.1014948859166096,2.8324154209283985
2025-05-14,12.87,12.95,12.5,12.68,67368528.0,858305315.0,1500423375.0,0.04489967906558374,0.10999999999999943,0.8750994431185211,3.579952267303097
2025-05-15,12.57,12.64,12.05,12.07,72839056.0,892725912.0,1500423375.0,0.04854566865168973,-0.6099999999999994,-4.8107255520504655,4.652996845425866
2025-05-16,12.03,12.4,12.03,12.23,43332376.0,532363511.0,1500423375.0,0.028880099258650913,0.16000000000000014,1.3256006628003414,3.0654515327257745
2025-05-19,12.23,12.34,12.06,12.29,33599600.0,411647832.0,1500424494.0000002,0.02239339609181293,0.05999999999999872,0.49059689288633024,2.2894521668029384
2025-05-20,12.3,12.3,12.06,12.19,30630617.0,373884516.0,1500424494.0000002,0.020414634073549053,-0.09999999999999964,-0.8136696501220508,1.952807160292923
2025-05-21,12.15,12.22,11.99,12.17,33103900.0,401999991.0,1500424494.0000002,0.022063022919432556,-0.019999999999999574,-0.1640689089417502,1.8867924528301925
2025-05-22,12.16,12.24,11.94,11.97,32628745.0,394957419.0,1500424494.0000002,0.02174634253871358,-0.1999999999999993,-1.6433853738701654,2.465078060805265
2025-05-23,11.95,12.04,11.73,11.76,36280095.0,432474027.0,1500424494.0000002,0.02417988718864516,-0.21000000000000085,-1.7543859649122862,2.5898078529657367
2025-05-26,11.72,11.89,11.71,11.86,25892300.0,307031540.0,1500424494.0000002,0.017256649770474884,0.09999999999999964,0.8503401360544283,1.5306122448979567
2025-05-27,11.76,11.88,11.56,11.66,31006299.0,363513087.0,1500424494.0000002,0.020665017882599293,-0.1999999999999993,-1.6863406408094361,2.698145025295112
2025-05-28,11.75,11.77,11.51,11.57,27004200.0,314314611.0,1500424494.0000002,0.017997706720988785,-0.08999999999999986,-0.7718696397941649,2.2298456260720396
2025-05-29,11.59,11.91,11.59,11.84,35442915.0,419103990.0,1500424494.0000002,0.023621925089687315,0.2699999999999996,2.3336214347450257,2.7657735522904088
2025-05-30,11.76,11.76,11.39,11.49,34890000.0,402981362.0,1500424494.0000002,0.023253419375330455,-0.34999999999999964,-2.9560810810810745,3.1249999999999933
2025-06-03,11.4,11.48,11.32,11.38,22455383.0,256144618.0,1500424494.0000002,0.014966020009534713,-0.10999999999999943,-0.9573542210617902,1.3925152306353363
2025-06-04,11.38,11.64,11.38,11.5,24999034.0,288682695.0,1500424494.0000002,0.01666130758326583,0.11999999999999922,1.0544815465729274,2.2847100175746906
2025-06-05,11.43,12.05,11.43,11.92,64178186.0,757507850.0,1500424494.0000002,0.042773352645628024,0.41999999999999993,3.6521739130434883,5.391304347826096
2025-06-06,11.85,12.12,11.77,12.02,53472304.0,641709886.0,1500424494.0000002,0.03563811722204529,0.09999999999999964,0.8389261744966348,2.9362416107382523
2025-06-09,12.03,12.11,11.97,12.01,30541357.0,367797211.0,1500424494.0000002,0.020355144242266678,-0.009999999999999787,-0.08319467554076532,1.1647254575707053
2025-06-10,12.03,12.06,11.59,11.75,50069463.0,591176495.0,1500424494.0000002,0.03337019836734283,-0.2599999999999998,-2.164862614487928,3.913405495420488
2025-06-11,11.79,11.94,11.72,11.72,27559299.0,325661199.0,1500424494.0000002,0.01836766802342004,-0.02999999999999936,-0.2553191489361617,1.8723404255319054
2025-06-12,11.78,11.87,11.67,11.69,31096350.0,366506441.0,1500424494.0000002,0.020725034898023995,-0.030000000000001137,-0.25597269624574315,1.7064846416382191
2025-06-13,11.58,11.71,11.24,11.25,45589803.0,519797642.0,1500424494.0000002,0.030384603278810506,-0.4399999999999995,-3.763900769888795,4.020530367835763
2025-06-16,11.44,11.89,11.38,11.66,55767985.0,654842843.0,1500424494.0000002,0.0371681382322195,0.41000000000000014,3.64444444444445,4.533333333333331
2025-06-17,11.71,11.73,11.49,11.56,28366133.0,328514629.0,1500424494.0000002,0.018905405179289212,-0.09999999999999964,-0.857632933104624,2.0583190394511166
2025-06-18,11.51,11.94,11.49,11.86,56897905.0,670203071.0,1500424494.0000002,0.037921205117303285,0.29999999999999893,2.595155709342545,3.8927335640138345
2025-06-19,11.86,12.21,11.79,11.9,67351142.0,810733255.0,1500424494.0000002,0.044888058192417105,0.040000000000000924,0.337268128161905,3.5413153456998456
2025-06-20,11.97,12.59,11.9,11.93,73951514.0,900547668.0,1500424494.0000002,0.0492870612921359,0.02999999999999936,0.25210084033613356,5.798319327731088
2025-06-23,11.77,12.42,11.77,12.19,80572700.0,982740345.0,1500424494.0000002,0.05369993646611316,0.2599999999999998,2.1793797150041927,5.448449287510481
2025-06-24,12.19,12.43,12.13,12.28,72646820.0,894625199.0,1500424494.0000002,0.0484175113712853,0.08999999999999986,0.7383100902379036,2.4610336341263244
2025-06-25,12.38,13.01,12.3,12.79,133212943.0,1690993996.0,1500424494.0000002,0.08878350329036949,0.5099999999999998,4.153094462540707,5.781758957654716
2025-06-26,12.67,13.09,12.62,12.67,103150972.0,1320613864.0,1500424494.0000002,0.06874785929747691,-0.11999999999999922,-0.9382329945269663,3.674745895230654
2025-06-27,12.69,13.31,12.45,12.93,139813240.0,1804544065.0,1500424494.0000002,0.09318245640423407,0.2599999999999998,2.052091554853974,6.7876874506708855
2025-06-30,13.5,13.69,13.04,13.23,150720276.0,2007767216.0,1500453284.0,0.10044982913310083,0.3000000000000007,2.3201856148491906,5.027068832173243
2025-07-01,13.2,13.53,12.97,13.29,107303496.0,1415246255.0,1500453284.0,0.07151405321593471,0.05999999999999872,0.45351473922901064,4.232804232804223
2025-07-02,13.2,13.25,12.76,12.84,76183777.0,983520586.0,1500453284.0,0.05077384135339731,-0.4499999999999993,-3.3860045146726803,3.6869826937547048
2025-07-03,12.79,13.39,12.78,13.2,92553427.0,1214603085.0,1500453284.0,0.06168364452724941,0.35999999999999943,2.8037383177569986,4.750778816199387
2025-07-04,13.09,13.38,12.92,13.13,85510700.0,1124362770.0,1500453284.0,0.056989911589943244,-0.06999999999999851,-0.5303030303030143,3.4848484848484915
2025-07-07,13.09,13.31,12.94,13.02,49135540.0,642854909.0,1500453284.0,0.03274713083303166,-0.11000000000000121,-0.8377760853008454,2.817974105102825
2025-07-08,13.09,14.08,12.99,13.83,160019906.0,2178345773.0,1500453284.0,0.106647709533088,0.8100000000000005,6.2211981566820285,8.371735791090629
2025-07-09,13.6,13.69,13.19,13.24,105711111.0,1416304562.0,1500493704.0000002,0.0704508860771601,-0.5899999999999999,-4.266088214027475,3.6153289949385394
2025-07-10,13.31,13.32,12.68,12.78,105957851.0,1361487260.0,1500493704.0000002,0.07061532528762945,-0.46000000000000085,-3.474320241691853,4.8338368580060465
2025-07-11,12.38,13.41,12.3,13.23,138770624.0,1785198062.0,1500493704.0000002,0.09248330974669652,0.45000000000000107,3.521126760563398,8.685446009389668
2025-07-14,13.51,13.97,13.29,13.9,137429510.0,1884288011.0,1500493704.0000002,0.09158952792247103,0.6699999999999999,5.064247921390774,5.139833711262294
2025-07-15,13.99,14.19,13.7,13.9,115539984.0,1612282776.0,1500493704.0000002,0.07700131209614192,0.0,0.0,3.525179856115109
2025-07-16,13.9,14.55,13.89,14.16,128864425.0,1843638856.0,1500493704.0000002,0.0858813500226456,0.2599999999999998,1.8705035971223083,4.7482014388489215
2025-07-17,14.11,14.89,14.11,14.7,148022025.0,2168427917.0,1500493704.0000002,0.09864888110186965,0.5399999999999991,3.813559322033888,5.508474576271195
2025-07-18,14.7,14.87,14.29,14.38,93332742.0,1359476173.0,1500493704.0000002,0.062201355294723704,-0.3199999999999985,-2.176870748299309,3.9455782312925174
2025-07-21,14.29,15.09,14.16,14.92,126570891.0,1853715146.0,1500493704.0000002,0.08435283044679805,0.5399999999999991,3.7552155771905404,6.467315716272598
2025-07-22,14.73,15.03,14.55,14.64,88955945.0,1313328912.0,1510497256.0,0.058891828268240166,-0.27999999999999936,-1.8766756032171594,3.2171581769436908
2025-07-23,14.48,16.11,14.36,15.71,234850973.0,3622394956.0,1510497256.0,0.15547924504140906,1.0700000000000003,7.308743169398912,11.953551912568305
2025-07-24,15.56,15.84,15.47,15.69,127715896.0,2001104145.0,1510497256.0,0.08455221980224505,-0.02000000000000135,-0.12730744748569167,2.3551877784850364
2025-07-25,15.6,16.34,15.54,16.25,138316264.0,2217329908.0,1510497256.0,0.09157002003848724,0.5600000000000005,3.569152326322511,5.098789037603574
2025-07-28,16.76,17.88,16.47,17.88,170080315.0,2979277069.0,1510497256.0,0.11259889041466753,1.629999999999999,10.03076923076922,8.676923076923078
2025-07-29,18.39,19.12,17.95,18.26,264157680.0,4857887353.0,1510497256.0,0.1748812710190054,0.38000000000000256,2.1252796420581754,6.5436241610738355
2025-07-30,18.27,19.28,17.94,18.57,215059241.0,3998849512.0,1510497256.0,0.14237645261899107,0.3099999999999987,1.6976998904709717,7.338444687842277
2025-07-31,19.25,19.98,18.68,18.94,262159069.0,5064248687.0,1510497256.0,0.17355812329923226,0.370000000000001,1.9924609585352693,7.00053850296177
2025-08-01,18.53,18.91,18.07,18.23,170182431.0,3138182428.0,1510497256.0,0.11266649464207965,-0.7100000000000009,-3.74868004223865,4.435058078141498
2025-08-04,17.67,17.98,17.29,17.69,139332373.0,2448285263.0,1510497256.0,0.09224271838068139,-0.5399999999999991,-2.9621503017004835,3.784969829950638
2025-08-05,17.82,17.96,16.91,16.98,141554645.0,2445349033.0,1510497256.0,0.09371393720691407,-0.7100000000000009,-4.013566986998307,5.935556811758059
2025-08-06,17.11,17.28,16.69,16.88,112027876.0,1899604908.0,1510497256.0,0.07416622278193666,-0.10000000000000142,-0.5889281507656108,3.474676089517078
2025-08-07,16.88,17.06,16.19,16.51,99473829.0,1645924863.0,1510497256.0,0.06585502132153492,-0.36999999999999744,-2.1919431279620705,5.154028436018942
2025-08-08,16.48,16.69,16.28,16.52,102450018.0,1689363705.0,1510497256.0,0.06782535856523264,0.00999999999999801,0.06056935190792423,2.483343428225319
2025-08-11,16.62,16.85,16.46,16.6,114574559.0,1906592695.0,1510497256.0,0.07585221260408566,0.08000000000000185,0.4842615012106588,2.3607748184019406
2025-08-12,16.61,16.63,15.82,16.02,133873262.0,2146918512.0,1510497256.0,0.08862860324189824,-0.5800000000000018,-3.4939759036144658,4.879518072289148
2025-08-13,16.09,16.89,16.03,16.8,166690319.0,2770379412.0,1510497256.0,0.1103545990155708,0.7800000000000011,4.8689138576779145,5.3682896379525555
2025-08-14,16.71,16.78,15.99,16.05,118139687.0,1932619543.0,1510497256.0,0.0782124472790171,-0.75,-4.46428571428571,4.702380952380958
2025-08-15,16.04,16.59,16.0,16.33,99376133.0,1625779088.0,1510497256.0,0.06579034328282156,0.2799999999999976,1.7445482866043527,3.6760124610591887
2025-08-18,16.42,16.65,16.01,16.56,140626104.0,2309060803.0,1510497256.0,0.09309921182670457,0.23000000000000043,1.4084507042253502,3.9191671769748746
2025-08-19,16.59,16.81,16.32,16.51,142244974.0,2362672225.0,1510497256.0,0.09417095822913564,-0.04999999999999716,-0.3019323671497376,2.958937198067624
2025-08-20,16.44,16.44,15.79,16.39,114592031.0,1848874734.0,1510497256.0,0.07586377965588306,-0.120000000000001,-0.726832222895224,3.9370078740157606
2025-08-21,16.35,17.79,16.1,16.93,215014801.0,3636987913.0,1510497256.0,0.1423470318439294,0.5399999999999991,3.2946918852958973,10.311165344722378
2025-08-22,17.27,17.69,17.12,17.35,203878440.0,3550214914.0,1510497256.0,0.1349743862096761,0.4200000000000017,2.4808033077377445,3.3668044890726536
2025-08-25,17.67,17.81,16.9,17.38,182965938.0,3156125615.0,1510497256.0,0.1211296063420323,0.029999999999997584,0.17291066282418832,5.2449567723342945
2025-08-26,17.37,18.44,17.27,17.76,195105605.0,3505804442.0,1510497256.0,0.129166474301758,0.38000000000000256,2.1864211737629535,6.731875719217502
2025-08-27,17.7,19.53,17.61,18.29,302814601.0,5708349847.0,1510497256.0,0.20047345322684915,0.5299999999999976,2.9842342342342176,10.81081081081082
2025-08-28,18.98,19.28,18.37,19.07,229113159.0,4334630184.0,1510497256.0,0.1516806191404296,0.7800000000000011,4.2646254784035165,4.97539639147075
2025-08-29,18.88,20.98,18.66,20.98,259263447.0,5174399499.0,1510497256.0,0.1716411241199898,1.9100000000000001,10.015731515469328,12.165705296276876
2025-09-01,20.99,22.2,20.72,21.76,261519741.0,5597741475.0,1510497256.0,0.17313486665479913,0.7800000000000011,3.7178265014299328,7.05433746425167
2025-09-02,21.29,21.38,19.58,19.58,202488430.0,4120567666.0,1510497256.0,0.13405415282661062,-2.1800000000000033,-10.018382352941192,8.272058823529415
2025-09-03,19.73,19.84,18.86,19.07,143990172.0,2771163813.0,1510497256.0,0.095326338017525,-0.509999999999998,-2.6046986721143917,5.005107252298266
2025-09-04,19.29,19.44,17.82,18.19,154758929.0,2855797217.0,1510497256.0,0.10245561743675223,-0.879999999999999,-4.614577871001568,8.49501835343472
2025-09-05,18.29,19.11,18.01,18.99,114500182.0,2135348533.0,1510497256.0,0.07580297252787595,0.7999999999999972,4.398020890599219,6.04727872457393
2025-09-08,19.18,19.85,18.51,18.85,116753806.0,2231895462.0,1510497256.0,0.07729494743286049,-0.13999999999999702,-0.7372301211163612,7.056345444971038
2025-09-09,18.68,19.26,18.3,18.62,85279757.0,1603160678.0,1510497256.0,0.05645806813700031,-0.23000000000000043,-1.2201591511936338,5.092838196286476
2025-09-10,18.64,19.43,18.64,19.1,118950219.0,2273195556.0,1510497256.0,0.07874904673113818,0.4800000000000004,2.5778732545649774,4.242749731471531
2025-09-11,19.18,21.01,19.17,21.01,145709318.0,2973206459.0,1510497256.0,0.09646447050546644,1.9100000000000001,10.000000000000009,9.63350785340314
2025-09-12,21.17,23.11,21.06,22.45,305055258.0,6920140333.0,1510497256.0,0.20195684354159463,1.4399999999999977,6.853879105187999,9.757258448357927
2025-09-15,22.3,22.83,21.86,22.15,143625123.0,3200127040.0,1510497256.0,0.09508466329845487,-0.3000000000000007,-1.3363028953229383,4.320712694877501
2025-09-16,22.08,22.54,21.17,22.26,156339513.0,3429843866.0,1510497256.0,0.10350201721915607,0.11000000000000298,0.496613995485351,6.185101580135429
2025-09-17,22.45,22.84,21.83,22.36,131129496.0,2932215131.0,1510497256.0,0.08681213784343346,0.09999999999999787,0.4492362982928988,4.537286612758318
2025-09-18,22.37,24.2,22.08,23.22,218287554.0,5063076420.0,1510497256.0,0.1445137044327077,0.8599999999999994,3.8461538461538547,9.481216457960649
2025-09-19,23.97,24.63,23.36,23.62,183500804.0,4400618994.0,1510497256.0,0.1214837056281286,0.40000000000000213,1.7226528854435985,5.469422911283375
2025-09-22,23.63,24.73,22.85,23.96,137979106.0,3281712095.0,1510497256.0,0.09134681009973314,0.33999999999999986,1.4394580863674955,7.959356477561384
2025-09-23,24.8,25.07,22.45,23.24,159606491.0,3762963678.0,1510497256.0,0.10566486656365034,-0.7200000000000024,-3.005008347245419,10.934891485809686
2025-09-24,22.78,23.06,22.18,22.93,139599179.0,3170523925.0,1510497256.0,0.09241935292863585,-0.3099999999999987,-1.3339070567986222,3.786574870912216
2025-09-25,22.93,23.03,21.92,22.56,90258608.0,2040206599.0,1510497256.0,0.059754234998755935,-0.370000000000001,-1.6136066288704787,4.840819886611423
2025-09-26,22.57,23.54,22.23,22.23,110227989.0,2536355889.0,1510497256.0,0.07297463703568621,-0.3299999999999983,-1.4627659574467988,5.806737588652477
2025-09-29,22.24,22.74,22.23,22.36,79197110.0,1779865218.0,1510497256.0,0.05243115118906247,0.129999999999999,0.5847953216374213,2.2941970310391273
2025-09-30,22.59,23.19,21.87,22.1,95663539.0,2143152125.0,1510497256.0,0.06333248115480192,-0.259999999999998,-1.1627906976744096,5.9033989266547415
2025-10-09,22.1,23.01,22.08,22.48,105891576.0,2395508634.0,1510497256.0,0.07010378574299111,0.379999999999999,1.7194570135746545,4.208144796380105
2025-10-10,22.4,22.47,20.83,20.99,107504137.0,2302984218.0,1510497256.0,0.07117135537517322,-1.490000000000002,-6.628113879003572,7.2953736654804295
2025-10-13,19.46,20.38,19.46,20.2,95377314.0,1912977122.0,1510497256.0,0.06314299057554859,-0.7899999999999991,-3.7636969985707425,4.383039542639343
2025-10-14,20.6,20.7,18.53,18.74,114073440.0,2207121376.0,1510497256.0,0.07552045496731442,-1.4600000000000009,-7.227722772277234,10.742574257425733
2025-10-15,18.79,20.62,18.71,20.62,107980662.0,2114440274.0,1510497256.0,0.07148683095654694,1.8800000000000026,10.03201707577377,10.192102454642479
2025-10-16,20.57,21.61,20.38,20.79,122373356.0,2585451072.0,1510497256.0,0.08101527858717275,0.16999999999999815,0.8244422890397507,5.965082444228906
2025-10-17,20.75,20.85,19.41,19.51,88541892.0,1762257785.0,1510497256.0,0.05861771125256516,-1.2799999999999976,-6.15680615680615,6.9264069264069335
2025-10-20,19.71,20.22,19.31,19.46,62093631.0,1224321430.0,1510497256.0,0.041108072691526956,-0.05000000000000071,-0.25627883136852825,4.664274730907227
2025-10-21,19.56,20.16,19.38,19.87,59222937.0,1171712745.0,1510497256.0,0.03920757668691852,0.41000000000000014,2.106885919835566,4.00822199383351
2025-10-22,19.67,19.86,19.28,19.65,45943740.0,902077655.0,1510497256.0,0.030416301530838397,-0.22000000000000242,-1.1071967790639237,2.9189733266230413
2025-10-23,19.56,19.73,18.64,19.02,60289814.0,1144704445.0,1510497256.0,0.03991388515306247,-0.629999999999999,-3.2061068702289974,5.5470737913486
2025-10-24,19.41,20.42,19.41,20.28,87623727.0,1754082626.0,1510497256.0,0.058009855133427664,1.2600000000000016,6.624605678233442,5.310199789695067
2025-10-27,20.64,21.26,20.34,21.02,107312764.0,2239872262.0,1510497256.0,0.07104466001095469,0.7399999999999984,3.648915187376711,4.536489151873775
2025-10-28,20.77,21.86,20.64,21.41,103257513.0,2218118052.0,1510497256.0,0.0683599474211822,0.39000000000000057,1.8553758325404512,5.803996194100851
2025-10-29,21.56,21.98,21.44,21.78,83692695.0,1820652790.0,1510497256.0,0.055407379700661966,0.370000000000001,1.7281644091545978,2.522185894441846
2025-10-30,21.53,21.81,21.14,21.2,72901317.0,1562140725.0,1510497256.0,0.04826312441841338,-0.5800000000000018,-2.6629935720844933,3.07621671258034
2025-10-31,21.69,21.98,20.4,21.35,109521078.0,2330678239.0,1510497256.0,0.07250663817160884,0.15000000000000213,0.70754716981134,7.452830188679255
2025-11-03,21.04,21.45,20.44,21.31,71125526.0,1492773671.0,1510497256.0,0.04708749103480662,-0.0400000000000027,-0.18735362997659433,4.730679156908655
2025-11-04,21.36,22.05,20.88,21.29,90724069.0,1945770932.0,1510497256.0,0.06006238583991178,-0.019999999999999574,-0.0938526513374005,5.490380103237925
2025-11-05,20.48,21.83,20.41,21.64,76093937.0,1607520854.0,1510497256.0,0.05037674626533714,0.3500000000000014,1.6439643024894313,6.669798027242829
2025-11-06,21.73,22.03,21.19,21.96,104112017.0,2261873026.0,1510497256.0,0.06892565781662036,0.3200000000000003,1.4787430683918634,3.88170055452865
2025-11-07,21.63,23.13,21.5,22.56,136989141.0,3072434421.0,1510497256.0,0.09069141996508201,0.5999999999999979,2.7322404371584508,7.422586520947172
2025-11-10,22.56,22.88,20.98,21.75,113754903.0,2487805260.0,1510497256.0,0.07530957275701268,-0.8099999999999987,-3.590425531914887,8.42198581560283
2025-11-11,22.58,23.93,22.35,23.06,265471997.0,6155312415.0,1510497256.0,0.17575139308958798,1.3099999999999987,6.022988505747118,7.264367816091946
2025-11-12,22.07,22.27,20.86,21.21,169444437.0,3636938925.0,1510497256.0,0.11217791778630017,-1.8499999999999979,-8.022549869904584,6.114483954900261
2025-11-13,21.03,21.67,20.81,21.02,90458888.0,1919904557.0,1510497256.0,0.05988682709662599,-0.19000000000000128,-0.8958038661008971,4.054691183404069
2025-11-14,20.58,20.62,19.86,20.18,77602932.0,1571895757.0,1510497256.0,0.051375751721325864,-0.8399999999999999,-3.9961941008563318,3.615604186489066
2025-11-17,20.17,21.38,20.06,20.99,82404865.0,1730787642.0,1510497256.0,0.05455479291516171,0.8099999999999987,4.0138751238850245,6.541129831516354
2025-11-18,20.78,21.84,20.66,21.14,76124192.0,1624627193.0,1510497256.0,0.05039677609318345,0.15000000000000213,0.7146260123868542,5.621724630776559
2025-11-19,20.99,21.26,20.38,20.56,52039687.0,1081157543.0,1510497256.0,0.03445202352621818,-0.5800000000000018,-2.7436140018921584,4.162724692526029
2025-11-20,21.09,21.18,19.66,19.84,72544146.0,1461259631.0,1510497256.0,0.0480266652003769,-0.7199999999999989,-3.5019455252918275,7.392996108949415
2025-11-21,19.28,19.55,18.61,18.64,76069471.0,1450203595.0,1510497256.0,0.050360548950245825,-1.1999999999999993,-6.048387096774189,4.737903225806458
2025-11-24,18.84,19.65,18.4,19.21,73270072.0,1388713238.0,1510497256.0,0.04850725263416169,0.5700000000000003,3.057939914163099,6.706008583690987
2025-11-25,19.27,20.4,19.11,20.08,92446166.0,1843940128.0,1510497256.0,0.06120247198913151,0.8699999999999974,4.528891202498686,6.71525247267048
2025-11-26,19.87,20.54,19.74,19.92,69761558.0,1403594019.0,1510497256.0,0.04618449833185265,-0.1599999999999966,-0.7968127490039723,3.9840637450199243
2025-11-27,19.98,20.6,19.88,20.17,77297887.0,1569260176.0,1510497256.0,0.05117380166892538,0.25,1.2550200803212785,3.614457831325313
2025-11-28,20.08,21.85,20.05,21.5,118874995.0,2525239226.0,1510497256.0,0.07869924591243349,1.3299999999999983,6.593951412989574,8.924144769459597
2025-12-01,21.72,22.07,21.52,21.73,83291064.0,1816973261.0,1510497256.0,0.05514148646689101,0.23000000000000043,1.0697674418604697,2.5581395348837246
2025-12-02,21.77,21.93,21.39,21.45,62563709.0,1353179252.0,1510497256.0,0.041419280142009074,-0.28000000000000114,-1.2885411872986752,2.485043718361708
2025-12-03,21.58,21.95,21.16,21.31,65214676.0,1405778415.0,1510497256.0,0.043174309480506594,-0.14000000000000057,-0.6526806526806594,3.6829836829836795
2025-12-04,21.2,21.85,21.05,21.52,56228653.0,1207182127.0,1510497256.0,0.037225259944464274,0.21000000000000085,0.9854528390426998,3.754106053496015
2025-12-05,21.48,21.56,20.68,21.3,58073570.0,1229446188.0,1510497256.0,0.038446657065625285,-0.21999999999999886,-1.0223048327137496,4.0892193308550135
2025-12-08,21.38,21.98,21.24,21.73,76885594.0,1670951095.0,1510497256.0,0.05090084983246074,0.4299999999999997,2.0187793427230094,3.474178403755878
2025-12-09,21.63,22.22,21.46,21.88,83481469.0,1823421319.0,1510497256.0,0.05526754098254383,0.14999999999999858,0.6902899217671399,3.4974689369535112
2025-12-10,21.73,22.05,21.52,21.83,69791958.0,1520969861.0,1510497256.0,0.04620462415457708,-0.05000000000000071,-0.22851919561243106,2.4223034734917785
2025-12-11,21.71,21.84,20.63,20.65,89727962.0,1894039795.0,1510497256.0,0.05940292949462995,-1.1799999999999997,-5.405405405405405,5.542830966559785
2025-12-12,20.59,20.64,19.46,20.15,97103012.0,1941088781.0,1510497256.0,0.06428546070791406,-0.5,-2.421307506053272,5.7142857142857135
2025-12-15,19.97,20.13,19.43,19.49,61822028.0,1218744011.0,1510497256.0,0.040928262368190624,-0.6600000000000001,-3.2754342431761785,3.473945409429277
2025-12-16,19.44,19.64,18.93,19.14,51810500.0,993688908.0,1510497256.0,0.03430029402185157,-0.34999999999999787,-1.7957927142124075,3.6428937916880497
2025-12-17,19.14,19.62,18.95,19.6,64975962.0,1251776693.0,1510497256.0,0.04301627278163026,0.46000000000000085,2.4033437826541215,3.5005224660397163
2025-12-18,19.25,19.84,19.09,19.28,47588075.0,925837239.0,1510497256.0,0.031504906619969394,-0.3200000000000003,-1.6326530612244872,3.8265306122448974
2025-12-19,19.56,19.73,19.11,19.18,51912169.0,1005343834.0,1510497256.0,0.0343676023202256,-0.10000000000000142,-0.5186721991701337,3.2157676348547772
2025-12-22,19.29,20.32,19.28,20.04,73643579.0,1467774630.0,1510497256.0,0.04875452683377798,0.8599999999999994,4.483837330552665,5.422314911366001
2025-12-23,19.95,20.5,19.73,20.12,65985249.0,1322132463.0,1510497256.0,0.04368445473031697,0.08000000000000185,0.3992015968063978,3.8423153692614753
2025-12-24,20.11,21.53,20.06,21.19,101165440.0,2107982117.0,1510497256.0,0.06697492471313699,1.0700000000000003,5.318091451292251,7.306163021868799
2025-12-25,21.09,21.36,20.74,20.91,54488893.0,1144472521.0,1510497256.0,0.03607348029502147,-0.28000000000000114,-1.321378008494578,2.9259084473808445
2025-12-26,20.98,22.31,20.53,21.53,128972230.0,2768412402.0,1510497256.0,0.08538395517614895,0.620000000000001,2.965088474414168,8.512673362027726
2025-12-29,21.5,22.26,21.13,21.9,122252738.0,2665042793.0,1510497256.0,0.08093542541331171,0.36999999999999744,1.718532280538776,5.248490478402241
2025-12-30,21.83,22.2,21.54,21.68,76104942.0,1663335723.0,1510497256.0,0.05038403194557012,-0.21999999999999886,-1.0045662100456543,3.0136986301369872
2025-12-31,21.79,21.86,21.11,21.15,60159175.0,1284388452.0,1509884506.0,0.0398435607233127,-0.5300000000000011,-2.4446494464944735,3.4594095940959413
2026-01-05,21.41,22.44,21.03,22.25,111068425.0,2431779127.0,1509884506.0,0.07356087472825554,1.1000000000000014,5.200945626477549,6.666666666666668
2026-01-06,22.25,22.36,21.56,21.83,87040661.0,1906539374.0,1509884506.0,0.057647231065764706,-0.4200000000000017,-1.8876404494382104,3.595505617977531
2026-01-07,21.91,22.82,21.91,22.29,97728650.0,2182221350.0,1509884506.0,0.0647259108969226,0.46000000000000085,2.1071919377004145,4.168575355016034
2026-01-08,22.07,22.87,21.88,22.24,85033950.0,1904159154.0,1509884506.0,0.056318181729854776,-0.05000000000000071,-0.22431583669807464,4.441453566621813
2026-01-09,22.11,23.1,21.38,22.47,110462145.0,2467220712.0,1509884506.0,0.07315933408220562,0.23000000000000043,1.0341726618705138,7.733812949640299
2026-01-12,22.89,23.56,22.71,22.96,101295065.0,2345278498.0,1509884506.0,0.06708795579891857,0.490000000000002,2.180685358255463,3.7828215398308767
2026-01-13,22.98,22.98,21.88,22.08,99488892.0,2218663878.0,1509884506.0,0.06589172324416183,-0.8800000000000026,-3.832752613240431,4.790940766550529
2026-01-14,22.09,22.73,21.83,22.38,111752456.0,2490348830.0,1509884506.0,0.07401391004140816,0.3000000000000007,1.3586956521739246,4.076086956521749
2026-01-15,22.24,22.83,22.02,22.73,79670110.0,1789309514.0,1509884506.0,0.05276569809373221,0.3500000000000014,1.5638963360143032,3.619302949061657
2026-01-16,22.98,23.66,22.9,23.34,95007145.0,2212456346.0,1509884506.0,0.06292345184181922,0.6099999999999994,2.68367795864497,3.343598768147829
2026-01-19,23.77,24.98,23.44,24.2,132772188.0,3214199413.0,1509884506.0,0.08793532715408896,0.8599999999999994,3.6846615252784876,6.598114824335901
2026-01-20,24.15,24.66,23.06,23.48,112472308.0,2654894920.0,1509884506.0,0.07449066968569847,-0.7199999999999989,-2.975206611570247,6.61157024793389
2026-01-21,23.2,25.83,23.2,25.43,207903001.0,5225163260.0,1509884506.0,0.1376946383473916,1.9499999999999993,8.30494037478704,11.201022146507663
2026-01-22,25.85,26.09,25.16,25.85,146477724.0,3751157837.0,1509884506.0,0.09701253534156075,0.4200000000000017,1.6515926071569043,3.657097915847423
2026-01-23,25.77,25.78,24.89,25.09,128827192.0,3249704640.0,1509884506.0,0.08532254718030731,-0.7600000000000016,-2.940038684719537,3.4429400386847213
2026-01-26,25.27,25.32,23.66,24.47,134877608.0,3284650393.0,1509884506.0,0.08932975168896792,-0.620000000000001,-2.471104025508175,6.6161817457154255
2026-01-27,24.42,24.95,23.48,24.8,105127714.0,2562759851.0,1509884506.0,0.0696263280947927,0.33000000000000185,1.3485901103392095,6.007355946056391
2026-01-28,24.82,25.08,24.18,24.4,68670276.0,1683397652.0,1509884506.0,0.045480482597918655,-0.40000000000000213,-1.6129032258064613,3.6290322580645102
2026-01-29,24.26,24.95,23.48,23.56,89915736.0,2168781499.0,1509884506.0,0.05955139988700566,-0.8399999999999999,-3.4426229508196737,6.024590163934422
2026-01-30,23.3,23.96,22.68,23.57,75562672.0,1768319769.0,1509884506.0,0.05004533240769609,0.010000000000001563,0.04244482173174635,5.432937181663842
2026-02-02,22.99,23.68,21.99,22.01,94773778.0,2146708815.0,1509884506.0,0.06276889233804747,-1.5599999999999987,-6.61858294442087,7.1701315231226195
2026-02-03,22.39,23.23,22.29,23.15,84528542.0,1929023094.0,1509884506.0,0.05598344884267592,1.139999999999997,5.179463880054502,4.270786006360751
2026-02-04,22.89,23.03,22.49,22.82,45696256.0,1039868451.0,1509884506.0,0.03026473602345847,-0.3299999999999983,-1.4254859611231074,2.332613390928737
2026-02-05,22.46,22.53,21.37,21.8,83692757.0,1830434755.0,1509884506.0,0.05542990650438531,-1.0199999999999996,-4.469763365468882,5.083260297984225
2026-02-06,21.64,22.88,21.39,22.17,61669383.0,1371206515.0,1509884506.0,0.04084377497413699,0.370000000000001,1.6972477064220337,6.834862385321093
2026-02-09,22.48,22.62,22.19,22.35,49967629.0,1120209252.0,1509884506.0,0.03309367623910169,0.17999999999999972,0.8119079837618282,1.9395579612088394
2026-02-10,22.38,22.84,22.24,22.27,49104891.0,1104885581.0,1509884506.0,0.032522282866581056,-0.08000000000000185,-0.35794183445191363,2.684563758389268
2026-02-11,22.14,22.68,21.9,21.94,50571127.0,1123577245.0,1509884506.0,0.03349337436011811,-0.3299999999999983,-1.4818140996856632,3.5024696901661483
2026-02-12,22.2,22.88,21.88,22.74,70941797.0,1596171496.0,1509884506.0,0.04698491620921369,0.7999999999999972,3.6463081130355457,4.557885141294439
2026-02-13,22.58,23.46,22.51,22.86,61934347.0,1427748053.0,1509884506.0,0.041019261244078224,0.120000000000001,0.5277044854881341,4.177660510114333
2026-02-24,23.68,25.11,23.48,24.93,159966418.0,3939925403.0,1509884506.0,0.10594612857097561,2.0700000000000003,9.055118110236226,7.13035870516185
2026-02-25,24.88,26.72,24.68,26.28,179316658.0,4669510183.0,1509884506.0,0.11876183727128067,1.3500000000000014,5.4151624548736566,8.182912154031284
2026-02-26,26.24,27.32,25.85,26.82,133431103.0,3559853162.0,1509884506.0,0.0883717280823597,0.5399999999999991,2.054794520547931,5.593607305936069
2026-02-27,26.08,26.36,25.38,25.95,112678895.0,2917533146.0,1509884506.0,0.07462749273354025,-0.870000000000001,-3.2438478747203625,3.6539895600298298
2026-03-02,25.48,26.98,25.48,26.35,127740624.0,3393659956.0,1509884506.0,0.08460291068116968,0.40000000000000213,1.5414258188824803,5.780346820809249
2026-03-03,26.48,26.97,24.48,24.54,126909196.0,3204808792.0,1509884506.0,0.08405225399405483,-1.8100000000000023,-6.869070208728656,9.449715370018968
2026-03-04,24.1,25.75,24.1,24.74,112929497.0,2824929897.0,1509884506.0,0.0747934670176687,0.1999999999999993,0.8149959250203676,6.723716381418088
2026-03-05,25.66,26.32,25.24,25.51,103076640.0,2653382312.0,1509884506.0,0.06826789704139133,0.7700000000000031,3.1123686337914513,4.365400161681495
2026-03-06,25.26,25.67,24.74,25.07,78980518.0,1984388071.0,1509884506.0,0.052308979717419525,-0.4400000000000013,-1.724813798510394,3.6456291650333332
2026-03-09,23.85,24.04,22.56,23.73,148288650.0,3436610265.0,1509884506.0,0.09821191581920902,-1.3399999999999999,-5.34503390506581,5.903470283207022
2026-03-10,24.28,24.78,24.1,24.57,82152871.0,2013501606.0,1509884506.0,0.054410036445529296,0.8399999999999999,3.539823008849563,2.865571007163926
2026-03-11,24.48,25.07,24.18,24.4,64345975.0,1580837193.0,1509884506.0,0.04261648804547703,-0.1700000000000017,-0.6919006919007042,3.6223036223036242
2026-03-12,24.34,24.48,23.31,23.64,64321616.0,1530331911.0,1509884506.0,0.042600355023445745,-0.759999999999998,-3.1147540983606503,4.795081967213122
2026-03-13,23.43,24.72,23.13,23.92,90641874.0,2173123995.0,1509884506.0,0.06003232276363262,0.28000000000000114,1.1844331641285955,6.725888324873096
2026-03-16,23.82,24.05,22.93,23.9,83942485.0,1965581037.0,1509884506.0,0.055595301936292606,-0.020000000000003126,-0.08361204013379586,4.682274247491643
2026-03-17,24.31,24.4,22.57,22.57,95824017.0,2215847422.0,1509884506.0,0.06346446805647266,-1.3299999999999983,-5.56485355648535,7.6569037656903705
2026-03-18,22.79,23.23,22.53,23.18,68942784.0,1583761139.0,1509884506.0,0.045660965276505726,0.6099999999999994,2.7027027027026973,3.101462117855557
2026-03-19,22.58,22.87,22.24,22.39,60625423.0,1364727273.0,1509884506.0,0.04015235785193229,-0.7899999999999991,-3.4081104400345064,2.7178602243313312
2026-03-20,22.44,22.85,21.64,21.65,66202758.0,1470500327.0,1509884506.0,0.04384623972027169,-0.740000000000002,-3.3050468959356927,5.40419830281376
2026-03-23,21.23,21.51,20.28,20.42,69052178.0,1439005639.0,1509884506.0,0.0457334171756843,-1.2299999999999969,-5.681293302540402,5.681293302540418
2026-03-24,20.83,20.93,19.98,20.87,56809126.0,1166096776.0,1509884506.0,0.037624815523472896,0.4499999999999993,2.203721841332018,4.652301665034276
2026-03-25,21.03,21.5,20.99,21.08,49739856.0,1058100073.0,1509884506.0,0.03294282165446633,0.2099999999999973,1.0062290368950455,2.4436990896023074
2026-03-26,21.08,21.22,20.5,20.62,44433308.0,927726686.0,1509884506.0,0.02942828264243411,-0.4599999999999973,-2.182163187855779,3.41555977229601
2026-03-27,20.12,20.85,20.01,20.68,35184824.0,721533370.0,1509884506.0,0.023302990301696625,0.05999999999999872,0.29097963142579175,4.073714839961202
2026-03-30,20.24,20.63,20.03,20.54,38566327.0,784749073.0,1509884506.0,0.02554256755847523,-0.14000000000000057,-0.6769825918762074,2.901353965183742
2026-03-31,20.54,20.92,19.96,20.03,46823931.0,953255541.0,1509884506.0,0.031011597783757904,-0.509999999999998,-2.4829600778967786,4.67380720545278
2026-04-01,20.58,20.66,20.26,20.6,41722174.0,855019326.0,1509884506.0,0.02763269232461413,0.5700000000000003,2.845731402895657,1.9970044932601028
2026-04-02,20.39,20.53,19.58,19.73,51279287.0,1024702788.0,1509884506.0,0.03396239036577014,-0.870000000000001,-4.2233009708737885,4.611650485436907
2026-04-03,19.88,19.93,19.49,19.63,35889206.0,708931864.0,1509884506.0,0.023769504129211853,-0.10000000000000142,-0.5068423720223092,2.230106436898131
2026-04-07,19.98,20.41,19.92,20.25,50836340.0,1027660377.0,1509884506.0,0.03366902554333517,0.620000000000001,3.1584309730005256,2.4961793173713627
2026-04-08,21.03,21.74,20.79,21.73,80463535.0,1720180969.0,1509884506.0,0.0532911853060634,1.4800000000000004,7.30864197530865,4.691358024691355
2026-04-09,21.47,22.14,21.3,22.06,78622927.0,1718985971.0,1509884506.0,0.05207214637117417,0.3299999999999983,1.5186378278877033,3.8656235618959958
2026-04-10,22.1,23.54,22.1,22.92,107764096.0,2459505462.0,1509884506.0,0.0713724099901453,0.860000000000003,3.89845874886674,6.527651858567533
2026-04-13,22.59,25.21,22.53,25.21,204221545.0,4947290318.0,1509884506.0,0.1352564015250581,2.289999999999999,9.991273996509587,11.692844677137868
2026-04-14,24.96,25.98,24.81,25.4,228363496.0,5817392573.0,1509884506.0,0.15124567150171153,0.18999999999999773,0.7536691788972538,4.641015470051574
2026-04-15,25.37,25.64,24.55,24.68,125639338.0,3149769224.0,1509884506.0,0.08321122410405078,-0.7199999999999989,-2.8346456692913358,4.291338582677165
2026-04-16,24.69,25.44,24.58,24.91,92618959.0,2315533289.0,1509884506.0,0.0613417507312311,0.23000000000000043,0.9319286871961152,3.4846029173419897
2026-04-17,24.96,26.36,24.81,26.13,143358611.0,3702130845.0,1509884506.0,0.09494673958857089,1.2199999999999989,4.897631473303887,6.222400642312327
2026-04-20,26.58,27.26,26.34,26.53,127859519.0,3416041718.0,1509884506.0,0.08468165511461974,0.40000000000000213,1.5308075009567546,3.5208572522005426
2026-04-21,26.28,28.58,25.94,28.19,161383701.0,4391237939.0,1509884506.0,0.10688479837940665,1.6600000000000001,6.2570674707877805,9.950998869204662
2026-04-22,28.98,29.46,27.73,28.61,168119986.0,4784563142.0,1509884506.0,0.11134625551287033,0.41999999999999815,1.489890031926211,6.136927988648458
2026-04-23,29.03,29.47,27.98,28.38,117689092.0,3370055575.0,1509884506.0,0.07794575779294738,-0.23000000000000043,-0.8039147151345682,5.207969241523937
2026-04-24,28.38,29.23,26.96,28.5,156347947.0,4404386695.0,1517930431.0,0.1030007329762796,0.120000000000001,0.42283298097252064,7.9985905567300914
2026-04-27,28.28,30.36,28.16,29.21,198532974.0,5836850425.0,1517930431.0,0.1307918794863399,0.7100000000000009,2.491228070175433,7.719298245614032
2026-04-28,28.97,29.15,27.59,27.86,149070289.0,4217032329.0,1517930431.0,0.09820627214238911,-1.3500000000000014,-4.6217048955837114,5.340636768230054
2026-04-29,27.45,27.98,26.98,27.44,107805929.0,2965954276.0,1517930431.0,0.07102165342912214,-0.41999999999999815,-1.5075376884422065,3.589375448671931
2026-04-30,27.45,27.97,26.26,27.69,138242210.0,3754869406.0,1517930431.0,0.0910728233499655,0.25,0.9110787172011747,6.231778425655967
2026-05-06,29.63,30.46,29.34,29.45,210739449.0,6320633608.0,1517930431.0,0.1388334041509179,1.759999999999998,6.356085229324648,4.044781509570245
2026-05-07,29.57,32.39,29.18,32.39,179336065.0,5625782101.0,1517930431.0,0.11814511478095534,2.9400000000000013,9.983022071307301,10.899830220713076
2026-05-08,32.19,32.71,31.54,31.98,141945428.0,4558747422.0,1517930431.0,0.09351247270699194,-0.41000000000000014,-1.2658227848101222,3.6122259956776834
2026-05-11,33.17,33.58,32.27,33.14,150036491.0,4966367853.0,1517930431.0,0.0988427980201683,1.1600000000000001,3.6272670419011943,4.096310193871154
2026-05-12,33.67,34.22,32.52,33.42,141054939.0,4690459417.0,1517930431.0,0.09292582592673511,0.28000000000000114,0.8449004224502232,5.129752564876269
2026-05-13,32.57,34.47,32.2,34.16,154490863.0,5211811127.0,1517930431.0,0.1017773014130975,0.7399999999999949,2.214242968282454,6.792339916217821
2026-05-14,34.28,34.71,32.47,32.68,135653134.0,4561996114.0,1517930431.0,0.08936716151782585,-1.4799999999999969,-4.332552693208425,6.557377049180333
2026-05-15,32.98,33.84,31.11,31.46,137044010.0,4410497925.0,1517930431.0,0.09028345911065011,-1.2199999999999989,-3.733170134638919,8.353733170134651
2026-05-18,31.48,33.88,30.97,33.58,143959295.0,4723251538.0,1517930431.0,0.09483919161246461,2.1199999999999974,6.738715829624908,9.249841068022898
2026-05-19,32.28,32.97,31.33,32.8,121709324.0,3932790787.0,1517930431.0,0.08018109493978516,-0.7800000000000011,-2.3228111971411614,4.8838594401429445
2026-05-20,32.57,33.77,31.98,33.51,131044815.0,4339395168.0,1517930431.0,0.08633123911592494,0.7100000000000009,2.164634146341471,5.45731707317074
2026-05-21,33.51,36.38,32.75,33.26,228554869.0,7931707714.0,1517930431.0,0.1505700553413571,-0.25,-0.7460459564309185,10.83258728737691
2026-05-22,35.54,35.96,34.48,35.39,189006129.0,6659703795.0,1517930431.0,0.12451567287934555,2.1300000000000026,6.4040889957907465,4.449789536981371
2026-05-25,35.97,38.17,35.4,38.09,198868829.0,7418303690.0,1517930431.0,0.1310131379795758,2.700000000000003,7.629273806159942,7.82706979372705
2026-05-26,37.47,39.47,37.02,38.08,199836064.0,7634159959.0,1517930431.0,0.13165034438920212,-0.010000000000005116,-0.02625360987137393,6.43213441848253
2026-05-27,37.8,38.42,36.16,36.99,164631726.0,6145627274.0,1517930431.0,0.10845801799463364,-1.0899999999999963,-2.862394957983183,5.9348739495798455
2026-05-28,36.0,36.65,35.15,36.34,127886788.0,4613828301.0,1517930431.0,0.08425075707570422,-0.6499999999999986,-1.7572316842389801,4.0551500405515
2026-05-29,37.06,39.97,37.06,38.68,275916923.0,10720578117.0,1517930431.0,0.18177178437501132,2.3399999999999963,6.439185470555842,8.007705008255355
2026-06-01,38.5,40.2,37.15,38.62,231715001.0,9004103277.0,1517930431.0,0.15265192413814913,-0.060000000000002274,-0.15511892450880138,7.885211995863505
2026-06-02,37.23,42.48,37.01,42.22,241029811.0,9735964965.0,1517930431.0,0.15878844384272048,3.6000000000000014,9.321595028482665,14.163645779388917
2026-06-03,42.33,42.6,39.13,39.82,225278822.0,9253281581.0,1517930431.0,0.14841182270230144,-2.3999999999999986,-5.684509711037422,8.218853623874939
2026-06-04,39.51,42.5,39.5,40.87,184364833.0,7559114434.0,1517930431.0,0.12145802550288289,1.0499999999999972,2.6368658965344016,7.5339025615268715
2026-06-05,39.5,40.39,37.5,37.9,185220338.0,7184962299.0,1517930431.0,0.12202162511359521,-2.969999999999999,-7.266943968681183,7.071201370198191
2026-06-08,35.01,38.88,35.01,37.0,142685777.0,5310491314.0,1517930431.0,0.0940002084983564,-0.8999999999999986,-2.37467018469657,10.211081794195263
2026-06-09,37.99,38.35,36.6,38.15,132603149.0,4979405836.0,1517930431.0,0.08735785665265446,1.1499999999999986,3.1081081081081097,4.72972972972973
2026-06-10,38.19,39.96,36.3,37.28,155084695.0,5922673809.0,1517930431.0,0.10216851301797243,-0.8699999999999974,-2.2804718217562137,9.593709043250339
2026-06-11,36.96,38.0,35.5,36.75,127981515.0,4659339819.0,1517930431.0,0.08431316243899718,-0.5300000000000011,-1.4216738197424972,6.706008583690987
2026-06-12,37.89,39.2,36.88,37.8,190258796.0,7273529703.0,1517930431.0,0.12534091952729287,1.0499999999999972,2.857142857142847,6.312925170068027
2026-06-15,38.2,40.13,37.33,40.09,161510162.0,6352671182.0,1517930431.0,0.1064015574769118,2.2900000000000063,6.058201058201074,7.40740740740742
2026-06-16,39.99,44.1,39.68,44.1,201324358.0,8688812045.0,1517930431.0,0.13263082015383879,4.009999999999998,10.002494387627836,11.025193315041161
2026-06-17,45.01,48.51,45.01,47.8,258119628.0,12237938183.0,1517930431.0,0.17004707378450337,3.6999999999999957,8.39002267573694,7.936507936507936
2026-06-18,46.9,52.58,45.58,52.06,239802619.0,11770216347.0,1517930431.0,0.1579799799138489,4.260000000000005,8.912133891213392,14.644351464435148
