date,open,high,low,close,volume,amount,outstanding_share,turnover,change,pct_chg,amplitude
2023-03-06,2.57,2.61,2.53,2.55,23366200.0,59963555.0,1140742056.0,0.020483333525839604,,,
2023-03-07,2.56,2.56,2.48,2.49,14122080.0,35590196.0,1140742056.0,0.012379731180876178,-0.05999999999999961,-2.3529411764705688,3.137254901960787
2023-03-08,2.5,2.53,2.47,2.53,10936560.0,27431381.0,1140742056.0,0.009587233101888899,0.03999999999999959,1.6064257028112205,2.4096385542168517
2023-03-09,2.56,2.56,2.51,2.55,13235359.0,33634619.0,1140742056.0,0.011602411719972564,0.020000000000000018,0.7905138339920903,1.976284584980248
2023-03-10,2.54,2.55,2.51,2.52,8181360.0,20640366.0,1140742056.0,0.007171963159391048,-0.029999999999999805,-1.17647058823529,1.5686274509803935
2023-03-13,2.5,2.52,2.46,2.49,10212980.0,25417052.0,1140742056.0,0.008952926690378811,-0.029999999999999805,-1.1904761904761862,2.3809523809523827
2023-03-14,2.5,2.51,2.47,2.5,10202680.0,25428937.0,1140742056.0,0.008943897480010152,0.009999999999999787,0.40160642570279403,1.6064257028112285
2023-03-15,2.5,2.56,2.49,2.54,10744959.0,27171750.0,1140742056.0,0.009419271379962168,0.040000000000000036,1.6000000000000014,2.7999999999999936
2023-03-16,2.55,2.56,2.52,2.53,12371426.0,31398372.0,1140742056.0,0.010845068729542834,-0.010000000000000231,-0.3937007874015852,1.5748031496063006
2023-03-17,2.55,2.56,2.52,2.53,8845800.0,22454561.0,1140742056.0,0.007754426124182451,0.0,0.0,1.5810276679841913
2023-03-20,2.55,2.55,2.51,2.53,7992980.0,20194070.0,1140742056.0,0.007006825038104846,0.0,0.0,1.5810276679841913
2023-03-21,2.53,2.56,2.53,2.56,12424820.0,31568046.0,1140742056.0,0.01089187510414712,0.03000000000000025,1.1857707509881577,1.1857707509881523
2023-03-22,2.56,2.57,2.54,2.56,9354144.0,23875017.0,1140742056.0,0.008200051844148017,0.0,0.0,1.1718749999999925
2023-03-23,2.57,2.57,2.54,2.55,6265280.0,15999560.0,1140742056.0,0.005492284576558121,-0.010000000000000231,-0.3906250000000111,1.1718749999999925
2023-03-24,2.56,2.56,2.53,2.55,9266680.0,23568336.0,1140742056.0,0.008123378945537886,0.0,0.0,1.176470588235304
2023-03-27,2.56,2.56,2.49,2.5,13317226.0,33569784.0,1140742056.0,0.011674178163200814,-0.04999999999999982,-1.9607843137254832,2.7450980392156805
2023-03-28,2.51,2.51,2.46,2.48,7150051.0,17761660.0,1140742056.0,0.00626789462384825,-0.020000000000000018,-0.8000000000000007,1.9999999999999927
2023-03-29,2.47,2.48,2.39,2.41,14033600.0,34169608.0,1140742056.0,0.012302167633942304,-0.06999999999999984,-2.822580645161288,3.6290322580645102
2023-03-30,2.4,2.42,2.33,2.33,12934700.0,30516556.0,1140742056.0,0.011338847316066693,-0.08000000000000007,-3.319502074688796,3.73443983402489
2023-03-31,2.33,2.38,2.32,2.36,6688704.0,15773566.0,1140742056.0,0.005863467525212378,0.029999999999999805,1.2875536480686511,2.5751072961373414
2023-04-03,2.37,2.39,2.34,2.35,6368540.0,15044164.0,1140742056.0,0.005582804602059837,-0.009999999999999787,-0.4237288135593098,2.1186440677966214
2023-04-04,2.35,2.36,2.28,2.34,13967700.0,32472476.0,1140742056.0,0.012244398220030208,-0.010000000000000231,-0.42553191489362874,3.404255319148939
2023-04-06,2.32,2.34,2.28,2.3,7743267.0,17818914.0,1140742056.0,0.006787921037251563,-0.040000000000000036,-1.7094017094017144,2.5641025641025665
2023-04-07,2.3,2.32,2.28,2.32,6631680.0,15262016.0,1140742056.0,0.0058134790114199135,0.020000000000000018,0.8695652173912993,1.7391304347826104
2023-04-10,2.32,2.32,2.27,2.27,9190400.0,21052350.0,1140742056.0,0.00805651019146786,-0.04999999999999982,-2.155172413793094,2.155172413793096
2023-04-11,2.27,2.28,2.24,2.26,8018180.0,18109091.0,1140742056.0,0.007028915921725253,-0.010000000000000231,-0.440528634361248,1.762114537444916
2023-04-12,2.26,2.31,2.25,2.3,7184900.0,16424744.0,1140742056.0,0.0062984440366771225,0.040000000000000036,1.7699115044247815,2.654867256637171
2023-04-13,2.3,2.31,2.24,2.26,11489700.0,26047686.0,1140742056.0,0.010072127997356836,-0.040000000000000036,-1.7391304347826098,3.0434782608695583
2023-04-14,2.26,2.27,2.23,2.24,9157800.0,20536504.0,1140742056.0,0.008027932302339873,-0.019999999999999574,-0.8849557522123686,1.7699115044247804
2023-04-17,2.24,2.24,2.2,2.22,9055840.0,20077493.0,1140742056.0,0.007938551885913813,-0.020000000000000018,-0.8928571428571397,1.785714285714287
2023-04-18,2.23,2.24,2.2,2.21,7812787.0,17292282.0,1140742056.0,0.006848863824128178,-0.010000000000000231,-0.45045045045045695,1.8018018018018032
2023-04-19,2.21,2.25,2.2,2.23,10175924.0,22626236.0,1140742056.0,0.00892044257198842,0.020000000000000018,0.9049773755656076,2.262443438914019
2023-04-20,2.24,2.24,2.19,2.2,8315790.0,18350255.0,1140742056.0,0.00728980750403753,-0.029999999999999805,-1.3452914798206206,2.242152466367725
2023-04-21,2.21,2.22,2.12,2.12,11259920.0,24392270.0,1140742056.0,0.009870697710122823,-0.08000000000000007,-3.6363636363636376,4.545454545454549
2023-04-24,2.12,2.18,2.08,2.13,8823281.0,18787147.0,1140742056.0,0.007734685465124992,0.009999999999999787,0.4716981132075304,4.7169811320754755
2023-04-25,2.14,2.15,2.08,2.1,8728605.0,18409334.0,1140742056.0,0.007651690366012069,-0.029999999999999805,-1.4084507042253391,3.2863849765258144
2023-04-26,2.1,2.15,2.09,2.13,8960875.0,18996428.0,1140742056.0,0.007855303442937148,0.029999999999999805,1.4285714285714235,2.8571428571428594
2023-04-27,2.13,2.16,2.11,2.12,8380145.0,17923838.0,1140742056.0,0.007346222536394328,-0.009999999999999787,-0.46948356807510194,2.3474178403755994
2023-04-28,2.16,2.31,2.13,2.29,30608444.0,69192961.0,1140742056.0,0.026832046595466275,0.16999999999999993,8.018867924528305,8.490566037735855
2023-05-04,2.27,2.44,2.27,2.38,29502625.0,70186556.0,1140742056.0,0.025862660927441074,0.08999999999999986,3.9301310043668103,7.423580786026197
2023-05-05,2.4,2.42,2.33,2.35,13095000.0,30769805.0,1140742056.0,0.011479369881318726,-0.029999999999999805,-1.2605042016806678,3.781512605042011
2023-05-08,2.35,2.38,2.33,2.34,11959468.0,28127884.0,1140742056.0,0.01048393713293586,-0.010000000000000231,-0.42553191489362874,2.1276595744680775
2023-05-09,2.33,2.35,2.29,2.29,13205700.0,30545558.0,1140742056.0,0.011576411977222659,-0.04999999999999982,-2.136752136752129,2.5641025641025665
2023-05-10,2.29,2.3,2.26,2.27,10372300.0,23612501.0,1140742056.0,0.009092590165712273,-0.020000000000000018,-0.8733624454148492,1.746724890829696
2023-05-11,2.27,2.31,2.26,2.3,10229334.0,23317949.0,1140742056.0,0.008967262972550563,0.029999999999999805,1.3215859030836885,2.202643171806179
2023-05-12,2.29,2.29,2.24,2.25,7722060.0,17430317.0,1140742056.0,0.006769330506738151,-0.04999999999999982,-2.1739130434782483,2.173913043478253
2023-05-15,2.25,2.29,2.21,2.26,10962200.0,24597474.0,1140742056.0,0.009609709699350297,0.009999999999999787,0.4444444444444251,3.555555555555559
2023-05-16,2.25,2.25,2.21,2.22,6968660.0,15513664.0,1140742056.0,0.006108883216277248,-0.03999999999999959,-1.7699115044247593,1.7699115044247804
2023-05-17,2.22,2.26,2.21,2.25,8330200.0,18685999.0,1140742056.0,0.007302439632329993,0.029999999999999805,1.3513513513513375,2.2522522522522443
2023-05-18,2.26,2.26,2.23,2.24,6595640.0,14775189.0,1140742056.0,0.005781885541353268,-0.009999999999999787,-0.4444444444444362,1.3333333333333246
2023-05-19,2.24,2.25,2.22,2.24,6216200.0,13861964.0,1140742056.0,0.00544925995084028,0.0,0.0,1.3392857142857053
2023-05-22,2.23,2.34,2.22,2.33,22166975.0,50869406.0,1140742056.0,0.01943206606910616,0.08999999999999986,4.01785714285714,5.357142857142842
2023-05-23,2.33,2.35,2.3,2.32,12829700.0,29800634.0,1140742056.0,0.011246801967648328,-0.010000000000000231,-0.42918454935623185,2.1459227467811273
2023-05-24,2.3,2.35,2.29,2.33,11208655.0,25981824.0,1140742056.0,0.009825757664535514,0.010000000000000231,0.4310344827586299,2.5862068965517264
2023-05-25,2.33,2.35,2.27,2.33,12142240.0,28124606.0,1140742056.0,0.010644159155994157,0.0,0.0,3.433476394849788
2023-05-26,2.31,2.35,2.29,2.35,10720268.0,24874617.0,1140742056.0,0.009397626697125998,0.020000000000000018,0.8583690987124415,2.5751072961373414
2023-05-29,2.35,2.35,2.31,2.31,9650660.0,22445072.0,1140742056.0,0.00845998440159201,-0.040000000000000036,-1.7021276595744705,1.7021276595744694
2023-05-30,2.3,2.35,2.28,2.29,7994600.0,18430185.0,1140742056.0,0.007008245166337586,-0.020000000000000018,-0.8658008658008698,3.0303030303030427
2023-05-31,2.3,2.31,2.28,2.3,5954040.0,13658585.0,1140742056.0,0.005219444631398775,0.009999999999999787,0.4366812227074135,1.3100436681222816
2023-06-01,2.28,2.33,2.27,2.31,7739680.0,17908283.0,1140742056.0,0.006784776592825118,0.010000000000000231,0.43478260869567187,2.6086956521739157
2023-06-02,2.31,2.34,2.3,2.31,5761983.0,13356541.0,1140742056.0,0.005051083169673197,0.0,0.0,1.731601731601733
2023-06-05,2.32,2.32,2.29,2.3,7145380.0,16468583.0,1140742056.0,0.006263799920777182,-0.010000000000000231,-0.43290043290044045,1.2987012987012903
2023-06-06,2.29,2.3,2.23,2.25,9279600.0,20996060.0,1140742056.0,0.008134704906505174,-0.04999999999999982,-2.1739130434782483,3.0434782608695583
2023-06-07,2.25,2.38,2.23,2.34,22636322.0,52494804.0,1140742056.0,0.019843506146669146,0.08999999999999986,4.0000000000000036,6.6666666666666625
2023-06-08,2.35,2.43,2.34,2.38,22074540.0,52814634.0,1140742056.0,0.019351035480715196,0.040000000000000036,1.7094017094017033,3.8461538461538596
2023-06-09,2.37,2.39,2.32,2.33,11544800.0,27069639.0,1140742056.0,0.01012042988971733,-0.04999999999999982,-2.1008403361344463,2.9411764705882475
2023-06-12,2.33,2.35,2.3,2.32,7943380.0,18447171.0,1140742056.0,0.006963344568756743,-0.010000000000000231,-0.42918454935623185,2.1459227467811273
2023-06-13,2.33,2.35,2.31,2.32,6698800.0,15576211.0,1140742056.0,0.005872317904618395,0.0,0.0,1.7241379310344844
2023-06-14,2.3,2.53,2.23,2.49,56498443.0,135995907.0,1140742056.0,0.049527798771714614,0.17000000000000037,7.327586206896575,12.931034482758614
2023-06-15,2.5,2.65,2.48,2.63,92744445.0,241065604.0,1140742056.0,0.08130185479897832,0.13999999999999968,5.6224899598393385,6.827309236947787
2023-06-16,2.63,2.65,2.57,2.58,33838639.0,87876969.0,1140742056.0,0.029663707778649656,-0.04999999999999982,-1.9011406844106404,3.041825095057037
2023-06-19,2.6,2.62,2.54,2.56,20966500.0,53714934.0,1140742056.0,0.018379702834415354,-0.020000000000000018,-0.7751937984496138,3.1007751937984525
2023-06-20,2.53,2.56,2.42,2.44,25179900.0,62345380.0,1140742056.0,0.0220732635108528,-0.1200000000000001,-4.6875,5.468750000000004
2023-06-21,2.44,2.46,2.39,2.42,16598560.0,40185841.0,1140742056.0,0.014550668937553399,-0.020000000000000018,-0.8196721311475419,2.868852459016387
2023-06-26,2.39,2.66,2.39,2.57,81219445.0,210871005.0,1140742056.0,0.0711987820321056,0.1499999999999999,6.198347107438007,11.157024793388432
2023-06-27,2.56,2.61,2.52,2.53,42493640.0,108523589.0,1140742056.0,0.03725087523204282,-0.040000000000000036,-1.5564202334630406,3.5019455252918235
2023-06-28,2.55,2.62,2.52,2.54,24919040.0,63986667.0,1140742056.0,0.02184458780048695,0.010000000000000231,0.39525691699606735,3.9525691699604777
2023-06-29,2.55,2.63,2.52,2.59,25883900.0,66834843.0,1140742056.0,0.02269040565643878,0.04999999999999982,1.9685039370078705,4.330708661417318
2023-06-30,2.6,2.72,2.58,2.62,32148625.0,85237656.0,1173306415.0,0.027400024911651062,0.03000000000000025,1.1583011583011782,5.405405405405411
2023-07-03,2.62,2.65,2.59,2.6,16644080.0,43456735.0,1173306415.0,0.014185620897674884,-0.020000000000000018,-0.7633587786259555,2.2900763358778646
2023-07-04,2.6,2.64,2.58,2.6,13056879.0,34037689.0,1173306415.0,0.01112827717727939,0.0,0.0,2.3076923076923097
2023-07-05,2.59,2.62,2.55,2.57,10735800.0,27696038.0,1173306415.0,0.009150039463476384,-0.03000000000000025,-1.1538461538461608,2.692307692307703
2023-07-06,2.55,2.57,2.53,2.56,11790679.0,30120390.0,1173306415.0,0.010049104691889032,-0.009999999999999787,-0.38910505836574627,1.5564202334630364
2023-07-07,2.55,2.57,2.53,2.55,7579204.0,19335404.0,1173306415.0,0.006459697060464806,-0.010000000000000231,-0.3906250000000111,1.5625000000000013
2023-07-10,2.56,2.81,2.55,2.81,92454460.0,255762090.0,1173306415.0,0.07879822254274473,0.26000000000000023,10.196078431372557,10.196078431372559
2023-07-11,2.83,3.09,2.81,3.09,154119314.0,458908794.0,1173306415.0,0.13135470157639936,0.2799999999999998,9.964412811387891,9.964412811387893
2023-07-12,3.2,3.23,2.85,2.9,198703746.0,597642827.0,1173306415.0,0.16935366879418282,-0.18999999999999995,-6.148867313915851,12.297734627831712
2023-07-13,2.89,2.9,2.71,2.8,135599020.0,374525850.0,1173306415.0,0.11556999797022333,-0.10000000000000009,-3.4482758620689724,6.551724137931032
2023-07-14,2.77,3.08,2.77,2.96,237045357.0,706309699.0,1173306415.0,0.2020319278660042,0.16000000000000014,5.714285714285716,11.071428571428573
2023-07-17,2.83,2.94,2.77,2.9,168438555.0,480348103.0,1173306415.0,0.1435588801412971,-0.06000000000000005,-2.0270270270270285,5.743243243243241
2023-07-18,2.86,2.89,2.71,2.76,169468980.0,473434950.0,1173306415.0,0.14443710341428587,-0.14000000000000012,-4.827586206896561,6.206896551724143
2023-07-19,2.78,3.0,2.72,2.8,183002699.0,515233928.0,1173306415.0,0.15597178764253156,0.040000000000000036,1.449275362318847,10.144927536231878
2023-07-20,2.76,2.97,2.74,2.84,182818030.0,520724758.0,1173306415.0,0.15581439567940997,0.040000000000000036,1.4285714285714235,8.214285714285714
2023-07-21,2.75,2.79,2.56,2.63,202189438.0,532569603.0,1173306415.0,0.17232449717749135,-0.20999999999999996,-7.3943661971831,8.098591549295776
2023-07-24,2.56,2.6,2.38,2.39,141027699.0,345041494.0,1173306415.0,0.12019681917446944,-0.23999999999999977,-9.125475285171092,8.365019011406853
2023-07-25,2.42,2.49,2.38,2.42,96818881.0,235297827.0,1173306415.0,0.08251798486928072,0.029999999999999805,1.2552301255229992,4.602510460251059
2023-07-26,2.42,2.45,2.34,2.4,81519140.0,195110332.0,1173306415.0,0.06947813372349115,-0.020000000000000018,-0.8264462809917328,4.545454545454559
2023-07-27,2.4,2.47,2.38,2.38,58022134.0,139992566.0,1173306415.0,0.049451816898145914,-0.020000000000000018,-0.8333333333333304,3.750000000000013
2023-07-28,2.39,2.5,2.35,2.4,77773993.0,187886295.0,1173306415.0,0.0662861738465821,0.020000000000000018,0.8403361344537785,6.3025210084033585
2023-07-31,2.4,2.44,2.37,2.44,74631160.0,180217267.0,1173306415.0,0.06360756154222509,0.040000000000000036,1.6666666666666607,2.9166666666666603
2023-08-01,2.44,2.49,2.39,2.49,76728124.0,188418229.0,1173306415.0,0.06539478777161548,0.050000000000000266,2.0491803278688714,4.098360655737709
2023-08-02,2.46,2.5,2.43,2.46,53225276.0,130813303.0,1173306415.0,0.04536349185476839,-0.03000000000000025,-1.2048192771084487,2.811244979919672
2023-08-03,2.45,2.47,2.41,2.46,42335910.0,103336839.0,1173306415.0,0.03608256927496642,0.0,0.0,2.4390243902439046
2023-08-04,2.44,2.46,2.39,2.4,52008180.0,125669573.0,1173306415.0,0.04432617032951277,-0.06000000000000005,-2.4390243902439046,2.8455284552845463
2023-08-07,2.4,2.42,2.37,2.38,34382000.0,82196616.0,1173306415.0,0.029303513183297478,-0.020000000000000018,-0.8333333333333304,2.083333333333326
2023-08-08,2.39,2.44,2.33,2.43,73709759.0,175718234.0,1173306415.0,0.06282225858281018,0.050000000000000266,2.1008403361344685,4.621848739495793
2023-08-09,2.39,2.39,2.31,2.32,80755766.0,189039798.0,1173306415.0,0.0688275159562645,-0.11000000000000032,-4.526748971193428,3.29218106995885
2023-08-10,2.31,2.37,2.3,2.35,37580500.0,88029931.0,1173306415.0,0.03202957004202521,0.03000000000000025,1.2931034482758674,3.0172413793103576
2023-08-11,2.35,2.36,2.29,2.3,32221700.0,74676923.0,1173306415.0,0.027462306170038284,-0.050000000000000266,-2.1276595744680993,2.9787234042553123
2023-08-14,2.28,2.31,2.27,2.3,22499599.0,51584486.0,1173306415.0,0.01917623453886937,0.0,0.0,1.7391304347826104
2023-08-15,2.3,2.53,2.3,2.4,151225813.0,369055858.0,1173306415.0,0.1288885930108888,0.10000000000000009,4.347826086956519,10.0
2023-08-16,2.36,2.38,2.27,2.29,93739320.0,216503542.0,1173306415.0,0.07989329880208658,-0.10999999999999988,-4.583333333333329,4.583333333333329
2023-08-17,2.27,2.29,2.24,2.28,47248600.0,106826342.0,1173306415.0,0.04026961703776247,-0.010000000000000231,-0.4366812227074357,2.18340611353711
2023-08-18,2.28,2.29,2.22,2.23,35776100.0,80666453.0,1173306415.0,0.03049169385134573,-0.04999999999999982,-2.1929824561403466,3.0701754385964843
2023-08-21,2.23,2.26,2.22,2.24,20473900.0,45940756.0,1173306415.0,0.017449746918838757,0.010000000000000231,0.4484304932735439,1.793721973094152
2023-08-22,2.24,2.25,2.18,2.21,31004194.0,68375491.0,1173306415.0,0.02642463520494772,-0.03000000000000025,-1.3392857142857206,3.124999999999993
2023-08-23,2.22,2.22,2.18,2.19,21230385.0,46677336.0,1173306415.0,0.01809449324454601,-0.020000000000000018,-0.9049773755656076,1.8099547511312233
2023-08-24,2.2,2.21,2.17,2.19,17927300.0,39264001.0,1173306415.0,0.015279299397676948,0.0,0.0,1.8264840182648419
2023-08-25,2.18,2.22,2.15,2.16,24427140.0,53252086.0,1173306415.0,0.02081906285324452,-0.029999999999999805,-1.3698630136986245,3.1963470319634832
2023-08-28,2.25,2.26,2.18,2.19,44113190.0,97924773.0,1173306415.0,0.03759733129900257,0.029999999999999805,1.388888888888884,3.703703703703686
2023-08-29,2.17,2.24,2.16,2.23,31223013.0,68977163.0,1173306415.0,0.02661113294944356,0.040000000000000036,1.82648401826484,3.6529680365296837
2023-08-30,2.23,2.24,2.21,2.23,21415440.0,47697281.0,1173306415.0,0.018252214192487817,0.0,0.0,1.345291479820639
2023-08-31,2.23,2.23,2.17,2.2,21327614.0,46839727.0,1173306415.0,0.018177360770673022,-0.029999999999999805,-1.3452914798206206,2.690582959641258
2023-09-01,2.2,2.22,2.18,2.2,20930810.0,45961278.0,1173306415.0,0.017839167784657516,0.0,0.0,1.8181818181818195
2023-09-04,2.2,2.26,2.2,2.26,37350696.0,83449786.0,1173306415.0,0.03183370986682963,0.05999999999999961,2.7272727272727115,2.7272727272727093
2023-09-05,2.26,2.26,2.21,2.22,23324100.0,51893173.0,1173306415.0,0.01987895037631751,-0.03999999999999959,-1.7699115044247593,2.212389380530966
2023-09-06,2.22,2.24,2.2,2.23,17610300.0,39075418.0,1173306415.0,0.015009122744803198,0.009999999999999787,0.45045045045044585,1.8018018018018032
2023-09-07,2.22,2.22,2.17,2.17,26717259.0,58635987.0,1173306415.0,0.022770913598047615,-0.06000000000000005,-2.6905829596412634,2.242152466367725
2023-09-08,2.17,2.19,2.16,2.18,12647413.0,27499682.0,1173306415.0,0.01077929246640998,0.010000000000000231,0.4608294930875667,1.382488479262664
2023-09-11,2.18,2.2,2.16,2.19,11160839.0,24323897.0,1173306415.0,0.009512296922027824,0.009999999999999787,0.4587155963302614,1.8348623853211024
2023-09-12,2.18,2.21,2.17,2.2,16688890.0,36564723.0,1173306415.0,0.014223812114757763,0.010000000000000231,0.4566210045662267,1.8264840182648419
2023-09-13,2.19,2.2,2.17,2.18,15718440.0,34279534.0,1173306415.0,0.013396705071283531,-0.020000000000000018,-0.909090909090915,1.3636363636363749
2023-09-14,2.18,2.18,2.15,2.16,14071360.0,30453402.0,1173306415.0,0.011992911502150101,-0.020000000000000018,-0.9174311926605561,1.376146788990837
2023-09-15,2.17,2.18,2.16,2.17,13087660.0,28391913.0,1173306415.0,0.011154511585961115,0.009999999999999787,0.4629629629629539,0.9259259259259267
2023-09-18,2.16,2.19,2.15,2.18,14337120.0,31205503.0,1173306415.0,0.012219416698578265,0.010000000000000231,0.4608294930875667,1.8433179723502322
2023-09-19,2.17,2.18,2.15,2.16,16913192.0,36492360.0,1173306415.0,0.01441498297782681,-0.020000000000000018,-0.9174311926605561,1.376146788990837
2023-09-20,2.16,2.16,2.13,2.13,13529752.0,28986095.0,1173306415.0,0.011531303184769514,-0.03000000000000025,-1.388888888888895,1.3888888888889002
2023-09-21,2.14,2.15,2.12,2.12,10384440.0,22109033.0,1173306415.0,0.008850578047849503,-0.009999999999999787,-0.46948356807510194,1.408450704225343
2023-09-22,2.11,2.15,2.11,2.14,12940200.0,27605134.0,1173306415.0,0.0110288325662994,0.020000000000000018,0.9433962264151052,1.8867924528301903
2023-09-25,2.14,2.15,2.11,2.11,11227000.0,23843445.0,1173306415.0,0.009568685431588644,-0.03000000000000025,-1.4018691588785215,1.8691588785046744
2023-09-26,2.11,2.12,2.1,2.11,7578840.0,15994690.0,1173306415.0,0.006459386826074756,0.0,0.0,0.9478672985782
2023-09-27,2.12,2.12,2.1,2.11,14798000.0,31205987.0,1173306415.0,0.012612221164750045,0.0,0.0,0.9478672985782
2023-09-28,2.11,2.14,2.1,2.13,12752104.0,27088931.0,1173306415.0,0.010868519797533026,0.020000000000000018,0.9478672985782088,1.8957345971564
2023-10-09,2.13,2.13,2.08,2.08,17949800.0,37640930.0,1173306415.0,0.015298475973985022,-0.04999999999999982,-2.3474178403755763,2.3474178403755785
2023-10-10,2.09,2.11,2.09,2.09,8946945.0,18755886.0,1173306415.0,0.00762541215629508,0.009999999999999787,0.48076923076922906,0.9615384615384623
2023-10-11,2.09,2.1,2.06,2.06,12954900.0,26852713.0,1173306415.0,0.011041361262820676,-0.029999999999999805,-1.4354066985645786,1.913875598086126
2023-10-12,2.07,2.08,2.04,2.07,13866835.0,28539762.0,1173306415.0,0.01181859642350971,0.009999999999999787,0.4854368932038833,1.9417475728155356
2023-10-13,2.06,2.07,2.04,2.04,12180540.0,25011872.0,1173306415.0,0.010381380212602008,-0.029999999999999805,-1.449275362318836,1.4492753623188313
2023-10-16,2.04,2.08,2.03,2.05,15735640.0,32378070.0,1173306415.0,0.013411364498505704,0.009999999999999787,0.4901960784313708,2.450980392156876
2023-10-17,2.05,2.08,2.04,2.07,13040475.0,26864402.0,1173306415.0,0.011114296174712383,0.020000000000000018,0.9756097560975618,1.9512195121951237
2023-10-18,2.05,2.06,2.01,2.01,16357090.0,33180287.0,1173306415.0,0.013941021536134702,-0.06000000000000005,-2.898550724637683,2.4154589371980806
2023-10-19,2.0,2.03,1.98,1.99,11806820.0,23583898.0,1173306415.0,0.010062861541586305,-0.019999999999999796,-0.995024875621886,2.4875621890547177
2023-10-20,1.98,2.01,1.97,1.99,10349500.0,20595898.0,1173306415.0,0.008820798955573765,0.0,0.0,2.010050251256272
2023-10-23,1.99,1.99,1.92,1.93,15381720.0,29900255.0,1173306415.0,0.013109721214641105,-0.06000000000000005,-3.015075376884424,3.5175879396984957
2023-10-24,1.94,2.01,1.93,2.0,18939700.0,37451697.0,1173306415.0,0.016142160102312234,0.07000000000000006,3.62694300518136,4.145077720207246
2023-10-25,2.01,2.05,2.0,2.04,16917710.0,34460448.0,1173306415.0,0.014418833634349473,0.040000000000000036,2.0000000000000018,2.499999999999991
2023-10-26,2.01,2.02,1.95,1.98,33937440.0,67043038.0,1173306415.0,0.02892461812714115,-0.06000000000000005,-2.941176470588236,3.4313725490196108
2023-10-27,1.97,2.01,1.95,1.99,23489135.0,46511039.0,1173306415.0,0.02001960843280653,0.010000000000000009,0.5050505050504972,3.030303030303022
2023-10-30,1.98,2.01,1.97,2.0,16208700.0,32390179.0,1173306415.0,0.013814549884652255,0.010000000000000009,0.5025125628140614,2.010050251256272
2023-10-31,1.99,2.02,1.98,2.0,17087904.0,34206178.0,1173306415.0,0.014563888666712864,0.0,0.0,2.0000000000000018
2023-11-01,2.0,2.02,1.99,2.01,13674817.0,27422893.0,1173306415.0,0.011654940964419767,0.009999999999999787,0.49999999999998934,1.5000000000000013
2023-11-02,2.02,2.03,1.99,2.01,19343500.0,38957707.0,1173306415.0,0.01648631572512113,0.0,0.0,1.990049751243772
2023-11-03,2.01,2.05,2.01,2.04,17181450.0,35005963.0,1173306415.0,0.014643617200371311,0.03000000000000025,1.4925373134328401,1.9900497512437831
2023-11-06,2.04,2.09,2.04,2.08,19767510.0,40947492.0,1173306415.0,0.01684769617491608,0.040000000000000036,1.9607843137254832,2.450980392156854
2023-11-07,2.08,2.1,2.05,2.08,17071360.0,35452383.0,1173306415.0,0.014549788343226608,0.0,0.0,2.4038461538461666
2023-11-08,2.09,2.1,2.07,2.07,14391200.0,29956912.0,1173306415.0,0.012265508665100072,-0.010000000000000231,-0.48076923076924016,1.4423076923077043
2023-11-09,2.07,2.09,2.05,2.06,12241900.0,25246868.0,1173306415.0,0.010433676866924826,-0.009999999999999787,-0.48309178743960457,1.932367149758456
2023-11-10,2.06,2.06,2.02,2.04,9556754.0,19528041.0,1173306415.0,0.00814514765948842,-0.020000000000000018,-0.9708737864077666,1.9417475728155356
2023-11-13,2.05,2.08,2.04,2.08,13106402.0,27023595.0,1173306415.0,0.0111704852478796,0.040000000000000036,1.9607843137254832,1.960784313725492
2023-11-14,2.07,2.08,2.04,2.05,10847186.0,22309739.0,1173306415.0,0.009244972891416434,-0.03000000000000025,-1.4423076923077094,1.9230769230769247
2023-11-15,2.06,2.08,2.06,2.07,12298400.0,25434432.0,1173306415.0,0.0104818313807651,0.020000000000000018,0.9756097560975618,0.9756097560975618
2023-11-16,2.07,2.07,2.04,2.04,10998520.0,22573241.0,1173306415.0,0.009373953691372257,-0.029999999999999805,-1.449275362318836,1.4492753623188313
2023-11-17,2.05,2.06,2.03,2.06,10372500.0,21281069.0,1173306415.0,0.00884040167802202,0.020000000000000018,0.9803921568627416,1.4705882352941297
2023-11-20,2.06,2.09,2.05,2.09,18058960.0,37496727.0,1173306415.0,0.015391512199308992,0.029999999999999805,1.4563106796116498,1.9417475728155356
2023-11-21,2.09,2.12,2.08,2.1,20591400.0,43230736.0,1173306415.0,0.01754989126178092,0.010000000000000231,0.4784688995215447,1.913875598086126
2023-11-22,2.1,2.11,2.07,2.09,15746782.0,32896294.0,1173306415.0,0.013420860739093462,-0.010000000000000231,-0.4761904761904856,1.9047619047619064
2023-11-23,2.09,2.1,2.07,2.09,9769091.0,20371792.0,1173306415.0,0.008326120845422976,0.0,0.0,1.4354066985646052
2023-11-24,2.09,2.09,2.06,2.07,12925400.0,26793055.0,1173306415.0,0.01101621864055009,-0.020000000000000018,-0.9569377990430672,1.435406698564584
2023-11-27,2.06,2.07,2.04,2.05,11624900.0,23865604.0,1173306415.0,0.009907812529943424,-0.020000000000000018,-0.9661835748792313,1.4492753623188313
2023-11-28,2.06,2.09,2.04,2.07,14264105.0,29512214.0,1173306415.0,0.012157186577727864,0.020000000000000018,0.9756097560975618,2.439024390243894
2023-11-29,2.08,2.08,2.04,2.05,13254605.0,27283638.0,1173306415.0,0.01129679752070562,-0.020000000000000018,-0.9661835748792313,1.932367149758456
2023-11-30,2.05,2.05,2.01,2.04,15788600.0,32051802.0,1173306415.0,0.013456501897673508,-0.009999999999999787,-0.4878048780487698,1.9512195121951237
2023-12-01,2.04,2.06,2.02,2.06,10531700.0,21605730.0,1173306415.0,0.008976086609055146,0.020000000000000018,0.9803921568627416,1.960784313725492
2023-12-04,2.05,2.06,2.04,2.04,9350560.0,19151460.0,1173306415.0,0.007969410105032111,-0.020000000000000018,-0.9708737864077666,0.9708737864077678
2023-12-05,2.04,2.05,2.01,2.01,13227200.0,26852843.0,1173306415.0,0.011273440450762387,-0.03000000000000025,-1.4705882352941346,1.960784313725492
2023-12-06,2.0,2.05,2.0,2.04,13308480.0,27064393.0,1173306415.0,0.011342714767309954,0.03000000000000025,1.4925373134328401,2.4875621890547177
2023-12-07,2.04,2.05,2.02,2.03,8483700.0,17268648.0,1173306415.0,0.007230592018880252,-0.010000000000000231,-0.4901960784313819,1.470588235294108
2023-12-08,2.03,2.03,1.97,1.99,21752280.0,43444807.0,1173306415.0,0.018539300324203888,-0.039999999999999813,-1.970443349753681,2.955665024630534
2023-12-11,1.97,2.0,1.95,2.0,17374300.0,34371426.0,1173306415.0,0.014807981766638513,0.010000000000000009,0.5025125628140614,2.5125628140703538
2023-12-12,2.0,2.02,1.97,2.01,15520744.0,30946577.0,1173306415.0,0.01322821029662571,0.009999999999999787,0.49999999999998934,2.500000000000002
2023-12-13,2.01,2.21,2.0,2.11,101141660.0,216459703.0,1173306415.0,0.08620225604067801,0.10000000000000009,4.975124378109452,10.44776119402985
2023-12-14,2.09,2.1,2.05,2.07,67103820.0,139330716.0,1173306415.0,0.057192067768588824,-0.040000000000000036,-1.8957345971563955,2.36966824644551
2023-12-15,2.06,2.11,2.04,2.06,44129158.0,91308898.0,1173306415.0,0.03761094070213534,-0.009999999999999787,-0.48309178743960457,3.3816425120772875
2023-12-18,2.05,2.06,1.98,1.99,39835876.0,80029827.0,1173306415.0,0.0339518095961318,-0.07000000000000006,-3.398058252427183,3.883495145631071
2023-12-19,1.98,1.99,1.94,1.96,24888779.0,48786896.0,1173306415.0,0.021212514209257093,-0.030000000000000027,-1.5075376884422176,2.5125628140703538
2023-12-20,1.96,1.97,1.93,1.93,16566251.0,32235110.0,1173306415.0,0.014119287841786836,-0.030000000000000027,-1.5306122448979553,2.040816326530614
2023-12-21,1.93,1.96,1.91,1.95,20464160.0,39554443.0,1173306415.0,0.017441445592028065,0.020000000000000018,1.0362694300518172,2.5906735751295358
2023-12-22,1.94,1.96,1.91,1.92,17400240.0,33569573.0,1173306415.0,0.01483009022839102,-0.030000000000000027,-1.538461538461544,2.5641025641025665
2023-12-25,1.92,1.93,1.88,1.89,12872600.0,24451823.0,1173306415.0,0.010971217608147144,-0.030000000000000027,-1.5625,2.604166666666669
2023-12-26,1.88,1.9,1.88,1.89,8375740.0,15804416.0,1173306415.0,0.007138578544292711,0.0,0.0,1.0582010582010593
2023-12-27,1.89,1.89,1.86,1.88,12268820.0,23003861.0,1173306415.0,0.010456620575112086,-0.010000000000000009,-0.5291005291005346,1.5873015873015772
2023-12-28,1.88,1.94,1.87,1.93,19517773.0,37316497.0,1173306415.0,0.016634847257696105,0.050000000000000044,2.659574468085113,3.7234042553191404
2023-12-29,1.93,1.95,1.92,1.93,10559000.0,20399097.0,1173306415.0,0.008999354188308942,0.0,0.0,1.5544041450777215
2024-01-02,1.93,1.96,1.92,1.95,11252635.0,21884414.0,1173183040.0,0.009591542509854216,0.020000000000000018,1.0362694300518172,2.072538860103629
2024-01-03,1.96,1.98,1.95,1.96,12906500.0,25372350.0,1173183040.0,0.011001267116851603,0.010000000000000009,0.512820512820511,1.5384615384615399
2024-01-04,1.96,1.99,1.95,1.96,10305580.0,20260921.0,1173183040.0,0.00878428996041402,0.0,0.0,2.040816326530614
2024-01-05,1.96,1.97,1.92,1.92,12946000.0,25077901.0,1173183040.0,0.011034936202282637,-0.040000000000000036,-2.0408163265306145,2.551020408163268
2024-01-08,1.91,1.93,1.89,1.89,11410200.0,21799517.0,1173183040.0,0.009725848065447656,-0.030000000000000027,-1.5625,2.0833333333333353
2024-01-09,1.9,1.92,1.88,1.89,9174620.0,17408975.0,1173183040.0,0.007820280115880297,0.0,0.0,2.1164021164021185
2024-01-10,1.89,1.96,1.86,1.93,23834585.0,46008973.0,1173183040.0,0.020316169077930074,0.040000000000000036,2.1164021164021163,5.291005291005284
2024-01-11,1.92,1.97,1.9,1.96,22138890.0,42818710.0,1173183040.0,0.018870789335652175,0.030000000000000027,1.5544041450777257,3.6269430051813503
2024-01-12,1.96,2.04,1.95,2.0,45918656.0,91875063.0,1173183040.0,0.03914023168967734,0.040000000000000036,2.0408163265306145,4.5918367346938815
2024-01-15,1.99,2.04,1.94,2.01,33467446.0,66692091.0,1173183040.0,0.02852704553246866,0.009999999999999787,0.49999999999998934,5.000000000000004
2024-01-16,2.0,2.01,1.93,1.96,25771900.0,50574884.0,1173183040.0,0.02196750133721674,-0.04999999999999982,-2.487562189054715,3.980099502487555
2024-01-17,1.95,1.96,1.9,1.91,17171066.0,33094679.0,1173183040.0,0.014636306027744827,-0.050000000000000044,-2.5510204081632626,3.061224489795921
2024-01-18,1.89,1.9,1.84,1.88,22053400.0,41140703.0,1173183040.0,0.018797919206196504,-0.030000000000000027,-1.5706806282722474,3.141361256544494
2024-01-19,1.87,1.88,1.85,1.87,10448673.0,19475522.0,1173183040.0,0.008906259845011056,-0.009999999999999787,-0.5319148936170137,1.5957446808510536
2024-01-22,1.85,1.87,1.74,1.76,18405227.0,33127211.0,1173183040.0,0.01568828253773597,-0.1100000000000001,-5.882352941176472,6.951871657754016
2024-01-23,1.75,1.77,1.73,1.76,13222080.0,23183741.0,1173183040.0,0.011270261799897823,0.0,0.0,2.2727272727272747
2024-01-24,1.75,1.84,1.74,1.79,14598660.0,26016173.0,1173183040.0,0.0124436336890789,0.030000000000000027,1.7045454545454586,5.681818181818187
2024-01-25,1.79,1.85,1.77,1.84,19089840.0,34724176.0,1173183040.0,0.01627183427404474,0.050000000000000044,2.7932960893854775,4.469273743016763
2024-01-26,1.84,1.88,1.83,1.84,16431992.0,30481067.0,1173183040.0,0.014006332720254804,0.0,0.0,2.7173913043478164
2024-01-29,1.85,1.85,1.78,1.79,14507032.0,26220537.0,1173183040.0,0.012365531639461818,-0.050000000000000044,-2.717391304347827,3.8043478260869596
2024-01-30,1.76,1.79,1.74,1.75,12873500.0,22686421.0,1173183040.0,0.010973138513833271,-0.040000000000000036,-2.2346368715083775,2.793296089385477
2024-01-31,1.74,1.75,1.64,1.64,20232400.0,34036288.0,1173183040.0,0.01724573174873036,-0.1100000000000001,-6.2857142857142945,6.285714285714292
2024-02-01,1.62,1.66,1.59,1.6,10733760.0,17342830.0,1173183040.0,0.009149262846486428,-0.039999999999999813,-2.4390243902438935,4.26829268292682
2024-02-02,1.6,1.63,1.44,1.52,22990078.0,34875354.0,1173183040.0,0.0195963265885603,-0.08000000000000007,-5.000000000000004,11.874999999999996
2024-02-05,1.5,1.51,1.37,1.37,22867418.0,31845203.0,1173183040.0,0.019491773423523068,-0.1499999999999999,-9.868421052631572,9.210526315789467
2024-02-06,1.25,1.41,1.24,1.34,26294745.0,34490949.0,1173183040.0,0.022413164956765826,-0.030000000000000027,-2.1897810218978075,12.408759124087585
2024-02-07,1.33,1.34,1.21,1.26,24036500.0,30857459.0,1173183040.0,0.02048827777121633,-0.08000000000000007,-5.97014925373135,9.701492537313442
2024-02-08,1.25,1.34,1.22,1.33,24954041.0,32218906.0,1173183040.0,0.02127037312097522,0.07000000000000006,5.555555555555558,9.52380952380953
2024-02-19,1.34,1.4,1.33,1.39,21672422.0,29666343.0,1173183040.0,0.018473180451023228,0.05999999999999983,4.5112781954887105,5.26315789473683
2024-02-20,1.38,1.41,1.36,1.39,12776500.0,17652912.0,1173183040.0,0.010890457468597568,0.0,0.0,3.597122302158261
2024-02-21,1.38,1.53,1.37,1.53,26885212.0,39935105.0,1173183040.0,0.022916468345809023,0.14000000000000012,10.07194244604317,11.51079136690647
2024-02-22,1.55,1.56,1.47,1.54,39481028.0,59763141.0,1173183040.0,0.033652914041444035,0.010000000000000009,0.6535947712418277,5.8823529411764754
2024-02-23,1.53,1.57,1.5,1.56,35459016.0,54392617.0,1173183040.0,0.030224623772263193,0.020000000000000018,1.2987012987013102,4.545454545454549
2024-02-26,1.55,1.61,1.53,1.57,33514141.0,52543133.0,1173183040.0,0.0285668475057396,0.010000000000000009,0.6410256410256387,5.128205128205133
2024-02-27,1.57,1.62,1.56,1.61,21170510.0,33754745.0,1173183040.0,0.01804535974198877,0.040000000000000036,2.547770700636942,3.821656050955417
2024-02-28,1.61,1.71,1.54,1.55,44796110.0,72953931.0,1173183040.0,0.038183393786531385,-0.06000000000000005,-3.7267080745341685,10.559006211180119
2024-02-29,1.53,1.71,1.51,1.71,93383380.0,155160386.0,1173183040.0,0.07959830377363791,0.15999999999999992,10.322580645161295,12.90322580645161
2024-03-01,1.75,1.79,1.64,1.66,86582990.0,147185181.0,1173183040.0,0.07380177435909745,-0.050000000000000044,-2.92397660818714,8.771929824561411
2024-03-04,1.65,1.68,1.58,1.61,44126420.0,71339468.0,1173183040.0,0.03761256214546027,-0.04999999999999982,-3.0120481927710774,6.024096385542161
2024-03-05,1.61,1.61,1.52,1.55,36503950.0,56712074.0,1173183040.0,0.03111530661063767,-0.06000000000000005,-3.7267080745341685,5.590062111801246
2024-03-06,1.53,1.56,1.5,1.55,23490520.0,36163212.0,1173183040.0,0.020022894296187574,0.0,0.0,3.8709677419354875
2024-03-07,1.56,1.59,1.54,1.58,36333860.0,57109324.0,1173183040.0,0.030970324971625912,0.030000000000000027,1.9354838709677358,3.2258064516129057
2024-03-08,1.57,1.59,1.54,1.57,15868200.0,24743442.0,1173183040.0,0.013525766618651425,-0.010000000000000009,-0.6329113924050667,3.1645569620253196
2024-03-11,1.57,1.62,1.56,1.61,19181570.0,30534152.0,1173183040.0,0.016350023266616606,0.040000000000000036,2.547770700636942,3.821656050955417
2024-03-12,1.61,1.71,1.6,1.69,40928867.0,67858395.0,1173183040.0,0.03488702581312461,0.07999999999999985,4.968944099378869,6.832298136645955
2024-03-13,1.69,1.78,1.68,1.76,45215620.0,78932689.0,1173183040.0,0.038540976521447154,0.07000000000000006,4.142011834319526,5.917159763313615
2024-03-14,1.74,1.83,1.72,1.8,40484640.0,72424773.0,1173183040.0,0.034508374754548106,0.040000000000000036,2.2727272727272707,6.250000000000005
2024-03-15,1.79,1.82,1.76,1.8,20842700.0,37396013.0,1173183040.0,0.017765940428187573,0.0,0.0,3.333333333333336
2024-03-18,1.8,1.85,1.78,1.84,21557972.0,39212584.0,1173183040.0,0.018375625341464193,0.040000000000000036,2.2222222222222143,3.8888888888888924
2024-03-19,1.83,2.02,1.83,2.02,103362320.0,206505100.0,1173183040.0,0.08810417170708502,0.17999999999999994,9.782608695652172,10.326086956521737
2024-03-20,2.01,2.22,2.0,2.22,95539352.0,207009890.0,1173183040.0,0.08143601530414214,0.20000000000000018,9.90099009900991,10.8910891089109
2024-03-21,2.37,2.37,2.1,2.14,151062351.0,338557721.0,1173183040.0,0.12876281522105876,-0.08000000000000007,-3.603603603603611,12.162162162162161
2024-03-22,2.17,2.31,2.14,2.29,107514124.0,240035303.0,1173183040.0,0.0916430943290827,0.1499999999999999,7.009345794392519,7.9439252336448565
2024-03-25,2.2,2.34,2.2,2.2,51161476.0,115345495.0,1173183040.0,0.04360911661320982,-0.08999999999999986,-3.9301310043668103,6.113537117903916
2024-03-26,2.2,2.27,2.17,2.24,46173700.0,102605284.0,1173183040.0,0.03935762658144121,0.040000000000000036,1.81818181818183,4.545454545454549
2024-03-27,2.26,2.33,2.22,2.27,43050080.0,97884604.0,1173183040.0,0.036695109400831434,0.029999999999999805,1.3392857142856984,4.910714285714279
2024-03-28,2.33,2.33,2.16,2.25,34689150.0,77443213.0,1173183040.0,0.029568403921011337,-0.020000000000000018,-0.8810572687224627,7.488986784140966
2024-03-29,2.25,2.35,2.22,2.26,35915166.0,82456931.0,1173183040.0,0.03061343778034841,0.009999999999999787,0.4444444444444251,5.777777777777773
2024-04-01,2.26,2.36,2.25,2.35,38250468.0,88697179.0,1173183040.0,0.032604006958709526,0.0900000000000003,3.9823008849557695,4.867256637168136
2024-04-02,2.35,2.45,2.31,2.42,45266794.0,108499148.0,1173183040.0,0.038584596313291405,0.06999999999999984,2.9787234042553123,5.957446808510643
2024-04-03,2.4,2.5,2.37,2.48,45998049.0,112306541.0,1173183040.0,0.0392079048466299,0.06000000000000005,2.4793388429751984,5.371900826446277
2024-04-08,2.46,2.72,2.32,2.38,75400077.0,189956158.0,1173183040.0,0.0642696616207476,-0.10000000000000009,-4.032258064516137,16.12903225806453
2024-04-09,2.41,2.58,2.33,2.51,60523400.0,149011368.0,1173183040.0,0.051589051270294534,0.1299999999999999,5.462184873949583,10.504201680672269
2024-04-10,2.49,2.53,2.41,2.46,32036780.0,79670990.0,1173183040.0,0.027307571715322443,-0.04999999999999982,-1.9920318725099584,4.780876494023891
2024-04-11,2.42,2.65,2.42,2.6,46825747.0,118640965.0,1173183040.0,0.03991341964848043,0.14000000000000012,5.691056910569103,9.34959349593496
2024-04-12,2.58,2.6,2.51,2.52,29195500.0,74124448.0,1173183040.0,0.024885716043082245,-0.08000000000000007,-3.076923076923077,3.4615384615384728
2024-04-15,2.48,2.49,2.27,2.27,48757720.0,112101890.0,1173183040.0,0.041560198483605766,-0.25,-9.92063492063492,8.730158730158738
2024-04-16,2.11,2.33,2.05,2.27,69222107.0,151717821.0,1173183040.0,0.05900367175440927,0.0,0.0,12.334801762114548
2024-04-17,2.3,2.39,2.29,2.33,31560824.0,73736399.0,1173183040.0,0.02690187543113477,0.06000000000000005,2.643171806167399,4.405286343612339
2024-04-18,2.32,2.45,2.29,2.4,37533120.0,88654446.0,1173183040.0,0.03199255250058849,0.06999999999999984,3.0042918454935563,6.866952789699576
2024-04-19,2.4,2.47,2.38,2.39,19854420.0,48115136.0,1173183040.0,0.016923548434522203,-0.009999999999999787,-0.4166666666666541,3.750000000000013
2024-04-22,2.38,2.4,2.25,2.39,17987680.0,42274018.0,1173183040.0,0.015332373028508834,0.0,0.0,6.276150627615058
2024-04-23,2.4,2.44,2.36,2.37,15043930.0,36019572.0,1173183040.0,0.012823173781987166,-0.020000000000000018,-0.8368200836820106,3.347280334728036
2024-04-24,2.37,2.42,2.36,2.39,17895010.0,42772773.0,1173183040.0,0.015253382796941899,0.020000000000000018,0.8438818565400741,2.531645569620255
2024-04-25,2.55,2.63,2.45,2.63,74562591.0,193325998.0,1173183040.0,0.06355580370476546,0.23999999999999977,10.041841004184082,7.531380753138063
2024-04-26,2.63,2.74,2.59,2.59,56681063.0,150985970.0,1173183040.0,0.04831391272072941,-0.040000000000000036,-1.520912547528519,5.703422053231953
2024-04-29,2.58,2.84,2.58,2.8,62897480.0,172057775.0,1173183040.0,0.05361267411434792,0.20999999999999996,8.108108108108114,10.038610038610031
2024-04-30,2.79,2.88,2.75,2.78,34842960.0,97326720.0,1173183040.0,0.029699508782534054,-0.020000000000000018,-0.7142857142857117,4.64285714285714
2024-05-06,2.71,2.9,2.71,2.82,52626958.0,148565968.0,1173183040.0,0.04485826695892228,0.040000000000000036,1.4388489208633004,6.834532374100719
2024-05-07,2.85,2.97,2.8,2.9,58510682.0,169254327.0,1173183040.0,0.049873446857874794,0.08000000000000007,2.8368794326241176,6.028368794326255
2024-05-08,2.89,2.92,2.83,2.84,32704560.0,94057209.0,1173183040.0,0.027876775306946135,-0.06000000000000005,-2.0689655172413834,3.103448275862064
2024-05-09,2.81,2.9,2.8,2.86,22583920.0,64686018.0,1173183040.0,0.019250124856902126,0.020000000000000018,0.7042253521126751,3.521126760563384
2024-05-10,2.87,2.93,2.84,2.86,18488000.0,53127768.0,1173183040.0,0.015758836745543132,0.0,0.0,3.1468531468531578
2024-05-13,2.84,2.91,2.75,2.76,30328563.0,85515889.0,1173183040.0,0.025851518446771953,-0.10000000000000009,-3.4965034965035002,5.5944055944056
2024-05-14,2.77,2.81,2.69,2.75,36515768.0,99815151.0,1173183040.0,0.031125380060045872,-0.009999999999999787,-0.36231884057970065,4.347826086956526
2024-05-15,2.72,2.77,2.68,2.72,15510710.0,42260889.0,1173183040.0,0.013221048609771925,-0.029999999999999805,-1.0909090909090868,3.2727272727272676
2024-05-16,2.74,2.87,2.72,2.8,25653700.0,71833919.0,1173183040.0,0.02186674979549653,0.07999999999999963,2.941176470588225,5.514705882352938
2024-05-17,2.78,2.85,2.74,2.79,20543452.0,57277890.0,1173183040.0,0.0175108668464897,-0.009999999999999787,-0.35714285714284477,3.9285714285714244
2024-05-20,2.79,2.83,2.66,2.68,24593580.0,67283112.0,1173183040.0,0.020963122685442162,-0.10999999999999988,-3.9426523297490967,6.093189964157704
2024-05-21,2.7,2.71,2.63,2.69,17174120.0,45903781.0,1173183040.0,0.014638909202096886,0.009999999999999787,0.3731343283581934,2.985074626865674
2024-05-22,2.7,2.78,2.68,2.71,15362075.0,41913758.0,1173183040.0,0.013094354824631628,0.020000000000000018,0.743494423791824,3.717472118959095
2024-05-23,2.71,2.73,2.66,2.67,15898540.0,42686137.0,1173183040.0,0.013551627885790098,-0.040000000000000036,-1.4760147601476037,2.583025830258297
2024-05-24,2.68,2.81,2.65,2.76,27382746.0,75404908.0,1173183040.0,0.023340557326843047,0.08999999999999986,3.3707865168539186,5.992509363295886
2024-05-27,2.78,2.8,2.71,2.77,16152540.0,44442503.0,1173183040.0,0.013768132890840291,0.010000000000000231,0.36231884057971175,3.2608695652173862
2024-05-28,2.75,2.8,2.71,2.71,12763762.0,35137616.0,1173183040.0,0.010879599827832492,-0.06000000000000005,-2.166064981949456,3.2490974729241824
2024-05-29,2.71,2.75,2.68,2.72,9920900.0,26926329.0,1173183040.0,0.008456395687411232,0.010000000000000231,0.3690036900369176,2.583025830258297
2024-05-30,2.72,2.85,2.69,2.84,36108920.0,101363382.0,1173183040.0,0.030778590184870044,0.11999999999999966,4.411764705882337,5.8823529411764754
2024-05-31,2.84,3.0,2.83,2.99,48163960.0,140247225.0,1173183040.0,0.0410540882009341,0.15000000000000036,5.2816901408450745,5.985915492957744
2024-06-03,3.01,3.04,2.92,2.95,34122720.0,101597444.0,1173183040.0,0.029085589235930312,-0.040000000000000036,-1.3377926421404673,4.013377926421408
2024-06-04,2.93,2.96,2.88,2.89,18293300.0,53289860.0,1173183040.0,0.015592877987734975,-0.06000000000000005,-2.033898305084747,2.7118644067796636
2024-06-05,2.86,3.03,2.81,2.99,30671680.0,90102016.0,1173183040.0,0.026143985170464106,0.10000000000000009,3.460207612456756,7.612456747404836
2024-06-06,3.0,3.03,2.83,2.85,28477384.0,82996358.0,1173183040.0,0.024273606955654593,-0.14000000000000012,-4.682274247491646,6.688963210702331
2024-06-07,2.81,2.97,2.81,2.93,16375760.0,47678473.0,1173183040.0,0.013958401580711566,0.08000000000000007,2.807017543859658,5.614035087719303
2024-06-11,2.93,3.0,2.92,3.0,23637900.0,70175224.0,1173183040.0,0.020148518342031265,0.06999999999999984,2.3890784982935065,2.7303754266211624
2024-06-12,3.0,3.29,2.99,3.23,64662683.0,204981935.0,1173183040.0,0.05511730121840152,0.22999999999999998,7.666666666666666,9.999999999999993
2024-06-13,3.23,3.26,2.91,2.93,103982521.0,307777344.0,1173183040.0,0.08863281981982965,-0.2999999999999998,-9.287925696594424,10.835913312693487
2024-06-14,3.04,3.04,2.64,2.64,96297400.0,266685009.0,1173183040.0,0.0820821617059858,-0.29000000000000004,-9.897610921501709,13.651877133105797
2024-06-17,2.58,2.77,2.46,2.63,59515507.0,155565486.0,1173183040.0,0.050729941510235264,-0.010000000000000231,-0.37878787878788955,11.742424242424244
2024-06-18,2.64,2.78,2.61,2.68,43383132.0,117576903.0,1173183040.0,0.036978996900602995,0.050000000000000266,1.9011406844106515,6.463878326996195
2024-06-19,2.7,2.72,2.64,2.64,20421860.0,54508394.0,1173183040.0,0.01740722402533197,-0.040000000000000036,-1.4925373134328401,2.985074626865674
2024-06-20,2.63,2.64,2.5,2.52,24226895.0,62280941.0,1173183040.0,0.020650567024903463,-0.1200000000000001,-4.545454545454552,5.303030303030307
2024-06-21,2.48,2.52,2.4,2.44,22511740.0,55161325.0,1173183040.0,0.019188599930663845,-0.08000000000000007,-3.1746031746031744,4.761904761904765
2024-06-24,2.43,2.62,2.35,2.37,31459180.0,78177386.0,1173183040.0,0.02681523592431067,-0.06999999999999984,-2.868852459016391,11.065573770491804
2024-06-25,2.36,2.4,2.26,2.29,26551580.0,61453770.0,1173183040.0,0.022632086464529865,-0.08000000000000007,-3.3755274261603407,5.907172995780596
2024-06-26,2.3,2.4,2.27,2.39,23375987.0,53960183.0,1173183040.0,0.01992526843893004,0.10000000000000009,4.366812227074246,5.676855895196502
2024-06-27,2.39,2.43,2.22,2.25,24485220.0,56301466.0,1173183040.0,0.020870758581712875,-0.14000000000000012,-5.857740585774063,8.786610878661087
2024-06-28,2.27,2.3,2.22,2.24,16781060.0,38069429.0,1173183040.0,0.014303871968691262,-0.009999999999999787,-0.4444444444444362,3.555555555555539
2024-07-01,2.22,2.27,2.21,2.25,14168408.0,31792442.0,1181386559.0,0.011993033010290073,0.009999999999999787,0.44642857142855874,2.678571428571431
2024-07-02,2.24,2.27,2.18,2.19,16096640.0,35647274.0,1181386559.0,0.01362521003593033,-0.06000000000000005,-2.6666666666666727,3.999999999999994
2024-07-03,2.19,2.27,2.18,2.25,18225500.0,40698238.0,1181386559.0,0.015427211238485065,0.06000000000000005,2.7397260273972712,4.109589041095884
2024-07-04,2.25,2.26,2.09,2.11,26160700.0,56315834.0,1181386559.0,0.022144064362933046,-0.14000000000000012,-6.2222222222222285,7.555555555555553
2024-07-05,2.12,2.17,2.09,2.14,12238100.0,26178932.0,1181386559.0,0.010359098727480951,0.03000000000000025,1.4218009478673022,3.7914691943128
2024-07-08,2.12,2.14,2.06,2.09,7702400.0,16129610.0,1181386559.0,0.006519796540194089,-0.050000000000000266,-2.336448598130858,3.738317757009349
2024-07-09,2.09,2.12,2.03,2.09,13707380.0,28437785.0,1181386559.0,0.01160278987057614,0.0,0.0,4.306220095693795
2024-07-10,2.07,2.14,2.03,2.08,12290872.0,25680984.0,1181386559.0,0.010403768272430464,-0.009999999999999787,-0.4784688995215225,5.263157894736858
2024-07-11,2.11,2.22,2.11,2.17,27192472.0,58966837.0,1181386559.0,0.023017421175857478,0.08999999999999986,4.3269230769230616,5.288461538461553
2024-07-12,2.15,2.2,2.14,2.18,21682800.0,47199291.0,1181386559.0,0.018353687736513347,0.010000000000000231,0.4608294930875667,2.7649769585253483
2024-07-15,2.19,2.3,2.17,2.25,21225947.0,47484244.0,1181386559.0,0.017966978579785926,0.06999999999999984,3.2110091743119185,5.963302752293573
2024-07-16,2.23,2.48,2.2,2.48,48541834.0,116769479.0,1181386559.0,0.04108886598565068,0.22999999999999998,10.222222222222221,12.444444444444436
2024-07-17,2.58,2.62,2.48,2.49,46658634.0,118260417.0,1181386559.0,0.039494806881411285,0.010000000000000231,0.40322580645162365,5.645161290322586
2024-07-18,2.51,2.57,2.43,2.54,27686700.0,69580650.0,1181386559.0,0.023435766886865352,0.04999999999999982,2.008032128514059,5.622489959839344
2024-07-19,2.53,2.75,2.52,2.71,40779411.0,108741369.0,1181386559.0,0.03451826219736092,0.16999999999999993,6.69291338582676,9.05511811023622
2024-07-22,2.71,2.73,2.62,2.67,30403600.0,80872270.0,1181386559.0,0.025735522186519137,-0.040000000000000036,-1.4760147601476037,4.0590405904059
2024-07-23,2.64,2.69,2.57,2.6,19303300.0,50973185.0,1181386559.0,0.01633952904994918,-0.06999999999999984,-2.621722846441943,4.494382022471914
2024-07-24,2.6,2.6,2.34,2.46,41639660.0,101459591.0,1181386559.0,0.03524643113871757,-0.14000000000000012,-5.384615384615388,10.000000000000009
2024-07-25,2.45,2.49,2.38,2.43,19419140.0,47313819.0,1181386559.0,0.016437583322801288,-0.029999999999999805,-1.2195121951219412,4.471544715447168
2024-07-26,2.45,2.58,2.44,2.56,22543180.0,56460695.0,1181386559.0,0.019081967564521782,0.1299999999999999,5.349794238683114,5.761316872427988
2024-07-29,2.57,2.65,2.55,2.56,17673080.0,45810100.0,1181386559.0,0.014959608153117645,0.0,0.0,3.9062500000000036
2024-07-30,2.56,2.59,2.47,2.57,12375684.0,31550292.0,1181386559.0,0.010475558491604609,0.009999999999999787,0.390625,4.687499999999987
2024-07-31,2.58,2.68,2.55,2.66,18092610.0,47518552.0,1181386559.0,0.015314724771640136,0.0900000000000003,3.5019455252918386,5.058365758754877
2024-08-01,2.66,2.72,2.64,2.67,16882100.0,45297988.0,1181386559.0,0.014290072856669432,0.009999999999999787,0.3759398496240518,3.0075187969924837
2024-08-02,2.66,2.67,2.61,2.62,8494080.0,22393249.0,1181386559.0,0.0071899243607358495,-0.04999999999999982,-1.872659176029956,2.247191011235957
2024-08-05,2.59,2.66,2.57,2.6,12153040.0,31808115.0,1181386559.0,0.010287098585485092,-0.020000000000000018,-0.7633587786259555,3.435114503816805
2024-08-06,2.6,2.79,2.6,2.79,28069639.0,76256154.0,1181386559.0,0.023759910578092163,0.18999999999999995,7.307692307692304,7.307692307692306
2024-08-07,2.82,2.85,2.72,2.74,16335700.0,45109053.0,1181386559.0,0.013827565478506516,-0.04999999999999982,-1.7921146953404965,4.659498207885301
2024-08-08,2.72,2.79,2.7,2.72,13807700.0,37691043.0,1181386559.0,0.011687707037811322,-0.020000000000000018,-0.7299270072992692,3.2846715328467098
2024-08-09,2.73,2.74,2.65,2.66,9830640.0,26457135.0,1181386559.0,0.008321272935694539,-0.06000000000000005,-2.2058823529411797,3.308823529411776
2024-08-12,2.93,2.93,2.44,2.52,41933700.0,110317467.0,1181386559.0,0.03549532511652691,-0.14000000000000012,-5.263157894736848,18.421052631578956
2024-08-13,2.49,2.52,2.42,2.5,20724850.0,51139104.0,1181386559.0,0.017542818514494372,-0.020000000000000018,-0.7936507936507908,3.9682539682539715
2024-08-14,2.52,2.53,2.25,2.26,49272108.0,115536057.0,1181386559.0,0.04170701589978052,-0.2400000000000002,-9.600000000000009,11.199999999999992
2024-08-15,2.29,2.34,2.18,2.27,31860152.0,72095809.0,1181386559.0,0.02696843954866766,0.010000000000000231,0.4424778761062065,7.079646017699102
2024-08-16,2.27,2.28,2.23,2.25,13538000.0,30412542.0,1181386559.0,0.011459415969197598,-0.020000000000000018,-0.8810572687224627,2.2026431718061596
2024-08-19,2.25,2.27,2.2,2.21,14621800.0,32555792.0,1181386559.0,0.0123768125586064,-0.040000000000000036,-1.7777777777777781,3.111111111111104
2024-08-20,2.2,2.23,2.17,2.18,11357200.0,24897824.0,1181386559.0,0.009613449478901682,-0.029999999999999805,-1.3574660633484115,2.714932126696835
2024-08-21,2.17,2.2,2.14,2.18,8345812.0,18112794.0,1181386559.0,0.0070644209860186834,0.0,0.0,2.7522935779816535
2024-08-22,2.18,2.26,2.12,2.14,22319684.0,48809240.0,1181386559.0,0.01889278647193412,-0.040000000000000036,-1.834862385321101,6.422018348623839
2024-08-23,2.15,2.16,2.1,2.12,13443780.0,28489767.0,1181386559.0,0.011379662226206181,-0.020000000000000018,-0.9345794392523366,2.803738317757012
2024-08-26,2.13,2.13,2.08,2.1,9153240.0,19233433.0,1181386559.0,0.007747878905739269,-0.020000000000000018,-0.9433962264150941,2.3584905660377276
2024-08-27,2.1,2.11,2.05,2.06,12714500.0,26298293.0,1181386559.0,0.010762353696289176,-0.040000000000000036,-1.904761904761909,2.8571428571428594
2024-08-28,2.06,2.13,2.05,2.09,14830100.0,31033165.0,1181386559.0,0.01255313079958615,0.029999999999999805,1.4563106796116498,3.883495145631071
2024-08-29,2.09,2.11,2.05,2.09,8933900.0,18577250.0,1181386559.0,0.007562215713341293,0.0,0.0,2.8708133971291896
2024-08-30,2.1,2.17,2.09,2.11,20708600.0,44129217.0,1181386559.0,0.017529063490894177,0.020000000000000018,0.9569377990430672,3.827751196172252
2024-09-02,2.1,2.17,2.07,2.08,19676200.0,41631043.0,1181386559.0,0.016655175099211536,-0.029999999999999805,-1.421800947867291,4.739336492891
2024-09-03,2.07,2.11,2.07,2.09,8661380.0,18091511.0,1181386559.0,0.007331537619093565,0.009999999999999787,0.48076923076922906,1.9230769230769247
2024-09-04,2.08,2.1,2.06,2.06,7423800.0,15412237.0,1181386559.0,0.006283971950962411,-0.029999999999999805,-1.4354066985645786,1.913875598086126
2024-09-05,2.07,2.1,2.07,2.08,8846520.0,18410989.0,1181386559.0,0.00748825177720682,0.020000000000000018,0.9708737864077666,1.4563106796116625
2024-09-06,2.09,2.12,2.06,2.07,11191000.0,23356693.0,1181386559.0,0.009472767329833825,-0.010000000000000231,-0.48076923076924016,2.8846153846153872
2024-09-09,2.07,2.08,2.03,2.04,11737212.0,24104482.0,1181386559.0,0.009935115572954475,-0.029999999999999805,-1.449275362318836,2.4154589371980806
2024-09-10,2.04,2.05,2.0,2.04,12314400.0,24968115.0,1181386559.0,0.010423683853677567,0.0,0.0,2.450980392156854
2024-09-11,2.04,2.04,2.0,2.02,5515700.0,11111444.0,1181386559.0,0.004668835918252562,-0.020000000000000018,-0.9803921568627416,1.960784313725492
2024-09-12,2.02,2.04,2.01,2.02,6135211.0,12426738.0,1181386559.0,0.005193229052134493,0.0,0.0,1.4851485148514973
2024-09-13,2.03,2.03,1.98,1.98,8572500.0,17110304.0,1181386559.0,0.007256303988472921,-0.040000000000000036,-1.980198019801982,2.4752475247524663
2024-09-18,1.97,2.01,1.89,1.98,21516511.0,41791831.0,1181386559.0,0.018212930252239308,0.0,0.0,6.060606060606054
2024-09-19,1.97,2.0,1.94,1.98,18710680.0,36926757.0,1181386559.0,0.01583789815235235,0.0,0.0,3.030303030303033
2024-09-20,1.98,2.04,1.97,2.02,13927100.0,27966667.0,1181386559.0,0.011788774718910612,0.040000000000000036,2.020202020202011,3.5353535353535386
2024-09-23,2.02,2.18,2.01,2.15,34740251.0,73599735.0,1181386559.0,0.029406336761953967,0.1299999999999999,6.435643564356441,8.415841584158434
2024-09-24,2.19,2.24,2.15,2.2,27788991.0,60864753.0,1181386559.0,0.023522352432655363,0.050000000000000266,2.3255813953488413,4.1860465116279215
2024-09-25,2.21,2.24,2.14,2.16,35366200.0,77543579.0,1181386559.0,0.02993617942457055,-0.040000000000000036,-1.8181818181818188,4.545454545454549
2024-09-26,2.15,2.18,2.13,2.18,34058274.0,73518778.0,1181386559.0,0.028829068470889892,0.020000000000000018,0.92592592592593,2.314814814814827
2024-09-27,2.22,2.39,2.22,2.31,53529031.0,123050850.0,1181386559.0,0.04531034367388634,0.1299999999999999,5.9633027522935755,7.798165137614675
2024-09-30,2.38,2.48,2.35,2.46,104999021.0,254215928.0,1181386559.0,0.08887778534477131,0.1499999999999999,6.493506493506485,5.627705627705623
2024-10-08,2.69,2.7,2.27,2.42,140920175.0,347712966.0,1181386559.0,0.11928371279192791,-0.040000000000000036,-1.6260162601625994,17.479674796747975
2024-10-09,2.38,2.38,2.18,2.18,85463781.0,190326115.0,1181386559.0,0.0723419276687403,-0.23999999999999977,-9.917355371900815,8.264462809917344
2024-10-10,2.18,2.21,2.07,2.1,58690620.0,124425709.0,1181386559.0,0.049679437736010336,-0.08000000000000007,-3.669724770642202,6.422018348623859
2024-10-11,2.08,2.11,1.98,2.01,46379349.0,94794363.0,1181386559.0,0.03925840246503092,-0.0900000000000003,-4.285714285714304,6.190476190476185
2024-10-14,2.02,2.05,2.0,2.05,28645740.0,58142284.0,1181386559.0,0.024247558753544275,0.040000000000000036,1.990049751243772,2.4875621890547177
2024-10-15,2.04,2.06,2.01,2.02,26729460.0,54449317.0,1181386559.0,0.022625498653569835,-0.029999999999999805,-1.4634146341463317,2.4390243902439157
2024-10-16,2.01,2.04,1.99,2.01,18854540.0,37986135.0,1181386559.0,0.01595967031820615,-0.010000000000000231,-0.4950495049505066,2.4752475247524774
2024-10-17,2.02,2.06,2.0,2.01,29292445.0,59345480.0,1181386559.0,0.024794970601997514,0.0,0.0,2.985074626865675
2024-10-18,2.0,2.03,1.94,2.02,49765357.0,98658166.0,1181386559.0,0.04212453292352042,0.010000000000000231,0.4975124378109541,4.477611940298501
2024-10-21,2.01,2.01,1.96,1.97,46330240.0,91589701.0,1181386559.0,0.03921683351401664,-0.050000000000000044,-2.4752475247524774,2.4752475247524663
2024-10-22,1.96,2.02,1.94,2.0,50316780.0,99990087.0,1181386559.0,0.04259129208528603,0.030000000000000027,1.522842639593902,4.0609137055837605
2024-10-23,2.0,2.2,1.98,2.2,114378055.0,241895883.0,1181386559.0,0.09681679051505106,0.20000000000000018,10.000000000000009,11.00000000000001
2024-10-24,2.25,2.26,2.15,2.22,95971074.0,212001076.0,1181386559.0,0.081235962326536,0.020000000000000018,0.9090909090909038,4.999999999999994
2024-10-25,2.21,2.31,2.19,2.25,84691211.0,190278844.0,1181386559.0,0.07168797575595237,0.029999999999999805,1.3513513513513375,5.40540540540541
2024-10-28,2.2,2.35,2.2,2.33,87032821.0,198137042.0,1181386559.0,0.07367006195979584,0.08000000000000007,3.5555555555555562,6.6666666666666625
2024-10-29,2.32,2.34,2.18,2.19,72674040.0,162352099.0,1181386559.0,0.06151588525056175,-0.14000000000000012,-6.008583690987135,6.866952789699559
2024-10-30,2.17,2.26,2.15,2.22,45045483.0,99988682.0,1181386559.0,0.0381293342613694,0.03000000000000025,1.3698630136986356,5.022831050228305
2024-10-31,2.22,2.3,2.21,2.27,58728172.0,132977315.0,1181386559.0,0.04971122411424016,0.04999999999999982,2.2522522522522515,4.054054054054047
2024-11-01,2.25,2.27,2.13,2.15,64931500.0,141564340.0,1181386559.0,0.0549621116859177,-0.1200000000000001,-5.286343612334809,6.167400881057274
2024-11-04,2.15,2.17,2.1,2.12,34986100.0,74214765.0,1181386559.0,0.029614438841774567,-0.029999999999999805,-1.3953488372092981,3.255813953488365
2024-11-05,2.13,2.33,2.11,2.28,120615885.0,272393716.0,1181386559.0,0.10209688275283653,0.1599999999999997,7.547169811320731,10.377358490566046
2024-11-06,2.3,2.37,2.22,2.3,112140066.0,256856097.0,1181386559.0,0.09492241565277534,0.020000000000000018,0.8771929824561431,6.5789473684210495
2024-11-07,2.3,2.53,2.29,2.53,198745582.0,493101493.0,1181386559.0,0.16823077974429537,0.22999999999999998,10.000000000000009,10.434782608695643
2024-11-08,2.56,2.56,2.41,2.44,154003036.0,379936688.0,1181386559.0,0.13035787044196429,-0.08999999999999986,-3.5573122529644174,5.928853754940708
2024-11-11,2.42,2.49,2.42,2.46,80984781.0,198351764.0,1181386559.0,0.06855061993303074,0.020000000000000018,0.8196721311475308,2.8688524590164053
2024-11-12,2.46,2.49,2.33,2.35,95069432.0,227220727.0,1181386559.0,0.08047275574260195,-0.10999999999999988,-4.471544715447151,6.504065040650413
2024-11-13,2.34,2.36,2.25,2.32,59990735.0,137688278.0,1181386559.0,0.05077993696727,-0.03000000000000025,-1.276595744680864,4.680851063829781
2024-11-14,2.3,2.34,2.26,2.27,53417418.0,122280475.0,1181386559.0,0.04521586740009626,-0.04999999999999982,-2.155172413793094,3.448275862068969
2024-11-15,2.28,2.29,2.17,2.17,67581682.0,150119005.0,1181386559.0,0.057205392667752535,-0.10000000000000009,-4.405286343612335,5.286343612334806
2024-11-18,2.17,2.21,2.11,2.12,62379581.0,134053933.0,1181386559.0,0.052802006696946006,-0.04999999999999982,-2.304147465437778,4.60829493087558
2024-11-19,2.12,2.15,2.07,2.15,47747562.0,100809926.0,1181386559.0,0.040416544133036816,0.029999999999999805,1.4150943396226356,3.7735849056603805
2024-11-20,2.14,2.37,2.12,2.28,118788404.0,272242127.0,1181386559.0,0.10054998771998049,0.1299999999999999,6.04651162790697,11.627906976744185
2024-11-21,2.23,2.31,2.22,2.27,83531249.0,189244441.0,1181386559.0,0.07070611085223968,-0.009999999999999787,-0.43859649122806044,3.9473684210526256
2024-11-22,2.26,2.3,2.15,2.16,65327750.0,145190568.0,1181386559.0,0.0552975226460148,-0.10999999999999988,-4.8458149779735615,6.607929515418498
2024-11-25,2.15,2.2,2.12,2.2,49061800.0,106143852.0,1181386559.0,0.04152899796111528,0.040000000000000036,1.85185185185186,3.703703703703707
2024-11-26,2.18,2.27,2.18,2.19,43579943.0,96799228.0,1181386559.0,0.03688880888985973,-0.010000000000000231,-0.454545454545463,4.090909090909084
2024-11-27,2.18,2.2,2.11,2.19,47132660.0,101381220.0,1181386559.0,0.039896052347079394,0.0,0.0,4.109589041095904
2024-11-28,2.19,2.29,2.18,2.26,70252582.0,157882877.0,1181386559.0,0.059466210669830384,0.06999999999999984,3.1963470319634535,5.022831050228305
2024-11-29,2.26,2.32,2.25,2.29,65255615.0,149344974.0,1181386559.0,0.05523646303817479,0.03000000000000025,1.3274336283185972,3.097345132743356
2024-12-02,2.3,2.43,2.3,2.41,92930552.0,221580179.0,1181386559.0,0.07866227298087958,0.1200000000000001,5.240174672489095,5.676855895196521
2024-12-03,2.4,2.41,2.33,2.38,75435744.0,178166309.0,1181386559.0,0.0638535654780545,-0.03000000000000025,-1.2448132780083054,3.3195020746887995
2024-12-04,2.35,2.41,2.3,2.33,59740714.0,141186515.0,1181386559.0,0.05056830344385186,-0.04999999999999982,-2.1008403361344463,4.621848739495812
2024-12-05,2.33,2.51,2.31,2.44,120554035.0,293745809.0,1181386559.0,0.1020445290168567,0.10999999999999988,4.721030042918439,8.583690987124452
2024-12-06,2.43,2.61,2.42,2.54,147652070.0,373062359.0,1181386559.0,0.12498201276725376,0.10000000000000009,4.098360655737698,7.786885245901637
2024-12-09,2.54,2.61,2.44,2.5,93055998.0,233226923.0,1181386559.0,0.07876845837722113,-0.040000000000000036,-1.5748031496062964,6.692913385826768
2024-12-10,2.56,2.69,2.49,2.51,124002480.0,317050520.0,1181386559.0,0.10496351008510162,0.009999999999999787,0.40000000000000036,7.999999999999989
2024-12-11,2.47,2.67,2.46,2.66,147003382.0,382380061.0,1181386559.0,0.12443292238268981,0.15000000000000036,5.976095617529897,8.366533864541832
2024-12-12,2.64,2.64,2.57,2.61,87976416.0,228709692.0,1181386559.0,0.07446878020558215,-0.050000000000000266,-1.8796992481203145,2.6315789473684315
2024-12-13,2.59,2.6,2.49,2.5,79749039.0,202268558.0,1181386559.0,0.06750461006387665,-0.10999999999999988,-4.214559386973171,4.214559386973176
2024-12-16,2.51,2.67,2.49,2.57,98173991.0,252581442.0,1181386559.0,0.08310065003879903,0.06999999999999984,2.8000000000000025,7.199999999999989
2024-12-17,2.56,2.57,2.38,2.39,83078441.0,202488529.0,1181386559.0,0.07032282563830998,-0.17999999999999972,-7.003891050583643,7.392996108949415
2024-12-18,2.4,2.42,2.33,2.35,62823600.0,149051368.0,1181386559.0,0.05317785234764974,-0.040000000000000036,-1.673640167364021,3.7656903765690317
2024-12-19,2.33,2.35,2.26,2.32,57563540.0,132144699.0,1181386559.0,0.04872540622836052,-0.03000000000000025,-1.276595744680864,3.829787234042566
2024-12-20,2.33,2.39,2.3,2.33,55850420.0,131464218.0,1181386559.0,0.04727531354959321,0.010000000000000231,0.4310344827586299,3.8793103448275996
2024-12-23,2.26,2.27,2.1,2.1,95333900.0,201764154.0,1181386559.0,0.0806966181168479,-0.22999999999999998,-9.871244635193133,7.29613733905579
2024-12-24,1.92,2.04,1.91,1.99,116001315.0,228113930.0,1181386559.0,0.09819082002946675,-0.1100000000000001,-5.238095238095242,6.190476190476195
2024-12-25,1.98,1.99,1.85,1.87,96825140.0,182838374.0,1181386559.0,0.08195889758722065,-0.11999999999999988,-6.030150753768837,7.035175879396981
2024-12-26,1.86,1.91,1.83,1.88,70411800.0,131298834.0,1181386559.0,0.059600982814296606,0.009999999999999787,0.53475935828875,4.278074866310152
2024-12-27,1.89,2.0,1.86,1.95,62905060.0,122641649.0,1181386559.0,0.053246805222878786,0.07000000000000006,3.7234042553191626,7.446808510638293
2024-12-30,1.93,1.93,1.86,1.89,47137780.0,88855290.0,1181386559.0,0.03990038623759219,-0.06000000000000005,-3.076923076923077,3.589743589743582
2024-12-31,1.89,1.91,1.85,1.86,35392540.0,66208341.0,1181386559.0,0.02995847525974773,-0.029999999999999805,-1.5873015873015817,3.174603174603166
2025-01-02,1.86,1.91,1.85,1.87,39374164.0,73894069.0,1181386559.0,0.033328772618954436,0.010000000000000009,0.5376344086021501,3.225806451612894
2025-01-03,1.87,1.88,1.73,1.74,56267379.0,99933267.0,1181386559.0,0.0476282539117664,-0.13000000000000012,-6.951871657754016,8.021390374331546
2025-01-06,1.74,1.74,1.66,1.73,37202525.0,63436251.0,1181386559.0,0.031490560576117065,-0.010000000000000009,-0.5747126436781658,4.5977011494252915
2025-01-07,1.72,1.8,1.7,1.79,36744351.0,64069482.0,1181386559.0,0.031102733241778823,0.06000000000000005,3.4682080924855585,5.780346820809254
2025-01-08,1.79,1.79,1.72,1.76,29930581.0,52526008.0,1181386559.0,0.025335129109082744,-0.030000000000000027,-1.6759776536312887,3.9106145251396685
2025-01-09,1.75,1.79,1.74,1.76,26257421.0,46259082.0,1181386559.0,0.022225935109864408,0.0,0.0,2.8409090909090935
2025-01-10,1.76,1.77,1.69,1.69,27840260.0,47850754.0,1181386559.0,0.02356574974372973,-0.07000000000000006,-3.9772727272727293,4.545454545454549
2025-01-13,1.67,1.72,1.65,1.71,22605360.0,38260618.0,1181386559.0,0.019134600633288566,0.020000000000000018,1.183431952662728,4.14201183431953
2025-01-14,1.71,1.83,1.71,1.81,46969409.0,84046007.0,1181386559.0,0.039757866417371356,0.10000000000000009,5.84795321637428,7.0175438596491295
2025-01-15,1.84,1.86,1.75,1.79,32877060.0,58618670.0,1181386559.0,0.027829214535697117,-0.020000000000000018,-1.104972375690605,6.077348066298348
2025-01-16,1.78,1.84,1.78,1.81,28548600.0,51672273.0,1181386559.0,0.024165333338619775,0.020000000000000018,1.1173184357541999,3.3519553072625725
2025-01-17,1.79,1.8,1.76,1.78,21428225.0,38173010.0,1181386559.0,0.01813819942063519,-0.030000000000000027,-1.6574585635359185,2.2099447513812174
2025-01-20,1.8,1.82,1.73,1.76,40056580.0,70667060.0,1181386559.0,0.033906412507271465,-0.020000000000000018,-1.1235955056179803,5.056179775280904
2025-01-21,1.76,1.77,1.7,1.71,32234771.0,55429064.0,1181386559.0,0.02728554066781117,-0.050000000000000044,-2.840909090909094,3.9772727272727306
2025-01-22,1.7,1.71,1.67,1.67,23463631.0,39528718.0,1181386559.0,0.019861095270849446,-0.040000000000000036,-2.3391812865497075,2.3391812865497097
2025-01-23,1.5,1.5,1.5,1.5,21833500.0,32750250.0,1181386559.0,0.01848124970922409,-0.16999999999999993,-10.179640718562865,0.0
2025-01-24,1.35,1.35,1.35,1.35,18582600.0,25086510.0,1181386559.0,0.015729483172493078,-0.1499999999999999,-9.999999999999998,0.0
2025-01-27,1.35,1.46,1.35,1.41,103585710.0,144475728.0,1181386559.0,0.08768146988880715,0.05999999999999983,4.444444444444429,8.14814814814814
2025-02-05,1.41,1.55,1.38,1.55,97702391.0,146964351.0,1181386559.0,0.08270145809234655,0.14000000000000012,9.929078014184412,12.056737588652494
2025-02-06,1.57,1.65,1.5,1.6,94208391.0,147361847.0,1181386559.0,0.0797439164025566,0.050000000000000044,3.2258064516129004,9.677419354838705
2025-02-07,1.6,1.63,1.56,1.58,75430405.0,120239108.0,1181386559.0,0.06384904621214672,-0.020000000000000018,-1.2499999999999956,4.37499999999999
2025-02-10,1.58,1.74,1.58,1.7,87383960.0,145528422.0,1181386559.0,0.0739672881279158,0.11999999999999988,7.594936708860756,10.126582278481006
2025-02-11,1.72,1.74,1.64,1.66,55729220.0,92416867.0,1181386559.0,0.047172722235110515,-0.040000000000000036,-2.352941176470591,5.882352941176476
2025-02-12,1.63,1.65,1.59,1.64,56941955.0,92278241.0,1181386559.0,0.048199257530235705,-0.020000000000000018,-1.2048192771084376,3.6144578313252915
2025-02-13,1.64,1.67,1.62,1.63,48449731.0,79490348.0,1181386559.0,0.041010904204810746,-0.010000000000000009,-0.6097560975609762,3.0487804878048674
2025-02-14,1.63,1.63,1.58,1.58,40720300.0,64803730.0,1181386559.0,0.03446822692351285,-0.04999999999999982,-3.0674846625766805,3.0674846625766765
2025-02-17,1.59,1.68,1.59,1.66,72100677.0,118931534.0,1181386559.0,0.0610305546907784,0.07999999999999985,5.063291139240489,5.69620253164556
2025-02-18,1.66,1.67,1.59,1.6,44690840.0,72503597.0,1181386559.0,0.03782914208692974,-0.05999999999999983,-3.6144578313252906,4.8192771084337265
2025-02-19,1.6,1.62,1.58,1.61,31179260.0,49906167.0,1181386559.0,0.02639208966994858,0.010000000000000009,0.6250000000000089,2.500000000000002
2025-02-20,1.61,1.61,1.58,1.59,32846870.0,52327031.0,1181386559.0,0.02780365981800543,-0.020000000000000018,-1.2422360248447228,1.8633540372670823
2025-02-21,1.59,1.59,1.53,1.56,41599014.0,64653479.0,1181386559.0,0.03521202580399427,-0.030000000000000027,-1.8867924528301883,3.7735849056603805
2025-02-24,1.56,1.63,1.56,1.61,53127400.0,85338127.0,1181386559.0,0.04497037789643584,0.050000000000000044,3.205128205128216,4.487179487179477
2025-02-25,1.61,1.71,1.58,1.64,81329090.0,134317526.0,1181386559.0,0.06884206475892367,0.029999999999999805,1.8633540372670732,8.074534161490677
2025-02-26,1.63,1.68,1.62,1.64,47221217.0,77185601.0,1181386559.0,0.039971012570154014,0.0,0.0,3.6585365853658436
2025-02-27,1.64,1.64,1.59,1.61,33500136.0,54014283.0,1181386559.0,0.028356625310141183,-0.029999999999999805,-1.8292682926829174,3.0487804878048674
2025-02-28,1.6,1.65,1.58,1.59,49235000.0,79135886.0,1181386559.0,0.04167560535111861,-0.020000000000000018,-1.2422360248447228,4.347826086956511
2025-03-03,1.58,1.59,1.54,1.56,34929920.0,54686195.0,1181386559.0,0.029566884550952473,-0.030000000000000027,-1.8867924528301883,3.1446540880503173
2025-03-04,1.57,1.57,1.52,1.54,38950200.0,59716439.0,1181386559.0,0.03296990278353082,-0.020000000000000018,-1.2820512820512886,3.2051282051282075
2025-03-05,1.53,1.54,1.45,1.52,52416547.0,77887642.0,1181386559.0,0.044368667140049965,-0.020000000000000018,-1.2987012987012991,5.844155844155849
2025-03-06,1.51,1.53,1.49,1.52,37824380.0,57260190.0,1181386559.0,0.032016937819249386,0.0,0.0,2.6315789473684235
2025-03-07,1.51,1.52,1.47,1.47,40405600.0,60149356.0,1181386559.0,0.03420184502031397,-0.050000000000000044,-3.289473684210531,3.2894736842105288
2025-03-10,1.47,1.52,1.47,1.5,33657160.0,50488758.0,1181386559.0,0.02848954031480563,0.030000000000000027,2.0408163265306145,3.40136054421769
2025-03-11,1.49,1.51,1.47,1.5,27717880.0,41388892.0,1181386559.0,0.023462159602917913,0.0,0.0,2.6666666666666687
2025-03-12,1.5,1.57,1.49,1.54,52997580.0,81318204.0,1181386559.0,0.04486049007097261,0.040000000000000036,2.6666666666666616,5.3333333333333375
2025-03-13,1.54,1.54,1.5,1.51,31380960.0,47418338.0,1181386559.0,0.026562821255189176,-0.030000000000000027,-1.9480519480519543,2.5974025974025996
2025-03-14,1.51,1.55,1.5,1.54,35096500.0,53431493.0,1181386559.0,0.029707888355956825,0.030000000000000027,1.9867549668874274,3.3112582781456985
2025-03-17,1.55,1.59,1.53,1.56,52281212.0,81765069.0,1181386559.0,0.04425411107119257,0.020000000000000018,1.2987012987013102,3.8961038961038996
2025-03-18,1.57,1.58,1.53,1.55,33631900.0,52019917.0,1181386559.0,0.028468158659658495,-0.010000000000000009,-0.6410256410256387,3.2051282051282075
2025-03-19,1.54,1.57,1.53,1.54,28760000.0,44467064.0,1181386559.0,0.024344275614870948,-0.010000000000000009,-0.6451612903225823,2.5806451612903247
2025-03-20,1.54,1.56,1.53,1.53,31362480.0,48261420.0,1181386559.0,0.026547178619119535,-0.010000000000000009,-0.6493506493506551,1.9480519480519498
2025-03-21,1.53,1.55,1.51,1.51,34477340.0,52528995.0,1181386559.0,0.029183792330584657,-0.020000000000000018,-1.3071895424836666,2.6143790849673225
2025-03-24,1.51,1.52,1.45,1.47,37476218.0,55276056.0,1181386559.0,0.03172223157145298,-0.040000000000000036,-2.6490066225165587,4.635761589403978
2025-03-25,1.46,1.47,1.41,1.45,34336980.0,49291236.0,1181386559.0,0.02906498278519859,-0.020000000000000018,-1.3605442176870763,4.081632653061228
2025-03-26,1.44,1.48,1.42,1.48,26049750.0,38126609.0,1181386559.0,0.02205014929410586,0.030000000000000027,2.0689655172413834,4.1379310344827624
2025-03-27,1.47,1.48,1.45,1.46,19504100.0,28485341.0,1181386559.0,0.01650949881849807,-0.020000000000000018,-1.3513513513513487,2.027027027027029
2025-03-28,1.46,1.46,1.41,1.41,20976488.0,29925941.0,1181386559.0,0.017755820768568607,-0.050000000000000044,-3.424657534246578,3.424657534246579
2025-03-31,1.4,1.4,1.36,1.39,26527108.0,36579943.0,1181386559.0,0.022454215174459252,-0.020000000000000018,-1.4184397163120588,2.8368794326241007
2025-04-01,1.39,1.42,1.39,1.39,17848004.0,25050689.0,1181386559.0,0.015107674845317078,0.0,0.0,2.158273381294966
2025-04-02,1.39,1.41,1.38,1.39,19463400.0,27049167.0,1181386559.0,0.01647504777477327,0.0,0.0,2.158273381294966
2025-04-03,1.38,1.41,1.37,1.41,21181840.0,29524842.0,1181386559.0,0.017929643636651532,0.020000000000000018,1.4388489208633004,2.8776978417266053
2025-04-07,1.37,1.38,1.27,1.27,42634980.0,54836724.0,1181386559.0,0.03608893268270204,-0.1399999999999999,-9.92907801418439,7.801418439716304
2025-04-08,1.22,1.29,1.22,1.28,38607580.0,48646483.0,1181386559.0,0.03267988763362933,0.010000000000000009,0.7874015748031482,5.511811023622052
2025-04-09,1.26,1.32,1.16,1.31,46043560.0,57995508.0,1181386559.0,0.038974169503819454,0.030000000000000027,2.34375,12.50000000000001
2025-04-10,1.31,1.38,1.31,1.38,45965344.0,62274294.0,1181386559.0,0.0389079625545325,0.06999999999999984,5.343511450381677,5.3435114503816665
2025-04-11,1.38,1.52,1.36,1.48,85210924.0,125909547.0,1181386559.0,0.07212789357628031,0.10000000000000009,7.246376811594213,11.59420289855072
2025-04-14,1.5,1.5,1.41,1.45,48552420.0,70823334.0,1181386559.0,0.041097826642871094,-0.030000000000000027,-2.0270270270270285,6.081081081081086
2025-04-15,1.45,1.47,1.42,1.43,35348060.0,51103094.0,1181386559.0,0.029920824585917775,-0.020000000000000018,-1.379310344827589,3.448275862068969
2025-04-16,1.42,1.42,1.32,1.37,46263440.0,63284160.0,1181386559.0,0.03916028978623245,-0.05999999999999983,-4.195804195804187,6.993006993006984
2025-04-17,1.35,1.37,1.33,1.33,31774388.0,42978463.0,1181386559.0,0.02689584349672629,-0.040000000000000036,-2.919708029197088,2.9197080291970825
2025-04-18,1.32,1.33,1.21,1.28,73923415.0,93874129.0,1181386559.0,0.06257343494966917,-0.050000000000000044,-3.759398496240607,9.022556390977451
2025-04-21,1.27,1.35,1.23,1.3,64029751.0,82737618.0,1181386559.0,0.05419881453044363,0.020000000000000018,1.5625,9.375000000000009
2025-04-23,1.24,1.3,1.24,1.3,110708203.0,139140065.0,1181386559.0,0.09371039661540621,0.0,0.0,4.615384615384619
2025-04-24,1.29,1.33,1.24,1.24,74736922.0,94979475.0,1181386559.0,0.06326203851791072,-0.06000000000000005,-4.615384615384621,6.923076923076929
2025-04-25,1.22,1.26,1.19,1.24,64066713.0,78104184.0,1181386559.0,0.05423010149550889,0.0,0.0,5.645161290322586
2025-04-28,1.23,1.28,1.22,1.25,45610290.0,56934468.0,1181386559.0,0.038607422483803625,0.010000000000000009,0.8064516129032251,4.8387096774193585
2025-04-29,1.24,1.31,1.24,1.31,62508378.0,80239874.0,1181386559.0,0.05291102859076967,0.06000000000000005,4.800000000000004,5.600000000000005
2025-04-30,1.3,1.38,1.28,1.33,61630778.0,81651922.0,1181386559.0,0.05216817267005998,0.020000000000000018,1.526717557251911,7.633587786259531
2025-05-06,1.36,1.38,1.34,1.37,42040589.0,57257521.0,1181386559.0,0.03558580269914854,0.040000000000000036,3.007518796992481,3.0075187969924673
2025-05-07,1.38,1.4,1.35,1.38,40136933.0,54994129.0,1181386559.0,0.033974428347969717,0.009999999999999787,0.7299270072992581,3.649635036496337
2025-05-08,1.38,1.45,1.37,1.44,48098964.0,68047604.0,1181386559.0,0.040713992920923356,0.06000000000000005,4.347826086956519,5.797101449275352
2025-05-09,1.43,1.47,1.4,1.43,36932700.0,53077121.0,1181386559.0,0.031262163699629496,-0.010000000000000009,-0.694444444444442,4.861111111111115
2025-05-12,1.44,1.48,1.42,1.47,37725712.0,54976600.0,1181386559.0,0.031933419008874975,0.040000000000000036,2.7972027972027913,4.195804195804199
2025-05-13,1.48,1.49,1.4,1.4,51348252.0,74015095.0,1181386559.0,0.04346439495931323,-0.07000000000000006,-4.761904761904767,6.122448979591842
2025-05-14,1.4,1.46,1.37,1.44,37501900.0,53370585.0,1181386559.0,0.03174397043398223,0.040000000000000036,2.857142857142869,6.428571428571418
2025-05-15,1.44,1.46,1.42,1.44,30253631.0,43690012.0,1181386559.0,0.025608578978254654,0.0,0.0,2.7777777777777803
2025-05-16,1.44,1.45,1.42,1.45,16332440.0,23492782.0,1181386559.0,0.013824806009156568,0.010000000000000009,0.694444444444442,2.0833333333333353
2025-05-19,1.46,1.52,1.45,1.51,43330505.0,64719138.0,1181386559.0,0.03667766885436522,0.06000000000000005,4.137931034482767,4.827586206896556
2025-05-20,1.51,1.59,1.49,1.57,47855299.0,74293811.0,1181386559.0,0.04050773951627462,0.06000000000000005,3.9735099337748325,6.622516556291397
2025-05-21,1.56,1.62,1.56,1.59,40740080.0,64825687.0,1181386559.0,0.034484969961470505,0.020000000000000018,1.273885350318471,3.821656050955417
2025-05-22,1.59,1.59,1.52,1.55,33614310.0,52325771.0,1181386559.0,0.02845326937565065,-0.040000000000000036,-2.515723270440251,4.402515723270444
2025-05-23,1.55,1.57,1.49,1.49,35144890.0,53565903.0,1181386559.0,0.029748848700080734,-0.06000000000000005,-3.8709677419354827,5.1612903225806495
2025-05-26,1.5,1.56,1.5,1.56,31968128.0,49188611.0,1181386559.0,0.027059837236560264,0.07000000000000006,4.697986577181212,4.026845637583897
2025-05-27,1.56,1.62,1.55,1.61,35010540.0,55477372.0,1181386559.0,0.02963512639726926,0.050000000000000044,3.205128205128216,4.487179487179491
2025-05-28,1.63,1.66,1.56,1.57,36965650.0,59098654.0,1181386559.0,0.03129005465517574,-0.040000000000000036,-2.4844720496894457,6.211180124223594
2025-05-29,1.56,1.59,1.55,1.58,26586971.0,41741592.0,1181386559.0,0.022504886988476393,0.010000000000000009,0.6369426751592355,2.5477707006369448
2025-05-30,1.57,1.58,1.51,1.53,31515000.0,48674232.0,1181386559.0,0.026676281154473503,-0.050000000000000044,-3.164556962025322,4.430379746835446
2025-06-03,1.52,1.57,1.51,1.55,19766031.0,30503504.0,1181386559.0,0.016731213716136412,0.020000000000000018,1.3071895424836555,3.921568627450984
2025-06-04,1.55,1.58,1.54,1.58,15693871.0,24564931.0,1181386559.0,0.013284280983596327,0.030000000000000027,1.9354838709677358,2.5806451612903247
2025-06-05,1.57,1.61,1.56,1.58,22947155.0,36345079.0,1181386559.0,0.01942391745122267,0.0,0.0,3.1645569620253196
2025-06-06,1.57,1.6,1.57,1.6,20628160.0,32810787.0,1181386559.0,0.017460974007915728,0.020000000000000018,1.2658227848101333,1.8987341772151913
2025-06-09,1.6,1.62,1.59,1.62,18742880.0,30124981.0,1181386559.0,0.015865154260655507,0.020000000000000018,1.2499999999999956,1.8750000000000018
2025-06-10,1.63,1.68,1.62,1.65,38215415.0,62998225.0,1181386559.0,0.032347934474849564,0.029999999999999805,1.8518518518518379,3.703703703703693
2025-06-11,1.65,1.7,1.63,1.69,32999640.0,54786921.0,1181386559.0,0.027932973969107093,0.040000000000000036,2.4242424242424176,4.242424242424246
2025-06-12,1.68,1.73,1.67,1.69,36458080.0,61805845.0,1181386559.0,0.030860415434944864,0.0,0.0,3.550295857988169
2025-06-13,1.68,1.7,1.63,1.64,30089898.0,49945819.0,1181386559.0,0.025469985053385054,-0.050000000000000044,-2.9585798816568087,4.14201183431953
2025-06-16,1.62,1.67,1.62,1.67,17502440.0,28937836.0,1181386559.0,0.01481516770837072,0.030000000000000027,1.8292682926829285,3.0487804878048674
2025-06-17,1.67,1.72,1.66,1.7,24998230.0,42448936.0,1181386559.0,0.021160076530039477,0.030000000000000027,1.7964071856287456,3.5928143712574885
2025-06-18,1.7,1.71,1.66,1.67,20729780.0,34719146.0,1181386559.0,0.017546991577038925,-0.030000000000000027,-1.764705882352946,2.941176470588238
2025-06-19,1.66,1.67,1.61,1.62,21830195.0,35681041.0,1181386559.0,0.018478452149039558,-0.04999999999999982,-2.9940119760478945,3.592814371257475
2025-06-20,1.62,1.64,1.57,1.57,21583400.0,34505658.0,1181386559.0,0.018269549315229682,-0.050000000000000044,-3.0864197530864224,4.3209876543209775
2025-06-23,1.56,1.61,1.54,1.6,14499720.0,22992056.0,1181386559.0,0.012273476356691815,0.030000000000000027,1.9108280254777066,4.458598726114653
2025-06-24,1.61,1.64,1.61,1.64,14336200.0,23313510.0,1181386559.0,0.012135062728439252,0.039999999999999813,2.499999999999991,1.8749999999999878
2025-06-25,1.64,1.66,1.63,1.64,15767740.0,25922404.0,1181386559.0,0.013346808358262352,0.0,0.0,1.8292682926829285
2025-06-26,1.64,1.67,1.63,1.65,13576900.0,22409981.0,1181386559.0,0.01149234337953899,0.010000000000000009,0.6097560975609762,2.4390243902439046
2025-06-27,1.64,1.66,1.62,1.63,16381229.0,26808284.0,1181386559.0,0.013866104092013798,-0.020000000000000018,-1.2121212121212088,2.424242424242413
2025-06-30,1.63,1.67,1.62,1.67,19901360.0,32936997.0,1112452271.0,0.017889630430715352,0.040000000000000036,2.4539877300613577,3.0674846625766765
2025-07-01,1.67,1.68,1.64,1.66,15477564.0,25625809.0,1112452271.0,0.013913013981343205,-0.010000000000000009,-0.5988023952095856,2.3952095808383254
2025-07-02,1.66,1.67,1.64,1.66,14151000.0,23428556.0,1112452271.0,0.012720545742856415,0.0,0.0,1.8072289156626522
2025-07-03,1.66,1.69,1.65,1.66,19044044.0,31801603.0,1112452271.0,0.017118976244150253,0.0,0.0,2.40963855421687
2025-07-04,1.66,1.74,1.65,1.73,48229945.0,82464823.0,1112452271.0,0.043354619570910115,0.07000000000000006,4.216867469879526,5.421686746987957
2025-07-07,1.71,1.74,1.69,1.72,24359956.0,41753068.0,1112452271.0,0.021897529121049364,-0.010000000000000009,-0.5780346820809301,2.890173410404627
2025-07-08,1.73,1.8,1.72,1.8,40703016.0,72247311.0,1112452271.0,0.03658855041341365,0.08000000000000007,4.651162790697683,4.651162790697678
2025-07-09,1.8,1.84,1.77,1.81,36554508.0,65922106.0,1112452271.0,0.03285939446834928,0.010000000000000009,0.5555555555555536,3.8888888888888924
2025-07-10,1.82,1.88,1.8,1.88,41221889.0,76463562.0,1112452271.0,0.03705497312072996,0.06999999999999984,3.8674033149171283,4.419889502762422
2025-07-11,1.87,1.88,1.79,1.79,57831460.0,104969136.0,1112452271.0,0.05198556514070885,-0.08999999999999986,-4.7872340425531785,4.787234042553185
2025-07-14,1.77,1.85,1.75,1.83,33225416.0,59957093.0,1112452271.0,0.02986682383248063,0.040000000000000036,2.2346368715083775,5.586592178770954
2025-07-15,1.79,1.8,1.74,1.74,46156800.0,81079669.0,1112452271.0,0.041491038495079846,-0.09000000000000008,-4.918032786885251,3.2786885245901667
2025-07-16,1.75,1.76,1.7,1.74,23290990.0,40191050.0,1112452271.0,0.020936619581048074,0.0,0.0,3.448275862068969
2025-07-17,1.74,1.76,1.72,1.75,20548776.0,35751739.0,1112452271.0,0.01847160236504205,0.010000000000000009,0.5747126436781658,2.2988505747126458
2025-07-18,1.76,1.8,1.75,1.79,24731333.0,43889651.0,1112452271.0,0.022231365465925683,0.040000000000000036,2.285714285714291,2.85714285714286
2025-07-21,1.8,1.82,1.79,1.8,18758285.0,33788004.0,1112452271.0,0.016862103201189832,0.010000000000000009,0.5586592178770999,1.6759776536312863
2025-07-22,1.8,1.8,1.75,1.77,19653980.0,34779922.0,1112452271.0,0.01766725684539503,-0.030000000000000027,-1.6666666666666718,2.77777777777778
2025-07-23,1.76,1.78,1.73,1.74,16980320.0,29780858.0,1112452271.0,0.015263863846253948,-0.030000000000000027,-1.6949152542372947,2.8248587570621493
2025-07-24,1.74,1.75,1.72,1.73,19532651.0,33816223.0,1112452271.0,0.017558192390979444,-0.010000000000000009,-0.5747126436781658,1.7241379310344844
2025-07-25,1.73,1.75,1.7,1.72,19084190.0,32847978.0,1112452271.0,0.017155064084542645,-0.010000000000000009,-0.5780346820809301,2.890173410404627
2025-07-28,1.72,1.74,1.7,1.73,14355500.0,24652380.0,1112452271.0,0.0129043738542559,0.010000000000000009,0.5813953488372103,2.325581395348839
2025-07-29,1.72,1.73,1.64,1.67,29005034.0,48635260.0,1112452271.0,0.026073059272850366,-0.06000000000000005,-3.4682080924855474,5.202312138728328
2025-07-30,1.66,1.67,1.64,1.66,14863120.0,24631521.0,1112452271.0,0.013360681071412906,-0.010000000000000009,-0.5988023952095856,1.7964071856287442
2025-07-31,1.65,1.66,1.62,1.63,14789370.0,24225248.0,1112452271.0,0.013294386092362968,-0.030000000000000027,-1.8072289156626509,2.4096385542168566
2025-08-01,1.62,1.67,1.6,1.66,14386910.0,23642751.0,1112452271.0,0.012932608773468898,0.030000000000000027,1.8404907975460238,4.294478527607352
2025-08-04,1.65,1.7,1.64,1.7,12716340.0,21336281.0,1112452271.0,0.011430908391754275,0.040000000000000036,2.4096385542168752,3.6144578313253044
2025-08-05,1.7,1.72,1.68,1.69,9722060.0,16460672.0,1112452271.0,0.00873930527487772,-0.010000000000000009,-0.588235294117645,2.35294117647059
2025-08-06,1.69,1.69,1.65,1.67,11789464.0,19664266.0,1112452271.0,0.010597725679864247,-0.020000000000000018,-1.183431952662728,2.3668639053254457
2025-08-07,1.66,1.68,1.65,1.67,10995140.0,18323603.0,1112452271.0,0.009883695945100012,0.0,0.0,1.7964071856287442
2025-08-08,1.67,1.71,1.66,1.69,15497200.0,26148908.0,1112452271.0,0.013930665075697436,0.020000000000000018,1.1976047904191711,2.994011976047907
2025-08-11,1.68,1.7,1.66,1.67,16571580.0,27682398.0,1112452271.0,0.01489644134134722,-0.020000000000000018,-1.183431952662728,2.3668639053254457
2025-08-12,1.67,1.68,1.65,1.66,12821280.0,21341122.0,1112452271.0,0.01152524052872377,-0.010000000000000009,-0.5988023952095856,1.7964071856287442
2025-08-13,1.66,1.67,1.64,1.64,19707870.0,32488297.0,1112452271.0,0.01771569937313742,-0.020000000000000018,-1.2048192771084376,1.8072289156626522
2025-08-14,1.64,1.65,1.6,1.61,20342300.0,32968520.0,1112452271.0,0.01828599799766151,-0.029999999999999805,-1.8292682926829174,3.0487804878048674
2025-08-15,1.61,1.65,1.6,1.64,16574610.0,27036009.0,1112452271.0,0.01489916505370683,0.029999999999999805,1.8633540372670732,3.1055900621117902
2025-08-18,1.64,1.66,1.63,1.65,16243330.0,26756440.0,1112452271.0,0.014601372502389362,0.010000000000000009,0.6097560975609762,1.8292682926829285
2025-08-19,1.64,1.65,1.62,1.64,14905720.0,24375862.0,1112452271.0,0.01339897484914209,-0.010000000000000009,-0.60606060606061,1.8181818181818064
2025-08-20,1.63,1.71,1.62,1.68,29403100.0,49140696.0,1112452271.0,0.026430886759365516,0.040000000000000036,2.4390243902439046,5.487804878048772
2025-08-21,1.67,1.72,1.67,1.69,23634540.0,40146865.0,1112452271.0,0.021245441819049513,0.010000000000000009,0.5952380952380931,2.976190476190479
2025-08-22,1.69,1.7,1.66,1.69,17416064.0,29260455.0,1112452271.0,0.015655560651015112,0.0,0.0,2.3668639053254457
2025-08-25,1.69,1.7,1.67,1.69,26498410.0,44498915.0,1112452271.0,0.023819817434666372,0.0,0.0,1.7751479289940846
2025-08-26,1.69,1.71,1.68,1.71,24818480.0,42178393.0,1112452271.0,0.02230970320883097,0.020000000000000018,1.183431952662728,1.7751479289940846
2025-08-27,1.7,1.71,1.64,1.66,27771802.0,46676123.0,1112452271.0,0.024964488566359355,-0.050000000000000044,-2.92397660818714,4.093567251461992
2025-08-28,1.66,1.67,1.59,1.63,30656385.0,50057986.0,1112452271.0,0.02755748340775332,-0.030000000000000027,-1.8072289156626509,4.8192771084337265
2025-08-29,1.62,1.63,1.59,1.59,23415114.0,37644797.0,1112452271.0,0.02104819650280529,-0.039999999999999813,-2.4539877300613355,2.453987730061338
2025-09-01,1.6,1.64,1.6,1.63,17961740.0,29128452.0,1112452271.0,0.016146076976276853,0.039999999999999813,2.515723270440229,2.5157232704402395
2025-09-02,1.63,1.65,1.6,1.64,22619220.0,36811810.0,1112452271.0,0.02033275547153789,0.010000000000000009,0.6134969325153339,3.0674846625766765
2025-09-03,1.64,1.64,1.6,1.61,14605100.0,23731115.0,1112452271.0,0.013128743030809993,-0.029999999999999805,-1.8292682926829174,2.4390243902438913
2025-09-04,1.61,1.63,1.6,1.61,11151660.0,17996192.0,1112452271.0,0.010024394116230807,0.0,0.0,1.8633540372670687
2025-09-05,1.62,1.62,1.6,1.62,11784320.0,18961089.0,1112452271.0,0.010593101661257699,0.010000000000000009,0.6211180124223503,1.2422360248447215
2025-09-08,1.61,1.65,1.61,1.65,14659260.0,23981339.0,1112452271.0,0.013177428265594327,0.029999999999999805,1.8518518518518379,2.469135802469124
2025-09-09,1.65,1.65,1.62,1.63,13413920.0,21924364.0,1112452271.0,0.012057973496644513,-0.020000000000000018,-1.2121212121212088,1.8181818181818064
2025-09-10,1.63,1.64,1.62,1.63,8523440.0,13854257.0,1112452271.0,0.007661847813334187,0.0,0.0,1.2269938650306624
2025-09-11,1.63,1.64,1.62,1.63,9929640.0,16179030.0,1112452271.0,0.008925902044385326,0.0,0.0,1.2269938650306624
2025-09-12,1.63,1.65,1.63,1.64,14527570.0,23808268.0,1112452271.0,0.013059050153172819,0.010000000000000009,0.6134969325153339,1.2269938650306762
2025-09-15,1.64,1.66,1.63,1.64,19080800.0,31350237.0,1112452271.0,0.01715201676279377,0.0,0.0,1.8292682926829285
2025-09-16,1.64,1.68,1.63,1.67,23006420.0,38004084.0,1112452271.0,0.020680815347987186,0.030000000000000027,1.8292682926829285,3.048780487804881
2025-09-17,1.67,1.7,1.65,1.67,21884500.0,36592225.0,1112452271.0,0.019672304664655586,0.0,0.0,2.994011976047907
2025-09-18,1.67,1.69,1.64,1.64,26418460.0,44083614.0,1112452271.0,0.02374794918280139,-0.030000000000000027,-1.7964071856287456,2.994011976047907
2025-09-19,1.64,1.66,1.6,1.62,24427800.0,39828224.0,1112452271.0,0.021958515108285486,-0.019999999999999796,-1.2195121951219412,3.6585365853658436
2025-09-22,1.62,1.63,1.6,1.61,11637980.0,18792127.0,1112452271.0,0.01046155444452322,-0.010000000000000009,-0.6172839506172867,1.8518518518518396
2025-09-23,1.61,1.62,1.53,1.54,32780650.0,50970270.0,1112452271.0,0.029467017016858603,-0.07000000000000006,-4.34782608695653,5.590062111801246
2025-09-24,1.54,1.57,1.53,1.57,14831220.0,23010434.0,1112452271.0,0.013332005683864527,0.030000000000000027,1.9480519480519431,2.5974025974025996
2025-09-25,1.56,1.58,1.55,1.56,11088360.0,17383852.0,1112452271.0,0.009967492798619132,-0.010000000000000009,-0.6369426751592355,1.9108280254777086
2025-09-26,1.55,1.6,1.55,1.58,13735120.0,21653190.0,1112452271.0,0.01234670498506268,0.020000000000000018,1.2820512820512775,3.2051282051282075
2025-09-29,1.58,1.59,1.56,1.57,10664300.0,16783740.0,1112452271.0,0.00958629891636942,-0.010000000000000009,-0.6329113924050667,1.8987341772151913
2025-09-30,1.57,1.58,1.56,1.58,8503620.0,13380785.0,1112452271.0,0.0076440313186254445,0.010000000000000009,0.6369426751592355,1.2738853503184724
2025-10-09,1.58,1.58,1.56,1.57,10169576.0,15944943.0,1112452271.0,0.00914158410666771,-0.010000000000000009,-0.6329113924050667,1.2658227848101276
2025-10-10,1.56,1.59,1.56,1.57,11582400.0,18233359.0,1112452271.0,0.010411592750481247,0.0,0.0,1.9108280254777086
2025-10-13,1.54,1.57,1.52,1.56,13441100.0,20770786.0,1112452271.0,0.012082406005533697,-0.010000000000000009,-0.6369426751592355,3.184713375796181
2025-10-14,1.56,1.57,1.54,1.55,13515500.0,21017276.0,1112452271.0,0.012149285279314245,-0.010000000000000009,-0.6410256410256387,1.9230769230769247
2025-10-15,1.55,1.56,1.54,1.56,11252640.0,17427106.0,1112452271.0,0.010115166549918437,0.010000000000000009,0.6451612903225712,1.2903225806451624
2025-10-16,1.56,1.56,1.53,1.54,13770200.0,21236351.0,1112452271.0,0.012378238922216196,-0.020000000000000018,-1.2820512820512886,1.9230769230769247
2025-10-17,1.54,1.61,1.53,1.58,28964277.0,45567117.0,1112452271.0,0.026036422195411205,0.040000000000000036,2.5974025974025983,5.194805194805199
2025-10-20,1.57,1.6,1.56,1.6,17430957.0,27547660.0,1112452271.0,0.015668948191665834,0.020000000000000018,1.2658227848101333,2.531645569620255
2025-10-21,1.6,1.62,1.59,1.62,16362916.0,26293491.0,1112452271.0,0.01470887014801195,0.020000000000000018,1.2499999999999956,1.8750000000000018
2025-10-22,1.61,1.67,1.6,1.65,25948059.0,42619906.0,1112452271.0,0.023325098681919093,0.029999999999999805,1.8518518518518379,4.3209876543209775
2025-10-23,1.64,1.67,1.64,1.66,18026800.0,29769003.0,1112452271.0,0.016204560384236025,0.010000000000000009,0.60606060606061,1.81818181818182
2025-10-24,1.66,1.69,1.65,1.66,17754200.0,29598977.0,1112452271.0,0.015959516163368055,0.0,0.0,2.40963855421687
2025-10-27,1.67,1.68,1.64,1.66,19084000.0,31553613.0,1112452271.0,0.01715489329069831,0.0,0.0,2.40963855421687
2025-10-28,1.64,1.65,1.6,1.61,33536500.0,54314101.0,1112452271.0,0.03014646189706057,-0.04999999999999982,-3.0120481927710774,3.012048192771074
2025-10-29,1.6,1.61,1.58,1.6,15598500.0,24837474.0,1112452271.0,0.01402172516217552,-0.010000000000000009,-0.6211180124223614,1.8633540372670823
2025-10-30,1.6,1.62,1.59,1.6,14670500.0,23531016.0,1112452271.0,0.013187532069859023,0.0,0.0,1.8750000000000018
2025-10-31,1.6,1.62,1.59,1.61,11767040.0,18881561.0,1112452271.0,0.010577568410573186,0.010000000000000009,0.6250000000000089,1.8750000000000018
2025-11-03,1.61,1.66,1.6,1.65,20915340.0,34256920.0,1112452271.0,0.018801112232166947,0.039999999999999813,2.4844720496894235,3.7267080745341503
2025-11-04,1.68,1.73,1.67,1.73,60955526.0,104865836.0,1112452271.0,0.054793834835903714,0.08000000000000007,4.8484848484848575,3.63636363636364
2025-11-05,1.71,1.76,1.68,1.75,52459806.0,90260452.0,1112452271.0,0.0471569049455426,0.020000000000000018,1.1560693641618602,4.624277456647403
2025-11-06,1.75,1.77,1.7,1.7,35073300.0,60552622.0,1112452271.0,0.03152791442321574,-0.050000000000000044,-2.857142857142858,4.0000000000000036
2025-11-07,1.71,1.79,1.7,1.76,63289790.0,112189603.0,1112452271.0,0.056892139689829445,0.06000000000000005,3.529411764705892,5.294117647058829
2025-11-10,1.76,1.84,1.75,1.83,59183328.0,106037538.0,1112452271.0,0.05320077952360079,0.07000000000000006,3.9772727272727293,5.113636363636368
2025-11-11,1.82,1.89,1.81,1.85,47375284.0,87516304.0,1112452271.0,0.042586352003590816,0.020000000000000018,1.0928961748633892,4.371584699453543
2025-11-12,1.84,1.89,1.84,1.87,35092775.0,65495756.0,1112452271.0,0.03154542079225977,0.020000000000000018,1.0810810810810922,2.7027027027026933
2025-11-13,1.86,1.88,1.85,1.86,26517253.0,49448391.0,1112452271.0,0.02383675568944926,-0.010000000000000009,-0.5347593582887722,1.6042780748662995
2025-11-14,1.86,1.93,1.86,1.92,32945492.0,62646359.0,1112452271.0,0.029615195958371143,0.05999999999999983,3.2258064516129004,3.763440860215045
2025-11-17,1.93,1.96,1.88,1.89,34005440.0,65005897.0,1112452271.0,0.03056799908317145,-0.030000000000000027,-1.5625,4.1666666666666705
2025-11-18,1.91,1.91,1.8,1.81,51081255.0,93645728.0,1112452271.0,0.04591770481450166,-0.07999999999999985,-4.232804232804222,5.820105820105813
2025-11-19,1.82,1.89,1.81,1.84,34535055.0,63770453.0,1112452271.0,0.031044077935097315,0.030000000000000027,1.6574585635359185,4.419889502762422
2025-11-20,1.83,1.84,1.77,1.8,28262820.0,50951064.0,1112452271.0,0.025405871997181622,-0.040000000000000036,-2.1739130434782594,3.8043478260869596
2025-11-21,1.78,1.81,1.71,1.74,24594305.0,43057952.0,1112452271.0,0.022108188945393417,-0.06000000000000005,-3.3333333333333326,5.55555555555556
2025-11-24,1.75,1.79,1.75,1.77,17545050.0,31069363.0,1112452271.0,0.015771508097357285,0.030000000000000027,1.724137931034475,2.2988505747126458
2025-11-25,1.78,1.81,1.77,1.77,15063502.0,26924749.0,1112452271.0,0.013540807450965238,0.0,0.0,2.25988700564972
2025-11-26,1.77,1.8,1.75,1.76,16860940.0,29793468.0,1112452271.0,0.015156551377115217,-0.010000000000000009,-0.5649717514124353,2.8248587570621493
2025-11-27,1.76,1.78,1.74,1.78,11192000.0,19712474.0,1112452271.0,0.010060656346127411,0.020000000000000018,1.1363636363636465,2.2727272727272747
2025-11-28,1.77,1.79,1.75,1.78,12536260.0,22193480.0,1112452271.0,0.011269031783926306,0.0,0.0,2.247191011235957
2025-12-01,1.78,1.79,1.75,1.76,15459200.0,27381970.0,1112452271.0,0.013896506306831029,-0.020000000000000018,-1.1235955056179803,2.247191011235957
2025-12-02,1.77,1.78,1.74,1.76,12528100.0,22020480.0,1112452271.0,0.01126169663776973,0.0,0.0,2.2727272727272747
2025-12-03,1.77,1.77,1.72,1.73,13673100.0,23817567.0,1112452271.0,0.012290954278612822,-0.030000000000000027,-1.7045454545454586,2.8409090909090935
2025-12-04,1.73,1.74,1.67,1.7,18569780.0,31596117.0,1112452271.0,0.016692653234738192,-0.030000000000000027,-1.7341040462427793,4.046242774566478
2025-12-05,1.7,1.73,1.69,1.72,10400714.0,17826402.0,1112452271.0,0.00934935751504255,0.020000000000000018,1.17647058823529,2.35294117647059
2025-12-08,1.73,1.75,1.72,1.73,16377790.0,28459666.0,1112452271.0,0.014722240609278238,0.010000000000000009,0.5813953488372103,1.7441860465116297
2025-12-09,1.73,1.75,1.72,1.73,8493240.0,14722059.0,1112452271.0,0.007634700581235093,0.0,0.0,1.7341040462427761
2025-12-10,1.73,1.74,1.71,1.71,10390260.0,17849875.0,1112452271.0,0.009339960257944405,-0.020000000000000018,-1.1560693641618491,1.7341040462427761
2025-12-11,1.71,1.72,1.66,1.67,18800700.0,31673397.0,1112452271.0,0.016900230679649537,-0.040000000000000036,-2.3391812865497075,3.5087719298245648
2025-12-12,1.67,1.7,1.66,1.68,11433504.0,19220015.0,1112452271.0,0.010277747907083018,0.010000000000000009,0.5988023952095745,2.3952095808383254
2025-12-15,1.68,1.68,1.61,1.62,21486110.0,35155265.0,1112452271.0,0.0193141859296901,-0.05999999999999983,-3.5714285714285587,4.166666666666657
2025-12-16,1.62,1.64,1.61,1.62,11666400.0,18921788.0,1112452271.0,0.010487101607975413,0.0,0.0,1.8518518518518396
2025-12-17,1.62,1.64,1.61,1.64,10795960.0,17521505.0,1112452271.0,0.009704650061341823,0.019999999999999796,1.2345679012345512,1.8518518518518396
2025-12-18,1.63,1.67,1.62,1.65,11026466.0,18208277.0,1112452271.0,0.009911855355455515,0.010000000000000009,0.6097560975609762,3.0487804878048674
2025-12-19,1.64,1.68,1.64,1.67,7818886.0,13016068.0,1112452271.0,0.0070285136754419915,0.020000000000000018,1.21212121212122,2.4242424242424265
2025-12-22,1.67,1.74,1.67,1.71,12951324.0,22115552.0,1112452271.0,0.011642139027104382,0.040000000000000036,2.39520958083832,4.19161676646707
2025-12-23,1.71,1.72,1.68,1.69,7802500.0,13233073.0,1112452271.0,0.007013784054740808,-0.020000000000000018,-1.1695906432748537,2.3391812865497097
2025-12-24,1.69,1.72,1.69,1.72,7367600.0,12563940.0,1112452271.0,0.006622845934214467,0.030000000000000027,1.775147928994092,1.7751479289940846
2025-12-25,1.71,1.77,1.71,1.77,13527020.0,23688229.0,1112452271.0,0.012159640779770586,0.050000000000000044,2.9069767441860517,3.4883720930232593
2025-12-26,1.76,1.82,1.76,1.78,17961500.0,32172107.0,1112452271.0,0.016145861236684014,0.010000000000000009,0.5649717514124353,3.3898305084745792
2025-12-29,1.77,1.8,1.76,1.78,14692266.0,26070195.0,1112452271.0,0.013207097853099713,0.0,0.0,2.247191011235957
2025-12-30,1.78,1.78,1.71,1.75,13490540.0,23560599.0,1112452271.0,0.012126848361658834,-0.030000000000000027,-1.6853932584269704,3.9325842696629247
2025-12-31,1.74,1.84,1.71,1.84,24392411.0,43655379.0,1181248500.0,0.020649686327644013,0.09000000000000008,5.142857142857138,7.428571428571436
2026-01-05,1.92,1.93,1.89,1.93,42638246.0,82165097.0,1181248500.0,0.03609591546571276,0.08999999999999986,4.891304347826075,2.1739130434782625
2026-01-06,1.93,1.97,1.89,1.91,63443862.0,122142835.0,1181248500.0,0.05370915772591457,-0.020000000000000018,-1.0362694300518172,4.145077720207258
2026-01-07,1.95,1.99,1.89,1.91,37606860.0,72928134.0,1181248500.0,0.03183653566544212,0.0,0.0,5.235602094240843
2026-01-08,1.88,2.01,1.85,2.01,60616263.0,117711940.0,1181248500.0,0.05131542008307312,0.09999999999999987,5.235602094240832,8.376963350785324
2026-01-09,2.01,2.11,2.01,2.07,62034562.0,128631485.0,1181248500.0,0.05251609800985991,0.06000000000000005,2.9850746268656803,4.975124378109458
2026-01-12,2.02,2.06,1.98,1.99,49110100.0,98694928.0,1181248500.0,0.04157474062400926,-0.07999999999999985,-3.864734299516903,3.864734299516912
2026-01-13,1.99,2.02,1.95,1.96,26277575.0,52034916.0,1181248500.0,0.02224559438593996,-0.030000000000000027,-1.5075376884422176,3.5175879396984957
2026-01-14,1.96,2.01,1.93,1.96,28122364.0,55577751.0,1181248500.0,0.02380732250665292,0.0,0.0,4.081632653061217
2026-01-15,1.96,2.05,1.96,2.04,31572700.0,63550275.0,1181248500.0,0.02672824558084095,0.08000000000000007,4.081632653061229,4.59183673469387
2026-01-16,2.04,2.05,1.99,2.02,19897451.0,40027330.0,1181248500.0,0.016844424352708172,-0.020000000000000018,-0.9803921568627416,2.941176470588227
2026-01-19,2.02,2.02,1.98,2.01,17168850.0,34338802.0,1181248500.0,0.01453449464697733,-0.010000000000000231,-0.4950495049505066,1.980198019801982
2026-01-20,2.0,2.01,1.96,1.98,22793581.0,45166659.0,1181248500.0,0.01929617773059606,-0.029999999999999805,-1.492537313432829,2.4875621890547177
2026-01-21,1.98,2.01,1.94,2.0,17623986.0,34753122.0,1181248500.0,0.014919795453708513,0.020000000000000018,1.0101010101010166,3.5353535353535275
2026-01-22,2.01,2.04,1.99,2.04,17602947.0,35421464.0,1181248500.0,0.01490198463744081,0.040000000000000036,2.0000000000000018,2.500000000000002
2026-01-23,2.04,2.05,2.01,2.03,15279850.0,30995855.0,1181248500.0,0.012935339177150278,-0.010000000000000231,-0.4901960784313819,1.960784313725492
2026-01-26,2.02,2.03,1.98,2.02,15561045.0,31193557.0,1181248500.0,0.013173388156683374,-0.009999999999999787,-0.49261083743841194,2.4630541871921094
2026-01-27,2.01,2.02,1.96,1.98,20320080.0,40277866.0,1181248500.0,0.0172022059710552,-0.040000000000000036,-1.980198019801982,2.970297029702973
2026-01-28,1.95,1.96,1.88,1.88,38174100.0,72159072.0,1181248500.0,0.03231673944982787,-0.10000000000000009,-5.05050505050505,4.040404040404044
2026-01-29,1.85,1.86,1.79,1.79,33929240.0,61575274.0,1181248500.0,0.028723202611474215,-0.08999999999999986,-4.7872340425531785,3.7234042553191524
2026-01-30,1.7,1.88,1.7,1.8,54379669.0,95468126.0,1181248500.0,0.046035757082442855,0.010000000000000009,0.5586592178770999,10.055865921787706
2026-02-02,1.83,1.83,1.71,1.71,53664300.0,93975241.0,1181248500.0,0.04543015292717832,-0.09000000000000008,-5.000000000000004,6.666666666666672
2026-02-03,1.72,1.78,1.71,1.76,33063682.0,57409324.0,1181248500.0,0.02799045416777249,0.050000000000000044,2.923976608187129,4.093567251461992
2026-02-04,1.76,1.79,1.72,1.74,34739453.0,61002054.0,1181248500.0,0.029409098085627198,-0.020000000000000018,-1.1363636363636354,3.9772727272727306
2026-02-05,1.75,1.81,1.74,1.77,26022925.0,46301662.0,1181248500.0,0.02203001739261468,0.030000000000000027,1.724137931034475,4.02298850574713
2026-02-06,1.76,1.84,1.76,1.82,26316949.0,47457917.0,1181248500.0,0.02227892691503947,0.050000000000000044,2.824858757062154,4.51977401129944
2026-02-09,1.82,1.84,1.79,1.8,23159340.0,41909616.0,1181248500.0,0.019605815372463965,-0.020000000000000018,-1.098901098901095,2.7472527472527495
2026-02-10,1.8,1.83,1.79,1.8,14138300.0,25556289.0,1181248500.0,0.011968946415593332,0.0,0.0,2.222222222222224
2026-02-11,1.8,1.83,1.79,1.8,14973480.0,27072704.0,1181248500.0,0.012675978001241907,0.0,0.0,2.222222222222224
2026-02-12,1.8,1.86,1.79,1.82,23113615.0,42070832.0,1181248500.0,0.01956710632860063,0.020000000000000018,1.1111111111111072,3.8888888888888924
2026-02-13,1.82,1.85,1.8,1.81,17817720.0,32464058.0,1181248500.0,0.015083803281020039,-0.010000000000000009,-0.5494505494505475,2.7472527472527495
2026-02-24,1.85,1.88,1.82,1.87,22185840.0,41139690.0,1181248500.0,0.018781687341825195,0.06000000000000005,3.314917127071837,3.314917127071814
2026-02-25,1.88,1.93,1.86,1.92,26384982.0,50345624.0,1181248500.0,0.022336521062248968,0.04999999999999982,2.6737967914438387,3.743315508021382
2026-02-26,1.93,1.95,1.91,1.94,24181484.0,46585566.0,1181248500.0,0.020471123561215103,0.020000000000000018,1.041666666666674,2.0833333333333353
2026-02-27,1.94,2.01,1.94,1.97,29548162.0,58326450.0,1181248500.0,0.02501434880128948,0.030000000000000027,1.546391752577314,3.6082474226804044
2026-03-02,1.95,1.97,1.88,1.95,33098300.0,64064094.0,1181248500.0,0.028019760448373055,-0.020000000000000018,-1.0152284263959421,4.56852791878173
2026-03-03,1.95,1.98,1.87,1.89,26568680.0,51332972.0,1181248500.0,0.022492032794115716,-0.06000000000000005,-3.076923076923077,5.641025641025635
2026-03-04,1.89,1.98,1.88,1.95,26273200.0,50941631.0,1181248500.0,0.022241890677533134,0.06000000000000005,3.1746031746031855,5.2910052910052965
2026-03-05,1.96,2.0,1.95,1.98,22502220.0,44390262.0,1181248500.0,0.019049522602568383,0.030000000000000027,1.538461538461533,2.5641025641025665
2026-03-06,2.0,2.08,2.0,2.08,36674898.0,75076700.0,1181248500.0,0.03104757212390111,0.10000000000000009,5.050505050505061,4.040404040404044
2026-03-09,2.13,2.18,2.04,2.04,75799000.0,161952185.0,1181248500.0,0.06416854709233494,-0.040000000000000036,-1.9230769230769273,6.730769230769236
2026-03-10,2.01,2.1,2.01,2.05,51127843.0,104555073.0,1181248500.0,0.043282885015303724,0.009999999999999787,0.4901960784313708,4.4117647058823675
2026-03-11,2.07,2.15,2.04,2.12,68830975.0,145768365.0,1181248500.0,0.05826968245885603,0.07000000000000028,3.4146341463414887,5.3658536585365795
2026-03-12,2.12,2.21,2.1,2.18,63054193.0,135952854.0,1181248500.0,0.05337927878850217,0.06000000000000005,2.8301886792452935,5.188679245283013
2026-03-13,2.17,2.18,2.1,2.13,52455559.0,112396443.0,1181248500.0,0.04440687882354983,-0.050000000000000266,-2.2935779816513846,3.6697247706422047
2026-03-16,2.14,2.19,2.12,2.14,36899235.0,79192405.0,1181248500.0,0.03123748728569814,0.010000000000000231,0.46948356807512415,3.2863849765258144
2026-03-17,2.14,2.16,2.03,2.05,45119400.0,94197927.0,1181248500.0,0.03819636596363932,-0.0900000000000003,-4.205607476635532,6.074766355140202
2026-03-18,2.09,2.13,2.06,2.1,34208182.0,71515877.0,1181248500.0,0.028959344286998038,0.050000000000000266,2.4390243902439046,3.4146341463414562
2026-03-19,2.06,2.08,2.0,2.01,47617004.0,96510943.0,1181248500.0,0.04031074240517554,-0.0900000000000003,-4.285714285714304,3.809523809523813
2026-03-20,2.01,2.05,2.0,2.01,25329060.0,51250087.0,1181248500.0,0.021442617704911373,0.0,0.0,2.4875621890547177
2026-03-23,1.91,1.91,1.91,1.91,10510300.0,20074673.0,1181248500.0,0.008897619764173246,-0.09999999999999987,-4.975124378109442,0.0
2026-03-24,1.83,1.86,1.81,1.82,59216970.0,107747973.0,1181248500.0,0.05013083191216751,-0.08999999999999986,-4.712041884816742,2.6178010471204214
2026-03-25,1.86,1.89,1.82,1.86,39068827.0,72483976.0,1181248500.0,0.033074181258219586,0.040000000000000036,2.19780219780219,3.8461538461538374
2026-03-26,1.86,1.91,1.84,1.88,30443907.0,57126632.0,1181248500.0,0.025772652409717347,0.019999999999999796,1.0752688172043001,3.763440860215045
2026-03-27,1.86,1.96,1.85,1.93,28908342.0,55333706.0,1181248500.0,0.02447270155263689,0.050000000000000044,2.659574468085113,5.851063829787228
2026-03-30,1.91,1.95,1.89,1.94,21255280.0,40904553.0,1181248500.0,0.01799391068009822,0.010000000000000009,0.5181347150259086,3.108808290155443
2026-03-31,1.94,2.0,1.93,1.93,27245600.0,53524863.0,1181248500.0,0.02306508749005819,-0.010000000000000009,-0.5154639175257714,3.6082474226804155
2026-04-01,1.96,1.99,1.94,1.99,25793200.0,50800490.0,1181248500.0,0.021835540955184283,0.06000000000000005,3.1088082901554515,2.5906735751295358
2026-04-02,1.98,2.05,1.97,2.0,28003240.0,56469778.0,1181248500.0,0.02370647666430899,0.010000000000000009,0.5025125628140614,4.020100502512555
2026-04-03,2.01,2.02,1.9,1.93,31612314.0,62011539.0,1181248500.0,0.026761781284801632,-0.07000000000000006,-3.500000000000003,6.000000000000005
2026-04-07,1.94,1.97,1.87,1.93,23292380.0,45177966.0,1181248500.0,0.019718441970508323,0.0,0.0,5.181347150259061
2026-04-08,1.91,1.96,1.83,1.87,51196610.0,97094230.0,1181248500.0,0.043341100538963645,-0.05999999999999983,-3.1088082901554293,6.735751295336782
2026-04-09,1.86,1.91,1.85,1.89,31317894.0,58883293.0,1181248500.0,0.026512536523855903,0.019999999999999796,1.0695187165775222,3.208556149732611
2026-04-10,1.89,1.94,1.89,1.92,23424757.0,44939857.0,1181248500.0,0.019830507297998685,0.030000000000000027,1.5873015873015817,2.6455026455026482
2026-04-13,1.91,1.98,1.91,1.96,26297676.0,51224197.0,1181248500.0,0.022262611127125242,0.040000000000000036,2.083333333333326,3.645833333333337
2026-04-14,1.96,2.04,1.96,2.04,31888300.0,63768169.0,1181248500.0,0.02699542052328532,0.08000000000000007,4.081632653061229,4.081632653061228
2026-04-15,2.05,2.12,2.04,2.05,44107900.0,91607773.0,1181248500.0,0.03734006857998127,0.009999999999999787,0.4901960784313708,3.921568627450984
2026-04-16,2.06,2.08,1.95,1.97,46099740.0,92193316.0,1181248500.0,0.03902628447782156,-0.07999999999999985,-3.9024390243902363,6.341463414634152
2026-04-17,1.96,2.03,1.96,2.02,33637580.0,67298201.0,1181248500.0,0.028476294361431995,0.050000000000000044,2.538071065989844,3.553299492385779
2026-04-20,2.12,2.12,2.12,2.12,2725180.0,5777382.0,1181248500.0,0.0023070336173971863,0.10000000000000009,4.950495049504955,0.0
2026-04-21,2.23,2.23,2.12,2.16,87737032.0,190512317.0,1181248500.0,0.07427483040190104,0.040000000000000036,1.8867924528301883,5.188679245283013
2026-04-22,2.19,2.26,2.12,2.21,66659588.0,144857286.0,1181248500.0,0.056431468907685384,0.04999999999999982,2.314814814814814,6.481481481481466
2026-04-23,2.21,2.23,2.16,2.18,36487668.0,79839801.0,1181248500.0,0.03088907033532741,-0.029999999999999805,-1.3574660633484115,3.1674208144796308
2026-04-24,2.17,2.18,2.13,2.17,27831580.0,60053036.0,1181248500.0,0.023561155844853982,-0.010000000000000231,-0.4587155963302836,2.293577981651388
2026-04-27,2.15,2.16,2.12,2.16,23874460.0,51202870.0,1181248500.0,0.02021120873381003,-0.009999999999999787,-0.4608294930875445,1.8433179723502322
2026-04-28,2.14,2.2,2.12,2.18,26261360.0,56847664.0,1181248500.0,0.022231867384381862,0.020000000000000018,0.92592592592593,3.703703703703707
2026-04-29,2.17,2.18,2.14,2.15,23779580.0,51509683.0,1181248500.0,0.02013088693869241,-0.03000000000000025,-1.3761467889908396,1.8348623853211024
2026-04-30,2.14,2.16,2.06,2.12,29952836.0,63086385.0,1181248500.0,0.0253569304003349,-0.029999999999999805,-1.3953488372092981,4.651162790697678
2026-05-06,2.11,2.14,2.11,2.13,18777266.0,39830073.0,1181248500.0,0.01589611838660536,0.009999999999999787,0.4716981132075304,1.4150943396226532
2026-05-07,2.13,2.24,2.12,2.24,53258495.0,117955908.0,1181248500.0,0.045086613866599616,0.11000000000000032,5.164319248826299,5.633802816901413
2026-05-08,2.22,2.31,2.2,2.29,41347100.0,93107246.0,1181248500.0,0.03500288042693811,0.04999999999999982,2.232142857142838,4.910714285714279
2026-05-11,2.3,2.4,2.3,2.34,47913266.0,113611118.0,1181248500.0,0.04056154653318078,0.04999999999999982,2.183406113537112,4.36681222707424
2026-05-12,2.36,2.37,2.27,2.35,36765017.0,85299743.0,1181248500.0,0.031123863437710186,0.010000000000000231,0.42735042735044804,4.273504273504278
2026-05-13,2.35,2.47,2.35,2.45,35555741.0,86558194.0,1181248500.0,0.03010013642345366,0.10000000000000009,4.255319148936176,5.106382978723409
2026-05-14,2.4,2.41,2.34,2.37,33688540.0,79939602.0,1181248500.0,0.028519435156954695,-0.08000000000000007,-3.2653061224489854,2.8571428571428683
2026-05-15,2.37,2.44,2.35,2.41,23276320.0,55867652.0,1181248500.0,0.019704846186048067,0.040000000000000036,1.6877637130801704,3.797468354430374
2026-05-18,2.41,2.41,2.34,2.34,15334900.0,36158635.0,1181248500.0,0.012981942410932161,-0.07000000000000028,-2.904564315352709,2.9045643153527085
2026-05-19,2.36,2.41,2.35,2.38,13456480.0,32080799.0,1181248500.0,0.011391743566235216,0.040000000000000036,1.7094017094017033,2.5641025641025665
2026-05-20,2.36,2.49,2.35,2.49,27721040.0,67500560.0,1181248500.0,0.02346757689004473,0.11000000000000032,4.621848739495804,5.882352941176476
2026-05-21,2.48,2.58,2.45,2.5,31632160.0,79774374.0,1181248500.0,0.026778582152696913,0.009999999999999787,0.40160642570279403,5.220883534136542
2026-05-22,2.51,2.63,2.49,2.63,39731180.0,103199438.0,1181248500.0,0.033634904086650694,0.1299999999999999,5.200000000000005,5.599999999999987
2026-05-25,2.62,2.72,2.6,2.68,32641756.0,86824835.0,1181248500.0,0.027633267682456317,0.050000000000000266,1.9011406844106515,4.562737642585556
2026-05-26,2.66,2.76,2.62,2.75,27196060.0,73369559.0,1181248500.0,0.0230231488124641,0.06999999999999984,2.6119402985074647,5.223880597014913
2026-05-27,2.72,2.77,2.61,2.63,41039756.0,109096498.0,1181248500.0,0.034742694699718135,-0.1200000000000001,-4.3636363636363695,5.818181818181823
2026-05-28,2.63,2.67,2.56,2.66,26295320.0,68895412.0,1181248500.0,0.022260616627238047,0.03000000000000025,1.1406844106463865,4.182509505703417
2026-05-29,2.65,2.66,2.53,2.57,26238860.0,68272118.0,1181248500.0,0.02221281974114676,-0.0900000000000003,-3.383458646616555,4.887218045112794
2026-06-01,2.56,2.62,2.51,2.6,16276540.0,41995582.0,1181248500.0,0.013779098978750026,0.03000000000000025,1.1673151750972943,4.280155642023359
2026-06-02,2.59,2.63,2.55,2.58,14985480.0,38574627.0,1181248500.0,0.012686136744300627,-0.020000000000000018,-0.7692307692307665,3.0769230769230793
2026-06-03,2.58,2.61,2.46,2.51,27708780.0,69496959.0,1181248500.0,0.0234571980408864,-0.07000000000000028,-2.7131782945736593,5.813953488372089
2026-06-04,2.47,2.49,2.38,2.38,22773300.0,54698845.0,1181248500.0,0.0192790086082649,-0.1299999999999999,-5.179282868525892,4.382470119521926
2026-06-05,2.37,2.45,2.29,2.38,28657760.0,67998742.0,1181248500.0,0.024260568373208516,0.0,0.0,6.722689075630258
2026-06-08,2.33,2.38,2.26,2.26,24297120.0,55852376.0,1181248500.0,0.02056901659557663,-0.1200000000000001,-5.042016806722693,5.042016806722694
2026-06-09,2.28,2.31,2.26,2.3,15836100.0,36277679.0,1181248500.0,0.01340623924601809,0.040000000000000036,1.7699115044247815,2.2123893805309858
2026-06-10,2.3,2.33,2.19,2.2,28057700.0,62770741.0,1181248500.0,0.023752580426557156,-0.09999999999999964,-4.347826086956507,6.086956521739136
2026-06-11,2.18,2.25,2.15,2.23,20333010.0,44822996.0,1181248500.0,0.017213152016700973,0.029999999999999805,1.3636363636363447,4.545454545454549
2026-06-12,2.25,2.34,2.25,2.34,21997780.0,50837564.0,1181248500.0,0.018622482906856603,0.10999999999999988,4.932735426008961,4.035874439461877
2026-06-15,2.37,2.42,2.3,2.33,25957680.0,61196394.0,1181248500.0,0.021974783460042488,-0.009999999999999787,-0.42735042735041473,5.128205128205133
2026-06-16,2.33,2.38,2.23,2.36,18824620.0,43556586.0,1181248500.0,0.015936206479838916,0.029999999999999805,1.2875536480686511,6.437768240343343
2026-06-18,2.43,2.51,2.19,2.22,89630007.0,213555105.0,1181248500.0,0.0758773509553663,-0.13999999999999968,-5.932203389830493,13.5593220338983
