date,open,high,low,close,volume,amount,outstanding_share,turnover,change,pct_chg,amplitude
2023-03-06,22.27,22.87,21.89,22.78,24520673.0,594292715.0,609844771.0,0.04020805648590205,,,
2023-03-07,22.55,22.97,22.13,22.53,17108625.0,414966359.0,609844771.0,0.02805406525327082,-0.25,-1.097453906935908,3.6874451273046525
2023-03-08,22.31,22.73,22.01,22.7,10172088.0,245376644.0,609844771.0,0.016679798669619158,0.16999999999999815,0.754549489569456,3.1957390146471316
2023-03-09,22.66,22.71,21.9,21.91,10997739.0,263660296.0,609844771.0,0.01803366942372291,-0.7899999999999991,-3.480176211453745,3.568281938326001
2023-03-10,21.69,22.15,21.11,21.74,10755626.0,250245260.0,609844771.0,0.017636661838328693,-0.1700000000000017,-0.7759014148790544,4.746691008671836
2023-03-13,21.5,21.68,21.25,21.54,6743471.0,155977514.0,609844771.0,0.011057684382440987,-0.1999999999999993,-0.9199632014719406,1.9779208831646724
2023-03-14,21.42,21.76,21.06,21.07,8291307.0,190319987.0,609844771.0,0.013595766323296064,-0.46999999999999886,-2.181987000928498,3.2497678737233184
2023-03-15,21.16,21.42,21.0,21.19,5263909.0,120332141.0,609844771.0,0.008631555520872048,0.120000000000001,0.5695301376364537,1.993355481727583
2023-03-16,21.11,21.13,20.6,20.66,7728235.0,173639855.0,609844771.0,0.012672462514235447,-0.5300000000000011,-2.5011798017933073,2.5011798017932874
2023-03-17,20.88,21.01,20.3,20.38,9147854.0,202936080.0,609844771.0,0.015000299149896293,-0.28000000000000114,-1.3552758954501476,3.4365924491771582
2023-03-20,20.4,20.4,19.73,19.78,9198844.0,197662145.0,609844771.0,0.01508391059074933,-0.5999999999999979,-2.9440628066731978,3.2875368007850745
2023-03-21,19.86,20.08,19.75,20.06,5480125.0,117725141.0,609844771.0,0.008986098201701232,0.2799999999999976,1.415571284125372,1.668351870576331
2023-03-22,20.05,20.33,19.96,20.13,5468399.0,118797421.0,609844771.0,0.00896687035789965,0.07000000000000028,0.34895314057825644,1.8444666001993892
2023-03-23,20.13,20.51,19.93,20.5,8112654.0,178014951.0,609844771.0,0.01330281800514118,0.370000000000001,1.8380526577247869,2.881271733730759
2023-03-24,20.57,21.05,20.56,20.97,9949855.0,223507599.0,609844771.0,0.016315389543612238,0.46999999999999886,2.2926829268292703,2.390243902439034
2023-03-27,21.0,21.0,20.24,20.34,8867119.0,196982229.0,609844771.0,0.014539960694358402,-0.629999999999999,-3.0042918454935563,3.624225083452559
2023-03-28,20.29,22.37,20.18,22.37,20509545.0,477742070.0,609844771.0,0.033630763065114484,2.030000000000001,9.980334316617512,10.766961651917411
2023-03-29,22.26,22.26,21.52,21.85,16898884.0,397807403.0,609844771.0,0.027710140028404048,-0.5199999999999996,-2.3245417970496174,3.3080017881090837
2023-03-30,21.66,22.9,21.66,22.73,21564426.0,521942678.0,609844771.0,0.03536051635671071,0.879999999999999,4.027459954233414,5.675057208237979
2023-03-31,22.64,22.71,22.17,22.57,11419131.0,275944966.0,609844771.0,0.018724651817995173,-0.16000000000000014,-0.7039155301363897,2.375714914210291
2023-04-03,22.49,22.5,21.89,22.09,11196204.0,266701695.0,609844771.0,0.018359104697480467,-0.4800000000000004,-2.126716880815238,2.7027027027027
2023-04-04,21.99,22.59,21.88,22.35,11411253.0,274078501.0,609844771.0,0.01871173377659411,0.26000000000000156,1.1770031688546956,3.21412403802626
2023-04-06,22.57,22.77,22.08,22.26,9017352.0,216813985.0,609844771.0,0.014786306989586372,-0.08999999999999986,-0.4026845637583931,3.0872483221476568
2023-04-07,22.03,22.25,21.89,21.98,7175552.0,170206518.0,609844771.0,0.011766194187799308,-0.28000000000000114,-1.2578616352201255,1.6172506738544448
2023-04-10,21.82,22.59,21.78,21.83,8805470.0,210471144.0,609844771.0,0.014438871035265465,-0.15000000000000213,-0.6824385805277666,3.685168334849857
2023-04-11,21.8,22.22,21.62,21.88,5721167.0,134965133.0,609844771.0,0.009381349602487614,0.05000000000000071,0.22904260192395665,2.7485112230874846
2023-04-12,21.63,22.19,21.62,21.75,6312099.0,148837402.0,609844771.0,0.010350337168013531,-0.129999999999999,-0.5941499085923119,2.60511882998172
2023-04-13,21.82,22.91,21.76,22.82,18440591.0,448992527.0,609844771.0,0.030238171870789067,1.0700000000000003,4.9195402298850555,5.2873563218390744
2023-04-14,22.73,22.87,22.37,22.56,10190964.0,248111302.0,609844771.0,0.016710750808421704,-0.26000000000000156,-1.1393514460999232,2.1910604732690624
2023-04-17,22.52,22.52,21.81,22.08,8357175.0,198422699.0,609844771.0,0.013703774136320339,-0.4800000000000004,-2.127659574468088,3.1471631205673796
2023-04-18,22.04,22.44,21.87,22.04,6840400.0,163557895.0,609844771.0,0.011216624828615608,-0.03999999999999915,-0.18115942028985588,2.5815217391304364
2023-04-19,21.88,22.07,20.12,20.46,16724030.0,374746912.0,609844771.0,0.027423421164334293,-1.5799999999999983,-7.1687840290381,8.847549909255896
2023-04-20,20.43,20.66,19.96,20.22,7911318.0,172736810.0,609844771.0,0.012972674976006312,-0.240000000000002,-1.1730205278592476,3.421309872922772
2023-04-21,20.22,20.73,19.98,20.14,7702503.0,169144933.0,609844771.0,0.01263026817032428,-0.0799999999999983,-0.39564787339266827,3.70919881305638
2023-04-24,19.93,20.48,19.14,19.48,9567450.0,203087007.0,609844771.0,0.015688336532445238,-0.6600000000000001,-3.277060575968227,6.6534260178748745
2023-04-25,19.43,19.55,18.64,18.95,6998331.0,143317567.0,609844771.0,0.011475594008167694,-0.5300000000000011,-2.7207392197125313,4.671457905544148
2023-04-26,18.88,19.35,18.82,19.22,3966665.0,81883055.0,609844771.0,0.006504384703496949,0.2699999999999996,1.4248021108179465,2.7968337730870774
2023-04-27,19.09,19.64,19.06,19.39,4852929.0,101412376.0,609844771.0,0.007957646323739652,0.1700000000000017,0.8844953173777315,3.0176899063475644
2023-04-28,19.29,19.54,19.22,19.44,3473556.0,72572549.0,609844771.0,0.00569580353096116,0.05000000000000071,0.2578648788035043,1.650335224342446
2023-05-04,19.32,19.63,19.13,19.5,3986984.0,83486162.0,609844771.0,0.006537703018199692,0.05999999999999872,0.30864197530864335,2.5720164609053495
2023-05-05,19.51,19.51,18.87,19.05,4650563.0,95507859.0,609844771.0,0.00762581434022003,-0.4499999999999993,-2.3076923076922995,3.2820512820512846
2023-05-08,19.02,19.16,18.7,19.11,3945700.0,80655193.0,609844771.0,0.0064700071028402735,0.05999999999999872,0.31496062992124596,2.414698162729663
2023-05-09,19.07,19.09,18.44,18.49,6025278.0,121448958.0,609844771.0,0.009880019123751738,-0.620000000000001,-3.2443746729461043,3.4013605442176797
2023-05-10,18.49,18.74,18.41,18.63,3019300.0,60496814.0,609844771.0,0.004950932013484461,0.14000000000000057,0.7571660356949783,1.7847485127095637
2023-05-11,18.71,18.91,18.52,18.53,2966857.0,59591748.0,609844771.0,0.004864937999115844,-0.09999999999999787,-0.536768652710673,2.0933977455716617
2023-05-12,18.48,18.72,18.31,18.33,2896282.0,57747474.0,609844771.0,0.004749211828529395,-0.20000000000000284,-1.0793308148947856,2.2126281705342694
2023-05-15,18.0,18.39,17.89,18.35,3943115.0,77193384.0,609844771.0,0.006465768319263002,0.020000000000003126,0.10911074740864724,2.727768685215494
2023-05-16,18.43,18.58,18.15,18.33,3252630.0,64243165.0,609844771.0,0.005333537573285186,-0.020000000000003126,-0.10899182561309173,2.343324250681197
2023-05-17,18.28,18.35,18.09,18.29,2194200.0,43120327.0,609844771.0,0.0035979647679884757,-0.03999999999999915,-0.21822149481723896,1.4184397163120654
2023-05-18,18.29,18.43,18.03,18.1,2578726.0,50569667.0,609844771.0,0.004228495713378839,-0.18999999999999773,-1.0388190267905828,2.1869874248222994
2023-05-19,18.1,18.53,17.94,18.41,4167667.0,82100496.0,609844771.0,0.006833980052277927,0.3099999999999987,1.7127071823204387,3.259668508287292
2023-05-22,18.45,18.65,18.29,18.64,3263675.0,65134533.0,609844771.0,0.005351648739478985,0.23000000000000043,1.2493210211841355,1.9554589896795187
2023-05-23,18.65,19.07,18.5,18.53,6069545.0,123106953.0,609844771.0,0.009952606447780791,-0.10999999999999943,-0.5901287553648049,3.0579399141630916
2023-05-24,18.64,18.74,18.36,18.56,3337253.0,66657178.0,609844771.0,0.005472299113965839,0.029999999999997584,0.16189962223420729,2.0507285483000484
2023-05-25,18.4,18.54,18.1,18.34,3842177.0,75760356.0,609844771.0,0.006300254069080146,-0.21999999999999886,-1.1853448275861989,2.3706896551724017
2023-05-26,18.23,18.48,18.19,18.39,2012671.0,39386997.0,609844771.0,0.0033003004956485885,0.05000000000000071,0.27262813522355156,1.5812431842966146
2023-05-29,18.35,18.51,18.01,18.13,3152849.0,61164226.0,609844771.0,0.005169920527202487,-0.26000000000000156,-1.4138118542686318,2.718868950516585
2023-05-30,18.13,18.21,17.55,17.9,4595000.0,87312757.0,609844771.0,0.007534704269850991,-0.23000000000000043,-1.2686155543298439,3.6403750689464984
2023-05-31,17.89,17.98,17.62,17.62,2958500.0,56088717.0,609844771.0,0.004851234511937793,-0.2799999999999976,-1.5642458100558532,2.011173184357539
2023-06-01,17.68,17.97,17.51,17.81,2539812.0,48169617.0,609844771.0,0.004164686032865895,0.18999999999999773,1.0783200908058843,2.610669693530064
2023-06-02,17.8,18.2,17.71,18.07,2707399.0,52007217.0,609844771.0,0.004439488749834669,0.26000000000000156,1.4598540145985384,2.7512633352049325
2023-06-05,18.04,18.15,17.87,17.98,2218900.0,42609655.0,609844771.0,0.0036384668779918094,-0.08999999999999986,-0.49806308799114074,1.5495296070835505
2023-06-06,17.95,18.0,17.39,17.42,3093611.0,58204754.0,609844771.0,0.005072784333179107,-0.5599999999999987,-3.1145717463848643,3.3926585094549466
2023-06-07,17.38,17.59,17.32,17.38,2189945.0,40706181.0,609844771.0,0.0035909875826417473,-0.0400000000000027,-0.22962112514353095,1.5499425947187115
2023-06-08,17.35,17.51,17.2,17.28,2301480.0,42533101.0,609844771.0,0.0037738783858491096,-0.09999999999999787,-0.575373993095496,1.7836593785961006
2023-06-09,17.32,17.53,17.25,17.4,2028400.0,37668552.0,609844771.0,0.003326092304889173,0.11999999999999744,0.6944444444444198,1.620370370370377
2023-06-12,17.37,18.05,17.26,17.81,4487428.0,84821066.0,609844771.0,0.007358311841621087,0.41000000000000014,2.3563218390804552,4.5402298850574665
2023-06-13,17.78,17.87,17.53,17.6,2853776.0,53763580.0,609844771.0,0.004679512124569811,-0.2099999999999973,-1.179112857944964,1.9090398652442442
2023-06-14,17.68,18.4,17.52,18.03,5785349.0,111066811.0,609844771.0,0.009486592777557815,0.4299999999999997,2.4431818181818166,4.999999999999994
2023-06-15,17.94,18.2,17.83,18.17,3805500.0,73237406.0,609844771.0,0.006240112535129042,0.14000000000000057,0.7764836383804763,2.0521353300055516
2023-06-16,18.12,18.24,18.02,18.17,2804602.0,54241978.0,609844771.0,0.004598878490670866,0.0,0.0,1.210787011557506
2023-06-19,18.17,18.18,17.71,17.79,3822690.0,72900064.0,609844771.0,0.006268300035977516,-0.38000000000000256,-2.091359383599356,2.586681342872861
2023-06-20,17.79,17.89,17.56,17.56,2864507.0,54083124.0,609844771.0,0.00469710840564049,-0.23000000000000043,-1.2928611579539062,1.8549747048903984
2023-06-21,17.48,17.71,17.35,17.35,2858336.0,53272545.0,609844771.0,0.004686989437185812,-0.2099999999999973,-1.1958997722095521,2.050113895216398
2023-06-26,17.32,17.32,16.86,16.9,3409020.0,61817156.0,609844771.0,0.005589979880306295,-0.45000000000000284,-2.5936599423631246,2.651296829971186
2023-06-27,16.9,17.38,16.86,17.28,2622450.0,48185661.0,609844771.0,0.004300192646892433,0.38000000000000256,2.2485207100591875,3.076923076923075
2023-06-28,17.32,17.34,16.95,17.1,2079600.0,37892396.0,609844771.0,0.003410048095665315,-0.17999999999999972,-1.041666666666663,2.2569444444444473
2023-06-29,17.09,17.28,17.07,17.19,1863801.0,34174571.0,609844771.0,0.0030561891953977253,0.08999999999999986,0.5263157894736858,1.2280701754386014
2023-06-30,17.3,17.8,17.25,17.61,3531176.0,66325821.0,609844771.0,0.005790286590815091,0.41999999999999815,2.44328097731239,3.1995346131471827
2023-07-03,17.56,17.86,17.56,17.72,2701754.0,51095467.0,609844771.0,0.004430232295949292,0.10999999999999943,0.6246450880181609,1.7035775127768353
2023-07-04,17.69,17.77,17.53,17.63,2564112.0,48208929.0,609844771.0,0.00420453223825379,-0.08999999999999986,-0.5079006772009009,1.354401805869066
2023-07-05,17.7,17.88,17.55,17.7,2103500.0,39702479.0,609844771.0,0.0034492383964377714,0.07000000000000028,0.3970504821327214,1.8718094157685667
2023-07-06,17.67,17.67,17.32,17.39,2396588.0,44609931.0,609844771.0,0.003929832826261947,-0.3099999999999987,-1.7514124293785294,1.977401129943511
2023-07-07,17.47,17.47,17.21,17.31,1790400.0,33052598.0,609844771.0,0.0029358290587032025,-0.08000000000000185,-0.46003450258770284,1.4951121334099944
2023-07-10,17.41,17.57,17.34,17.42,1718099.0,31980887.0,609844771.0,0.0028172726597011357,0.11000000000000298,0.6354708261120834,1.328711727325248
2023-07-11,17.51,17.58,17.34,17.55,1856950.0,34643032.0,609844771.0,0.0030449551890968005,0.129999999999999,0.746268656716409,1.3777267508610702
2023-07-12,17.58,18.09,17.45,17.6,4219143.0,79672701.0,609844771.0,0.00691838841723872,0.05000000000000071,0.2849002849002913,3.64672364672365
2023-07-13,17.53,17.83,17.53,17.72,2688850.0,50881492.0,609844771.0,0.004409072813055242,0.11999999999999744,0.6818181818181612,1.7045454545454382
2023-07-14,17.76,17.78,17.56,17.66,2255093.0,42455318.0,609844771.0,0.003697814767358233,-0.05999999999999872,-0.3386004514672636,1.241534988713332
2023-07-17,17.53,17.59,17.3,17.55,1909046.0,35526161.0,609844771.0,0.0031303802062115247,-0.10999999999999943,-0.6228765571913875,1.6421291053227582
2023-07-18,17.55,17.57,17.29,17.35,2348085.0,43529463.0,609844771.0,0.0038502994723554006,-0.1999999999999993,-1.1396011396011319,1.595441595441602
2023-07-19,17.47,17.5,17.11,17.16,2693000.0,49629836.0,609844771.0,0.004415877823440418,-0.19000000000000128,-1.0951008645533222,2.2478386167147004
2023-07-20,17.16,17.66,17.16,17.35,4315946.0,80169375.0,609844771.0,0.007077122253459479,0.19000000000000128,1.1072261072261114,2.9137529137529135
2023-07-21,17.35,17.76,17.28,17.56,3862500.0,72492221.0,609844771.0,0.0063335789428290434,0.2099999999999973,1.2103746397694293,2.7665706051873222
2023-07-24,17.56,17.98,17.46,17.76,3517664.0,66412473.0,609844771.0,0.005768130132905575,0.20000000000000284,1.1389521640091216,2.961275626423688
2023-07-25,17.81,18.01,17.76,17.92,3466364.0,66131925.0,609844771.0,0.005684010365975573,0.16000000000000014,0.9009009009008917,1.4076576576576576
2023-07-26,17.92,18.11,17.88,18.02,3477450.0,66811643.0,609844771.0,0.005702188762392455,0.09999999999999787,0.5580357142856984,1.283482142857145
2023-07-27,18.05,18.06,17.81,17.93,2683732.0,51359836.0,609844771.0,0.004400680513500705,-0.08999999999999986,-0.4994450610432799,1.3873473917869035
2023-07-28,17.86,18.06,17.74,18.01,3499589.0,67154758.0,609844771.0,0.005738491443095443,0.08000000000000185,0.4461795872839014,1.7847183491355285
2023-07-31,17.77,18.01,17.71,17.89,4599845.0,87734218.0,609844771.0,0.007542648914505491,-0.120000000000001,-0.6662965019433753,1.6657412548584156
2023-08-01,17.89,17.98,17.68,17.74,2973561.0,56483745.0,609844771.0,0.004875930960470595,-0.15000000000000213,-0.8384572386808342,1.6769144773616584
2023-08-02,17.67,17.78,17.52,17.53,3016084.0,56571977.0,609844771.0,0.004945658540376334,-0.2099999999999973,-1.1837655016910809,1.4656144306651724
2023-08-03,17.53,18.23,17.49,18.14,7040191.0,135136116.0,609844771.0,0.011544234426173345,0.6099999999999994,3.479749001711352,4.221334854535094
2023-08-04,18.12,18.2,17.85,17.9,4812500.0,92207512.0,609844771.0,0.007891352404495733,-0.240000000000002,-1.3230429988974723,1.929437706725457
2023-08-07,17.91,17.93,17.39,17.45,5281693.0,98717356.0,609844771.0,0.008660717040074449,-0.4499999999999993,-2.5139664804469275,3.016759776536308
2023-08-08,17.57,17.61,17.26,17.53,3186600.0,59416798.0,609844771.0,0.005225264118891658,0.08000000000000185,0.4584527220630408,2.005730659025776
2023-08-09,17.53,18.22,17.48,18.03,7717992.0,148272420.0,609844771.0,0.012655666436795603,0.5,2.852253280091266,4.2213348545350735
2023-08-10,18.02,18.06,17.72,17.9,3699763.0,70461738.0,609844771.0,0.006066729069322462,-0.13000000000000256,-0.7210205213533105,1.8857459789240145
2023-08-11,17.97,18.08,17.8,17.83,4077086.0,77838317.0,609844771.0,0.006685448812350316,-0.07000000000000028,-0.3910614525139633,1.5642458100558525
2023-08-14,17.63,17.83,17.11,17.41,5863522.0,108642553.0,609844771.0,0.00961477785631452,-0.41999999999999815,-2.3555804823331417,4.038137969713959
2023-08-15,17.47,17.47,17.04,17.18,3362994.0,61537717.0,609844771.0,0.005514508215730852,-0.23000000000000043,-1.3210798391728895,2.46984491671453
2023-08-16,17.16,17.53,17.07,17.18,2938200.0,54313592.0,609844771.0,0.004817947352704284,0.0,0.0,2.677532013969737
2023-08-17,17.11,17.23,16.78,17.21,2991301.0,54334724.0,609844771.0,0.004905020330165297,0.030000000000001137,0.17462165308499422,2.619324796274734
2023-08-18,17.21,17.24,16.6,16.69,4362768.0,78533807.0,609844771.0,0.007153899168219645,-0.5199999999999996,-3.021499128413707,3.718768158047629
2023-08-21,16.69,16.76,16.34,16.34,3217842.0,56731229.0,609844771.0,0.005276493548880491,-0.3500000000000014,-2.097064110245661,2.5164769322947973
2023-08-22,16.49,16.49,15.89,16.17,3903236.0,67093817.0,609844771.0,0.006400376268865311,-0.16999999999999815,-1.04039167686657,3.671970624234993
2023-08-23,16.18,16.19,15.84,15.84,2187400.0,37247265.0,609844771.0,0.0035868143895260193,-0.33000000000000185,-2.0408163265306256,2.164502164502173
2023-08-24,15.85,16.19,15.75,16.04,2385800.0,40683672.0,609844771.0,0.003912143078783568,0.1999999999999993,1.262626262626254,2.777777777777786
2023-08-25,15.9,16.61,15.86,16.26,5281813.0,92246731.0,609844771.0,0.00866091381145908,0.22000000000000242,1.371571072319222,4.675810473815462
2023-08-28,16.87,16.96,15.97,16.04,4824702.0,84705981.0,609844771.0,0.007911360774789688,-0.22000000000000242,-1.3530135301353163,6.088560885608857
2023-08-29,15.98,16.54,15.94,16.49,3444057.0,59840717.0,609844771.0,0.005647432205334101,0.4499999999999993,2.8054862842892714,3.740648379052367
2023-08-30,16.49,16.76,16.4,16.6,2742646.0,48572319.0,609844771.0,0.00449728542478558,0.11000000000000298,0.6670709520921969,2.1831412977562343
2023-08-31,16.5,16.77,16.42,16.69,2040408.0,36174445.0,609844771.0,0.00334578256144464,0.08999999999999986,0.5421686746987842,2.108433734939746
2023-09-01,16.62,16.87,16.62,16.7,1793332.0,32038201.0,609844771.0,0.0029406368395343673,0.00999999999999801,0.05991611743558778,1.4979029358897542
2023-09-04,16.76,16.96,16.71,16.92,2487448.0,44734945.0,609844771.0,0.004078821559658827,0.22000000000000242,1.3173652694610904,1.4970059880239521
2023-09-05,16.97,16.98,16.82,16.87,1754467.0,31645084.0,609844771.0,0.0028769075073368138,-0.05000000000000071,-0.2955082742316817,0.9456264775413719
2023-09-06,16.8,16.88,16.68,16.8,2030500.0,36366593.0,609844771.0,0.003329535804120226,-0.07000000000000028,-0.4149377593360981,1.1855364552459946
2023-09-07,16.79,16.82,16.48,16.49,1938900.0,34432558.0,609844771.0,0.003179333647184785,-0.3100000000000023,-1.8452380952381109,2.023809523809523
2023-09-08,16.45,16.61,16.34,16.36,2067300.0,36302039.0,609844771.0,0.0033898790287405778,-0.129999999999999,-0.7883565797452974,1.6373559733171597
2023-09-11,16.45,16.9,16.3,16.8,2990352.0,53257619.0,609844771.0,0.004903464196465169,0.4400000000000013,2.689486552567244,3.667481662591674
2023-09-12,16.8,17.38,16.71,17.15,4658632.0,85186731.0,609844771.0,0.007639045576074965,0.34999999999999787,2.083333333333326,3.9880952380952266
2023-09-13,17.18,17.24,16.77,16.84,2927860.0,52908026.0,609844771.0,0.004800992218395196,-0.3099999999999987,-1.8075801749271037,2.740524781341102
2023-09-14,16.78,16.92,16.65,16.78,1708093.0,30533258.0,609844771.0,0.002800865205745939,-0.05999999999999872,-0.3562945368170922,1.603325415676978
2023-09-15,16.78,17.13,16.66,16.93,2496600.0,45131023.0,609844771.0,0.004093828657260062,0.14999999999999858,0.8939213349225206,2.800953516090577
2023-09-18,17.06,17.18,16.8,17.11,2433537.0,44251316.0,609844771.0,0.00399042037535155,0.17999999999999972,1.0632014176018778,2.244536326048429
2023-09-19,17.13,17.2,16.94,17.03,1559554.0,28349629.0,609844771.0,0.002557296666564351,-0.0799999999999983,-0.46756282875510813,1.519579193454109
2023-09-20,17.02,17.14,16.93,16.93,1239700.0,22496612.0,609844771.0,0.0020328123793981008,-0.10000000000000142,-0.5871990604815136,1.2331180270111617
2023-09-21,16.97,16.97,16.7,16.73,1438900.0,25806502.0,609844771.0,0.002359452877886527,-0.1999999999999993,-1.1813349084465408,1.5948021264028327
2023-09-22,16.77,17.04,16.61,16.97,2162691.0,38877731.0,609844771.0,0.003546297521668838,0.23999999999999844,1.4345487148834435,2.5702331141661667
2023-09-25,16.92,17.24,16.87,17.13,3064037.0,55955709.0,609844771.0,0.0050242900254366535,0.16000000000000014,0.9428403064231095,2.1803182086034028
2023-09-26,17.06,17.07,16.69,16.71,2935800.0,52702732.0,609844771.0,0.0048140119250116515,-0.41999999999999815,-2.4518388791593626,2.2183304144775193
2023-09-27,16.59,17.37,16.59,17.17,5077685.0,92593184.0,609844771.0,0.00832619256810845,0.46000000000000085,2.752842609216044,4.667863554757637
2023-09-28,17.23,17.29,16.93,16.95,3311537.0,60117062.0,609844771.0,0.005430131006239291,-0.22000000000000242,-1.2813046010483498,2.0966802562609166
2023-10-09,17.04,17.38,16.73,17.32,6372463.0,116264250.0,609844771.0,0.010449319733529371,0.370000000000001,2.1828908554572424,3.834808259587012
2023-10-10,17.34,17.34,16.57,16.62,7672929.0,137558247.0,609844771.0,0.012581773862581828,-0.6999999999999993,-4.041570438799069,4.445727482678982
2023-10-11,16.68,17.27,16.68,16.96,6270161.0,114075133.0,609844771.0,0.01028156884860787,0.33999999999999986,2.0457280385078214,3.549939831528278
2023-10-12,17.02,17.32,16.99,17.08,3998407.0,73082090.0,609844771.0,0.00655643401425508,0.11999999999999744,0.7075471698112956,1.9457547169811427
2023-10-13,16.99,17.43,16.99,17.28,5224345.0,96361200.0,609844771.0,0.008566679995359016,0.20000000000000284,1.1709601873536535,2.5761124121779937
2023-10-16,17.4,17.48,16.87,16.98,4439200.0,80756487.0,609844771.0,0.007279229422137654,-0.3000000000000007,-1.736111111111116,3.530092592592589
2023-10-17,16.99,17.01,16.56,16.85,3741410.0,66843557.0,609844771.0,0.006135020218120391,-0.129999999999999,-0.7656065959952829,2.6501766784452463
2023-10-18,16.87,16.98,16.48,16.49,3174896.0,56334017.0,609844771.0,0.005206072349843925,-0.360000000000003,-2.1364985163204953,2.9673590504451037
2023-10-19,16.45,16.49,16.23,16.23,2354100.0,41071922.0,609844771.0,0.0038601626380100583,-0.259999999999998,-1.5767131594905837,1.5767131594905885
2023-10-20,16.26,16.31,16.05,16.05,2206774.0,38035040.0,609844771.0,0.0036185831295747883,-0.17999999999999972,-1.1090573012939031,1.6019716574245102
2023-10-23,16.04,16.04,15.59,15.69,2713484.0,45728559.0,609844771.0,0.004449466698797029,-0.3600000000000012,-2.242990654205612,2.8037383177570048
2023-10-24,15.78,16.04,15.61,15.98,2484006.0,42037482.0,609844771.0,0.004073177500442978,0.2900000000000009,1.8483110261312996,2.7405991077119167
2023-10-25,16.07,16.15,15.93,15.96,2100326.0,35941734.0,609844771.0,0.0034440337933142663,-0.019999999999999574,-0.12515644555693983,1.3767209011264008
2023-10-26,15.85,15.97,15.73,15.9,1972375.0,33306898.0,609844771.0,0.0032342246646893036,-0.0600000000000005,-0.3759398496240629,1.5037593984962419
2023-10-27,15.98,17.12,15.91,16.97,7875972.0,140060206.0,609844771.0,0.01291471596466308,1.0699999999999985,6.72955974842766,7.610062893081766
2023-10-30,16.9,17.24,16.75,17.08,5643763.0,103200184.0,609844771.0,0.00925442550035409,0.10999999999999943,0.6482027106658794,2.8874484384207335
2023-10-31,17.01,17.32,16.99,17.12,4464400.0,81952576.0,609844771.0,0.0073205514129102865,0.0400000000000027,0.23419203747074846,1.9320843091335007
2023-11-01,17.21,17.23,16.92,17.1,3218400.0,58531735.0,609844771.0,0.005277408535819027,-0.019999999999999574,-0.1168224299065379,1.8107476635513944
2023-11-02,17.1,17.16,16.79,16.81,2901100.0,52352241.0,609844771.0,0.0047571121996223525,-0.2900000000000027,-1.6959064327485507,2.163742690058485
2023-11-03,16.87,16.98,16.78,16.81,3102811.0,55799282.0,609844771.0,0.005087870139334195,0.0,0.0,1.189767995240924
2023-11-06,16.87,17.08,16.85,17.0,3226800.0,58532874.0,609844771.0,0.005291182532743238,0.19000000000000128,1.1302795954788891,1.3682331945270487
2023-11-07,17.08,17.08,16.84,16.88,2854400.0,51450036.0,609844771.0,0.004680535335769896,-0.120000000000001,-0.7058823529411784,1.4117647058823437
2023-11-08,16.87,17.06,16.8,16.9,2799100.0,50594153.0,609844771.0,0.004589856522685508,0.019999999999999574,0.11848341232227888,1.5402843601895617
2023-11-09,16.94,17.18,16.76,16.78,3300403.0,59643558.0,609844771.0,0.005411873901268557,-0.11999999999999744,-0.7100591715976212,2.485207100591705
2023-11-10,16.73,16.87,16.62,16.74,2111242.0,37686465.0,609844771.0,0.003461933430269586,-0.0400000000000027,-0.23837902264601807,1.4898688915375446
2023-11-13,16.74,16.79,16.52,16.63,2809883.0,49785185.0,609844771.0,0.004607538071356194,-0.10999999999999943,-0.6571087216248439,1.612903225806449
2023-11-14,16.65,16.84,16.59,16.69,2368500.0,42185605.0,609844771.0,0.003883775204165848,0.060000000000002274,0.36079374624173877,1.503307276007216
2023-11-15,16.76,16.85,16.7,16.75,2009075.0,35936748.0,609844771.0,0.0032944039131557953,0.05999999999999872,0.3594967046135267,0.8987417615338653
2023-11-16,16.77,16.77,16.52,16.56,2475607.0,43871833.0,609844771.0,0.0040594051432803055,-0.19000000000000128,-1.134328358208958,1.4925373134328357
2023-11-17,16.49,16.82,16.49,16.78,2448090.0,43588599.0,609844771.0,0.004014283825022745,0.22000000000000242,1.328502415458943,1.992753623188417
2023-11-20,16.78,17.08,16.75,17.02,4402668.0,79530472.0,609844771.0,0.007219325653609646,0.23999999999999844,1.4302741358760418,1.9666269368295488
2023-11-21,17.0,17.16,16.93,16.98,3096000.0,56251413.0,609844771.0,0.005076701723494814,-0.03999999999999915,-0.235017626321965,1.3513513513513538
2023-11-22,16.97,17.19,16.9,17.09,3393364.0,61775126.0,609844771.0,0.005564307773658028,0.10999999999999943,0.6478209658421719,1.707891637220275
2023-11-23,17.01,17.21,16.98,17.21,3165500.0,57851402.0,609844771.0,0.005190665150427272,0.120000000000001,0.702165008777067,1.3458162668227058
2023-11-24,17.17,17.37,17.08,17.27,4161045.0,76615141.0,609844771.0,0.0068231215513693405,0.05999999999999872,0.34863451481697005,1.6850668216153557
2023-11-27,17.24,17.24,16.91,16.95,3601112.0,65365686.0,609844771.0,0.005904964953778377,-0.3200000000000003,-1.852924145917778,1.9108280254776973
2023-11-28,16.95,17.11,16.71,17.03,3607520.0,65285074.0,609844771.0,0.005915472545717703,0.08000000000000185,0.4719764011799521,2.3598820058996965
2023-11-29,17.08,17.08,16.73,16.76,3271700.0,58787435.0,609844771.0,0.005364807825826222,-0.2699999999999996,-1.5854374633000545,2.0551967116852485
2023-11-30,16.76,16.81,16.56,16.7,3009500.0,53533536.0,609844771.0,0.004934862350406215,-0.060000000000002274,-0.35799522673032325,1.4916467780429594
2023-12-01,16.8,16.89,16.66,16.82,3112331.0,55736056.0,609844771.0,0.005103480669181633,0.120000000000001,0.7185628742514938,1.3772455089820386
2023-12-04,16.82,16.82,16.38,16.47,3613291.0,63742675.0,609844771.0,0.005924935609556944,-0.3500000000000014,-2.0808561236623113,2.6159334126040505
2023-12-05,16.43,16.52,16.05,16.07,3755404.0,65106236.0,609844771.0,0.006157967041091511,-0.3999999999999986,-2.4286581663630735,2.853673345476617
2023-12-06,16.07,16.26,15.84,16.06,3843999.0,65722250.0,609844771.0,0.0063032417146034695,-0.010000000000001563,-0.062227753578103506,2.6135656502800355
2023-12-07,15.99,16.07,15.82,15.9,3021200.0,51278492.0,609844771.0,0.0049540475604077944,-0.15999999999999837,-0.996264009962633,1.5566625155666254
2023-12-08,15.88,15.98,15.84,15.87,2874075.0,48782013.0,609844771.0,0.004712797644041782,-0.030000000000001137,-0.18867924528302993,0.8805031446540916
2023-12-11,15.89,15.97,15.43,15.81,5657843.0,94410214.0,609844771.0,0.009277513342817529,-0.05999999999999872,-0.3780718336483857,3.402646502835545
2023-12-12,15.77,15.93,15.7,15.76,3239500.0,54578364.0,609844771.0,0.005312007504283414,-0.05000000000000071,-0.3162555344718543,1.4547754585705275
2023-12-13,15.82,16.05,15.71,15.72,4581306.0,77617276.0,609844771.0,0.007512249375341451,-0.03999999999999915,-0.25380710659898,2.1573604060913696
2023-12-14,15.81,16.01,15.68,15.69,2951690.0,49849549.0,609844771.0,0.00484006773585995,-0.030000000000001137,-0.1908396946564972,2.0992366412213856
2023-12-15,15.76,15.81,15.44,15.48,3265147.0,54257454.0,609844771.0,0.005354062468463799,-0.20999999999999908,-1.3384321223709361,2.3581899298916573
2023-12-18,15.43,15.57,15.32,15.43,2881857.0,47435681.0,609844771.0,0.00472555826833514,-0.05000000000000071,-0.3229974160206761,1.614987080103359
2023-12-19,15.42,15.44,15.24,15.37,2365400.0,38662389.0,609844771.0,0.003878691943396199,-0.0600000000000005,-0.38885288399223006,1.296176279974072
2023-12-20,15.36,15.43,15.11,15.11,2254600.0,36720048.0,609844771.0,0.003697006364919705,-0.2599999999999998,-1.6916070266753458,2.081977878985038
2023-12-21,15.11,15.33,14.9,15.27,2681248.0,43252681.0,609844771.0,0.004396607345838832,0.16000000000000014,1.0589013898080646,2.8457974851091974
2023-12-22,15.29,15.34,14.99,15.0,2507800.0,40412121.0,609844771.0,0.004112193986492343,-0.2699999999999996,-1.7681728880157177,2.2920759659462977
2023-12-25,14.98,15.13,14.98,15.1,1846101.0,29668090.0,609844771.0,0.003027165416164567,0.09999999999999964,0.6666666666666599,1.0000000000000024
2023-12-26,15.08,15.14,14.83,14.92,2213812.0,35369761.0,609844771.0,0.00363012377128343,-0.17999999999999972,-1.192052980132452,2.0529801324503345
2023-12-27,14.92,14.99,14.68,14.86,2372900.0,37516419.0,609844771.0,0.003890990154935673,-0.0600000000000005,-0.40214477211796273,2.077747989276143
2023-12-28,14.86,15.23,14.76,15.18,3165895.0,50915132.0,609844771.0,0.005191312856235017,0.3200000000000003,2.153432032301472,3.162853297442804
2023-12-29,15.18,15.37,15.14,15.3,2839000.0,46344150.0,609844771.0,0.0046552830080755095,0.120000000000001,0.7905138339921125,1.5151515151515063
2024-01-02,15.33,15.39,15.2,15.32,2615047.0,42744895.0,609844771.0,0.004288053492222204,0.019999999999999574,0.13071895424836555,1.2418300653594854
2024-01-03,15.24,15.44,15.24,15.34,1854900.0,30346934.0,609844771.0,0.0030415936779426777,0.019999999999999574,0.13054830287206887,1.305483028720622
2024-01-04,15.34,15.37,15.21,15.28,1770386.0,28866774.0,609844771.0,0.002903010871269732,-0.0600000000000005,-0.39113428943937656,1.0430247718383205
2024-01-05,15.26,15.34,14.97,14.99,2223883.0,35897349.0,609844771.0,0.003646637809738636,-0.28999999999999915,-1.8979057591622994,2.421465968586382
2024-01-08,14.99,14.99,14.47,14.47,2887725.0,45277460.0,609844771.0,0.004735180389043624,-0.5199999999999996,-3.4689793195463614,3.4689793195463614
2024-01-09,14.48,14.59,14.31,14.4,2756749.0,42432306.0,609844771.0,0.004520410981764407,-0.07000000000000028,-0.4837595024188013,1.9350380096751856
2024-01-10,14.43,14.58,14.18,14.38,2296700.0,35314549.0,609844771.0,0.0037660403256946184,-0.019999999999999574,-0.1388888888888884,2.77777777777778
2024-01-11,14.42,14.69,14.4,14.61,2602395.0,40448331.0,609844771.0,0.004267307229235881,0.22999999999999865,1.599443671766343,2.01668984700973
2024-01-12,14.15,14.28,13.62,13.67,8611019.0,128217479.0,609844771.0,0.014120017764323834,-0.9399999999999995,-6.433949349760438,4.517453798767968
2024-01-15,13.57,14.05,13.49,13.91,4930934.0,72911321.0,609844771.0,0.008085555922557873,0.2400000000000002,1.7556693489392927,4.096561814191664
2024-01-16,14.01,14.15,13.78,13.96,2694793.0,40061499.0,609844771.0,0.004418817915879121,0.05000000000000071,0.35945363048166534,2.6599568655643493
2024-01-17,14.06,14.13,13.64,13.64,3011101.0,44768690.0,609844771.0,0.004937487608629508,-0.3200000000000003,-2.2922636103151928,3.51002865329513
2024-01-18,13.57,13.65,13.07,13.44,4433504.0,63016175.0,609844771.0,0.007269889340413808,-0.20000000000000107,-1.4662756598240567,4.252199413489737
2024-01-19,13.42,13.57,13.35,13.42,2309331.0,33159196.0,609844771.0,0.003786752153688631,-0.019999999999999574,-0.14880952380952328,1.6369047619047667
2024-01-22,13.4,13.4,12.46,12.51,4121299.0,56718619.0,609844771.0,0.006757947589256283,-0.9100000000000001,-6.780923994038746,7.004470938897164
2024-01-23,12.54,12.82,12.32,12.74,3973060.0,53432688.0,609844771.0,0.0065148709785362744,0.23000000000000043,1.8385291766586764,3.9968025579536373
2024-01-24,12.83,13.05,12.42,12.93,2990146.0,40712353.0,609844771.0,0.004903126405588218,0.1899999999999995,1.491365777080067,4.9450549450549515
2024-01-25,12.96,13.24,12.85,13.18,3072895.0,42897866.0,609844771.0,0.005038815033145541,0.25,1.933488012374318,3.0162412993039487
2024-01-26,13.16,13.29,12.94,12.99,2535703.0,35444919.0,609844771.0,0.004157948252703801,-0.1899999999999995,-1.4415781487101653,2.6555386949924102
2024-01-29,12.97,13.13,12.66,12.73,2931320.0,40160661.0,609844771.0,0.00480666579331874,-0.2599999999999998,-2.001539645881445,3.6181678214010824
2024-01-30,12.65,12.73,12.22,12.27,2762572.0,36830668.0,609844771.0,0.004529959313203655,-0.46000000000000085,-3.6135113904163463,4.006284367635505
2024-01-31,12.2,12.32,11.73,11.77,3960200.0,50648887.0,609844771.0,0.006493783645149923,-0.5,-4.0749796251018715,4.808475957620211
2024-02-01,11.86,11.99,11.54,11.73,4138400.0,52014792.0,609844771.0,0.006785989151327822,-0.03999999999999915,-0.3398470688190214,3.8232795242141124
2024-02-02,11.64,11.88,10.67,11.07,5523323.0,66348696.0,609844771.0,0.009056932620645525,-0.6600000000000001,-5.626598465473142,10.315430520034107
2024-02-05,11.04,11.22,10.04,10.35,6962397.0,78018411.0,609844771.0,0.011416670817039768,-0.7200000000000006,-6.504065040650408,10.659439927732624
2024-02-06,10.34,11.38,10.12,11.38,8198683.0,95538537.0,609844771.0,0.0134438850505451,1.0300000000000011,9.951690821256044,12.173913043478276
2024-02-07,11.52,12.4,11.52,12.17,9319806.0,120624982.0,609844771.0,0.015282259425981042,0.7899999999999991,6.942003514938477,7.732864674868196
2024-02-08,12.31,12.88,12.04,12.64,7882988.0,106129057.0,609844771.0,0.012926220531617873,0.47000000000000064,3.861955628594904,6.902218570254738
2024-02-19,12.84,12.89,12.18,12.36,7009005.0,93195374.0,609844771.0,0.011493096822830675,-0.28000000000000114,-2.2151898734177333,5.617088607594943
2024-02-20,12.27,12.6,12.18,12.49,4286454.0,57027793.0,609844771.0,0.007028762406163191,0.13000000000000078,1.0517799352750767,3.3980582524271843
2024-02-21,12.31,12.93,12.28,12.53,5410300.0,73095309.0,609844771.0,0.008871601852268731,0.03999999999999915,0.32025620496396456,5.204163330664534
2024-02-22,12.49,12.7,12.46,12.63,2817128.0,37830206.0,609844771.0,0.004619418143703326,0.10000000000000142,0.7980845969672856,1.915403032721456
2024-02-23,12.67,12.76,12.54,12.76,3532033.0,47654106.0,609844771.0,0.005791691866453668,0.129999999999999,1.0292953285827355,1.7418844022169488
2024-02-26,12.76,13.1,12.65,12.89,3929694.0,53977722.0,609844771.0,0.0064437610796534974,0.13000000000000078,1.0188087774294807,3.526645768025073
2024-02-27,12.89,13.23,12.78,13.23,3298851.0,45815433.0,609844771.0,0.005409328991360656,0.33999999999999986,2.637703646237388,3.4910783553142055
2024-02-28,13.26,13.53,12.57,12.59,5716400.0,80116260.0,609844771.0,0.009373532859233124,-0.6400000000000006,-4.837490551776269,7.256235827664392
2024-02-29,12.56,13.03,12.54,12.98,3639951.0,49979414.0,609844771.0,0.005968651652175927,0.39000000000000057,3.0976965845909588,3.891977760127087
2024-03-01,12.99,13.05,12.79,12.98,3689424.0,50926945.0,609844771.0,0.006049775574774913,0.0,0.0,2.0030816640986253
2024-03-04,12.98,13.18,12.79,13.05,4664700.0,64469028.0,609844771.0,0.007648995649091168,0.07000000000000028,0.5392912172573316,3.0046224961479244
2024-03-05,12.93,12.94,12.63,12.79,3773293.0,51512250.0,609844771.0,0.006187300735255464,-0.26000000000000156,-1.992337164750968,2.3754789272030554
2024-03-06,12.72,12.88,12.5,12.67,3216500.0,43494863.0,609844771.0,0.0052742929888956935,-0.11999999999999922,-0.9382329945269663,2.9710711493354247
2024-03-07,12.67,12.78,12.45,12.46,2733100.0,36789624.0,609844771.0,0.004481632261138138,-0.20999999999999908,-1.6574585635359074,2.60457774269929
2024-03-08,12.57,12.69,12.35,12.48,2520064.0,33572760.0,609844771.0,0.00413230402200169,0.019999999999999574,0.16051364365969878,2.728731942215087
2024-03-11,12.46,12.68,12.36,12.68,3776978.0,50603118.0,609844771.0,0.006193343256525192,0.1999999999999993,1.6025641025640969,2.5641025641025665
2024-03-12,12.76,13.3,12.69,13.21,6230370.0,86744413.0,609844771.0,0.010216321097225575,0.5300000000000011,4.179810725552069,4.810725552050483
2024-03-13,13.21,13.25,12.95,13.07,3444265.0,48090314.0,609844771.0,0.005647773275734129,-0.14000000000000057,-1.0598031794095464,2.2710068130204446
2024-03-14,13.07,13.27,12.93,13.02,3251484.0,45529486.0,609844771.0,0.005331658406561955,-0.05000000000000071,-0.38255547054323324,2.6013771996939545
2024-03-15,13.04,13.19,12.99,13.15,2549100.0,35624326.0,609844771.0,0.004179916138036379,0.13000000000000078,0.9984639016897168,1.5360983102918533
2024-03-18,13.2,13.44,13.06,13.44,4233900.0,59974822.0,609844771.0,0.006942586378263789,0.28999999999999915,2.205323193916353,2.889733840304175
2024-03-19,13.59,13.64,13.34,13.35,4769822.0,68241439.0,609844771.0,0.00782137066155151,-0.08999999999999986,-0.6696428571428603,2.2321428571428625
2024-03-20,13.34,13.49,13.24,13.43,2889800.0,41234243.0,609844771.0,0.004738582894236212,0.08000000000000007,0.5992509363295984,1.8726591760299627
2024-03-21,13.47,13.49,13.26,13.34,2446714.0,34903189.0,609844771.0,0.004012027513145636,-0.08999999999999986,-0.6701414743112477,1.712583767684292
2024-03-22,13.35,13.36,12.88,12.99,3570091.0,49657438.0,609844771.0,0.005854097911089574,-0.34999999999999964,-2.6236881559220326,3.598200899550215
2024-03-25,12.95,13.0,12.57,12.6,3492150.0,47704785.0,609844771.0,0.0057262932570098235,-0.39000000000000057,-3.002309468822173,3.310238645111622
2024-03-26,12.6,12.74,12.42,12.63,2692545.0,36165200.0,609844771.0,0.0044151317319403565,0.030000000000001137,0.23809523809523725,2.539682539682542
2024-03-27,12.63,13.9,12.63,13.9,10991885.0,159119473.0,609844771.0,0.018024070259675964,1.2699999999999996,10.055423594615998,10.05542359461599
2024-03-28,14.71,15.29,14.23,14.47,33110667.0,520299123.0,609844771.0,0.05429359826387689,0.5700000000000003,4.100719424460442,7.62589928057553
2024-03-29,14.06,15.21,14.01,14.69,27017019.0,419882003.0,609844771.0,0.04430146864373131,0.21999999999999886,1.520387007601931,8.293020041465107
2024-04-01,14.25,14.51,14.14,14.35,19093066.0,291485705.0,609844771.0,0.03130807528068483,-0.33999999999999986,-2.3144996596324074,2.5187202178352566
2024-04-02,14.32,14.7,14.21,14.58,17863441.0,275258969.0,609844771.0,0.02929178349878809,0.23000000000000043,1.6027874564459976,3.4146341463414527
2024-04-03,14.53,14.53,13.93,14.01,13560964.0,204070978.0,609844771.0,0.022236747193491963,-0.5700000000000003,-3.9094650205761305,4.115226337448557
2024-04-08,13.88,13.96,13.33,13.35,11468526.0,166185262.0,609844771.0,0.018805647839194146,-0.6600000000000001,-4.710920770877946,4.496788008565316
2024-04-09,13.16,14.01,13.16,13.93,10437627.0,152491624.0,609844771.0,0.01711521930881654,0.5800000000000001,4.34456928838951,6.3670411985018704
2024-04-10,13.87,13.92,13.31,13.43,6080705.0,87865164.0,609844771.0,0.009970906186551528,-0.5,-3.5893754486719276,4.379038047379752
2024-04-11,13.24,13.46,13.17,13.29,4419000.0,62801805.0,609844771.0,0.007246106239058005,-0.14000000000000057,-1.042442293373047,2.1593447505584584
2024-04-12,13.36,13.54,12.69,13.47,10216500.0,143490539.0,609844771.0,0.016752623759071307,0.1800000000000015,1.3544018058690765,6.39578630549285
2024-04-15,13.23,13.34,12.62,12.8,8011240.0,110633427.0,609844771.0,0.013136523228465953,-0.6699999999999999,-4.974016332590947,5.345211581291764
2024-04-16,12.7,13.15,12.0,12.0,9155183.0,121030182.0,609844771.0,0.015012316962212668,-0.8000000000000007,-6.25,8.984375000000004
2024-04-17,12.16,12.62,12.14,12.59,6636622.0,88323523.0,609844771.0,0.010882477501803487,0.5899999999999999,4.916666666666658,3.999999999999989
2024-04-18,12.55,12.74,12.34,12.5,4181352.0,56047641.0,609844771.0,0.00685642018893362,-0.08999999999999986,-0.714853057982523,3.1771247021445617
2024-04-19,12.46,12.9,12.31,12.64,6720734.0,90390350.0,609844771.0,0.011020401124337918,0.14000000000000057,1.1200000000000099,4.719999999999999
2024-04-22,12.35,13.25,12.35,12.93,7106659.0,97570851.0,609844771.0,0.011653226096120779,0.28999999999999915,2.2943037974683556,7.1202531645569636
2024-04-23,12.79,13.21,12.79,12.96,5330369.0,74097538.0,609844771.0,0.008740534072727173,0.030000000000001137,0.23201856148493682,3.248259860788876
2024-04-24,12.91,13.0,12.78,12.93,4522433.0,62028896.0,609844771.0,0.007415711694279658,-0.030000000000001137,-0.23148148148148806,1.6975308641975357
2024-04-25,12.94,13.31,12.94,13.18,4991300.0,70170690.0,609844771.0,0.00818454176759679,0.25,1.933488012374318,2.861562258314006
2024-04-26,13.19,13.25,12.95,13.07,6477183.0,90412430.0,609844771.0,0.010621035561851198,-0.10999999999999943,-0.8345978755690431,2.2761760242792164
2024-04-29,13.04,13.91,13.04,13.76,9486137.0,137901733.0,609844771.0,0.01555500260245734,0.6899999999999995,5.279265493496554,6.656465187452188
2024-04-30,13.72,14.77,13.55,14.57,17578305.0,267057161.0,609844771.0,0.02882422845271883,0.8100000000000005,5.886627906976738,8.866279069767433
2024-05-06,15.21,15.55,14.5,15.47,27075811.0,437644625.0,609844771.0,0.044397873504108475,0.9000000000000004,6.1770761839396116,7.206588881262873
2024-05-07,15.63,15.89,15.37,15.45,34575034.0,576272787.0,609844771.0,0.05669481094886686,-0.02000000000000135,-0.12928248222366934,3.361344537815135
2024-05-08,15.07,16.72,14.92,16.04,34692448.0,584527002.0,609844771.0,0.05688734191015963,0.5899999999999999,3.818770226537227,11.650485436893197
2024-05-09,15.64,16.7,15.45,16.11,29868404.0,511487045.0,609844771.0,0.04897706009846233,0.07000000000000028,0.436408977556102,7.793017456359102
2024-05-10,16.1,16.44,15.86,15.98,24875879.0,429367556.0,609844771.0,0.04079050962298077,-0.129999999999999,-0.8069522036002419,3.6002482929857345
2024-05-13,15.66,15.93,15.21,15.58,18981788.0,313933295.0,609844771.0,0.031125605896192884,-0.40000000000000036,-2.50312891113893,4.505632040050055
2024-05-14,15.35,15.82,15.3,15.62,13701406.0,227563207.0,609844771.0,0.02246703858349554,0.03999999999999915,0.25673940949935137,3.337612323491653
2024-05-15,15.43,15.5,14.83,14.84,13250479.0,212396489.0,609844771.0,0.021727625832180825,-0.7799999999999994,-4.99359795134443,4.289372599231754
2024-05-16,14.93,15.32,14.6,15.03,15568740.0,248220310.0,609844771.0,0.025529021056409123,0.1899999999999995,1.2803234501347571,4.851752021563346
2024-05-17,15.04,15.06,14.56,14.76,9868540.0,155176546.0,609844771.0,0.016182052334101263,-0.2699999999999996,-1.7964071856287345,3.3266799733865606
2024-05-20,14.77,14.85,14.67,14.76,6585000.0,103669007.0,609844771.0,0.010797829731658059,0.0,0.0,1.2195121951219494
2024-05-21,14.84,15.44,14.69,14.98,12840206.0,205905145.0,609844771.0,0.021054875946456216,0.22000000000000064,1.4905149051490652,5.08130081300813
2024-05-22,15.12,15.27,14.75,14.85,8652900.0,137940471.0,609844771.0,0.014188692617321794,-0.13000000000000078,-0.8678237650200371,3.471295060080104
2024-05-23,14.6,14.74,14.25,14.3,9412800.0,145095732.0,609844771.0,0.015434747410501286,-0.5499999999999989,-3.703703703703698,3.299663299663301
2024-05-24,14.27,14.51,14.12,14.15,4450313.0,67753218.0,609844771.0,0.007297452092116077,-0.15000000000000036,-1.0489510489510523,2.727272727272731
2024-05-27,14.18,14.68,14.18,14.42,7030400.0,108539134.0,609844771.0,0.011528179520948947,0.2699999999999996,1.90812720848057,3.53356890459364
2024-05-28,14.25,14.39,13.99,14.05,5909600.0,89017720.0,609844771.0,0.009690334788489971,-0.3699999999999992,-2.565880721220526,2.773925104022194
2024-05-29,13.94,14.2,13.93,14.0,4030500.0,60456118.0,609844771.0,0.006609058881313258,-0.05000000000000071,-0.3558718861210064,1.9217081850533775
2024-05-30,13.96,14.16,13.88,14.04,3335000.0,50026028.0,609844771.0,0.005468604731219381,0.03999999999999915,0.28571428571428914,1.9999999999999956
2024-05-31,13.98,14.25,13.98,14.23,3735547.0,56477282.0,609844771.0,0.0061254062962196,0.19000000000000128,1.3532763532763559,1.92307692307692
2024-06-03,14.15,14.19,13.6,13.69,6389647.0,94249958.0,609844771.0,0.010477497395808614,-0.5400000000000009,-3.7947997189037297,4.146170063246661
2024-06-04,13.13,13.56,13.13,13.46,5276219.0,75336189.0,609844771.0,0.008651740985412172,-0.22999999999999865,-1.6800584368151794,3.1409788166544903
2024-06-05,13.46,13.53,13.28,13.28,3360700.0,48066972.0,609844771.0,0.005510746602761312,-0.1800000000000015,-1.3372956909361133,1.8573551263001487
2024-06-06,13.42,13.46,12.88,12.99,4884400.0,67205201.0,609844771.0,0.008009251259120822,-0.28999999999999915,-2.18373493975903,4.367469879518073
2024-06-07,13.02,13.18,12.87,13.12,3556445.0,48871799.0,609844771.0,0.005831721725133887,0.129999999999999,1.0007698229407058,2.386451116243268
2024-06-11,13.02,13.23,12.88,13.2,2717948.0,37399170.0,609844771.0,0.004456786594305324,0.08000000000000007,0.6097560975609762,2.667682926829266
2024-06-12,13.2,13.38,13.14,13.27,2510800.0,35095022.0,609844771.0,0.004117113271108133,0.07000000000000028,0.5303030303030365,1.81818181818182
2024-06-13,13.27,13.3,12.99,13.06,2650397.0,36459443.0,609844771.0,0.00434601906261159,-0.20999999999999908,-1.5825169555388041,2.3360964581763413
2024-06-14,13.02,13.14,12.85,13.13,2973519.0,40666786.0,609844771.0,0.004875862090485974,0.07000000000000028,0.535987748851463,2.220520673813177
2024-06-17,13.12,13.42,13.03,13.16,2952246.0,40970809.0,609844771.0,0.00484097944327541,0.02999999999999936,0.22848438690021844,2.9702970297029743
2024-06-18,13.17,13.72,13.15,13.69,5564800.0,79250399.0,609844771.0,0.009124945009981893,0.5299999999999994,4.027355623100304,4.331306990881461
2024-06-19,13.7,14.14,13.69,13.71,5935631.0,86518252.0,609844771.0,0.009733019421101177,0.02000000000000135,0.146092037983947,3.2870708546384306
2024-06-20,13.64,13.91,13.47,13.48,4148053.0,59720309.0,609844771.0,0.006801817769459894,-0.23000000000000043,-1.6776075857038664,3.2093362509117394
2024-06-21,13.48,13.81,13.32,13.66,3055400.0,43701128.0,609844771.0,0.005010127405027795,0.17999999999999972,1.335311572700304,3.6350148367952535
2024-06-24,13.49,13.5,12.99,13.03,4439336.0,61501012.0,609844771.0,0.007279452429706903,-0.6300000000000008,-4.612005856515378,3.733528550512444
2024-06-25,13.15,14.07,13.13,13.87,13392277.0,192082890.0,609844771.0,0.021960140738830736,0.8399999999999999,6.446661550268606,7.214121258633918
2024-06-26,13.64,13.8,13.2,13.77,11416055.0,162840315.0,609844771.0,0.01871960791150245,-0.09999999999999964,-0.7209805335255948,4.325883201153579
2024-06-27,13.59,13.87,13.45,13.51,6229700.0,89119300.0,609844771.0,0.010215222456994716,-0.2599999999999998,-1.8881626724764011,3.0501089324618733
2024-06-28,13.57,14.1,13.45,13.74,8655100.0,125832445.0,609844771.0,0.014192300092706707,0.23000000000000043,1.7024426350851218,4.811250925240565
2024-07-01,13.71,14.14,13.55,14.13,10511900.0,154097508.0,609842271.0,0.017237079979324686,0.39000000000000057,2.8384279475982543,4.294032023289664
2024-07-02,14.13,14.72,13.98,14.54,16183399.0,244948850.0,609842271.0,0.026537024029939703,0.40999999999999837,2.9016277423920656,5.237084217975939
2024-07-03,14.34,15.07,14.17,14.19,15915556.0,243990501.0,609842271.0,0.02609782357969738,-0.34999999999999964,-2.407152682255842,6.189821182943607
2024-07-04,14.08,14.24,13.62,13.63,10344607.0,151058882.0,609842271.0,0.016962758227692616,-0.5599999999999987,-3.946441155743474,4.369274136716005
2024-07-05,13.57,13.95,13.34,13.57,7655567.0,109645852.0,609842271.0,0.012553355784023702,-0.0600000000000005,-0.44020542920030215,4.4754218635363126
2024-07-08,13.39,13.48,12.98,13.03,6416609.0,88499040.0,609842271.0,0.010521751779321969,-0.5400000000000009,-3.979366249078853,3.6845983787767134
2024-07-09,12.93,13.17,12.65,13.12,6531707.0,88640413.0,609842271.0,0.01071048582658843,0.08999999999999986,0.6907137375287808,3.990790483499613
2024-07-10,13.02,13.31,12.79,12.95,4244477.0,58299795.0,609842271.0,0.006959958667738859,-0.16999999999999993,-1.2957317073170715,3.963414634146352
2024-07-11,13.19,13.57,13.04,13.3,7604998.0,106671233.0,609842271.0,0.01247043434284994,0.3500000000000014,2.7027027027027195,4.092664092664101
2024-07-12,13.37,13.38,12.8,12.91,6609661.0,90286421.0,609842271.0,0.010838312321580607,-0.39000000000000057,-2.932330827067675,4.360902255639098
2024-07-15,12.88,12.92,12.69,12.82,3213866.0,43208209.0,609842271.0,0.005269995460842694,-0.08999999999999986,-0.6971340046475594,1.7815646785437678
2024-07-16,12.82,12.82,12.55,12.63,4299040.0,57101368.0,609842271.0,0.007049429343345732,-0.1899999999999995,-1.4820592823712953,2.1060842433697315
2024-07-17,12.67,12.85,12.6,12.81,3710616.0,49801429.0,609842271.0,0.006084550344329935,0.17999999999999972,1.4251781472684133,1.979414093428345
2024-07-18,12.64,13.01,12.51,12.99,4709994.0,63613578.0,609842271.0,0.007723298669140631,0.17999999999999972,1.4051522248243575,3.9032006245121003
2024-07-19,12.96,13.93,12.93,13.76,11481702.0,163497048.0,609842271.0,0.01882733051805784,0.7699999999999996,5.927636643571965,7.698229407236336
2024-07-22,13.66,13.92,13.59,13.75,6342100.0,91605568.0,609842271.0,0.010399574285987794,-0.009999999999999787,-0.07267441860464574,2.398255813953489
2024-07-23,13.75,14.05,13.38,13.39,6219804.0,89699131.0,609842271.0,0.01019903718678104,-0.35999999999999943,-2.6181818181818195,4.872727272727272
2024-07-24,13.3,13.36,12.9,12.95,5738900.0,79120831.0,609842271.0,0.009410466071152356,-0.4400000000000013,-3.286034353995526,3.4353995519043994
2024-07-25,12.83,13.0,12.72,12.74,3764700.0,50807268.0,609842271.0,0.006173235570939949,-0.20999999999999908,-1.6216216216216162,2.1621621621621574
2024-07-26,12.85,13.06,12.75,12.86,3911900.0,53013151.0,609842271.0,0.006414609458910401,0.11999999999999922,0.9419152276294973,2.43328100470958
2024-07-29,12.89,12.89,12.4,12.42,5978600.0,79004050.0,609842271.0,0.009803518523234675,-0.4399999999999995,-3.4214618973561373,3.81026438569207
2024-07-30,12.81,12.97,12.45,12.5,5759894.0,76481600.0,609842271.0,0.009444891366016837,0.08000000000000007,0.6441223832528209,4.186795491143328
2024-07-31,12.45,13.53,12.27,13.44,11424699.0,157157542.0,609842271.0,0.018733858807894934,0.9399999999999995,7.519999999999993,10.079999999999998
2024-08-01,13.64,14.21,13.59,13.76,11605300.0,169268905.0,609842271.0,0.019030002595539986,0.3200000000000003,2.3809523809523725,4.613095238095246
2024-08-02,13.98,14.43,13.95,14.06,12325074.0,183975542.0,609842271.0,0.020210265155594632,0.3000000000000007,2.18023255813955,3.4883720930232593
2024-08-05,13.93,13.96,13.23,13.3,9315900.0,133321382.0,609842271.0,0.015275917139564764,-0.7599999999999998,-5.405405405405405,5.192034139402564
2024-08-06,13.49,13.94,13.4,13.8,7084700.0,102019167.0,609842271.0,0.011617266196360469,0.5,3.759398496240607,4.060150375939843
2024-08-07,13.83,14.41,13.59,14.07,9787725.0,144971258.0,609842271.0,0.016049600799154837,0.2699999999999996,1.9565217391304346,5.942028985507248
2024-08-08,14.69,15.3,14.45,15.04,27626055.0,432097541.0,609842271.0,0.045300328156491466,0.9699999999999989,6.894100923951663,6.041222459132917
2024-08-09,15.03,15.04,14.17,14.24,19951600.0,303700333.0,609842271.0,0.03271600042956025,-0.7999999999999989,-5.319148936170204,5.7845744680851015
2024-08-12,14.07,14.34,13.93,13.99,8039885.0,119138720.0,609842271.0,0.013183548242427425,-0.25,-1.75561797752809,2.879213483146068
2024-08-13,13.93,13.99,13.7,13.85,5433300.0,78910069.0,609842271.0,0.00890935289069196,-0.14000000000000057,-1.0007147962830643,2.072909220872058
2024-08-14,13.78,13.88,13.49,13.54,4609600.0,65850917.0,609842271.0,0.007558675774379044,-0.3100000000000005,-2.238267148014439,2.8158844765343005
2024-08-15,13.51,13.87,13.48,13.6,5906900.0,84835484.0,609842271.0,0.009685947138944719,0.0600000000000005,0.4431314623338345,2.8803545051698585
2024-08-16,13.57,13.86,13.45,13.71,5284500.0,76127350.0,609842271.0,0.008665355373504439,0.11000000000000121,0.808823529411784,3.0147058823529425
2024-08-19,13.62,14.12,13.47,13.72,7278100.0,105129046.0,609842271.0,0.01193439737797382,0.009999999999999787,0.07293946024800047,4.74106491611961
2024-08-20,13.75,13.93,13.26,13.34,6215799.0,88385715.0,609842271.0,0.01019246991489706,-0.3800000000000008,-2.76967930029155,4.8833819241982495
2024-08-21,13.31,13.47,13.14,13.19,4667700.0,65173866.0,609842271.0,0.007653946310323904,-0.15000000000000036,-1.1244377811094441,2.4737631184407802
2024-08-22,13.21,13.29,12.89,12.94,4286600.0,58672035.0,609842271.0,0.007029030626183012,-0.25,-1.8953752843062888,3.0326004548900576
2024-08-23,12.86,12.99,12.73,12.85,2491800.0,33670972.0,609842271.0,0.0040859745519345935,-0.08999999999999986,-0.695517774343124,2.009273570324573
2024-08-26,12.83,12.99,12.69,12.94,2476800.0,33551643.0,609842271.0,0.004061378028024561,0.08999999999999986,0.7003891050583633,2.334630350194558
2024-08-27,12.94,13.08,12.79,12.82,2665900.0,36112799.0,609842271.0,0.0043714582061170374,-0.11999999999999922,-0.9273570324574876,2.2411128284389563
2024-08-28,12.74,13.06,12.69,12.83,2622100.0,35500161.0,609842271.0,0.004299636356299742,0.009999999999999787,0.07800312012480326,2.8861154446177926
2024-08-29,12.7,12.99,12.58,12.88,3917200.0,52978530.0,609842271.0,0.006423300230691945,0.05000000000000071,0.3897116134060852,3.195635229929853
2024-08-30,12.93,13.39,12.79,13.16,4667600.0,64625001.0,609842271.0,0.007653782333497837,0.27999999999999936,2.1739130434782483,4.658385093167713
2024-09-02,13.1,13.45,12.94,12.95,3964900.0,54915548.0,609842271.0,0.006501517176725848,-0.21000000000000085,-1.5957446808510745,3.875379939209725
2024-09-03,12.95,13.21,12.84,12.94,2905800.0,39802761.0,609842271.0,0.00476483861185149,-0.009999999999999787,-0.07722007722007485,2.857142857142865
2024-09-04,12.87,12.93,12.72,12.76,2460000.0,33116162.0,609842271.0,0.004033829921245325,-0.17999999999999972,-1.391035548686237,1.6228748068006111
2024-09-05,12.73,12.98,12.73,12.9,2683800.0,36360025.0,609842271.0,0.004400810057983009,0.14000000000000057,1.0971786833855912,1.9592476489028214
2024-09-06,12.92,12.97,12.61,12.63,2769318.0,37044713.0,609842271.0,0.004541039760098886,-0.2699999999999996,-2.0930232558139528,2.790697674418614
2024-09-09,12.64,12.77,12.46,12.51,2967709.0,39231751.0,609842271.0,0.004866355025101236,-0.120000000000001,-0.9501187648456089,2.4544734758511377
2024-09-10,12.52,12.6,12.27,12.48,2811900.0,36606817.0,609842271.0,0.004610864372174686,-0.02999999999999936,-0.23980815347721673,2.637889688249401
2024-09-11,12.47,12.57,12.38,12.48,2100700.0,27560544.0,609842271.0,0.0034446611851870136,0.0,0.0,1.5224358974358934
2024-09-12,12.53,12.68,12.39,12.39,1933500.0,25443647.0,609842271.0,0.0031704919320031852,-0.08999999999999986,-0.7211538461538436,2.323717948717942
2024-09-13,12.45,12.51,12.29,12.3,1997300.0,26044657.0,609842271.0,0.0032751091470338565,-0.08999999999999986,-0.7263922518159771,1.7756255044390687
2024-09-18,12.28,12.34,11.96,12.1,2537200.0,32330132.0,609842271.0,0.004160420030968959,-0.20000000000000107,-1.6260162601626105,3.089430894308935
2024-09-19,12.23,12.51,12.07,12.38,2665900.0,34623198.0,609842271.0,0.0043714582061170374,0.28000000000000114,2.3140495867768784,3.6363636363636322
2024-09-20,12.36,12.36,12.2,12.29,1875209.0,24192845.0,609842271.0,0.0030749082003205383,-0.09000000000000163,-0.7269789983845087,1.2924071082390964
2024-09-23,12.36,12.46,12.22,12.26,1876300.0,24322112.0,609842271.0,0.003076697187492928,-0.02999999999999936,-0.24410089503661414,1.952807160292923
2024-09-24,12.38,12.66,12.29,12.66,4372900.0,57630362.0,609842271.0,0.007170542627078732,0.40000000000000036,3.2626427406199143,3.0179445350734175
2024-09-25,12.72,12.99,12.61,12.64,5938620.0,80054375.0,609842271.0,0.009737960588173134,-0.019999999999999574,-0.15797788309636074,3.00157977883097
2024-09-26,12.61,13.26,12.52,13.25,7399300.0,100523050.0,609842271.0,0.012133137291166883,0.6099999999999994,4.8259493670886,5.854430379746836
2024-09-27,13.45,14.09,13.31,13.8,10630300.0,153034726.0,609842271.0,0.017431228541387876,0.5500000000000007,4.150943396226414,5.886792452830184
2024-09-30,14.34,15.11,14.24,15.05,18294015.0,283387082.0,609842271.0,0.02999794515719951,1.25,9.05797101449275,6.304347826086951
2024-10-08,16.44,16.54,15.1,15.7,23364943.0,389883099.0,609842271.0,0.03831309194373638,0.6499999999999986,4.318936877076407,9.568106312292356
2024-10-09,15.32,15.56,14.43,14.52,16230085.0,256237323.0,609842271.0,0.02661357825095729,-1.1799999999999997,-7.515923566878979,7.197452229299368
2024-10-10,14.7,15.11,14.27,14.31,10354400.0,159312225.0,609842271.0,0.016978816478269345,-0.20999999999999908,-1.4462809917355268,5.785123966942148
2024-10-11,14.34,14.42,13.7,13.82,7301188.0,107715312.0,609842271.0,0.011972256347576142,-0.4900000000000002,-3.424178895877006,5.031446540880507
2024-10-14,13.86,14.1,13.55,14.01,6193234.0,90120490.0,609842271.0,0.010155468544095068,0.1899999999999995,1.374819102749636,3.9797395079594713
2024-10-15,13.94,14.12,13.63,13.67,6263000.0,91349173.0,609842271.0,0.01026986861656889,-0.33999999999999986,-2.4268379728765166,3.497501784439675
2024-10-16,13.55,13.86,13.45,13.63,4997606.0,71724966.0,609842271.0,0.008194915698128115,-0.03999999999999915,-0.2926115581565414,2.9992684711046094
2024-10-17,13.72,14.18,13.57,13.68,8223801.0,119467812.0,609842271.0,0.013485127861856594,0.049999999999998934,0.3668378576669129,4.4754218635363126
2024-10-18,13.72,14.26,13.61,13.97,9195515.0,134509145.0,609842271.0,0.015078513637504147,0.2900000000000009,2.1198830409356884,4.751461988304096
2024-10-21,13.93,14.02,13.71,13.85,9312953.0,135965549.0,609842271.0,0.015271084742500574,-0.120000000000001,-0.858983536148894,2.219040801717958
2024-10-22,13.93,14.23,13.82,14.22,8358783.0,123814384.0,609842271.0,0.013706467061218195,0.370000000000001,2.671480144404348,2.960288808664261
2024-10-23,14.31,14.45,14.18,14.27,8505046.0,128025980.0,609842271.0,0.0139463044863284,0.049999999999998934,0.35161744022502717,1.898734177215187
2024-10-24,15.49,15.69,15.41,15.69,9547673.0,157136168.0,609842271.0,0.01565597114864476,1.42,9.950946040644704,1.9621583742116284
2024-10-25,17.0,17.0,15.85,15.93,49143185.0,840427904.0,609842271.0,0.0805834349911766,0.2400000000000002,1.5296367112810794,7.329509241555134
2024-10-28,15.78,16.83,15.75,16.33,36464302.0,623068373.0,609842271.0,0.059793005067042986,0.3999999999999986,2.5109855618330013,6.779661016949142
2024-10-29,16.16,16.32,15.64,15.67,24308137.0,406428643.0,609842271.0,0.03985971152858966,-0.6599999999999984,-4.041641151255348,4.164115125535822
2024-10-30,15.47,15.86,15.43,15.55,12176850.0,200310924.0,609842271.0,0.019967212144925257,-0.11999999999999922,-0.765794511805995,2.74409700063816
2024-10-31,15.56,15.88,15.49,15.55,11034590.0,181619443.0,609842271.0,0.01809417045149368,0.0,0.0,2.508038585209007
2024-11-01,15.55,15.68,15.07,15.14,11276709.0,181352190.0,609842271.0,0.018491189502998554,-0.41000000000000014,-2.636655948553057,3.922829581993565
2024-11-04,15.31,15.41,15.14,15.38,7575600.0,121753031.0,609842271.0,0.012422228435522797,0.2400000000000002,1.5852047556142779,1.7833553500660473
2024-11-05,15.34,15.57,15.19,15.53,10430719.0,169251934.0,609842271.0,0.01710396195215533,0.14999999999999858,0.975292587776333,2.4707412223667147
2024-11-06,15.54,15.78,15.31,15.58,12047209.0,197421191.0,609842271.0,0.01975463094784389,0.05000000000000071,0.3219575016097931,3.0264005151319955
2024-11-07,15.84,16.26,15.76,16.12,16843076.0,284254782.0,609842271.0,0.027618741436832933,0.5400000000000009,3.4659820282413323,3.2092426187419885
2024-11-08,16.1,16.35,15.88,16.0,12655164.0,213781384.0,609842271.0,0.020751536260758808,-0.120000000000001,-0.7444168734491385,2.9156327543424356
2024-11-11,15.88,16.13,15.76,16.11,10062219.0,168859278.0,609842271.0,0.016499707348098865,0.10999999999999943,0.6874999999999964,2.312499999999995
2024-11-12,16.11,16.85,16.05,16.24,18238012.0,314750560.0,609842271.0,0.02990611321529727,0.129999999999999,0.806952203600253,4.965859714463071
2024-11-13,16.25,16.29,15.67,15.92,10655500.0,178230365.0,609842271.0,0.01747255070155673,-0.3199999999999985,-1.970443349753681,3.8177339901477785
2024-11-14,15.97,15.99,15.49,15.56,7267500.0,120161808.0,609842271.0,0.011917015834410731,-0.35999999999999943,-2.2613065326633097,3.1407035175879394
2024-11-15,15.56,15.76,15.35,15.36,5658805.0,92741868.0,609842271.0,0.009279128832314085,-0.20000000000000107,-1.285347043701801,2.6349614395886896
2024-11-18,15.49,15.52,14.93,15.0,6634364.0,106197916.0,609842271.0,0.01087881951692391,-0.35999999999999943,-2.34375,3.841145833333333
2024-11-19,15.11,15.32,14.99,15.32,5238332.0,83530833.0,609842271.0,0.00858965055244588,0.3200000000000003,2.1333333333333426,2.2000000000000006
2024-11-20,15.46,15.58,15.28,15.48,5229700.0,84846203.0,609842271.0,0.008575496072819787,0.16000000000000014,1.0443864229765065,1.9582245430809446
2024-11-21,15.51,15.66,15.33,15.55,6242000.0,101736075.0,609842271.0,0.010235433483094844,0.07000000000000028,0.4521963824289488,2.1317829457364343
2024-11-22,15.53,15.59,14.73,14.77,7330100.0,116869977.0,609842271.0,0.0120196653275286,-0.7800000000000011,-5.01607717041801,5.5305466237942085
2024-11-25,14.85,15.11,14.72,15.09,5472200.0,86063039.0,609842271.0,0.008973139876031978,0.3200000000000003,2.1665538253216043,2.6404874746106892
2024-11-26,15.06,15.3,14.91,14.96,4028300.0,63909535.0,609842271.0,0.006605478484452252,-0.129999999999999,-0.8614976805831565,2.5844930417495067
2024-11-27,14.88,15.36,14.66,15.35,5775100.0,91144445.0,609842271.0,0.009469825682188567,0.3899999999999988,2.6069518716577367,4.679144385026733
2024-11-28,15.37,15.47,15.27,15.29,4831400.0,78087014.0,609842271.0,0.007922376374595391,-0.0600000000000005,-0.3908794788273662,1.3029315960912122
2024-11-29,15.29,15.68,15.19,15.53,7050200.0,114799345.0,609842271.0,0.011560694191367394,0.2400000000000002,1.5696533682145297,3.204708960104645
2024-12-02,15.52,15.81,15.49,15.73,6144400.0,101470148.0,609842271.0,0.010075392100853566,0.20000000000000107,1.2878300064391501,2.060528010302642
2024-12-03,15.74,15.88,15.5,15.55,5130544.0,84212070.0,609842271.0,0.008412903211164908,-0.17999999999999972,-1.1443102352193257,2.4157660521296935
2024-12-04,15.51,15.59,15.16,15.23,5468301.0,88245685.0,609842271.0,0.008966746419583631,-0.3200000000000003,-2.057877813504827,2.7652733118971042
2024-12-05,15.2,15.29,15.04,15.22,3934900.0,62790999.0,609842271.0,0.006452324128905784,-0.009999999999999787,-0.06565988181220783,1.6414970453053184
2024-12-06,15.19,15.47,15.01,15.39,6335700.0,101654323.0,609842271.0,0.010389079769119514,0.16999999999999993,1.1169513797634645,3.022339027595275
2024-12-09,15.4,15.49,15.21,15.27,5375717.0,86620751.0,609842271.0,0.008814930114937867,-0.120000000000001,-0.7797270955165803,1.8193632228719905
2024-12-10,15.59,15.8,15.4,15.45,7628117.0,125253493.0,609842271.0,0.012508344145268342,0.17999999999999972,1.1787819253438192,2.6195153896529164
2024-12-11,15.4,15.78,15.39,15.7,6812701.0,112280779.0,609842271.0,0.011171250869226807,0.25,1.6181229773462702,2.5242718446601864
2024-12-12,15.7,16.08,15.68,16.04,9494115.0,159153990.0,609842271.0,0.01556814844013986,0.33999999999999986,2.165605095541401,2.5477707006369337
2024-12-13,15.97,16.0,15.55,15.59,8382501.0,138870399.0,609842271.0,0.013745359084824738,-0.4499999999999993,-2.8054862842892714,2.8054862842892723
2024-12-16,15.66,15.82,15.4,15.53,6385401.0,104984102.0,609842271.0,0.010470577891443015,-0.0600000000000005,-0.38486209108402614,2.694034637588197
2024-12-17,15.7,15.77,15.15,15.23,7020800.0,113647194.0,609842271.0,0.01151248500450373,-0.29999999999999893,-1.931745009658714,3.99227301996136
2024-12-18,15.21,15.35,15.09,15.16,5193310.0,83054785.0,609842271.0,0.008515824905814047,-0.07000000000000028,-0.45961917268548813,1.7071569271175295
2024-12-19,15.02,15.21,14.83,15.15,4645400.0,73311035.0,609842271.0,0.007617379478110989,-0.009999999999999787,-0.06596306068601399,2.506596306068607
2024-12-20,15.12,15.35,15.11,15.21,3575051.0,57398451.0,609842271.0,0.005862255160072365,0.0600000000000005,0.3960396039603964,1.5841584158415856
2024-12-23,15.21,15.24,14.69,14.72,5710948.0,89463709.0,609842271.0,0.00936463126873014,-0.4900000000000002,-3.2215647600262964,3.616042077580543
2024-12-24,14.72,14.83,14.6,14.81,3851600.0,59654563.0,609842271.0,0.00631573143279207,0.08999999999999986,0.6114130434782705,1.5625000000000027
2024-12-25,14.8,14.87,14.59,14.69,4040900.0,62371520.0,609842271.0,0.00662613956453668,-0.120000000000001,-0.8102633355840716,1.8906144496961468
2024-12-26,14.65,14.8,14.62,14.71,3356500.0,51970332.0,609842271.0,0.005503882166934932,0.02000000000000135,0.1361470388019148,1.2253233492171647
2024-12-27,14.71,14.92,14.62,14.9,4188800.0,65368857.0,609842271.0,0.0068686612902896,0.1899999999999995,1.291638341264445,2.0394289598912354
2024-12-30,14.89,14.97,14.64,14.66,3497300.0,54256212.0,609842271.0,0.005734761538037103,-0.2400000000000002,-1.6107382550335614,2.2147651006711415
2024-12-31,14.65,14.74,14.35,14.35,4238500.0,64795228.0,609844771.0,0.006950129281341333,-0.3100000000000005,-2.114597544338337,2.660300136425652
2025-01-02,14.45,14.59,14.0,14.11,5531158.0,83448998.0,609844771.0,0.009069780152300429,-0.2400000000000002,-1.672473867595825,4.11149825783972
2025-01-03,14.22,14.34,13.81,13.89,5457500.0,80862288.0,609844771.0,0.008948998596890486,-0.21999999999999886,-1.559177888022667,3.756201275690995
2025-01-06,13.89,14.12,13.69,13.95,4363800.0,63903259.0,609844771.0,0.0071555914021274765,0.05999999999999872,0.43196544276455917,3.0957523398128126
2025-01-07,14.01,14.01,13.57,13.76,5210200.0,75265363.0,609844771.0,0.008543485568395568,-0.1899999999999995,-1.3620071684587787,3.15412186379928
2025-01-08,13.72,13.8,13.3,13.58,4746565.0,67621758.0,609844771.0,0.007783234727448372,-0.17999999999999972,-1.3081395348837233,3.6337209302325584
2025-01-09,13.45,13.62,13.37,13.44,3102700.0,44063068.0,609844771.0,0.00508768812580341,-0.14000000000000057,-1.0309278350515538,1.8409425625920472
2025-01-10,13.41,13.52,13.13,13.13,3692900.0,51654155.0,609844771.0,0.006055475385883074,-0.3099999999999987,-2.3065476190476053,2.9017857142857055
2025-01-13,13.05,13.2,12.94,13.12,3373600.0,46431703.0,609844771.0,0.005531899526609207,-0.010000000000001563,-0.07616146230008392,1.9801980198019784
2025-01-14,13.16,13.48,13.12,13.47,5608900.0,78683471.0,609844771.0,0.009197258493834,0.3500000000000014,2.6676829268292845,2.7439024390244
2025-01-15,13.65,13.72,13.47,13.58,5345100.0,76338386.0,609844771.0,0.008764689399952239,0.10999999999999943,0.8166295471417895,1.855976243504083
2025-01-16,13.68,14.01,13.55,13.63,4989656.0,72294058.0,609844771.0,0.008181845999627338,0.05000000000000071,0.3681885125184081,3.38733431516936
2025-01-17,13.62,13.78,13.46,13.69,3423451.0,49075648.0,609844771.0,0.005613643279069782,0.05999999999999872,0.44020542920029104,2.347762289068221
2025-01-20,13.8,13.96,13.76,13.79,3419503.0,49796316.0,609844771.0,0.005607169500515402,0.09999999999999964,0.7304601899196461,1.4609203798393067
2025-01-21,13.79,13.85,13.55,13.68,3231752.0,46426922.0,609844771.0,0.005299302631882368,-0.10999999999999943,-0.797679477882518,2.1754894851341477
2025-01-22,13.72,13.72,13.44,13.57,3388302.0,48220105.0,609844771.0,0.005556007300749653,-0.10999999999999943,-0.8040935672514626,2.0467836257310026
2025-01-23,13.65,13.78,13.53,13.53,3734000.0,53691686.0,609844771.0,0.006122869585119391,-0.040000000000000924,-0.29476787030214835,1.8422991893883567
2025-01-24,13.49,13.59,13.4,13.52,3915200.0,55615005.0,609844771.0,0.006419994375913079,-0.009999999999999787,-0.07390983000739038,1.4042867701404251
2025-01-27,13.5,13.77,13.5,13.57,3858999.0,55440146.0,609844771.0,0.006327838137682417,0.05000000000000071,0.36982248520711636,1.9970414201183402
2025-02-05,13.65,13.76,13.46,13.56,3551000.0,50731891.0,609844771.0,0.005822793223556229,-0.009999999999999787,-0.07369196757552876,2.21075902726602
2025-02-06,13.47,13.7,13.36,13.69,4008104.0,57136603.0,609844771.0,0.00657233478189485,0.129999999999999,0.9587020648967437,2.5073746312684353
2025-02-07,13.66,13.98,13.6,13.89,5427354.0,79029339.0,609844771.0,0.008899566345547956,0.20000000000000107,1.4609203798393144,2.7757487216946735
2025-02-10,13.89,14.02,13.84,13.94,4521451.0,66294807.0,609844771.0,0.007414101448448756,0.049999999999998934,0.3599712023037993,1.2958963282937344
2025-02-11,13.94,13.99,13.7,13.82,3400302.0,49271410.0,609844771.0,0.005575684439212811,-0.11999999999999922,-0.8608321377331363,2.0803443328551
2025-02-12,13.78,13.92,13.75,13.88,3863750.0,56179058.0,609844771.0,0.006335628644752289,0.0600000000000005,0.4341534008683201,1.230101302460202
2025-02-13,13.88,14.06,13.77,13.95,5297995.0,77655514.0,609844771.0,0.008687448432676648,0.06999999999999851,0.5043227665705974,2.089337175792514
2025-02-14,13.88,14.13,13.88,14.11,6267337.0,92583169.0,609844771.0,0.010276938162022874,0.16000000000000014,1.1469534050179142,1.792114695340502
2025-02-17,14.19,14.22,13.94,14.02,5800043.0,85854388.0,609844771.0,0.009510687433605954,-0.08999999999999986,-0.6378454996456395,1.9844082211197815
2025-02-18,14.01,14.02,13.54,13.6,6505360.0,94056056.0,609844771.0,0.010667239122724232,-0.41999999999999993,-2.9957203994293913,3.4236804564907306
2025-02-19,13.64,13.67,13.5,13.63,4445423.0,63526613.0,609844771.0,0.007289433658192341,0.030000000000001137,0.22058823529411686,1.2499999999999996
2025-02-20,13.6,13.89,13.57,13.77,5067000.0,73474954.0,609844771.0,0.008308671716068547,0.1399999999999988,1.0271460014673384,2.3477622890682337
2025-02-21,13.77,13.95,13.59,13.82,5056200.0,73130589.0,609844771.0,0.008290962291451704,0.05000000000000071,0.3631082062454771,2.6143790849673163
2025-02-24,13.78,13.85,13.68,13.7,4214400.0,60991985.0,609844771.0,0.006910611028261157,-0.120000000000001,-0.868306801736618,1.230101302460202
2025-02-25,13.62,13.68,13.46,13.51,4873750.0,69429469.0,609844771.0,0.00799178779873477,-0.1899999999999995,-1.3868613138686148,1.605839416058386
2025-02-26,13.5,13.56,13.4,13.55,5711604.0,80898273.0,609844771.0,0.009365668562894015,0.040000000000000924,0.2960769800148144,1.1843079200592164
2025-02-27,13.51,13.63,13.41,13.56,5116508.0,72749441.0,609844771.0,0.008389853030321383,0.009999999999999787,0.07380073800737907,1.6236162361623663
2025-02-28,13.54,13.68,13.2,13.26,6901804.0,97417043.0,609844771.0,0.011317312746131588,-0.3000000000000007,-2.212389380530977,3.5398230088495604
2025-03-03,13.27,13.54,13.27,13.42,4746143.0,67090540.0,609844771.0,0.007782542748079085,0.16000000000000014,1.2066365007541435,2.036199095022621
2025-03-04,13.42,13.49,13.31,13.46,2866302.0,40497150.0,609844771.0,0.004700051777602271,0.040000000000000924,0.29806259314457684,1.3412816691505194
2025-03-05,13.5,13.5,13.23,13.29,4063800.0,56807744.0,609844771.0,0.006663662940548522,-0.1700000000000017,-1.2630014858841188,2.0059435364041573
2025-03-06,13.3,13.49,13.22,13.46,4524729.0,63775442.0,609844771.0,0.007419476586772275,0.1700000000000017,1.2791572610985735,2.0316027088036086
2025-03-07,13.47,13.51,13.32,13.43,3624269.0,51180734.0,609844771.0,0.005942936911727656,-0.030000000000001137,-0.22288261515602814,1.411589895988109
2025-03-10,13.44,13.53,13.36,13.5,3758937.0,53152329.0,609844771.0,0.006163760318607372,0.07000000000000028,0.5212211466865346,1.265822784810126
2025-03-11,13.41,13.61,13.37,13.61,4265127.0,60631099.0,609844771.0,0.006993791211829543,0.10999999999999943,0.8148148148148016,1.7777777777777795
2025-03-12,13.59,13.71,13.55,13.6,4015523.0,57519149.0,609844771.0,0.006584500172749698,-0.009999999999999787,-0.07347538574576928,1.1756061719324038
2025-03-13,13.63,14.26,13.63,13.89,17129520.0,251795835.0,609844771.0,0.028088328070619794,0.2900000000000009,2.132352941176485,4.632352941176463
2025-03-14,13.74,14.26,13.74,14.23,13979685.0,206494491.0,609844771.0,0.022923349784694638,0.33999999999999986,2.4478041756659463,3.7437005039596802
2025-03-17,14.4,14.81,14.18,14.72,18297365.0,278844443.0,609844771.0,0.03000331538466204,0.4900000000000002,3.4434293745607913,4.427266338721017
2025-03-18,14.69,14.81,14.44,14.57,14340057.0,220179843.0,609844771.0,0.02351427392988174,-0.15000000000000036,-1.0190217391304324,2.513586956521746
2025-03-19,14.54,14.68,14.4,14.48,8485444.0,129356629.0,609844771.0,0.013914104709114576,-0.08999999999999986,-0.6177076183939589,1.9217570350034272
2025-03-20,14.51,14.53,14.28,14.31,7432540.0,112570891.0,609844771.0,0.01218759322608015,-0.16999999999999993,-1.1740331491712719,1.7265193370165748
2025-03-21,14.27,14.4,14.12,14.16,5900614.0,88406395.0,609844771.0,0.009675599891304143,-0.15000000000000036,-1.048218029350112,1.9566736547868704
2025-03-24,14.21,14.26,13.88,14.07,5640450.0,83508723.0,609844771.0,0.00924899297037672,-0.08999999999999986,-0.6355932203389814,2.6836158192090327
2025-03-25,14.13,14.53,13.95,14.29,9954150.0,149207393.0,609844771.0,0.01632243231942051,0.21999999999999886,1.5636105188344018,4.12224591329069
2025-03-26,14.14,14.45,14.14,14.34,6803400.0,102578297.0,609844771.0,0.011155953651687537,0.05000000000000071,0.3498950314905658,2.169349195241419
2025-03-27,14.32,14.52,14.21,14.49,6210200.0,94155007.0,609844771.0,0.010183247106992085,0.15000000000000036,1.0460251046025215,2.1617852161785125
2025-03-28,14.45,14.6,14.25,14.28,5714100.0,86599078.0,609844771.0,0.009369761407694353,-0.21000000000000085,-1.449275362318847,2.415458937198065
2025-03-31,14.16,14.34,14.02,14.14,5148041.0,76683946.0,609844771.0,0.008441559630917948,-0.1399999999999988,-0.9803921568627416,2.2408963585434196
2025-04-01,14.14,14.57,14.14,14.39,6239800.0,94642455.0,609844771.0,0.010231784048534542,0.25,1.768033946251757,3.0410183875530388
2025-04-02,14.39,14.59,14.28,14.41,4740500.0,71904085.0,609844771.0,0.007773289573716784,0.019999999999999574,0.1389854065323215,2.154273801250872
2025-04-03,14.24,14.54,14.21,14.38,4609300.0,69814288.0,609844771.0,0.007558152859852922,-0.02999999999999936,-0.2081887578070707,2.290076335877851
2025-04-07,13.55,13.84,12.95,12.95,9381700.0,130529238.0,609844771.0,0.015383750826650935,-1.4300000000000015,-9.944367176634227,6.189151599443676
2025-04-08,12.83,13.09,12.49,12.8,11968629.0,160385370.0,609844771.0,0.01962569750393088,-0.14999999999999858,-1.1583011583011449,4.633204633204631
2025-04-09,12.51,12.87,12.03,12.87,10998326.0,144066054.0,609844771.0,0.018034631963746064,0.06999999999999851,0.5468749999999911,6.562499999999999
2025-04-10,13.29,14.15,13.29,14.15,15481723.0,225720210.0,609844771.0,0.02538633392660507,1.2800000000000011,9.945609945609956,6.682206682206691
2025-04-11,14.15,14.21,13.7,13.8,13067350.0,190932971.0,609844771.0,0.021427337941379184,-0.34999999999999964,-2.473498233215543,3.6042402826855233
2025-04-14,13.88,14.32,13.81,14.22,10401228.0,154641136.0,609844771.0,0.017055533628573163,0.41999999999999993,3.04347826086957,3.6956521739130417
2025-04-15,14.14,14.4,13.97,14.23,6442397.0,96247285.0,609844771.0,0.010563994816969579,0.009999999999999787,0.07032348804500987,3.0239099859353002
2025-04-16,14.13,14.35,13.88,14.09,6559600.0,97295431.0,609844771.0,0.010756179788577706,-0.14000000000000057,-0.983836964160234,3.3028812368236036
2025-04-17,13.9,14.29,13.9,14.19,4735600.0,70566821.0,609844771.0,0.007765254742177661,0.09999999999999964,0.7097232079488869,2.767920511000701
2025-04-18,14.21,14.33,14.04,14.18,4662600.0,69497198.0,609844771.0,0.0076455521498601155,-0.009999999999999787,-0.0704721634954164,2.043692741367167
2025-04-21,14.1,14.41,14.05,14.36,5749100.0,86621049.0,609844771.0,0.009427153061545231,0.17999999999999972,1.2693935119887145,2.538787023977429
2025-04-22,14.3,15.2,14.27,15.13,19054150.0,297471955.0,609844771.0,0.031244262320648808,0.7700000000000014,5.362116991643462,6.476323119777157
2025-04-23,15.07,15.19,14.84,14.89,13443650.0,211759082.0,609844771.0,0.022044380208353052,-0.2400000000000002,-1.586252478519501,2.3132848645075983
2025-04-24,14.92,15.64,14.85,14.92,16312950.0,259888553.0,609844771.0,0.026749347991048035,0.02999999999999936,0.2014775016789816,5.305574210879791
2025-04-25,14.91,15.27,14.79,14.92,11251400.0,178044045.0,609844771.0,0.01844961297536484,0.0,0.0,3.2171581769437028
2025-04-28,14.81,15.11,14.63,14.76,9963900.0,155276416.0,609844771.0,0.016338419994421826,-0.16000000000000014,-1.072386058981234,3.2171581769436908
2025-04-29,14.92,15.33,14.89,15.19,12520140.0,200064454.0,609844771.0,0.020530044029843784,0.4299999999999997,2.9132791327913354,2.9810298102980997
2025-04-30,15.2,15.31,15.02,15.08,8424900.0,134380611.0,609844771.0,0.013814826986521788,-0.10999999999999943,-0.7241606319947302,1.9091507570770307
2025-05-06,15.2,15.94,15.12,15.82,16013000.0,261548257.0,609844771.0,0.026257501517546012,0.7400000000000002,4.907161803713533,5.4376657824933705
2025-05-07,15.84,16.64,15.79,16.28,21594843.0,370671723.0,609844771.0,0.035410392983430204,0.46000000000000085,2.9077117572692934,5.372945638432372
2025-05-08,16.17,16.37,16.07,16.3,10649341.0,181959430.0,609844771.0,0.01746237978319896,0.019999999999999574,0.12285012285011554,1.8427518427518468
2025-05-09,16.34,16.6,16.21,16.26,7762586.0,133411704.0,609844771.0,0.012728789962847775,-0.03999999999999915,-0.24539877300613355,2.3926380368098195
2025-05-12,16.36,16.45,15.76,15.99,13511832.0,226699777.0,609844771.0,0.02215618242957764,-0.27000000000000135,-1.6605166051660625,4.2435424354243505
2025-05-13,16.12,16.27,15.96,16.03,8676950.0,146682979.0,609844771.0,0.01422812888232504,0.040000000000000924,0.250156347717323,1.938711694809248
2025-05-14,15.89,16.07,15.77,15.98,6079721.0,101908393.0,609844771.0,0.00996929266119755,-0.05000000000000071,-0.3119151590767366,1.8714909544603913
2025-05-15,15.99,17.58,15.95,17.58,29377564.0,529043346.0,609844771.0,0.04817219954485762,1.5999999999999979,10.012515644555675,10.200250312891107
2025-05-16,18.6,19.22,17.88,18.23,73610220.0,1423771949.0,609844771.0,0.12070320760362804,0.6500000000000021,3.697383390216169,7.622298065984073
2025-05-19,18.05,18.16,17.09,17.83,44882482.0,830216076.0,609844771.0,0.07359656774035044,-0.40000000000000213,-2.1941854086670487,5.869445968184313
2025-05-20,17.83,19.18,17.68,18.19,52384813.0,1017277167.0,609844771.0,0.08589860156397078,0.360000000000003,2.0190689848569976,8.412787436904095
2025-05-21,17.88,18.3,17.66,17.8,28890102.0,543267591.0,609844771.0,0.047372878105730286,-0.39000000000000057,-2.1440351841671257,3.5184167124793873
2025-05-22,17.66,17.91,17.34,17.34,20695493.0,382063329.0,609844771.0,0.03393567344369343,-0.46000000000000085,-2.584269662921357,3.202247191011237
2025-05-23,17.44,17.84,17.3,17.36,15577650.0,287272199.0,609844771.0,0.02554363133171802,0.019999999999999574,0.11534025374855261,3.1141868512110675
2025-05-26,17.22,17.37,16.79,17.01,16109570.0,288019061.0,609844771.0,0.026415853289328276,-0.34999999999999787,-2.0161290322580516,3.3410138248848034
2025-05-27,17.0,17.5,16.91,17.42,15211888.0,275929405.0,609844771.0,0.02494386887183788,0.41000000000000014,2.41034685479129,3.4685479129923564
2025-05-28,17.36,17.39,17.03,17.22,10676200.0,192951349.0,609844771.0,0.017506422138364126,-0.20000000000000284,-1.148105625717577,2.0665901262916155
2025-05-29,17.16,17.47,17.03,17.25,9832220.0,178339867.0,609844771.0,0.016122496195019438,0.030000000000001137,0.17421602787457413,2.5551684088269324
2025-05-30,17.21,17.46,17.02,17.06,10184645.0,184300423.0,609844771.0,0.016700389155259315,-0.19000000000000128,-1.1014492753623317,2.5507246376811668
2025-06-03,16.86,17.28,16.84,17.23,9674155.0,174429180.0,609844771.0,0.015863307287421177,0.1700000000000017,0.9964830011723436,2.5791324736225163
2025-06-04,17.25,17.54,17.11,17.49,12402830.0,226770527.0,609844771.0,0.020337683603751027,0.259999999999998,1.5089959373186135,2.495647127103887
2025-06-05,17.54,17.54,17.06,17.2,11235600.0,203759286.0,609844771.0,0.018423704743055016,-0.28999999999999915,-1.658090337335616,2.7444253859348224
2025-06-06,17.21,17.62,16.95,17.22,10752868.0,195515188.0,609844771.0,0.017632139376005242,0.019999999999999574,0.11627906976743319,3.8953488372093124
2025-06-09,17.21,17.6,17.18,17.37,13085427.0,239635178.0,609844771.0,0.021456979910712392,0.15000000000000213,0.8710801393728262,2.4390243902439126
2025-06-10,17.57,18.11,17.31,17.53,23836539.0,443308169.0,609844771.0,0.03908623986545586,0.16000000000000014,0.921128382268277,4.605641911341396
2025-06-11,17.59,17.99,17.52,17.6,14347875.0,267127306.0,609844771.0,0.023527093585590488,0.07000000000000028,0.3993154592127901,2.681118083285789
2025-06-12,17.49,17.65,17.31,17.48,13460400.0,247318785.0,609844771.0,0.022071846214124544,-0.120000000000001,-0.6818181818181834,1.9318181818181808
2025-06-13,17.36,17.54,17.13,17.18,10991400.0,199874671.0,609844771.0,0.018023274975329746,-0.3000000000000007,-1.7162471395881007,2.3455377574370715
2025-06-16,17.14,17.27,17.05,17.22,6703358.0,121093579.0,609844771.0,0.010991908627843265,0.03999999999999915,0.2328288707799775,1.2805587892898653
2025-06-17,17.22,17.54,17.16,17.26,6921327.0,126070566.0,609844771.0,0.011349325810649609,0.0400000000000027,0.23228803716610624,2.206736353077811
2025-06-18,17.22,17.23,16.99,17.13,5939020.0,106794764.0,609844771.0,0.00973857657295548,-0.13000000000000256,-0.7531865585168163,1.3904982618771842
2025-06-19,17.08,17.18,16.82,16.89,7501340.0,133538244.0,609844771.0,0.01230040881993559,-0.23999999999999844,-1.4010507880910628,2.1015761821365992
2025-06-20,16.89,17.12,16.86,17.02,5805840.0,101643010.0,609844771.0,0.009520193131245197,0.129999999999999,0.7696862048549358,1.5393724097098966
2025-06-23,16.95,17.99,16.79,17.77,14890321.0,267164040.0,609844771.0,0.024416575673156013,0.75,4.406580493537016,7.050528789659221
2025-06-24,17.97,18.53,17.88,18.04,17442303.0,325459108.0,609844771.0,0.028601217603946627,0.2699999999999996,1.5194147439504757,3.657850309510423
2025-06-25,17.95,19.85,17.95,19.85,35706651.0,701876452.0,609844771.0,0.05855039298188883,1.8100000000000023,10.033259423503349,10.532150776053227
2025-06-26,20.2,20.49,19.74,19.79,31714139.0,656462621.0,609844771.0,0.052003625361903776,-0.060000000000002274,-0.3022670025189078,3.778337531486146
2025-06-27,19.45,20.38,19.45,20.0,20826199.0,429214991.0,609844771.0,0.034150000115357224,0.21000000000000085,1.0611419909045017,4.699343102577059
2025-06-30,20.08,20.08,19.45,19.9,21183685.0,428739055.0,609842271.0,0.03473633430700641,-0.10000000000000142,-0.5000000000000115,3.149999999999995
2025-07-01,19.7,20.16,19.47,20.16,16764473.0,341646384.0,609842271.0,0.02748985073223958,0.26000000000000156,1.3065326633165952,3.4673366834170922
2025-07-02,19.98,20.08,19.69,19.73,10310400.0,210310792.0,609842271.0,0.016906666674799918,-0.4299999999999997,-2.1329365079365115,1.9345238095237947
2025-07-03,19.73,20.67,19.73,20.05,17901964.0,372184938.0,609842271.0,0.02935507237083603,0.3200000000000003,1.6218955904713672,4.764318297009637
2025-07-04,20.06,20.57,19.96,20.33,15704065.0,326758629.0,609842271.0,0.02575102735048027,0.2799999999999976,1.3965087281795352,3.0423940149625905
2025-07-07,20.39,20.48,19.53,19.76,17128126.0,350535243.0,609842271.0,0.028086157379536587,-0.5699999999999967,-2.8037383177569986,4.67289719626168
2025-07-08,19.83,19.94,19.57,19.7,10547200.0,213795064.0,609842271.0,0.017294963798926297,-0.060000000000002274,-0.30364372469636747,1.8724696356275352
2025-07-09,19.61,19.8,19.46,19.55,8800940.0,177189508.0,609842271.0,0.014431502076050743,-0.14999999999999858,-0.761421319796951,1.7258883248730958
2025-07-10,19.49,19.59,19.26,19.31,8449350.0,168488091.0,609842271.0,0.01385497595328219,-0.240000000000002,-1.2276214833759735,1.6879795396419348
2025-07-11,19.34,19.55,19.21,19.27,8212556.0,163406610.0,609842271.0,0.013466688667765373,-0.03999999999999915,-0.20714655618849775,1.760745727602278
2025-07-14,19.25,19.51,19.16,19.4,7088500.0,141005581.0,609842271.0,0.01162349731575101,0.129999999999999,0.6746237675142597,1.8162947586922753
2025-07-15,19.64,19.74,18.96,19.01,12049166.0,237960781.0,609842271.0,0.01975783997433002,-0.389999999999997,-2.010309278350497,4.020618556701018
2025-07-16,18.92,19.19,18.75,18.96,9649100.0,187800933.0,609842271.0,0.01582228792401962,-0.05000000000000071,-0.2630194634402949,2.314571278274599
2025-07-17,18.96,19.18,18.85,19.14,7539900.0,147652481.0,609842271.0,0.01236368870861692,0.17999999999999972,0.9493670886076,1.740506329113915
2025-07-18,19.17,19.26,18.9,19.08,10238154.0,200839156.0,609842271.0,0.016788199977039637,-0.060000000000002274,-0.31347962382446415,1.8808777429467238
2025-07-21,19.09,19.31,18.94,19.17,8488700.0,167222630.0,609842271.0,0.013919500834339507,0.09000000000000341,0.4716981132075748,1.9392033542976805
2025-07-22,19.19,19.4,18.94,19.05,9510729.0,186905793.0,609842271.0,0.015595391550022613,-0.120000000000001,-0.6259780907668322,2.3995826812728076
2025-07-23,19.04,19.16,18.88,18.96,6525895.0,127682290.0,609842271.0,0.010700955493457422,-0.08999999999999986,-0.47244094488189115,1.4698162729658852
2025-07-24,18.88,19.28,18.88,19.27,8150000.0,159859691.0,609842271.0,0.013364111324450974,0.3099999999999987,1.6350210970464074,2.109704641350222
2025-07-25,19.27,19.59,19.1,19.11,8705092.0,172947366.0,609842271.0,0.014274333567802158,-0.16000000000000014,-0.8303061754021845,2.542812662169167
2025-07-28,19.08,19.61,19.08,19.27,7716929.0,153677988.0,609842271.0,0.012653975244034863,0.16000000000000014,0.8372579801151137,2.7734170591313507
2025-07-29,19.3,19.63,19.12,19.6,11899618.0,237979862.0,609842271.0,0.019512615910483515,0.33000000000000185,1.712506486766996,2.646600934094437
2025-07-30,19.56,19.89,19.39,19.52,10126570.0,204098189.0,609842271.0,0.016605228075441167,-0.08000000000000185,-0.40816326530612734,2.551020408163265
2025-07-31,19.47,19.58,19.19,19.24,8497866.0,168975054.0,609842271.0,0.013934530950216798,-0.28000000000000114,-1.434426229508201,1.997950819672116
2025-08-01,19.2,19.58,19.16,19.28,7140470.0,142312708.0,609842271.0,0.01170871607225797,0.0400000000000027,0.20790020790022457,2.182952182952173
2025-08-04,19.11,19.49,18.91,19.45,6681865.0,131944807.0,609842271.0,0.01095671014907394,0.16999999999999815,0.8817427385892085,3.008298755186713
2025-08-05,19.46,19.93,19.4,19.75,10190312.0,206008420.0,609842271.0,0.016709750183912717,0.3000000000000007,1.5424164524421524,2.724935732647821
2025-08-06,19.75,19.9,19.55,19.83,7552056.0,153408889.0,609842271.0,0.012383621731593611,0.0799999999999983,0.40506329113922934,1.7721518987341665
2025-08-07,19.83,19.84,18.56,18.56,22661419.0,442958961.0,609842271.0,0.0371594756179176,-1.2699999999999996,-6.404437720625311,6.454866364094812
2025-08-08,18.59,18.75,18.32,18.67,8416914.0,160542193.0,609842271.0,0.013801788429979134,0.11000000000000298,0.5926724137931272,2.316810344827585
2025-08-11,18.62,18.72,18.41,18.48,10600514.0,201631890.0,609842271.0,0.017382386403975596,-0.19000000000000128,-1.0176754151044576,1.660417782538825
2025-08-12,18.53,18.65,18.21,18.28,9257200.0,174781175.0,609842271.0,0.015179662742663504,-0.1999999999999993,-1.0822510822510734,2.3809523809523685
2025-08-13,18.34,18.5,18.24,18.48,9386381.0,177392705.0,609842271.0,0.015391489646344965,0.1999999999999993,1.0940919037199182,1.4223194748358947
2025-08-14,18.46,18.51,18.1,18.17,7348817.0,138255905.0,609842271.0,0.012050356870063538,-0.3099999999999987,-1.6774891774891665,2.2186147186147194
2025-08-15,18.15,18.5,18.14,18.49,6731427.0,126912221.0,609842271.0,0.011037980343609208,0.31999999999999673,1.7611447440836425,1.9812878370941078
2025-08-18,18.97,19.27,18.96,19.11,20866739.0,409486265.0,609842271.0,0.03421661631586047,0.620000000000001,3.3531638723634405,1.676581936181713
2025-08-19,19.11,19.27,18.99,19.04,15930024.0,312907529.0,609842271.0,0.026121547746892737,-0.07000000000000028,-0.366300366300365,1.4652014652014713
2025-08-20,18.47,18.5,18.19,18.47,16011802.0,302329180.0,609842271.0,0.026255644715713712,-0.5700000000000003,-2.993697478991597,1.6281512605041952
2025-08-21,18.51,18.95,18.4,18.77,11082852.0,212526343.0,609842271.0,0.01817330894729008,0.3000000000000007,1.6242555495397992,2.97780184082296
2025-08-22,18.79,18.8,18.48,18.72,7571646.0,144927876.0,609842271.0,0.012415744791820112,-0.05000000000000071,-0.2663825253063412,1.704848161960577
2025-08-25,18.75,18.85,18.64,18.72,9141530.0,176091195.0,609842271.0,0.01498999074795194,0.0,0.0,1.1217948717948765
2025-08-26,18.72,19.62,18.58,19.38,16607693.0,327227112.0,609842271.0,0.027232767864331923,0.6600000000000001,3.5256410256410353,5.5555555555555705
2025-08-27,19.38,19.4,18.72,18.75,11818734.0,231926766.0,609842271.0,0.019379984894487577,-0.629999999999999,-3.2507739938080427,3.50877192982456
2025-08-28,19.03,20.02,18.98,19.93,27661058.0,558675856.0,609842271.0,0.04535772496491966,1.1799999999999997,6.293333333333329,5.546666666666662
2025-08-29,19.92,20.32,19.52,19.75,18595272.0,380621001.0,609842271.0,0.030491936824103817,-0.17999999999999972,-0.9031610637230347,4.014049172102362
2025-09-01,19.75,20.57,19.65,20.28,17321997.0,359032106.0,609842271.0,0.02840406089200071,0.5300000000000011,2.6835443037974693,4.658227848101274
2025-09-02,20.44,20.5,20.0,20.09,13591287.0,282629764.0,609842271.0,0.022286561044240896,-0.19000000000000128,-0.9368836291913318,2.4654832347140037
2025-09-03,20.09,20.25,19.6,19.73,9500557.0,194292833.0,609842271.0,0.015578711827275089,-0.35999999999999943,-1.7919362867098054,3.235440517670476
2025-09-04,19.73,19.92,18.91,19.17,11041600.0,221016324.0,609842271.0,0.018105665227000967,-0.5599999999999987,-2.838317283324876,5.119107957425249
2025-09-05,19.22,19.43,18.98,19.42,7736071.0,152950177.0,609842271.0,0.012685363688080585,0.25,1.3041210224308708,2.347417840375583
2025-09-08,19.56,20.12,19.55,19.85,9975880.0,203403934.0,609842271.0,0.01635813139624098,0.4299999999999997,2.214212152420192,2.9351184346035026
2025-09-09,19.81,19.94,19.3,19.38,8713432.0,175615279.0,609842271.0,0.014288009235096134,-0.4700000000000024,-2.3677581863979946,3.224181360201514
2025-09-10,19.38,19.59,19.1,19.19,6172624.0,122385802.0,609842271.0,0.010121672920242684,-0.18999999999999773,-0.9803921568627305,2.5283797729618085
2025-09-11,19.19,19.2,18.65,19.14,9483255.0,184100628.0,609842271.0,0.015550340556828997,-0.05000000000000071,-0.2605523710265789,2.8660760812923436
2025-09-12,19.13,19.21,18.81,18.88,7236727.0,141016426.0,609842271.0,0.011866555245725168,-0.26000000000000156,-1.3584117032392928,2.089864158829687
2025-09-15,18.86,18.95,18.67,18.71,5628400.0,108511560.0,609842271.0,0.00922927167834845,-0.16999999999999815,-0.9004237288135486,1.4830508474576143
2025-09-16,18.8,18.87,18.5,18.67,5326801.0,102115758.0,609842271.0,0.008734719210698991,-0.03999999999999915,-0.2137894174238375,1.9775521111705023
2025-09-17,18.74,19.39,18.69,19.06,8861478.0,173072713.0,609842271.0,0.014530770367015113,0.389999999999997,2.0889126941617375,3.7493304767005853
2025-09-18,19.07,19.24,18.5,18.65,9464212.0,183866331.0,609842271.0,0.01551911444984108,-0.41000000000000014,-2.1511017838405033,3.882476390346267
2025-09-19,18.61,18.66,18.4,18.54,5966600.0,113661464.0,609842271.0,0.009783841304106648,-0.10999999999999943,-0.5898123324396765,1.3941018766756117
2025-09-22,18.48,18.55,18.19,18.28,5533642.0,104144612.0,609842271.0,0.009073890517503992,-0.259999999999998,-1.4023732470334282,1.9417475728155311
2025-09-23,18.27,18.32,17.78,18.14,6227728.0,115196993.0,609842271.0,0.01021203071047858,-0.14000000000000057,-0.7658643326039383,2.954048140043759
2025-09-24,18.08,18.45,17.99,18.38,5008400.0,94398316.0,609842271.0,0.008212615356733774,0.23999999999999844,1.3230429988974501,2.535832414553478
2025-09-25,18.38,18.55,17.99,18.4,4321895.0,81796140.0,609842271.0,0.007086906246943318,0.019999999999999574,0.10881392818280489,3.04678998911862
2025-09-26,18.26,18.35,17.95,18.1,4594873.0,85604969.0,609842271.0,0.007534526907204174,-0.29999999999999716,-1.6304347826086807,2.1739130434782727
2025-09-29,18.2,18.44,17.85,18.38,5671799.0,106330947.0,609842271.0,0.009300435981093216,0.2799999999999976,1.5469613259668336,3.259668508287292
2025-09-30,18.63,19.79,18.62,19.59,17692200.0,351677879.0,609842271.0,0.029011108021405094,1.2100000000000009,6.583242655059851,6.3656147986942235
2025-10-09,19.76,20.43,19.68,19.94,13429257.0,276055005.0,609842271.0,0.022020869392964725,0.3500000000000014,1.786625829504862,3.828483920367534
2025-10-10,19.94,20.27,19.74,19.95,9360599.0,192521745.0,609842271.0,0.0153492131410484,0.00999999999999801,0.05015045135405849,2.6579739217653016
2025-10-13,19.07,19.67,19.01,19.54,10144180.0,202528516.0,609842271.0,0.016634104394511545,-0.41000000000000014,-2.055137844611532,3.3082706766917305
2025-10-14,19.5,19.63,19.03,19.16,8170370.0,162444380.0,609842271.0,0.013397513403920798,-0.379999999999999,-1.9447287615148356,3.0706243602865806
2025-10-15,19.1,20.9,19.06,20.68,22376924.0,466488693.0,609842271.0,0.03669296974659862,1.5199999999999996,7.933194154488521,9.603340292275574
2025-10-16,20.45,21.82,20.45,21.3,23896014.0,524682978.0,609842271.0,0.03918392531369804,0.620000000000001,2.9980657640232167,6.6247582205029065
2025-10-17,21.25,21.44,20.87,21.02,12382716.0,269034463.0,609842271.0,0.020304784677676106,-0.28000000000000114,-1.3145539906103343,2.6760563380281703
2025-10-20,21.04,21.18,20.27,20.51,12830479.0,271850769.0,609842271.0,0.021039012233377966,-0.509999999999998,-2.426260704091332,4.3292102759276885
2025-10-21,20.51,20.98,20.47,20.65,10365211.0,220384791.0,609842271.0,0.016996544012935436,0.13999999999999702,0.682593856655278,2.486591906387136
2025-10-22,20.62,20.94,20.33,20.54,9627200.0,203163157.0,609842271.0,0.015786376999110972,-0.10999999999999943,-0.5326876513317202,2.9539951573850023
2025-10-23,20.42,20.63,19.6,20.17,13241410.0,271865176.0,609842271.0,0.02171284384450287,-0.36999999999999744,-1.8013631937682462,5.014605647517029
2025-10-24,20.24,20.24,19.87,19.91,7054046.0,144945930.0,609842271.0,0.011567000740097927,-0.26000000000000156,-1.2890431333663965,1.834407535944459
2025-10-27,20.19,20.19,19.65,19.89,9637342.0,196562808.0,609842271.0,0.015803007528810677,-0.019999999999999574,-0.10045203415368631,2.712204922149687
2025-10-28,19.8,20.03,19.64,19.71,7222623.0,146878710.0,609842271.0,0.011843427954176696,-0.17999999999999972,-0.9049773755656076,1.960784313725493
2025-10-29,19.71,19.85,19.45,19.82,8002050.0,161994882.0,609842271.0,0.013121507610285021,0.10999999999999943,0.5580923389142622,2.029426686960944
2025-10-30,19.86,19.92,19.23,19.24,10403510.0,208045650.0,609842271.0,0.017059345497550792,-0.5800000000000018,-2.9263370332997085,3.4813319878910254
2025-10-31,19.24,19.78,19.24,19.63,7966405.0,160921387.0,609842271.0,0.01306305807063348,0.39000000000000057,2.0270270270270396,2.806652806652821
2025-11-03,19.63,19.76,19.44,19.64,7483378.0,150640582.0,609842271.0,0.012271005726987397,0.010000000000001563,0.05094243504839557,1.6301579215486515
2025-11-04,19.66,19.79,19.34,19.43,7562708.0,151603165.0,609842271.0,0.012401088543106255,-0.21000000000000085,-1.069246435845217,2.2912423625254545
2025-11-05,19.31,19.51,19.16,19.45,7019859.0,139561341.0,609842271.0,0.01151094198257044,0.019999999999999574,0.10293360782294148,1.8013381369017059
2025-11-06,19.53,20.01,19.4,19.72,10014989.0,203381123.0,609842271.0,0.016422261093147476,0.2699999999999996,1.3881748071979505,3.1362467866324057
2025-11-07,19.63,19.88,19.45,19.67,7826108.0,158567617.0,609842271.0,0.012833003502966425,-0.04999999999999716,-0.2535496957403516,2.1805273833671386
2025-11-10,19.74,20.53,19.74,20.37,14394407.0,299793920.0,609842271.0,0.023603491729749248,0.6999999999999993,3.558718861209953,4.0162684290798305
2025-11-11,20.36,20.62,20.18,20.53,10688702.0,224959796.0,609842271.0,0.01752699428734746,0.16000000000000014,0.7854688267059373,2.1600392734413414
2025-11-12,20.6,20.68,20.29,20.61,9425902.0,198483532.0,609842271.0,0.015456294927774858,0.0799999999999983,0.3896736483195218,1.8996590355577232
2025-11-13,20.68,20.93,20.33,20.62,15897104.0,338465520.0,609842271.0,0.02606756657575152,0.010000000000001563,0.048520135856389146,2.911208151382831
2025-11-14,20.47,20.66,20.22,20.29,10361797.0,217002711.0,609842271.0,0.016990945844093514,-0.33000000000000185,-1.6003879728419101,2.1338506304558744
2025-11-17,20.22,20.26,19.66,19.96,10066575.0,206264795.0,609842271.0,0.01650685017864234,-0.3299999999999983,-1.6264169541646,2.9571217348447583
2025-11-18,19.87,19.87,19.35,19.44,8529023.0,171716861.0,609842271.0,0.013985621209914458,-0.5199999999999996,-2.605210420841686,2.605210420841681
2025-11-19,19.43,19.57,19.04,19.24,7457364.0,147429891.0,609842271.0,0.012228348795454357,-0.20000000000000284,-1.0288065843621519,2.7263374485596765
2025-11-20,19.25,19.33,18.76,18.82,5960797.0,116295814.0,609842271.0,0.009774325728889987,-0.41999999999999815,-2.182952182952169,2.962577962577946
2025-11-21,18.67,18.95,18.02,18.04,8054282.0,151916023.0,609842271.0,0.013207155986076274,-0.7800000000000011,-4.144527098831041,4.9415515409139195
2025-11-24,18.18,18.23,17.94,18.06,5300142.0,98570704.0,609842271.0,0.008691004628637821,0.019999999999999574,0.11086474501107446,1.6075388026607493
2025-11-25,18.24,18.48,18.07,18.2,5988262.0,112658702.0,609842271.0,0.009819361964169257,0.14000000000000057,0.7751937984496138,2.2702104097452946
2025-11-26,18.36,18.45,18.07,18.09,5746606.0,107723232.0,609842271.0,0.00942310212536907,-0.10999999999999943,-0.6043956043956022,2.0879120879120827
2025-11-27,18.11,18.36,18.11,18.29,5260297.0,98850862.0,609842271.0,0.00862566806229147,0.1999999999999993,1.105583195135429,1.3819789939192924
2025-11-28,18.26,18.45,18.13,18.39,4425174.0,83408925.0,609842271.0,0.007256259873136934,0.10000000000000142,0.5467468562055933,1.7495899398578474
2025-12-01,18.39,18.51,18.28,18.3,5178409.0,97767650.0,609842271.0,0.008491390718961822,-0.08999999999999986,-0.4893964110929794,1.2506797172376314
2025-12-02,18.37,18.37,18.05,18.24,4697300.0,87816090.0,609842271.0,0.007702483450839701,-0.060000000000002274,-0.3278688524590234,1.7486338797814223
2025-12-03,18.23,18.26,17.98,18.05,4607400.0,85687327.0,609842271.0,0.007555068284205573,-0.18999999999999773,-1.0416666666666519,1.535087719298252
2025-12-04,18.07,18.1,17.78,17.97,4185830.0,77135854.0,609842271.0,0.006863791178555414,-0.08000000000000185,-0.4432132963989033,1.7728531855955694
2025-12-05,17.92,18.22,17.78,18.19,4052001.0,75199371.0,609842271.0,0.006644342631998364,0.22000000000000242,1.2242626599888728,2.4485253199777284
2025-12-08,18.31,18.65,18.2,18.38,5786323.0,109515890.0,609842271.0,0.009488228801378054,0.18999999999999773,1.0445299615173154,2.473886750962063
2025-12-09,18.28,18.75,18.2,18.45,8784496.0,166840908.0,609842271.0,0.014404537726772306,0.07000000000000028,0.3808487486398171,2.9923830250272077
2025-12-10,18.59,18.83,18.34,18.52,9780399.0,186726246.0,609842271.0,0.016037587856877176,0.07000000000000028,0.3794037940379358,2.6558265582655745
2025-12-11,18.48,18.48,17.98,17.99,6629310.0,123581152.0,609842271.0,0.01087053212813449,-0.5300000000000011,-2.8617710583153433,2.699784017278618
2025-12-12,18.04,18.14,17.87,17.89,4250381.0,78473112.0,609842271.0,0.006969639859549848,-0.09999999999999787,-0.555864369093928,1.5008337965536387
2025-12-15,17.85,18.33,17.85,18.13,5069324.0,94577708.0,609842271.0,0.008312516598246762,0.23999999999999844,1.3415315818893214,2.6830631637786295
2025-12-16,18.16,18.33,17.85,17.85,5282900.0,97847038.0,609842271.0,0.008662731744287368,-0.2799999999999976,-1.5444015444015302,2.6475455046883445
2025-12-17,17.82,18.11,17.69,18.02,5149624.0,94894168.0,609842271.0,0.008444189989578469,0.16999999999999815,0.952380952380949,2.3529411764705777
2025-12-18,18.0,18.3,17.93,18.11,4181199.0,78061730.0,609842271.0,0.006856197411740256,0.08999999999999986,0.499445061043291,2.0532741398446226
2025-12-19,18.11,18.46,18.05,18.36,5717401.0,107793813.0,609842271.0,0.009375212693316237,0.25,1.3804527885146411,2.2639425731639986
2025-12-22,18.41,18.43,18.26,18.38,3966033.0,74868112.0,609842271.0,0.006503375034165187,0.019999999999999574,0.10893246187364536,0.9259259259259158
2025-12-23,18.31,18.42,18.12,18.16,4389800.0,82278649.0,609842271.0,0.007198254710684035,-0.21999999999999886,-1.196953210010876,1.632208922742115
2025-12-24,18.28,18.39,18.11,18.38,3909200.0,73379758.0,609842271.0,0.006410182084606595,0.21999999999999886,1.2114537444933848,1.5418502202643234
2025-12-25,18.3,19.61,18.29,19.48,18327310.0,362444422.0,609842271.0,0.030052541241438475,1.1000000000000014,5.984766050054424,7.18171926006529
2025-12-26,19.27,19.5,19.21,19.3,8611836.0,171233399.0,609842271.0,0.014121415338885225,-0.17999999999999972,-0.924024640657084,1.4887063655030757
2025-12-29,19.3,19.34,18.8,18.84,7270299.0,141640710.0,609842271.0,0.011921605545772342,-0.46000000000000085,-2.3834196891191706,2.797927461139892
2025-12-30,18.78,19.58,18.61,19.45,13400301.0,264455875.0,609842271.0,0.0219733882632088,0.6099999999999994,3.2377919320594417,5.148619957537149
2025-12-31,19.44,19.47,19.05,19.17,8002984.0,157784034.0,609859771.0,0.013122662586642396,-0.2799999999999976,-1.439588688946003,2.159383033419014
2026-01-05,19.26,19.58,18.99,19.45,9017247.0,179350678.0,609859771.0,0.014785771137542371,0.2799999999999976,1.4606155451225789,3.0777256129368795
2026-01-06,19.43,19.53,19.29,19.46,7463034.0,148791734.0,609859771.0,0.01223729512074998,0.010000000000001563,0.05141388174807471,1.233933161953738
2026-01-07,19.47,19.82,19.36,19.68,11528202.0,233251292.0,609859771.0,0.018903037301668486,0.21999999999999886,1.130524152106882,2.363823227132584
2026-01-08,19.55,19.68,19.46,19.55,7101401.0,142648141.0,609859771.0,0.011644317821383237,-0.129999999999999,-0.6605691056910556,1.1178861788617829
2026-01-09,19.55,19.64,19.37,19.53,9440946.0,189364141.0,609859771.0,0.015480519373362634,-0.019999999999999574,-0.1023017902813228,1.3810741687979518
2026-01-12,19.43,19.56,19.21,19.4,10345155.0,205785265.0,609859771.0,0.016963170046512217,-0.13000000000000256,-0.6656426011264815,1.7921146953404905
2026-01-13,19.36,19.87,19.26,19.27,10975798.0,220628622.0,609859771.0,0.017997248747860104,-0.129999999999999,-0.6701030927835028,3.1443298969072138
2026-01-14,19.28,19.5,19.14,19.35,10837960.0,215225606.0,609859771.0,0.017771232856085534,0.08000000000000185,0.4151530877011034,1.868188894654901
2026-01-15,19.25,19.57,18.99,19.06,6240956.0,123567644.0,609859771.0,0.010233427907150806,-0.2900000000000027,-1.4987080103359363,2.997416020671844
2026-01-16,19.13,19.43,19.12,19.31,6771436.0,134402628.0,609859771.0,0.011103267213209903,0.25,1.3116474291710478,1.6264428121720815
2026-01-19,19.27,19.41,19.17,19.32,5740915.0,113869089.0,609859771.0,0.009413500074921321,0.010000000000001563,0.05178663904712444,1.2428793371310123
2026-01-20,19.31,19.89,19.26,19.6,12277612.0,248373583.0,609859771.0,0.020131860771646144,0.28000000000000114,1.449275362318847,3.2608695652173862
2026-01-21,19.62,19.74,19.35,19.62,8689832.0,174681683.0,609859771.0,0.014248901818447703,0.019999999999999574,0.10204081632652073,1.9897959183673315
2026-01-22,19.63,19.89,19.51,19.67,8998444.0,182057087.0,609859771.0,0.014754939459681133,0.05000000000000071,0.2548419979612637,1.9367991845056012
2026-01-23,19.76,20.24,19.63,19.87,12427917.0,253818522.0,609859771.0,0.02037831906771237,0.1999999999999993,1.0167768174885516,3.1011692933401087
2026-01-26,19.74,19.92,19.29,19.79,12820003.0,258629413.0,609859771.0,0.02102123079700563,-0.08000000000000185,-0.4026170105687066,3.1706089582284975
2026-01-27,19.71,19.71,18.96,19.34,10772752.0,213542705.0,609859771.0,0.017664309915598614,-0.4499999999999993,-2.2738756947953465,3.789792824658919
2026-01-28,19.25,19.4,18.7,18.75,9150914.0,178478237.0,609859771.0,0.01500494775216121,-0.5899999999999999,-3.050672182006209,3.6194415718717647
2026-01-29,18.66,18.84,18.4,18.53,7270896.0,138832494.0,609859771.0,0.011922242367417936,-0.21999999999999886,-1.1733333333333262,2.346666666666674
2026-01-30,18.46,18.73,18.32,18.5,6167329.0,117285937.0,609859771.0,0.01011270015381946,-0.030000000000001137,-0.1618996222342184,2.2126281705342694
2026-02-02,18.38,18.43,17.85,17.87,7306195.0,136483348.0,609859771.0,0.011980122886315123,-0.629999999999999,-3.405405405405404,3.135135135135126
2026-02-03,17.99,18.26,17.81,18.2,5600140.0,103884030.0,609859771.0,0.009182668321960854,0.3299999999999983,1.846670397313921,2.5181869054281076
2026-02-04,18.15,18.33,18.1,18.28,3782584.0,70980777.0,609859771.0,0.006202383203269199,0.08000000000000185,0.4395604395604602,1.2637362637362466
2026-02-05,18.31,18.85,18.29,18.48,6425675.0,122595713.0,609859771.0,0.010536315568845744,0.1999999999999993,1.0940919037199182,3.0634573304157673
2026-02-06,18.45,18.94,18.29,18.49,6983020.0,134099697.0,609859771.0,0.011450205985139492,0.00999999999999801,0.05411255411253979,3.5173160173160287
2026-02-09,18.62,18.65,18.39,18.58,4830935.0,91830913.0,609859771.0,0.007921386570684296,0.08999999999999986,0.48674959437533527,1.406165494862077
2026-02-10,18.57,18.65,18.45,18.51,3468300.0,66098289.0,609859771.0,0.0056870450633478495,-0.06999999999999673,-0.3767491926802813,1.0764262648008573
2026-02-11,18.54,18.74,18.46,18.59,4727109.0,90566002.0,609859771.0,0.007751140876613093,0.0799999999999983,0.432198811453266,1.5126958400864265
2026-02-12,18.55,18.58,18.36,18.36,4250925.0,80671553.0,609859771.0,0.006970331873226641,-0.23000000000000043,-1.2372243141473893,1.1834319526627157
2026-02-13,18.43,18.63,18.11,18.14,4045367.0,76451918.0,609859771.0,0.0066332740612923624,-0.21999999999999886,-1.1982570806100101,2.8322440087145946
2026-02-24,18.32,18.48,18.26,18.38,3603011.0,68155624.0,609859771.0,0.00590793354690713,0.23999999999999844,1.3230429988974501,1.2127894156560026
2026-02-25,18.42,19.19,18.42,18.71,7969171.0,153915661.0,609859771.0,0.013067218693459287,0.33000000000000185,1.795429815016325,4.189336235038082
2026-02-26,18.85,19.52,18.77,19.05,13352114.0,263003006.0,609859771.0,0.021893744488353864,0.33999999999999986,1.8172100481026243,4.008551576696953
2026-02-27,18.96,19.31,18.87,19.04,6343412.0,124196633.0,609859771.0,0.01040142718316798,-0.010000000000001563,-0.05249343832022246,2.3097112860892266
2026-03-02,18.79,18.98,18.6,18.81,6611828.0,127778372.0,609859771.0,0.010841554590751978,-0.23000000000000043,-1.2079831932773177,1.995798319327726
2026-03-03,18.86,19.39,18.51,18.55,8805453.0,171042761.0,609859771.0,0.014438488024159245,-0.259999999999998,-1.3822434875066403,4.6783625730994105
2026-03-04,18.28,18.47,17.75,17.79,10512200.0,195107468.0,609859771.0,0.017237077275588982,-0.7600000000000016,-4.097035040431274,3.8814016172506673
2026-03-05,18.08,18.12,17.5,17.6,7727672.0,140759174.0,609859771.0,0.012671227661612721,-0.18999999999999773,-1.0680157391793066,3.4851039910061887
2026-03-06,17.58,18.2,17.55,18.15,6263011.0,115889479.0,609859771.0,0.010269591958378248,0.5499999999999972,3.124999999999978,3.69318181818181
2026-03-09,17.97,18.02,17.5,17.62,6824400.0,123879366.0,609859771.0,0.011190113407234399,-0.5299999999999976,-2.920110192837455,2.865013774104681
2026-03-10,17.79,18.21,17.73,18.04,5555987.0,102399455.0,609859771.0,0.009110269711494054,0.41999999999999815,2.3836549375709337,2.7241770715096503
2026-03-11,18.04,18.24,17.88,18.21,4017100.0,74606933.0,609859771.0,0.0065869240619250485,0.1700000000000017,0.942350332594244,1.9955654101995532
2026-03-12,18.18,18.57,17.92,18.14,6687230.0,125561542.0,609859771.0,0.010965192849226318,-0.07000000000000028,-0.38440417353102774,3.569467325645242
2026-03-13,18.05,18.89,18.0,18.43,9043253.0,172324522.0,609859771.0,0.014828413727259935,0.28999999999999915,1.5986769570010884,4.906284454244766
2026-03-16,18.79,19.71,18.67,19.2,18440555.0,366757786.0,609859771.0,0.030237369108250298,0.7699999999999996,4.177970699945743,5.642973412913723
2026-03-17,19.28,19.35,18.8,18.8,10015000.0,196496665.0,609859771.0,0.01642180789130949,-0.3999999999999986,-2.083333333333326,2.864583333333337
2026-03-18,18.82,18.96,18.21,18.54,8147100.0,154509614.0,609859771.0,0.013358972648156522,-0.26000000000000156,-1.38297872340426,3.9893617021276593
2026-03-19,18.32,18.44,17.9,17.95,6475400.0,120716352.0,609859771.0,0.01061785070587973,-0.5899999999999999,-3.182308522114352,2.9126213592233157
2026-03-20,18.01,18.18,17.37,17.37,6881200.0,125539329.0,609859771.0,0.011283249571810173,-0.5799999999999983,-3.231197771587735,4.512534818941497
2026-03-23,17.14,17.14,15.74,15.9,14885963.0,249750734.0,609859771.0,0.02440882922248039,-1.4700000000000006,-8.462867012089815,8.059873344847441
2026-03-24,16.14,16.32,15.84,16.3,5396000.0,89385096.0,609859771.0,0.008847935634698554,0.40000000000000036,2.515723270440251,3.0188679245283043
2026-03-25,17.14,17.7,16.78,16.91,12383227.0,218513034.0,609859771.0,0.02030503992695724,0.6099999999999994,3.742331288343559,5.644171779141092
2026-03-26,16.89,17.64,16.71,16.86,9007676.0,158519588.0,609859771.0,0.014770077365867112,-0.05000000000000071,-0.2956830277942135,5.4997043169722035
2026-03-27,16.67,17.48,16.56,17.37,5769016.0,101808504.0,609859771.0,0.00945957788056822,0.5100000000000016,3.0249110320284878,5.456702253855289
2026-03-30,17.2,17.75,17.12,17.27,5789800.0,103508695.0,609859771.0,0.009493657846141158,-0.10000000000000142,-0.5757052389176787,3.6269430051813414
2026-03-31,17.38,17.5,17.0,17.06,4051700.0,71712788.0,609860255.0,0.006643653143128666,-0.21000000000000085,-1.2159814707585426,2.895193977996526
2026-04-01,17.27,17.48,17.1,17.4,3925052.0,69850008.0,609860255.0,0.006435985896473939,0.33999999999999986,1.992966002344665,2.2274325908557975
2026-04-02,17.38,17.47,17.09,17.21,4040100.0,71696006.0,609860255.0,0.006624632392219099,-0.18999999999999773,-1.091954022988495,2.183908045977006
2026-04-03,17.16,17.29,16.71,16.86,5021700.0,87318309.0,609860255.0,0.008234181451945904,-0.3500000000000014,-2.033701336432314,3.3701336432306697
2026-04-07,16.86,17.34,16.8,17.29,4174123.0,73657394.0,609860255.0,0.006844392573180556,0.4299999999999997,2.5504151838671385,3.2028469750889634
2026-04-08,17.53,17.63,17.34,17.59,5897476.0,106129718.0,609860255.0,0.009670208792340469,0.3000000000000007,1.7351069982648903,1.6772700983227251
2026-04-09,17.52,17.7,17.32,17.35,4777500.0,85854575.0,609860255.0,0.0078337618509014,-0.23999999999999844,-1.3644115974985715,2.1603183627060774
2026-04-10,17.5,17.97,17.41,17.66,6717400.0,122771692.0,609860662.0,0.011014647145744252,0.3099999999999987,1.786743515850131,3.2276657060518654
2026-04-13,17.62,17.62,17.34,17.55,4431788.0,79708847.0,609860662.0,0.007266886153086556,-0.10999999999999943,-0.6228765571913875,1.585503963759916
2026-04-14,17.7,17.92,17.61,17.86,5042600.0,92169808.0,609860662.0,0.008268446079901445,0.3099999999999987,1.7663817663817527,1.7663817663817794
2026-04-15,17.92,17.96,17.64,17.72,4072968.0,74607440.0,609860662.0,0.006678522249070723,-0.14000000000000057,-0.7838745800671898,1.7917133258678628
2026-04-16,17.78,17.88,17.58,17.81,3611700.0,66018805.0,609860662.0,0.005922172432233381,0.08999999999999986,0.5079006772009009,1.693002257336347
2026-04-17,17.75,17.81,17.46,17.5,4596972.0,83100903.0,609860662.0,0.007537741465279162,-0.3099999999999987,-1.7405951712521017,1.965188096574946
2026-04-20,17.51,17.58,17.21,17.26,6457000.0,115304551.0,609860662.0,0.010587664367176383,-0.23999999999999844,-1.3714285714285679,2.1142857142856997
2026-04-21,16.65,16.75,16.05,16.09,15988969.0,266946747.0,609860662.0,0.026217413249061145,-1.1700000000000017,-6.778679026651224,4.055619930475082
2026-04-22,16.09,16.11,15.84,15.9,8238546.0,134944928.0,609860662.0,0.013508898857293406,-0.1899999999999995,-1.1808576755748867,1.6780609073958956
2026-04-23,15.91,15.93,15.64,15.73,6550246.0,106023290.0,609860662.0,0.010740561587492587,-0.16999999999999993,-1.0691823899371067,1.823899371069177
2026-04-24,15.66,15.73,15.43,15.61,5234128.0,83729911.0,609860662.0,0.008582498144469597,-0.120000000000001,-0.7628734901462209,1.907183725365548
2026-04-27,15.56,15.62,15.33,15.46,4658782.0,73840114.0,609860662.0,0.007639092485030622,-0.14999999999999858,-0.9609224855861576,1.8577834721332427
2026-04-28,15.46,15.58,15.11,15.24,5883500.0,92585987.0,609860662.0,0.009647285628663814,-0.22000000000000064,-1.4230271668822847,3.0401034928848683
2026-04-29,15.14,15.49,15.14,15.39,4755959.0,75237534.0,609860662.0,0.0077984354399956365,0.15000000000000036,0.9842519685039353,2.2965879265091838
2026-04-30,15.17,15.21,14.7,14.79,10850403.0,165459048.0,609860662.0,0.01779160991367566,-0.6000000000000014,-3.898635477582857,3.3138401559454294
2026-05-06,14.84,14.92,14.72,14.84,5949837.0,90614626.0,609860662.0,0.00975605965547586,0.05000000000000071,0.33806626098715764,1.3522650439486092
2026-05-07,15.46,15.76,15.23,15.33,9013299.0,142646762.0,609860764.0,0.014779273453964977,0.4900000000000002,3.301886792452824,3.571428571428567
2026-05-08,15.33,15.74,15.23,15.66,9224699.0,147098005.0,609860764.0,0.01512590995278391,0.33000000000000007,2.1526418786692814,3.326810176125243
2026-05-11,15.69,15.72,15.41,15.67,6980142.0,111538909.0,609860764.0,0.011445468231499478,0.009999999999999787,0.06385696040869249,1.9795657726692242
2026-05-12,15.57,15.59,15.38,15.46,4079520.0,64853467.0,609860764.0,0.00668926456793669,-0.20999999999999908,-1.340140395660494,1.340140395660492
2026-05-13,15.47,15.93,15.38,15.75,6525952.0,104998752.0,609860764.0,0.010700724468970756,0.28999999999999915,1.875808538163004,3.557567917205685
2026-05-14,15.77,17.11,15.69,16.55,19462384.0,332295845.0,609860764.0,0.03191283182795475,0.8000000000000007,5.0793650793650835,9.015873015873016
2026-05-15,16.34,16.48,15.96,16.06,8504161.0,141852106.0,609860764.0,0.013944430437239934,-0.490000000000002,-2.960725075528714,3.141993957703925
2026-05-18,15.95,16.2,15.4,15.77,8267204.0,133874070.0,609860764.0,0.013555887651759147,-0.28999999999999915,-1.8057285180572813,4.981320049813194
2026-05-19,15.79,16.05,15.58,15.88,4945470.0,80171633.0,609860764.0,0.008109178835449725,0.11000000000000121,0.6975269499048808,2.9803424223208665
2026-05-20,15.81,15.88,15.52,15.73,4123170.0,66508791.0,609860764.0,0.006760838282096796,-0.15000000000000036,-0.9445843828715383,2.267002518891695
2026-05-21,15.75,16.11,15.44,15.47,6113895.0,99160556.0,609860764.0,0.010025066967580817,-0.2599999999999998,-1.6528925619834656,4.2593769866497135
2026-05-22,15.55,15.64,15.39,15.45,4268940.0,68040469.0,609860764.0,0.006999860053302265,-0.02000000000000135,-0.12928248222366934,1.6160310277957335
2026-05-25,15.4,15.53,15.11,15.25,4283200.0,67347805.0,609860764.0,0.007023242439646437,-0.1999999999999993,-1.2944983818770184,2.7184466019417473
2026-05-26,15.28,15.37,14.98,15.09,3002000.0,46655125.0,609860764.0,0.004922435049453354,-0.16000000000000014,-1.0491803278688483,2.5573770491803196
2026-05-27,15.1,15.18,14.81,14.86,3024746.0,46432547.0,609860764.0,0.004959732087306407,-0.23000000000000043,-1.5241882041086896,2.451954937044395
2026-05-28,14.88,14.95,14.51,14.52,4101957.0,61914625.0,609860764.0,0.006726054932761669,-0.33999999999999986,-2.288021534320317,2.9609690444145325
2026-05-29,14.59,14.89,14.49,14.77,4130559.0,62472181.0,609860866.0,0.006772953029584948,0.25,1.7217630853994415,2.754820936639121
2026-06-01,14.81,14.97,14.74,14.9,3665292.0,55950280.0,609860866.0,0.006010046232413935,0.13000000000000078,0.8801624915369066,1.5572105619499015
2026-06-02,14.92,14.92,14.63,14.67,3051840.0,46166785.0,609860866.0,0.005004157784408485,-0.23000000000000043,-1.543624161073831,1.9463087248322088
2026-06-03,14.62,14.65,14.35,14.36,3876900.0,57691298.0,609860866.0,0.0063570237346562255,-0.3100000000000005,-2.113156100886171,2.0449897750511297
2026-06-04,14.36,14.81,14.3,14.43,3856456.0,57557750.0,609860866.0,0.0063235013344830684,0.07000000000000028,0.48746518105848846,3.551532033426182
2026-06-05,14.47,14.58,14.27,14.37,2746823.0,40665350.0,609860866.0,0.0045040158389175935,-0.0600000000000005,-0.4158004158004158,2.1483021483021516
2026-06-08,14.37,14.37,13.97,14.12,3743598.0,54471462.0,609860866.0,0.006138446010733209,-0.25,-1.739735560194855,2.783576896311751
2026-06-09,14.1,14.15,13.86,14.1,3099171.0,44539464.0,609860866.0,0.00508176728952469,-0.019999999999999574,-0.14164305949008194,2.053824362606239
2026-06-10,14.13,14.29,13.99,14.2,3155323.0,44576425.0,609860866.0,0.005173840749440709,0.09999999999999964,0.7092198581560183,2.127659574468078
2026-06-11,14.18,14.26,13.98,14.02,2663900.0,37484860.0,609860866.0,0.004368045481377059,-0.17999999999999972,-1.2676056338028152,1.9718309859154886
2026-06-12,14.1,14.3,13.98,14.3,3185822.0,45120549.0,609860866.0,0.005223850516750487,0.28000000000000114,1.9971469329529423,2.2824536376604874
2026-06-15,14.26,14.5,14.22,14.43,3041500.0,43756114.0,609860866.0,0.004987203097566847,0.129999999999999,0.9090909090909038,1.9580419580419535
2026-06-16,14.4,14.41,14.03,14.05,3567900.0,50424195.0,609860866.0,0.0058503507913229506,-0.379999999999999,-2.633402633402626,2.633402633402639
2026-06-17,14.05,14.1,13.85,13.95,2411992.0,33587576.0,609860866.0,0.0039549873331272255,-0.10000000000000142,-0.7117437722420017,1.779359430604982
2026-06-18,13.87,14.02,13.73,13.78,3405610.0,47175734.0,609860866.0,0.0055842409143858724,-0.16999999999999993,-1.2186379928315394,2.078853046594976
