date,open,high,low,close,volume,amount,outstanding_share,turnover,change,pct_chg,amplitude
2023-03-06,8.33,8.4,8.21,8.34,3678745.0,31814455.0,346029880.0,0.010631292881412438,,,
2023-03-07,8.35,8.38,8.08,8.08,3422700.0,29200897.0,346029880.0,0.00989134233147727,-0.2599999999999998,-3.1175059952038398,3.597122302158282
2023-03-08,8.08,8.24,8.06,8.24,2442124.0,20847429.0,346029880.0,0.007057552370910859,0.16000000000000014,1.980198019801982,2.2277227722772244
2023-03-09,8.25,8.38,8.16,8.34,3565902.0,30820721.0,346029880.0,0.010305185205393246,0.09999999999999964,1.213592233009697,2.669902912621367
2023-03-10,8.27,8.43,8.18,8.35,3618800.0,31394844.0,346029880.0,0.010458056396748166,0.009999999999999787,0.11990407673860837,2.997601918465228
2023-03-13,8.36,8.36,8.03,8.16,4873720.0,41267067.0,346029880.0,0.014084679623620942,-0.1899999999999995,-2.2754491017964007,3.9520958083832345
2023-03-14,8.17,8.21,7.77,7.91,4714100.0,38871222.0,346029880.0,0.013623389980079177,-0.25,-3.0637254901960786,5.3921568627451135
2023-03-15,8.0,8.12,7.94,8.02,3614806.0,30275492.0,346029880.0,0.010446514040926176,0.10999999999999943,1.3906447534766109,2.2756005056889865
2023-03-16,8.0,8.05,7.82,7.84,2823620.0,23303483.0,346029880.0,0.008160046756655813,-0.17999999999999972,-2.244389027431415,2.867830423940155
2023-03-17,7.86,7.99,7.86,7.94,2492000.0,20645441.0,346029880.0,0.007201690212417494,0.10000000000000053,1.2755102040816313,1.6581632653061211
2023-03-20,7.93,8.1,7.93,8.03,3444540.0,28840163.0,346029880.0,0.009954458268170367,0.08999999999999897,1.1335012594458238,2.141057934508815
2023-03-21,8.02,8.25,7.99,8.23,3448900.0,29357177.0,346029880.0,0.009967058336118257,0.20000000000000107,2.49066002490661,3.237858032378578
2023-03-22,8.23,8.29,8.19,8.28,2911600.0,25009957.0,346029880.0,0.008414302256209781,0.049999999999998934,0.6075334143377686,1.2150668286755728
2023-03-23,8.28,8.31,8.2,8.3,2398300.0,20631293.0,346029880.0,0.006930904348491524,0.02000000000000135,0.24154589371983004,1.328502415458952
2023-03-24,8.25,8.39,8.15,8.37,5025100.0,43375578.0,346029880.0,0.014522156294710735,0.06999999999999851,0.8433734939758963,2.891566265060243
2023-03-27,8.38,8.41,8.22,8.31,3481000.0,30130731.0,346029880.0,0.010059824891422672,-0.05999999999999872,-0.7168458781361853,2.2700119474312963
2023-03-28,8.36,8.38,8.2,8.24,2696800.0,23198640.0,346029880.0,0.007793546615107343,-0.07000000000000028,-0.8423586040914643,2.1660649819494764
2023-03-29,8.24,8.63,8.24,8.51,12609422.0,111710995.0,346029880.0,0.03644026926229608,0.2699999999999996,3.2766990291262177,4.733009708737871
2023-03-30,8.42,8.48,8.22,8.35,7501650.0,65336554.0,346029880.0,0.021679197183780776,-0.16000000000000014,-1.8801410105757976,3.055229142185661
2023-03-31,8.41,8.42,8.23,8.33,3605020.0,31163406.0,346029880.0,0.010418233246215616,-0.019999999999999574,-0.23952095808382756,2.2754491017964016
2023-04-03,8.35,8.5,8.35,8.49,4616500.0,40646081.0,346029880.0,0.013341333413172295,0.16000000000000014,1.9207683073229287,1.8007202881152504
2023-04-04,8.44,8.53,8.35,8.48,4904700.0,43025987.0,346029880.0,0.014174209464223148,-0.009999999999999787,-0.11778563015312216,2.1201413427561806
2023-04-06,8.49,8.49,8.3,8.39,5368200.0,46832483.0,346029880.0,0.015513689164646707,-0.08999999999999986,-1.0613207547169767,2.240566037735843
2023-04-07,8.39,8.6,8.33,8.58,8188394.0,72546691.0,346029880.0,0.023663835042222366,0.1899999999999995,2.264600715137055,3.2181168057210914
2023-04-10,8.54,8.6,8.2,8.3,7679830.0,66873055.0,346029880.0,0.02219412381381631,-0.27999999999999936,-3.263403263403253,4.662004662004666
2023-04-11,8.41,8.49,8.31,8.4,4737642.0,41477279.0,346029880.0,0.013691424567150097,0.09999999999999964,1.2048192771084265,2.168674698795177
2023-04-12,8.4,8.65,8.31,8.49,9691240.0,85379582.0,346029880.0,0.028006945527363127,0.08999999999999986,1.0714285714285676,4.047619047619046
2023-04-13,8.51,8.51,8.14,8.18,7920400.0,68312786.0,346029880.0,0.022889352792307995,-0.3100000000000005,-3.6513545347467646,4.35806831566548
2023-04-14,8.43,8.68,8.27,8.5,15771686.0,139424208.0,346029880.0,0.04557897138825121,0.3200000000000003,3.9119804400977953,5.012224938875307
2023-04-17,8.46,8.88,8.46,8.62,14918742.0,134420074.0,346029880.0,0.04311402818739237,0.11999999999999922,1.4117647058823346,4.941176470588235
2023-04-18,8.61,8.62,8.4,8.43,6832531.0,60177019.0,346029880.0,0.019745494233041377,-0.1899999999999995,-2.204176334106722,2.5522041763340937
2023-04-19,8.35,8.42,8.22,8.32,5629127.0,48713083.0,346029880.0,0.0162677483227749,-0.10999999999999943,-1.3048635824436494,2.3724792408066344
2023-04-20,8.33,8.33,8.11,8.29,5063928.0,43329584.0,346029880.0,0.014634366257619139,-0.030000000000001137,-0.36057692307693845,2.6442307692307767
2023-04-21,8.28,8.29,7.91,7.93,6912440.0,57882119.0,346029880.0,0.019976425157272545,-0.35999999999999943,-4.342581423401681,4.583835946923993
2023-04-24,7.89,8.02,7.85,7.93,3636300.0,30051690.0,346029880.0,0.010508630063970199,0.0,0.0,2.1437578814627987
2023-04-25,7.96,7.98,7.58,7.69,5006600.0,40436296.0,346029880.0,0.014468692703647442,-0.23999999999999932,-3.0264817150063017,5.04413619167718
2023-04-26,7.69,7.87,7.66,7.82,3028840.0,24648947.0,346029880.0,0.00875311692735899,0.1299999999999999,1.6905071521456483,2.7308192457737315
2023-04-27,7.82,7.93,7.76,7.84,3135940.0,25624059.0,346029880.0,0.009062627770757831,0.019999999999999574,0.2557544757033181,2.17391304347826
2023-04-28,7.88,8.44,7.88,8.38,9057553.0,77466157.0,346029880.0,0.02617563835816722,0.5400000000000009,6.887755102040827,7.142857142857138
2023-05-04,8.35,8.68,8.31,8.65,10014200.0,89782912.0,346029880.0,0.028940275331136144,0.2699999999999996,3.221957040572776,4.41527446300715
2023-05-05,8.67,8.69,8.53,8.68,7548140.0,67934763.0,346029880.0,0.02181354974316091,0.02999999999999936,0.3468208092485492,1.849710982658961
2023-05-08,8.68,8.79,8.51,8.65,5907000.0,53110822.0,346029880.0,0.01707078013031707,-0.02999999999999936,-0.3456221198156584,3.2258064516128964
2023-05-09,8.65,8.67,8.4,8.44,4724000.0,41811642.0,346029880.0,0.01365200022610764,-0.21000000000000085,-2.4277456647398887,3.1213872832369893
2023-05-10,8.54,8.73,8.39,8.61,5417000.0,48649642.0,346029880.0,0.015654717448100146,0.16999999999999993,2.0142180094786744,4.028436018957344
2023-05-11,8.74,8.78,8.64,8.72,4437100.0,40323551.0,346029880.0,0.012822881076050426,0.11000000000000121,1.2775842044134844,1.6260162601625876
2023-05-12,8.68,8.76,8.6,8.62,3343100.0,30189990.0,346029880.0,0.00966130439371305,-0.10000000000000142,-1.146788990825709,1.8348623853211024
2023-05-15,8.68,8.73,8.58,8.7,3546700.0,32026284.0,346029880.0,0.010249692887793389,0.08000000000000007,0.9280742459396807,1.7401392111368954
2023-05-16,8.73,8.85,8.63,8.66,4116300.0,37377242.0,346029880.0,0.01189579350777453,-0.03999999999999915,-0.45977011494251485,2.528735632183895
2023-05-17,8.67,8.8,8.62,8.79,4241719.0,38637953.0,346029880.0,0.012258244866021397,0.129999999999999,1.501154734411081,2.078521939953828
2023-05-18,8.8,9.04,8.79,9.0,7657499.0,71381479.0,346029880.0,0.022129588924517156,0.21000000000000085,2.3890784982935287,2.8441410693970424
2023-05-19,8.97,8.99,8.83,8.94,4267900.0,39727930.0,346029880.0,0.0123339059621094,-0.0600000000000005,-0.666666666666671,1.7777777777777795
2023-05-22,8.88,9.15,8.87,9.05,6464028.0,60913463.0,346029880.0,0.018680548627765903,0.11000000000000121,1.2304250559284302,3.1319910514541514
2023-05-23,9.1,9.11,8.88,8.89,4250545.0,39756316.0,346029880.0,0.012283751333844349,-0.16000000000000014,-1.76795580110497,2.541436464088383
2023-05-24,8.89,9.02,8.85,8.94,3423200.0,32000350.0,346029880.0,0.0098927872933979,0.049999999999998934,0.5624296962879471,1.912260967379077
2023-05-25,8.94,8.99,8.78,8.89,5217667.0,48239788.0,346029880.0,0.01507866025905046,-0.049999999999998934,-0.5592841163310824,2.3489932885906137
2023-05-26,8.89,8.94,8.68,8.89,3566400.0,32727186.0,346029880.0,0.010306624387466191,0.0,0.0,2.92463442069741
2023-05-29,8.86,8.9,8.73,8.74,2975400.0,27244799.0,346029880.0,0.008598679397282108,-0.15000000000000036,-1.687289088863897,1.912260967379077
2023-05-30,8.78,8.81,8.68,8.73,2809900.0,25597250.0,346029880.0,0.00812039700155374,-0.009999999999999787,-0.11441647597253413,1.4874141876430296
2023-05-31,8.85,8.87,8.66,8.68,2732000.0,24812539.0,346029880.0,0.00789527193431966,-0.05000000000000071,-0.5727376861397571,2.405498281786931
2023-06-01,8.75,8.92,8.7,8.85,3870178.0,35628362.0,346029880.0,0.011184519672116177,0.16999999999999993,1.9585253456221086,2.5345622119815743
2023-06-02,8.83,8.88,8.66,8.68,4618188.0,41988717.0,346029880.0,0.013346211604616342,-0.16999999999999993,-1.9209039548022555,2.4858757062146966
2023-06-05,8.66,8.83,8.59,8.74,3776500.0,34315350.0,346029880.0,0.010913797386514714,0.0600000000000005,0.691244239631339,2.7649769585253483
2023-06-06,8.73,8.73,8.51,8.52,3447000.0,30828678.0,346029880.0,0.009961567480819864,-0.22000000000000064,-2.517162471395884,2.517162471395888
2023-06-07,8.55,8.7,8.47,8.62,3596600.0,31973897.0,346029880.0,0.010393900087472215,0.09999999999999964,1.1737089201877993,2.699530516431909
2023-06-08,8.63,8.64,8.43,8.51,2397200.0,21028583.0,346029880.0,0.006927725432266139,-0.10999999999999943,-1.2761020881670415,2.4361948955916573
2023-06-09,8.52,8.58,8.4,8.57,2625100.0,22969192.0,346029880.0,0.0075863390756890706,0.0600000000000005,0.7050528789659394,2.115158636897764
2023-06-12,8.51,8.77,8.43,8.73,3482000.0,31037039.0,346029880.0,0.01006271481526393,0.16000000000000014,1.8669778296382722,3.9673278879813285
2023-06-13,8.75,8.86,8.66,8.77,2929400.0,26513891.0,346029880.0,0.008465742900584192,0.03999999999999915,0.45819014891179677,2.290950744558984
2023-06-14,8.7,8.81,8.66,8.75,3050920.0,27379816.0,346029880.0,0.00881692644577399,-0.019999999999999574,-0.22805017103761926,1.7103762827822162
2023-06-15,8.74,9.62,8.68,9.62,37502450.0,365392133.0,346029880.0,0.10837922436062458,0.8699999999999992,9.942857142857143,10.742857142857137
2023-06-16,9.53,9.57,9.2,9.37,41921921.0,403828006.0,346029880.0,0.12115115896927744,-0.25,-2.598752598752596,3.846153846153857
2023-06-19,9.37,9.52,9.2,9.25,22008265.0,211031782.0,346029880.0,0.0636022097282466,-0.11999999999999922,-1.2806830309498363,3.415154749199576
2023-06-20,9.33,9.35,9.09,9.31,12811848.0,122017479.0,346029880.0,0.037025264985786774,0.0600000000000005,0.6486486486486642,2.8108108108108083
2023-06-21,9.28,9.43,9.09,9.11,10223545.0,96792206.0,346029880.0,0.029545266437684514,-0.20000000000000107,-2.148227712137496,3.6519871106337254
2023-06-26,9.02,9.33,8.93,9.09,10045100.0,94317022.0,346029880.0,0.029029573977831048,-0.019999999999999574,-0.2195389681668436,4.390779363336997
2023-06-27,9.15,9.19,8.97,9.04,8680424.0,80752029.0,346029880.0,0.025085764269837045,-0.05000000000000071,-0.5500550055005604,2.4202420242024076
2023-06-28,9.0,9.04,8.65,9.01,9205150.0,83983463.0,346029880.0,0.02660218244736553,-0.02999999999999936,-0.33185840707964376,4.314159292035385
2023-06-29,8.93,9.28,8.89,9.19,9806090.0,92545710.0,346029880.0,0.028338853280531727,0.17999999999999972,1.9977802441731418,4.328523862375126
2023-06-30,9.19,9.41,9.16,9.31,10898140.0,104437160.0,346029880.0,0.03149479461137865,0.120000000000001,1.305767138193703,2.720348204570185
2023-07-03,9.31,9.44,9.23,9.41,13037500.0,125751304.0,346029880.0,0.03767738208041456,0.09999999999999964,1.074113856068748,2.255639097744351
2023-07-04,9.38,9.67,9.31,9.5,12408300.0,121351375.0,346029880.0,0.03585904199949438,0.08999999999999986,0.9564293304994642,3.825717321997869
2023-07-05,9.46,9.6,9.33,9.35,9242200.0,89746244.0,346029880.0,0.026709254125684177,-0.15000000000000036,-1.5789473684210575,2.8421052631578902
2023-07-06,9.32,9.64,9.23,9.39,7308682.0,71008731.0,346029880.0,0.021121534359980706,0.040000000000000924,0.42780748663102663,4.385026737967916
2023-07-07,9.35,9.52,9.18,9.27,5893900.0,56403665.0,346029880.0,0.017032922127996578,-0.120000000000001,-1.2779552715655007,3.6208732694355676
2023-07-10,9.27,9.36,9.14,9.2,3605420.0,34180487.0,346029880.0,0.010419389215752119,-0.07000000000000028,-0.7551240560949357,2.373247033441196
2023-07-11,9.25,9.48,9.18,9.46,6184500.0,59752588.0,346029880.0,0.01787273399626645,0.26000000000000156,2.826086956521756,3.2608695652173996
2023-07-12,9.46,9.46,9.26,9.27,4086028.0,39361421.0,346029880.0,0.011808309733251938,-0.19000000000000128,-2.008456659619462,2.1141649048625903
2023-07-13,9.33,9.48,9.33,9.4,4383000.0,42380304.0,346029880.0,0.012666536196238313,0.13000000000000078,1.4023732470334505,1.6181229773462824
2023-07-14,9.38,9.43,9.26,9.32,3801200.0,36514268.0,346029880.0,0.010985178505393812,-0.08000000000000007,-0.8510638297872353,1.8085106382978715
2023-07-17,9.32,9.41,9.16,9.38,5414600.0,51799473.0,346029880.0,0.015647781630881125,0.0600000000000005,0.6437768240343367,2.682403433476395
2023-07-18,9.38,9.42,9.2,9.35,3443100.0,33044261.0,346029880.0,0.009950296777838954,-0.030000000000001137,-0.31982942430704986,2.345415778251606
2023-07-19,9.31,9.4,9.18,9.2,3475500.0,33120748.0,346029880.0,0.010043930310295747,-0.15000000000000036,-1.6042780748663166,2.352941176470595
2023-07-20,9.25,9.25,9.05,9.07,3911500.0,36744564.0,346029880.0,0.011303937105084682,-0.129999999999999,-1.4130434782608559,2.173913043478253
2023-07-21,9.0,9.08,8.85,8.93,3710400.0,34205733.0,346029880.0,0.010722773420607491,-0.14000000000000057,-1.5435501653803807,2.535832414553478
2023-07-24,8.89,8.98,8.82,8.94,2103500.0,19331317.0,346029880.0,0.006078954800088362,0.009999999999999787,0.11198208286673506,1.7917133258678628
2023-07-25,9.01,9.18,8.94,9.16,3071500.0,28817810.0,346029880.0,0.0088764010784271,0.22000000000000064,2.460850111856838,2.684563758389264
2023-07-26,9.17,9.17,8.94,8.95,2897600.0,26880290.0,346029880.0,0.008373843322432154,-0.21000000000000085,-2.2925764192139875,2.5109170305676902
2023-07-27,8.99,9.06,8.8,8.8,2925400.0,26823226.0,346029880.0,0.008454183205219156,-0.14999999999999858,-1.6759776536312665,2.9050279329608917
2023-07-28,8.84,8.9,8.7,8.87,2789700.0,25339190.0,346029880.0,0.008062020539960307,0.06999999999999851,0.7954545454545325,2.2727272727272845
2023-07-31,8.88,9.02,8.85,8.89,3401400.0,31251104.0,346029880.0,0.009829786953658453,0.02000000000000135,0.22547914317927464,1.9165727170236746
2023-08-01,8.97,8.98,8.75,8.97,5162830.0,47163863.0,346029880.0,0.01492018550536734,0.08000000000000007,0.8998875140607376,2.587176602924639
2023-08-02,8.94,9.04,8.86,9.01,2991800.0,27612586.0,346029880.0,0.008646074148278756,0.03999999999999915,0.4459308807134743,2.006688963210699
2023-08-03,8.97,9.03,8.8,8.83,3057800.0,27904571.0,346029880.0,0.008836809121801851,-0.17999999999999972,-1.9977802441731418,2.5527192008878874
2023-08-04,8.89,8.9,8.78,8.79,2267400.0,20609622.0,346029880.0,0.006552613317670717,-0.040000000000000924,-0.45300113250283935,1.359003397508505
2023-08-07,8.79,8.84,8.69,8.73,2638600.0,23744893.0,346029880.0,0.007625353047546067,-0.05999999999999872,-0.682593856655278,1.7064846416382295
2023-08-08,8.73,8.76,8.6,8.66,2858500.0,25471448.0,346029880.0,0.008260847300238927,-0.07000000000000028,-0.8018327605956554,1.832760595647195
2023-08-09,8.61,8.68,8.55,8.57,1879600.0,16634212.0,346029880.0,0.005431900852030466,-0.08999999999999986,-1.0392609699769073,1.501154734411074
2023-08-10,8.6,8.66,8.57,8.62,1519400.0,13470382.0,346029880.0,0.0043909502844089645,0.049999999999998934,0.5834305717619559,1.0501750291715268
2023-08-11,8.6,8.65,8.4,8.42,3341400.0,29277166.0,346029880.0,0.00965639152318291,-0.1999999999999993,-2.3201856148491795,2.900232018561485
2023-08-14,8.37,8.46,8.29,8.44,2740300.0,23579673.0,346029880.0,0.00791925830220211,0.019999999999999574,0.23752969121140222,2.019002375296932
2023-08-15,8.44,8.5,8.38,8.42,2542000.0,22070094.0,346029880.0,0.007346186404480446,-0.019999999999999574,-0.23696682464454666,1.4218009478672893
2023-08-16,8.4,8.45,8.32,8.32,2050100.0,17652276.0,346029880.0,0.00592463286696513,-0.09999999999999964,-1.187648456057,1.5439429928740973
2023-08-17,8.35,8.58,8.31,8.57,3046000.0,26524030.0,346029880.0,0.008802708020474994,0.25,3.004807692307687,3.2451923076923026
2023-08-18,8.55,8.67,8.48,8.49,2591000.0,22917346.0,346029880.0,0.007487792672702138,-0.08000000000000007,-0.9334889148191361,2.2170361726954435
2023-08-21,8.5,8.63,8.46,8.49,4222800.0,37045723.0,346029880.0,0.012203570396868616,0.0,0.0,2.0023557126030616
2023-08-22,8.47,8.58,8.28,8.44,3585300.0,30971482.0,346029880.0,0.010361243948065988,-0.05000000000000071,-0.5889281507656108,3.533568904593648
2023-08-23,8.43,8.44,8.26,8.3,2115000.0,18158405.0,346029880.0,0.006112188924262841,-0.1399999999999988,-1.6587677725118377,2.1327014218009444
2023-08-24,8.28,8.43,8.18,8.28,2385900.0,20391621.0,346029880.0,0.006895069292859911,-0.02000000000000135,-0.2409638554217053,3.012048192771084
2023-08-25,8.26,8.27,8.06,8.06,3087300.0,25891849.0,346029880.0,0.008922061875118993,-0.21999999999999886,-2.657004830917864,2.53623188405796
2023-08-28,8.47,8.48,8.11,8.12,4181181.0,35582094.0,346029880.0,0.012083294656519257,0.05999999999999872,0.7444168734491052,4.59057071960299
2023-08-29,8.14,8.56,8.14,8.55,5252644.0,45641439.0,346029880.0,0.015179741125246178,0.4300000000000015,5.295566502463078,5.172413793103448
2023-08-30,8.64,8.8,8.57,8.76,4645676.0,41774365.0,346029880.0,0.01342564983116487,0.20999999999999908,2.4561403508771784,2.6900584795321687
2023-08-31,8.75,8.77,8.65,8.74,2588616.0,23228549.0,346029880.0,0.007480903094264576,-0.019999999999999574,-0.22831050228310223,1.3698630136986212
2023-09-01,8.66,8.89,8.6,8.69,3727700.0,33317836.0,346029880.0,0.010772769103061273,-0.05000000000000071,-0.5720823798627039,3.318077803203672
2023-09-04,8.69,8.76,8.66,8.76,2868700.0,25729470.0,346029880.0,0.00829032452341977,0.07000000000000028,0.8055235903337232,1.1507479861910201
2023-09-05,8.75,8.76,8.68,8.74,2330300.0,20910014.0,346029880.0,0.00673438952728591,-0.019999999999999574,-0.22831050228310223,0.9132420091324209
2023-09-06,8.71,8.97,8.66,8.93,5791420.0,52943935.0,346029880.0,0.01673676273274435,0.1899999999999995,2.1739130434782483,3.5469107551487475
2023-09-07,8.88,8.99,8.72,8.74,4529301.0,41134734.0,346029880.0,0.01308933494413835,-0.1899999999999995,-2.127659574468077,3.023516237402011
2023-09-08,8.7,8.95,8.65,8.81,4108500.0,37327745.0,346029880.0,0.01187325210181271,0.07000000000000028,0.8009153318077944,3.432494279176189
2023-09-11,8.81,8.89,8.55,8.61,9575603.0,85106548.0,346029880.0,0.027672763404131457,-0.20000000000000107,-2.2701475595913845,3.859250851305333
2023-09-12,8.64,8.65,8.48,8.6,3977600.0,35092329.0,346029880.0,0.011494961070991905,-0.009999999999999787,-0.11614401858304202,1.9744483159117299
2023-09-13,8.58,8.62,8.36,8.44,4738503.0,41283595.0,346029880.0,0.01369391279157742,-0.16000000000000014,-1.8604651162790753,3.0232558139534857
2023-09-14,8.44,8.47,8.32,8.34,2660100.0,22890114.0,346029880.0,0.007687486410133136,-0.09999999999999964,-1.1848341232227444,1.7772511848341277
2023-09-15,8.42,8.48,8.31,8.37,2672100.0,23075526.0,346029880.0,0.007722165496228245,0.02999999999999936,0.3597122302158251,2.0383693045563542
2023-09-18,8.37,8.6,8.23,8.55,3935700.0,34409150.0,346029880.0,0.01137387326204315,0.1800000000000015,2.1505376344086224,4.420549581839896
2023-09-19,8.52,8.53,8.3,8.38,3401200.0,29309405.0,346029880.0,0.009829208968890201,-0.16999999999999993,-1.9883040935672502,2.690058479532148
2023-09-20,8.36,8.4,8.26,8.26,2424339.0,20735597.0,346029880.0,0.007006155075394067,-0.120000000000001,-1.4319809069212486,1.670644391408121
2023-09-21,8.31,8.41,8.26,8.27,2558800.0,21925056.0,346029880.0,0.007394737125013597,0.009999999999999787,0.1210653753026536,1.8159806295399559
2023-09-22,8.23,8.54,8.23,8.54,3560600.0,30901506.0,346029880.0,0.01028986282918689,0.2699999999999996,3.2648125755743607,3.748488512696478
2023-09-25,8.55,8.7,8.47,8.52,3580800.0,31529334.0,346029880.0,0.010348239290780322,-0.019999999999999574,-0.23419203747072626,2.6932084309133337
2023-09-26,8.53,8.65,8.47,8.56,2248200.0,19809812.0,346029880.0,0.006497126779918544,0.040000000000000924,0.46948356807512415,2.112676056338025
2023-09-27,8.58,8.71,8.56,8.65,2705862.0,24110074.0,346029880.0,0.007819735104956833,0.08999999999999986,1.0514018691588856,1.7523364485981348
2023-09-28,8.65,8.74,8.65,8.71,2465902.0,22056622.0,346029880.0,0.007126268980008316,0.0600000000000005,0.6936416184971206,1.040462427745663
2023-10-09,8.71,8.82,8.67,8.78,4959600.0,44752726.0,346029880.0,0.014332866283108267,0.06999999999999851,0.8036739380022695,1.722158438576353
2023-10-10,8.78,8.85,8.74,8.77,2595200.0,23476154.0,346029880.0,0.007499930352835426,-0.009999999999999787,-0.1138952164009055,1.2528473804100164
2023-10-11,8.82,8.82,8.69,8.75,2433113.0,21903764.0,346029880.0,0.007031511267177274,-0.019999999999999574,-0.22805017103761926,1.482326111744593
2023-10-12,8.78,8.87,8.71,8.75,2771841.0,24940363.0,346029880.0,0.008010409390079262,0.0,0.0,1.82857142857141
2023-10-13,8.68,8.73,8.63,8.67,2291500.0,20435312.0,346029880.0,0.0066222604822450595,-0.08000000000000007,-0.9142857142857119,1.1428571428571388
2023-10-16,8.73,8.73,8.5,8.52,2471400.0,21776051.0,346029880.0,0.007142157781287558,-0.15000000000000036,-1.730103806228378,2.6528258362168446
2023-10-17,8.61,8.64,8.48,8.56,2340800.0,20583456.0,346029880.0,0.006764733727619129,0.040000000000000924,0.46948356807512415,1.8779342723004713
2023-10-18,8.59,8.59,8.36,8.4,2487890.0,21527959.0,346029880.0,0.00718981262542992,-0.16000000000000014,-1.869158878504673,2.686915887850472
2023-10-19,8.4,8.53,8.32,8.34,2233100.0,19308882.0,346029880.0,0.006453488929915532,-0.0600000000000005,-0.7142857142857229,2.499999999999989
2023-10-20,8.32,8.5,8.26,8.27,2418900.0,20790383.0,346029880.0,0.0069904367796214594,-0.07000000000000028,-0.8393285371702697,2.8776978417266212
2023-10-23,8.27,8.28,8.01,8.05,3263328.0,27281327.0,346029880.0,0.009430769389048136,-0.21999999999999886,-2.6602176541716926,3.2648125755743598
2023-10-24,8.05,8.25,7.98,8.23,2983700.0,24987136.0,346029880.0,0.008622665765164558,0.17999999999999972,2.2360248447204967,3.3540372670807397
2023-10-25,8.24,8.45,8.24,8.4,2325300.0,20064969.0,346029880.0,0.006719939908079614,0.16999999999999993,2.0656136087484844,2.5516403402187007
2023-10-26,8.4,8.47,8.2,8.43,3274400.0,28067219.0,346029880.0,0.009462766625818556,0.02999999999999936,0.3571428571428559,3.21428571428573
2023-10-27,8.41,8.5,8.35,8.47,2519100.0,21867870.0,346029880.0,0.007280007148515614,0.040000000000000924,0.47449584816134927,1.7793594306049865
2023-10-30,8.53,8.64,8.44,8.61,2746126.0,24190341.0,346029880.0,0.007936094998501286,0.1399999999999988,1.6528925619834656,2.361275088547828
2023-10-31,8.65,8.75,8.58,8.61,3376602.0,30012159.0,346029880.0,0.009758122622242911,0.0,0.0,1.9744483159117299
2023-11-01,8.67,8.8,8.63,8.75,4064800.0,36566038.0,346029880.0,0.011746962429949692,0.14000000000000057,1.6260162601626105,1.9744483159117299
2023-11-02,8.86,8.89,8.71,8.72,4096500.0,36992835.0,346029880.0,0.011838573015717602,-0.02999999999999936,-0.34285714285713365,2.057142857142854
2023-11-03,8.73,8.92,8.73,8.89,5197768.0,47476134.0,346029880.0,0.015021153664533249,0.16999999999999993,1.9495412844036775,2.1788990825688015
2023-11-06,8.91,9.02,8.9,8.99,3872000.0,35781838.0,346029880.0,0.011189785113354951,0.09999999999999964,1.1248593925759165,1.3498312710911047
2023-11-07,8.97,9.07,8.97,9.04,3339141.0,31016043.0,346029880.0,0.009649863185225507,0.049999999999998934,0.5561735261401468,1.1123470522803074
2023-11-08,9.06,9.08,8.94,8.97,2571300.0,23802593.0,346029880.0,0.007430861173029335,-0.06999999999999851,-0.774336283185828,1.5486725663716878
2023-11-09,9.0,9.03,8.91,8.95,3344271.0,30849804.0,346029880.0,0.009664688494531165,-0.02000000000000135,-0.22296544035675936,1.3377926421404593
2023-11-10,8.93,9.03,8.89,9.0,3106400.0,28709658.0,346029880.0,0.00897725942048704,0.05000000000000071,0.5586592178770999,1.5642458100558525
2023-11-13,9.02,9.38,8.93,9.17,9136762.0,86301783.0,346029880.0,0.026404546335709506,0.16999999999999993,1.8888888888888955,5.000000000000012
2023-11-14,9.04,9.19,8.99,9.11,9287611.0,87118312.0,346029880.0,0.02684048845723959,-0.0600000000000005,-0.6543075245365348,2.181025081788433
2023-11-15,9.17,9.19,9.04,9.09,4798626.0,44880347.0,346029880.0,0.013867663682685438,-0.019999999999999574,-0.2195389681668436,1.6465422612513763
2023-11-16,9.09,9.15,9.03,9.06,5488562.0,51413625.0,346029880.0,0.015861526178028326,-0.02999999999999936,-0.3300330033003229,1.320132013201331
2023-11-17,9.0,9.33,9.0,9.23,7165103.0,67696281.0,346029880.0,0.020706601984776574,0.16999999999999993,1.8763796909492259,3.6423841059602653
2023-11-20,9.18,9.49,9.16,9.43,8346600.0,80171341.0,346029880.0,0.02412103833345259,0.1999999999999993,2.1668472372697645,3.575297941495125
2023-11-21,9.37,9.42,9.21,9.22,6021311.0,57554470.0,346029880.0,0.01740113021453523,-0.20999999999999908,-2.2269353128313796,2.2269353128313796
2023-11-22,9.23,9.27,9.13,9.13,3964836.0,37525689.0,346029880.0,0.011458074083082073,-0.08999999999999986,-0.9761388286333994,1.5184381778741733
2023-11-23,9.09,9.27,9.09,9.26,2917200.0,27644116.0,346029880.0,0.008430485829720832,0.129999999999999,1.4238773274917849,1.971522453450161
2023-11-24,9.21,9.29,9.07,9.11,4009100.0,37702447.0,346029880.0,0.011585993671991564,-0.15000000000000036,-1.6198704103671746,2.3758099352051714
2023-11-27,9.11,9.26,9.1,9.22,4321700.0,40952902.0,346029880.0,0.012489383864769135,0.11000000000000121,1.2074643249176953,1.7563117453347987
2023-11-28,9.22,9.39,9.15,9.34,3478475.0,33371026.0,346029880.0,0.010052527833723492,0.11999999999999922,1.3015184381778733,2.6030368763557505
2023-11-29,9.33,9.43,9.32,9.35,2963000.0,28589381.0,346029880.0,0.008562844341650496,0.009999999999999787,0.10706638115631772,1.17773019271948
2023-11-30,9.31,9.4,9.19,9.35,3774300.0,36042260.0,346029880.0,0.010907439554063944,0.0,0.0,2.245989304812843
2023-12-01,9.31,9.35,9.2,9.24,2802701.0,26696992.0,346029880.0,0.008099592439820514,-0.10999999999999943,-1.17647058823529,1.6042780748663141
2023-12-04,9.27,9.36,9.26,9.28,2761760.0,26463286.0,346029880.0,0.00798127606783553,0.03999999999999915,0.43290043290042934,1.0822510822510785
2023-12-05,9.29,9.33,9.18,9.19,2828200.0,26909279.0,346029880.0,0.008173282607848779,-0.08999999999999986,-0.969827586206895,1.6163793103448314
2023-12-06,9.18,9.41,9.09,9.28,4203990.0,40295731.0,346029880.0,0.012149210929414535,0.08999999999999986,0.9793253536452662,3.4820457018498403
2023-12-07,9.28,9.38,9.18,9.28,3792900.0,36115268.0,346029880.0,0.010961192137511361,0.0,0.0,2.155172413793115
2023-12-08,9.19,9.33,9.04,9.08,4025800.0,37815363.0,346029880.0,0.011634255400140589,-0.1999999999999993,-2.155172413793094,3.12500000000001
2023-12-11,8.95,9.18,8.88,9.15,4822700.0,45048013.0,346029880.0,0.013937235709239907,0.07000000000000028,0.7709251101321701,3.3039647577092395
2023-12-12,9.18,9.23,9.09,9.18,2546400.0,23996594.0,346029880.0,0.007358902069381985,0.02999999999999936,0.3278688524590123,1.5300546448087493
2023-12-13,9.33,9.52,8.89,9.17,8644700.0,81929914.0,346029880.0,0.024982524630531907,-0.009999999999999787,-0.10893246187363426,6.8627450980392055
2023-12-14,9.19,9.37,9.15,9.18,6157040.0,58514466.0,346029880.0,0.017793376687585478,0.009999999999999787,0.10905125408942062,2.399127589967272
2023-12-15,9.21,9.21,9.05,9.12,3664265.0,34328837.0,346029880.0,0.010589446784191006,-0.0600000000000005,-0.6535947712418388,1.7429193899782152
2023-12-18,9.07,9.17,8.98,9.01,3948820.0,36873768.0,346029880.0,0.01141178906284047,-0.10999999999999943,-1.2061403508771829,2.083333333333328
2023-12-19,8.99,9.11,8.93,9.1,3697474.0,34309685.0,346029880.0,0.010685418265035378,0.08999999999999986,0.9988901220865598,1.997780244173138
2023-12-20,9.13,9.2,9.01,9.03,2628300.0,24627377.0,346029880.0,0.007595586831981099,-0.07000000000000028,-0.7692307692307776,2.0879120879120827
2023-12-21,9.0,9.13,8.83,9.12,3353740.0,31004698.0,346029880.0,0.009692053183384048,0.08999999999999986,0.9966777408637828,3.3222591362126326
2023-12-22,9.13,9.16,8.93,8.98,3589202.0,33391565.0,346029880.0,0.01037252043089458,-0.1399999999999988,-1.5350877192982337,2.5219298245614086
2023-12-25,9.02,9.04,8.86,8.98,3811600.0,35101546.0,346029880.0,0.011015233713342905,0.0,0.0,2.0044543429844066
2023-12-26,8.99,8.99,8.76,8.79,3224371.0,29316083.0,346029880.0,0.009318186625964208,-0.19000000000000128,-2.1158129175946727,2.561247216035639
2023-12-27,8.83,8.94,8.75,8.91,2879500.0,26209853.0,346029880.0,0.008321535700905366,0.120000000000001,1.3651877133106005,2.1615472127417465
2023-12-28,8.9,9.16,8.73,9.11,3950980.0,36614165.0,346029880.0,0.01141803129833759,0.1999999999999993,2.244668911335568,4.82603815937149
2023-12-29,9.11,9.22,9.06,9.21,4387800.0,41458340.0,346029880.0,0.012680407830676357,0.10000000000000142,1.0976948408342624,1.7563117453347987
2024-01-02,9.26,9.43,9.26,9.42,5713500.0,55144315.0,346029880.0,0.016511579867033447,0.20999999999999908,2.280130293159588,1.8458197611292064
2024-01-03,9.42,9.47,9.31,9.42,4561124.0,44094080.0,346029880.0,0.013181300990538736,0.0,0.0,1.6985138004246298
2024-01-04,9.4,9.43,9.33,9.43,3685220.0,35574366.0,346029880.0,0.01065000513828459,0.009999999999999787,0.10615711252652815,1.061571125265389
2024-01-05,9.35,9.49,9.2,9.27,3820700.0,36711534.0,346029880.0,0.011041532020298363,-0.16000000000000014,-1.6967126193001114,3.075291622481452
2024-01-08,9.21,9.28,9.07,9.08,3338690.0,31528601.0,346029880.0,0.009648559829573099,-0.1899999999999995,-2.049622437971943,2.2653721682847796
2024-01-09,9.12,9.28,9.09,9.19,4693800.0,44407515.0,346029880.0,0.013564724526101619,0.10999999999999943,1.2114537444933848,2.0925110132158533
2024-01-10,9.28,9.28,9.03,9.06,4619800.0,43389621.0,346029880.0,0.01335087016184845,-0.129999999999999,-1.4145810663764857,2.720348204570185
2024-01-11,9.09,9.26,9.0,9.25,3723517.0,35052458.0,346029880.0,0.010760680551633288,0.1899999999999995,2.0971302428256067,2.8697571743929338
2024-01-12,9.24,9.29,9.1,9.12,3406100.0,32193858.0,346029880.0,0.00984336959571237,-0.13000000000000078,-1.4054054054054133,2.0540540540540486
2024-01-15,9.16,9.2,9.03,9.09,3231882.0,30337532.0,346029880.0,0.009339892843935904,-0.02999999999999936,-0.3289473684210509,1.8640350877192977
2024-01-16,9.13,9.23,8.99,9.13,4350700.0,40706335.0,346029880.0,0.012573191656165647,0.040000000000000924,0.44004400440045277,2.640264026402643
2024-01-17,9.08,9.17,8.86,8.89,4527200.0,42093466.0,346029880.0,0.013083263214147866,-0.2400000000000002,-2.6286966046002225,3.3953997809419545
2024-01-18,8.91,8.95,8.36,8.66,7117900.0,63100034.0,346029880.0,0.020570188909697626,-0.23000000000000043,-2.5871766029246346,6.6366704161979735
2024-01-19,8.66,8.72,8.45,8.49,6611300.0,58225006.0,346029880.0,0.0191061534917158,-0.16999999999999993,-1.9630484988452657,3.1177829099307313
2024-01-22,8.46,8.51,7.87,7.93,6456100.0,54660210.0,346029880.0,0.0186576373115524,-0.5600000000000005,-6.595995288574796,7.538280329799761
2024-01-23,8.15,8.26,7.72,7.87,8118240.0,65747642.0,346029880.0,0.02346109532506268,-0.05999999999999961,-0.7566204287515754,6.809583858764187
2024-01-24,7.91,8.15,7.71,8.02,7195242.0,58739247.0,346029880.0,0.02079370139942828,0.14999999999999947,1.9059720457433205,5.590851334180437
2024-01-25,8.05,8.28,8.0,8.27,6205400.0,51857199.0,346029880.0,0.017933133404548763,0.25,3.117206982543652,3.49127182044887
2024-01-26,8.31,8.47,8.24,8.27,4817500.0,41474278.0,346029880.0,0.01392220810526536,0.0,0.0,2.7811366384522422
2024-01-29,8.27,8.35,7.88,7.9,4668670.0,38600602.0,346029880.0,0.013492100739970779,-0.3699999999999992,-4.4740024183796745,5.683192261185003
2024-01-30,7.9,7.94,7.5,7.55,6094484.0,48201268.0,346029880.0,0.017612594611771677,-0.35000000000000053,-4.430379746835444,5.569620253164562
2024-01-31,7.63,7.63,7.05,7.12,6031840.0,45049120.0,346029880.0,0.017431558222659845,-0.4299999999999997,-5.695364238410594,7.682119205298014
2024-02-01,7.09,7.09,6.68,6.88,7332500.0,51665000.0,346029880.0,0.02119036656603181,-0.2400000000000002,-3.370786516853941,5.758426966292136
2024-02-02,6.88,7.01,6.19,6.41,8119421.0,54942269.0,346029880.0,0.023464508325119208,-0.46999999999999975,-6.83139534883721,11.918604651162783
2024-02-05,6.29,6.41,5.77,5.77,10166065.0,61110111.0,346029880.0,0.029379153615288946,-0.6400000000000006,-9.98439937597505,9.984399375975048
2024-02-06,5.53,5.92,5.2,5.62,18174847.0,100512292.0,346029880.0,0.0525239236565351,-0.14999999999999947,-2.5996533795493826,12.478336221837084
2024-02-07,5.64,5.64,5.12,5.25,18903584.0,103673459.0,346029880.0,0.05462991808684267,-0.3700000000000001,-6.583629893238441,9.2526690391459
2024-02-08,5.21,5.77,5.21,5.77,17102107.0,96458324.0,346029880.0,0.049423786755062885,0.5199999999999996,9.904761904761905,10.666666666666659
2024-02-19,5.83,6.17,5.72,6.13,18540512.0,115420415.0,346029880.0,0.053580667657949076,0.3600000000000003,6.239168110918558,7.798960138648184
2024-02-20,6.1,6.27,6.0,6.22,11024499.0,69826471.0,346029880.0,0.0318599624980363,0.08999999999999986,1.4681892332789603,4.404567699836861
2024-02-21,6.14,6.62,6.11,6.42,10339739.0,68459981.0,346029880.0,0.029881058248495764,0.20000000000000018,3.2154340836012985,8.199356913183276
2024-02-22,6.43,6.7,6.39,6.7,8949500.0,60850112.0,346029880.0,0.02586337341734766,0.28000000000000025,4.361370716510904,4.8286604361370795
2024-02-23,6.77,7.02,6.74,7.02,9322500.0,65904847.0,346029880.0,0.026941315010137273,0.3199999999999994,4.776119402985057,4.179104477611931
2024-02-26,7.13,7.31,6.95,7.16,9743150.0,71472150.0,346029880.0,0.028156961473962884,0.14000000000000057,1.9943019943019946,5.128205128205121
2024-02-27,7.15,7.46,7.04,7.43,7239858.0,54429857.0,346029880.0,0.020922638241529894,0.2699999999999996,3.77094972067038,5.865921787709496
2024-02-28,7.43,7.65,6.72,6.75,14154670.0,104294377.0,346029880.0,0.040905918298153904,-0.6799999999999997,-9.152086137281291,12.516823687752362
2024-02-29,6.69,7.02,6.63,7.02,9237283.0,65445644.0,346029880.0,0.026695044370156705,0.2699999999999996,4.0000000000000036,5.777777777777773
2024-03-01,7.01,7.23,6.94,7.22,8019199.0,58602972.0,346029880.0,0.023174874377900546,0.20000000000000018,2.8490028490028463,4.131054131054132
2024-03-04,7.21,7.29,7.03,7.23,5897760.0,43588410.0,346029880.0,0.017044077234023836,0.010000000000000675,0.13850415512466352,3.601108033240994
2024-03-05,7.3,7.3,7.03,7.05,5447321.0,39890800.0,346029880.0,0.015742342828890962,-0.1800000000000006,-2.489626556016611,3.73443983402489
2024-03-06,7.04,7.27,7.0,7.17,5222280.0,38440153.0,346029880.0,0.01509199147773019,0.1200000000000001,1.7021276595744705,3.8297872340425467
2024-03-07,7.24,7.38,7.14,7.17,6242727.0,46697539.0,346029880.0,0.01804100559177144,0.0,0.0,3.347280334728037
2024-03-08,7.22,7.58,7.18,7.39,8965607.0,67829143.0,346029880.0,0.025909921420658816,0.21999999999999975,3.0683403068340276,5.578800557880061
2024-03-11,7.36,7.48,7.35,7.47,5813765.0,44385414.0,346029880.0,0.016801338080977283,0.08000000000000007,1.0825439783491264,1.7591339648173314
2024-03-12,7.46,7.77,7.46,7.63,6612600.0,51752432.0,346029880.0,0.01910991039270944,0.16000000000000014,2.1419009370816644,4.149933065595711
2024-03-13,7.58,7.87,7.53,7.7,7472300.0,59270530.0,346029880.0,0.021594377919039825,0.07000000000000028,0.917431192660545,4.456094364351243
2024-03-14,7.67,7.8,7.56,7.64,5468100.0,43143425.0,346029880.0,0.015802392556388482,-0.0600000000000005,-0.7792207792207906,3.1168831168831197
2024-03-15,7.57,7.75,7.53,7.7,6409582.0,50303315.0,346029880.0,0.018523203834304714,0.0600000000000005,0.7853403141361293,2.8795811518324577
2024-03-18,7.75,7.79,7.64,7.77,8180400.0,64889132.0,346029880.0,0.02364073299103534,0.0699999999999994,0.9090909090909038,1.9480519480519525
2024-03-19,7.77,7.91,7.74,7.77,6660120.0,53541514.0,346029880.0,0.019247239573646067,0.0,0.0,2.187902187902187
2024-03-20,7.82,7.91,7.77,7.89,5904200.0,47671449.0,346029880.0,0.017062688343561543,0.1200000000000001,1.5444015444015413,1.8018018018018092
2024-03-21,7.94,8.02,7.82,7.98,6059300.0,49407201.0,346029880.0,0.01751091553134082,0.09000000000000075,1.1406844106463865,2.534854245880853
2024-03-22,7.95,8.0,7.72,7.89,6205700.0,50250582.0,346029880.0,0.01793400038170114,-0.09000000000000075,-1.1278195488721887,3.5087719298245648
2024-03-25,7.89,8.4,7.71,7.71,12617700.0,103576357.0,346029880.0,0.03646419205185402,-0.17999999999999972,-2.281368821292773,8.745247148288978
2024-03-26,7.66,7.74,7.49,7.65,9312100.0,73016186.0,346029880.0,0.02691125980218818,-0.05999999999999961,-0.7782101167315147,3.24254215304799
2024-03-27,7.7,7.7,7.37,7.38,6506000.0,50234965.0,346029880.0,0.018801844511231226,-0.27000000000000046,-3.529411764705892,4.313725490196079
2024-03-28,7.38,7.7,7.35,7.57,6224320.0,48379317.0,346029880.0,0.017987810763625385,0.1900000000000004,2.57452574525745,4.742547425474262
2024-03-29,7.54,7.73,7.51,7.73,4827020.0,37930678.0,346029880.0,0.013949720180234146,0.16000000000000014,2.1136063408190298,2.9062087186261643
2024-04-01,7.81,8.04,7.76,7.89,7924500.0,64485688.0,346029880.0,0.022901201480057157,0.15999999999999925,2.069857697283295,3.622250970245787
2024-04-02,7.91,7.97,7.78,7.86,5355282.0,43344493.0,346029880.0,0.015476357128465321,-0.02999999999999936,-0.3802281368821214,2.4081115335868124
2024-04-03,7.85,7.88,7.62,7.71,5462500.0,43352453.0,346029880.0,0.01578620898287743,-0.15000000000000036,-1.9083969465648942,3.307888040712465
2024-04-08,7.64,7.66,7.29,7.34,9428800.0,72380927.0,346029880.0,0.027248513914463108,-0.3700000000000001,-4.79896238651103,4.798962386511026
2024-04-09,7.33,7.5,7.32,7.47,6062220.0,46349313.0,346029880.0,0.017519354108957295,0.1299999999999999,1.7711171662125436,2.452316076294274
2024-04-10,7.5,7.54,7.18,7.26,5769200.0,43392272.0,346029880.0,0.016672548624991575,-0.20999999999999996,-2.8112449799196804,4.81927710843374
2024-04-11,7.22,7.51,7.11,7.38,5214700.0,39599868.0,346029880.0,0.015070085855013446,0.1200000000000001,1.6528925619834656,5.5096418732782295
2024-04-12,7.43,7.54,7.3,7.33,4711000.0,36038023.0,346029880.0,0.013614431216171273,-0.04999999999999982,-0.6775067750677488,3.2520325203252063
2024-04-15,7.36,7.4,6.75,6.91,10545100.0,75609512.0,346029880.0,0.03047453589846056,-0.41999999999999993,-5.729877216916779,8.867667121418831
2024-04-16,6.89,6.89,6.22,6.23,14956475.0,98059216.0,346029880.0,0.0432230736836946,-0.6799999999999997,-9.840810419681612,9.696092619392184
2024-04-17,6.28,6.85,6.28,6.83,11053800.0,75805532.0,346029880.0,0.031944640156509024,0.5999999999999996,9.630818619582659,9.149277688603522
2024-04-18,6.84,7.13,6.79,6.86,8252900.0,58585087.0,346029880.0,0.02385025246952662,0.03000000000000025,0.43923865300146137,4.9780380673499245
2024-04-19,6.86,7.21,6.75,6.85,8854500.0,63159559.0,346029880.0,0.02558883065242805,-0.010000000000000675,-0.1457725947521915,6.705539358600582
2024-04-22,6.8,7.54,6.8,7.54,18352841.0,139189605.0,346029880.0,0.05303831276073615,0.6900000000000004,10.072992700729944,10.8029197080292
2024-04-23,8.15,8.16,7.13,7.33,37935797.0,292003617.0,346029880.0,0.10963156418746266,-0.20999999999999996,-2.785145888594165,13.660477453580905
2024-04-24,7.17,7.24,6.99,7.17,25633786.0,187554063.0,346029880.0,0.07407968930313186,-0.16000000000000014,-2.182810368349253,3.4106412005457027
2024-04-25,7.03,7.04,6.9,6.97,21279239.0,152268692.0,346029880.0,0.061495380109948886,-0.20000000000000018,-2.789400278940035,1.9525801952580153
2024-04-26,6.99,7.06,6.92,7.02,17111824.0,123397034.0,346029880.0,0.0494518681450284,0.04999999999999982,0.7173601147776099,2.0086083213773267
2024-04-29,6.98,7.51,6.96,7.45,25553593.0,191738668.0,346029880.0,0.07384793764052977,0.4300000000000006,6.125356125356141,7.834757834757832
2024-04-30,7.44,7.46,7.15,7.29,15830667.0,118463734.0,346029880.0,0.04574942198633251,-0.16000000000000014,-2.147651006711415,4.16107382550335
2024-05-06,7.32,7.42,7.32,7.4,11676000.0,88693926.0,346029880.0,0.03374275077054039,0.11000000000000032,1.5089163237311354,1.3717421124828484
2024-05-07,7.4,7.5,7.32,7.49,10390509.0,79601928.0,346029880.0,0.030027779681916486,0.08999999999999986,1.216216216216215,2.4324324324324285
2024-05-08,7.47,7.49,7.36,7.37,7985100.0,60878035.0,346029880.0,0.023076330864837454,-0.1200000000000001,-1.602136181575431,1.735647530040052
2024-05-09,7.37,7.52,7.37,7.5,7695100.0,59235573.0,346029880.0,0.022238252950872336,0.1299999999999999,1.7639077340569909,2.0352781546811327
2024-05-10,7.5,7.51,7.33,7.41,7138300.0,54409591.0,346029880.0,0.02062914335605931,-0.08999999999999986,-1.200000000000001,2.3999999999999964
2024-05-13,7.34,7.35,7.18,7.21,6737620.0,50309537.0,346029880.0,0.01947120867134364,-0.20000000000000018,-2.6990553306342813,2.2941970310391353
2024-05-14,7.2,7.42,7.2,7.37,8135501.0,61545847.0,346029880.0,0.02351097830048665,0.16000000000000014,2.219140083217752,3.051317614424407
2024-05-15,7.41,7.41,7.21,7.24,5969600.0,44865008.0,346029880.0,0.017251689362779883,-0.1299999999999999,-1.7639077340569909,2.713704206241522
2024-05-16,7.25,7.35,7.24,7.28,6047500.0,45378696.0,346029880.0,0.017476814430013962,0.040000000000000036,0.5524861878453136,1.5193370165745779
2024-05-17,7.29,7.38,7.25,7.37,4944725.0,37329577.0,346029880.0,0.01428987866596954,0.08999999999999986,1.2362637362637319,1.7857142857142843
2024-05-20,7.37,7.47,7.33,7.45,5718946.0,43613583.0,346029880.0,0.016527318392272946,0.08000000000000007,1.085481682496603,1.8995929443690593
2024-05-21,7.43,7.44,7.23,7.26,6099300.0,45860423.0,346029880.0,0.01762651248499118,-0.1900000000000004,-2.5503355704698083,2.8187919463087243
2024-05-22,7.26,7.31,7.18,7.24,5767500.0,42910024.0,346029880.0,0.016667635754461434,-0.019999999999999574,-0.2754820936639035,1.7906336088154258
2024-05-23,7.21,7.23,7.0,7.03,6062100.0,44252397.0,346029880.0,0.017519007318096344,-0.20999999999999996,-2.9005524861878462,3.176795580110503
2024-05-24,7.01,7.12,6.99,7.02,4477540.0,32489766.0,346029880.0,0.012939749596190942,-0.010000000000000675,-0.14224751066856944,1.8492176386913213
2024-05-27,7.05,7.11,6.9,7.07,4534562.0,32590287.0,346029880.0,0.013104538833467214,0.05000000000000071,0.7122507122507171,2.991452991452991
2024-05-28,7.07,7.17,7.02,7.06,4634178.0,33926428.0,346029880.0,0.013392421486838073,-0.010000000000000675,-0.14144271570014633,2.1216407355021265
2024-05-29,7.08,7.18,7.01,7.08,3913100.0,28113173.0,346029880.0,0.011308560983230697,0.020000000000000462,0.2832861189801861,2.407932011331444
2024-05-30,7.03,7.12,7.0,7.08,3071700.0,21965884.0,346029880.0,0.008876979063195352,0.0,0.0,1.6949152542372896
2024-05-31,7.09,7.26,7.06,7.22,4612920.0,33515416.0,346029880.0,0.01333098748582059,0.13999999999999968,1.9774011299434902,2.8248587570621493
2024-06-03,7.21,7.21,6.97,7.05,5933820.0,42443391.0,346029880.0,0.017148287887739637,-0.16999999999999993,-2.3545706371191133,3.3240997229916927
2024-06-04,7.05,7.06,6.81,6.9,5609500.0,38987904.0,346029880.0,0.01621102778754251,-0.14999999999999947,-2.127659574468077,3.546099290780142
2024-06-05,6.9,6.9,6.69,6.72,4780860.0,32744015.0,346029880.0,0.013816321295721629,-0.1800000000000006,-2.60869565217392,3.0434782608695645
2024-06-06,6.7,6.74,6.33,6.41,7530400.0,49216922.0,346029880.0,0.021762282494216974,-0.3099999999999996,-4.613095238095233,6.101190476190479
2024-06-07,6.49,6.66,6.46,6.63,5358340.0,35622654.0,346029880.0,0.015485194515571891,0.21999999999999975,3.43213728549141,3.1201248049922023
2024-06-11,6.58,6.62,6.44,6.6,4227948.0,27915513.0,346029880.0,0.012218447724803419,-0.03000000000000025,-0.4524886877828038,2.7149321266968283
2024-06-12,6.59,6.75,6.58,6.72,3291500.0,22297171.0,346029880.0,0.009512184323504086,0.1200000000000001,1.81818181818183,2.575757575757575
2024-06-13,6.77,6.77,6.66,6.71,2683900.0,18196678.0,346029880.0,0.007756266597555101,-0.009999999999999787,-0.14880952380952328,1.6369047619047536
2024-06-14,6.68,6.87,6.61,6.8,3838760.0,26284290.0,346029880.0,0.0110937240448715,0.08999999999999986,1.3412816691505292,3.8748137108792817
2024-06-17,6.8,6.86,6.74,6.8,2606120.0,17931071.0,346029880.0,0.0075314883211819745,0.0,0.0,1.764705882352943
2024-06-18,6.81,6.96,6.78,6.96,3337020.0,23264791.0,346029880.0,0.009643733656758196,0.16000000000000014,2.35294117647058,2.6470588235294077
2024-06-19,6.97,7.02,6.89,6.9,3038020.0,21277499.0,346029880.0,0.008779646428221748,-0.05999999999999961,-0.8620689655172376,1.8678160919540214
2024-06-20,6.81,6.9,6.68,6.69,3428000.0,23450128.0,346029880.0,0.009906658927835942,-0.20999999999999996,-3.04347826086957,3.188405797101458
2024-06-21,6.59,6.76,6.59,6.61,2207782.0,14861792.0,346029880.0,0.006380321838102536,-0.08000000000000007,-1.195814648729443,2.541106128550074
2024-06-24,6.62,6.63,6.24,6.3,5314000.0,34257449.0,346029880.0,0.015357055292450466,-0.3100000000000005,-4.6898638426626444,5.900151285930404
2024-06-25,6.31,6.52,6.31,6.41,3350378.0,21752982.0,346029880.0,0.009682337259429736,0.11000000000000032,1.746031746031762,3.3333333333333326
2024-06-26,6.39,7.05,6.35,6.78,11063668.0,75136433.0,346029880.0,0.03197315792497457,0.3700000000000001,5.7722308892355745,10.920436817472702
2024-06-27,7.46,7.46,7.3,7.46,25150614.0,189446022.0,346029880.0,0.07268335902090305,0.6799999999999997,10.029498525073732,2.359882005899707
2024-06-28,7.31,7.31,6.95,6.97,36807876.0,264320077.0,346029880.0,0.10637195839850594,-0.4900000000000002,-6.568364611260058,4.825737265415542
2024-07-01,6.97,7.07,6.82,6.97,19019730.0,132938513.0,346029880.0,0.05496557118130954,0.0,0.0,3.5868005738880915
2024-07-02,6.98,7.02,6.86,6.89,13294512.0,93036788.0,346029880.0,0.03842012718670422,-0.08000000000000007,-1.147776183644189,2.295552367288368
2024-07-03,6.84,6.84,6.61,6.65,13357271.0,90635023.0,346029880.0,0.0386014959170578,-0.23999999999999932,-3.483309143686497,3.338171262699558
2024-07-04,6.59,6.71,6.43,6.51,9176200.0,60833334.0,346029880.0,0.02651851915216108,-0.14000000000000057,-2.1052631578947434,4.210526315789477
2024-07-05,6.51,6.64,6.38,6.6,8019064.0,52989845.0,346029880.0,0.023174484238181973,0.08999999999999986,1.382488479262678,3.99385560675883
2024-07-08,6.59,6.59,6.32,6.34,7194400.0,46723392.0,346029880.0,0.02079126808355394,-0.2599999999999998,-3.9393939393939315,4.090909090909085
2024-07-09,6.32,6.56,6.3,6.56,8394220.0,54644960.0,346029880.0,0.024258656506773345,0.21999999999999975,3.4700315457413256,4.100946372239744
2024-07-10,6.52,6.59,6.46,6.47,5504049.0,36307529.0,346029880.0,0.015906282428557905,-0.08999999999999986,-1.3719512195121908,1.9817073170731694
2024-07-11,6.61,6.68,6.54,6.67,7627971.0,51195779.0,346029880.0,0.022044255253332458,0.20000000000000018,3.091190108191655,2.1638330757341526
2024-07-12,6.66,6.71,6.56,6.6,5826340.0,39004970.0,346029880.0,0.016837678873281116,-0.07000000000000028,-1.0494752623688153,2.248875562218896
2024-07-15,6.57,6.59,6.44,6.45,5260400.0,34463606.0,346029880.0,0.015202155374558983,-0.14999999999999947,-2.2727272727272596,2.272727272727265
2024-07-16,6.42,6.55,6.4,6.46,4765860.0,31170424.0,346029880.0,0.013772972438102745,0.009999999999999787,0.15503875968991832,2.325581395348829
2024-07-17,6.47,6.47,6.23,6.25,7141000.0,45622007.0,346029880.0,0.02063694615043071,-0.20999999999999996,-3.2507739938080538,3.7151702786377605
2024-07-18,6.21,6.26,6.01,6.2,5193625.0,32163664.0,346029880.0,0.015009180710058911,-0.04999999999999982,-0.8000000000000007,4.0
2024-07-19,6.18,6.36,6.15,6.31,4289871.0,27311331.0,346029880.0,0.0123974004788257,0.10999999999999943,1.7741935483870819,3.387096774193548
2024-07-22,6.31,6.35,6.27,6.33,2674500.0,17071785.0,346029880.0,0.007729101313447267,0.020000000000000462,0.31695721077655836,1.267828843106182
2024-07-23,6.35,6.38,6.18,6.21,3300660.0,21013293.0,346029880.0,0.009538656025890019,-0.1200000000000001,-1.8957345971563955,3.159557661927333
2024-07-24,6.25,6.28,6.15,6.17,3045600.0,19098153.0,346029880.0,0.008801552050938492,-0.040000000000000036,-0.6441223832528209,2.093397745571657
2024-07-25,6.13,6.29,6.1,6.22,4091400.0,25680984.0,346029880.0,0.011823834404127181,0.04999999999999982,0.8103727714748654,3.0794165316045445
2024-07-26,6.23,6.47,6.21,6.43,5382200.0,34707188.0,346029880.0,0.015554148098424333,0.20999999999999996,3.37620578778135,4.1800643086816685
2024-07-29,6.41,6.47,6.33,6.35,4783100.0,30888793.0,346029880.0,0.01382279472512605,-0.08000000000000007,-1.244167962674958,2.177293934681177
2024-07-30,6.3,6.37,6.27,6.34,3805400.0,24285625.0,346029880.0,0.010997316185527099,-0.009999999999999787,-0.15748031496062298,1.574803149606308
2024-07-31,6.31,6.58,6.31,6.57,6158600.0,40443912.0,346029880.0,0.01779788496877784,0.23000000000000043,3.6277602523659302,4.258675078864361
2024-08-01,6.59,6.74,6.56,6.57,5763400.0,38508652.0,346029880.0,0.016655787066712273,0.0,0.0,2.7397260273972694
2024-08-02,6.54,6.66,6.44,6.46,5147000.0,34037515.0,346029880.0,0.01487443801096021,-0.11000000000000032,-1.6742770167427756,3.3485540334855366
2024-08-05,6.46,6.52,6.21,6.23,4818900.0,30944137.0,346029880.0,0.013926253998643123,-0.22999999999999954,-3.5603715170278605,4.798761609907114
2024-08-06,6.32,6.41,6.27,6.37,3992200.0,25585155.0,346029880.0,0.011537153959074285,0.13999999999999968,2.2471910112359605,2.247191011235964
2024-08-07,6.41,6.58,6.39,6.5,5015100.0,32878783.0,346029880.0,0.014493257056298144,0.1299999999999999,2.0408163265306145,2.982731554160132
2024-08-08,6.45,6.49,6.34,6.41,3334720.0,21605373.0,346029880.0,0.0096370868319233,-0.08999999999999986,-1.3846153846153841,2.307692307692313
2024-08-09,6.41,6.5,6.35,6.35,2981160.0,19385381.0,346029880.0,0.00861532535860776,-0.0600000000000005,-0.9360374414976724,2.3400936037441555
2024-08-12,6.33,6.37,6.26,6.3,2523320.0,16102703.0,346029880.0,0.007292202627125727,-0.04999999999999982,-0.7874015748031482,1.7322834645669343
2024-08-13,6.31,6.37,6.24,6.37,2353320.0,15007934.0,346029880.0,0.0068009155741116925,0.07000000000000028,1.1111111111111072,2.0634920634920615
2024-08-14,6.38,6.41,6.33,6.37,2476900.0,15938396.0,346029880.0,0.007158052362414483,0.0,0.0,1.2558869701726856
2024-08-15,6.38,6.51,6.26,6.47,3882500.0,25203484.0,346029880.0,0.01122012931368817,0.09999999999999964,1.5698587127158437,3.924646781789639
2024-08-16,6.46,6.5,6.44,6.45,2290300.0,14970410.0,346029880.0,0.006618792573635549,-0.019999999999999574,-0.3091190108191588,0.9273570324574901
2024-08-19,6.45,6.49,6.38,6.39,2369600.0,15396288.0,346029880.0,0.00684796353424739,-0.0600000000000005,-0.9302325581395432,1.705426356589152
2024-08-20,6.42,6.44,6.22,6.24,3306000.0,20990168.0,346029880.0,0.009554088219202343,-0.14999999999999947,-2.3474178403755763,3.4428794992175376
2024-08-21,6.24,6.28,6.19,6.22,2119500.0,13368719.0,346029880.0,0.0061251935815485065,-0.020000000000000462,-0.3205128205128305,1.4423076923076898
2024-08-22,6.22,6.26,6.05,6.06,3338675.0,20709124.0,346029880.0,0.00964851648071548,-0.16000000000000014,-2.5723472668810365,3.37620578778135
2024-08-23,6.05,6.11,5.95,6.02,3028000.0,18385526.0,346029880.0,0.008750689391332332,-0.040000000000000036,-0.660066006600657,2.640264026402643
2024-08-26,6.04,6.17,6.0,6.14,2907100.0,17965356.0,346029880.0,0.008401297598924115,0.1200000000000001,1.9933554817275656,2.82392026578073
2024-08-27,6.14,6.15,5.98,6.02,2546320.0,15566461.0,346029880.0,0.007358670875474684,-0.1200000000000001,-1.9543973941368087,2.76872964169381
2024-08-28,6.03,6.13,5.97,6.08,2524900.0,15447418.0,346029880.0,0.007296768706794916,0.0600000000000005,0.996677740863805,2.657807308970102
2024-08-29,6.04,6.23,5.99,6.2,3596000.0,22318902.0,346029880.0,0.01039216613316746,0.1200000000000001,1.9736842105263275,3.947368421052635
2024-08-30,6.19,6.41,6.19,6.32,3863560.0,24704986.0,346029880.0,0.011165394156134725,0.1200000000000001,1.9354838709677358,3.5483870967741895
2024-09-02,6.29,6.39,6.2,6.21,2878100.0,18361923.0,346029880.0,0.008317489807527605,-0.11000000000000032,-1.7405063291139333,3.0063291139240427
2024-09-03,6.24,6.31,6.15,6.26,2780300.0,17568485.0,346029880.0,0.008034855255852472,0.04999999999999982,0.8051529790660261,2.57648953301126
2024-09-04,6.23,6.29,6.18,6.23,2448575.0,15443674.0,346029880.0,0.007076195269610821,-0.02999999999999936,-0.4792332268370503,1.757188498402561
2024-09-05,6.26,6.3,6.24,6.27,1899500.0,12042355.0,346029880.0,0.005489410336471521,0.03999999999999915,0.6420545746388395,0.9630818619582602
2024-09-06,6.27,6.29,6.15,6.16,3169200.0,19857751.0,346029880.0,0.009158746637718106,-0.10999999999999943,-1.754385964912275,2.232854864433807
2024-09-09,6.12,6.2,6.08,6.12,2200800.0,13636208.0,346029880.0,0.006360144389842865,-0.040000000000000036,-0.6493506493506551,1.9480519480519498
2024-09-10,6.13,6.22,6.05,6.2,2163900.0,13401618.0,346029880.0,0.006253506200100407,0.08000000000000007,1.3071895424836555,2.777777777777777
2024-09-11,6.19,6.23,6.11,6.16,1406500.0,8784821.0,346029880.0,0.004064677882730821,-0.040000000000000036,-0.6451612903225823,1.9354838709677438
2024-09-12,6.15,6.25,6.15,6.17,1896600.0,11913621.0,346029880.0,0.00548102955733187,0.009999999999999787,0.16233766233766378,1.6233766233766176
2024-09-13,6.19,6.19,6.04,6.04,2211000.0,13634125.0,346029880.0,0.006389621613023708,-0.1299999999999999,-2.1069692058346856,2.431118314424641
2024-09-18,6.03,6.06,5.92,6.01,2478600.0,14983672.0,346029880.0,0.007162965232944623,-0.03000000000000025,-0.4966887417218624,2.3178807947019817
2024-09-19,6.03,6.21,6.01,6.19,2498400.0,15523446.0,346029880.0,0.0072201857250015515,0.1800000000000006,2.9950083194675736,3.327787021630619
2024-09-20,6.21,6.21,6.13,6.19,2065820.0,12910112.0,346029880.0,0.0059700624697497226,0.0,0.0,1.2924071082390964
2024-09-23,6.17,6.26,6.11,6.25,2845100.0,17832812.0,346029880.0,0.008222122320766056,0.05999999999999961,0.9693053311793154,2.423263327948295
2024-09-24,6.27,6.48,6.26,6.48,4920000.0,31686789.0,346029880.0,0.01421842529899441,0.23000000000000043,3.6800000000000166,3.52000000000001
2024-09-25,6.6,6.64,6.47,6.48,7002400.0,46383730.0,346029880.0,0.02023640270603221,0.0,0.0,2.6234567901234556
2024-09-26,6.58,6.61,6.46,6.61,4921200.0,32553490.0,346029880.0,0.014221893207603921,0.1299999999999999,2.0061728395061706,2.31481481481482
2024-09-27,6.69,6.93,6.61,6.88,8735420.0,59767083.0,346029880.0,0.025244698521410924,0.2699999999999996,4.08472012102874,4.841149773071095
2024-09-30,7.24,7.57,6.97,7.51,14926961.0,110419376.0,346029880.0,0.04313778047144368,0.6299999999999999,9.156976744186052,8.720930232558148
2024-10-08,8.26,8.26,7.52,8.01,19870800.0,159145854.0,346029880.0,0.057425098664889866,0.5,6.657789613848197,9.853528628495342
2024-10-09,7.82,7.86,7.3,7.41,12804300.0,98001330.0,346029880.0,0.03700345184063295,-0.5999999999999996,-7.490636704119846,6.9912609238452
2024-10-10,7.47,7.65,7.35,7.46,8511300.0,64524937.0,346029880.0,0.02459700879010795,0.04999999999999982,0.6747638326585648,4.048582995951427
2024-10-11,7.47,7.47,6.98,7.06,7891978.0,57201416.0,346029880.0,0.02280721537689173,-0.40000000000000036,-5.36193029490617,6.568364611260044
2024-10-14,7.09,7.29,6.98,7.25,6705520.0,48620036.0,346029880.0,0.019378442116039226,0.1900000000000004,2.6912181303116123,4.390934844192629
2024-10-15,7.24,7.29,7.12,7.12,5130831.0,37404184.0,346029880.0,0.014827710832370892,-0.1299999999999999,-1.7931034482758568,2.3448275862068955
2024-10-16,6.99,7.24,6.95,7.19,4730925.0,34230321.0,346029880.0,0.013672012948708361,0.07000000000000028,0.9831460674157411,4.073033707865169
2024-10-17,7.22,7.34,7.16,7.18,4749600.0,34878585.0,346029880.0,0.013725982276443872,-0.010000000000000675,-0.13908205841447474,2.5034770514603575
2024-10-18,7.21,7.38,7.19,7.3,6465608.0,47686744.0,346029880.0,0.018685114707435092,0.1200000000000001,1.671309192200554,2.6462395543175417
2024-10-21,7.42,7.54,7.3,7.45,8932400.0,67028678.0,346029880.0,0.025813955719662128,0.15000000000000036,2.0547945205479534,3.2876712328767157
2024-10-22,7.45,7.62,7.4,7.58,8797800.0,66901580.0,346029880.0,0.025424971970628665,0.1299999999999999,1.744966442953011,2.9530201342281845
2024-10-23,7.59,7.61,7.47,7.52,6872400.0,52483306.0,346029880.0,0.019860712606668534,-0.0600000000000005,-0.7915567282322011,1.8469656992084509
2024-10-24,7.49,7.51,7.38,7.44,4432100.0,33323526.0,346029880.0,0.012808431456844132,-0.07999999999999918,-1.0638297872340274,1.728723404255318
2024-10-25,7.52,7.57,7.45,7.54,5815800.0,44231990.0,346029880.0,0.016807219075994247,0.09999999999999964,1.3440860215053752,1.6129032258064528
2024-10-28,7.58,7.71,7.56,7.7,6768108.0,52127749.0,346029880.0,0.019559316669415946,0.16000000000000014,2.1220159151193574,1.9893899204244079
2024-10-29,7.71,7.73,7.5,7.59,7764528.0,59582531.0,346029880.0,0.022438894583323266,-0.11000000000000032,-1.4285714285714346,2.9870129870129927
2024-10-30,7.56,7.7,7.53,7.7,6348200.0,48805022.0,346029880.0,0.018345814529080552,0.11000000000000032,1.449275362318847,2.2397891963109346
2024-10-31,7.63,7.96,7.55,7.88,13478320.0,105839512.0,346029880.0,0.03895131830811836,0.17999999999999972,2.3376623376623273,5.324675324675327
2024-11-01,7.87,7.91,7.54,7.54,8121922.0,63182727.0,346029880.0,0.023471736024646195,-0.33999999999999986,-4.314720812182737,4.69543147208122
2024-11-04,7.49,7.7,7.42,7.68,4675540.0,35878237.0,346029880.0,0.01351195451676023,0.13999999999999968,1.8567639257294433,3.713527851458889
2024-11-05,7.68,7.84,7.62,7.83,9501200.0,74207642.0,346029880.0,0.027457744400570264,0.15000000000000036,1.953125,2.86458333333333
2024-11-06,7.81,7.94,7.71,7.77,7557860.0,59483883.0,346029880.0,0.021841639802897946,-0.0600000000000005,-0.766283524904221,2.9374201787994947
2024-11-07,7.73,7.9,7.69,7.9,8680300.0,68517755.0,346029880.0,0.02508540591928073,0.13000000000000078,1.6731016731016846,2.7027027027027026
2024-11-08,7.94,8.09,7.85,7.92,8954480.0,71944151.0,346029880.0,0.025877765238077128,0.019999999999999574,0.25316455696202667,3.0379746835443067
2024-11-11,7.91,8.07,7.81,8.06,7176137.0,58099819.0,346029880.0,0.020738489404441028,0.14000000000000057,1.7676767676767735,3.2828282828282913
2024-11-12,8.09,8.14,7.9,7.97,7707960.0,62483443.0,346029880.0,0.022275417371470926,-0.09000000000000075,-1.1166253101737023,2.9776674937965284
2024-11-13,7.91,8.04,7.82,8.01,5535700.0,44328495.0,346029880.0,0.015997751408057592,0.040000000000000036,0.5018820577164407,2.7603513174403873
2024-11-14,8.01,8.05,7.77,7.8,8005800.0,63747760.0,346029880.0,0.023136152288351513,-0.20999999999999996,-2.621722846441943,3.4956304619226106
2024-11-15,7.8,7.87,7.59,7.61,4805623.0,37692531.0,346029880.0,0.013887884479802727,-0.1899999999999995,-2.4358974358974272,3.589743589743593
2024-11-18,7.66,7.72,7.4,7.44,5319020.0,40375056.0,346029880.0,0.015371562710133587,-0.16999999999999993,-2.23390275952694,4.204993429697758
2024-11-19,7.51,7.75,7.45,7.75,4071960.0,31258190.0,346029880.0,0.011767654284653106,0.3099999999999996,4.166666666666652,4.032258064516126
2024-11-20,7.71,8.04,7.71,7.96,5585400.0,44559532.0,346029880.0,0.016141380622968167,0.20999999999999996,2.709677419354839,4.258064516129021
2024-11-21,7.95,8.03,7.9,8.03,6369000.0,51392199.0,346029880.0,0.01840592494497874,0.0699999999999994,0.8793969849246075,1.6331658291457163
2024-11-22,8.05,8.06,7.72,7.74,4912630.0,39328660.0,346029880.0,0.014197126560284332,-0.28999999999999915,-3.6114570361145626,4.234122042341229
2024-11-25,7.81,7.96,7.67,7.95,4696600.0,37333824.0,346029880.0,0.013572816312857144,0.20999999999999996,2.7131782945736482,3.7467700258397936
2024-11-26,7.96,8.03,7.85,7.88,4276100.0,34278426.0,346029880.0,0.012357603337607723,-0.07000000000000028,-0.8805031446540879,2.264150943396223
2024-11-27,7.88,7.95,7.61,7.95,4820850.0,37931723.0,346029880.0,0.013931889350133578,0.07000000000000028,0.8883248730964466,4.314720812182739
2024-11-28,7.94,8.75,7.91,8.34,24503577.0,208635872.0,346029880.0,0.07081347136842633,0.3899999999999997,4.9056603773584895,10.566037735849054
2024-11-29,8.29,8.32,8.04,8.22,23077634.0,190237059.0,346029880.0,0.06669260469644991,-0.11999999999999922,-1.4388489208633004,3.357314148681069
2024-12-02,8.2,8.28,8.14,8.25,13682197.0,113680708.0,346029880.0,0.03954050731110273,0.02999999999999936,0.36496350364962904,1.7031630170316152
2024-12-03,8.25,8.33,8.16,8.26,8602200.0,71537052.0,346029880.0,0.0248597028672784,0.009999999999999787,0.12121212121212199,2.0606060606060597
2024-12-04,8.23,8.25,8.01,8.06,8583200.0,70636642.0,346029880.0,0.024804794314294477,-0.1999999999999993,-2.4213075060532607,2.9055690072639253
2024-12-05,8.08,8.5,8.04,8.41,14535966.0,121874653.0,346029880.0,0.04200783469913061,0.34999999999999964,4.3424317617865915,5.707196029776685
2024-12-06,8.44,8.6,8.39,8.48,9877097.0,84731401.0,346029880.0,0.028544058102728007,0.07000000000000028,0.832342449464929,2.497027348394757
2024-12-09,8.51,8.61,8.43,8.53,7225246.0,62207916.0,346029880.0,0.020880410674361416,0.049999999999998934,0.589622641509413,2.122641509433959
2024-12-10,8.78,8.81,8.4,8.42,10038745.0,86531403.0,346029880.0,0.029011208511819847,-0.10999999999999943,-1.289566236811246,4.806565064478314
2024-12-11,8.42,8.46,8.31,8.39,5107500.0,43230986.0,346029880.0,0.014760286019230478,-0.02999999999999936,-0.3562945368170922,1.7814726840855148
2024-12-12,8.36,8.44,8.27,8.43,5517800.0,46642382.0,346029880.0,0.015946021771299057,0.03999999999999915,0.47675804529201393,2.02622169249106
2024-12-13,8.4,8.41,8.21,8.23,4796500.0,40169036.0,346029880.0,0.01386151970459892,-0.1999999999999993,-2.3724792408066353,2.3724792408066344
2024-12-16,8.21,8.32,8.18,8.22,3998600.0,33337840.0,346029880.0,0.011555649471658344,-0.009999999999999787,-0.12150668286755595,1.7010935601458148
2024-12-17,8.2,8.22,7.78,7.84,6486100.0,52212241.0,346029880.0,0.01874433502679017,-0.3800000000000008,-4.622871046228716,5.3527980535279855
2024-12-18,7.86,7.93,7.67,7.82,3507925.0,27779115.0,346029880.0,0.01013763609084857,-0.019999999999999574,-0.25510204081632404,3.3163265306122423
2024-12-19,7.72,8.02,7.72,8.01,5839440.0,46784198.0,346029880.0,0.01687553687560161,0.1899999999999995,2.4296675191815886,3.8363171355498693
2024-12-20,8.03,8.82,8.0,8.82,29841340.0,262320146.0,346029880.0,0.08623919992111664,0.8100000000000005,10.1123595505618,10.237203495630466
2024-12-23,9.5,9.7,9.5,9.7,12264340.0,119269432.0,346029880.0,0.03544300856330673,0.879999999999999,9.977324263038545,2.2675736961451167
2024-12-24,10.67,10.67,10.67,10.67,3804000.0,41007120.0,346029880.0,0.010993270292149337,0.9700000000000006,10.000000000000009,0.0
2024-12-25,11.73,11.73,10.83,11.73,94721790.0,1106419066.0,346029880.0,0.27373875920773083,1.0600000000000005,9.934395501405824,8.4348641049672
2024-12-26,10.56,12.91,10.56,12.91,48942252.0,573123750.0,346029880.0,0.14143938089970728,1.1799999999999997,10.059676044330779,20.03410059676044
2024-12-27,14.21,14.21,13.88,14.21,63411671.0,910348401.0,346029880.0,0.18325489983697363,1.3000000000000007,10.069713400464764,2.556158017041054
2024-12-30,15.63,15.63,12.78,12.78,84892500.0,1228790942.0,346029880.0,0.24533285969408192,-1.4300000000000015,-10.06333567909924,20.05629838142154
2024-12-31,12.8,14.06,12.78,13.51,92107360.0,1277073162.0,346029880.0,0.266183255619428,0.7300000000000004,5.712050078247266,10.01564945226918
2025-01-02,12.16,14.87,12.16,14.87,66595589.0,909137927.0,346029880.0,0.19245618037378737,1.3599999999999994,10.066617320503335,20.059215396002955
2025-01-03,15.73,16.35,14.1,16.35,114705125.0,1828958976.0,346029880.0,0.33148907545209677,1.4800000000000022,9.952925353059872,15.13113651647614
2025-01-06,14.74,17.99,14.72,14.87,108336958.0,1766226487.0,346029880.0,0.3130855578136778,-1.4800000000000022,-9.051987767584112,19.999999999999986
2025-01-07,13.39,15.35,13.39,13.95,86262678.0,1220064256.0,346029880.0,0.24929256976305053,-0.9199999999999999,-6.18695359784801,13.18090114324142
2025-01-08,13.96,15.35,13.96,15.35,82116648.0,1245880754.0,346029880.0,0.23731085881947536,1.4000000000000004,10.035842293906816,9.964157706093182
2025-01-09,16.26,16.88,15.73,16.88,102061209.0,1714987448.0,346029880.0,0.2949491211568203,1.5299999999999994,9.967426710097715,7.491856677524421
2025-01-10,15.95,18.4,15.19,15.32,101212248.0,1696113293.0,346029880.0,0.2924956885226212,-1.5599999999999987,-9.241706161137431,19.016587677725113
2025-01-13,14.0,14.7,13.78,13.78,63352167.0,895097231.0,346029880.0,0.18308293780872334,-1.540000000000001,-10.052219321148836,6.005221932114882
2025-01-14,13.61,15.07,12.78,14.65,77869790.0,1091688323.0,346029880.0,0.22503776263483374,0.870000000000001,6.313497822931802,16.61828737300436
2025-01-15,14.74,16.12,14.7,16.12,63502491.0,1012540520.0,346029880.0,0.18351736272023675,1.4700000000000006,10.03412969283277,9.69283276450513
2025-01-16,16.75,17.51,15.35,16.92,95528710.0,1597082298.0,346029880.0,0.2760706965537196,0.8000000000000007,4.962779156327546,13.399503722084377
2025-01-17,16.91,18.61,16.86,18.61,44974983.0,827629380.0,346029880.0,0.1299742756319194,1.6899999999999977,9.988179669030718,10.342789598108745
2025-01-20,19.79,20.47,19.65,20.47,21665619.0,443239116.0,346029880.0,0.06261198888373455,1.8599999999999994,9.994626544868357,4.406233207952715
2025-01-21,22.52,22.52,19.07,22.52,107803305.0,2278106660.0,346029880.0,0.3115433412860184,2.0500000000000007,10.014655593551547,16.85393258426966
2025-01-22,22.3,24.77,20.93,24.77,70949570.0,1682176738.0,346029880.0,0.2050388538700762,2.25,9.991119005328608,17.05150976909414
2025-01-23,25.48,27.25,25.14,27.25,109297922.0,2944332150.0,346029880.0,0.3158626705878695,2.4800000000000004,10.012111425111026,8.518368994751714
2025-01-24,24.53,25.07,24.53,24.53,27786200.0,689212207.0,346029880.0,0.08030000183799156,-2.719999999999999,-9.981651376146782,1.9816513761467858
2025-01-27,22.77,26.38,22.56,22.8,86734531.0,2092237530.0,346029880.0,0.2506561889973201,-1.7300000000000004,-7.052588666938442,15.572768039135754
2025-02-05,22.58,22.8,20.53,20.53,75143389.0,1599426147.0,346029880.0,0.21715867138410128,-2.2699999999999996,-9.956140350877195,9.95614035087719
2025-02-06,19.53,22.47,19.26,21.21,78897039.0,1645450720.0,346029880.0,0.22800643401084322,0.6799999999999997,3.312226010716013,15.635655138821223
2025-02-07,20.94,22.6,19.6,21.85,81915189.0,1753738570.0,346029880.0,0.23672865765233916,0.6400000000000006,3.0174446016030254,14.144271570014144
2025-02-10,21.78,23.01,21.57,21.86,69410170.0,1552634225.0,346029880.0,0.20059010510884204,0.00999999999999801,0.04576659038899589,6.590389016018312
2025-02-11,21.72,22.76,20.63,21.97,67246572.0,1460274922.0,346029880.0,0.1943374716657417,0.10999999999999943,0.5032021957914079,9.743824336688027
2025-02-12,21.47,22.13,21.09,21.67,45644300.0,1000897169.0,346029880.0,0.13190855078757938,-0.29999999999999716,-1.3654984069185083,4.733727810650884
2025-02-13,21.68,23.08,21.28,22.31,67756451.0,1539573129.0,346029880.0,0.195810983143999,0.639999999999997,2.953391785879078,8.306414397784941
2025-02-14,21.32,21.73,20.28,20.72,58781491.0,1236574678.0,346029880.0,0.1698740322656529,-1.5899999999999999,-7.126848946660691,6.499327655759746
2025-02-17,20.29,20.44,19.54,19.99,42107950.0,848651924.0,346029880.0,0.12168876861154303,-0.7300000000000004,-3.5231660231660245,4.343629343629354
2025-02-18,19.79,20.31,18.7,18.86,37490310.0,739581853.0,346029880.0,0.1083441406851917,-1.129999999999999,-5.652826413206602,8.05402701350675
2025-02-19,18.66,20.12,18.57,19.64,36497459.0,717946456.0,346029880.0,0.10547487690947382,0.7800000000000011,4.135737009544016,8.218451749734893
2025-02-20,19.64,20.24,19.45,19.84,36484709.0,734911703.0,346029880.0,0.10543803038049777,0.1999999999999993,1.0183299389002087,4.0224032586558005
2025-02-21,19.87,19.93,19.31,19.78,33023841.0,656536890.0,346029880.0,0.09543638543584733,-0.05999999999999872,-0.3024193548387011,3.125000000000005
2025-02-24,20.08,20.16,19.19,19.34,24718961.0,487381404.0,346029880.0,0.07143591472505206,-0.4400000000000013,-2.224469160768461,4.90394337714863
2025-02-25,19.09,19.41,18.8,18.99,22766761.0,438077408.0,346029880.0,0.0657942054021462,-0.3500000000000014,-1.8097207859358866,3.1540847983453952
2025-02-26,18.99,19.23,18.9,19.09,19850760.0,381878054.0,346029880.0,0.05736718459111104,0.10000000000000142,0.526592943654558,1.7377567140600414
2025-02-27,19.03,19.14,18.16,18.74,24838141.0,467244541.0,346029880.0,0.07178033584845332,-0.3500000000000014,-1.8334206390780539,5.133577789418546
2025-02-28,18.61,18.64,17.63,17.71,18998640.0,346803184.0,346029880.0,0.05490462268749739,-1.0299999999999976,-5.4962646744930455,5.389541088580585
2025-03-03,17.71,18.16,17.47,17.86,15679900.0,284162778.0,346029880.0,0.04531371683855741,0.14999999999999858,0.8469791078486555,3.896103896103903
2025-03-04,17.87,18.29,17.75,18.15,13361509.0,244329102.0,346029880.0,0.038613743414297054,0.28999999999999915,1.6237402015677471,3.023516237402011
2025-03-05,18.17,18.98,17.83,18.51,23780840.0,439396441.0,346029880.0,0.06872481648116631,0.360000000000003,1.983471074380172,6.336088154269985
2025-03-06,18.68,19.02,18.53,18.92,26559930.0,506324706.0,346029880.0,0.07675617492917086,0.41000000000000014,2.2150189086979966,2.647217720151261
2025-03-07,18.7,18.77,18.22,18.33,18945110.0,354485000.0,346029880.0,0.0547499250642748,-0.5900000000000034,-3.118393234672323,2.90697674418605
2025-03-10,18.37,18.58,18.21,18.5,11807779.0,219558678.0,346029880.0,0.03412358204441767,0.1700000000000017,0.9274413529732684,2.0185488270594516
2025-03-11,18.26,18.42,18.08,18.38,11092170.0,204391249.0,346029880.0,0.032055526534298134,-0.120000000000001,-0.6486486486486531,1.8378378378378561
2025-03-12,18.57,20.22,18.57,20.22,35810658.0,725754345.0,346029880.0,0.10349007432537329,1.8399999999999999,10.010881392818272,8.977149075081602
2025-03-13,20.8,22.16,20.4,21.66,95412261.0,2047555097.0,346029880.0,0.2757341678123288,1.4400000000000013,7.121661721068251,8.70425321463898
2025-03-14,20.78,20.95,19.62,20.28,51518089.0,1054406490.0,346029880.0,0.1488833536572044,-1.379999999999999,-6.371191135734067,6.140350877192975
2025-03-17,19.94,20.28,19.59,19.79,34957280.0,701323610.0,346029880.0,0.10102387689756734,-0.490000000000002,-2.4161735700197307,3.402366863905332
2025-03-18,19.84,19.89,19.49,19.65,25232640.0,501105914.0,346029880.0,0.07292040791390617,-0.14000000000000057,-0.7074279939363382,2.0212228398181007
2025-03-19,19.69,19.76,19.29,19.33,20879060.0,410759033.0,346029880.0,0.06033889327707769,-0.3200000000000003,-1.6284987277353724,2.3918575063613354
2025-03-20,19.33,19.39,18.92,19.09,20214120.0,391211894.0,346029880.0,0.05841726731807091,-0.23999999999999844,-1.2415933781686372,2.4314536989136
2025-03-21,18.95,19.09,18.31,18.33,19760039.0,371414425.0,346029880.0,0.057105007810308174,-0.7600000000000016,-3.9811419591409214,4.08590885280252
2025-03-24,18.28,18.32,16.64,17.16,27703399.0,486596423.0,346029880.0,0.08006071325401147,-1.1699999999999982,-6.382978723404243,9.165302782324058
2025-03-25,17.17,17.23,16.66,16.73,13991101.0,238356705.0,346029880.0,0.04043321634536301,-0.4299999999999997,-2.505827505827507,3.321678321678323
2025-03-26,16.74,16.85,16.63,16.75,10224861.0,173048909.0,346029880.0,0.029549069577459612,0.019999999999999574,0.11954572624028881,1.3150029886431704
2025-03-27,16.6,16.64,16.19,16.43,12878440.0,213683590.0,346029880.0,0.037217710794223896,-0.3200000000000003,-1.910447761194034,2.6865671641791002
2025-03-28,16.43,16.52,16.08,16.1,10197550.0,167094435.0,346029880.0,0.029470142867430986,-0.3299999999999983,-2.008520998174057,2.678027997565437
2025-03-31,15.94,15.95,15.28,15.9,14335740.0,225978538.0,346029880.0,0.04142919680809068,-0.20000000000000107,-1.2422360248447228,4.161490683229813
2025-04-01,15.84,16.1,15.73,15.82,8172100.0,131248689.0,346029880.0,0.02361674662315289,-0.08000000000000007,-0.5031446540880502,2.327044025157239
2025-04-02,15.78,15.93,15.68,15.8,5862400.0,93733586.0,346029880.0,0.016941889526996916,-0.019999999999999574,-0.12642225031604948,1.580278128950695
2025-04-03,15.56,15.79,15.29,15.38,8302490.0,130016723.0,346029880.0,0.023993563792814657,-0.41999999999999993,-2.658227848101269,3.164556962025316
2025-04-07,13.85,14.34,13.85,13.85,4496500.0,63342583.0,346029880.0,0.012994542552221213,-1.5300000000000011,-9.9479843953186,3.185955786736022
2025-04-08,12.95,13.56,12.47,12.7,19565140.0,252928172.0,346029880.0,0.05654176454357063,-1.1500000000000004,-8.303249097472932,7.8700361010830315
2025-04-09,12.46,13.36,11.44,13.24,21019400.0,267069351.0,346029880.0,0.060744465188959984,0.5400000000000009,4.251968503937009,15.118110236220472
2025-04-10,13.49,14.11,13.48,13.84,18323200.0,256957526.0,346029880.0,0.052952652528157396,0.5999999999999996,4.53172205438066,4.75830815709969
2025-04-11,14.15,15.23,14.15,15.23,13431200.0,202275113.0,346029880.0,0.03881514509671824,1.3900000000000006,10.043352601156075,7.803468208092486
2025-04-14,15.52,15.8,15.1,15.26,36693440.0,571894368.0,346029880.0,0.10604124707380762,0.02999999999999936,0.1969796454366346,4.596191726854899
2025-04-15,15.34,15.5,14.73,14.86,19513240.0,295398077.0,346029880.0,0.056391777496209286,-0.40000000000000036,-2.6212319790301475,5.045871559633025
2025-04-16,14.83,14.84,14.15,14.36,14108100.0,205901263.0,346029880.0,0.04077133454486647,-0.5,-3.364737550471064,4.643337819650064
2025-04-17,14.25,14.58,14.23,14.31,9716140.0,141492984.0,346029880.0,0.028078904631010478,-0.049999999999998934,-0.3481894150417775,2.4373259052924765
2025-04-18,14.44,14.44,14.16,14.26,8231131.0,118876200.0,346029880.0,0.023787341717426254,-0.05000000000000071,-0.34940600978337066,1.9566736547868577
2025-04-21,14.44,14.58,14.18,14.57,10589400.0,154831609.0,346029880.0,0.030602559524628335,0.3100000000000005,2.1739130434782705,2.805049088359049
2025-04-22,14.58,14.69,14.3,14.33,9030200.0,131365567.0,346029880.0,0.02609659027133726,-0.2400000000000002,-1.6472203157172238,2.676733013040486
2025-04-23,14.36,14.75,14.35,14.61,12324120.0,181762182.0,346029880.0,0.03561576821053719,0.27999999999999936,1.9539427773900941,2.7913468248429893
2025-04-24,14.47,14.58,14.06,14.2,10449500.0,150718904.0,346029880.0,0.030198259179236197,-0.41000000000000014,-2.806297056810403,3.559206023271729
2025-04-25,14.1,14.6,14.1,14.26,8406100.0,121559221.0,346029880.0,0.024292988802007504,0.0600000000000005,0.42253521126760507,3.5211267605633805
2025-04-28,14.38,14.44,14.03,14.1,6912800.0,98765217.0,346029880.0,0.0199774655298554,-0.16000000000000014,-1.1220196353436185,2.8751753155680233
2025-04-29,14.1,14.3,13.88,14.21,5731300.0,82094712.0,346029880.0,0.016563020511407858,0.11000000000000121,0.7801418439716379,2.9787234042553186
2025-04-30,15.63,15.63,15.63,15.63,6688980.0,105685884.0,346029880.0,0.019330642775704805,1.42,9.992962702322306,0.0
2025-05-06,17.2,17.2,17.2,17.2,4007700.0,69653826.0,346029880.0,0.0115819477786138,1.5699999999999985,10.044785668586043,0.0
2025-05-07,18.92,18.92,18.59,18.92,42288735.0,807895607.0,346029880.0,0.12221122349318504,1.7200000000000024,10.000000000000009,1.9186046511628017
2025-05-08,18.73,19.49,18.01,18.11,78827054.0,1484612994.0,346029880.0,0.2278041826908127,-0.8100000000000023,-4.281183932346733,7.822410147991526
2025-05-09,18.06,18.2,16.39,16.6,53498101.0,914533446.0,346029880.0,0.15460543754198336,-1.509999999999998,-8.33793484262837,9.994478188845935
2025-05-12,16.8,17.39,16.8,17.05,37036100.0,637862662.0,346029880.0,0.10703150837725343,0.4499999999999993,2.710843373493965,3.5542168674698784
2025-05-13,17.12,17.2,16.66,16.72,24389781.0,415623322.0,346029880.0,0.07048460959498642,-0.33000000000000185,-1.935483870967758,3.1671554252199363
2025-05-14,16.62,18.39,16.62,18.39,33526400.0,597779380.0,346029880.0,0.09688874267158663,1.6700000000000017,9.98803827751198,10.586124401913874
2025-05-15,18.61,19.69,18.4,18.94,79487610.0,1526382144.0,346029880.0,0.2297131392236994,0.5500000000000007,2.9907558455682492,7.014681892332804
2025-05-16,18.5,20.83,18.17,19.7,69026100.0,1383568615.0,346029880.0,0.19948017205912968,0.759999999999998,4.012671594508954,14.044350580781394
2025-05-19,18.92,19.31,18.6,19.07,49701239.0,948820765.0,346029880.0,0.14363279552621294,-0.629999999999999,-3.1979695431472055,3.6040609137055704
2025-05-20,18.9,18.97,18.02,18.13,39443866.0,727937816.0,346029880.0,0.11398976874482632,-0.9400000000000013,-4.929208180388056,4.981646565285786
2025-05-21,17.84,18.13,17.52,17.61,26401000.0,472510141.0,346029880.0,0.07629687933307956,-0.5199999999999996,-2.868174296745718,3.3645890788747903
2025-05-22,17.59,19.37,17.36,18.9,65555300.0,1249611349.0,346029880.0,0.18944982439088787,1.2899999999999991,7.325383304940369,11.41396933560478
2025-05-23,18.14,18.14,17.39,17.49,41563770.0,747315458.0,346029880.0,0.12011612985560668,-1.4100000000000001,-7.460317460317468,3.968253968253969
2025-05-26,17.31,18.45,17.18,18.02,30823499.0,553227196.0,346029880.0,0.08907756463112376,0.5300000000000011,3.0303030303030276,7.261292166952543
2025-05-27,17.84,17.98,17.41,17.76,23198400.0,413378525.0,346029880.0,0.0670416092390634,-0.259999999999998,-1.442841287458374,3.1631520532741417
2025-05-28,17.65,17.98,17.12,17.17,22476399.0,395478858.0,346029880.0,0.06495508133575054,-0.5899999999999999,-3.3220720720720687,4.842342342342339
2025-05-29,16.98,17.5,16.88,17.35,18859100.0,328681020.0,346029880.0,0.054501362714688105,0.17999999999999972,1.048340128130465,3.610949330227146
2025-05-30,17.18,17.23,16.56,16.6,17493200.0,293346081.0,346029880.0,0.0505540157399124,-0.75,-4.322766570605186,3.8616714697406436
2025-06-03,16.45,17.01,16.41,16.8,13180421.0,221322632.0,346029880.0,0.03809041288573114,0.1999999999999993,1.2048192771084265,3.6144578313253093
2025-06-04,16.94,17.13,16.67,16.84,10938021.0,185103654.0,346029880.0,0.0316100476640919,0.03999999999999915,0.23809523809523725,2.7380952380952217
2025-06-05,16.94,17.54,16.71,17.45,26467370.0,457258972.0,346029880.0,0.07648868357842392,0.6099999999999994,3.622327790973867,4.92874109263657
2025-06-06,17.39,17.8,16.95,17.36,24042500.0,417787980.0,346029880.0,0.06948099395347014,-0.08999999999999986,-0.5157593123209181,4.871060171919779
2025-06-09,17.11,17.51,17.11,17.32,14955700.0,259894657.0,346029880.0,0.043220833992717624,-0.03999999999999915,-0.23041474654377225,2.3041474654378002
2025-06-10,17.37,17.42,16.51,16.78,19473100.0,329493315.0,346029880.0,0.05627577595322115,-0.5399999999999991,-3.117782909930711,5.2540415704388
2025-06-11,16.76,16.96,16.7,16.82,9239000.0,156058339.0,346029880.0,0.026700006369392147,0.03999999999999915,0.23837902264600697,1.5494636471990557
2025-06-12,16.83,16.86,16.57,16.7,8393200.0,140674882.0,346029880.0,0.024255708784455262,-0.120000000000001,-0.7134363852556502,1.7241379310344775
2025-06-13,16.55,16.66,16.11,16.17,12744100.0,208310487.0,346029880.0,0.03682947842538916,-0.5299999999999976,-3.1736526946107624,3.293413173652699
2025-06-16,15.98,16.5,15.98,16.39,7889400.0,129401272.0,346029880.0,0.022799765153228964,0.21999999999999886,1.3605442176870763,3.2158317872603557
2025-06-17,16.33,16.45,16.16,16.26,6735130.0,109846913.0,346029880.0,0.019464012760978908,-0.129999999999999,-0.7931665649786424,1.769371568029281
2025-06-18,16.15,16.32,16.01,16.26,6230400.0,100963264.0,346029880.0,0.018005381500580238,0.0,0.0,1.9065190651906438
2025-06-19,16.1,16.28,15.78,15.83,8185600.0,131290898.0,346029880.0,0.023655760595009886,-0.4300000000000015,-2.6445264452644612,3.075030750307514
2025-06-20,15.76,16.11,15.67,15.75,6593200.0,104809612.0,346029880.0,0.019053845870189014,-0.08000000000000007,-0.5053695514845247,2.7795325331648737
2025-06-23,15.54,15.98,15.35,15.93,6874800.0,109225608.0,346029880.0,0.019867648423887555,0.17999999999999972,1.1428571428571344,4.000000000000005
2025-06-24,15.94,16.39,15.94,16.3,10602840.0,173187033.0,346029880.0,0.030641400101054858,0.370000000000001,2.322661644695545,2.8248587570621533
2025-06-25,16.39,16.62,16.23,16.49,11051900.0,182211894.0,346029880.0,0.03193914930121063,0.18999999999999773,1.1656441717791344,2.3926380368098195
2025-06-26,16.46,16.82,16.35,16.47,12491400.0,207647351.0,346029880.0,0.036099194670703,-0.019999999999999574,-0.12128562765312267,2.8502122498483864
2025-06-27,16.39,16.75,16.37,16.65,11484300.0,191253487.0,346029880.0,0.03318875237017104,0.17999999999999972,1.0928961748633892,2.3072252580449244
2025-06-30,16.75,17.05,16.6,16.86,14268700.0,240781094.0,346029880.0,0.04123545631377267,0.21000000000000085,1.2612612612612706,2.7027027027026986
2025-07-01,16.86,16.92,16.63,16.77,10505399.0,176543966.0,346029880.0,0.030359803032038737,-0.08999999999999986,-0.5338078291814985,1.7200474495848321
2025-07-02,16.72,16.72,16.41,16.5,8024100.0,133080003.0,346029880.0,0.023189037894646554,-0.2699999999999996,-1.610017889087656,1.8485390578413758
2025-07-03,16.45,16.6,16.38,16.54,5581102.0,92374679.0,346029880.0,0.016128959730298435,0.03999999999999915,0.24242424242424399,1.333333333333348
2025-07-04,16.53,16.64,16.32,16.32,6514200.0,107310205.0,346029880.0,0.018825541886729552,-0.21999999999999886,-1.3301088270858408,1.9347037484885148
2025-07-07,15.75,16.13,15.61,16.1,10128400.0,162171248.0,346029880.0,0.029270304633807923,-0.21999999999999886,-1.3480392156862697,3.1862745098039187
2025-07-08,16.26,16.3,15.97,16.17,6569000.0,106188873.0,346029880.0,0.018983909713230544,0.07000000000000028,0.43478260869564966,2.049689440993789
2025-07-09,16.18,16.45,16.14,16.18,8157100.0,133326049.0,346029880.0,0.023573397765534004,0.00999999999999801,0.061842918985766104,1.9171304885590517
2025-07-10,16.12,16.2,15.99,16.08,5572900.0,89867530.0,346029880.0,0.016105256574952428,-0.10000000000000142,-0.6180469715698522,1.2978986402966568
2025-07-11,16.15,16.2,15.91,16.18,7288700.0,117431362.0,346029880.0,0.021063787901784668,0.10000000000000142,0.6218905472636926,1.8034825870646716
2025-07-14,16.17,16.47,16.16,16.4,7368100.0,120859247.0,346029880.0,0.021293247854780633,0.21999999999999886,1.3597033374536327,1.9159456118664941
2025-07-15,16.46,16.5,16.17,16.32,7196200.0,117649265.0,346029880.0,0.020796469946468207,-0.0799999999999983,-0.4878048780487698,2.0121951219512093
2025-07-16,16.28,17.95,16.28,17.95,21953120.0,388965014.0,346029880.0,0.06344284487802036,1.629999999999999,9.987745098039213,10.232843137254891
2025-07-17,18.24,19.75,18.24,19.75,77175872.0,1458012009.0,346029880.0,0.22303239246275494,1.8000000000000007,10.027855153203348,8.412256267409479
2025-07-18,19.74,19.74,18.62,18.64,63193789.0,1201602868.0,346029880.0,0.18262523745059242,-1.1099999999999994,-5.620253164556955,5.670886075949355
2025-07-21,18.71,19.04,18.33,18.55,41958412.0,783305665.0,346029880.0,0.12125661518016884,-0.08999999999999986,-0.4828326180257525,3.8090128755364856
2025-07-22,18.36,18.5,17.99,18.05,32035022.0,583224085.0,346029880.0,0.09257877383305742,-0.5,-2.695417789757415,2.7493261455525686
2025-07-23,17.97,18.19,17.78,17.86,22274000.0,401464645.0,346029880.0,0.06437016364020355,-0.19000000000000128,-1.0526315789473717,2.271468144044322
2025-07-24,17.85,17.99,17.73,17.94,17224300.0,308749981.0,346029880.0,0.04977691521899785,0.08000000000000185,0.44792833146698463,1.455767077267626
2025-07-25,18.09,18.11,17.64,17.67,17013230.0,303120033.0,346029880.0,0.04916693899382331,-0.2699999999999996,-1.5050167224080258,2.619843924191744
2025-07-28,17.68,17.91,17.64,17.87,17198300.0,307423549.0,346029880.0,0.049701777199125115,0.1999999999999993,1.1318619128466212,1.5280135823429515
2025-07-29,17.88,18.17,17.65,17.96,20700702.0,372566770.0,346029880.0,0.059823452240598415,0.08999999999999986,0.5036373810856087,2.909904868494701
2025-07-30,17.97,18.0,17.32,17.42,17588951.0,309838773.0,346029880.0,0.0508307288376368,-0.5399999999999991,-3.0066815144766057,3.7861915367483276
2025-07-31,17.27,17.51,17.17,17.21,12153000.0,211844844.0,346029880.0,0.03512124444282095,-0.21000000000000085,-1.2055109070034487,1.9517795637198612
2025-08-01,17.21,17.31,16.95,17.16,9197400.0,157879744.0,346029880.0,0.02657978553759577,-0.05000000000000071,-0.29052876234747504,2.0918070889017977
2025-08-04,16.97,17.35,16.94,17.34,7507801.0,129532137.0,346029880.0,0.021696973105328362,0.17999999999999972,1.0489510489510412,2.38927738927739
2025-08-05,17.38,17.87,17.31,17.8,18215500.0,322211516.0,346029880.0,0.052641407730453796,0.46000000000000085,2.6528258362168433,3.2295271049596437
2025-08-06,17.78,17.91,17.54,17.84,15387500.0,274262708.0,346029880.0,0.04446870310737327,0.03999999999999915,0.22471910112358273,2.0786516853932637
2025-08-07,17.89,17.89,17.54,17.73,13099250.0,232219131.0,346029880.0,0.0378558348776123,-0.10999999999999943,-0.6165919282511201,1.9618834080717569
2025-08-08,17.65,17.65,17.35,17.35,10442420.0,182770417.0,346029880.0,0.030177798518440085,-0.379999999999999,-2.1432600112803124,1.6920473773265492
2025-08-11,17.34,17.62,17.34,17.6,8776000.0,154175620.0,346029880.0,0.025361971630889216,0.25,1.4409221902017322,1.6138328530259431
2025-08-12,17.6,17.6,17.3,17.46,8845099.0,154504832.0,346029880.0,0.025561662478396373,-0.14000000000000057,-0.7954545454545436,1.7045454545454586
2025-08-13,17.45,18.69,17.42,18.43,43599160.0,800261126.0,346029880.0,0.1259982519428669,0.9699999999999989,5.555555555555558,7.273768613974798
2025-08-14,18.25,18.34,17.78,17.87,25521000.0,461266037.0,346029880.0,0.07375374635277161,-0.5599999999999987,-3.038524145415078,3.038524145415077
2025-08-15,17.66,18.04,17.65,18.0,15655700.0,281240496.0,346029880.0,0.04524378068159894,0.129999999999999,0.7274762171236571,2.182428651371016
2025-08-18,18.06,18.88,17.97,18.78,35134230.0,651003102.0,346029880.0,0.10153524892127813,0.7800000000000011,4.333333333333345,5.055555555555556
2025-08-19,18.69,18.85,18.35,18.61,26343600.0,492319712.0,346029880.0,0.0761309977045913,-0.1700000000000017,-0.9052183173589023,2.662406815761448
2025-08-20,18.67,18.74,18.34,18.58,15939300.0,295790561.0,346029880.0,0.04606336308298,-0.030000000000001137,-0.1612036539494932,2.1493820526598526
2025-08-21,18.58,18.63,18.17,18.31,14738500.0,271643118.0,346029880.0,0.04259314253439616,-0.2699999999999996,-1.4531754574811595,2.4757804090419664
2025-08-22,18.4,18.49,18.29,18.43,15652050.0,288661172.0,346029880.0,0.045233232459578346,0.120000000000001,0.6553795740032786,1.0922992900054578
2025-08-25,18.6,18.84,18.39,18.56,22629250.0,421216098.0,346029880.0,0.06539680908481083,0.129999999999999,0.7053716766142193,2.441671188279974
2025-08-26,18.56,18.56,18.34,18.37,13874600.0,256581692.0,346029880.0,0.04009653732793249,-0.18999999999999773,-1.0237068965517127,1.1853448275862009
2025-08-27,18.39,18.51,17.59,17.64,19317500.0,352105648.0,346029880.0,0.055826103803521245,-0.7300000000000004,-3.9738704409363113,5.008165487207412
2025-08-28,17.58,17.79,16.75,17.49,19581800.0,339896797.0,346029880.0,0.05658991067476601,-0.15000000000000213,-0.8503401360544394,5.89569160997732
2025-08-29,17.47,17.54,17.2,17.24,10231399.0,177848483.0,346029880.0,0.029567963899533763,-0.25,-1.4293882218410547,1.94396798170383
2025-09-01,17.24,17.54,17.23,17.49,9073040.0,158578929.0,346029880.0,0.0262203946086968,0.25,1.450116009280733,1.7981438515081134
2025-09-02,17.38,17.52,16.62,16.97,13264990.0,226199653.0,346029880.0,0.03833481085506257,-0.5199999999999996,-2.9731275014293845,5.14579759862778
2025-09-03,17.2,17.2,16.33,16.44,9448600.0,158573550.0,346029880.0,0.027305734406520038,-0.5299999999999976,-3.123158515026503,5.126694166175611
2025-09-04,16.49,16.74,16.19,16.46,10270820.0,170549695.0,346029880.0,0.029681887587280034,0.019999999999999574,0.12165450121655041,3.3454987834549708
2025-09-05,16.46,16.83,16.4,16.81,8331450.0,139553419.0,346029880.0,0.024077255987257518,0.34999999999999787,2.1263669501822458,2.612393681652489
2025-09-08,16.81,16.89,16.66,16.87,7254740.0,122396053.0,346029880.0,0.02096564608813551,0.060000000000002274,0.35693039857229714,1.3682331945270698
2025-09-09,16.89,16.89,16.52,16.62,6426940.0,107405089.0,346029880.0,0.018573367132341288,-0.25,-1.4819205690574933,2.1932424422051033
2025-09-10,16.72,16.72,16.48,16.56,4821904.0,80099215.0,346029880.0,0.013934935329862265,-0.060000000000002274,-0.361010830324926,1.4440433212996295
2025-09-11,16.55,16.89,16.39,16.88,8614100.0,144383502.0,346029880.0,0.02489409296098938,0.3200000000000003,1.9323671497584627,3.0193236714975846
2025-09-12,16.87,16.97,16.5,16.65,11317729.0,190184901.0,346029880.0,0.03270737486600868,-0.23000000000000043,-1.3625592417061627,2.784360189573453
2025-09-15,16.66,16.94,16.45,16.58,9323640.0,155288383.0,346029880.0,0.02694460952331631,-0.07000000000000028,-0.4204204204204198,2.942942942942955
2025-09-16,16.58,16.74,16.48,16.74,8009469.0,133539965.0,346029880.0,0.023146755418925094,0.16000000000000014,0.965018094089265,1.5681544028950425
2025-09-17,16.71,16.94,16.62,16.82,8582500.0,144831539.0,346029880.0,0.024802771367605597,0.08000000000000185,0.4778972520908198,1.911589008363204
2025-09-18,16.71,16.98,16.33,16.49,13004080.0,218291690.0,346029880.0,0.03758080082563968,-0.33000000000000185,-1.9619500594530437,3.8644470868014396
2025-09-19,16.49,16.65,16.16,16.26,8379900.0,137345946.0,346029880.0,0.024217272797366518,-0.22999999999999687,-1.3947847180108996,2.971497877501507
2025-09-22,16.26,16.4,16.07,16.28,6258400.0,101665343.0,346029880.0,0.01808629936813549,0.019999999999999574,0.12300123001229846,2.029520295202941
2025-09-23,16.22,16.33,15.8,16.13,8243400.0,132305329.0,346029880.0,0.02382279819303466,-0.15000000000000213,-0.9213759213759332,3.2555282555282403
2025-09-24,16.14,16.37,15.9,16.33,6657900.0,108143467.0,346029880.0,0.019240823942718473,0.1999999999999993,1.239925604463732,2.913825170489775
2025-09-25,16.35,16.44,16.2,16.25,5894420.0,96511299.0,346029880.0,0.01703442488839403,-0.0799999999999983,-0.48989589712185033,1.4696876913655972
2025-09-26,16.22,16.27,15.97,15.97,5467220.0,88253653.0,346029880.0,0.015799849423408174,-0.27999999999999936,-1.723076923076916,1.8461538461538398
2025-09-29,16.01,16.1,15.74,15.96,5824497.0,93111053.0,346029880.0,0.016832352743641678,-0.009999999999999787,-0.06261740763932044,2.254226675015662
2025-09-30,15.96,16.08,15.9,15.94,4380300.0,70226098.0,346029880.0,0.012658733401866913,-0.02000000000000135,-0.12531328320802837,1.1278195488721676
2025-10-09,15.99,16.19,15.9,16.15,6018700.0,97057263.0,346029880.0,0.017393584623385704,0.20999999999999908,1.3174404015056318,1.8193224592220887
2025-10-10,16.14,16.33,15.99,16.08,5469960.0,88528227.0,346029880.0,0.015807767814733226,-0.07000000000000028,-0.43343653250774716,2.105263157894725
2025-10-13,15.38,16.02,15.13,15.95,6430360.0,101091255.0,346029880.0,0.018583250671878392,-0.129999999999999,-0.8084577114427782,5.534825870646759
2025-10-14,15.97,16.25,15.79,15.84,6328360.0,101523400.0,346029880.0,0.018288478440069974,-0.10999999999999943,-0.6896551724137945,2.8840125391849587
2025-10-15,15.83,16.14,15.66,16.13,6175400.0,98702045.0,346029880.0,0.01784643568931099,0.28999999999999915,1.8308080808080662,3.030303030303033
2025-10-16,16.1,16.11,15.78,15.81,5154100.0,82231099.0,346029880.0,0.014894956470233148,-0.3199999999999985,-1.98388096714196,2.0458772473651585
2025-10-17,15.81,15.85,15.28,15.29,6056100.0,94332817.0,346029880.0,0.01750166777504879,-0.5200000000000014,-3.28905755850728,3.605313092979129
2025-10-20,15.42,15.7,15.42,15.58,4873700.0,76141534.0,346029880.0,0.014084621825144118,0.2900000000000009,1.8966644865925586,1.8312622629169353
2025-10-21,15.68,15.72,15.48,15.71,4394100.0,69015185.0,346029880.0,0.012698614350876289,0.13000000000000078,0.8344030808729253,1.5404364569961502
2025-10-22,15.62,15.91,15.6,15.83,3703486.0,58673170.0,346029880.0,0.010702792487169027,0.11999999999999922,0.7638446849140612,1.9732654360280106
2025-10-23,15.74,15.85,15.54,15.82,3860286.0,60693830.0,346029880.0,0.011155932545478442,-0.009999999999999787,-0.06317119393556281,1.9583070120025299
2025-10-24,15.82,15.98,15.79,15.89,4125714.0,65817318.0,346029880.0,0.011922999250816144,0.07000000000000028,0.4424778761062065,1.2010113780025364
2025-10-27,15.93,16.05,15.86,15.99,4361700.0,69857395.0,346029880.0,0.012604980818419495,0.09999999999999964,0.6293266205160464,1.195720578980499
2025-10-28,15.91,16.1,15.83,16.05,4743800.0,76194453.0,346029880.0,0.01370922071816457,0.0600000000000005,0.37523452157599557,1.6885553470919408
2025-10-29,16.05,16.07,15.92,16.01,4083214.0,65478373.0,346029880.0,0.011800177487562635,-0.03999999999999915,-0.24922118380061864,0.9345794392523387
2025-10-30,16.03,16.04,15.77,15.78,4731500.0,75438078.0,346029880.0,0.013673674654917084,-0.2300000000000022,-1.4366021236727144,1.6864459712679545
2025-10-31,15.76,15.95,15.75,15.86,3933800.0,62710540.0,346029880.0,0.01136838240674476,0.08000000000000007,0.5069708491761693,1.2674271229404266
2025-11-03,15.87,16.74,15.87,16.45,16432525.0,270508613.0,346029880.0,0.047488745769584985,0.5899999999999999,3.7200504413619218,5.485498108448923
2025-11-04,16.46,16.51,16.05,16.17,8655200.0,140620267.0,346029880.0,0.025012868830865127,-0.2799999999999976,-1.7021276595744483,2.796352583586631
2025-11-05,16.01,16.25,15.96,16.18,5524717.0,89657186.0,346029880.0,0.015966011374509044,0.00999999999999801,0.061842918985766104,1.7934446505875021
2025-11-06,16.17,16.28,16.04,16.11,5176720.0,83604619.0,346029880.0,0.014960326547522428,-0.07000000000000028,-0.4326328800988932,1.4833127317676267
2025-11-07,16.08,16.11,15.97,15.98,3827800.0,61522995.0,346029880.0,0.011062050479571301,-0.129999999999999,-0.8069522036002419,0.8690254500310292
2025-11-10,16.05,16.07,15.88,15.94,4146900.0,66230919.0,346029880.0,0.011984225177317056,-0.040000000000000924,-0.25031289111390187,1.1889862327909857
2025-11-11,15.97,16.19,15.94,16.12,4854704.0,78352647.0,346029880.0,0.01402972483185556,0.1800000000000015,1.129234629861986,1.5683814303638757
2025-11-12,16.18,16.19,15.63,15.65,7279604.0,115127830.0,346029880.0,0.021037501154524574,-0.47000000000000064,-2.9156327543424343,3.4739454094292834
2025-11-13,15.65,15.73,15.47,15.68,3796291.0,59482271.0,346029880.0,0.010970991869257072,0.02999999999999936,0.191693290734829,1.6613418530351425
2025-11-14,15.64,15.8,15.56,15.66,3295600.0,51966707.0,346029880.0,0.009524033011253248,-0.019999999999999574,-0.12755102040815647,1.5306122448979604
2025-11-17,15.64,15.8,15.64,15.77,2948000.0,46534823.0,346029880.0,0.00851949548403161,0.10999999999999943,0.7024265644955285,1.0217113665389537
2025-11-18,15.76,15.77,15.56,15.67,2758800.0,43296250.0,346029880.0,0.007972721893265403,-0.09999999999999964,-0.6341154090044321,1.3316423589093156
2025-11-19,15.66,15.72,15.31,15.32,4615700.0,71361236.0,346029880.0,0.013339021474099289,-0.34999999999999964,-2.233567326100827,2.6164645820038297
2025-11-20,15.32,15.4,14.97,15.07,4095635.0,62200989.0,346029880.0,0.011836073231594912,-0.25,-1.6318537859007831,2.806788511749345
2025-11-21,14.95,15.13,14.51,14.56,5933420.0,87745540.0,346029880.0,0.017147131918203135,-0.5099999999999998,-3.3842070338420682,4.114134041141347
2025-11-24,14.56,14.93,14.55,14.89,3920997.0,58092359.0,346029880.0,0.01133138271180512,0.33000000000000007,2.2664835164835084,2.609890109890103
2025-11-25,14.95,15.19,14.87,15.04,3108220.0,47029597.0,346029880.0,0.00898251908187813,0.14999999999999858,1.0073875083948858,2.1490933512424464
2025-11-26,14.95,15.14,14.82,14.86,3099020.0,46562961.0,346029880.0,0.008955931782538548,-0.17999999999999972,-1.196808510638292,2.1276595744680873
2025-11-27,14.78,14.93,14.78,14.79,2309500.0,34414222.0,346029880.0,0.006674279111387722,-0.07000000000000028,-0.4710632570659512,1.0094212651413212
2025-11-28,14.8,14.97,14.75,14.97,2953504.0,44184245.0,346029880.0,0.0085354016248539,0.1800000000000015,1.217038539553772,1.4874915483434799
2025-12-01,14.94,15.2,14.93,15.16,3427300.0,52009805.0,346029880.0,0.009904635981147061,0.1899999999999995,1.2692050768203123,1.8036072144288546
2025-12-02,15.15,15.16,14.94,14.96,2797200.0,42081649.0,346029880.0,0.008083694968769749,-0.1999999999999993,-1.319261213720313,1.4511873350923525
2025-12-03,14.99,15.07,14.76,14.8,2741359.0,40864960.0,346029880.0,0.007922318731550004,-0.16000000000000014,-1.0695187165775444,2.072192513368987
2025-12-04,14.8,14.99,14.65,14.82,3329003.0,49562658.0,346029880.0,0.009620565137322823,0.019999999999999574,0.13513513513512265,2.2972972972972965
2025-12-05,14.82,15.0,14.69,15.0,2615103.0,39010346.0,346029880.0,0.007557448507048004,0.17999999999999972,1.2145748987854255,2.091767881241569
2025-12-08,15.02,15.15,15.02,15.13,3015200.0,45688536.0,346029880.0,0.008713698366164218,0.13000000000000078,0.8666666666666822,0.8666666666666718
2025-12-09,15.16,15.24,15.03,15.05,3495150.0,53087033.0,346029880.0,0.010100717313776486,-0.08000000000000007,-0.5287508261731633,1.3879709187045661
2025-12-10,15.05,15.05,14.85,14.96,2974360.0,44592950.0,346029880.0,0.008595673876487199,-0.08999999999999986,-0.5980066445182675,1.3289036544850568
2025-12-11,15.04,15.1,14.72,14.75,3414620.0,50889938.0,346029880.0,0.009867991746839897,-0.21000000000000085,-1.4037433155080326,2.540106951871651
2025-12-12,14.94,15.05,14.76,14.92,4213500.0,63146192.0,346029880.0,0.012176694105144908,0.16999999999999993,1.15254237288136,1.9661016949152603
2025-12-15,15.07,15.11,14.8,14.92,3164040.0,47532999.0,346029880.0,0.00914383463069721,0.0,0.0,2.077747989276131
2025-12-16,15.0,15.02,14.7,14.72,3931100.0,58365240.0,346029880.0,0.01136057961237336,-0.1999999999999993,-1.3404825737265313,2.1447721179624684
2025-12-17,14.78,15.05,14.32,14.65,5988220.0,87611009.0,346029880.0,0.017305499744704127,-0.07000000000000028,-0.47554347826087584,4.959239130434785
2025-12-18,14.6,14.83,14.44,14.61,3941399.0,58125945.0,346029880.0,0.011390342938014487,-0.040000000000000924,-0.27303754266212454,2.662116040955635
2025-12-19,14.66,14.85,14.66,14.78,3226740.0,47826622.0,346029880.0,0.009325032855544152,0.16999999999999993,1.163586584531151,1.3004791238877447
2025-12-22,14.88,14.88,14.72,14.77,2963800.0,43997276.0,346029880.0,0.008565156280723503,-0.009999999999999787,-0.06765899864681346,1.0825439783491213
2025-12-23,14.76,14.76,14.49,14.53,3825600.0,56001143.0,346029880.0,0.011055692647120531,-0.2400000000000002,-1.6249153689911977,1.8280297901150953
2025-12-24,14.54,14.7,14.48,14.7,3434300.0,50501043.0,346029880.0,0.009924865448035875,0.16999999999999993,1.169993117687551,1.5141087405368125
2025-12-25,14.75,15.0,14.7,14.99,4710580.0,70417544.0,346029880.0,0.013613217448157945,0.2900000000000009,1.9727891156462674,2.040816326530617
2025-12-26,15.04,15.05,14.79,14.86,3703840.0,55402322.0,346029880.0,0.010703815520208833,-0.13000000000000078,-0.8672448298865931,1.7344896597731925
2025-12-29,14.83,14.96,14.77,14.9,3064900.0,45835429.0,346029880.0,0.00885732758107479,0.040000000000000924,0.2691790040376896,1.2786002691790126
2025-12-30,14.9,15.05,14.8,14.94,3426400.0,51450594.0,346029880.0,0.00990203504968993,0.03999999999999915,0.26845637583892135,1.6778523489932886
2025-12-31,15.14,15.15,14.81,14.99,5062400.0,75861237.0,346029880.0,0.014629950453989696,0.05000000000000071,0.33467202141901353,2.2757697456492627
2026-01-05,14.98,15.14,14.93,15.12,5343200.0,80880870.0,346029880.0,0.01544144106861523,0.129999999999999,0.867244829886582,1.4009339559706528
2026-01-06,15.12,15.26,15.08,15.24,5480500.0,83488749.0,346029880.0,0.015838227612020094,0.120000000000001,0.7936507936507908,1.1904761904761887
2026-01-07,15.24,15.24,15.02,15.03,4696246.0,71194631.0,346029880.0,0.013571793279817338,-0.21000000000000085,-1.3779527559055205,1.4435695538057784
2026-01-08,15.03,15.4,15.01,15.26,6338720.0,97162884.0,346029880.0,0.018318418051065415,0.23000000000000043,1.5302727877578137,2.594810379241521
2026-01-09,15.26,15.71,15.26,15.58,10558414.0,164038562.0,346029880.0,0.030513012344483083,0.3200000000000003,2.096985583224109,2.9488859764089193
2026-01-12,15.6,16.05,15.52,16.04,12459200.0,197470854.0,346029880.0,0.036006139123014466,0.4599999999999991,2.9525032092426073,3.401797175866503
2026-01-13,15.95,15.99,15.41,15.46,10690800.0,168036473.0,346029880.0,0.030895597802132,-0.5799999999999983,-3.6159600997506147,3.6159600997506236
2026-01-14,15.47,15.89,15.44,15.62,9383263.0,147416904.0,346029880.0,0.027116915452503696,0.15999999999999837,1.0349288486416475,2.910737386804664
2026-01-15,15.53,15.7,15.41,15.58,5377830.0,83905722.0,346029880.0,0.015541519131238031,-0.03999999999999915,-0.2560819462227859,1.8565941101152315
2026-01-16,15.58,15.67,15.35,15.5,5397940.0,83759487.0,346029880.0,0.01559963549968575,-0.08000000000000007,-0.5134788189987138,2.0539152759948673
2026-01-19,15.43,15.61,15.37,15.53,4793740.0,74637165.0,346029880.0,0.013853543514797046,0.02999999999999936,0.1935483870967758,1.5483870967741948
2026-01-20,15.53,15.76,15.42,15.7,7560524.0,118329450.0,346029880.0,0.02184933856001106,0.16999999999999993,1.0946555054732743,2.189311010946554
2026-01-21,15.68,15.84,15.42,15.74,6223456.0,97677126.0,346029880.0,0.017985313869426537,0.040000000000000924,0.2547770700636942,2.6751592356687897
2026-01-22,15.79,15.95,15.76,15.78,6974286.0,110848036.0,346029880.0,0.020155155387159052,0.03999999999999915,0.2541296060990961,1.2071156289707718
2026-01-23,15.85,15.9,15.74,15.9,6159435.0,97741443.0,346029880.0,0.017800298055185293,0.120000000000001,0.7604562737642651,1.0139416983523457
2026-01-26,15.89,15.97,15.49,15.66,5927366.0,93313780.0,346029880.0,0.01712963631926815,-0.2400000000000002,-1.5094339622641506,3.0188679245283043
2026-01-27,15.6,15.68,15.18,15.61,5832300.0,90191279.0,346029880.0,0.01685490281937502,-0.05000000000000071,-0.31928480204342913,3.1928480204342273
2026-01-28,15.56,16.19,15.55,15.92,11397860.0,182330272.0,346029880.0,0.03293894735333261,0.3100000000000005,1.985906470211396,4.099935938500964
2026-01-29,15.87,15.9,15.48,15.51,7526030.0,118419193.0,346029880.0,0.02174965352703067,-0.41000000000000014,-2.575376884422109,2.638190954773869
2026-01-30,15.39,15.65,15.35,15.54,4671800.0,72623609.0,346029880.0,0.01350114620159392,0.02999999999999936,0.19342359767891004,1.934235976789173
2026-02-02,15.55,15.88,15.38,15.52,6219100.0,97558077.0,346029880.0,0.017972725361174013,-0.019999999999999574,-0.12870012870012104,3.2175032175032174
2026-02-03,15.59,15.82,15.51,15.82,4947250.0,78027130.0,346029880.0,0.01429717572366872,0.3000000000000007,1.9329896907216648,1.9974226804123745
2026-02-04,15.85,16.27,15.82,15.97,9479520.0,152765507.0,346029880.0,0.027395090851691766,0.15000000000000036,0.9481668773704266,2.8445006321112474
2026-02-05,15.88,15.95,15.66,15.67,4862920.0,76939024.0,346029880.0,0.014053468446135345,-0.3000000000000007,-1.8785222291797132,1.8159048215403828
2026-02-06,15.57,15.9,15.5,15.75,3834600.0,60579721.0,346029880.0,0.011081701961691863,0.08000000000000007,0.51052967453733,2.5526483726866647
2026-02-09,15.94,16.11,15.86,16.07,5979400.0,96092602.0,346029880.0,0.017280010616424223,0.3200000000000003,2.031746031746029,1.5873015873015872
2026-02-10,16.12,16.32,15.95,16.17,6881700.0,111735905.0,346029880.0,0.019887588898392244,0.10000000000000142,0.6222775357809684,2.3024268823895517
2026-02-11,16.07,16.44,16.06,16.24,7380046.0,120702010.0,346029880.0,0.021327770884988315,0.06999999999999673,0.43290043290040714,2.3500309214595085
2026-02-12,16.31,16.4,16.15,16.32,6214920.0,101724730.0,346029880.0,0.017960645479517548,0.08000000000000185,0.49261083743843415,1.539408866995074
2026-02-13,16.25,16.46,16.24,16.35,7018600.0,115355912.0,346029880.0,0.020283219472260604,0.030000000000001137,0.18382352941177516,1.3480392156862893
2026-02-24,16.45,16.6,16.33,16.6,9673100.0,160416383.0,346029880.0,0.02795452230888269,0.25,1.5290519877675823,1.6513761467890096
2026-02-25,16.54,16.9,16.45,16.9,16108713.0,269874373.0,346029880.0,0.04655295375069922,0.29999999999999716,1.8072289156626287,2.7108433734939714
2026-02-26,16.76,17.13,16.76,17.07,16671496.0,284586550.0,346029880.0,0.04817935375985449,0.1700000000000017,1.0059171597633254,2.1893491124260205
2026-02-27,16.95,17.74,16.89,17.65,23350769.0,409928591.0,346029880.0,0.0674819440448322,0.5799999999999983,3.397773872290566,4.979496192149958
2026-03-02,17.29,17.84,17.27,17.57,23561244.0,415630086.0,346029880.0,0.06809020076532118,-0.0799999999999983,-0.45325779036826663,3.229461756373939
2026-03-03,17.58,18.13,17.27,17.3,24417544.0,431658303.0,346029880.0,0.0705648425505913,-0.2699999999999996,-1.5367103016505346,4.894706886738756
2026-03-04,16.96,17.73,16.94,17.62,21405261.0,373895593.0,346029880.0,0.06185957409227203,0.3200000000000003,1.8497109826589586,4.566473988439301
2026-03-05,17.76,17.84,17.47,17.58,14557800.0,256952585.0,346029880.0,0.04207093329628066,-0.0400000000000027,-0.227014755959154,2.099886492622026
2026-03-06,17.59,17.79,17.25,17.37,13136105.0,231198581.0,346029880.0,0.03796234302078191,-0.2099999999999973,-1.1945392491467421,3.071672354948801
2026-03-09,17.13,19.11,17.07,19.11,29993170.0,553214164.0,346029880.0,0.086677977057935,1.7399999999999984,10.017271157167528,11.744386873920547
2026-03-10,19.34,20.23,19.26,19.86,56578283.0,1122096724.0,346029880.0,0.16350692893920027,0.75,3.9246467817896313,5.075876504447927
2026-03-11,19.85,20.23,19.66,20.1,37324500.0,745059678.0,346029880.0,0.10786496241307253,0.240000000000002,1.2084592145015227,2.8700906344410893
2026-03-12,19.91,19.99,19.24,19.39,26106100.0,509500996.0,346029880.0,0.07544464079229227,-0.7100000000000009,-3.5323383084577165,3.731343283582089
2026-03-13,19.17,19.52,18.45,19.14,20191994.0,385644094.0,346029880.0,0.058353324863159216,-0.25,-1.2893243940175325,5.51830840639505
2026-03-16,18.85,19.89,18.85,19.62,22608014.0,444790979.0,346029880.0,0.06533543866211786,0.4800000000000004,2.5078369905956244,5.433646812957154
2026-03-17,19.42,21.5,19.42,20.83,41200657.0,860670325.0,346029880.0,0.1190667609398356,1.2099999999999973,6.167176350662573,10.601427115188573
2026-03-18,20.83,21.81,20.54,21.36,37105824.0,793751984.0,346029880.0,0.10723300542716138,0.5300000000000011,2.5444071051368367,6.096975516082572
2026-03-19,20.93,21.78,20.85,21.52,28506744.0,610235349.0,346029880.0,0.0823823191222677,0.16000000000000014,0.7490636704119868,4.3539325842696615
2026-03-20,21.56,23.17,21.34,22.89,36110644.0,817777637.0,346029880.0,0.10435701101881723,1.370000000000001,6.36617100371748,8.503717472118968
2026-03-23,21.93,23.8,21.53,22.66,35455419.0,809071240.0,346029880.0,0.10246346066992827,-0.23000000000000043,-1.004805591961555,9.916994320664044
2026-03-24,22.71,23.62,22.13,23.43,34910044.0,797075852.0,346029880.0,0.10088736845500162,0.7699999999999996,3.398058252427183,6.575463371579886
2026-03-25,23.2,25.78,23.0,25.78,32921932.0,813867400.0,346029880.0,0.09514187618710847,2.3500000000000014,10.029876227059331,11.865130174989334
2026-03-26,25.78,26.91,23.19,23.19,55909156.0,1370847323.0,346029880.0,0.16157320286907015,-2.59,-10.046547711404186,14.429790535298675
2026-03-27,22.45,24.91,21.87,24.34,47819686.0,1136755942.0,346029880.0,0.1381952506529205,1.1499999999999986,4.959034066407919,13.109098749460971
2026-03-30,23.78,24.71,23.48,24.33,32026380.0,775496601.0,346029880.0,0.09255379911122126,-0.010000000000001563,-0.041084634346755244,5.053410024650782
2026-03-31,24.24,26.76,24.1,26.41,54768610.0,1413178582.0,346029880.0,0.15827711179161752,2.080000000000002,8.549116317303751,10.933004521167284
2026-04-01,25.97,29.06,25.92,29.06,51739386.0,1450278807.0,346029880.0,0.1495228851335035,2.6499999999999986,10.034078000757285,11.889435819765229
2026-04-02,27.96,30.76,26.47,29.39,53051687.0,1483965625.0,346029880.0,0.15331533508031156,0.33000000000000185,1.1355815554026316,14.762560220234008
2026-04-03,28.9,29.7,27.75,28.02,32698420.0,937807069.0,346029880.0,0.09449594352950098,-1.370000000000001,-4.6614494726097355,6.634909833276622
2026-04-07,27.9,29.26,26.3,28.69,32726360.0,922449860.0,346029880.0,0.09457668800162576,0.6700000000000017,2.3911491791577477,10.563882940756605
2026-04-08,29.2,29.53,27.22,28.08,34112240.0,963805727.0,346029880.0,0.09858177565474982,-0.610000000000003,-2.1261763680725076,8.051585918438487
2026-04-09,27.36,27.56,25.96,27.02,33912919.0,912223296.0,346029880.0,0.09800575314478623,-1.0599999999999987,-3.774928774928765,5.698005698005691
2026-04-10,27.41,27.51,26.02,26.75,27070840.0,725938966.0,346029880.0,0.07823266591890851,-0.2699999999999996,-0.999259807549957,5.514433752775729
2026-04-13,26.68,27.31,25.72,25.91,27433500.0,727202531.0,346029880.0,0.0792807256991795,-0.8399999999999999,-3.140186915887855,5.94392523364486
2026-04-14,26.36,27.31,25.53,27.01,26197660.0,698957953.0,346029880.0,0.07570924221919795,1.1000000000000014,4.245465071401,6.86993438826707
2026-04-15,26.92,27.61,26.5,27.27,21410420.0,585352122.0,346029880.0,0.061874483209369086,0.259999999999998,0.9626064420585001,4.109589041095888
2026-04-16,27.31,28.06,27.09,27.69,23602079.0,656673197.0,346029880.0,0.068208210805379,0.4200000000000017,1.5401540154015514,3.557022368903553
2026-04-17,27.52,28.16,26.96,27.01,19109220.0,522089137.0,346029880.0,0.05522419046586381,-0.6799999999999997,-2.4557602022390768,4.333694474539542
2026-04-20,26.96,27.81,26.09,26.61,26546500.0,717790345.0,346029880.0,0.07671736325198275,-0.40000000000000213,-1.480932987782313,6.368011847463897
2026-04-21,26.44,26.5,25.62,26.38,15170900.0,396099965.0,346029880.0,0.04384274560335657,-0.23000000000000043,-0.8643367155204862,3.3070274332957497
2026-04-22,26.39,28.68,26.37,27.71,30224100.0,837827062.0,346029880.0,0.08734534717059694,1.3300000000000018,5.041698256254756,8.756633813495068
2026-04-23,27.81,29.02,27.44,28.45,26312200.0,751540681.0,346029880.0,0.07604025409597576,0.7399999999999984,2.6705160591844024,5.701912666907248
2026-04-24,28.47,29.02,27.84,28.54,25958979.0,740625569.0,346029880.0,0.0750194723068424,0.08999999999999986,0.31634446397188487,4.14762741652021
2026-04-27,29.23,30.69,28.46,29.85,31608600.0,937286490.0,346029880.0,0.09134644672882007,1.3100000000000023,4.590049053959366,7.813594954449897
2026-04-28,28.92,31.45,28.92,30.78,27668480.0,850576342.0,346029880.0,0.07995980000339856,0.9299999999999997,3.1155778894472297,8.47571189279731
2026-04-29,30.3,33.08,29.6,31.67,35293942.0,1113131324.0,346029880.0,0.1019968044378133,0.8900000000000006,2.8914879792072856,11.306042884990243
2026-04-30,31.35,33.8,31.2,33.55,35056280.0,1155156793.0,346029880.0,0.10130997935785199,1.8799999999999955,5.936217240290476,8.209662140827275
2026-05-06,33.35,33.88,31.61,32.38,37501586.0,1224537147.0,346029880.0,0.10837672746642574,-1.1699999999999946,-3.487332339791338,6.766020864381531
2026-05-07,31.8,33.77,31.42,33.0,29031937.0,957259182.0,346029880.0,0.08390008689423006,0.6199999999999974,1.914762198888198,7.257566399011739
2026-05-08,32.59,34.65,32.31,33.8,37533489.0,1261030234.0,346029880.0,0.10846892470673342,0.7999999999999972,2.4242424242424176,7.090909090909079
2026-05-11,32.89,35.88,32.77,34.94,31860680.0,1107224957.0,346029880.0,0.09207493873072464,1.1400000000000006,3.372781065088759,9.20118343195266
2026-05-12,34.74,35.04,32.08,32.21,32480420.0,1070395494.0,346029880.0,0.09386594013210652,-2.729999999999997,-7.81339439038351,8.47166571265026
2026-05-13,32.2,35.39,31.9,34.69,30832385.0,1054794786.0,346029880.0,0.08910324449437719,2.479999999999997,7.699472213598257,10.83514436510401
2026-05-14,34.94,35.28,32.9,32.9,21099493.0,718496805.0,346029880.0,0.06097592785917794,-1.7899999999999991,-5.1599884692995035,6.860766791582597
2026-05-15,32.57,34.01,31.74,32.25,20162240.0,662995618.0,346029880.0,0.058267338069186395,-0.6499999999999986,-1.9756838905775065,6.899696048632217
2026-05-18,32.77,33.34,32.26,32.44,11470200.0,375324857.0,346029880.0,0.03314800444400929,0.18999999999999773,0.5891472868216896,3.3488372093023426
2026-05-19,32.34,33.18,31.95,32.47,12720500.0,414462787.0,346029880.0,0.036761276222735444,0.030000000000001137,0.09247842170161391,3.7916152897657227
2026-05-20,32.16,32.58,31.46,32.54,12003300.0,386821495.0,346029880.0,0.034688622843784475,0.07000000000000028,0.21558361564522066,3.4493378503233676
2026-05-21,32.73,32.89,30.19,30.47,18039046.0,577343900.0,346029880.0,0.05213146910896828,-2.0700000000000003,-6.361401352181928,8.297480024585123
2026-05-22,30.48,31.19,29.96,30.31,15689300.0,478135256.0,346029880.0,0.045340882122665245,-0.16000000000000014,-0.5251066622907752,4.036757466360355
2026-05-25,30.64,31.55,30.49,31.19,11729900.0,366621669.0,346029880.0,0.03389851766558426,0.8800000000000026,2.9033322335862755,3.497195645001657
2026-05-26,30.9,31.28,29.9,30.95,11025360.0,340296650.0,346029880.0,0.031862450722463624,-0.240000000000002,-0.7694773966014812,4.4244950304584885
2026-05-27,30.95,31.46,28.9,29.63,14830867.0,444725830.0,346029880.0,0.04286007612984174,-1.3200000000000003,-4.264943457189019,8.271405492730217
2026-05-28,29.81,32.12,29.4,31.92,19031600.0,594851715.0,346029880.0,0.05499987457730529,2.2900000000000027,7.728653391832618,9.179885251434355
2026-05-29,32.39,32.58,28.73,30.03,24333860.0,741015385.0,346029880.0,0.07032300216385938,-1.8900000000000006,-5.921052631578949,12.061403508771923
2026-06-01,29.85,30.49,29.32,29.49,9722640.0,289663488.0,346029880.0,0.02809768913597866,-0.5400000000000027,-1.798201798201804,3.89610389610389
2026-06-02,29.45,29.62,28.19,29.3,9582840.0,278125253.0,346029880.0,0.02769367778297065,-0.18999999999999773,-0.644286198711419,4.849101390301796
2026-06-03,29.31,31.08,29.31,30.34,13291840.0,403285511.0,346029880.0,0.038412405310200376,1.0399999999999991,3.549488054607508,6.040955631399316
2026-06-04,29.92,30.32,29.25,29.81,9468900.0,281245273.0,346029880.0,0.027364399860497598,-0.5300000000000011,-1.74686882003956,3.5266974291364543
2026-06-05,29.64,30.14,28.76,29.12,9709980.0,285861778.0,346029880.0,0.028061102700148322,-0.6899999999999977,-2.3146595102314538,4.629319020462929
2026-06-08,27.91,29.42,27.07,27.7,13456300.0,377960743.0,346029880.0,0.03888768218513384,-1.4200000000000017,-4.876373626373631,8.070054945054949
2026-06-09,28.04,28.56,27.53,28.43,10308700.0,291058848.0,346029880.0,0.029791357902386927,0.7300000000000004,2.635379061371834,3.7184115523465615
2026-06-10,28.15,28.66,27.68,28.22,8647200.0,244351190.0,346029880.0,0.024989749440135055,-0.21000000000000085,-0.7386563489271913,3.4470629616602197
2026-06-11,28.1,28.46,26.88,28.4,9529342.0,264706212.0,346029880.0,0.027539072637310976,0.17999999999999972,0.6378454996456506,5.598866052445081
2026-06-12,28.97,30.9,27.87,27.88,12916000.0,378351285.0,346029880.0,0.03732625633370159,-0.5199999999999996,-1.8309859154929553,10.669014084507033
2026-06-15,28.31,30.67,27.93,30.67,15456100.0,462650605.0,346029880.0,0.04466695188288364,2.7900000000000027,10.007173601147779,9.827833572453379
2026-06-16,31.2,31.6,30.2,30.81,14322936.0,441418297.0,346029880.0,0.041392194223227194,0.13999999999999702,0.45647212259536385,4.564721225953707
2026-06-17,30.81,30.9,29.12,29.57,12939920.0,387219233.0,346029880.0,0.037395383311984505,-1.2399999999999984,-4.024667315806552,5.7773450178513395
2026-06-18,29.57,30.45,28.9,30.05,10148856.0,303456384.0,346029880.0,0.02932942091590472,0.4800000000000004,1.6232668244842818,5.241799120730473
