date,open,high,low,close,volume,amount,outstanding_share,turnover,change,pct_chg,amplitude
2023-03-06,13.58,13.95,13.44,13.67,6536644.0,108825603.0,1083577719.0,0.006032464386617754,,,
2023-03-07,13.72,13.85,13.46,13.48,5007192.0,82477784.0,1083577719.0,0.004620980952451644,-0.1899999999999995,-1.3899049012435993,2.8529626920263262
2023-03-08,13.47,13.56,13.31,13.45,6937970.0,112607318.0,1083577719.0,0.006402835605001952,-0.030000000000001137,-0.2225519287833877,1.8545994065281897
2023-03-09,13.42,13.45,13.14,13.19,5371557.0,86082911.0,1083577719.0,0.004957242019480838,-0.2599999999999998,-1.9330855018587334,2.3048327137546374
2023-03-10,13.09,13.23,12.81,13.14,12373477.0,195529177.0,1083577719.0,0.011419095080156405,-0.049999999999998934,-0.37907505686125553,3.1842304776345713
2023-03-13,13.14,13.73,13.14,13.68,7970202.0,130252120.0,1083577719.0,0.00735545024620426,0.5399999999999991,4.109589041095885,4.490106544901065
2023-03-14,13.62,13.97,12.9,12.94,9908344.0,158682101.0,1083577719.0,0.00914410090412721,-0.7400000000000002,-5.409356725146197,7.821637426900587
2023-03-15,13.06,13.19,12.91,13.08,3724293.0,58757016.0,1083577719.0,0.003437033573777277,0.14000000000000057,1.0819165378670892,2.1638330757341526
2023-03-16,12.94,13.28,12.91,13.13,4642766.0,73669460.0,1083577719.0,0.004284663590429548,0.05000000000000071,0.3822629969419067,2.8287461773700247
2023-03-17,13.18,13.48,12.9,13.07,6799133.0,108146837.0,1083577719.0,0.006274707278287992,-0.0600000000000005,-0.4569687738004591,4.417364813404418
2023-03-20,13.06,13.34,12.91,13.04,5495691.0,87082927.0,1083577719.0,0.005071801407167916,-0.030000000000001137,-0.2295332823259444,3.289977046671765
2023-03-21,13.01,13.44,12.81,13.42,6102240.0,98028031.0,1083577719.0,0.00563156651618083,0.3800000000000008,2.9141104294478692,4.831288343558275
2023-03-22,13.4,13.66,13.3,13.31,5185794.0,84215934.0,1083577719.0,0.004785807154456634,-0.10999999999999943,-0.8196721311475419,2.6825633383010388
2023-03-23,13.36,13.4,12.98,13.05,4168918.0,66035899.0,1083577719.0,0.0038473640855658828,-0.2599999999999998,-1.9534184823441048,3.155522163786626
2023-03-24,13.08,13.23,12.91,12.91,4131066.0,64976623.0,1083577719.0,0.0038124316581670133,-0.14000000000000057,-1.072796934865905,2.4521072796934886
2023-03-27,12.88,12.88,12.48,12.52,8151366.0,124270744.0,1083577719.0,0.007522640837911139,-0.39000000000000057,-3.0209140201394313,3.0983733539891585
2023-03-28,12.57,12.81,12.52,12.71,4959195.0,76052416.0,1083577719.0,0.004576686021725037,0.19000000000000128,1.5175718849840258,2.3162939297124674
2023-03-29,12.71,12.92,12.62,12.77,3940775.0,61033169.0,1083577719.0,0.0036368180435057467,0.05999999999999872,0.472069236821393,2.3603461841070077
2023-03-30,12.77,12.96,12.69,12.88,4835456.0,75113687.0,1083577719.0,0.004462491167188719,0.11000000000000121,0.8613938919342257,2.114330462020371
2023-03-31,12.83,13.2,12.83,13.1,4070030.0,64482265.0,1083577719.0,0.003756103441990394,0.21999999999999886,1.7080745341614856,2.8726708074534097
2023-04-03,13.1,13.14,12.91,12.95,4046088.0,63732065.0,1083577719.0,0.00373400811871068,-0.15000000000000036,-1.1450381679389388,1.7557251908396978
2023-04-04,13.03,13.03,12.09,12.49,13247258.0,199351817.0,1083577719.0,0.012225480247254882,-0.4599999999999991,-3.552123552123543,7.258687258687255
2023-04-06,12.49,12.67,12.33,12.43,4801385.0,72344588.0,1083577719.0,0.004431048106481045,-0.0600000000000005,-0.48038430744595795,2.722177742193754
2023-04-07,12.43,13.4,12.38,13.3,13081987.0,206456659.0,1083577719.0,0.012072956808370845,0.870000000000001,6.999195494770727,8.205953338696698
2023-04-10,13.29,13.72,13.15,13.23,8082562.0,130979362.0,1083577719.0,0.007459143777392492,-0.07000000000000028,-0.5263157894736858,4.285714285714288
2023-04-11,13.16,13.48,13.14,13.4,5135224.0,82892314.0,1083577719.0,0.004739137682472041,0.16999999999999993,1.2849584278155746,2.5699168556311403
2023-04-12,13.39,13.71,13.21,13.38,6843250.0,112000066.0,1083577719.0,0.00631542147831853,-0.019999999999999574,-0.14925373134327957,3.731343283582089
2023-04-13,13.38,13.47,13.05,13.2,4141612.0,66196213.0,1083577719.0,0.0038221642318579272,-0.1800000000000015,-1.3452914798206428,3.1390134529147975
2023-04-14,13.3,13.42,13.05,13.08,4197450.0,66993644.0,1083577719.0,0.0038736953763442972,-0.11999999999999922,-0.9090909090909038,2.803030303030297
2023-04-17,12.98,13.0,12.73,12.8,7999768.0,124255131.0,1083577719.0,0.007382735783255802,-0.27999999999999936,-2.1406727828746086,2.0642201834862353
2023-04-18,12.89,13.61,12.69,13.43,10037213.0,162023187.0,1083577719.0,0.009263030075279722,0.629999999999999,4.921874999999987,7.187499999999999
2023-04-19,13.51,13.73,13.29,13.33,6708089.0,108837155.0,1083577719.0,0.006190685617078474,-0.09999999999999964,-0.7446016381235987,3.2762472077438667
2023-04-20,13.33,13.69,13.25,13.57,5919925.0,96565029.0,1083577719.0,0.0054633137025587,0.2400000000000002,1.8004501125281402,3.300825206301572
2023-04-21,13.6,13.76,13.1,13.14,6682866.0,108374705.0,1083577719.0,0.006167408098947815,-0.4299999999999997,-3.16875460574797,4.863669859985262
2023-04-24,13.19,13.37,12.75,12.81,5488675.0,86090410.0,1083577719.0,0.005065326560115435,-0.33000000000000007,-2.511415525114158,4.718417047184165
2023-04-25,12.94,13.13,12.47,12.71,4601225.0,70891773.0,1083577719.0,0.004246326700263205,-0.09999999999999964,-0.7806401249024209,5.152224824355973
2023-04-26,12.77,12.77,12.3,12.43,10422558.0,156733441.0,1083577719.0,0.0096186529283923,-0.28000000000000114,-2.202989771833208,3.6978756884342947
2023-04-27,12.41,13.43,12.4,13.34,14329771.0,226008810.0,1083577719.0,0.01322449765137705,0.9100000000000001,7.3209975864843235,8.286403861625095
2023-04-28,13.33,14.14,13.33,13.99,16292829.0,273132274.0,1083577719.0,0.015036142506728675,0.6500000000000004,4.872563718140932,6.071964017991008
2023-05-04,14.48,15.36,14.48,14.92,33507679.0,609367915.0,1083577719.0,0.030923189368385305,0.9299999999999997,6.647605432451753,6.29020729092208
2023-05-05,15.1,15.17,14.38,14.77,15881582.0,283136190.0,1083577719.0,0.014656615507613626,-0.15000000000000036,-1.0053619302949124,5.294906166219834
2023-05-08,14.76,15.0,14.53,14.58,9759975.0,174170085.0,1083577719.0,0.00900717579262074,-0.1899999999999995,-1.2863913337846977,3.1821259309411016
2023-05-09,14.72,14.72,13.97,14.05,10014426.0,173048082.0,1083577719.0,0.009242000665390205,-0.5299999999999994,-3.6351165980795574,5.1440329218107
2023-05-10,14.02,14.22,13.89,13.94,6967200.0,118168074.0,1083577719.0,0.006429811058158165,-0.11000000000000121,-0.7829181494662052,2.348754448398577
2023-05-11,13.94,14.1,13.79,13.97,7038895.0,118490965.0,1083577719.0,0.006495976132192877,0.030000000000001137,0.21520803443328962,2.2238163558106203
2023-05-12,13.96,14.25,13.8,14.01,6627270.0,112684555.0,1083577719.0,0.0061161002886955815,0.03999999999999915,0.28632784538296097,3.2211882605583337
2023-05-15,14.01,14.19,13.57,13.8,6601154.0,109913379.0,1083577719.0,0.006091998648783585,-0.20999999999999908,-1.498929336188426,4.4254104211277605
2023-05-16,13.86,14.14,13.78,13.87,7733790.0,130682409.0,1083577719.0,0.00713727300256531,0.06999999999999851,0.5072463768115876,2.6086956521739215
2023-05-17,13.83,13.92,13.52,13.62,6447661.0,106664862.0,1083577719.0,0.005950344757873339,-0.25,-1.8024513338139925,2.8839221341023817
2023-05-18,13.73,14.05,13.71,13.82,5881500.0,98701411.0,1083577719.0,0.005427852471374044,0.20000000000000107,1.468428781204123,2.4963289280469887
2023-05-19,13.88,13.91,13.58,13.64,4057785.0,67160933.0,1083577719.0,0.0037448029143168455,-0.17999999999999972,-1.302460202604916,2.3878437047756877
2023-05-22,13.68,14.4,13.68,14.38,11740328.0,201546848.0,1083577719.0,0.010834781662763223,0.7400000000000002,5.425219941348969,5.278592375366573
2023-05-23,14.24,14.67,14.18,14.22,7636183.0,133313791.0,1083577719.0,0.007047194553840766,-0.16000000000000014,-1.1126564673157202,3.4075104311543822
2023-05-24,14.22,14.84,14.04,14.53,11611965.0,204319358.0,1083577719.0,0.010716319463191177,0.3099999999999987,2.1800281293952173,5.625879043600567
2023-05-25,14.38,14.41,13.9,14.05,8888951.0,151389750.0,1083577719.0,0.008203334974627694,-0.47999999999999865,-3.3035099793530587,3.5099793530626275
2023-05-26,13.96,14.14,13.56,14.0,5393199.0,90383743.0,1083577719.0,0.004977214744667521,-0.05000000000000071,-0.3558718861210064,4.128113879003559
2023-05-29,14.01,14.38,13.94,14.3,7676592.0,131859968.0,1083577719.0,0.007084486756597844,0.3000000000000007,2.1428571428571574,3.142857142857152
2023-05-30,14.29,14.52,13.97,14.18,11991975.0,206477108.0,1083577719.0,0.011067018811596661,-0.120000000000001,-0.8391608391608463,3.8461538461538387
2023-05-31,14.15,14.22,13.85,13.96,8556082.0,144888194.0,1083577719.0,0.007896140581310716,-0.21999999999999886,-1.5514809590973067,2.609308885754591
2023-06-01,14.14,14.34,13.9,14.05,9619187.0,164584759.0,1083577719.0,0.008877246949002649,0.08999999999999986,0.6446991404011504,3.1518624641833775
2023-06-02,14.11,14.29,13.81,14.05,5558650.0,94179997.0,1083577719.0,0.0051299042999240554,0.0,0.0,3.416370106761556
2023-06-05,14.14,14.17,13.75,13.95,6629179.0,107621333.0,1083577719.0,0.006117862045112797,-0.10000000000000142,-0.7117437722420017,2.9893238434163694
2023-06-06,14.0,14.15,13.79,13.92,6584953.0,107377107.0,1083577719.0,0.006077047252390024,-0.02999999999999936,-0.21505376344085336,2.5806451612903314
2023-06-07,13.92,14.21,13.79,14.09,5990512.0,98425035.0,1083577719.0,0.0055284562380338124,0.16999999999999993,1.2212643678160884,3.017241379310357
2023-06-08,14.09,14.18,13.88,13.94,3188216.0,52038934.0,1083577719.0,0.002942304870334825,-0.15000000000000036,-1.0645848119233525,2.129169623846692
2023-06-09,13.9,14.31,13.9,14.24,6949970.0,115071911.0,1083577719.0,0.006413910029835156,0.3000000000000007,2.152080344332852,2.9411764705882364
2023-06-12,14.24,14.99,14.13,14.85,9353156.0,160292021.0,1083577719.0,0.008631735256269145,0.6099999999999994,4.28370786516854,6.039325842696625
2023-06-13,14.92,15.06,14.52,14.67,6672481.0,114797024.0,1083577719.0,0.0061578241071234135,-0.17999999999999972,-1.2121212121212088,3.6363636363636425
2023-06-14,14.62,15.03,14.54,14.87,6939008.0,119975185.0,1083577719.0,0.006403793542750024,0.1999999999999993,1.363326516700747,3.3401499659168388
2023-06-15,14.86,14.91,14.69,14.78,5460957.0,94378592.0,1083577719.0,0.005039746484488207,-0.08999999999999986,-0.6052454606590429,1.4794889038332255
2023-06-16,14.8,14.97,14.76,14.77,4573862.0,79373786.0,1083577719.0,0.004221074243037292,-0.009999999999999787,-0.06765899864681346,1.4208389715832264
2023-06-19,14.95,14.95,14.66,14.76,4817966.0,83110691.0,1083577719.0,0.0044463501929943245,-0.009999999999999787,-0.06770480704130222,1.9634394041976926
2023-06-20,14.72,15.32,14.61,14.8,8744175.0,153072664.0,1083577719.0,0.008069725730490035,0.040000000000000924,0.27100271002711285,4.810298102981036
2023-06-21,14.82,14.98,14.33,14.4,6791427.0,115113793.0,1083577719.0,0.006267595651807603,-0.40000000000000036,-2.7027027027027084,4.391891891891894
2023-06-26,14.31,14.42,14.14,14.26,4877361.0,81302637.0,1083577719.0,0.0045011639815750034,-0.14000000000000057,-0.9722222222222299,1.94444444444444
2023-06-27,14.2,15.05,14.14,14.99,8608855.0,148930571.0,1083577719.0,0.007944843133120938,0.7300000000000004,5.119214586255261,6.381486676016832
2023-06-28,14.99,15.69,14.91,15.46,9207933.0,164850472.0,1083577719.0,0.008497713489806448,0.47000000000000064,3.1354236157438375,5.203468979319542
2023-06-29,15.59,15.69,15.12,15.6,6947379.0,125568459.0,1083577719.0,0.00641151887693992,0.1399999999999988,0.9055627425614388,3.686934023285901
2023-06-30,15.61,15.68,15.22,15.23,4203630.0,75469583.0,1083577719.0,0.003879398705133397,-0.3699999999999992,-2.3717948717948634,2.9487179487179427
2023-07-03,15.25,15.36,14.8,15.06,5909594.0,103408459.0,1083577719.0,0.005453779545646047,-0.16999999999999993,-1.1162179908076109,3.676953381483905
2023-07-04,15.03,15.08,14.63,14.85,6485596.0,112369593.0,1083577719.0,0.0059853537833773045,-0.21000000000000085,-1.394422310756982,2.9880478087649354
2023-07-05,14.86,14.98,14.67,14.69,3476518.0,59868417.0,1083577719.0,0.0032083697726900196,-0.16000000000000014,-1.077441077441077,2.087542087542091
2023-07-06,14.67,14.71,14.2,14.25,6589315.0,110710535.0,1083577719.0,0.006081072805816894,-0.4399999999999995,-2.995234853641926,3.4717494894486154
2023-07-07,14.22,14.42,14.14,14.3,4615099.0,76931174.0,1083577719.0,0.0042591305811078605,0.05000000000000071,0.35087719298245723,1.9649122807017498
2023-07-10,14.43,14.55,14.14,14.43,4394892.0,73658094.0,1083577719.0,0.004055908425337417,0.129999999999999,0.9090909090909038,2.867132867132868
2023-07-11,14.43,14.73,14.31,14.68,3942415.0,67098502.0,1083577719.0,0.0036383315482329515,0.25,1.7325017325017233,2.91060291060291
2023-07-12,14.69,14.79,14.43,14.51,4897924.0,83300548.0,1083577719.0,0.0045201409313954345,-0.16999999999999993,-1.1580381471389622,2.452316076294274
2023-07-13,14.48,14.67,14.26,14.4,4645350.0,78367730.0,1083577719.0,0.004287048283243632,-0.10999999999999943,-0.7580978635423841,2.8256374913852524
2023-07-14,14.48,14.51,14.02,14.31,5625085.0,93683416.0,1083577719.0,0.005191215084406881,-0.08999999999999986,-0.6249999999999978,3.402777777777779
2023-07-17,14.27,14.43,14.19,14.25,2409200.0,40153081.0,1083577719.0,0.002223375359012896,-0.0600000000000005,-0.41928721174004924,1.6771488469601692
2023-07-18,14.31,14.31,13.95,14.04,4304907.0,70542052.0,1083577719.0,0.00397286408211943,-0.21000000000000085,-1.473684210526327,2.526315789473693
2023-07-19,14.02,14.35,14.02,14.34,3430226.0,57066617.0,1083577719.0,0.0031656483331584636,0.3000000000000007,2.1367521367521514,2.350427350427351
2023-07-20,14.28,14.36,13.87,13.9,6676403.0,109600014.0,1083577719.0,0.006161443598306399,-0.4399999999999995,-3.0683403068340276,3.4170153417015356
2023-07-21,13.9,14.02,13.79,13.91,2963860.0,48146679.0,1083577719.0,0.0027352537321783006,0.009999999999999787,0.07194244604316058,1.6546762589928088
2023-07-24,13.97,14.02,13.81,13.9,1826895.0,29707815.0,1083577719.0,0.001685984279637998,-0.009999999999999787,-0.07189072609633529,1.5097052480229984
2023-07-25,13.98,14.22,13.95,14.03,4602810.0,75596631.0,1083577719.0,0.004247789447209924,0.129999999999999,0.9352517985611541,1.9424460431654773
2023-07-26,14.04,14.16,13.96,14.02,2981583.0,48949919.0,1083577719.0,0.0027516097347882068,-0.009999999999999787,-0.07127583749109156,1.4255167498218055
2023-07-27,13.96,14.15,13.93,13.98,4211610.0,68880431.0,1083577719.0,0.0038867631976474775,-0.03999999999999915,-0.28530670470755526,1.569186875891588
2023-07-28,13.96,14.37,13.91,14.31,4837223.0,80308783.0,1083577719.0,0.004464121876245408,0.33000000000000007,2.3605150214592197,3.2904148783977045
2023-07-31,14.37,14.5,14.24,14.32,4857205.0,81463020.0,1083577719.0,0.004482562639330165,0.009999999999999787,0.06988120195667857,1.8169112508735135
2023-08-01,14.33,14.39,14.08,14.21,4853796.0,80505942.0,1083577719.0,0.004479416579808799,-0.10999999999999943,-0.7681564245810013,2.1648044692737463
2023-08-02,14.19,14.3,13.96,14.1,4779732.0,78386748.0,1083577719.0,0.0044110652297382645,-0.11000000000000121,-0.7741027445461013,2.3926812104151995
2023-08-03,14.07,14.16,14.01,14.06,2599443.0,42720726.0,1083577719.0,0.0023989446759748296,-0.03999999999999915,-0.28368794326240065,1.0638297872340452
2023-08-04,14.14,14.18,13.71,13.75,6725952.0,108939524.0,1083577719.0,0.0062071708213114335,-0.3100000000000005,-2.204836415362732,3.3428165007112294
2023-08-07,13.77,13.99,13.59,13.96,6904229.0,111717712.0,1083577719.0,0.006371697090977191,0.21000000000000085,1.5272727272727327,2.9090909090909114
2023-08-08,13.96,14.7,13.89,14.51,12426466.0,209082166.0,1083577719.0,0.011467996971613626,0.5499999999999989,3.939828080229213,5.802292263610306
2023-08-09,14.54,14.79,14.43,14.53,11654121.0,199463730.0,1083577719.0,0.010755223917630221,0.019999999999999574,0.1378359751895264,2.4810475534114365
2023-08-10,14.53,14.53,13.89,14.01,8077140.0,132382806.0,1083577719.0,0.007454139983105356,-0.5199999999999996,-3.578802477632481,4.404679972470742
2023-08-11,14.01,14.05,13.72,13.72,4698500.0,75742699.0,1083577719.0,0.0043360987565673635,-0.28999999999999915,-2.0699500356887834,2.3554603854389726
2023-08-14,13.71,13.72,13.37,13.64,4840886.0,76405248.0,1083577719.0,0.004467502344425744,-0.08000000000000007,-0.5830903790087438,2.5510204081632755
2023-08-15,13.71,14.18,13.64,13.96,6965449.0,113616740.0,1083577719.0,0.006428195115001253,0.3200000000000003,2.346041055718473,3.9589442815249205
2023-08-16,14.05,14.08,13.68,13.79,3003673.0,48598464.0,1083577719.0,0.002771995905168663,-0.1700000000000017,-1.217765042979957,2.865329512893985
2023-08-17,13.79,13.85,13.66,13.82,3612062.0,58033030.0,1083577719.0,0.0033334590926560018,0.030000000000001137,0.2175489485134241,1.3778100072516282
2023-08-18,13.82,13.84,13.52,13.54,4678745.0,74464706.0,1083577719.0,0.004317867484685702,-0.28000000000000114,-2.026049204052105,2.3154848046309717
2023-08-21,13.54,13.6,13.3,13.32,2913679.0,45635504.0,1083577719.0,0.0026889432561320505,-0.21999999999999886,-1.6248153618906858,2.215657311669121
2023-08-22,13.29,13.58,13.11,13.29,3634694.0,56212458.0,1083577719.0,0.0033543454578914243,-0.030000000000001137,-0.22522522522523403,3.528528528528533
2023-08-23,13.29,13.44,13.14,13.24,2784711.0,43133155.0,1083577719.0,0.002569922720974664,-0.049999999999998934,-0.3762227238525151,2.2573363431151163
2023-08-24,13.24,13.92,13.24,13.75,7858721.0,125567227.0,1083577719.0,0.007252567916635059,0.5099999999999998,3.8519637462235634,5.135951661631418
2023-08-25,13.75,13.77,13.33,13.44,4398608.0,69262313.0,1083577719.0,0.004059337805560765,-0.3100000000000005,-2.2545454545454535,3.1999999999999966
2023-08-28,14.05,14.26,13.02,13.44,13182846.0,206901015.0,1083577719.0,0.012166036426225187,0.0,0.0,9.226190476190478
2023-08-29,13.3,14.2,13.26,14.16,13622640.0,220410208.0,1083577719.0,0.012571908559149692,0.7200000000000006,5.35714285714286,6.994047619047615
2023-08-30,14.16,14.52,14.06,14.43,10177489.0,171195900.0,1083577719.0,0.009392486410104931,0.2699999999999996,1.9067796610169552,3.2485875706214626
2023-08-31,14.48,14.68,14.37,14.56,7894550.0,134352133.0,1083577719.0,0.007285633380580798,0.13000000000000078,0.9009009009009139,2.1483021483021516
2023-09-01,14.61,14.71,14.42,14.66,5840651.0,99637217.0,1083577719.0,0.005390154206373082,0.09999999999999964,0.6868131868131844,1.9917582417582478
2023-09-04,14.66,14.7,14.45,14.61,8500235.0,144599912.0,1083577719.0,0.007844601131005722,-0.05000000000000071,-0.3410641200545794,1.7053206002728514
2023-09-05,14.55,14.6,14.33,14.47,5177850.0,87190019.0,1083577719.0,0.004778475885217053,-0.1399999999999988,-0.9582477754962238,1.8480492813141656
2023-09-06,14.4,14.52,14.25,14.33,4649256.0,78038500.0,1083577719.0,0.004290653008526839,-0.14000000000000057,-0.9675190048376026,1.8659295093296446
2023-09-07,14.38,14.61,14.28,14.36,4624664.0,77897739.0,1083577719.0,0.00426795782056866,0.02999999999999936,0.20935101186321248,2.3028611304954647
2023-09-08,14.25,14.67,14.25,14.57,4352696.0,73747630.0,1083577719.0,0.004016967056148927,0.21000000000000085,1.4623955431754876,2.9247910863509743
2023-09-11,14.56,15.02,14.54,14.88,9908179.0,171986426.0,1083577719.0,0.009143948630785754,0.3100000000000005,2.1276595744680993,3.2944406314344574
2023-09-12,14.87,15.25,14.82,15.17,7763821.0,136803025.0,1083577719.0,0.007164987673579139,0.28999999999999915,1.9489247311827995,2.889784946236557
2023-09-13,15.11,15.2,14.82,15.12,4890675.0,85810991.0,1083577719.0,0.004513451055927443,-0.05000000000000071,-0.3295978905735075,2.504943968358596
2023-09-14,15.09,15.29,14.99,15.22,4157350.0,73640260.0,1083577719.0,0.0038366883400266743,0.10000000000000142,0.6613756613756738,1.984126984126977
2023-09-15,15.25,15.75,15.21,15.35,9739600.0,175452420.0,1083577719.0,0.008988372342122698,0.129999999999999,0.854139290407363,3.547963206307484
2023-09-18,15.32,15.41,15.02,15.39,9402706.0,166792981.0,1083577719.0,0.008677463402142916,0.040000000000000924,0.2605863192182367,2.540716612377854
2023-09-19,15.26,15.61,15.23,15.56,7709877.0,139097271.0,1083577719.0,0.007115204442478943,0.16999999999999993,1.104613385315134,2.4691358024691294
2023-09-20,15.59,15.68,15.27,15.44,3535871.0,63851754.0,1083577719.0,0.003263144800783782,-0.120000000000001,-0.7712082262210873,2.6349614395886896
2023-09-21,15.44,15.51,15.21,15.45,7234338.0,129547156.0,1083577719.0,0.006676344366582532,0.009999999999999787,0.06476683937823857,1.9430051813471434
2023-09-22,15.41,15.59,15.27,15.51,4733527.0,85235473.0,1083577719.0,0.004368424079786749,0.0600000000000005,0.3883495145631022,2.071197411003238
2023-09-25,15.51,15.63,15.38,15.52,5457537.0,98694448.0,1083577719.0,0.005036590273410743,0.009999999999999787,0.06447453255964408,1.6118633139909737
2023-09-26,15.52,15.71,15.5,15.56,4812993.0,86052090.0,1083577719.0,0.0044417607667696975,0.040000000000000924,0.2577319587628857,1.3530927835051603
2023-09-27,15.61,15.66,15.38,15.46,5092500.0,90428259.0,1083577719.0,0.004699709038590891,-0.09999999999999964,-0.6426735218509005,1.7994858611825153
2023-09-28,15.46,15.56,15.09,15.42,5571077.0,97987241.0,1083577719.0,0.0051413727897075745,-0.040000000000000924,-0.2587322121604174,3.0401034928848683
2023-10-09,15.33,15.35,14.75,15.07,8068043.0,139513825.0,1083577719.0,0.007445744646213052,-0.34999999999999964,-2.2697795071335958,3.8910505836575857
2023-10-10,15.05,15.13,14.77,14.96,4731113.0,81329386.0,1083577719.0,0.004366196274657804,-0.10999999999999943,-0.7299270072992692,2.3888520238885285
2023-10-11,14.97,15.05,14.85,14.97,3784032.0,64993739.0,1083577719.0,0.0034921648292031743,0.009999999999999787,0.06684491978610207,1.3368983957219323
2023-10-12,14.97,15.14,14.86,15.06,3357075.0,57887480.0,1083577719.0,0.003098139562243989,0.08999999999999986,0.6012024048096087,1.870407481629934
2023-10-13,14.99,14.99,14.63,14.69,3679740.0,62214679.0,1083577719.0,0.0033959170029777995,-0.370000000000001,-2.45683930942896,2.3904382470119483
2023-10-16,14.73,15.17,14.7,14.91,4160056.0,71376492.0,1083577719.0,0.0038391856228265618,0.22000000000000064,1.497617426820974,3.199455411844797
2023-10-17,14.85,14.97,14.5,14.65,6344837.0,106543984.0,1083577719.0,0.005855451702952559,-0.2599999999999998,-1.7437961099932897,3.1522468142186497
2023-10-18,14.61,14.68,14.16,14.21,6443884.0,105693230.0,1083577719.0,0.005946859082657088,-0.4399999999999995,-3.00341296928327,3.5494880546075054
2023-10-19,14.21,14.57,14.18,14.3,6503103.0,107422118.0,1083577719.0,0.006001510446340213,0.08999999999999986,0.6333567909922566,2.7445460942997926
2023-10-20,14.3,14.45,14.14,14.28,3128002.0,51278996.0,1083577719.0,0.00288673525225928,-0.02000000000000135,-0.13986013986014845,2.1678321678321586
2023-10-23,14.2,14.27,13.95,14.1,4718860.0,76486214.0,1083577719.0,0.004354888364034366,-0.17999999999999972,-1.2605042016806678,2.2408963585434196
2023-10-24,14.12,14.31,13.92,14.15,4447365.0,71949677.0,1083577719.0,0.004104334116526809,0.05000000000000071,0.35460992907800915,2.765957446808515
2023-10-25,14.23,14.26,13.68,13.89,6355150.0,101629303.0,1083577719.0,0.005864969248227962,-0.2599999999999998,-1.83745583038869,4.098939929328623
2023-10-26,13.85,14.08,13.83,14.01,2921600.0,46854323.0,1083577719.0,0.002696253299390701,0.11999999999999922,0.8639308855291628,1.7998560115190785
2023-10-27,13.94,14.76,13.94,14.41,8688979.0,144639720.0,1083577719.0,0.008018787067732241,0.40000000000000036,2.8551034975017764,5.85296216987866
2023-10-30,14.29,14.37,12.98,13.08,26242855.0,396613222.0,1083577719.0,0.024218710425514017,-1.33,-9.229701596113815,9.646079111727959
2023-10-31,13.11,13.34,12.72,12.86,17002730.0,252097550.0,1083577719.0,0.01569128794535503,-0.22000000000000064,-1.6819571865443472,4.740061162079505
2023-11-01,12.72,12.91,12.61,12.86,11624132.0,170709330.0,1083577719.0,0.01072754800710331,0.0,0.0,2.332814930015558
2023-11-02,12.76,13.01,12.65,12.86,7569759.0,112055722.0,1083577719.0,0.006985893920914039,0.0,0.0,2.799377916018658
2023-11-03,13.01,13.21,12.9,13.01,9713435.0,145534050.0,1083577719.0,0.008964225481642633,0.15000000000000036,1.1664074650077794,2.4105754276827414
2023-11-06,13.05,13.11,12.83,12.92,10137079.0,150306079.0,1083577719.0,0.009355193284479117,-0.08999999999999986,-0.6917755572636408,2.1521906225979968
2023-11-07,12.92,12.96,12.69,12.75,9962730.0,145834100.0,1083577719.0,0.009194292043208763,-0.16999999999999993,-1.3157894736842146,2.089783281733757
2023-11-08,12.75,12.77,12.59,12.7,8237720.0,119950821.0,1083577719.0,0.007602334244748345,-0.05000000000000071,-0.39215686274510775,1.4117647058823508
2023-11-09,12.69,12.7,12.53,12.61,6967439.0,100719513.0,1083577719.0,0.006430031623786092,-0.08999999999999986,-0.7086614173228312,1.3385826771653537
2023-11-10,12.55,12.57,12.44,12.45,4608390.0,66039146.0,1083577719.0,0.004252939054757363,-0.16000000000000014,-1.2688342585249868,1.0309278350515527
2023-11-13,12.5,12.67,12.32,12.66,8039652.0,115577734.0,1083577719.0,0.0074195434799264265,0.21000000000000085,1.6867469879518149,2.811244979919676
2023-11-14,12.69,12.7,12.52,12.64,4056825.0,58697294.0,1083577719.0,0.0037439169603301894,-0.019999999999999574,-0.15797788309636074,1.4218009478672962
2023-11-15,12.7,12.92,12.66,12.91,9775548.0,144060181.0,1083577719.0,0.009021547627448032,0.2699999999999996,2.136075949367089,2.056962025316454
2023-11-16,12.88,12.95,12.79,12.91,4575474.0,67663738.0,1083577719.0,0.004222561907439885,0.0,0.0,1.2393493415956633
2023-11-17,12.9,13.13,12.84,13.06,6761931.0,100995544.0,1083577719.0,0.006240374715567587,0.15000000000000036,1.161890007745936,2.2463206816421453
2023-11-20,13.06,13.15,12.87,12.99,5744300.0,85754718.0,1083577719.0,0.00530123488078108,-0.07000000000000028,-0.535987748851452,2.143950995405828
2023-11-21,12.98,13.13,12.95,13.02,4513500.0,67553274.0,1083577719.0,0.004165368040388804,0.02999999999999936,0.2309468822170757,1.385681293302552
2023-11-22,12.98,13.06,12.92,12.99,3670300.0,54777379.0,1083577719.0,0.0033872051221090125,-0.02999999999999936,-0.23041474654377225,1.0752688172043054
2023-11-23,12.97,13.15,12.9,13.12,3815035.0,57215944.0,1083577719.0,0.0035207765286284923,0.129999999999999,1.0007698229407058,1.924557351809084
2023-11-24,13.11,13.26,13.02,13.18,4248574.0,64215131.0,1083577719.0,0.00392087611760869,0.0600000000000005,0.45731707317073766,1.8292682926829285
2023-11-27,13.19,13.21,12.95,13.16,5414738.0,81320864.0,1083577719.0,0.004997092414374386,-0.019999999999999574,-0.15174506828528056,1.9726858877086615
2023-11-28,13.11,13.25,12.98,13.19,5155570.0,77836401.0,1083577719.0,0.004757914369776738,0.02999999999999936,0.22796352583585033,2.0516717325227933
2023-11-29,13.24,13.48,13.24,13.32,6235367.0,95751177.0,1083577719.0,0.005754425262411657,0.13000000000000078,0.9855951478392688,1.8195602729340425
2023-11-30,13.23,13.38,13.19,13.29,3635559.0,55428873.0,1083577719.0,0.003355143739348151,-0.030000000000001137,-0.22522522522523403,1.426426426426436
2023-12-01,13.28,13.53,13.19,13.52,5931666.0,91317948.0,1083577719.0,0.0054741491043892535,0.23000000000000043,1.7306245297215916,2.55831452219714
2023-12-04,13.65,13.96,13.62,13.7,8704705.0,138005439.0,1083577719.0,0.008033300101476154,0.17999999999999972,1.3313609467455523,2.514792899408296
2023-12-05,13.61,13.64,13.41,13.45,3960725.0,61445924.0,1083577719.0,0.0036552292747909485,-0.25,-1.8248175182481785,1.6788321167883244
2023-12-06,13.39,13.6,13.3,13.53,3538086.0,54651520.0,1083577719.0,0.0032651889550342444,0.08000000000000007,0.5947955390334547,2.2304832713754568
2023-12-07,13.53,13.57,13.4,13.53,2874666.0,44487414.0,1083577719.0,0.0026529393781305685,0.0,0.0,1.2564671101256464
2023-12-08,13.46,13.53,13.13,13.2,6266023.0,95674537.0,1083577719.0,0.005782716726385548,-0.33000000000000007,-2.4390243902439046,2.956393200295629
2023-12-11,13.15,13.4,13.08,13.4,5329318.0,81179637.0,1083577719.0,0.004918260966936696,0.20000000000000107,1.5151515151515138,2.4242424242424265
2023-12-12,13.4,13.68,13.27,13.63,4586772.0,71410256.0,1083577719.0,0.004232988478420347,0.23000000000000043,1.716417910447765,3.0597014925373145
2023-12-13,13.63,13.72,13.4,13.44,3704104.0,57557078.0,1083577719.0,0.0034184017768641474,-0.19000000000000128,-1.3939838591342735,2.3477622890682337
2023-12-14,13.5,13.66,13.33,13.37,4822582.0,74637206.0,1083577719.0,0.004450610155080164,-0.07000000000000028,-0.520833333333337,2.4553571428571437
2023-12-15,13.35,13.64,13.33,13.43,4225865.0,65517929.0,1083577719.0,0.0038999186914805877,0.0600000000000005,0.4487658937920802,2.318623784592375
2023-12-18,13.44,13.49,13.28,13.33,2816568.0,43201007.0,1083577719.0,0.002599322550300612,-0.09999999999999964,-0.7446016381235987,1.5636634400595744
2023-12-19,13.33,13.4,13.24,13.38,2628654.0,40185364.0,1083577719.0,0.002425902594625056,0.05000000000000071,0.3750937734433579,1.2003000750187558
2023-12-20,13.38,13.43,13.29,13.3,2166000.0,33234040.0,1083577719.0,0.0019989336823932977,-0.08000000000000007,-0.5979073243647215,1.0463378176382703
2023-12-21,13.28,13.43,13.15,13.39,2610500.0,39858641.0,1083577719.0,0.002409148835589891,0.08999999999999986,0.6766917293232977,2.105263157894732
2023-12-22,13.38,13.41,13.21,13.3,2751197.0,42092729.0,1083577719.0,0.002538993698152998,-0.08999999999999986,-0.6721433905899965,1.493651979088867
2023-12-25,13.25,13.49,13.2,13.41,3312515.0,50778666.0,1083577719.0,0.0030570165313633583,0.10999999999999943,0.8270676691729317,2.1804511278195555
2023-12-26,13.44,13.69,13.33,13.63,4048160.0,62766331.0,1083577719.0,0.00373592030273188,0.22000000000000064,1.6405667412378921,2.6845637583892574
2023-12-27,13.6,13.6,13.17,13.38,5851679.0,89487169.0,1083577719.0,0.005400331602794797,-0.25,-1.8341892883345534,3.154805575935434
2023-12-28,13.19,13.49,13.15,13.28,8649787.0,131922968.0,1083577719.0,0.007982617996226998,-0.10000000000000142,-0.7473841554559102,2.541106128550074
2023-12-29,13.19,13.29,13.02,13.22,7930807.0,119517512.0,1083577719.0,0.007319093832345587,-0.05999999999999872,-0.45180722891565717,2.033132530120479
2024-01-02,13.23,13.25,13.08,13.15,7063701.0,106900905.0,1082609919.0,0.00652469636203287,-0.07000000000000028,-0.5295007564296572,1.2859304084720116
2024-01-03,13.13,13.35,12.98,13.25,5761076.0,87287858.0,1082609919.0,0.0053214698100322875,0.09999999999999964,0.7604562737642651,2.813688212927751
2024-01-04,13.21,13.45,13.14,13.4,6641563.0,101992269.0,1082609919.0,0.006134770135982839,0.15000000000000036,1.132075471698113,2.339622641509424
2024-01-05,13.39,13.83,13.39,13.58,7611095.0,118941435.0,1082609919.0,0.007030320770596967,0.17999999999999972,1.3432835820895495,3.2835820895522354
2024-01-08,13.57,13.57,13.26,13.26,4758506.0,73240229.0,1082609919.0,0.004395402181789912,-0.3200000000000003,-2.356406480117823,2.2827687776141423
2024-01-09,13.32,13.7,13.15,13.52,4993058.0,77375162.0,1082609919.0,0.0046120563948019765,0.2599999999999998,1.9607843137254832,4.1478129713423755
2024-01-10,13.5,13.75,13.42,13.7,5017686.0,78599874.0,1082609919.0,0.004634805124115993,0.17999999999999972,1.3313609467455523,2.4408284023668645
2024-01-11,13.7,13.83,13.49,13.52,4309731.0,67539350.0,1082609919.0,0.0039808715257115615,-0.17999999999999972,-1.31386861313868,2.4817518248175174
2024-01-12,13.79,14.48,13.79,14.14,10412371.0,169761896.0,1082609919.0,0.00961784186276239,0.620000000000001,4.585798816568065,5.103550295857998
2024-01-15,14.13,14.7,14.11,14.66,10614445.0,176776503.0,1082609919.0,0.009804496350637999,0.5199999999999996,3.6775106082036713,4.172560113154171
2024-01-16,14.61,14.74,14.37,14.61,6691814.0,111978848.0,1082609919.0,0.006181186669877537,-0.05000000000000071,-0.3410641200545794,2.523874488403827
2024-01-17,14.57,15.02,14.53,14.78,8055693.0,137460603.0,1082609919.0,0.007440993157942792,0.16999999999999993,1.163586584531151,3.3538672142368253
2024-01-18,14.8,14.97,14.35,14.64,8476760.0,142064276.0,1082609919.0,0.007829930108002271,-0.1399999999999988,-0.9472259810554773,4.1948579161028485
2024-01-19,14.7,15.0,14.55,14.67,6312403.0,107127578.0,1082609919.0,0.0058307271060574865,0.02999999999999936,0.2049180327868827,3.0737704918032738
2024-01-22,14.57,14.76,14.07,14.16,6161558.0,102231196.0,1082609919.0,0.00569139252454974,-0.5099999999999998,-3.476482617586907,4.703476482617583
2024-01-23,14.18,14.34,13.87,14.18,6247114.0,101185434.0,1082609919.0,0.0057704200657707075,0.019999999999999574,0.14124293785311437,3.3192090395480274
2024-01-24,14.22,14.62,14.09,14.48,6012300.0,99399041.0,1082609919.0,0.005553523844999983,0.3000000000000007,2.115655853314524,3.737658674188994
2024-01-25,14.49,14.62,14.37,14.52,6599142.0,109647511.0,1082609919.0,0.006095586124035873,0.03999999999999915,0.2762430939226457,1.7265193370165748
2024-01-26,14.43,14.62,14.29,14.36,4199253.0,69474629.0,1082609919.0,0.0038788236892183876,-0.16000000000000014,-1.1019283746556474,2.272727272727273
2024-01-29,14.24,14.81,14.24,14.61,9273050.0,154524943.0,1082609919.0,0.008565458192518187,0.25,1.7409470752089096,3.969359331476325
2024-01-30,14.47,14.59,14.0,14.07,5629441.0,92169429.0,1082609919.0,0.005199879385180472,-0.5399999999999991,-3.696098562628336,4.038329911019849
2024-01-31,13.85,14.25,13.85,14.03,5013919.0,81113686.0,1082609919.0,0.004631325569814958,-0.040000000000000924,-0.2842928216062579,2.8429282160625466
2024-02-01,13.98,14.08,13.82,13.94,4688459.0,74970461.0,1082609919.0,0.004330700206710373,-0.08999999999999986,-0.641482537419813,1.8531717747683523
2024-02-02,13.95,14.14,13.38,13.74,5091557.0,80614346.0,1082609919.0,0.004703039304039482,-0.1999999999999993,-1.4347202295552308,5.451936872309898
2024-02-05,13.61,14.53,13.26,14.28,10241913.0,162968496.0,1082609919.0,0.009460390876023371,0.5399999999999991,3.9301310043668103,9.243085880640463
2024-02-06,14.2,15.4,14.09,15.29,12184498.0,208463887.0,1082609919.0,0.011254744470893767,1.0099999999999998,7.072829131652658,9.173669467787118
2024-02-07,15.29,16.09,15.17,16.09,13886752.0,252307712.0,1082609919.0,0.012827105826655557,0.8000000000000007,5.232177894048395,6.017004578155658
2024-02-08,16.11,16.84,15.11,15.46,15926441.0,291956524.0,1082609919.0,0.014711153778002656,-0.629999999999999,-3.915475450590422,10.752019888129276
2024-02-19,15.59,16.11,15.2,16.03,12921832.0,233774610.0,1082609919.0,0.011935815267548828,0.5700000000000003,3.686934023285904,5.886157826649418
2024-02-20,15.83,16.1,15.68,15.84,6090357.0,111079959.0,1082609919.0,0.005625624606899616,-0.19000000000000128,-1.1852776044915858,2.620087336244552
2024-02-21,15.7,16.2,15.61,15.68,6415373.0,117197426.0,1082609919.0,0.005925839849985708,-0.16000000000000014,-1.0101010101010055,3.7247474747474736
2024-02-22,15.57,15.79,15.3,15.49,7390770.0,131529809.0,1082609919.0,0.006826807948357621,-0.1899999999999995,-1.211734693877553,3.12499999999999
2024-02-23,15.5,15.76,15.22,15.72,8322453.0,147532391.0,1082609919.0,0.007687397698782769,0.23000000000000043,1.484828921885084,3.4861200774693297
2024-02-26,15.64,15.76,15.24,15.54,8343677.0,148169328.0,1082609919.0,0.007707002174621679,-0.1800000000000015,-1.1450381679389388,3.307888040712465
2024-02-27,15.47,15.76,15.35,15.6,5465822.0,97765193.0,1082609919.0,0.0050487455398974595,0.0600000000000005,0.38610038610038533,2.6383526383526394
2024-02-28,15.51,16.13,15.42,15.8,11149015.0,203095485.0,1082609919.0,0.010298275310740063,0.20000000000000107,1.2820512820512997,4.551282051282046
2024-02-29,15.63,16.14,15.56,16.11,6726321.0,123232777.0,1082609919.0,0.006213060569603002,0.3099999999999987,1.9620253164556845,3.670886075949367
2024-03-01,16.12,16.14,15.77,15.84,7156247.0,130750753.0,1082609919.0,0.006610180522463881,-0.2699999999999996,-1.6759776536312776,2.2967101179391745
2024-03-04,15.9,16.37,15.85,16.34,7735776.0,143532348.0,1082609919.0,0.007145487829213211,0.5,3.1565656565656575,3.2828282828282913
2024-03-05,16.5,16.83,16.31,16.71,10049229.0,191422785.0,1082609919.0,0.009282409872322627,0.370000000000001,2.2643818849449326,3.1823745410036692
2024-03-06,16.71,17.33,16.4,17.04,9038724.0,175764304.0,1082609919.0,0.008349012734290309,0.3299999999999983,1.9748653500897495,5.565529622980249
2024-03-07,17.16,17.72,17.05,17.58,9259412.0,185835129.0,1082609919.0,0.008552860857355585,0.5399999999999991,3.169014084507027,3.9319248826290973
2024-03-08,17.37,17.58,16.98,17.24,8045992.0,158684598.0,1082609919.0,0.007432032405016234,-0.33999999999999986,-1.9340159271899915,3.4129692832764387
2024-03-11,17.22,17.32,16.5,16.92,8452782.0,163231835.0,1082609919.0,0.007807781779616227,-0.31999999999999673,-1.856148491879328,4.756380510440837
2024-03-12,16.87,17.16,16.68,16.89,5242575.0,101781924.0,1082609919.0,0.004842533684563443,-0.030000000000001137,-0.17730496453901567,2.836879432624116
2024-03-13,16.87,16.88,16.45,16.71,4760041.0,91016525.0,1082609919.0,0.004396820051673663,-0.17999999999999972,-1.0657193605683846,2.5458851391355815
2024-03-14,16.7,16.97,16.66,16.83,5520310.0,106709780.0,1082609919.0,0.005099075764148804,0.11999999999999744,0.7181328545780907,1.8551765409934096
2024-03-15,16.77,17.21,16.5,17.11,5844854.0,113190926.0,1082609919.0,0.005398855023791815,0.28000000000000114,1.6636957813428443,4.2186571598336355
2024-03-18,17.05,17.13,16.63,16.83,8746376.0,169362753.0,1082609919.0,0.008078972718150387,-0.28000000000000114,-1.6364699006429007,2.922267679719462
2024-03-19,16.77,16.89,16.36,16.45,8310887.0,157902632.0,1082609919.0,0.007676714257039797,-0.379999999999999,-2.257872846108133,3.149138443256098
2024-03-20,16.37,16.45,16.12,16.18,5668951.0,105483844.0,1082609919.0,0.005236374524663855,-0.2699999999999996,-1.6413373860182379,2.0060790273556126
2024-03-21,16.52,16.55,15.96,16.09,6562165.0,121439876.0,1082609919.0,0.006061430700784112,-0.08999999999999986,-0.5562422744128548,3.6464771322620515
2024-03-22,16.04,16.1,15.85,15.95,4277581.0,78266347.0,1082609919.0,0.003951174772120298,-0.14000000000000057,-0.8701056556867703,1.5537600994406575
2024-03-25,15.83,16.03,15.68,15.73,4701957.0,85652233.0,1082609919.0,0.004343168224750026,-0.21999999999999886,-1.3793103448275779,2.194357366771169
2024-03-26,15.74,15.93,15.55,15.61,5533570.0,99993415.0,1082609919.0,0.005111323943079446,-0.120000000000001,-0.7628734901462209,2.4157660521296824
2024-03-27,15.58,16.36,15.57,16.03,10435610.0,192116462.0,1082609919.0,0.009639307581478015,0.4200000000000017,2.6905829596412634,5.060858424087118
2024-03-28,16.03,16.28,15.9,16.06,5649260.0,104501999.0,1082609919.0,0.0052181860713212255,0.029999999999997584,0.18714909544601532,2.3705552089831614
2024-03-29,16.19,16.93,16.15,16.75,9110256.0,174290124.0,1082609919.0,0.008415086394566833,0.6900000000000013,4.296388542963903,4.856787048567878
2024-04-01,16.81,16.9,16.47,16.64,6391724.0,122349239.0,1082609919.0,0.005903995416838593,-0.10999999999999943,-0.6567164179104412,2.567164179104476
2024-04-02,16.56,16.57,16.34,16.43,3064899.0,57855162.0,1082609919.0,0.0028310280057576307,-0.21000000000000085,-1.2620192307692402,1.382211538461541
2024-04-03,16.56,16.94,16.52,16.88,8244195.0,159013763.0,1082609919.0,0.0076151112744423325,0.4499999999999993,2.7388922702373586,2.5562994522215563
2024-04-08,16.73,17.16,16.37,16.42,11303431.0,217612730.0,1082609919.0,0.010440908402576717,-0.4599999999999973,-2.7251184834123032,4.680094786729852
2024-04-09,16.29,16.33,15.66,16.14,10972903.0,200603420.0,1082609919.0,0.010135601759621417,-0.28000000000000114,-1.705237515225344,4.080389768574897
2024-04-10,16.03,16.29,15.8,16.04,7579384.0,139156164.0,1082609919.0,0.0070010295185555195,-0.10000000000000142,-0.619578686493194,3.035935563816595
2024-04-11,15.95,16.4,15.76,15.91,9558087.0,175813814.0,1082609919.0,0.00882874508375902,-0.129999999999999,-0.8104738154613433,3.9900249376558534
2024-04-12,16.1,16.59,15.98,16.41,8052040.0,151456567.0,1082609919.0,0.007437618904727585,0.5,3.1426775612822144,3.834066624764296
2024-04-15,16.03,16.35,15.69,16.19,11524000.0,212159739.0,1082609919.0,0.010644646606087488,-0.21999999999999886,-1.3406459475929222,4.021937842778804
2024-04-16,16.19,16.45,15.52,15.54,10391575.0,188682789.0,1082609919.0,0.009598632727842206,-0.6500000000000021,-4.014823965410763,5.7442865966646055
2024-04-17,15.67,15.8,15.49,15.54,8714674.0,156083721.0,1082609919.0,0.008049689779352557,0.0,0.0,1.9948519948519983
2024-04-18,15.5,15.63,15.19,15.56,9987827.0,176971522.0,1082609919.0,0.009225693229585125,0.02000000000000135,0.12870012870014325,2.8314028314028397
2024-04-19,15.53,15.96,15.43,15.78,9036250.0,163729582.0,1082609919.0,0.008346727515989071,0.21999999999999886,1.4138817480719768,3.406169665809776
2024-04-22,15.76,15.83,15.24,15.29,9742902.0,172428455.0,1082609919.0,0.008999457541456351,-0.4900000000000002,-3.105196451204062,3.7389100126742707
2024-04-23,15.11,15.22,14.76,15.03,7460085.0,128308511.0,1082609919.0,0.0068908337796228895,-0.2599999999999998,-1.7004578155657257,3.008502289077834
2024-04-24,15.1,15.58,15.05,15.49,6454200.0,113808303.0,1082609919.0,0.005961704106647854,0.46000000000000085,3.0605455755156497,3.5262807717897497
2024-04-25,15.42,15.42,15.14,15.22,5670307.0,99317754.0,1082609919.0,0.00523762705336898,-0.2699999999999996,-1.7430600387346673,1.8076178179470586
2024-04-26,14.72,14.72,13.8,14.1,32974613.0,532447319.0,1082609919.0,0.030458443453444842,-1.120000000000001,-7.3587385019710965,6.044678055190538
2024-04-29,13.99,14.21,13.63,14.19,22045478.0,353386756.0,1082609919.0,0.020363269921231896,0.08999999999999986,0.6382978723404209,4.113475177304965
2024-04-30,14.19,14.29,13.87,13.91,13835609.0,223370382.0,1082609919.0,0.012779865357948932,-0.27999999999999936,-1.973220577871737,2.9598308668076103
2024-05-06,13.94,14.25,13.74,14.21,16727266.0,269406702.0,1082609919.0,0.01545087081360835,0.3000000000000007,2.1567217828900143,3.666427030913011
2024-05-07,14.17,14.35,13.94,14.02,13578495.0,219433042.0,1082609919.0,0.012542370766880069,-0.19000000000000128,-1.3370865587614467,2.885292047853625
2024-05-08,14.01,14.01,13.73,13.8,8996325.0,142892239.0,1082609919.0,0.008309849043605521,-0.21999999999999886,-1.5691868758915706,1.9971469329529197
2024-05-09,13.76,14.09,13.75,13.99,12179825.0,195429261.0,1082609919.0,0.011250428050068512,0.1899999999999995,1.376811594202887,2.4637681159420275
2024-05-10,14.06,14.21,13.92,14.07,12954951.0,208970161.0,1082609919.0,0.011966407080369638,0.08000000000000007,0.5718370264474526,2.072909220872058
2024-05-13,14.06,14.81,13.97,14.78,23869476.0,396512053.0,1082609919.0,0.022048085447109227,0.7099999999999991,5.046197583511014,5.970149253731343
2024-05-14,14.76,15.09,14.53,14.98,17050375.0,290356306.0,1082609919.0,0.015749324572741145,0.20000000000000107,1.3531799729364025,3.788903924221925
2024-05-15,14.97,14.98,14.75,14.79,11844543.0,201946132.0,1082609919.0,0.010940730167095392,-0.19000000000000128,-1.2683578104138893,1.535380507343127
2024-05-16,14.88,14.92,14.61,14.66,8008500.0,135731803.0,1082609919.0,0.007397401279490771,-0.129999999999999,-0.8789722785665921,2.096010818120355
2024-05-17,14.68,14.79,14.53,14.72,6687568.0,112386160.0,1082609919.0,0.006177264666277272,0.0600000000000005,0.4092769440654953,1.7735334242837637
2024-05-20,14.85,15.11,14.76,14.96,12540902.0,215400775.0,1082609919.0,0.011583952612944792,0.2400000000000002,1.6304347826086918,2.377717391304345
2024-05-21,14.87,14.95,14.73,14.88,6091133.0,103925803.0,1082609919.0,0.005626341393238241,-0.08000000000000007,-0.5347593582887722,1.47058823529411
2024-05-22,14.88,15.33,14.81,15.08,10838000.0,187816522.0,1082609919.0,0.010010992703642502,0.1999999999999993,1.3440860215053752,3.4946236559139754
2024-05-23,14.94,15.15,14.85,15.08,7353500.0,127010122.0,1082609919.0,0.006792381882841404,0.0,0.0,1.9893899204244079
2024-05-24,15.04,15.3,14.95,15.03,4871991.0,84648342.0,1082609919.0,0.004500227565345261,-0.05000000000000071,-0.3315649867374093,2.320954907161813
2024-05-27,15.15,15.15,14.81,14.92,5780117.0,99151380.0,1082609919.0,0.005339057862446945,-0.10999999999999943,-0.7318695941450404,2.26214238190286
2024-05-28,14.91,15.06,14.78,14.93,5999888.0,102917455.0,1082609919.0,0.005542058958356911,0.009999999999999787,0.06702412868633267,1.8766756032171656
2024-05-29,14.92,14.95,14.63,14.69,5659783.0,95958233.0,1082609919.0,0.005227906100498235,-0.2400000000000002,-1.6075016744809156,2.143335565974538
2024-05-30,14.61,14.68,14.31,14.4,7606396.0,126376335.0,1082609919.0,0.007025980333734592,-0.28999999999999915,-1.9741320626276315,2.5187202178352566
2024-05-31,14.41,14.75,14.41,14.57,5328400.0,89004375.0,1082609919.0,0.004921809699399217,0.16999999999999993,1.1805555555555625,2.36111111111111
2024-06-03,14.57,14.66,14.17,14.28,6875875.0,113370817.0,1082609919.0,0.006351202662498421,-0.2900000000000009,-1.9903912148249936,3.363074811256007
2024-06-04,14.33,14.75,14.27,14.71,7048268.0,117843783.0,1082609919.0,0.006510440996615329,0.4300000000000015,3.0112044817927286,3.361344537815129
2024-06-05,14.68,14.77,14.31,14.38,5221383.0,87114200.0,1082609919.0,0.004822958766924063,-0.33000000000000007,-2.2433718558803495,3.1271244051665468
2024-06-06,14.38,14.53,14.21,14.25,4497075.0,74009262.0,1082609919.0,0.004153920004865575,-0.13000000000000078,-0.9040333796940248,2.225312934631422
2024-06-07,14.33,14.39,14.09,14.15,5043856.0,82327115.0,1082609919.0,0.004658978189169907,-0.09999999999999964,-0.7017543859649145,2.105263157894742
2024-06-11,14.01,14.14,13.86,13.98,5766467.0,92783056.0,1082609919.0,0.005326449442959519,-0.16999999999999993,-1.201413427561837,1.9787985865724462
2024-06-12,14.01,14.24,13.95,14.16,5590387.0,90721413.0,1082609919.0,0.005163805450040404,0.17999999999999972,1.2875536480686733,2.074391988555085
2024-06-13,14.14,14.14,13.7,13.76,5606503.0,89101282.0,1082609919.0,0.0051786916982791845,-0.40000000000000036,-2.824858757062154,3.1073446327683705
2024-06-14,13.74,13.78,13.42,13.48,6950658.0,108051523.0,1082609919.0,0.006420279251108543,-0.27999999999999936,-2.034883720930225,2.6162790697674376
2024-06-17,13.41,13.44,12.81,12.89,12112645.0,181078098.0,1082609919.0,0.0111883743049282,-0.5899999999999999,-4.376854599406532,4.673590504451031
2024-06-18,12.89,12.94,12.63,12.69,8624744.0,125868981.0,1082609919.0,0.007966622001733202,-0.20000000000000107,-1.5515903801396558,2.4049650892164367
2024-06-19,12.71,12.73,12.3,12.3,10398432.0,148084068.0,1082609919.0,0.00960496649578545,-0.3899999999999988,-3.0732860520094496,3.3884948778565778
2024-06-20,12.27,12.32,12.06,12.12,7494095.0,104683599.0,1082609919.0,0.0069222486035618895,-0.1800000000000015,-1.4634146341463539,2.1138211382113803
2024-06-21,12.11,12.26,11.91,11.95,8497734.0,117255228.0,1082609919.0,0.007849303660407345,-0.16999999999999993,-1.4026402640264002,2.887788778877885
2024-06-24,11.88,11.88,11.58,11.64,10982643.0,147576194.0,1082609919.0,0.010144598536603653,-0.3099999999999987,-2.5941422594142116,2.510460251046031
2024-06-25,11.67,11.75,11.58,11.65,6658575.0,89274519.0,1082609919.0,0.006150484013808486,0.009999999999999787,0.0859106529209619,1.4604810996563566
2024-06-26,11.64,11.84,11.34,11.78,11508252.0,152776256.0,1082609919.0,0.010630100277143313,0.129999999999999,1.1158798283261717,4.291845493562231
2024-06-27,11.71,11.76,11.46,11.5,5659534.0,75163086.0,1082609919.0,0.005227676100758135,-0.27999999999999936,-2.376910016977929,2.5466893039049148
2024-06-28,11.47,11.56,11.34,11.37,6373066.0,83673984.0,1082609919.0,0.005886761139124571,-0.13000000000000078,-1.1304347826087024,1.913043478260875
2024-07-01,11.37,11.7,11.31,11.64,6281491.0,83144405.0,1079796332.0,0.005817292403990126,0.27000000000000135,2.3746701846965923,3.4300791556728125
2024-07-02,11.66,11.82,11.45,11.49,6403312.0,85138784.0,1079796332.0,0.0059301109016917835,-0.15000000000000036,-1.2886597938144395,3.1786941580756096
2024-07-03,11.53,11.57,11.43,11.48,5045500.0,66593414.0,1079796332.0,0.004672640432714491,-0.009999999999999787,-0.08703220191470518,1.218450826805923
2024-07-04,11.51,11.79,11.44,11.51,9329353.0,124482710.0,1079796332.0,0.008639919143566788,0.02999999999999936,0.2613240418118501,3.048780487804875
2024-07-05,11.46,12.17,11.42,12.09,14057808.0,190899826.0,1079796332.0,0.013018944020639625,0.5800000000000001,5.039096437880097,6.516072980017376
2024-07-08,12.06,12.15,11.84,11.98,11121039.0,152707625.0,1079796332.0,0.010299200571835245,-0.10999999999999943,-0.9098428453267138,2.5641025641025683
2024-07-09,11.84,12.07,11.53,12.04,13105613.0,177438881.0,1079796332.0,0.012137115687109038,0.05999999999999872,0.5008347245408995,4.507512520868121
2024-07-10,11.98,12.0,11.39,11.71,22010700.0,279420004.0,1079796332.0,0.020384121845674133,-0.3299999999999983,-2.7408637873754027,5.066445182724248
2024-07-11,11.66,11.78,11.37,11.6,17646538.0,222518924.0,1079796332.0,0.016342468924037797,-0.11000000000000121,-0.9393680614859234,3.501280956447482
2024-07-12,11.67,11.72,11.37,11.63,13981255.0,176807771.0,1079796332.0,0.012948048243601554,0.030000000000001137,0.2586206896551868,3.017241379310357
2024-07-15,11.6,11.97,11.49,11.95,12039301.0,154984253.0,1079796332.0,0.011149603534678428,0.3199999999999985,2.751504729148735,4.127257093723133
2024-07-16,11.89,11.92,11.7,11.91,9295226.0,120116835.0,1079796332.0,0.008608314109368543,-0.03999999999999915,-0.33472803347279756,1.8410041841004237
2024-07-17,11.98,12.12,11.78,11.87,7417080.0,96765583.0,1079796332.0,0.0068689620257017135,-0.040000000000000924,-0.3358522250209939,2.85474391267842
2024-07-18,11.75,11.9,11.66,11.85,5610077.0,72429574.0,1079796332.0,0.005195495514981986,-0.019999999999999574,-0.16849199663016012,2.021903959561923
2024-07-19,11.79,11.79,11.53,11.63,6827475.0,86815729.0,1079796332.0,0.006322928498334628,-0.21999999999999886,-1.8565400843881807,2.194092827004218
2024-07-22,11.62,11.89,11.55,11.7,6299837.0,80862830.0,1079796332.0,0.005834282645071996,0.06999999999999851,0.6018916595012858,2.923473774720549
2024-07-23,11.69,11.71,11.15,11.15,11518615.0,143080582.0,1079796332.0,0.010667395932587776,-0.5499999999999989,-4.700854700854695,4.786324786324791
2024-07-24,11.07,11.23,10.79,10.81,10391700.0,124600242.0,1079796332.0,0.009623759307232024,-0.33999999999999986,-3.0493273542600896,3.9461883408071863
2024-07-25,10.76,10.91,10.7,10.75,6839002.0,80880873.0,1079796332.0,0.006333603659620507,-0.0600000000000005,-0.5550416281221104,1.94264569842739
2024-07-26,10.74,10.95,10.74,10.89,5273300.0,62769292.0,1079796332.0,0.004883606142866579,0.14000000000000057,1.3023255813953583,1.9534883720930147
2024-07-29,10.95,10.95,10.53,10.73,6476850.0,75791184.0,1079796332.0,0.005998214485507254,-0.16000000000000014,-1.4692378328741929,3.8567493112947653
2024-07-30,10.72,10.8,10.58,10.77,5392500.0,63126880.0,1079796332.0,0.004993997330970745,0.03999999999999915,0.37278657968311535,2.0503261882572286
2024-07-31,10.79,11.13,10.7,11.07,14930882.0,178966019.0,1079796332.0,0.01382749835086493,0.3000000000000007,2.785515320334264,3.9925719591457893
2024-08-01,11.08,11.13,10.58,10.75,17963582.0,211613597.0,1079796332.0,0.01663608355357888,-0.3200000000000003,-2.890695573622404,4.968383017163512
2024-08-02,10.72,10.79,10.55,10.61,10302028.0,120080947.0,1079796332.0,0.009540714016798494,-0.14000000000000057,-1.3023255813953583,2.232558139534869
2024-08-05,10.55,10.84,10.37,10.39,15863257.0,183571686.0,1079796332.0,0.014690971371071485,-0.21999999999999886,-2.0735155513666226,4.429783223374181
2024-08-06,10.48,10.62,10.38,10.47,8627741.0,98889405.0,1079796332.0,0.007990155869505213,0.08000000000000007,0.7699711260827691,2.3099133782483006
2024-08-07,10.42,10.54,10.32,10.42,8339200.0,95197065.0,1079796332.0,0.007722937884549139,-0.05000000000000071,-0.47755491881567025,2.10124164278891
2024-08-08,10.43,10.52,10.32,10.51,9261525.0,105877917.0,1079796332.0,0.00857710359401369,0.08999999999999986,0.8637236084452882,1.9193857965450989
2024-08-09,10.51,10.72,10.33,10.34,9240635.0,106216641.0,1079796332.0,0.008557757353078321,-0.16999999999999993,-1.6175071360608917,3.710751665080881
2024-08-12,10.28,10.4,10.26,10.28,5473675.0,61798410.0,1079796332.0,0.005069173544849567,-0.0600000000000005,-0.5802707930367523,1.3539651837524234
2024-08-13,10.32,10.39,10.15,10.27,6960128.0,77966817.0,1079796332.0,0.00644577851742508,-0.009999999999999787,-0.09727626459143934,2.3346303501945544
2024-08-14,10.25,10.3,9.96,9.98,11012727.0,121123165.0,1079796332.0,0.01019889276675187,-0.28999999999999915,-2.8237585199610393,3.3106134371957143
2024-08-15,9.91,10.07,9.78,9.87,12264922.0,132838926.0,1079796332.0,0.011358551271685557,-0.11000000000000121,-1.102204408817642,2.9058116232465023
2024-08-16,9.85,9.89,9.64,9.66,10714800.0,114193126.0,1079796332.0,0.009922982401833164,-0.20999999999999908,-2.127659574468077,2.5329280648429586
2024-08-19,9.65,9.88,9.58,9.68,10746450.0,114605931.0,1079796332.0,0.009952293484916191,0.019999999999999574,0.20703933747412417,3.1055900621118084
2024-08-20,9.66,9.68,9.3,9.34,13019887.0,134049498.0,1079796332.0,0.012057724789530032,-0.33999999999999986,-3.51239669421487,3.9256198347107336
2024-08-21,9.36,9.43,9.27,9.32,8818633.0,90122819.0,1079796332.0,0.00816694105977015,-0.019999999999999574,-0.21413276231262435,1.713062098501072
2024-08-22,9.3,9.33,9.12,9.18,8500385.0,85497239.0,1079796332.0,0.00787221140514117,-0.14000000000000057,-1.5021459227467893,2.2532188841201806
2024-08-23,9.18,9.41,9.14,9.26,7945825.0,80628362.0,1079796332.0,0.007358633072296823,0.08000000000000007,0.8714596949891185,2.9411764705882306
2024-08-26,9.28,9.31,9.11,9.19,6604800.0,66483172.0,1079796332.0,0.006116709053610676,-0.07000000000000028,-0.7559395248380119,2.159827213822906
2024-08-27,9.17,9.29,9.13,9.2,7423200.0,74864960.0,1079796332.0,0.006874629761198337,0.009999999999999787,0.10881392818280489,1.7410228509249008
2024-08-28,9.37,9.65,9.32,9.43,21031318.0,218659266.0,1079796332.0,0.019477115615910427,0.23000000000000043,2.5000000000000133,3.5869565217391313
2024-08-29,9.38,9.74,9.27,9.69,13603845.0,142832567.0,1079796332.0,0.012598528626970739,0.2599999999999998,2.75715800636267,4.984093319194068
2024-08-30,9.73,10.16,9.59,9.94,16296129.0,176531266.0,1079796332.0,0.015091854377590162,0.25,2.579979360165119,5.882352941176474
2024-09-02,9.89,9.99,9.59,9.61,10581040.0,112854918.0,1079796332.0,0.009799107189410234,-0.33000000000000007,-3.319919517102621,4.024144869215295
2024-09-03,9.6,9.75,9.53,9.68,7953345.0,84124418.0,1079796332.0,0.007365597348593327,0.07000000000000028,0.7284079084287187,2.2892819979188412
2024-09-04,9.62,9.84,9.59,9.75,6233100.0,66387792.0,1079796332.0,0.005772477471242234,0.07000000000000028,0.723140495867769,2.5826446280991737
2024-09-05,9.73,9.9,9.7,9.89,7260120.0,77984081.0,1079796332.0,0.006723601280023611,0.14000000000000057,1.4358974358974486,2.051282051282062
2024-09-06,9.85,9.91,9.65,9.66,7032000.0,75058351.0,1079796332.0,0.006512339217688692,-0.23000000000000043,-2.3255813953488413,2.6289180990899874
2024-09-09,9.6,9.66,9.5,9.57,6388250.0,66965423.0,1079796332.0,0.005916161974886204,-0.08999999999999986,-0.9316770186335366,1.656314699792962
2024-09-10,9.57,9.65,9.35,9.61,8330875.0,86586465.0,1079796332.0,0.007715228097292703,0.03999999999999915,0.4179728317659226,3.1347962382445216
2024-09-11,9.55,9.6,9.47,9.51,3909850.0,40804075.0,1079796332.0,0.003620914318868051,-0.09999999999999964,-1.0405827263267442,1.3527575442247557
2024-09-12,9.52,9.62,9.43,9.49,5986158.0,62391496.0,1079796332.0,0.005543784343953486,-0.019999999999999574,-0.2103049421661396,1.9978969505783335
2024-09-13,9.53,9.58,9.37,9.37,5527500.0,57187356.0,1079796332.0,0.0051190209081021405,-0.120000000000001,-1.2644889357218192,2.2128556375131807
2024-09-18,9.35,9.46,9.2,9.44,7079452.0,72218269.0,1079796332.0,0.006556284542000092,0.07000000000000028,0.7470651013874008,2.7748132337246703
2024-09-19,9.45,9.88,9.38,9.77,10545684.0,112008697.0,1079796332.0,0.009766363977609807,0.33000000000000007,3.495762711864403,5.296610169491526
2024-09-20,9.76,9.76,9.56,9.66,7024482.0,73984801.0,1079796332.0,0.006505376793593331,-0.10999999999999943,-1.1258955987717423,2.0470829068577205
2024-09-23,9.65,9.79,9.57,9.59,5569925.0,58899835.0,1079796332.0,0.005158310724841395,-0.07000000000000028,-0.7246376811594235,2.277432712215309
2024-09-24,9.64,10.0,9.59,9.99,10533484.0,113318518.0,1079796332.0,0.009755065550639415,0.40000000000000036,4.171011470281538,4.275286757038583
2024-09-25,10.13,10.35,10.05,10.08,13030600.0,145547367.0,1079796332.0,0.012067646104950836,0.08999999999999986,0.9009009009008917,3.003003003002992
2024-09-26,10.07,10.76,10.02,10.72,16743869.0,190898152.0,1079796332.0,0.015506506647403577,0.6400000000000006,6.349206349206349,7.341269841269843
2024-09-27,10.94,11.34,10.83,11.14,19734201.0,238341065.0,1079796332.0,0.01827585482111084,0.41999999999999993,3.917910447761197,4.757462686567162
2024-09-30,11.48,12.1,11.24,12.05,30609482.0,393583186.0,1079796332.0,0.028347458768733805,0.9100000000000001,8.16876122082586,7.719928186714537
2024-10-08,13.2,13.23,11.56,12.03,52938014.0,709675593.0,1079796332.0,0.04902592501119924,-0.02000000000000135,-0.16597510373445035,13.858921161825725
2024-10-09,11.74,11.75,10.99,11.04,27112209.0,337658941.0,1079796332.0,0.025108632245289014,-0.9900000000000002,-8.22942643391521,6.317539484621777
2024-10-10,11.13,11.39,10.91,11.08,19319198.0,236694341.0,1079796332.0,0.0178915203057015,0.040000000000000924,0.36231884057971175,4.347826086956526
2024-10-11,11.13,11.18,10.58,10.69,16523399.0,196754591.0,1079796332.0,0.015302329254439438,-0.39000000000000057,-3.5198555956678756,5.415162454873642
2024-10-14,10.78,10.99,10.54,10.94,14234153.0,168306741.0,1079796332.0,0.013182257225893225,0.25,2.3386342376052305,4.20954162768944
2024-10-15,10.94,10.95,10.65,10.66,13181591.0,155845634.0,1079796332.0,0.012207478956318588,-0.27999999999999936,-2.559414990859221,2.742230347349168
2024-10-16,10.58,10.99,10.51,10.89,13289950.0,157027103.0,1079796332.0,0.012307830288128816,0.23000000000000043,2.157598499061919,4.502814258911824
2024-10-17,10.93,10.99,10.73,10.73,10659177.0,126440528.0,1079796332.0,0.009871469909753315,-0.16000000000000014,-1.4692378328741929,2.387511478420567
2024-10-18,10.73,11.18,10.69,10.96,17460030.0,209736432.0,1079796332.0,0.01616974375867763,0.23000000000000043,2.143522833178002,4.566635601118361
2024-10-21,11.05,11.14,10.75,10.88,17764002.0,206740096.0,1079796332.0,0.01645125240155011,-0.08000000000000007,-0.7299270072992692,3.5583941605839464
2024-10-22,10.89,11.13,10.84,11.11,13872797.0,163137958.0,1079796332.0,0.012847605227834761,0.22999999999999865,2.113970588235281,2.6654411764705963
2024-10-23,11.11,11.32,11.05,11.21,13857575.0,165584132.0,1079796332.0,0.012833508124937769,0.10000000000000142,0.900090009000909,2.4302430243024262
2024-10-24,11.16,11.17,11.02,11.06,7817052.0,92411893.0,1079796332.0,0.0072393763234231846,-0.15000000000000036,-1.338090990187335,1.338090990187336
2024-10-25,11.05,11.16,10.97,11.03,12267700.0,144772226.0,1079796332.0,0.011361123979072749,-0.030000000000001137,-0.2712477396021762,1.7179023508137388
2024-10-28,11.0,11.07,10.87,10.88,17905710.0,209257057.0,1079796332.0,0.016582488261314077,-0.14999999999999858,-1.359927470534894,1.8132366273798828
2024-10-29,10.9,10.94,10.63,10.69,18212900.0,209505649.0,1079796332.0,0.01686697709582514,-0.19000000000000128,-1.7463235294117752,2.8492647058823413
2024-10-30,10.61,10.66,10.23,10.35,22849167.0,253987401.0,1079796332.0,0.021160626613426946,-0.33999999999999986,-3.1805425631431183,4.022450888681008
2024-10-31,10.43,10.6,10.4,10.57,15495082.0,173966005.0,1079796332.0,0.014350004293217028,0.22000000000000064,2.1256038647343045,1.9323671497584474
2024-11-01,10.56,10.67,10.36,10.44,12074423.0,135371759.0,1079796332.0,0.01118213003894516,-0.13000000000000078,-1.2298959318826963,2.9328287606433348
2024-11-04,10.5,10.61,10.4,10.61,8327687.0,93558962.0,1079796332.0,0.007712275688671259,0.16999999999999993,1.6283524904214586,2.0114942528735544
2024-11-05,10.61,10.79,10.51,10.76,13957696.0,158986638.0,1079796332.0,0.012926230240241268,0.15000000000000036,1.413760603204528,2.639019792648439
2024-11-06,10.73,10.84,10.63,10.71,14677127.0,168156639.0,1079796332.0,0.013592495700383617,-0.049999999999998934,-0.4646840148698761,1.951672862453523
2024-11-07,10.66,11.35,10.61,11.35,29405922.0,348223610.0,1079796332.0,0.027232841165087417,0.6399999999999988,5.975723622782425,6.909430438842206
2024-11-08,11.37,11.45,11.16,11.3,20379225.0,245745198.0,1079796332.0,0.01887321191604122,-0.049999999999998934,-0.4405286343612258,2.555066079295147
2024-11-11,11.19,11.26,10.96,11.17,15084625.0,178646621.0,1079796332.0,0.01396987983100502,-0.13000000000000078,-1.1504424778761124,2.6548672566371585
2024-11-12,11.32,11.85,11.26,11.38,24177823.0,297172250.0,1079796332.0,0.022391095694146143,0.21000000000000085,1.8800358102059267,5.282005371530885
2024-11-13,11.38,11.69,11.34,11.62,19225674.0,237588549.0,1079796332.0,0.017804907675867156,0.23999999999999844,2.1089630931458547,3.0755711775043904
2024-11-14,11.62,11.92,11.61,11.64,22655957.0,284935397.0,1079796332.0,0.020981694722037637,0.02000000000000135,0.1721170395869276,2.6678141135972506
2024-11-15,11.52,11.76,11.43,11.48,15182850.0,187666017.0,1079796332.0,0.014060846059625251,-0.16000000000000014,-1.3745704467354014,2.8350515463917527
2024-11-18,11.47,11.63,11.33,11.49,15757400.0,193358056.0,1079796332.0,0.014592937142890759,0.009999999999999787,0.08710801393727596,2.613240418118473
2024-11-19,11.45,11.8,11.45,11.77,15005912.0,187035197.0,1079796332.0,0.013896983676732845,0.27999999999999936,2.4369016536118338,3.0461270670148077
2024-11-20,11.76,11.76,11.53,11.62,9943300.0,123187499.0,1079796332.0,0.009208495811041521,-0.15000000000000036,-1.274426508071369,1.9541206457094344
2024-11-21,11.57,11.67,11.46,11.56,10244251.0,126498270.0,1079796332.0,0.00948720670408797,-0.05999999999999872,-0.5163511187607495,1.8072289156626429
2024-11-22,11.56,11.62,11.17,11.19,11700009.0,142104056.0,1079796332.0,0.01083538501962609,-0.370000000000001,-3.2006920415225015,3.8927335640138345
2024-11-25,11.17,11.53,11.17,11.47,12789922.0,155557767.0,1079796332.0,0.011844754071640984,0.28000000000000114,2.502234137622894,3.2171581769436948
2024-11-26,11.48,11.65,11.41,11.45,7130612.0,87738087.0,1079796332.0,0.0066036638472300345,-0.02000000000000135,-0.17436791630340842,2.092414995640804
2024-11-27,11.41,11.85,11.3,11.8,14859252.0,184426849.0,1079796332.0,0.013761161766939582,0.3500000000000014,3.0567685589519833,4.803493449781651
2024-11-28,11.77,12.16,11.64,12.04,17232932.0,220721838.0,1079796332.0,0.015959428171126628,0.23999999999999844,2.033898305084736,4.406779661016945
2024-11-29,12.04,12.35,11.99,12.22,15452357.0,201789048.0,1079796332.0,0.01431043664630637,0.1800000000000015,1.4950166112956964,2.9900332225913577
2024-12-02,12.22,12.42,12.18,12.31,15447301.0,203263747.0,1079796332.0,0.014305754281817656,0.08999999999999986,0.7364975450081745,1.9639934533551573
2024-12-03,12.36,12.4,12.17,12.21,11440974.0,150199684.0,1079796332.0,0.010595492558128082,-0.09999999999999964,-0.8123476848091005,1.8683996750609295
2024-12-04,12.18,12.29,12.0,12.28,10585586.0,137662592.0,1079796332.0,0.009803317242607563,0.06999999999999851,0.5733005733005614,2.375102375102368
2024-12-05,12.2,12.5,12.14,12.44,8708575.0,114934865.0,1079796332.0,0.008065016283089208,0.16000000000000014,1.3029315960912058,2.9315960912052073
2024-12-06,12.37,12.53,12.34,12.43,7620070.0,101229980.0,1079796332.0,0.007056951180678765,-0.009999999999999787,-0.0803858520900258,1.527331189710607
2024-12-09,12.44,12.74,12.41,12.72,11102268.0,149668778.0,1079796332.0,0.010281816738010553,0.2900000000000009,2.3330651649235756,2.6548672566371687
2024-12-10,12.88,13.07,12.55,12.61,11989317.0,163183864.0,1079796332.0,0.011103313323720384,-0.11000000000000121,-0.8647798742138502,4.088050314465405
2024-12-11,12.56,13.14,12.54,13.11,16053108.0,222171754.0,1079796332.0,0.014866792490641653,0.5,3.965107057890571,4.758128469468687
2024-12-12,13.09,13.58,12.93,13.5,20290095.0,290024346.0,1079796332.0,0.018790668572117357,0.39000000000000057,2.9748283752860427,4.958047292143405
2024-12-13,13.48,13.61,13.23,13.32,30739120.0,440605436.0,1079796332.0,0.028467516594601658,-0.17999999999999972,-1.3333333333333308,2.8148148148148073
2024-12-16,13.27,13.51,13.21,13.39,15683895.0,223928783.0,1079796332.0,0.014524864120394141,0.07000000000000028,0.5255255255255387,2.2522522522522443
2024-12-17,13.39,13.61,13.23,13.48,12801591.0,184352943.0,1079796332.0,0.011855560739207993,0.08999999999999986,0.6721433905899854,2.83793876026885
2024-12-18,13.48,13.61,13.27,13.33,10497839.0,150838984.0,1079796332.0,0.00972205469577387,-0.15000000000000036,-1.1127596439169163,2.522255192878337
2024-12-19,13.24,13.46,13.18,13.44,9185995.0,130578265.0,1079796332.0,0.008507155217860102,0.10999999999999943,0.8252063015753874,2.1005251312828292
2024-12-20,13.4,13.95,13.35,13.79,13900321.0,204889283.0,1079796332.0,0.012873095219960424,0.34999999999999964,2.604166666666674,4.464285714285712
2024-12-23,13.75,13.82,13.09,13.16,16304867.0,233322824.0,1079796332.0,0.015099946644382562,-0.629999999999999,-4.568527918781717,5.293691080493114
2024-12-24,13.12,13.36,13.09,13.3,11080532.0,156442408.0,1079796332.0,0.010261687015991826,0.14000000000000057,1.0638297872340496,2.0516717325227933
2024-12-25,13.25,13.42,13.17,13.35,6396815.0,91029485.0,1079796332.0,0.0059240940262797635,0.049999999999998934,0.3759398496240518,1.8796992481203008
2024-12-26,13.33,13.52,13.22,13.35,7934182.0,113151182.0,1079796332.0,0.0073478504833446685,0.0,0.0,2.2471910112359472
2024-12-27,13.35,13.43,13.19,13.35,6516784.0,92521392.0,1079796332.0,0.006035197385723292,0.0,0.0,1.7977528089887655
2024-12-30,13.32,13.51,13.23,13.44,8473024.0,121029517.0,1079796332.0,0.007846872367408634,0.08999999999999986,0.6741573033707926,2.0973782771535534
2024-12-31,13.42,13.77,13.36,13.61,12855118.0,186894888.0,1089549176.0,0.01179856612548161,0.16999999999999993,1.2648809523809534,3.0505952380952395
2025-01-02,13.54,13.8,13.27,13.34,14211033.0,205523596.0,1089549176.0,0.013043039555288507,-0.2699999999999996,-1.983835415135926,3.8941954445260927
2025-01-03,13.32,13.54,12.56,12.62,16362134.0,225580955.0,1089549176.0,0.015017343283273706,-0.7200000000000006,-5.397301349325345,7.3463268365816985
2025-01-06,12.55,13.01,12.34,12.65,11039540.0,149963433.0,1089549176.0,0.010132209030278776,0.030000000000001137,0.23771790808242432,5.309033280507132
2025-01-07,12.64,12.95,12.55,12.85,6991219.0,95237809.0,1089549176.0,0.00641661629782188,0.1999999999999993,1.5810276679841806,3.1620553359683683
2025-01-08,12.81,12.96,12.62,12.76,5543459.0,75586792.0,1089549176.0,0.0050878465351618055,-0.08999999999999986,-0.7003891050583633,2.6459143968871723
2025-01-09,12.7,12.71,12.36,12.37,5458096.0,72837257.0,1089549176.0,0.00500949945190909,-0.39000000000000057,-3.056426332288409,2.742946708463961
2025-01-10,12.35,12.36,11.95,11.97,8121465.0,105179092.0,1089549176.0,0.007453968282382511,-0.3999999999999986,-3.233629749393685,3.314470493128538
2025-01-13,11.97,12.08,11.54,11.62,7574371.0,94929206.0,1089549176.0,0.0069518395010011004,-0.3500000000000014,-2.923976608187151,4.511278195488729
2025-01-14,11.65,11.95,11.48,11.92,8986826.0,112650628.0,1089549176.0,0.008248205953395168,0.3000000000000007,2.581755593803803,4.04475043029259
2025-01-15,11.9,12.09,11.78,11.91,7821619.0,99637006.0,1089549176.0,0.007178766385483458,-0.009999999999999787,-0.0838926174496657,2.6006711409396015
2025-01-16,11.95,12.13,11.76,11.86,4732363.0,60377855.0,1089549176.0,0.004343413867168121,-0.05000000000000071,-0.4198152812762479,3.1066330814441727
2025-01-17,11.84,11.85,11.57,11.67,7720950.0,96184606.0,1089549176.0,0.007086371290138078,-0.1899999999999995,-1.6020236087689654,2.3608768971332155
2025-01-20,11.7,12.06,11.69,11.77,7129565.0,90271116.0,1089549176.0,0.006543591750648986,0.09999999999999964,0.8568980291345341,3.170522707797781
2025-01-21,11.84,11.85,11.54,11.65,5105640.0,63387794.0,1089549176.0,0.004686011528863751,-0.11999999999999922,-1.0195412064570863,2.633814783347498
2025-01-22,11.61,11.72,11.35,11.65,6838754.0,84456802.0,1089549176.0,0.006276682274320769,0.0,0.0,3.17596566523606
2025-01-23,11.73,11.76,11.49,11.52,5911010.0,73286380.0,1089549176.0,0.005425188812221175,-0.13000000000000078,-1.1158798283261828,2.3175965665236014
2025-01-24,11.48,11.7,11.39,11.57,7075943.0,87300999.0,1089549176.0,0.006494376899973902,0.05000000000000071,0.4340277777777901,2.690972222222211
2025-01-27,11.59,11.88,11.58,11.79,6748350.0,84952844.0,1089549176.0,0.0061937085068292505,0.21999999999999886,1.9014693171996555,2.5929127052722616
2025-02-05,11.9,11.92,11.26,11.35,11146250.0,135909894.0,1089549176.0,0.010230148620662167,-0.4399999999999995,-3.7319762510602206,5.597964376590332
2025-02-06,11.32,11.38,11.25,11.38,5996677.0,72541336.0,1089549176.0,0.0055038149099568496,0.030000000000001137,0.2643171806167466,1.145374449339214
2025-02-07,11.37,11.63,11.35,11.49,6626956.0,81501199.0,1089549176.0,0.006082291782670304,0.10999999999999943,0.9666080843585112,2.4604569420035247
2025-02-10,11.57,11.71,11.42,11.58,5399592.0,66427367.0,1089549176.0,0.004955803848912277,0.08999999999999986,0.7832898172323688,2.5239338555265527
2025-02-11,11.59,12.44,11.59,12.08,18351063.0,236120258.0,1089549176.0,0.016842803798329888,0.5,4.317789291882557,7.340241796200342
2025-02-12,12.09,12.09,11.79,12.01,9101782.0,115498492.0,1089549176.0,0.00835371381162882,-0.07000000000000028,-0.5794701986755024,2.4834437086092773
2025-02-13,11.97,11.99,11.85,11.89,7055060.0,89679628.0,1089549176.0,0.006475210257054061,-0.11999999999999922,-0.9991673605328821,1.1656952539550423
2025-02-14,11.91,12.07,11.8,11.93,6303856.0,80364568.0,1089549176.0,0.005785747113446488,0.03999999999999915,0.3364171572750152,2.270815811606388
2025-02-17,11.91,11.92,11.43,11.5,16050959.0,198731493.0,1089549176.0,0.014731743507830434,-0.4299999999999997,-3.604358759430004,4.107292539815592
2025-02-18,11.48,11.69,11.33,11.44,9959177.0,121959327.0,1089549176.0,0.009140640201814994,-0.0600000000000005,-0.521739130434784,3.130434782608691
2025-02-19,11.43,11.58,11.39,11.57,8218910.0,101040495.0,1089549176.0,0.007543404355711247,0.13000000000000078,1.1363636363636465,1.6608391608391566
2025-02-20,11.59,12.1,11.58,12.08,14917388.0,189059359.0,1089549176.0,0.01369133980236244,0.5099999999999998,4.407951598962834,4.494382022471907
2025-02-21,12.08,12.12,11.73,11.85,9472361.0,120239578.0,1089549176.0,0.008693835219788188,-0.23000000000000043,-1.9039735099337762,3.228476821192043
2025-02-24,11.85,12.22,11.73,12.09,10004335.0,128685059.0,1089549176.0,0.009182086701885589,0.2400000000000002,2.0253164556962133,4.135021097046415
2025-02-25,12.01,12.13,11.88,11.93,5615111.0,72095965.0,1089549176.0,0.005153609514546593,-0.16000000000000014,-1.3234077750206796,2.0678246484698097
2025-02-26,11.91,12.12,11.88,12.0,4749801.0,60767776.0,1089549176.0,0.004359418651884695,0.07000000000000028,0.5867560771165126,2.011735121542317
2025-02-27,11.97,12.33,11.94,12.11,9740966.0,126188532.0,1089549176.0,0.008940363789509213,0.10999999999999943,0.9166666666666545,3.250000000000005
2025-02-28,12.08,12.34,11.97,12.05,7579525.0,98241573.0,1089549176.0,0.006956569897860213,-0.05999999999999872,-0.49545829892649884,3.0553261767134536
2025-03-03,12.02,12.16,11.89,12.1,7080450.0,91017863.0,1089549176.0,0.006498513473245929,0.049999999999998934,0.4149377593360981,2.240663900414934
2025-03-04,12.02,12.07,11.8,11.9,11262830.0,143217824.0,1089549176.0,0.01033714700363373,-0.1999999999999993,-1.6528925619834656,2.2314049586776825
2025-03-05,11.88,12.6,11.86,12.57,16875555.0,221447010.0,1089549176.0,0.015488566621613416,0.6699999999999999,5.630252100840338,6.218487394957985
2025-03-06,12.42,12.51,12.21,12.25,13126658.0,172043376.0,1089549176.0,0.012047788469898306,-0.3200000000000003,-2.545743834526648,2.386634844868727
2025-03-07,12.22,12.29,11.99,12.26,9044944.0,117278167.0,1089549176.0,0.008301547281423486,0.009999999999999787,0.08163265306122547,2.448979591836726
2025-03-10,12.17,12.28,12.12,12.26,5701006.0,74334450.0,1089549176.0,0.0052324448731444866,0.0,0.0,1.305057096247962
2025-03-11,12.21,12.39,12.11,12.38,5724425.0,75013665.0,1089549176.0,0.005253939084251118,0.120000000000001,0.978792822185981,2.2838499184339405
2025-03-12,12.39,13.1,12.39,13.05,19086662.0,263050247.0,1089549176.0,0.017517944504415833,0.6699999999999999,5.4119547657512035,5.735056542810978
2025-03-13,13.05,13.39,12.79,12.95,16625288.0,231690511.0,1089549176.0,0.01525886886632825,-0.10000000000000142,-0.766283524904221,4.597701149425298
2025-03-14,12.97,13.35,12.86,13.25,17453142.0,245397141.0,1089549176.0,0.016018682207695048,0.3000000000000007,2.316602316602312,3.7837837837837855
2025-03-17,13.22,13.44,12.84,12.88,12870706.0,179680725.0,1089549176.0,0.011812872960219649,-0.3699999999999992,-2.792452830188674,4.52830188679245
2025-03-18,12.88,13.16,12.69,13.1,9781033.0,135605534.0,1089549176.0,0.008977137714801044,0.21999999999999886,1.7080745341614856,3.649068322981371
2025-03-19,13.07,13.62,13.0,13.55,14147951.0,201200988.0,1089549176.0,0.012985142214452926,0.45000000000000107,3.435114503816794,4.73282442748091
2025-03-20,13.54,13.59,12.78,12.82,14944760.0,208116031.0,1089549176.0,0.013716462119558338,-0.7300000000000004,-5.38745387453875,5.977859778597789
2025-03-21,12.83,12.91,12.52,12.82,9310649.0,126762242.0,1089549176.0,0.008545414199826809,0.0,0.0,3.042121684867399
2025-03-24,12.79,12.88,12.36,12.5,8561575.0,115077357.0,1089549176.0,0.007857905993221549,-0.3200000000000003,-2.49609984399376,4.05616224648987
2025-03-25,12.51,12.53,12.29,12.35,6279716.0,82986160.0,1089549176.0,0.005763591160753629,-0.15000000000000036,-1.200000000000001,1.9200000000000015
2025-03-26,12.36,12.41,12.2,12.27,6601157.0,86588067.0,1089549176.0,0.006058613181861559,-0.08000000000000007,-0.6477732793522262,1.700404858299602
2025-03-27,12.27,12.38,12.19,12.32,5547778.0,72794169.0,1089549176.0,0.00509181056000358,0.05000000000000071,0.4074979625101838,1.5484922575387228
2025-03-28,12.41,12.45,12.23,12.28,6682975.0,88049475.0,1089549176.0,0.006133706625831086,-0.040000000000000924,-0.32467532467532756,1.7857142857142767
2025-03-31,12.25,12.41,12.15,12.31,6279091.0,82439496.0,1089549176.0,0.005763017529004125,0.030000000000001137,0.2442996742671122,2.117263843648207
2025-04-01,12.32,12.66,12.3,12.53,7791976.0,104452521.0,1089549176.0,0.007151559719962562,0.21999999999999886,1.7871649065799966,2.9244516653127492
2025-04-02,12.57,13.11,12.53,12.88,9846106.0,135463675.0,1089549176.0,0.009036862416937847,0.3500000000000014,2.7932960893854775,4.628890662410217
2025-04-03,12.8,12.8,12.44,12.53,8536954.0,114804851.0,1089549176.0,0.007835308573534271,-0.3500000000000014,-2.717391304347838,2.79503105590063
2025-04-07,12.06,12.29,11.35,11.56,13598359.0,172326065.0,1089549176.0,0.012480720741695095,-0.9699999999999989,-7.741420590582592,7.501995211492414
2025-04-08,11.61,12.15,11.6,11.97,10851268.0,138584597.0,1089549176.0,0.009959410955490458,0.41000000000000014,3.5467128027681705,4.757785467128034
2025-04-09,11.87,12.35,11.56,12.17,7746346.0,98583042.0,1089549176.0,0.0071096800131947415,0.1999999999999993,1.670843776106934,6.599832915622382
2025-04-10,12.26,12.51,12.23,12.28,6755107.0,88957836.0,1089549176.0,0.006199910154399493,0.10999999999999943,0.9038619556285932,2.3007395234182364
2025-04-11,12.36,12.55,12.23,12.25,6078630.0,80241189.0,1089549176.0,0.00557903225838427,-0.02999999999999936,-0.24429967426710109,2.605863192182413
2025-04-14,12.23,12.68,12.13,12.61,12207375.0,161936057.0,1089549176.0,0.011204060604970803,0.35999999999999943,2.9387755102040725,4.489795918367339
2025-04-15,12.55,13.22,12.4,13.14,15445335.0,213877417.0,1089549176.0,0.014175895260371434,0.5300000000000011,4.203013481364004,6.502775574940525
2025-04-16,13.15,13.39,12.81,12.94,9053625.0,125630946.0,1089549176.0,0.008309514796971404,-0.20000000000000107,-1.5220700152207112,4.414003044140031
2025-04-17,12.92,13.09,12.66,12.82,8734075.0,119564355.0,1089549176.0,0.008016228356084775,-0.11999999999999922,-0.9273570324574876,3.323029366306026
2025-04-18,12.79,12.86,12.57,12.62,4614600.0,62466863.0,1089549176.0,0.004235329714021095,-0.20000000000000107,-1.5600624024961096,2.262090483619338
2025-04-21,12.61,13.04,12.6,13.0,8233594.0,112980977.0,1089549176.0,0.007556881489486804,0.3800000000000008,3.0110935023771823,3.4865293185419928
2025-04-22,12.95,13.35,12.8,13.1,11283437.0,157902056.0,1089549176.0,0.01035606033077299,0.09999999999999964,0.7692307692307665,4.230769230769223
2025-04-23,12.95,13.1,12.45,12.49,11229102.0,152587928.0,1089549176.0,0.010306191080998074,-0.6099999999999994,-4.65648854961832,4.961832061068705
2025-04-24,12.52,12.71,12.36,12.41,7533284.0,100580790.0,1089549176.0,0.006914129408694078,-0.08000000000000007,-0.6405124099279402,2.8022417934347588
2025-04-25,12.39,12.67,12.39,12.6,5587750.0,74921735.0,1089549176.0,0.005128497293269487,0.1899999999999995,1.5310233682514163,2.256244963738915
2025-04-28,12.6,12.64,12.44,12.51,4626075.0,61803274.0,1089549176.0,0.004245861592941997,-0.08999999999999986,-0.7142857142857117,1.5873015873015959
2025-04-29,12.23,12.54,11.82,12.15,16823472.0,218482779.0,1089549176.0,0.015440764281758312,-0.35999999999999943,-2.877697841726612,5.755395683453228
2025-04-30,12.09,12.32,12.05,12.21,8162975.0,106436465.0,1089549176.0,0.007492066608657598,0.0600000000000005,0.49382716049382047,2.2222222222222183
2025-05-06,12.27,12.51,12.2,12.43,6028500.0,79724161.0,1089549176.0,0.005533022403020018,0.21999999999999886,1.8018018018017834,2.538902538902543
2025-05-07,12.51,12.52,12.17,12.24,6730320.0,88293630.0,1089549176.0,0.006177160378119546,-0.1899999999999995,-1.528559935639573,2.8157683024939635
2025-05-08,12.19,12.24,12.13,12.21,3907375.0,50907588.0,1089549176.0,0.003586230971551852,-0.02999999999999936,-0.2450980392156854,0.8986928104575118
2025-05-09,12.21,12.36,12.14,12.3,4890289.0,63895821.0,1089549176.0,0.004488360055443702,0.08999999999999986,0.7371007371007376,1.8018018018017925
2025-05-12,12.32,12.36,12.09,12.14,6452905.0,83905552.0,1089549176.0,0.005922545895257507,-0.16000000000000014,-1.3008130081300862,2.195121951219509
2025-05-13,12.18,12.78,12.18,12.67,15195975.0,203771102.0,1089549176.0,0.01394702995948115,0.5299999999999994,4.365733113673809,4.942339373970342
2025-05-14,12.65,12.67,12.32,12.61,7433733.0,99115104.0,1089549176.0,0.0068227604258222115,-0.0600000000000005,-0.47355958958169575,2.7624309392265163
2025-05-15,12.56,12.6,12.43,12.45,4379328.0,58454239.0,1089549176.0,0.004019394531670042,-0.16000000000000014,-1.2688342585249868,1.348136399682791
2025-05-16,12.45,12.79,12.42,12.62,5731725.0,77272590.0,1089549176.0,0.0052606391030853294,0.16999999999999993,1.3654618473895486,2.971887550200797
2025-05-19,12.57,12.79,12.5,12.68,4685628.0,63240685.0,1089549176.0,0.0043005199794671775,0.0600000000000005,0.47543581616482644,2.2979397781299458
2025-05-20,12.68,13.37,12.6,13.33,17865685.0,251949511.0,1089549176.0,0.016397318628232342,0.6500000000000004,5.126182965299697,6.0725552050473155
2025-05-21,13.3,13.45,13.09,13.39,8969104.0,127137905.0,1089549176.0,0.00823194051041162,0.0600000000000005,0.4501125281320295,2.700675168792194
2025-05-22,13.36,13.54,13.2,13.24,5561249.0,78894887.0,1089549176.0,0.0051041743892797,-0.15000000000000036,-1.1202389843166571,2.5392083644510817
2025-05-23,13.25,13.29,13.12,13.14,3591590.0,50591948.0,1089549176.0,0.0032964000883242374,-0.09999999999999964,-0.7552870090634434,1.2839879154078544
2025-05-26,13.14,13.37,13.06,13.33,8566640.0,121283482.0,1089549176.0,0.007862554704919533,0.1899999999999995,1.4459665144596512,2.3592085235920752
2025-05-27,13.33,13.98,13.24,13.91,17802559.0,260890299.0,1089549176.0,0.016339380903721595,0.5800000000000001,4.351087771942996,5.551387846961742
2025-05-28,13.84,15.31,13.78,15.31,28864265.0,459152345.0,1089549176.0,0.026491934128175597,1.4000000000000004,10.064701653486697,10.999281092739045
2025-05-29,15.02,15.02,14.43,14.58,29282263.0,459880494.0,1089549176.0,0.026875577206622567,-0.7300000000000004,-4.768125408229917,3.853690398432396
2025-05-30,14.58,14.65,14.05,14.06,16831357.0,257769195.0,1089549176.0,0.01544800121991006,-0.5199999999999996,-3.566529492455417,4.115226337448557
2025-06-03,14.05,14.83,14.05,14.71,25197771.0,392810081.0,1089549176.0,0.02312678633974755,0.6500000000000004,4.623044096728313,5.5476529160739645
2025-06-04,14.57,15.16,14.51,15.06,23934764.0,380028523.0,1089549176.0,0.021967584875673386,0.34999999999999964,2.3793337865397612,4.4187627464310015
2025-06-05,14.92,15.1,13.58,13.63,35643155.0,533984640.0,1089549176.0,0.03271367257681263,-1.4299999999999997,-9.495351925630812,10.092961487383795
2025-06-06,13.63,13.66,13.34,13.35,14507434.0,207970136.0,1089549176.0,0.013315079593984293,-0.28000000000000114,-2.05429200293471,2.3477622890682337
2025-06-09,13.35,13.41,13.18,13.29,13700130.0,194414351.0,1089549176.0,0.0125741272645412,-0.0600000000000005,-0.44943820224719877,1.7228464419475689
2025-06-10,13.3,13.35,13.07,13.22,14135650.0,199492859.0,1089549176.0,0.012973852223811878,-0.06999999999999851,-0.5267118133935211,2.106847253574111
2025-06-11,13.22,13.56,13.13,13.4,16229150.0,221792922.0,1089549176.0,0.014895289131951948,0.17999999999999972,1.3615733736762392,3.252647503782146
2025-06-12,13.34,13.79,13.34,13.7,15149400.0,209609734.0,1089549176.0,0.013904282921508079,0.29999999999999893,2.238805970149249,3.358208955223875
2025-06-13,13.87,14.17,13.74,13.84,24222026.0,343136484.0,1089549176.0,0.022231237041475217,0.14000000000000057,1.0218978102189746,3.1386861313868595
2025-06-16,13.7,13.71,13.28,13.43,16081894.0,219803704.0,1089549176.0,0.014760135984903907,-0.41000000000000014,-2.962427745664742,3.106936416184982
2025-06-17,13.34,13.47,13.25,13.27,9538999.0,129263977.0,1089549176.0,0.008754996295825752,-0.16000000000000014,-1.1913626209977712,1.6381236038719333
2025-06-18,13.27,13.27,13.0,13.1,8733400.0,116471662.0,1089549176.0,0.00801560883379531,-0.16999999999999993,-1.2810851544837965,2.0346646571213234
2025-06-19,13.08,13.16,12.77,12.86,10184364.0,134285997.0,1089549176.0,0.009347319262256043,-0.2400000000000002,-1.8320610687022953,2.9770992366412257
2025-06-20,12.82,12.93,12.78,12.9,6382975.0,83590051.0,1079096804.0,0.005915108798709778,0.040000000000000924,0.3110419906687367,1.166407465007779
2025-06-23,12.95,12.98,12.74,12.9,7261875.0,95344255.0,1079096804.0,0.006729586236454093,0.0,0.0,1.8604651162790715
2025-06-24,12.91,12.98,12.83,12.93,7940350.0,104362269.0,1079096804.0,0.007358329642499803,0.02999999999999936,0.23255813953488857,1.1627906976744213
2025-06-25,12.92,12.92,12.76,12.91,8379600.0,109519017.0,1079096804.0,0.007765383021188153,-0.019999999999999574,-0.15467904098994678,1.237432327919568
2025-06-26,12.89,12.93,12.74,12.76,9627923.0,125503140.0,1079096804.0,0.008922205092547007,-0.15000000000000036,-1.161890007745936,1.4717273431448452
2025-06-27,12.72,12.79,12.6,12.74,7470925.0,96768388.0,1079096804.0,0.006923313063579419,-0.019999999999999574,-0.15673981191222097,1.4890282131661403
2025-06-30,12.74,12.96,12.74,12.94,10172649.0,133670513.0,1079096804.0,0.009427003177372028,0.1999999999999993,1.5698587127158437,1.7268445839874462
2025-07-01,12.96,13.08,12.86,13.05,8846000.0,117030406.0,1079096804.0,0.00819759632982844,0.11000000000000121,0.8500772797527034,1.7001545595054144
2025-07-02,13.02,13.09,12.79,12.86,10100787.0,132789999.0,1079096804.0,0.00936040859592797,-0.19000000000000128,-1.4559386973180155,2.298850574712649
2025-07-03,12.86,12.93,12.82,12.87,5824475.0,76313389.0,1079096804.0,0.005397546335425899,0.009999999999999787,0.07776049766718973,0.8553654743390313
2025-07-04,12.83,12.88,12.69,12.72,10159771.0,131859542.0,1079096804.0,0.00941506912293663,-0.14999999999999858,-1.1655011655011593,1.4763014763014863
2025-07-07,12.71,12.88,12.64,12.86,9167767.0,119717364.0,1079096804.0,0.008495778104445207,0.1399999999999988,1.1006289308175932,1.8867924528301903
2025-07-08,12.88,12.99,12.84,12.99,7836767.0,103425166.0,1079096804.0,0.007262339181202876,0.13000000000000078,1.010886469673422,1.166407465007779
2025-07-09,12.99,13.53,12.95,13.25,13816410.0,185803697.0,1079096804.0,0.012803679844834385,0.2599999999999998,2.001539645881456,4.464973056197075
2025-07-10,13.14,13.2,13.05,13.11,7478490.0,99841419.0,1079096804.0,0.006930323556031957,-0.14000000000000057,-1.0566037735849076,1.1320754716981025
2025-07-11,13.11,13.15,13.05,13.12,7382575.0,98561661.0,1079096804.0,0.006841439037382229,0.009999999999999787,0.07627765064834868,0.7627765064835976
2025-07-14,13.12,13.17,13.05,13.06,6077100.0,81128058.0,1079096804.0,0.005631654155098397,-0.05999999999999872,-0.45731707317072656,0.9146341463414575
2025-07-15,13.03,13.07,12.76,12.85,8607729.0,112834255.0,1079096804.0,0.007976790375147844,-0.21000000000000085,-1.607963246554367,2.3736600306278755
2025-07-16,12.85,12.94,12.82,12.92,3872775.0,50901031.0,1079096804.0,0.003588904151735399,0.07000000000000028,0.5447470817120603,0.9338521400778149
2025-07-17,12.93,12.93,12.78,12.93,6348300.0,83192592.0,1079096804.0,0.005882975444342063,0.009999999999999787,0.07739938080495445,1.1609907120743062
2025-07-18,12.92,12.93,12.86,12.92,3793125.0,49798442.0,1079096804.0,0.0035150924235338573,-0.009999999999999787,-0.07733952049496784,0.5413766434648127
2025-07-21,12.92,12.96,12.84,12.86,9458308.0,124172256.0,1079096804.0,0.008765022716164026,-0.0600000000000005,-0.4643962848297267,0.9287925696594505
2025-07-22,12.89,12.96,12.87,12.93,7353683.0,96768835.0,1079096804.0,0.006814664794429323,0.07000000000000028,0.5443234836703059,0.6998444790046784
2025-07-23,12.93,13.18,12.9,13.09,11957157.0,159122451.0,1079096804.0,0.01108070838100638,0.16000000000000014,1.2374323279195742,2.165506573859237
2025-07-24,13.06,13.17,13.06,13.16,7724600.0,103357160.0,1079096804.0,0.007158393919216908,0.07000000000000028,0.5347593582887722,0.8403361344537772
2025-07-25,13.16,13.19,12.97,13.04,9085400.0,120930639.0,1079096804.0,0.008419448529846633,-0.120000000000001,-0.911854103343468,1.6717325227963438
2025-07-28,13.06,13.11,12.84,12.84,9838875.0,129523358.0,1079096804.0,0.009117694504820348,-0.1999999999999993,-1.5337423312883347,2.0705521472392605
2025-07-29,12.87,12.91,12.8,12.87,5931335.0,77590833.0,1079096804.0,0.005496573595634521,0.02999999999999936,0.2336448598130758,0.8566978193146373
2025-07-30,12.87,12.95,12.84,12.9,4700110.0,61735197.0,1079096804.0,0.0043555962565894136,0.030000000000001137,0.2331002331002363,0.8547008547008503
2025-07-31,12.86,12.89,12.69,12.71,7584501.0,98703222.0,1079096804.0,0.007028564047160314,-0.1899999999999995,-1.4728682170542573,1.5503875968992331
2025-08-01,12.72,12.75,12.65,12.67,5300323.0,68539116.0,1079096804.0,0.004911814195309209,-0.040000000000000924,-0.31471282454760274,0.786782061368998
2025-08-04,12.67,12.81,12.64,12.8,3856250.0,50063140.0,1079096804.0,0.003573590419048262,0.13000000000000078,1.0260457774269982,1.3417521704814517
2025-08-05,12.81,12.82,12.73,12.79,3913525.0,50905573.0,1079096804.0,0.0036266672141862816,-0.010000000000001563,-0.07812500000000666,0.7031249999999989
2025-08-06,12.79,12.8,12.73,12.78,4453875.0,57950709.0,1079096804.0,0.004127410055789582,-0.009999999999999787,-0.07818608287724071,0.5473025801407372
2025-08-07,12.78,12.99,12.74,12.99,10700170.0,140871410.0,1079096804.0,0.009915857372884963,0.21000000000000085,1.6431924882629234,1.9561815336463224
2025-08-08,12.99,13.01,12.89,12.93,5683679.0,74860047.0,1079096804.0,0.005267070552828734,-0.0600000000000005,-0.46189376443418473,0.9237875288683541
2025-08-11,12.92,12.97,12.88,12.93,5531900.0,72825205.0,1079096804.0,0.005126416814037751,0.0,0.0,0.6960556844547553
2025-08-12,12.92,12.96,12.89,12.92,3532126.0,46519273.0,1079096804.0,0.003273224410365319,-0.009999999999999787,-0.07733952049496784,0.5413766434648127
2025-08-13,12.95,12.95,12.87,12.91,5766592.0,75746870.0,1079096804.0,0.005343906106129103,-0.009999999999999787,-0.07739938080495445,0.6191950464396291
2025-08-14,12.9,12.92,12.69,12.74,7028350.0,91652165.0,1079096804.0,0.006513178404335261,-0.16999999999999993,-1.3168086754453912,1.7815646785437678
2025-08-15,12.74,12.83,12.69,12.8,5124308.0,66702951.0,1079096804.0,0.0047487009330443725,0.0600000000000005,0.47095761381477086,1.0989010989011034
2025-08-18,12.77,12.85,12.74,12.78,6495698.0,84686899.0,1079096804.0,0.0060195693064067305,-0.02000000000000135,-0.15625000000001332,0.8593749999999956
2025-08-19,12.77,12.78,12.68,12.7,7653850.0,99169298.0,1079096804.0,0.007092829829194823,-0.08000000000000007,-0.6259780907668211,0.7824726134585261
2025-08-20,12.7,12.85,12.67,12.85,7650447.0,99461079.0,1079096804.0,0.00708967626596733,0.15000000000000036,1.1811023622047223,1.4173228346456672
2025-08-21,12.84,13.03,12.82,12.99,12811245.0,168698708.0,1079096804.0,0.011872192515547475,0.14000000000000057,1.0894941634241206,1.6342412451361796
2025-08-22,12.97,13.0,12.87,12.96,8114286.0,106905663.0,1079096804.0,0.007519516293553956,-0.02999999999999936,-0.2309468822170868,1.0007698229407296
2025-08-25,12.99,13.04,12.94,13.01,7934984.0,104970073.0,1079096804.0,0.007353356965368234,0.049999999999998934,0.38580246913579863,0.7716049382716021
2025-08-26,13.01,13.11,12.97,13.02,7860675.0,104602202.0,1079096804.0,0.007284494746775286,0.009999999999999787,0.0768639508070601,1.0760953112989915
2025-08-27,13.02,13.05,12.83,12.86,8824722.0,116526554.0,1079096804.0,0.008177877987673107,-0.16000000000000014,-1.228878648233489,1.6897081413210495
2025-08-28,13.48,13.92,13.05,13.2,38397911.0,526872900.0,1079096804.0,0.03558337941291873,0.33999999999999986,2.6438569206842955,6.7651632970450954
2025-08-29,13.29,13.4,13.1,13.12,16514626.0,222606047.0,1079096804.0,0.015304119091803,-0.08000000000000007,-0.60606060606061,2.2727272727272783
2025-09-01,13.18,13.63,13.15,13.6,21833695.0,300601539.0,1079096804.0,0.020233305222540535,0.4800000000000004,3.658536585365857,3.658536585365857
2025-09-02,13.61,13.84,13.52,13.66,15624124.0,217520092.0,1079096804.0,0.01447889006999598,0.0600000000000005,0.4411764705882337,2.35294117647059
2025-09-03,13.74,13.87,13.5,13.52,10824030.0,150574753.0,1079096804.0,0.010030638548717266,-0.14000000000000057,-1.024890190336758,2.70863836017569
2025-09-04,13.54,13.63,13.38,13.62,13080100.0,180501429.0,1079096804.0,0.012121340691135992,0.09999999999999964,0.7396449704141883,1.849112426035503
2025-09-05,13.56,13.69,13.47,13.66,12745287.0,176655233.0,1079096804.0,0.011811069176329429,0.040000000000000924,0.2936857562408246,1.6152716593245144
2025-09-08,13.65,14.07,13.61,14.01,16361762.0,232419994.0,1079096804.0,0.01516245988251486,0.34999999999999964,2.5622254758418617,3.367496339677898
2025-09-09,14.24,14.61,14.11,14.3,26356699.0,384613959.0,1079096804.0,0.024424777186162438,0.2900000000000009,2.0699500356887945,3.5688793718772307
2025-09-10,13.94,14.2,13.85,14.09,15087799.0,215871586.0,1079096804.0,0.013981877199591817,-0.21000000000000085,-1.4685314685314754,2.447552447552445
2025-09-11,14.01,14.13,13.77,14.09,11054275.0,156947910.0,1079096804.0,0.010244006801821647,0.0,0.0,2.5550035486160483
2025-09-12,14.03,14.24,13.98,14.01,8618908.0,123620710.0,1079096804.0,0.007987149964721793,-0.08000000000000007,-0.5677785663591228,1.8452803406671385
2025-09-15,13.99,14.05,13.72,13.86,11232455.0,158460302.0,1079096804.0,0.010409126371576205,-0.15000000000000036,-1.0706638115631772,2.3554603854389726
2025-09-16,13.93,14.0,13.65,13.73,7867787.0,110397733.0,1079096804.0,0.007291085443711498,-0.129999999999999,-0.9379509379509265,2.525252525252523
2025-09-17,13.73,13.79,13.58,13.64,7148058.0,99293170.0,1079096804.0,0.00662411191795171,-0.08999999999999986,-0.6554989075018169,1.5294974508375752
2025-09-18,13.64,13.67,13.35,13.42,11858154.0,162457819.0,1079096804.0,0.010988962209918657,-0.22000000000000064,-1.6129032258064613,2.346041055718477
2025-09-19,13.42,13.79,13.4,13.72,9085703.0,125926581.0,1079096804.0,0.008419729320225102,0.3000000000000007,2.2354694485842153,2.9061102831594545
2025-09-22,13.71,13.74,13.35,13.49,7437153.0,101996675.0,1079096804.0,0.006892016520141598,-0.23000000000000043,-1.6763848396501468,2.8425655976676425
2025-09-23,13.5,13.59,13.28,13.5,7221978.0,98656066.0,1079096804.0,0.006692613649887151,0.009999999999999787,0.0741289844329085,2.297998517420315
2025-09-24,13.36,13.55,13.34,13.51,4765500.0,65320206.0,1079096804.0,0.004416193229685443,0.009999999999999787,0.07407407407407085,1.555555555555562
2025-09-25,13.49,13.5,13.15,13.19,6411350.0,86825669.0,1079096804.0,0.005941403937287539,-0.3200000000000003,-2.3686158401184376,2.590673575129531
2025-09-26,13.15,13.27,13.1,13.18,4171440.0,56008131.0,1079096804.0,0.0038656772817205007,-0.009999999999999787,-0.07581501137224889,1.2888551933282786
2025-09-29,13.2,13.41,13.06,13.34,7820190.0,105330296.0,1079096804.0,0.007246977260067949,0.16000000000000014,1.2139605462822445,2.6555386949924102
2025-09-30,13.34,13.34,13.09,13.25,10447633.0,140449752.0,1079096804.0,0.009681831102893342,-0.08999999999999986,-0.6746626686656709,1.8740629685157422
2025-10-09,13.45,13.54,13.09,13.28,12951450.0,174698357.0,1079096804.0,0.012002120617901487,0.02999999999999936,0.22641509433962703,3.396226415094334
2025-10-10,13.25,13.4,13.18,13.38,10897000.0,147900819.0,1079096804.0,0.01009825991477962,0.10000000000000142,0.7530120481927804,1.6566265060241014
2025-10-13,13.17,13.35,13.06,13.26,9473528.0,127196324.0,1079096804.0,0.008779127104151817,-0.120000000000001,-0.8968609865470878,2.1674140508221162
2025-10-14,13.31,13.54,13.27,13.49,10962825.0,149929853.0,1079096804.0,0.010159260002775432,0.23000000000000043,1.7345399698340813,2.036199095022621
2025-10-15,13.45,13.58,13.39,13.54,7991700.0,109873087.0,1079096804.0,0.007405915734692511,0.049999999999998934,0.3706449221645647,1.4084507042253482
2025-10-16,13.54,13.81,13.49,13.65,8296962.0,115615423.0,1079096804.0,0.00768880231064052,0.11000000000000121,0.8124076809453484,2.3633677991137394
2025-10-17,13.74,13.93,13.52,13.66,11251540.0,157421784.0,1079096804.0,0.010426812458616085,0.009999999999999787,0.073260073260073,3.003663003663005
2025-10-20,13.55,13.58,13.37,13.43,8193825.0,112176676.0,1079096804.0,0.007593225157953484,-0.23000000000000043,-1.68374816983895,1.5373352855051308
2025-10-21,13.52,13.54,13.35,13.41,5827332.0,79684436.0,1079096804.0,0.005400193919951597,-0.019999999999999574,-0.14892032762471308,1.4147431124348437
2025-10-22,13.3,13.48,13.25,13.39,4427075.0,60269665.0,1079096804.0,0.004102574471159309,-0.019999999999999574,-0.1491424310216205,1.7151379567486982
2025-10-23,13.36,13.43,13.27,13.4,4373350.0,59433926.0,1079096804.0,0.004052787464283881,0.009999999999999787,0.07468259895444529,1.1949215832710989
2025-10-24,13.41,13.43,13.32,13.39,4348507.0,59245843.0,1079096804.0,0.004029765433352169,-0.009999999999999787,-0.07462686567164534,0.8208955223880555
2025-10-27,13.38,13.58,13.3,13.41,6265148.0,85951129.0,1079096804.0,0.005805918409522043,0.019999999999999574,0.14936519790889058,2.0911127707244166
2025-10-28,13.39,13.56,13.38,13.46,4457037.0,61219330.0,1079096804.0,0.004130340284095587,0.05000000000000071,0.37285607755406236,1.3422818791946287
2025-10-29,13.46,13.75,13.24,13.73,10002024.0,138303224.0,1079096804.0,0.009268884833060816,0.2699999999999996,2.0059435364041533,3.7890044576523016
2025-10-30,13.69,13.83,13.45,13.5,10343737.0,143600533.0,1079096804.0,0.009585550584208754,-0.23000000000000043,-1.6751638747268816,2.7676620538965824
2025-10-31,13.51,13.68,13.44,13.58,6905600.0,95288575.0,1079096804.0,0.006399425866523093,0.08000000000000007,0.592592592592589,1.7777777777777795
2025-11-03,13.54,13.54,12.89,13.0,22176325.0,295977886.0,1079096804.0,0.020550820758431232,-0.5800000000000001,-4.270986745213545,4.786450662739312
2025-11-04,12.99,13.04,12.79,12.84,11323173.0,148837222.0,1079096804.0,0.010493194825549683,-0.16000000000000014,-1.2307692307692353,1.9230769230769231
2025-11-05,12.8,12.96,12.78,12.93,6142595.0,80755060.0,1079096804.0,0.005692348431790926,0.08999999999999986,0.7009345794392496,1.4018691588785164
2025-11-06,12.95,13.03,12.9,12.95,4663648.0,61557031.0,1079096804.0,0.0043218068876793745,0.019999999999999574,0.15467904098993568,1.0054137664346403
2025-11-07,12.96,13.0,12.9,12.97,5888470.0,77668862.0,1079096804.0,0.005456850560739869,0.02000000000000135,0.1544401544401719,0.7722007722007695
2025-11-10,12.98,13.29,12.92,13.25,11071268.0,148051356.0,1079096804.0,0.010259754230538895,0.27999999999999936,2.1588280647648395,2.852737085582106
2025-11-11,13.3,13.36,13.2,13.3,6876469.0,91337309.0,1079096804.0,0.006372430142050536,0.05000000000000071,0.37735849056603765,1.2075471698113218
2025-11-12,13.29,13.46,13.25,13.3,7720025.0,103066773.0,1079096804.0,0.0071541542625123,0.0,0.0,1.5789473684210589
2025-11-13,13.31,13.35,13.22,13.3,5138175.0,68254219.0,1079096804.0,0.004761551494688701,0.0,0.0,0.9774436090225488
2025-11-14,13.28,13.57,13.28,13.33,7049700.0,94522498.0,1079096804.0,0.006532963468956767,0.02999999999999936,0.22556390977443996,2.1804511278195555
2025-11-17,13.3,13.38,13.16,13.23,5880162.0,77913351.0,1079096804.0,0.005449151529504484,-0.09999999999999964,-0.7501875468867159,1.6504126031507926
2025-11-18,13.23,13.29,13.06,13.12,5206145.0,68476600.0,1079096804.0,0.004824539356155854,-0.11000000000000121,-0.8314436885865528,1.7384731670445852
2025-11-19,13.12,13.3,13.08,13.28,6987186.0,92154436.0,1079096804.0,0.006475031687703896,0.16000000000000014,1.2195121951219523,1.676829268292688
2025-11-20,13.27,13.33,13.15,13.2,4066507.0,53823971.0,1079096804.0,0.0037684357741828694,-0.08000000000000007,-0.6024096385542133,1.355421686746986
2025-11-21,13.17,13.24,12.93,12.94,6733875.0,87952822.0,1079096804.0,0.006240288151200937,-0.2599999999999998,-1.9696969696969657,2.3484848484848526
2025-11-24,12.94,13.03,12.91,12.94,4214440.0,54670152.0,1079096804.0,0.0039055254212392236,0.0,0.0,0.9273570324574901
2025-11-25,13.0,13.06,12.91,12.91,4278818.0,55552825.0,1079096804.0,0.003965184573005185,-0.02999999999999936,-0.23183925811436357,1.159196290571873
2025-11-26,12.93,13.02,12.92,12.96,2876225.0,37282854.0,1079096804.0,0.0026654003508660195,0.05000000000000071,0.38729666924866013,0.7745933384972862
2025-11-27,12.96,12.98,12.9,12.93,2978175.0,38551813.0,1079096804.0,0.002759877509562154,-0.030000000000001137,-0.23148148148148806,0.6172839506172845
2025-11-28,12.92,13.02,12.79,12.97,4070100.0,52545429.0,1079096804.0,0.0037717654105849804,0.040000000000000924,0.30935808197989356,1.7788089713843807
2025-12-01,13.0,13.09,12.9,12.93,6839100.0,88820704.0,1079096804.0,0.0063378002554069284,-0.040000000000000924,-0.30840400925212785,1.4649190439475674
2025-12-02,12.93,12.93,12.66,12.69,8738900.0,111561026.0,1079096804.0,0.008098346661399249,-0.2400000000000002,-1.8561484918793503,2.088167053364266
2025-12-03,12.68,12.72,12.54,12.58,6454275.0,81334668.0,1079096804.0,0.005981182574237334,-0.10999999999999943,-0.8668242710795804,1.4184397163120686
2025-12-04,12.56,12.63,12.37,12.41,6635643.0,82687499.0,1079096804.0,0.006149256466521793,-0.16999999999999993,-1.3513513513513487,2.0667726550079615
2025-12-05,12.39,12.45,12.33,12.4,5424772.0,67199763.0,1079096804.0,0.005027141197982827,-0.009999999999999787,-0.08058017727639033,0.9669621273166737
2025-12-08,12.43,12.43,12.16,12.2,12405160.0,151912762.0,1079096804.0,0.011495873172839089,-0.20000000000000107,-1.6129032258064613,2.1774193548387064
2025-12-09,12.19,12.22,11.95,11.99,11524850.0,139309976.0,1079096804.0,0.010680089086798926,-0.20999999999999908,-1.7213114754098258,2.213114754098372
2025-12-10,11.99,12.04,11.95,12.04,8570145.0,102749675.0,1079096804.0,0.007941961247806642,0.049999999999998934,0.4170141784820558,0.750625521267722
2025-12-11,12.05,12.07,11.84,11.91,12059394.0,143856572.0,1079096804.0,0.011175451502866281,-0.129999999999999,-1.0797342192690906,1.9102990033222629
2025-12-12,11.9,11.97,11.76,11.95,23359838.0,276933155.0,1079096804.0,0.0216475833432271,0.03999999999999915,0.3358522250209939,1.7632241813602085
2025-12-15,11.9,12.13,11.87,12.07,12296522.0,148120673.0,1079096804.0,0.011395198238396414,0.120000000000001,1.004184100418426,2.175732217573235
2025-12-16,12.05,12.15,11.93,11.95,7125175.0,85665550.0,1079096804.0,0.006602906220821316,-0.120000000000001,-0.9942004971002616,1.822700911350461
2025-12-17,11.95,12.08,11.87,12.02,7596637.0,91054677.0,1079096804.0,0.007039810489513784,0.07000000000000028,0.585774058577404,1.7573221757322246
2025-12-18,12.0,12.14,11.98,12.11,6366108.0,76911472.0,1079096804.0,0.005899478134308329,0.08999999999999986,0.7487520798668879,1.3311148086522475
2025-12-19,12.13,12.24,12.06,12.22,6821611.0,83082968.0,1079096804.0,0.006321593183033837,0.11000000000000121,0.9083402146986108,1.4863748967795187
2025-12-22,12.25,12.31,12.16,12.19,9117792.0,111460323.0,1079096804.0,0.008449466226016179,-0.030000000000001137,-0.24549918166940632,1.227495908346975
2025-12-23,12.2,12.25,12.16,12.2,4895650.0,59776250.0,1079096804.0,0.004536803354298508,0.009999999999999787,0.08203445447088065,0.7383100902378987
2025-12-24,12.21,12.26,12.1,12.17,4689653.0,57007685.0,1079096804.0,0.004345905745079011,-0.02999999999999936,-0.24590163934425924,1.3114754098360668
2025-12-25,12.19,12.23,12.15,12.2,4987975.0,60833139.0,1079096804.0,0.004622361016648883,0.02999999999999936,0.24650780608053147,0.6573541495480696
2025-12-26,12.19,12.25,12.14,12.21,4545146.0,55485197.0,1079096804.0,0.004211990975371289,0.010000000000001563,0.08196721311477528,0.9016393442622904
2025-12-29,12.18,12.21,12.1,12.15,5225200.0,63493340.0,1079096804.0,0.004842197642168163,-0.0600000000000005,-0.49140049140049546,0.9009009009009108
2025-12-30,12.12,12.17,12.07,12.14,3351325.0,40631093.0,1079096804.0,0.0031056759575019553,-0.009999999999999787,-0.08230452674896638,0.8230452674897091
2025-12-31,12.14,12.2,12.13,12.18,3302775.0,40184609.0,1079096804.0,0.0030606846278825603,0.03999999999999915,0.32948929159801743,0.5766062602965281
2026-01-05,12.16,12.29,12.1,12.24,7370319.0,89713999.0,1079096804.0,0.006830081390918474,0.0600000000000005,0.49261083743843415,1.5599343185550043
2026-01-06,12.23,12.35,12.21,12.31,6340573.0,77919414.0,1079096804.0,0.00587581482634064,0.07000000000000028,0.5718954248365993,1.1437908496731926
2026-01-07,12.35,12.36,12.17,12.17,6055694.0,74096471.0,1079096804.0,0.005611817195225425,-0.14000000000000057,-1.1372867587327473,1.5434606011372827
2026-01-08,12.17,12.2,12.12,12.12,5888746.0,71522638.0,1079096804.0,0.005457106330193523,-0.05000000000000071,-0.41084634346755244,0.6573541495480696
2026-01-09,12.14,12.18,12.11,12.18,5177750.0,62883491.0,1079096804.0,0.004798225683559711,0.0600000000000005,0.4950495049504955,0.57755775577558
2026-01-12,12.2,12.49,12.2,12.48,13750282.0,170357147.0,1079096804.0,0.012742398966460103,0.3000000000000007,2.4630541871921263,2.3809523809523885
2026-01-13,12.48,12.65,12.43,12.5,10794347.0,135354299.0,1079096804.0,0.0100031312853374,0.019999999999999574,0.1602564102564097,1.762820512820518
2026-01-14,12.51,12.56,12.3,12.37,8711658.0,108472169.0,1079096804.0,0.00807310147496276,-0.13000000000000078,-1.0400000000000076,2.0799999999999983
2026-01-15,12.35,12.5,12.31,12.37,6441430.0,79886269.0,1079096804.0,0.005969279100932264,0.0,0.0,1.535974130962001
2026-01-16,12.4,12.43,12.19,12.23,5414601.0,66539140.0,1079096804.0,0.0050177157229352705,-0.1399999999999988,-1.1317704122877803,1.9401778496362185
2026-01-19,12.29,12.45,12.26,12.39,7123085.0,87994812.0,1079096804.0,0.006600969415900522,0.16000000000000014,1.3082583810302584,1.553556827473422
2026-01-20,12.41,12.61,12.36,12.57,9028875.0,112898314.0,1079096804.0,0.008367066760397893,0.17999999999999972,1.4527845036319542,2.0177562550443904
2026-01-21,12.64,12.7,12.5,12.63,10070616.0,127155522.0,1079096804.0,0.009332449102499613,0.0600000000000005,0.4773269689737569,1.591089896579151
2026-01-22,12.6,12.75,12.58,12.69,9959447.0,126216973.0,1079096804.0,0.009229428688030847,0.05999999999999872,0.47505938242278223,1.3460015835312742
2026-01-23,12.71,13.14,12.7,12.92,19937821.0,258561140.0,1079096804.0,0.018476397044356364,0.23000000000000043,1.812450748620975,3.4672970843183712
2026-01-26,13.09,13.51,12.98,13.27,33060619.0,438150786.0,1079096804.0,0.03063730601133353,0.34999999999999964,2.7089783281733615,4.102167182662534
2026-01-27,13.01,13.16,12.82,12.98,16223055.0,210859812.0,1079096804.0,0.015033919978137569,-0.28999999999999915,-2.1853805576488305,2.562170308967595
2026-01-28,13.22,14.28,13.21,14.04,73371553.0,1017400212.0,1079096804.0,0.06799348559649705,1.0599999999999987,8.166409861325107,8.243451463790436
2026-01-29,14.1,14.28,13.19,13.48,59027162.0,804056876.0,1079096804.0,0.05470052527372697,-0.5599999999999987,-3.988603988603978,7.763532763532763
2026-01-30,12.89,13.09,12.6,12.74,36547650.0,467760994.0,1079096804.0,0.033868740843754734,-0.7400000000000002,-5.489614243323448,3.6350148367952535
2026-02-02,12.68,12.7,12.38,12.4,22455422.0,281458209.0,1079096804.0,0.02080946020483256,-0.33999999999999986,-2.6687598116169498,2.5117739403453574
2026-02-03,12.5,12.74,12.34,12.68,15727192.0,197025775.0,1079096804.0,0.014574403280319604,0.27999999999999936,2.2580645161290214,3.2258064516129057
2026-02-04,12.78,12.84,12.56,12.78,14194544.0,180339183.0,1079096804.0,0.013154096970154681,0.09999999999999964,0.7886435331230235,2.2082018927444746
2026-02-05,12.69,12.85,12.68,12.77,10132415.0,129301581.0,1079096804.0,0.00938971829259537,-0.009999999999999787,-0.07824726134585402,1.3302034428794989
2026-02-06,12.64,13.03,12.6,12.86,12079984.0,155820808.0,1079096804.0,0.011194532274789315,0.08999999999999986,0.7047768206734473,3.3672670321064975
2026-02-09,13.02,13.05,12.82,12.92,11178553.0,144453358.0,1079096804.0,0.010359175338638107,0.0600000000000005,0.4665629860031162,1.7884914463452601
2026-02-10,12.89,12.93,12.8,12.82,6539097.0,83980016.0,1079096804.0,0.006059787199592151,-0.09999999999999964,-0.7739938080495334,1.0061919504643886
2026-02-11,12.82,12.95,12.79,12.84,5272203.0,67875742.0,1079096804.0,0.004885755365465803,0.019999999999999574,0.15600624024960652,1.248049921996881
2026-02-12,12.85,12.88,12.53,12.55,12870000.0,162602043.0,1079096804.0,0.011926640828045674,-0.28999999999999915,-2.258566978193144,2.7258566978193257
2026-02-13,12.51,12.56,12.38,12.4,7610410.0,95032556.0,1079096804.0,0.007052573941271723,-0.15000000000000036,-1.195219123505975,1.434262948207169
2026-02-24,12.65,12.68,12.45,12.49,9368235.0,117888416.0,1079096804.0,0.008681551984283331,0.08999999999999986,0.7258064516129092,1.8548387096774226
2026-02-25,12.51,12.61,12.43,12.48,8754990.0,109723523.0,1079096804.0,0.008113257279186603,-0.009999999999999787,-0.08006405124099114,1.4411529223378678
2026-02-26,12.51,12.51,12.26,12.28,10771500.0,132960090.0,1079096804.0,0.009981958949440092,-0.20000000000000107,-1.602564102564108,2.003205128205128
2026-02-27,12.28,12.34,12.22,12.29,8413626.0,103230814.0,1079096804.0,0.00779691494665941,0.009999999999999787,0.08143322475568926,0.9771986970683976
2026-03-02,12.35,12.39,12.1,12.31,16583752.0,203305165.0,1079096804.0,0.015368178219532564,0.02000000000000135,0.16273393002441683,2.359641985353954
2026-03-03,12.25,12.37,12.07,12.09,13991952.0,170804097.0,1079096804.0,0.012966354777564516,-0.22000000000000064,-1.7871649065800188,2.4370430544272863
2026-03-04,11.94,12.07,11.89,11.95,8757925.0,104866324.0,1079096804.0,0.008115977146383986,-0.14000000000000057,-1.1579818031430933,1.4888337468982609
2026-03-05,12.05,12.08,11.89,11.91,8219980.0,98180933.0,1079096804.0,0.0076174630204909775,-0.03999999999999915,-0.33472803347279756,1.589958158995812
2026-03-06,11.87,11.98,11.86,11.96,6222125.0,74161370.0,1079096804.0,0.005766048955882183,0.05000000000000071,0.4198152812762368,1.0075566750629805
2026-03-09,11.94,11.96,11.79,11.89,8284799.0,98255449.0,1079096804.0,0.007677530847362235,-0.07000000000000028,-0.58528428093646,1.4214046822742616
2026-03-10,11.92,12.1,11.92,12.08,6772993.0,81297883.0,1079096804.0,0.006276538837751947,0.1899999999999995,1.5979814970563444,1.5138772077375922
2026-03-11,12.05,12.19,12.04,12.16,7851980.0,95271803.0,1079096804.0,0.0072764370822842326,0.08000000000000007,0.6622516556291425,1.2417218543046387
2026-03-12,12.14,12.24,12.11,12.23,5858413.0,71375029.0,1079096804.0,0.005428996711216281,0.07000000000000028,0.5756578947368363,1.0690789473684275
2026-03-13,12.22,12.29,12.17,12.22,5933398.0,72651091.0,1079096804.0,0.005498485379630501,-0.009999999999999787,-0.08176614881438837,0.9811937857726837
2026-03-16,12.13,12.3,12.1,12.26,7583798.0,92601131.0,1079096804.0,0.007027912576414229,0.03999999999999915,0.3273322422258529,1.636661211129305
2026-03-17,12.25,12.43,12.22,12.31,7588112.0,93744118.0,1079096804.0,0.007031910364178968,0.05000000000000071,0.4078303425774976,1.712887438825441
2026-03-18,12.3,12.31,12.13,12.19,4995887.0,60921474.0,1079096804.0,0.0046296930743203275,-0.120000000000001,-0.9748172217709294,1.4622258326563746
2026-03-19,12.15,12.21,12.01,12.02,5467325.0,66163919.0,1079096804.0,0.005066575102190739,-0.16999999999999993,-1.3945857260049266,1.640689089417564
2026-03-20,12.02,12.09,11.9,11.9,5448325.0,65305898.0,1079096804.0,0.005048967784728978,-0.11999999999999922,-0.9983361064891727,1.5806988352745384
2026-03-23,11.8,11.8,11.34,11.36,10737969.0,123954878.0,1079096804.0,0.00995088574092376,-0.5400000000000009,-4.537815126050426,3.865546218487402
2026-03-24,11.5,11.76,11.43,11.7,7106840.0,82503734.0,1079096804.0,0.006585915159470716,0.33999999999999986,2.992957746478875,2.9049295774647894
2026-03-25,11.79,11.88,11.67,11.84,5596850.0,66093273.0,1079096804.0,0.005186606038729404,0.14000000000000057,1.1965811965811923,1.7948717948718023
2026-03-26,11.8,11.91,11.71,11.74,5221300.0,61644386.0,1079096804.0,0.004838583508583906,-0.09999999999999964,-0.8445945945945943,1.689189189189183
2026-03-27,11.7,11.88,11.66,11.84,4498700.0,53118113.0,1079096804.0,0.004168949424485553,0.09999999999999964,0.8517887563884052,1.8739352640545197
2026-03-30,11.72,12.02,11.65,11.97,5990594.0,71164177.0,1079096804.0,0.005551488965395916,0.13000000000000078,1.0979729729729826,3.1249999999999933
2026-03-31,11.96,12.08,11.92,11.94,5178500.0,62099554.0,1079096804.0,0.004798920709248992,-0.030000000000001137,-0.25062656641604564,1.3366750208855482
2026-04-01,12.04,12.06,11.94,11.96,5306025.0,63604396.0,1079096804.0,0.004917098243949576,0.02000000000000135,0.16750418760469454,1.005025125628149
2026-04-02,11.95,12.02,11.87,11.97,5349675.0,63883738.0,1079096804.0,0.004957548739065675,0.009999999999999787,0.08361204013378476,1.2541806020066917
2026-04-03,11.96,11.97,11.67,11.72,5669463.0,66775211.0,1079096804.0,0.005253896572563661,-0.25,-2.088554720133673,2.5062656641604066
2026-04-07,11.71,11.79,11.59,11.62,3947900.0,46071559.0,1079096804.0,0.003658522558278284,-0.10000000000000142,-0.8532423208191253,1.7064846416382191
2026-04-08,11.73,11.92,11.73,11.89,7055800.0,83545775.0,1079096804.0,0.006538616344562911,0.27000000000000135,2.3235800344234114,1.6351118760757275
2026-04-09,11.87,11.89,11.71,11.72,4412800.0,51941013.0,1079096804.0,0.004089345815540012,-0.16999999999999993,-1.4297729184188368,1.5138772077375922
2026-04-10,11.8,11.84,11.74,11.75,3726900.0,43947556.0,1079096804.0,0.003453721655170429,0.02999999999999936,0.25597269624573205,0.8532423208191096
2026-04-13,11.74,11.8,11.69,11.77,3166800.0,37220942.0,1079096804.0,0.002934676470416087,0.019999999999999574,0.17021276595743373,0.9361702127659678
2026-04-14,11.85,12.42,11.77,12.37,20024542.0,244607880.0,1079096804.0,0.01855676147475644,0.5999999999999996,5.097706032285476,5.522514868309264
2026-04-15,12.37,13.06,12.31,13.05,32720024.0,420891644.0,1079096804.0,0.030321676311813078,0.6800000000000015,5.497170573969301,6.063055780113177
2026-04-16,12.99,13.09,12.42,12.45,25229275.0,320175619.0,1079096804.0,0.02337999232921461,-0.6000000000000014,-4.597701149425292,5.134099616858237
2026-04-17,12.45,12.49,12.27,12.32,10161080.0,125643804.0,1079096804.0,0.009416282174439653,-0.129999999999999,-1.0441767068273045,1.7670682730923748
2026-04-20,12.31,12.36,12.23,12.35,6593800.0,81012415.0,1079096804.0,0.0061104805199663995,0.02999999999999936,0.24350649350648457,1.055194805194797
2026-04-21,12.35,12.61,12.3,12.52,7491900.0,93576208.0,1079096804.0,0.006942750615356284,0.16999999999999993,1.3765182186234792,2.510121457489868
2026-04-22,12.46,12.75,12.41,12.66,6664525.0,83979817.0,1079096804.0,0.006176021442465508,0.14000000000000057,1.1182108626198062,2.715654952076676
2026-04-23,12.62,12.69,12.48,12.57,7879975.0,99213638.0,1079096804.0,0.007302380074512759,-0.08999999999999986,-0.7109004739336511,1.6587677725118413
2026-04-24,12.52,12.59,12.28,12.3,6616000.0,81613242.0,1079096804.0,0.006131053280369089,-0.2699999999999996,-2.1479713603818618,2.466189339697697
2026-04-27,12.3,12.38,12.19,12.2,5112900.0,62634043.0,1079096804.0,0.004738129128959963,-0.10000000000000142,-0.8130081300813163,1.5447154471544817
2026-04-28,12.19,12.27,12.11,12.16,5380500.0,65459895.0,1079096804.0,0.004986114294895086,-0.03999999999999915,-0.3278688524590123,1.3114754098360668
2026-04-29,13.33,13.38,13.02,13.38,30110140.0,400908312.0,1079096804.0,0.02790309441042511,1.2200000000000006,10.032894736842103,2.9605263157894837
2026-04-30,13.54,13.97,13.26,13.26,58589926.0,797530600.0,1079096804.0,0.054295338270689567,-0.120000000000001,-0.8968609865470878,5.306427503736927
2026-05-06,13.53,13.54,12.99,13.03,27574091.0,361762250.0,1079096804.0,0.025552935471394464,-0.23000000000000043,-1.7345399698340924,4.1478129713423755
2026-05-07,13.15,13.42,13.04,13.32,15094112.0,199540956.0,1079096804.0,0.013987727462493717,0.2900000000000009,2.22563315425941,2.916346891788187
2026-05-08,13.31,13.47,13.21,13.23,11529378.0,153856599.0,1079096804.0,0.01068428518856034,-0.08999999999999986,-0.6756756756756799,1.9519519519519504
2026-05-11,13.23,13.4,12.99,13.23,11874053.0,156750321.0,1079096804.0,0.011003695827830475,0.0,0.0,3.0990173847316713
2026-05-12,13.23,13.34,13.01,13.03,7698749.0,101073721.0,1079096804.0,0.007134437773758804,-0.20000000000000107,-1.511715797430091,2.4943310657596376
2026-05-13,13.01,13.06,12.77,12.95,11941925.0,154203023.0,1079096804.0,0.011066592872607563,-0.08000000000000007,-0.6139677666922472,2.2256331542594086
2026-05-14,12.97,13.05,12.79,12.79,7364975.0,95212380.0,1079096804.0,0.006825129101207124,-0.16000000000000014,-1.235521235521242,2.0077220077220197
2026-05-15,12.76,12.92,12.61,12.63,9869929.0,126079942.0,1079096804.0,0.009146472275160219,-0.15999999999999837,-1.2509773260359514,2.4237685691946873
2026-05-18,12.62,12.64,12.29,12.43,9496985.0,117747444.0,1079096804.0,0.008800864727609738,-0.20000000000000107,-1.5835312747426888,2.7711797307996946
2026-05-19,12.4,12.63,12.4,12.63,5548066.0,69408853.0,1079096804.0,0.005141397861094953,0.20000000000000107,1.6090104585679832,1.8503620273531813
2026-05-20,12.6,13.0,12.51,12.87,11052990.0,141620447.0,1079096804.0,0.01024281599114068,0.23999999999999844,1.9002375296911955,3.879651623119558
2026-05-21,12.89,12.94,12.47,12.53,7366925.0,93614267.0,1079096804.0,0.006826936167999252,-0.33999999999999986,-2.6418026418026375,3.651903651903643
2026-05-22,12.55,12.58,12.33,12.38,6864075.0,85234623.0,1079096804.0,0.006360944610859954,-0.14999999999999858,-1.1971268954509062,1.9952114924181963
2026-05-25,12.41,12.45,12.2,12.38,6802200.0,83619022.0,1079096804.0,0.00630360499149435,0.0,0.0,2.0193861066235863
2026-05-26,12.31,12.45,12.3,12.43,5256800.0,65108177.0,1079096804.0,0.004871481391209829,0.049999999999998934,0.40387722132471104,1.2116316639741402
2026-05-27,12.39,12.42,12.27,12.33,5856827.0,72212703.0,1079096804.0,0.005427526963558684,-0.09999999999999964,-0.8045052292839916,1.2067578439259885
2026-05-28,12.28,12.45,12.21,12.4,6695550.0,82516691.0,1079096804.0,0.006204772338478727,0.07000000000000028,0.5677210056772131,1.9464720194647074
2026-05-29,12.35,12.65,12.3,12.6,8137990.0,102071649.0,1079096804.0,0.007541482812138882,0.1999999999999993,1.6129032258064502,2.8225806451612874
2026-06-01,12.51,12.63,12.3,12.54,9184244.0,114576009.0,1079096804.0,0.00851104735548823,-0.0600000000000005,-0.4761904761904856,2.61904761904762
2026-06-02,12.54,12.58,12.23,12.3,8088150.0,100011531.0,1079096804.0,0.007495296038333925,-0.23999999999999844,-1.9138755980861122,2.7910685805422624
2026-06-03,12.28,12.31,12.14,12.18,6485137.0,79192472.0,1079096804.0,0.006009782418000749,-0.120000000000001,-0.9756097560975729,1.3821138211382107
2026-06-04,12.19,12.22,11.98,12.15,6663594.0,80583778.0,1079096804.0,0.006175158683909882,-0.02999999999999936,-0.24630541871920597,1.9704433497536964
2026-06-05,12.14,12.52,12.1,12.27,8143192.0,100406604.0,1079096804.0,0.007546303510319728,0.11999999999999922,0.9876543209876409,3.456790123456789
2026-06-08,12.14,12.32,11.93,11.96,7331600.0,88283382.0,1079096804.0,0.006794200458034162,-0.3099999999999987,-2.526487367563157,3.178484107579467
2026-06-09,12.0,12.12,11.92,12.06,5263604.0,63159915.0,1079096804.0,0.004877786664262977,0.09999999999999964,0.836120401337781,1.6722408026755793
2026-06-10,12.0,12.15,11.96,12.09,4961925.0,59811026.0,1079096804.0,0.004598220457707889,0.02999999999999936,0.24875621890547706,1.5754560530679893
2026-06-11,12.09,12.1,11.9,11.98,6841425.0,81930386.0,1079096804.0,0.006339954835043697,-0.10999999999999943,-0.9098428453267138,1.6542597187758419
2026-06-12,12.02,12.25,11.9,12.25,8722980.0,105847607.0,1079096804.0,0.00808359358276813,0.2699999999999996,2.2537562604340478,2.921535893155256
2026-06-15,12.28,12.38,12.09,12.29,7782649.0,95054033.0,1079096804.0,0.007212187980866265,0.03999999999999915,0.3265306122449019,2.3673469387755177
2026-06-16,12.26,12.26,12.06,12.18,6594728.0,80041940.0,1079096804.0,0.006111340498419268,-0.10999999999999943,-0.8950366151342481,1.627339300244095
2026-06-17,12.12,12.16,11.94,11.97,5469315.0,65751848.0,1079096804.0,0.005068419237019629,-0.20999999999999908,-1.724137931034475,1.8062397372742254
2026-06-18,11.95,12.0,11.71,11.83,5962450.0,70589632.0,1079096804.0,0.0055254078947304525,-0.14000000000000057,-1.1695906432748537,2.422723475355047
