date,open,high,low,close,volume,amount,outstanding_share,turnover,change,pct_chg,amplitude
2023-03-06,5.28,5.3,5.13,5.15,4038000.0,20953345.0,402110702.0,0.010042010769462187,,,
2023-03-07,5.18,5.18,5.04,5.04,3541300.0,18053247.0,402110702.0,0.008806778786007044,-0.11000000000000032,-2.1359223300970953,2.7184466019417415
2023-03-08,4.99,5.11,4.99,5.09,2099900.0,10672490.0,402110702.0,0.0052221937629503825,0.04999999999999982,0.9920634920634885,2.3809523809523827
2023-03-09,5.09,5.11,5.02,5.06,2130914.0,10800527.0,402110702.0,0.005299321777314944,-0.03000000000000025,-0.5893909626719096,1.768172888015732
2023-03-10,5.02,5.06,4.94,4.97,2794981.0,13944555.0,402110702.0,0.0069507749634577,-0.08999999999999986,-1.7786561264822143,2.371541501976269
2023-03-13,4.95,4.97,4.86,4.96,2534700.0,12503276.0,402110702.0,0.006303488037978158,-0.009999999999999787,-0.2012072434607548,2.213279678068399
2023-03-14,4.98,4.98,4.84,4.9,3040100.0,14893744.0,402110702.0,0.007560355854443287,-0.05999999999999961,-1.2096774193548265,2.8225806451613016
2023-03-15,4.92,4.96,4.89,4.91,2800783.0,13804349.0,402110702.0,0.006965203825885738,0.009999999999999787,0.20408163265306367,1.4285714285714342
2023-03-16,4.91,4.92,4.83,4.83,2302589.0,11237985.0,402110702.0,0.005726256447658536,-0.08000000000000007,-1.6293279022403295,1.8329938900203637
2023-03-17,4.88,4.92,4.8,4.82,2604001.0,12673041.0,402110702.0,0.006475831125728158,-0.009999999999999787,-0.20703933747411307,2.4844720496894435
2023-03-20,4.82,4.93,4.79,4.82,3090274.0,14962318.0,402110702.0,0.007685132438976966,0.0,0.0,2.9045643153526903
2023-03-21,4.84,4.9,4.79,4.89,2333500.0,11367760.0,402110702.0,0.005803128313655278,0.0699999999999994,1.4522821576763434,2.2821576763485543
2023-03-22,5.03,5.38,4.94,5.17,37115681.0,195789779.0,402110702.0,0.0923021466859641,0.28000000000000025,5.725971370143146,8.99795501022494
2023-03-23,5.16,5.17,4.87,4.94,31332119.0,154916491.0,402110702.0,0.07791913730264259,-0.22999999999999954,-4.448742746615075,5.802707930367502
2023-03-24,4.99,4.99,4.74,4.78,18216470.0,87736834.0,402110702.0,0.04530212677602398,-0.16000000000000014,-3.238866396761131,5.060728744939271
2023-03-27,4.77,4.78,4.54,4.61,14121796.0,65267879.0,402110702.0,0.03511917471920457,-0.16999999999999993,-3.556485355648531,5.020920502092054
2023-03-28,4.59,4.6,4.52,4.52,7647600.0,34873222.0,402110702.0,0.019018643278984403,-0.09000000000000075,-1.9522776572668321,1.7353579175705003
2023-03-29,4.54,4.57,4.41,4.42,7663632.0,34304203.0,402110702.0,0.019058512896779355,-0.09999999999999964,-2.212389380530966,3.539823008849561
2023-03-30,4.45,4.45,4.35,4.4,5719799.0,25166292.0,402110702.0,0.014224438622377178,-0.019999999999999574,-0.4524886877827927,2.262443438914039
2023-03-31,4.4,4.46,4.37,4.45,3863700.0,17156070.0,402110702.0,0.009608548046055237,0.04999999999999982,1.1363636363636243,2.045454545454542
2023-04-03,4.44,4.48,4.37,4.4,6064483.0,26801436.0,402110702.0,0.015081625457459225,-0.04999999999999982,-1.1235955056179692,2.4719101123595575
2023-04-04,4.39,4.42,4.3,4.31,5736440.0,24914240.0,402110702.0,0.014265822748482829,-0.09000000000000075,-2.0454545454545614,2.7272727272727297
2023-04-06,4.34,4.35,4.24,4.27,4740420.0,20295595.0,402110702.0,0.011788843162895973,-0.040000000000000036,-0.9280742459396807,2.5522041763340937
2023-04-07,4.27,4.39,4.27,4.39,4283700.0,18675082.0,402110702.0,0.010653036536192463,0.1200000000000001,2.810304449648715,2.8103044496487146
2023-04-10,4.39,4.39,4.24,4.25,6541800.0,28136133.0,402110702.0,0.016268654297094533,-0.13999999999999968,-3.1890660592255093,3.416856492027323
2023-04-11,4.25,4.31,4.21,4.27,3731129.0,15926323.0,402110702.0,0.009278860227898138,0.019999999999999574,0.47058823529411153,2.35294117647058
2023-04-12,4.26,4.33,4.26,4.31,3039900.0,13117395.0,402110702.0,0.007559858478971793,0.040000000000000036,0.936768149882905,1.6393442622950887
2023-04-13,4.3,4.33,4.27,4.32,2496910.0,10781278.0,402110702.0,0.006209508942639383,0.010000000000000675,0.23201856148493682,1.3921113689095246
2023-04-14,4.32,4.36,4.26,4.3,2908282.0,12559372.0,402110702.0,0.007232540654936361,-0.020000000000000462,-0.4629629629629761,2.314814814814827
2023-04-17,4.3,4.32,4.26,4.31,2788200.0,12003585.0,402110702.0,0.006933911448096699,0.009999999999999787,0.23255813953488857,1.395348837209314
2023-04-18,4.34,4.35,4.26,4.28,3270868.0,14063025.0,402110702.0,0.008134247568471828,-0.02999999999999936,-0.6960556844547439,2.088167053364266
2023-04-19,4.27,4.3,4.19,4.21,3153928.0,13394816.0,402110702.0,0.007843432130289336,-0.07000000000000028,-1.6355140186915973,2.5700934579439116
2023-04-20,4.19,4.23,4.13,4.17,4333482.0,18078200.0,402110702.0,0.010776838264802014,-0.040000000000000036,-0.9501187648456089,2.375296912114027
2023-04-21,4.19,4.25,4.1,4.11,4286070.0,17907769.0,402110702.0,0.010658930435529667,-0.05999999999999961,-1.4388489208633004,3.597122302158282
2023-04-24,4.11,4.19,4.05,4.16,3469870.0,14356432.0,402110702.0,0.00862914113636299,0.04999999999999982,1.2165450121654375,3.4063260340632744
2023-04-25,4.16,4.18,3.98,4.1,4567582.0,18637341.0,402110702.0,0.011359016254185644,-0.0600000000000005,-1.4423076923077094,4.807692307692301
2023-04-26,4.11,4.24,4.08,4.22,3542901.0,14868449.0,402110702.0,0.008810760276656351,0.1200000000000001,2.9268292682926855,3.9024390243902474
2023-04-27,4.21,4.25,4.16,4.2,3197500.0,13477569.0,402110702.0,0.007951790350509,-0.019999999999999574,-0.4739336492890933,2.1327014218009444
2023-04-28,4.23,4.35,4.22,4.35,4377000.0,18920708.0,402110702.0,0.010885062193644376,0.14999999999999947,3.5714285714285587,3.0952380952380927
2023-05-04,4.32,4.42,4.32,4.39,5528138.0,24255922.0,402110702.0,0.0137478012211672,0.040000000000000036,0.9195402298850519,2.2988505747126355
2023-05-05,4.41,4.41,4.35,4.41,3045535.0,13364173.0,402110702.0,0.007573872032881134,0.020000000000000462,0.4555808656036442,1.3667425968109455
2023-05-08,4.37,4.42,4.35,4.37,4281000.0,18788948.0,402110702.0,0.010646321967327297,-0.040000000000000036,-0.9070294784580546,1.5873015873015939
2023-05-09,4.4,4.42,4.32,4.33,3848821.0,16799801.0,402110702.0,0.009571545797853447,-0.040000000000000036,-0.9153318077803174,2.2883295194507927
2023-05-10,4.31,4.41,4.31,4.37,3436082.0,15047921.0,402110702.0,0.008545114524208808,0.040000000000000036,0.9237875288683695,2.309468822170913
2023-05-11,4.39,4.54,4.37,4.51,4861500.0,21831399.0,402110702.0,0.01208995427333839,0.13999999999999968,3.203661327231111,3.89016018306636
2023-05-12,4.52,4.6,4.49,4.54,5853030.0,26754317.0,402110702.0,0.014555767779590209,0.03000000000000025,0.6651884700665134,2.43902439024389
2023-05-15,4.56,4.56,4.43,4.52,4155300.0,18679704.0,402110702.0,0.01033372148349337,-0.020000000000000462,-0.440528634361248,2.8634361233480154
2023-05-16,4.52,4.55,4.44,4.46,2947282.0,13210858.0,402110702.0,0.007329528871877675,-0.05999999999999961,-1.327433628318575,2.433628318584059
2023-05-17,4.44,4.53,4.44,4.52,2805100.0,12647521.0,402110702.0,0.006975939675437934,0.05999999999999961,1.3452914798206095,2.0179372197309386
2023-05-18,4.55,4.56,4.51,4.54,2475800.0,11249713.0,402110702.0,0.0061570109616231996,0.020000000000000462,0.4424778761062065,1.106194690265483
2023-05-19,4.54,4.55,4.43,4.49,2864800.0,12861096.0,402110702.0,0.0071244062536788685,-0.04999999999999982,-1.1013215859030812,2.643171806167403
2023-05-22,4.49,4.52,4.45,4.47,2395895.0,10750434.0,402110702.0,0.005958297026374593,-0.020000000000000462,-0.44543429844099425,1.5590200445434164
2023-05-23,4.47,4.5,4.43,4.43,2048471.0,9171813.0,402110702.0,0.00509429614733308,-0.040000000000000036,-0.8948545861297563,1.5659955257270757
2023-05-24,4.45,4.46,4.4,4.4,2605100.0,11571874.0,402110702.0,0.006478564203944017,-0.02999999999999936,-0.6772009029345272,1.354401805869066
2023-05-25,4.44,4.49,4.34,4.44,3843700.0,16955501.0,402110702.0,0.009558810498905846,0.040000000000000036,0.9090909090909038,3.409090909090917
2023-05-26,4.43,4.46,4.34,4.42,2831318.0,12464152.0,402110702.0,0.007041140625996072,-0.020000000000000462,-0.45045045045045695,2.702702702702705
2023-05-29,4.44,4.45,4.34,4.34,2714500.0,11931133.0,402110702.0,0.00675062858685119,-0.08000000000000007,-1.8099547511312264,2.488687782805437
2023-05-30,4.37,4.37,4.26,4.35,2757441.0,11947543.0,402110702.0,0.006857417587458291,0.009999999999999787,0.23041474654377225,2.5345622119815743
2023-05-31,4.37,4.37,4.33,4.34,1956700.0,8538178.0,402110702.0,0.0048660729253607385,-0.009999999999999787,-0.22988505747125743,0.9195402298850583
2023-06-01,4.36,4.43,4.31,4.35,3574037.0,15611737.0,402110702.0,0.008888191690058526,0.009999999999999787,0.23041474654377225,2.7649769585253483
2023-06-02,4.35,4.4,4.35,4.37,2561400.0,11234536.0,402110702.0,0.006369887663422597,0.020000000000000462,0.45977011494253706,1.1494252873563382
2023-06-05,4.39,4.47,4.36,4.46,3486702.0,15450715.0,402110702.0,0.008671000256043919,0.08999999999999986,2.0594965675057253,2.517162471395868
2023-06-06,4.46,4.46,4.3,4.31,3759300.0,16427823.0,402110702.0,0.009348918049935413,-0.15000000000000036,-3.363228699551579,3.587443946188344
2023-06-07,4.33,4.41,4.29,4.36,3844600.0,16819701.0,402110702.0,0.009561048688527569,0.05000000000000071,1.1600928074246175,2.7842227378190283
2023-06-08,4.35,4.39,4.31,4.32,3107416.0,13519834.0,402110702.0,0.007727762490638709,-0.040000000000000036,-0.9174311926605561,1.8348623853211024
2023-06-09,4.32,4.37,4.27,4.29,4557100.0,19652606.0,402110702.0,0.01133294880572465,-0.03000000000000025,-0.6944444444444531,2.314814814814827
2023-06-12,4.31,4.38,4.2,4.35,5739300.0,24733138.0,402110702.0,0.014272935217725193,0.05999999999999961,1.3986013986013957,4.195804195804189
2023-06-13,4.33,4.41,4.33,4.38,3584700.0,15734906.0,402110702.0,0.008914709263321224,0.03000000000000025,0.6896551724137945,1.8390804597701167
2023-06-14,4.36,4.39,4.27,4.33,4108800.0,17770655.0,402110702.0,0.010218081686371033,-0.04999999999999982,-1.1415525114155223,2.739726027397263
2023-06-15,4.32,4.34,4.24,4.27,3655200.0,15669190.0,402110702.0,0.00909003411702283,-0.0600000000000005,-1.3856812933025542,2.3094688221708926
2023-06-16,4.27,4.37,4.26,4.28,4611400.0,19960182.0,402110702.0,0.011467986246235247,0.010000000000000675,0.23419203747074846,2.5761124121779937
2023-06-19,4.32,4.32,4.19,4.19,4586101.0,19437721.0,402110702.0,0.011405070735968624,-0.08999999999999986,-2.102803738317749,3.037383177570091
2023-06-20,4.2,4.24,4.16,4.17,3379574.0,14186171.0,402110702.0,0.008404586058492917,-0.020000000000000462,-0.4773269689737569,1.9093078758949895
2023-06-21,4.21,4.22,4.11,4.12,2482200.0,10352415.0,402110702.0,0.006172926976711005,-0.04999999999999982,-1.1990407673860837,2.6378896882493867
2023-06-26,4.14,4.17,4.09,4.11,2997800.0,12394414.0,402110702.0,0.007455160942222323,-0.009999999999999787,-0.24271844660194164,1.9417475728155356
2023-06-27,4.09,4.28,4.09,4.28,4852199.0,20601009.0,402110702.0,0.012066823827036565,0.16999999999999993,4.1362530413625365,4.6228710462287195
2023-06-28,4.28,4.29,4.16,4.24,2597200.0,11005965.0,402110702.0,0.006458917872820008,-0.040000000000000036,-0.9345794392523366,3.037383177570091
2023-06-29,4.27,4.33,4.23,4.32,3735490.0,16114975.0,402110702.0,0.009289705500054063,0.08000000000000007,1.8867924528301883,2.3584905660377276
2023-06-30,4.33,4.41,4.31,4.39,4788530.0,20992007.0,402110702.0,0.011908486832563835,0.0699999999999994,1.6203703703703498,2.314814814814827
2023-07-03,4.4,4.5,4.39,4.45,4948432.0,22063443.0,402110702.0,0.012306143495777936,0.0600000000000005,1.3667425968109548,2.5056947608200533
2023-07-04,4.47,4.52,4.44,4.51,3611500.0,16268045.0,402110702.0,0.008981357576501408,0.05999999999999961,1.348314606741563,1.7977528089887456
2023-07-05,4.51,4.52,4.44,4.45,3277100.0,14696699.0,402110702.0,0.00814974578816358,-0.05999999999999961,-1.3303769401330268,1.7738359201773655
2023-07-06,4.44,4.47,4.41,4.46,2776000.0,12357075.0,402110702.0,0.0069035715443355695,0.009999999999999787,0.22471910112358273,1.3483146067415641
2023-07-07,4.46,4.51,4.44,4.49,2920900.0,13127411.0,402110702.0,0.007263920073432913,0.03000000000000025,0.672645739910327,1.5695067264573856
2023-07-10,4.5,4.52,4.45,4.47,2499200.0,11210015.0,402110702.0,0.006215203891787988,-0.020000000000000462,-0.44543429844099425,1.5590200445434164
2023-07-11,4.48,4.51,4.44,4.51,2386100.0,10732072.0,402110702.0,0.005933938062658178,0.040000000000000036,0.8948545861297452,1.565995525727056
2023-07-12,4.52,4.53,4.45,4.47,2334400.0,10513193.0,402110702.0,0.005805366503277001,-0.040000000000000036,-0.8869179600886956,1.7738359201773852
2023-07-13,4.41,4.51,4.41,4.45,2832700.0,12657794.0,402110702.0,0.0070445774905040955,-0.019999999999999574,-0.4474272930648726,2.237136465324377
2023-07-14,4.41,4.47,4.41,4.44,2400801.0,10688493.0,402110702.0,0.005970497646690338,-0.009999999999999787,-0.22471910112359383,1.3483146067415641
2023-07-17,4.48,4.49,4.39,4.47,2961500.0,13200697.0,402110702.0,0.0073648872941461776,0.02999999999999936,0.6756756756756577,2.252252252252264
2023-07-18,4.5,4.51,4.39,4.5,4422400.0,19788090.0,402110702.0,0.010997966425673496,0.03000000000000025,0.6711409395973256,2.684563758389264
2023-07-19,4.51,4.54,4.47,4.52,3689507.0,16675517.0,402110702.0,0.009175351418525539,0.019999999999999574,0.4444444444444251,1.555555555555562
2023-07-20,4.53,4.55,4.47,4.51,4295800.0,19489316.0,402110702.0,0.010683127752217846,-0.009999999999999787,-0.22123893805309214,1.7699115044247804
2023-07-21,4.5,4.56,4.48,4.52,3605401.0,16366554.0,402110702.0,0.008966190111498202,0.009999999999999787,0.22172949002217113,1.7738359201773655
2023-07-24,4.55,4.56,4.48,4.52,2471000.0,11212842.0,402110702.0,0.006145073950307346,0.0,0.0,1.7699115044247606
2023-07-25,4.55,4.58,4.53,4.58,4380044.0,20010802.0,402110702.0,0.010892632248320513,0.0600000000000005,1.3274336283185972,1.106194690265483
2023-07-26,4.58,4.61,4.55,4.6,2906911.0,13365551.0,402110702.0,0.007229131146079271,0.019999999999999574,0.4366812227074135,1.3100436681222816
2023-07-27,4.59,4.65,4.57,4.61,3539050.0,16388318.0,402110702.0,0.008801183311952737,0.010000000000000675,0.21739130434783593,1.7391304347826104
2023-07-28,4.61,4.78,4.59,4.71,7219501.0,34017655.0,402110702.0,0.01795401356912903,0.09999999999999964,2.1691973969631073,4.1214750542299425
2023-07-31,4.76,4.84,4.65,4.8,8878250.0,42258441.0,402110702.0,0.022079118898954347,0.08999999999999986,1.9108280254777066,4.033970276008482
2023-08-01,4.8,4.81,4.72,4.75,4407350.0,21007805.0,402110702.0,0.010960538921443578,-0.04999999999999982,-1.041666666666663,1.8749999999999971
2023-08-02,4.75,4.78,4.72,4.76,2770900.0,13185124.0,402110702.0,0.006890888469812475,0.009999999999999787,0.21052631578946102,1.2631578947368527
2023-08-03,4.76,4.76,4.67,4.71,3150992.0,14836158.0,402110702.0,0.007836130658367805,-0.04999999999999982,-1.0504201680672232,1.8907563025210055
2023-08-04,4.74,4.79,4.68,4.69,5553001.0,26210375.0,402110702.0,0.013809632452905967,-0.019999999999999574,-0.4246284501061459,2.3354564755838707
2023-08-07,4.69,4.69,4.58,4.62,4375250.0,20283723.0,402110702.0,0.010880710158268804,-0.07000000000000028,-1.4925373134328401,2.345415778251606
2023-08-08,4.63,4.65,4.59,4.61,2434101.0,11257973.0,402110702.0,0.006053310662694076,-0.009999999999999787,-0.21645021645021467,1.2987012987013093
2023-08-09,4.62,4.64,4.51,4.55,2998900.0,13677229.0,402110702.0,0.007457896507315541,-0.0600000000000005,-1.3015184381778844,2.819956616052058
2023-08-10,4.56,4.59,4.52,4.57,1999000.0,9134262.0,402110702.0,0.004971267837581702,0.020000000000000462,0.4395604395604602,1.5384615384615448
2023-08-11,4.57,4.59,4.48,4.49,2654600.0,12022961.0,402110702.0,0.006601664633138762,-0.08000000000000007,-1.7505470459518668,2.4070021881837946
2023-08-14,4.48,4.61,4.45,4.58,3742500.0,17044366.0,402110702.0,0.009307138510329924,0.08999999999999986,2.0044543429843964,3.563474387527843
2023-08-15,4.58,4.67,4.53,4.65,4213001.0,19539161.0,402110702.0,0.010477216793896722,0.07000000000000028,1.5283842794759916,3.056768558951958
2023-08-16,4.65,5.12,4.59,5.12,24623534.0,124094464.0,402110702.0,0.061235709165482495,0.46999999999999975,10.10752688172043,11.397849462365595
2023-08-17,5.19,5.32,4.89,5.09,57299434.0,290240598.0,402110702.0,0.14249666501042293,-0.03000000000000025,-0.5859375,8.39843750000001
2023-08-18,4.98,5.02,4.81,4.83,34804059.0,170149785.0,402110702.0,0.08655342627513554,-0.2599999999999998,-5.108055009823175,4.125736738703339
2023-08-21,4.8,4.95,4.63,4.85,29665018.0,142084210.0,402110702.0,0.07377326157312769,0.019999999999999574,0.41407867494822614,6.625258799171848
2023-08-22,4.74,4.82,4.5,4.59,25333287.0,117296629.0,402110702.0,0.0630007778305786,-0.2599999999999998,-5.360824742268033,6.597938144329903
2023-08-23,4.58,4.58,4.3,4.38,18540469.0,81802207.0,402110702.0,0.04610787255296677,-0.20999999999999996,-4.575163398692805,6.100217864923753
2023-08-24,4.38,4.43,4.26,4.3,12504100.0,54265748.0,402110702.0,0.031096163165535446,-0.08000000000000007,-1.82648401826484,3.8812785388127837
2023-08-25,4.3,4.4,4.19,4.28,10777986.0,46594873.0,402110702.0,0.02680352934252419,-0.019999999999999574,-0.46511627906975495,4.883720930232557
2023-08-28,4.52,4.53,4.36,4.37,15747000.0,70035164.0,402110702.0,0.03916085774807356,0.08999999999999986,2.102803738317749,3.9719626168224282
2023-08-29,4.37,4.53,4.34,4.53,10099501.0,45373932.0,402110702.0,0.025116220358641438,0.16000000000000014,3.661327231121292,4.34782608695653
2023-08-30,4.53,4.57,4.46,4.47,8064200.0,36392772.0,402110702.0,0.02005467638610623,-0.0600000000000005,-1.324503311258285,2.4282560706401837
2023-08-31,4.51,4.52,4.43,4.49,7454277.0,33461003.0,402110702.0,0.01853787268760631,0.020000000000000462,0.4474272930648837,2.0134228187919434
2023-09-01,4.52,4.56,4.47,4.53,4534500.0,20559985.0,402110702.0,0.011276745377445836,0.040000000000000036,0.8908685968819663,2.0044543429844066
2023-09-04,4.53,4.72,4.51,4.71,10343700.0,48274678.0,402110702.0,0.025723513322458154,0.17999999999999972,3.9735099337748325,4.635761589403972
2023-09-05,4.72,4.74,4.62,4.66,5633000.0,26295610.0,402110702.0,0.014008580154626176,-0.04999999999999982,-1.0615711252653925,2.5477707006369448
2023-09-06,4.63,4.73,4.63,4.66,5211412.0,24462071.0,402110702.0,0.012960142503245288,0.0,0.0,2.1459227467811273
2023-09-07,4.67,4.7,4.62,4.63,4974700.0,23239353.0,402110702.0,0.012371468790203947,-0.03000000000000025,-0.6437768240343367,1.716738197424894
2023-09-08,4.64,4.68,4.6,4.66,4688000.0,21810687.0,402110702.0,0.011658481051817417,0.03000000000000025,0.6479481641468832,1.7278617710583168
2023-09-11,4.69,4.71,4.64,4.66,4312500.0,20187083.0,402110702.0,0.010724658604087587,0.0,0.0,1.5021459227467873
2023-09-12,4.68,4.68,4.59,4.59,4080705.0,18897686.0,402110702.0,0.010148212867012925,-0.07000000000000028,-1.5021459227467893,1.9313304721030013
2023-09-13,4.58,4.63,4.56,4.59,3793800.0,17476078.0,402110702.0,0.009434715318768114,0.0,0.0,1.525054466230943
2023-09-14,4.55,4.6,4.52,4.56,5244305.0,23896215.0,402110702.0,0.013041943360164536,-0.03000000000000025,-0.6535947712418388,1.7429193899782152
2023-09-15,4.6,4.63,4.54,4.58,3761285.0,17260887.0,402110702.0,0.00935385450148999,0.020000000000000462,0.43859649122808264,1.9736842105263128
2023-09-18,4.61,4.69,4.47,4.68,5012000.0,23286427.0,402110702.0,0.012464229315637563,0.09999999999999964,2.183406113537112,4.803493449781674
2023-09-19,4.7,4.7,4.57,4.6,3454100.0,15971794.0,402110702.0,0.008589923080435696,-0.08000000000000007,-1.7094017094017144,2.7777777777777755
2023-09-20,4.56,4.68,4.55,4.61,3121000.0,14442430.0,402110702.0,0.007761544232662576,0.010000000000000675,0.21739130434783593,2.826086956521737
2023-09-21,4.58,4.64,4.56,4.58,4842700.0,22314812.0,402110702.0,0.012043200979017963,-0.03000000000000025,-0.6507592190889477,1.7353579175705003
2023-09-22,4.61,4.68,4.56,4.67,4179600.0,19422544.0,402110702.0,0.01039415260327988,0.08999999999999986,1.9650655021834051,2.6200873362445436
2023-09-25,4.64,4.68,4.57,4.6,4007400.0,18521918.0,402110702.0,0.009965912322323618,-0.07000000000000028,-1.4989293361884481,2.35546038543896
2023-09-26,4.6,4.6,4.53,4.54,3350800.0,15314619.0,402110702.0,0.008333028649409087,-0.05999999999999961,-1.304347826086949,1.5217391304347696
2023-09-27,4.53,4.59,4.5,4.53,3684300.0,16762269.0,402110702.0,0.009162402248125194,-0.009999999999999787,-0.22026431718060735,1.9823788546255476
2023-09-28,4.58,4.67,4.53,4.64,4048470.0,18754494.0,402110702.0,0.010068048375394894,0.10999999999999943,2.428256070640167,3.0905077262693084
2023-10-09,4.65,4.65,4.45,4.51,5629000.0,25421691.0,402110702.0,0.013998632645196298,-0.1299999999999999,-2.8017241379310276,4.310344827586212
2023-10-10,4.51,4.56,4.45,4.47,3390500.0,15242456.0,402110702.0,0.00843175768050063,-0.040000000000000036,-0.8869179600886956,2.43902439024389
2023-10-11,4.5,4.52,4.39,4.41,3184900.0,14104444.0,402110702.0,0.007920455695804882,-0.05999999999999961,-1.3422818791946178,2.908277404921698
2023-10-12,4.46,4.54,4.4,4.49,5459600.0,24462520.0,402110702.0,0.013577355620840949,0.08000000000000007,1.8140589569161092,3.1746031746031673
2023-10-13,4.47,4.47,4.36,4.38,5625901.0,24853698.0,402110702.0,0.0139909258122655,-0.11000000000000032,-2.4498886414254017,2.4498886414253773
2023-10-16,4.43,4.48,4.38,4.43,4352201.0,19337199.0,402110702.0,0.010823390122056489,0.04999999999999982,1.1415525114155223,2.2831050228310628
2023-10-17,4.43,4.59,4.43,4.5,5434400.0,24597316.0,402110702.0,0.013514686311432716,0.07000000000000028,1.5801354401805856,3.6117381489842018
2023-10-18,4.54,4.54,4.34,4.36,4016299.0,17741568.0,402110702.0,0.009988043043927738,-0.13999999999999968,-3.111111111111109,4.444444444444448
2023-10-19,4.37,4.43,4.26,4.35,3890800.0,16991718.0,402110702.0,0.009675942422442664,-0.010000000000000675,-0.2293577981651529,3.8990825688073376
2023-10-20,4.33,4.39,4.3,4.34,3617379.0,15763811.0,402110702.0,0.008995977928485973,-0.009999999999999787,-0.22988505747125743,2.0689655172413763
2023-10-23,4.32,4.34,4.2,4.25,4725612.0,20194437.0,402110702.0,0.011752017482986564,-0.08999999999999986,-2.073732718894006,3.2258064516128964
2023-10-24,4.26,4.5,4.25,4.48,8563109.0,38191121.0,402110702.0,0.021295401881644027,0.23000000000000043,5.41176470588236,5.88235294117647
2023-10-25,4.51,4.57,4.45,4.53,5546200.0,25154054.0,402110702.0,0.013792719199997815,0.04999999999999982,1.116071428571419,2.678571428571431
2023-10-26,4.54,4.57,4.48,4.54,5399500.0,24470227.0,402110702.0,0.013427894291657028,0.009999999999999787,0.22075055187638082,1.9867549668874138
2023-10-27,4.54,4.69,4.51,4.61,6965511.0,32357488.0,402110702.0,0.01732237158910533,0.07000000000000028,1.541850220264318,3.964757709251115
2023-10-30,4.62,4.76,4.61,4.63,5385800.0,25191938.0,402110702.0,0.013393824071859694,0.019999999999999574,0.433839479392617,3.2537960954446734
2023-10-31,4.65,4.72,4.62,4.65,3815100.0,17828697.0,402110702.0,0.009487685806482215,0.020000000000000462,0.4319654427645814,2.1598272138228864
2023-11-01,4.64,4.72,4.63,4.7,6144400.0,28886515.0,402110702.0,0.01528036923523612,0.04999999999999982,1.0752688172043001,1.9354838709677389
2023-11-02,4.71,4.72,4.64,4.69,4958599.0,23293610.0,402110702.0,0.01233142757787133,-0.009999999999999787,-0.21276595744680327,1.7021276595744694
2023-11-03,4.68,4.73,4.62,4.63,3775800.0,17648251.0,402110702.0,0.009389951526333661,-0.0600000000000005,-1.279317697228155,2.345415778251606
2023-11-06,4.67,4.85,4.65,4.84,9973300.0,47503441.0,402110702.0,0.024802373949251416,0.20999999999999996,4.535637149028071,4.319654427645773
2023-11-07,4.79,4.85,4.7,4.84,9800301.0,46914719.0,402110702.0,0.024372146653286537,0.0,0.0,3.0991735537189973
2023-11-08,4.81,4.87,4.74,4.79,6125100.0,29472520.0,402110702.0,0.015232372502236958,-0.04999999999999982,-1.0330578512396604,2.6859504132231384
2023-11-09,4.78,4.82,4.67,4.7,5390886.0,25473265.0,402110702.0,0.013406472330099783,-0.08999999999999986,-1.8789144050104345,3.131524008350738
2023-11-10,4.69,4.77,4.67,4.77,4478201.0,21247656.0,402110702.0,0.011136736669097655,0.0699999999999994,1.4893617021276562,2.1276595744680775
2023-11-13,4.82,4.94,4.8,4.89,9946600.0,48721858.0,402110702.0,0.02473597432380698,0.1200000000000001,2.515723270440251,2.9350104821803056
2023-11-14,4.9,4.93,4.69,4.83,9639100.0,46341559.0,402110702.0,0.023971259536385084,-0.05999999999999961,-1.2269938650306678,4.907975460122685
2023-11-15,4.85,4.88,4.76,4.8,5416700.0,26084386.0,402110702.0,0.013470668582205504,-0.03000000000000025,-0.6211180124223614,2.4844720496894435
2023-11-16,4.81,4.87,4.78,4.81,5747300.0,27799780.0,402110702.0,0.014292830236584949,0.009999999999999787,0.2083333333333215,1.8749999999999971
2023-11-17,4.79,4.88,4.79,4.84,4540774.0,22029731.0,402110702.0,0.0112923480459866,0.03000000000000025,0.6237006237006293,1.8711018711018683
2023-11-20,4.84,4.88,4.79,4.86,5286100.0,25613650.0,402110702.0,0.013145882399319976,0.020000000000000462,0.4132231404958775,1.8595041322314023
2023-11-21,4.86,4.9,4.83,4.85,4306800.0,20996796.0,402110702.0,0.010710483403150011,-0.010000000000000675,-0.2057613168724437,1.4403292181070015
2023-11-22,4.85,4.9,4.81,4.89,7665600.0,37450231.0,402110702.0,0.019063407071418854,0.040000000000000036,0.8247422680412342,1.8556701030927991
2023-11-23,4.89,4.94,4.84,4.91,5644900.0,27739701.0,402110702.0,0.014038173995180064,0.020000000000000462,0.4089979550102374,2.0449897750511354
2023-11-24,4.91,4.94,4.86,4.88,4748400.0,23283687.0,402110702.0,0.01180868844420858,-0.03000000000000025,-0.6109979633401319,1.629327902240327
2023-11-27,4.88,4.92,4.83,4.86,5310000.0,25856539.0,402110702.0,0.013205318768163499,-0.019999999999999574,-0.4098360655737654,1.8442622950819645
2023-11-28,4.85,4.93,4.82,4.9,5217600.0,25552472.0,402110702.0,0.01297553130033331,0.040000000000000036,0.8230452674897082,2.263374485596696
2023-11-29,4.88,4.91,4.81,4.84,4582700.0,22264423.0,402110702.0,0.01139661286607587,-0.0600000000000005,-1.224489795918382,2.040816326530623
2023-11-30,4.85,4.88,4.79,4.86,4328700.0,20960976.0,402110702.0,0.010764946017278594,0.020000000000000462,0.4132231404958775,1.8595041322314023
2023-12-01,4.85,4.97,4.83,4.88,6766400.0,33314560.0,402110702.0,0.016827206951582203,0.019999999999999574,0.411522633744843,2.880658436213985
2023-12-04,4.89,4.99,4.88,4.95,7410529.0,36752308.0,402110702.0,0.01842907677697173,0.07000000000000028,1.434426229508201,2.2540983606557443
2023-12-05,4.96,5.07,4.92,4.97,7441406.0,37261420.0,402110702.0,0.01850586408913832,0.019999999999999574,0.40404040404038444,3.0303030303030374
2023-12-06,4.93,5.46,4.92,5.19,28089975.0,146185202.0,402110702.0,0.06985632279938672,0.22000000000000064,4.426559356136828,10.865191146881289
2023-12-07,5.17,5.32,5.13,5.21,22819028.0,118932827.0,402110702.0,0.05674812405266448,0.019999999999999574,0.3853564547205979,3.6608863198458645
2023-12-08,5.21,5.21,4.93,4.94,21273718.0,107064575.0,402110702.0,0.05290512760339316,-0.2699999999999996,-5.182341650671773,5.374280230326301
2023-12-11,4.96,5.17,4.94,5.11,20288400.0,102879513.0,402110702.0,0.05045476257928594,0.16999999999999993,3.441295546558698,4.65587044534412
2023-12-12,5.1,5.23,5.02,5.2,16166300.0,83065967.0,402110702.0,0.04020360542406056,0.08999999999999986,1.7612524461839474,4.109589041095907
2023-12-13,5.27,5.43,5.15,5.17,15003411.0,78688176.0,402110702.0,0.03731164310071011,-0.03000000000000025,-0.576923076923086,5.384615384615373
2023-12-14,5.17,5.39,5.14,5.22,12539200.0,65772646.0,402110702.0,0.03118345256078263,0.04999999999999982,0.9671179883945724,4.835589941972921
2023-12-15,5.21,5.58,5.17,5.44,28255301.0,152183495.0,402110702.0,0.07026746828538774,0.22000000000000064,4.214559386973193,7.854406130268202
2023-12-18,5.37,5.64,5.26,5.44,36801245.0,201224781.0,402110702.0,0.0915201829171908,0.0,0.0,6.985294117647056
2023-12-19,5.39,5.45,5.17,5.24,27366001.0,144729408.0,402110702.0,0.06805588825139004,-0.20000000000000018,-3.676470588235292,5.147058823529416
2023-12-20,5.28,5.39,5.09,5.13,18176600.0,94879393.0,402110702.0,0.04520297497578167,-0.11000000000000032,-2.0992366412213803,5.725190839694653
2023-12-21,5.07,5.29,5.01,5.25,18701200.0,96858887.0,402110702.0,0.046507590837510215,0.1200000000000001,2.3391812865497075,5.458089668615989
2023-12-22,5.29,5.33,5.05,5.09,13751100.0,71180339.0,402110702.0,0.034197299230300016,-0.16000000000000014,-3.0476190476190546,5.3333333333333375
2023-12-25,5.07,5.12,4.83,4.86,12622800.0,61977247.0,402110702.0,0.031391355507867084,-0.22999999999999954,-4.518664047151266,5.69744597249509
2023-12-26,4.86,4.9,4.76,4.78,8464300.0,40811218.0,402110702.0,0.02104967601682981,-0.08000000000000007,-1.6460905349794275,2.880658436214003
2023-12-27,4.81,4.82,4.65,4.79,10076200.0,47772883.0,402110702.0,0.025058273629335038,0.009999999999999787,0.20920502092049986,3.5564853556485336
2023-12-28,4.81,4.82,4.71,4.75,9389700.0,44864541.0,402110702.0,0.023351032323432167,-0.040000000000000036,-0.8350730688935326,2.296450939457209
2023-12-29,4.75,4.95,4.73,4.91,8938400.0,43767554.0,402110702.0,0.022228704572006142,0.16000000000000014,3.368421052631576,4.631578947368416
2024-01-02,4.89,5.08,4.89,5.03,9157501.0,46011890.0,402110702.0,0.022773581887905087,0.1200000000000001,2.443991853360483,3.869653767820782
2024-01-03,5.03,5.07,4.95,5.0,6881901.0,34460223.0,402110702.0,0.0171144437732473,-0.03000000000000025,-0.5964214711729698,2.385685884691851
2024-01-04,4.99,5.13,4.98,5.11,7618200.0,38552247.0,402110702.0,0.018945529084674798,0.11000000000000032,2.200000000000002,2.9999999999999893
2024-01-05,5.11,5.2,4.97,5.01,7621300.0,38694554.0,402110702.0,0.01895323840448295,-0.10000000000000053,-1.9569471624266255,4.500978473581221
2024-01-08,4.98,5.05,4.91,4.95,6789600.0,33909189.0,402110702.0,0.016884902506275497,-0.05999999999999961,-1.197604790419149,2.7944111776447045
2024-01-09,4.89,5.07,4.89,5.0,6014719.0,30204565.0,402110702.0,0.014957868492642109,0.04999999999999982,1.0101010101010166,3.6363636363636487
2024-01-10,5.02,5.04,4.92,4.97,5566500.0,27813249.0,402110702.0,0.013843202810354447,-0.03000000000000025,-0.6000000000000005,2.400000000000002
2024-01-11,4.97,5.03,4.95,5.0,5308800.0,26517398.0,402110702.0,0.013202334515334535,0.03000000000000025,0.6036217303823088,1.6096579476861181
2024-01-12,5.01,5.06,4.9,4.93,7215500.0,35963862.0,402110702.0,0.017944063572821793,-0.07000000000000028,-1.4000000000000012,3.1999999999999846
2024-01-15,4.91,5.02,4.9,4.93,6798100.0,33740667.0,402110702.0,0.01690604096381399,0.0,0.0,2.4340770791074893
2024-01-16,4.95,4.99,4.81,4.92,7139500.0,35050727.0,402110702.0,0.017755060893654105,-0.009999999999999787,-0.20283975659228792,3.65111561866127
2024-01-17,4.97,5.41,4.97,5.41,10507421.0,56316062.0,402110702.0,0.02613066737030043,0.4900000000000002,9.959349593495936,8.943089430894318
2024-01-18,5.95,5.95,5.95,5.95,10186303.0,60710366.0,402110702.0,0.025332086287024512,0.54,9.981515711645095,0.0
2024-01-19,6.55,6.55,6.55,6.55,5900544.0,38707569.0,402110702.0,0.014673929270353018,0.5999999999999996,10.084033613445364,0.0
2024-01-22,7.2,7.2,7.2,7.2,5065451.0,36572556.0,402110702.0,0.01259715539727167,0.6500000000000004,9.92366412213741,0.0
2024-01-23,7.2,7.2,6.49,6.49,128856166.0,872570170.0,402110702.0,0.32044948159574227,-0.71,-9.861111111111109,9.86111111111111
2024-01-24,5.84,6.29,5.84,5.88,116017561.0,689558279.0,402110702.0,0.28852144551974646,-0.6100000000000003,-9.399075500770415,6.9337442218798175
2024-01-25,5.67,5.76,5.45,5.54,93872403.0,521789601.0,402110702.0,0.23344915351196,-0.33999999999999986,-5.782312925170063,5.272108843537408
2024-01-26,5.48,5.53,5.11,5.15,75603938.0,402100257.0,402110702.0,0.18801772154773438,-0.3899999999999997,-7.039711191335729,7.581227436823103
2024-01-29,5.14,5.14,4.74,4.75,54508074.0,267069122.0,402110702.0,0.1355548950298766,-0.40000000000000036,-7.766990291262143,7.766990291262125
2024-01-30,4.67,4.67,4.4,4.4,41963246.0,189965250.0,402110702.0,0.10435744632332616,-0.34999999999999964,-7.368421052631568,5.6842105263157805
2024-01-31,4.44,4.59,4.4,4.47,37651244.0,168955359.0,402110702.0,0.09363402618416258,0.0699999999999994,1.5909090909090873,4.318181818181807
2024-02-01,4.42,4.42,4.14,4.34,34256201.0,146423155.0,402110702.0,0.08519097061982697,-0.1299999999999999,-2.9082774049216997,6.263982102908283
2024-02-02,4.27,4.35,4.0,4.09,27754100.0,116467680.0,402110702.0,0.06902104286694663,-0.25,-5.760368663594473,8.06451612903225
2024-02-05,4.07,4.07,3.68,3.68,26037798.0,98073315.0,402110702.0,0.06475281028456686,-0.4099999999999997,-10.024449877750607,9.53545232273839
2024-02-06,3.49,3.67,3.31,3.57,29286601.0,102038515.0,402110702.0,0.07283218490414613,-0.11000000000000032,-2.9891304347826164,9.78260869565217
2024-02-07,3.53,3.6,3.27,3.3,25651315.0,88655242.0,402110702.0,0.06379167446281994,-0.27,-7.563025210084029,9.2436974789916
2024-02-08,3.35,3.54,3.29,3.53,23197578.0,79279995.0,402110702.0,0.05768953147633459,0.22999999999999998,6.969696969696959,7.575757575757576
2024-02-19,3.52,3.68,3.51,3.65,21418167.0,77550756.0,402110702.0,0.05326435455080228,0.1200000000000001,3.399433427762033,4.8158640226629
2024-02-20,3.66,3.72,3.57,3.71,20036547.0,73675482.0,402110702.0,0.04982843505617515,0.06000000000000005,1.6438356164383494,4.109589041095901
2024-02-21,3.69,4.07,3.66,3.84,35150734.0,136891689.0,402110702.0,0.08741556448303632,0.1299999999999999,3.5040431266846417,11.051212938005396
2024-02-22,3.79,3.94,3.79,3.93,27934567.0,108505758.0,402110702.0,0.06946984216301709,0.0900000000000003,2.34375,3.906249999999998
2024-02-23,3.97,4.11,3.91,4.11,30882468.0,124561779.0,402110702.0,0.07680091041197903,0.18000000000000016,4.580152671755733,5.089058524173033
2024-02-26,4.11,4.26,4.03,4.16,31598387.0,130972257.0,402110702.0,0.07858131316286131,0.04999999999999982,1.2165450121654375,5.596107055961059
2024-02-27,4.14,4.26,4.1,4.25,25291087.0,106259597.0,402110702.0,0.06289583160609338,0.08999999999999986,2.163461538461542,3.8461538461538494
2024-02-28,4.32,4.42,3.87,3.87,48081566.0,201056449.0,402110702.0,0.11957295779707947,-0.3799999999999999,-8.94117647058823,12.94117647058823
2024-02-29,3.84,4.02,3.81,4.01,26353200.0,104005822.0,402110702.0,0.06553717637686748,0.13999999999999968,3.6175710594315236,5.426356589147274
2024-03-01,4.04,4.09,3.96,4.03,16619602.0,66809310.0,402110702.0,0.04133091190395624,0.020000000000000462,0.4987531172069959,3.2418952618453836
2024-03-04,4.03,4.09,3.9,3.97,16116800.0,64160085.0,402110702.0,0.04008050499486582,-0.06000000000000005,-1.488833746898266,4.714640198511165
2024-03-05,3.95,3.96,3.82,3.83,14899357.0,57817019.0,402110702.0,0.03705287356415597,-0.14000000000000012,-3.5264483627204024,3.526448362720406
2024-03-06,3.84,4.0,3.84,3.96,18909565.0,74498963.0,402110702.0,0.047025769038099366,0.1299999999999999,3.394255874673635,4.177545691906008
2024-03-07,3.96,4.07,3.94,3.97,16339856.0,65646312.0,402110702.0,0.040635217910713554,0.010000000000000231,0.2525252525252597,3.2828282828282913
2024-03-08,3.94,4.07,3.92,4.04,14097934.0,56782551.0,402110702.0,0.035059832851700626,0.06999999999999984,1.76322418136019,3.7783375314861547
2024-03-11,4.04,4.1,4.01,4.1,11897100.0,48391459.0,402110702.0,0.029586628609551406,0.05999999999999961,1.4851485148514865,2.2277227722772244
2024-03-12,4.08,4.18,4.07,4.18,15928900.0,65925530.0,402110702.0,0.039613220739397284,0.08000000000000007,1.9512195121951237,2.682926829268279
2024-03-13,4.21,4.21,4.11,4.15,14693901.0,61180337.0,402110702.0,0.036541929689799704,-0.02999999999999936,-0.7177033492822837,2.392344497607647
2024-03-14,4.16,4.17,4.05,4.13,12182837.0,50328347.0,402110702.0,0.030297221485042693,-0.020000000000000462,-0.48192771084338837,2.891566265060243
2024-03-15,4.13,4.21,4.09,4.21,12854037.0,53690710.0,402110702.0,0.03196641356737628,0.08000000000000007,1.937046004842613,2.9055690072639253
2024-03-18,4.22,4.32,4.21,4.31,13175865.0,56367668.0,402110702.0,0.032766760333576,0.09999999999999964,2.375296912114,2.6128266033254235
2024-03-19,4.35,4.4,4.27,4.29,16203000.0,70230145.0,402110702.0,0.0402948738230797,-0.019999999999999574,-0.46403712296982924,3.0162412993039625
2024-03-20,4.27,4.45,4.27,4.42,13470000.0,58926259.0,402110702.0,0.03349823800511532,0.1299999999999999,3.0303030303030276,4.19580419580421
2024-03-21,4.41,4.49,4.36,4.48,14346070.0,63826507.0,402110702.0,0.0356769166516737,0.0600000000000005,1.3574660633484337,2.941176470588233
2024-03-22,4.51,4.63,4.43,4.51,25849100.0,116924449.0,402110702.0,0.06428354150096706,0.02999999999999936,0.6696428571428381,4.464285714285718
2024-03-25,4.53,4.87,4.39,4.41,32304695.0,147941325.0,402110702.0,0.08033781453546093,-0.09999999999999964,-2.2172949002217224,10.643015521064312
2024-03-26,4.34,4.49,4.3,4.45,24007600.0,105772401.0,402110702.0,0.05970395684718682,0.040000000000000036,0.9070294784580435,4.308390022675745
2024-03-27,4.45,4.63,4.39,4.52,30676810.0,138315387.0,402110702.0,0.07628946418839656,0.0699999999999994,1.5730337078651457,5.393258426966296
2024-03-28,4.66,4.97,4.55,4.83,63984591.0,305923968.0,402110702.0,0.15912183058485224,0.3100000000000005,6.858407079646023,9.292035398230087
2024-03-29,4.69,4.8,4.59,4.77,48090116.0,225346547.0,402110702.0,0.11959422059848583,-0.0600000000000005,-1.242236024844734,4.347826086956521
2024-04-01,4.7,5.18,4.7,4.98,51115621.0,253278867.0,402110702.0,0.12711828047789686,0.21000000000000085,4.4025157232704615,10.062893081760997
2024-04-02,4.98,5.26,4.9,5.26,58438341.0,298987141.0,402110702.0,0.14532898704098654,0.27999999999999936,5.6224899598393385,7.228915662650591
2024-04-03,5.05,5.1,4.73,4.74,57924583.0,281167915.0,402110702.0,0.14405133390356767,-0.5199999999999996,-9.885931558935358,7.0342205323193765
2024-04-08,4.58,4.62,4.36,4.41,37538254.0,167838085.0,402110702.0,0.0933530339115421,-0.33000000000000007,-6.9620253164556996,5.485232067510544
2024-04-09,4.44,4.55,4.32,4.51,22338880.0,99626363.0,402110702.0,0.05555405486323017,0.09999999999999964,2.26757369614512,5.215419501133776
2024-04-10,4.48,4.55,4.23,4.26,25645905.0,111765822.0,402110702.0,0.06377822045631604,-0.25,-5.543237250554323,7.095343680709522
2024-04-11,4.25,4.34,4.18,4.24,15562900.0,66757263.0,402110702.0,0.038703023626563415,-0.019999999999999574,-0.46948356807510194,3.7558685446009425
2024-04-12,4.24,4.37,4.24,4.3,12579159.0,54162143.0,402110702.0,0.03128282569310976,0.05999999999999961,1.4150943396226356,3.066037735849054
2024-04-15,4.27,4.29,3.87,3.98,24757339.0,99715480.0,402110702.0,0.06156846579029871,-0.31999999999999984,-7.441860465116279,9.767441860465114
2024-04-16,3.9,3.93,3.58,3.58,19649301.0,71802066.0,402110702.0,0.04886540174700449,-0.3999999999999999,-10.050251256281406,8.793969849246233
2024-04-17,3.51,3.88,3.51,3.86,18740020.0,71088139.0,402110702.0,0.04660413141652718,0.2799999999999998,7.8212290502793325,10.33519553072626
2024-04-18,3.87,3.91,3.73,3.84,13184353.0,50764177.0,402110702.0,0.0327878689485862,-0.020000000000000018,-0.5181347150259086,4.663212435233165
2024-04-19,3.84,3.85,3.73,3.76,9692897.0,36657897.0,402110702.0,0.024105046077584874,-0.08000000000000007,-2.083333333333337,3.1250000000000027
2024-04-22,3.76,3.77,3.58,3.68,10847300.0,39896503.0,402110702.0,0.026975904759679835,-0.07999999999999963,-2.127659574468077,5.053191489361701
2024-04-23,3.73,3.78,3.71,3.72,7833800.0,29367659.0,402110702.0,0.01948169984294524,0.040000000000000036,1.0869565217391353,1.9021739130434738
2024-04-24,3.74,3.86,3.72,3.86,9267100.0,35293491.0,402110702.0,0.023046141159406397,0.13999999999999968,3.7634408602150504,3.763440860215045
2024-04-25,3.84,3.91,3.81,3.87,9053200.0,35124913.0,402110702.0,0.022514198092643652,0.010000000000000231,0.2590673575129543,2.5906735751295358
2024-04-26,3.76,3.95,3.75,3.89,17519602.0,67479601.0,402110702.0,0.04356910152567887,0.020000000000000018,0.5167958656330685,5.167958656330754
2024-04-29,3.86,4.01,3.85,3.99,15849381.0,62820579.0,402110702.0,0.039415466738808656,0.10000000000000009,2.570694087403602,4.11311053984575
2024-04-30,3.97,4.02,3.87,3.91,11184164.0,44014464.0,402110702.0,0.02781364421382647,-0.08000000000000007,-2.0050125313283207,3.759398496240588
2024-05-06,3.94,4.02,3.94,4.01,10390600.0,41538443.0,402110702.0,0.025840147870523477,0.09999999999999964,2.5575447570332477,2.046035805626589
2024-05-07,4.01,4.03,3.96,4.01,7900800.0,31577866.0,402110702.0,0.0196483206258957,0.0,0.0,1.745635910224446
2024-05-08,4.0,4.0,3.9,3.92,7232900.0,28562024.0,402110702.0,0.017987335238841766,-0.08999999999999986,-2.244389027431415,2.493765586034915
2024-05-09,3.94,4.0,3.92,3.96,5898300.0,23443581.0,402110702.0,0.014668348717562856,0.040000000000000036,1.0204081632652962,2.040816326530614
2024-05-10,3.98,4.01,3.85,3.89,8145000.0,31842903.0,402110702.0,0.020255616076589773,-0.06999999999999984,-1.7676767676767624,4.040404040404033
2024-05-13,3.85,3.86,3.72,3.77,8933443.0,33820766.0,402110702.0,0.022216377120945166,-0.1200000000000001,-3.084832904884316,3.5989717223650306
2024-05-14,3.77,3.92,3.75,3.88,9005585.0,34811937.0,402110702.0,0.022395785427267736,0.10999999999999988,2.917771883289122,4.509283819628646
2024-05-15,3.88,3.96,3.82,3.91,9828000.0,38455054.0,402110702.0,0.02444103066921109,0.03000000000000025,0.773195876288657,3.6082474226804155
2024-05-16,3.89,3.98,3.89,3.96,7169748.0,28416058.0,402110702.0,0.017830283959962848,0.04999999999999982,1.2787723785166127,2.3017902813299194
2024-05-17,3.99,4.01,3.92,3.99,6543600.0,26015057.0,402110702.0,0.01627313067633798,0.03000000000000025,0.7575757575757569,2.2727272727272694
2024-05-20,4.01,4.06,3.97,3.97,8034100.0,32182117.0,402110702.0,0.0199798213776464,-0.020000000000000018,-0.5012531328320802,2.2556390977443463
2024-05-21,4.0,4.0,3.88,3.9,6012300.0,23599485.0,402110702.0,0.01495185273631439,-0.07000000000000028,-1.7632241813602123,3.0226700251889196
2024-05-22,3.91,3.95,3.89,3.9,4739011.0,18589633.0,402110702.0,0.011785339152699298,0.0,0.0,1.5384615384615399
2024-05-23,3.9,3.9,3.75,3.77,7029800.0,26708113.0,402110702.0,0.017482250447539694,-0.1299999999999999,-3.3333333333333326,3.8461538461538445
2024-05-24,3.78,3.82,3.69,3.78,4760000.0,18061775.0,402110702.0,0.011837536221555226,0.009999999999999787,0.2652519893899141,3.4482758620689626
2024-05-27,3.78,3.83,3.72,3.81,4483544.0,16951967.0,402110702.0,0.011150024054818616,0.03000000000000025,0.7936507936507908,2.9100529100529067
2024-05-28,3.8,3.86,3.74,3.76,5721301.0,21736812.0,402110702.0,0.014228173912168098,-0.050000000000000266,-1.3123359580052618,3.1496062992125893
2024-05-29,3.76,3.81,3.69,3.71,4837070.0,18131254.0,402110702.0,0.012029199859495408,-0.04999999999999982,-1.3297872340425454,3.1914893617021307
2024-05-30,3.71,3.74,3.63,3.64,5488045.0,20176748.0,402110702.0,0.013648094847274172,-0.06999999999999984,-1.8867924528301883,2.9649595687331622
2024-05-31,3.67,3.72,3.64,3.7,4293900.0,15836716.0,402110702.0,0.010678402685238654,0.06000000000000005,1.6483516483516425,2.1978021978021998
2024-06-03,3.7,3.71,3.51,3.55,5940900.0,21344119.0,402110702.0,0.014774289692991062,-0.15000000000000036,-4.054054054054069,5.40540540540541
2024-06-04,3.55,3.55,3.39,3.45,8466644.0,29168412.0,402110702.0,0.021055505257355722,-0.09999999999999964,-2.8169014084506894,4.507042253521119
2024-06-05,3.44,3.44,3.32,3.34,7174301.0,24210897.0,402110702.0,0.017841606712571404,-0.11000000000000032,-3.1884057971014568,3.4782608695652204
2024-06-06,3.33,3.36,3.02,3.1,15355011.0,48475977.0,402110702.0,0.03818602917959642,-0.23999999999999977,-7.18562874251496,10.17964071856287
2024-06-07,3.12,3.28,3.12,3.26,7175111.0,23151801.0,402110702.0,0.017843621083230957,0.1599999999999997,5.161290322580636,5.161290322580635
2024-06-11,3.23,3.26,3.15,3.21,4929200.0,15803624.0,402110702.0,0.01225831587043908,-0.04999999999999982,-1.5337423312883347,3.3742331288343523
2024-06-12,3.23,3.34,3.22,3.32,5903400.0,19511844.0,402110702.0,0.014681031792085951,0.10999999999999988,3.4267912772585563,3.738317757009335
2024-06-13,3.34,3.36,3.21,3.24,5908500.0,19275898.0,402110702.0,0.014693714866609047,-0.07999999999999963,-2.409638554216853,4.518072289156624
2024-06-14,3.23,3.26,3.17,3.24,3615500.0,11720376.0,402110702.0,0.008991305085931286,0.0,0.0,2.7777777777777732
2024-06-17,3.26,3.28,3.19,3.2,4671100.0,15114319.0,402110702.0,0.011616452824476181,-0.040000000000000036,-1.2345679012345734,2.7777777777777732
2024-06-18,3.2,3.29,3.19,3.27,4674705.0,15248337.0,402110702.0,0.01162541801734986,0.06999999999999984,2.1874999999999867,3.1250000000000027
2024-06-19,3.3,3.31,3.23,3.24,3670704.0,12030304.0,402110702.0,0.009128590663573037,-0.029999999999999805,-0.917431192660545,2.4464831804281366
2024-06-20,3.23,3.25,3.13,3.15,5454600.0,17317350.0,402110702.0,0.013564921234053602,-0.0900000000000003,-2.77777777777779,3.703703703703707
2024-06-21,3.13,3.17,3.09,3.13,3029600.0,9550153.0,402110702.0,0.007534243642189856,-0.020000000000000018,-0.6349206349206327,2.539682539682542
2024-06-24,3.13,3.13,2.99,3.01,6431900.0,19555325.0,402110702.0,0.015995346475508626,-0.1200000000000001,-3.833865814696491,4.472843450479223
2024-06-25,3.03,3.1,3.02,3.05,3925005.0,12092365.0,402110702.0,0.00976100606245491,0.040000000000000036,1.3289036544850585,2.657807308970102
2024-06-26,3.12,3.17,3.02,3.17,4441216.0,13851881.0,402110702.0,0.011044759510031643,0.1200000000000001,3.934426229508192,4.918032786885243
2024-06-27,3.17,3.2,3.1,3.1,4012198.0,12636514.0,402110702.0,0.009977844359884757,-0.06999999999999984,-2.208201892744477,3.154574132492116
2024-06-28,3.11,3.16,3.09,3.1,3215792.0,10100695.0,402110702.0,0.007997280311131833,0.0,0.0,2.2580645161290414
2024-07-01,3.11,3.13,3.04,3.09,4171768.0,12875016.0,402110702.0,0.010374675379816178,-0.010000000000000231,-0.3225806451612967,2.903225806451608
2024-07-02,3.09,3.17,3.06,3.15,4965969.0,15620057.0,402110702.0,0.01234975586399588,0.06000000000000005,1.9417475728155331,3.559870550161808
2024-07-03,3.15,3.2,3.11,3.17,4356600.0,13863611.0,402110702.0,0.010834329895551997,0.020000000000000018,0.6349206349206327,2.857142857142867
2024-07-04,3.17,3.17,3.04,3.04,4435102.0,13730798.0,402110702.0,0.011029554741868074,-0.1299999999999999,-4.100946372239744,4.100946372239744
2024-07-05,3.02,3.15,2.99,3.07,3814962.0,11757122.0,402110702.0,0.009487342617406885,0.029999999999999805,0.9868421052631415,5.263157894736832
2024-07-08,3.02,3.07,2.91,2.94,5072060.0,15120478.0,402110702.0,0.012613591169727186,-0.1299999999999999,-4.234527687296419,5.211726384364812
2024-07-09,2.94,2.98,2.83,2.9,6207900.0,17998915.0,402110702.0,0.01543828594743544,-0.040000000000000036,-1.3605442176870763,5.102040816326528
2024-07-10,2.89,2.9,2.8,2.83,5722200.0,16320772.0,402110702.0,0.014230409614912462,-0.06999999999999984,-2.4137931034482696,3.448275862068969
2024-07-11,2.89,2.98,2.83,2.97,7548300.0,22011557.0,402110702.0,0.018771696357387672,0.14000000000000012,4.946996466431108,5.300353356890456
2024-07-12,3.0,3.04,2.95,2.97,4404360.0,13231125.0,402110702.0,0.010953103158144744,0.0,0.0,3.0303030303030254
2024-07-15,2.99,2.99,2.86,2.9,4338800.0,12591404.0,402110702.0,0.010790063478589037,-0.07000000000000028,-2.3569023569023684,4.377104377104389
2024-07-16,2.92,2.93,2.86,2.91,2500117.0,7274235.0,402110702.0,0.006217484358324788,0.010000000000000231,0.34482758620690834,2.413793103448286
2024-07-17,2.95,2.95,2.77,2.79,9574788.0,27152064.0,402110702.0,0.0238113234797715,-0.1200000000000001,-4.123711340206193,6.185567010309283
2024-07-18,2.78,2.81,2.71,2.8,5240710.0,14503102.0,402110702.0,0.013033003036064432,0.009999999999999787,0.35842293906809264,3.5842293906810068
2024-07-19,2.79,2.84,2.77,2.79,4341993.0,12198217.0,402110702.0,0.010798004077991438,-0.009999999999999787,-0.35714285714284477,2.4999999999999947
2024-07-22,2.95,2.99,2.84,2.9,8574710.0,24987296.0,402110702.0,0.02132425214586803,0.10999999999999988,3.942652329749108,5.376344086021518
2024-07-23,2.87,3.0,2.86,2.89,7309800.0,21515387.0,402110702.0,0.018178576107631177,-0.009999999999999787,-0.34482758620688614,4.827586206896556
2024-07-24,2.89,2.91,2.79,2.8,6119400.0,17346921.0,402110702.0,0.015218197301299382,-0.0900000000000003,-3.114186851211087,4.1522491349481
2024-07-25,2.79,2.85,2.75,2.84,4729000.0,13354245.0,402110702.0,0.01176044302347367,0.040000000000000036,1.4285714285714235,3.5714285714285747
2024-07-26,2.84,2.93,2.84,2.9,3749300.0,10875629.0,402110702.0,0.009324049276360716,0.06000000000000005,2.1126760563380254,3.169014084507053
2024-07-29,2.92,2.99,2.87,2.96,4756000.0,14033603.0,402110702.0,0.011827588712125348,0.06000000000000005,2.0689655172413834,4.1379310344827624
2024-07-30,2.96,3.02,2.95,3.01,3161600.0,9490794.0,402110702.0,0.007862511453375841,0.04999999999999982,1.6891891891891886,2.3648648648648596
2024-07-31,3.01,3.15,3.0,3.12,6876800.0,21320452.0,402110702.0,0.017101758211846847,0.11000000000000032,3.6544850498339,4.983388704318934
2024-08-01,3.11,3.17,3.08,3.13,6492600.0,20375159.0,402110702.0,0.01614629993110703,0.009999999999999787,0.3205128205128194,2.8846153846153797
2024-08-02,3.1,3.2,3.09,3.13,5218100.0,16481766.0,402110702.0,0.012976774739012044,0.0,0.0,3.514376996805122
2024-08-05,3.1,3.16,3.05,3.07,5487400.0,17123991.0,402110702.0,0.013646490811378604,-0.06000000000000005,-1.9169329073482455,3.514376996805122
2024-08-06,3.08,3.19,3.08,3.17,4702600.0,14783969.0,402110702.0,0.011694789461236473,0.10000000000000009,3.2573289902280145,3.5830618892508106
2024-08-07,3.18,3.19,3.12,3.13,3427800.0,10838708.0,402110702.0,0.008524518205934245,-0.040000000000000036,-1.2618296529968487,2.2082018927444746
2024-08-08,3.16,3.25,3.12,3.24,7006500.0,22479588.0,402110702.0,0.01742430620511065,0.11000000000000032,3.514376996805124,4.153354632587856
2024-08-09,3.28,3.34,3.15,3.16,6335100.0,20222693.0,402110702.0,0.01575461674730557,-0.08000000000000007,-2.4691358024691357,5.864197530864196
2024-08-12,3.13,3.18,3.11,3.13,4577416.0,14435584.0,402110702.0,0.011383472206119,-0.03000000000000025,-0.9493670886076,2.2151898734177307
2024-08-13,3.1,3.15,3.07,3.13,3778997.0,11760874.0,402110702.0,0.009397902073245491,0.0,0.0,2.5559105431309925
2024-08-14,3.14,3.16,3.08,3.1,4760000.0,14849728.0,402110702.0,0.011837536221555226,-0.029999999999999805,-0.9584664536741117,2.5559105431309925
2024-08-15,3.11,3.15,3.05,3.12,7233500.0,22492724.0,402110702.0,0.017988827365256248,0.020000000000000018,0.6451612903225712,3.2258064516129057
2024-08-16,3.12,3.14,3.05,3.06,4469100.0,13818474.0,402110702.0,0.011114103598267325,-0.06000000000000005,-1.9230769230769273,2.8846153846153944
2024-08-19,3.07,3.11,3.03,3.09,4644470.0,14334763.0,402110702.0,0.011550227280446766,0.029999999999999805,0.9803921568627416,2.6143790849673225
2024-08-20,3.07,3.1,3.01,3.02,3519970.0,10743433.0,402110702.0,0.008753733691972217,-0.06999999999999984,-2.265372168284785,2.912621359223311
2024-08-21,3.01,3.05,2.98,3.0,3330700.0,10038468.0,402110702.0,0.008283042414523949,-0.020000000000000018,-0.6622516556291425,2.3178807947019817
2024-08-22,3.0,3.02,2.95,2.98,3860600.0,11557064.0,402110702.0,0.009600838726247082,-0.020000000000000018,-0.666666666666671,2.3333333333333277
2024-08-23,2.97,2.97,2.9,2.92,4599100.0,13531831.0,402110702.0,0.011437397654738371,-0.06000000000000005,-2.0134228187919434,2.3489932885906133
2024-08-26,2.93,3.02,2.89,3.01,4412200.0,13202950.0,402110702.0,0.010972600276627305,0.08999999999999986,3.082191780821919,4.452054794520544
2024-08-27,3.0,3.03,2.91,2.92,2986500.0,8820926.0,402110702.0,0.007427059228082918,-0.08999999999999986,-2.9900332225913595,3.9867109634551388
2024-08-28,2.96,3.03,2.89,2.98,5614700.0,16829288.0,402110702.0,0.013963070298984482,0.06000000000000005,2.0547945205479534,4.7945205479451944
2024-08-29,3.0,3.28,2.96,3.28,9738501.0,30752325.0,402110702.0,0.024218457632594916,0.2999999999999998,10.067114093959727,10.73825503355704
2024-08-30,3.53,3.61,3.32,3.61,25282000.0,88360931.0,402110702.0,0.06287323335154606,0.33000000000000007,10.060975609756095,8.841463414634148
2024-09-02,3.46,3.61,3.27,3.4,49501274.0,168403540.0,402110702.0,0.1231035974764979,-0.20999999999999996,-5.8171745152354575,9.41828254847645
2024-09-03,3.36,3.37,3.24,3.35,28882697.0,95720189.0,402110702.0,0.07182772519195472,-0.04999999999999982,-1.4705882352941124,3.8235294117647025
2024-09-04,3.32,3.69,3.3,3.69,26107601.0,92830977.0,402110702.0,0.06492640178475031,0.33999999999999986,10.149253731343277,11.641791044776124
2024-09-05,3.61,3.96,3.55,3.74,61704189.0,231620944.0,402110702.0,0.15345075048512388,0.050000000000000266,1.3550135501354976,11.111111111111114
2024-09-06,3.59,3.6,3.37,3.44,38416765.0,132515906.0,402110702.0,0.09553778302573006,-0.30000000000000027,-8.02139037433156,6.149732620320854
2024-09-09,3.41,3.79,3.28,3.79,27520708.0,99093949.0,402110702.0,0.06844062558673208,0.3500000000000001,10.174418604651159,14.825581395348845
2024-09-10,3.95,4.17,3.57,3.77,70793549.0,275901886.0,402110702.0,0.17605487406301362,-0.020000000000000018,-0.527704485488123,15.8311345646438
2024-09-11,3.61,3.83,3.41,3.66,45491423.0,164548338.0,402110702.0,0.11313158981777113,-0.10999999999999988,-2.917771883289122,11.140583554376656
2024-09-12,3.69,3.71,3.51,3.56,29852985.0,107138967.0,402110702.0,0.07424071244937917,-0.10000000000000009,-2.732240437158473,5.464480874316944
2024-09-13,3.55,3.91,3.46,3.67,34303423.0,125638145.0,402110702.0,0.0853084059424014,0.10999999999999988,3.08988764044944,12.640449438202253
2024-09-18,3.49,3.66,3.4,3.64,25491776.0,89973991.0,402110702.0,0.0633949205360866,-0.029999999999999805,-0.8174386920980825,7.084468664850142
2024-09-19,3.55,3.76,3.52,3.7,28507885.0,104068654.0,402110702.0,0.07089561371584684,0.06000000000000005,1.6483516483516425,6.593406593406587
2024-09-20,3.7,3.97,3.6,3.85,41703880.0,159549860.0,402110702.0,0.1037124348906287,0.1499999999999999,4.054054054054057,10.000000000000002
2024-09-23,3.79,4.14,3.75,3.99,39653013.0,155887448.0,402110702.0,0.09861218018514713,0.14000000000000012,3.6363636363636376,10.12987012987012
2024-09-24,3.96,3.97,3.71,3.89,35034204.0,135594261.0,402110702.0,0.08712576866457039,-0.10000000000000009,-2.506265664160401,6.516290726817048
2024-09-25,3.89,4.16,3.86,4.14,48224680.0,194568334.0,402110702.0,0.11992886476321638,0.24999999999999956,6.426735218508983,7.712082262210804
2024-09-26,4.01,4.16,3.97,4.12,36180197.0,147228353.0,402110702.0,0.08997571270808903,-0.019999999999999574,-0.48309178743960457,4.589371980676328
2024-09-27,4.09,4.15,4.0,4.11,30027225.0,123179520.0,402110702.0,0.07467402596014468,-0.009999999999999787,-0.24271844660194164,3.640776699029135
2024-09-30,4.19,4.48,4.11,4.44,53129918.0,228676639.0,402110702.0,0.13212759007841576,0.33000000000000007,8.029197080291972,9.002433090024333
2024-10-08,4.85,4.86,4.35,4.5,54213243.0,247699676.0,402110702.0,0.1348216864916965,0.05999999999999961,1.3513513513513375,11.4864864864865
2024-10-09,4.48,4.48,4.05,4.05,30316814.0,126650380.0,402110702.0,0.07539419828721694,-0.4500000000000002,-10.000000000000009,9.555555555555568
2024-10-10,3.96,4.26,3.87,4.05,23942013.0,97434381.0,402110702.0,0.05954085002194247,0.0,0.0,9.629629629629623
2024-10-11,4.01,4.34,3.95,4.24,29313367.0,122291469.0,402110702.0,0.07289874866349616,0.1900000000000004,4.691358024691361,9.629629629629623
2024-10-14,4.26,4.29,4.13,4.23,21418226.0,90343793.0,402110702.0,0.05326450127656637,-0.009999999999999787,-0.2358490566037652,3.7735849056603805
2024-10-15,4.22,4.22,4.04,4.06,20856700.0,86145529.0,402110702.0,0.051868054981535905,-0.17000000000000082,-4.018912529550844,4.255319148936163
2024-10-16,3.99,4.46,3.99,4.31,34233312.0,145907895.0,402110702.0,0.08513404848399185,0.25,6.157635467980294,11.576354679802952
2024-10-17,4.34,4.44,4.29,4.33,23303514.0,102049772.0,402110702.0,0.05795298131607549,0.020000000000000462,0.46403712296985145,3.480278422273791
2024-10-18,4.34,4.73,4.34,4.57,31108349.0,141680820.0,402110702.0,0.07736264875636162,0.2400000000000002,5.542725173210172,9.006928406466526
2024-10-21,4.51,4.78,4.45,4.7,29516943.0,137006995.0,402110702.0,0.07340501720842038,0.1299999999999999,2.844638949671774,7.2210065645514225
2024-10-22,4.77,5.17,4.65,5.17,25213314.0,127403561.0,402110702.0,0.06270241969337091,0.46999999999999975,9.999999999999986,11.063829787234033
2024-10-23,5.38,5.38,4.71,4.8,65297070.0,326515477.0,402110702.0,0.16238580489210655,-0.3700000000000001,-7.156673114119927,12.959381044487426
2024-10-24,4.75,4.83,4.55,4.65,31370195.0,145998772.0,402110702.0,0.07801382764490561,-0.14999999999999947,-3.124999999999989,5.833333333333339
2024-10-25,4.76,5.06,4.69,4.93,34120535.0,166332045.0,402110702.0,0.0848535859162485,0.27999999999999936,6.021505376344072,7.95698924731181
2024-10-28,4.94,5.18,4.89,5.13,33467873.0,168656899.0,402110702.0,0.08323049556636769,0.20000000000000018,4.056795131845847,5.882352941176472
2024-10-29,5.14,5.18,4.82,4.82,28356700.0,140185972.0,402110702.0,0.0705196351625578,-0.3099999999999996,-6.042884990253405,7.017543859649111
2024-10-30,4.81,4.86,4.72,4.84,18374402.0,88169052.0,402110702.0,0.04569488429084387,0.019999999999999574,0.4149377593360981,2.9045643153527085
2024-10-31,4.82,4.87,4.73,4.85,18822801.0,90911222.0,402110702.0,0.04680999761105587,0.009999999999999787,0.20661157024792765,2.892561983471068
2024-11-01,4.85,4.95,4.58,4.67,23457430.0,110241394.0,402110702.0,0.05833575153142778,-0.17999999999999972,-3.711340206185565,7.628865979381446
2024-11-04,4.61,4.65,4.54,4.65,13016245.0,60213597.0,402110702.0,0.032369804969776705,-0.019999999999999574,-0.4282655246252598,2.3554603854389793
2024-11-05,4.64,4.88,4.64,4.77,17137412.0,81536633.0,402110702.0,0.042618641868427565,0.11999999999999922,2.580645161290307,5.1612903225806495
2024-11-06,4.76,4.84,4.68,4.73,13160951.0,62590846.0,402110702.0,0.0327296710446667,-0.03999999999999915,-0.8385744234800652,3.3542976939203384
2024-11-07,4.71,4.92,4.67,4.9,15130302.0,73361042.0,402110702.0,0.037627205455476785,0.16999999999999993,3.594080338266381,5.285412262156448
2024-11-08,4.9,4.94,4.75,4.82,15328100.0,74061252.0,402110702.0,0.038119104823029555,-0.08000000000000007,-1.6326530612244872,3.8775510204081707
2024-11-11,4.78,4.89,4.77,4.89,12628685.0,61245401.0,402110702.0,0.03140599078111579,0.0699999999999994,1.4522821576763434,2.4896265560165993
2024-11-12,4.92,5.12,4.8,4.88,21919901.0,108660811.0,402110702.0,0.05451210547487493,-0.009999999999999787,-0.2044989775051076,6.5439672801636055
2024-11-13,4.89,5.0,4.71,4.94,16549179.0,80616950.0,402110702.0,0.04115577853981116,0.0600000000000005,1.2295081967213184,5.942622950819673
2024-11-14,4.9,4.94,4.66,4.68,13518555.0,64597327.0,402110702.0,0.03361898833520725,-0.2600000000000007,-5.2631578947368585,5.6680161943319884
2024-11-15,4.65,4.74,4.56,4.57,9840000.0,45914899.0,402110702.0,0.02447087319750072,-0.10999999999999943,-2.350427350427342,3.8461538461538596
2024-11-18,4.81,5.03,4.71,4.78,38975975.0,190593563.0,402110702.0,0.09692846971280063,0.20999999999999996,4.59518599562363,7.002188183807445
2024-11-19,4.54,4.67,4.43,4.65,29631164.0,135281642.0,402110702.0,0.07368907082706791,-0.1299999999999999,-2.7196652719665204,5.020920502092054
2024-11-20,4.64,4.81,4.6,4.76,15756300.0,74416987.0,402110702.0,0.03918398570749803,0.10999999999999943,2.3655913978494425,4.516129032258063
2024-11-21,4.76,4.9,4.69,4.86,15188340.0,73015592.0,402110702.0,0.037771538843549606,0.10000000000000053,2.1008403361344685,4.411764705882352
2024-11-22,4.79,5.05,4.78,4.79,21632100.0,106839815.0,402110702.0,0.05379637968451782,-0.07000000000000028,-1.440329218107006,5.5555555555555465
2024-11-25,4.79,5.05,4.79,4.98,17756221.0,87555342.0,402110702.0,0.04415754395912596,0.1900000000000004,3.9665970772442716,5.427974947807929
2024-11-26,4.98,5.18,4.93,5.04,23203570.0,117352930.0,402110702.0,0.05770443284546055,0.05999999999999961,1.2048192771084265,5.02008032128514
2024-11-27,5.06,5.28,4.84,5.23,27928377.0,142521108.0,402110702.0,0.06945444839217435,0.1900000000000004,3.7698412698412787,8.730158730158738
2024-11-28,5.24,5.75,5.18,5.75,43814213.0,242206353.0,402110702.0,0.10896057424504957,0.5199999999999996,9.94263862332696,10.898661567877634
2024-11-29,5.71,5.86,5.45,5.45,53803508.0,300572902.0,402110702.0,0.13380272579763372,-0.2999999999999998,-5.217391304347818,7.130434782608698
2024-12-02,5.52,6.0,5.45,6.0,21791524.0,125019309.0,402110702.0,0.054192847620355054,0.5499999999999998,10.091743119266061,10.091743119266052
2024-12-03,6.6,6.6,5.73,5.81,75279819.0,469791735.0,402110702.0,0.1872116773455087,-0.1900000000000004,-3.166666666666673,14.499999999999988
2024-12-04,5.8,5.97,5.5,5.54,45042962.0,257325338.0,402110702.0,0.11201632231116296,-0.2699999999999996,-4.647160068846812,8.089500860585193
2024-12-05,5.54,5.9,5.51,5.77,38688236.0,219952252.0,402110702.0,0.09621289810883969,0.22999999999999954,4.1516245487364545,7.0397111913357495
2024-12-06,5.74,5.94,5.68,5.78,22742987.0,131664794.0,402110702.0,0.056559019411525135,0.010000000000000675,0.17331022530331364,4.506065857885627
2024-12-09,5.84,5.91,5.61,5.87,22297700.0,129992693.0,402110702.0,0.05545164525364958,0.08999999999999986,1.5570934256055269,5.190311418685118
2024-12-10,5.99,6.01,5.69,5.72,24027948.0,140281167.0,402110702.0,0.059754559827656616,-0.15000000000000036,-2.555366269165249,5.45144804088585
2024-12-11,5.66,5.92,5.66,5.91,20736919.0,121293872.0,402110702.0,0.051570174324780844,0.1900000000000004,3.321678321678334,4.545454545454542
2024-12-12,5.87,6.13,5.87,6.03,18616391.0,111637836.0,402110702.0,0.04629668125570058,0.1200000000000001,2.0304568527918843,4.399323181049065
2024-12-13,6.02,6.37,6.0,6.18,27987520.0,173674211.0,402110702.0,0.06960152977972718,0.14999999999999947,2.487562189054726,6.135986733001659
2024-12-16,6.16,6.16,5.86,5.9,20172200.0,120035922.0,402110702.0,0.050165787430347976,-0.27999999999999936,-4.53074433656957,4.854368932038832
2024-12-17,5.9,5.95,5.4,5.45,24520700.0,137037560.0,402110702.0,0.06097997361930447,-0.4500000000000002,-7.6271186440677985,9.322033898305081
2024-12-18,5.45,5.48,5.21,5.39,15467714.0,83312239.0,402110702.0,0.03846630771841531,-0.0600000000000005,-1.1009174311926717,4.954128440366981
2024-12-19,5.28,5.41,5.22,5.34,11964255.0,63787605.0,402110702.0,0.02975363485849228,-0.04999999999999982,-0.9276437847866359,3.5250463821892466
2024-12-20,5.34,5.56,5.3,5.55,13720101.0,75409466.0,402110702.0,0.03412020851909582,0.20999999999999996,3.93258426966292,4.8689138576778985
2024-12-23,5.51,5.55,4.99,4.99,21359900.0,111632346.0,402110702.0,0.0531194516678146,-0.5599999999999996,-10.090090090090087,10.090090090090083
2024-12-24,4.99,5.04,4.72,4.85,16995486.0,82421363.0,402110702.0,0.04226568931259134,-0.14000000000000057,-2.8056112224449037,6.41282565130261
2024-12-25,4.82,4.82,4.5,4.56,18355092.0,84799488.0,402110702.0,0.04564686268907113,-0.29000000000000004,-5.97938144329897,6.597938144329903
2024-12-26,4.56,4.69,4.56,4.59,10560193.0,48876237.0,402110702.0,0.026261904862208814,0.03000000000000025,0.6578947368421018,2.8508771929824737
2024-12-27,4.61,5.05,4.57,5.05,17627214.0,86531262.0,402110702.0,0.043836719371870884,0.45999999999999996,10.02178649237473,10.457516339869272
2024-12-30,5.15,5.15,4.84,4.88,20238693.0,99775819.0,402110702.0,0.0503311473664782,-0.16999999999999993,-3.3663366336633693,6.1386138613861485
2024-12-31,4.95,5.0,4.76,4.82,10780588.0,52244334.0,402110702.0,0.026810000197408326,-0.05999999999999961,-1.2295081967213073,4.9180327868852505
2025-01-02,4.78,5.09,4.73,4.86,15893800.0,78855469.0,402110702.0,0.0395259313441501,0.040000000000000036,0.8298755186721962,7.46887966804978
2025-01-03,4.82,4.95,4.58,4.59,13144800.0,61560537.0,402110702.0,0.032689505488466206,-0.27000000000000046,-5.55555555555557,7.613168724279837
2025-01-06,4.59,4.62,4.31,4.39,14744953.0,65409582.0,402110702.0,0.03666888975265324,-0.20000000000000018,-4.357298474945537,6.753812636165589
2025-01-07,4.44,4.5,4.34,4.49,11466200.0,50928588.0,402110702.0,0.028515033156217763,0.10000000000000053,2.277904328018243,3.6446469248291606
2025-01-08,4.49,4.54,4.31,4.51,10334953.0,46096102.0,402110702.0,0.025701760606212366,0.019999999999999574,0.44543429844097204,5.122494432071278
2025-01-09,4.46,4.55,4.43,4.5,6829000.0,30838280.0,402110702.0,0.0169828854741598,-0.009999999999999787,-0.22172949002217113,2.660753880266078
2025-01-10,4.5,4.62,4.34,4.35,9570800.0,43094561.0,402110702.0,0.023801405812869908,-0.15000000000000036,-3.3333333333333437,6.222222222222228
2025-01-13,4.29,4.39,4.15,4.36,7192900.0,30933675.0,402110702.0,0.017887860144542984,0.010000000000000675,0.22988505747127963,5.517241379310329
2025-01-14,4.43,4.61,4.43,4.59,9748900.0,44466603.0,402110702.0,0.024244318670235243,0.22999999999999954,5.275229357798161,4.12844036697249
2025-01-15,4.76,5.05,4.62,5.05,14889900.0,71944887.0,402110702.0,0.037029355164986386,0.45999999999999996,10.02178649237473,9.368191721132892
2025-01-16,5.0,5.04,4.83,4.92,24941500.0,123592052.0,402110702.0,0.062026451611327665,-0.1299999999999999,-2.5742574257425765,4.158415841584158
2025-01-17,4.98,4.99,4.78,4.83,13618801.0,66102250.0,402110702.0,0.03386828784278415,-0.08999999999999986,-1.8292682926829285,4.268292682926829
2025-01-20,4.84,4.93,4.7,4.91,13794900.0,67134779.0,402110702.0,0.03430622445855719,0.08000000000000007,1.6563146997929712,4.761904761904752
2025-01-21,4.94,4.98,4.76,4.81,11184100.0,54304448.0,402110702.0,0.02781348505367559,-0.10000000000000053,-2.0366598778004175,4.480651731160909
2025-01-22,4.86,4.86,4.7,4.73,8001100.0,38199101.0,402110702.0,0.019897754424849902,-0.07999999999999918,-1.663201663201641,3.3264033264033293
2025-01-23,4.8,4.86,4.68,4.68,7391700.0,35387756.0,402110702.0,0.018382251363207935,-0.05000000000000071,-1.0570824524313016,3.805496828752655
2025-01-24,4.74,4.78,4.66,4.68,7674400.0,36124933.0,402110702.0,0.01908529159216459,0.0,0.0,2.5641025641025665
2025-01-27,4.69,4.79,4.67,4.68,8201102.0,38909271.0,402110702.0,0.020395134870098534,0.0,0.0,2.5641025641025665
2025-02-05,4.73,4.84,4.66,4.78,7589400.0,36246775.0,402110702.0,0.018873907016779674,0.10000000000000053,2.1367521367521514,3.84615384615384
2025-02-06,4.72,4.87,4.72,4.85,9527451.0,45907919.0,402110702.0,0.02369360216630096,0.0699999999999994,1.464435146443499,3.138075313807539
2025-02-07,4.85,4.92,4.76,4.84,10420300.0,50823356.0,402110702.0,0.025914008128040324,-0.009999999999999787,-0.20618556701030855,3.2989690721649514
2025-02-10,4.82,4.91,4.81,4.91,9012000.0,44031474.0,402110702.0,0.022411738745515906,0.07000000000000028,1.446280991735538,2.06611570247935
2025-02-11,4.9,4.95,4.82,4.86,8130451.0,39597187.0,402110702.0,0.02021943449791595,-0.04999999999999982,-1.0183299389001976,2.647657841140527
2025-02-12,4.83,4.89,4.77,4.85,9241450.0,44593388.0,402110702.0,0.022982352755187303,-0.010000000000000675,-0.2057613168724437,2.469135802469138
2025-02-13,4.83,4.85,4.73,4.75,9355623.0,44748056.0,402110702.0,0.023266287003721676,-0.09999999999999964,-2.0618556701030855,2.4742268041236954
2025-02-14,4.75,4.77,4.64,4.7,8407823.0,39723264.0,402110702.0,0.020909224644312004,-0.04999999999999982,-1.0526315789473606,2.7368421052631557
2025-02-17,4.7,5.03,4.67,4.98,20254300.0,99606385.0,402110702.0,0.05036996006139623,0.28000000000000025,5.957446808510647,7.659574468085113
2025-02-18,4.92,4.99,4.72,4.72,12273800.0,59552448.0,402110702.0,0.0305234353101102,-0.2600000000000007,-5.220883534136556,5.421686746987961
2025-02-19,4.72,4.88,4.67,4.82,10502000.0,50358545.0,402110702.0,0.02611718600814559,0.10000000000000053,2.1186440677966267,4.449152542372881
2025-02-20,4.82,4.9,4.77,4.85,9791600.0,47583760.0,402110702.0,0.024350508333399194,0.02999999999999936,0.6224066390041472,2.6970954356846635
2025-02-21,4.85,4.88,4.65,4.74,15760276.0,74305033.0,402110702.0,0.03919387353187133,-0.10999999999999943,-2.268041237113394,4.7422680412371045
2025-02-24,4.72,4.78,4.65,4.74,11549378.0,54608239.0,402110702.0,0.02872188664105737,0.0,0.0,2.742616033755272
2025-02-25,4.7,4.88,4.67,4.86,14337901.0,69059024.0,402110702.0,0.03565660135054053,0.1200000000000001,2.5316455696202445,4.430379746835443
2025-02-26,4.84,5.35,4.81,5.35,27087254.0,139098180.0,402110702.0,0.06736267864862747,0.4899999999999993,10.082304526748963,11.11111111111111
2025-02-27,5.37,5.44,5.17,5.22,38262775.0,202776929.0,402110702.0,0.09515482878145332,-0.1299999999999999,-2.4299065420560706,5.046728971962626
2025-02-28,5.25,5.64,5.2,5.39,43244544.0,233849099.0,402110702.0,0.10754387730769722,0.16999999999999993,3.256704980842917,8.429118773946351
2025-03-03,5.36,5.57,5.34,5.42,29232100.0,159228183.0,402110702.0,0.07269664760128668,0.03000000000000025,0.5565862708719838,4.267161410018561
2025-03-04,5.29,5.39,5.21,5.31,19197800.0,101927172.0,402110702.0,0.04774257413322961,-0.11000000000000032,-2.029520295202958,3.321033210332098
2025-03-05,5.34,5.39,5.14,5.26,13245663.0,69236995.0,402110702.0,0.032940339399372666,-0.04999999999999982,-0.941619585687381,4.708097928436912
2025-03-06,5.26,5.29,5.17,5.26,11938703.0,62782320.0,402110702.0,0.029690090168254215,0.0,0.0,2.281368821292778
2025-03-07,5.25,5.26,5.06,5.1,17987700.0,92454607.0,402110702.0,0.04473320384295566,-0.16000000000000014,-3.041825095057038,3.802281368821296
2025-03-10,5.07,5.17,5.03,5.13,13864400.0,70615844.0,402110702.0,0.03447906243490132,0.03000000000000025,0.588235294117645,2.7450980392156805
2025-03-11,5.05,5.14,5.04,5.14,8148202.0,41537377.0,402110702.0,0.020263579057888392,0.009999999999999787,0.19493177387914784,1.949317738791416
2025-03-12,5.13,5.2,5.1,5.12,10679653.0,55041123.0,402110702.0,0.026558987231332133,-0.019999999999999574,-0.38910505836574627,1.9455252918288042
2025-03-13,5.13,5.13,4.93,4.99,11217400.0,56253014.0,402110702.0,0.027896298069679328,-0.1299999999999999,-2.5390625,3.9062500000000036
2025-03-14,4.99,5.13,4.96,5.12,11383253.0,57751683.0,402110702.0,0.028308754140047732,0.1299999999999999,2.605210420841675,3.4068136272545075
2025-03-17,5.21,5.41,5.13,5.27,18236455.0,96054264.0,402110702.0,0.04535182702001301,0.14999999999999947,2.9296875,5.468750000000004
2025-03-18,5.24,5.29,5.16,5.22,8782491.0,45715385.0,402110702.0,0.02184097801008042,-0.04999999999999982,-0.9487666034155517,2.4667931688804536
2025-03-19,5.21,5.34,5.16,5.23,10740253.0,56378285.0,402110702.0,0.02670969199919479,0.010000000000000675,0.19157088122607746,3.44827586206896
2025-03-20,5.21,5.32,5.15,5.24,8764300.0,46005325.0,402110702.0,0.02179573922407069,0.009999999999999787,0.19120458891013214,3.2504780114722736
2025-03-21,5.27,5.77,5.15,5.63,49797958.0,280722071.0,402110702.0,0.12384141419842142,0.3899999999999997,7.4427480916030575,11.832061068702275
2025-03-24,5.71,5.77,5.32,5.5,29839082.0,164015031.0,402110702.0,0.07420613739347828,-0.1299999999999999,-2.3090586145648295,7.992895204262865
2025-03-25,5.43,5.5,5.26,5.26,17630141.0,94310058.0,402110702.0,0.0438439984618962,-0.2400000000000002,-4.3636363636363695,4.363636363636368
2025-03-26,5.22,5.79,5.22,5.79,18884151.0,105989667.0,402110702.0,0.04696256753693663,0.5300000000000002,10.076045627376429,10.83650190114069
2025-03-27,5.94,6.37,5.74,6.01,70715273.0,427015385.0,402110702.0,0.17586021125098034,0.21999999999999975,3.799654576856648,10.88082901554404
2025-03-28,5.77,6.13,5.67,5.87,45148044.0,263793370.0,402110702.0,0.11227764835764058,-0.13999999999999968,-2.329450915141429,7.653910149750416
2025-03-31,5.93,5.93,5.35,5.48,35714540.0,197829673.0,402110702.0,0.08881768085844181,-0.3899999999999997,-6.643952299829636,9.880749574105623
2025-04-01,5.59,5.72,5.5,5.62,29376701.0,164850490.0,402110702.0,0.07305625255405414,0.13999999999999968,2.5547445255474477,4.014598540145981
2025-04-02,5.59,5.66,5.45,5.5,19960100.0,110606031.0,402110702.0,0.04963832074282867,-0.1200000000000001,-2.135231316725983,3.7366548042704615
2025-04-03,5.4,5.55,5.34,5.46,17345422.0,94364855.0,402110702.0,0.043135937227554814,-0.040000000000000036,-0.727272727272732,3.818181818181818
2025-04-07,5.05,5.1,4.91,4.91,10859600.0,54019475.0,402110702.0,0.027006493351176712,-0.5499999999999998,-10.073260073260071,3.479853479853471
2025-04-08,4.79,4.91,4.42,4.44,22192401.0,100880528.0,402110702.0,0.055189779554785386,-0.46999999999999975,-9.57230142566191,9.979633401222001
2025-04-09,4.36,4.66,4.05,4.59,19127000.0,83482619.0,402110702.0,0.04756650321632076,0.14999999999999947,3.378378378378377,13.738738738738746
2025-04-10,4.64,4.89,4.64,4.72,14491401.0,69405934.0,402110702.0,0.03603833702491211,0.1299999999999999,2.8322440087146017,5.446623093681917
2025-04-11,4.74,4.9,4.67,4.8,10119486.0,48843259.0,402110702.0,0.025165920602630468,0.08000000000000007,1.6949152542372836,4.872881355932213
2025-04-14,4.92,5.18,4.87,5.13,16460507.0,83431851.0,402110702.0,0.04093526215076962,0.33000000000000007,6.875000000000009,6.458333333333326
2025-04-15,5.1,5.49,5.09,5.38,19348300.0,102982599.0,402110702.0,0.04811684917552878,0.25,4.873294346978563,7.797270955165699
2025-04-16,5.29,5.43,5.13,5.2,14787480.0,77906132.0,402110702.0,0.03677464918603435,-0.17999999999999972,-3.3457249070631967,5.576208178438659
2025-04-17,5.12,5.33,5.12,5.24,8355000.0,43819062.0,402110702.0,0.020777860321658386,0.040000000000000036,0.7692307692307665,4.038461538461537
2025-04-18,5.18,5.25,5.08,5.12,9048900.0,46535183.0,402110702.0,0.02250350452000653,-0.1200000000000001,-2.2900763358778664,3.244274809160304
2025-04-21,5.12,5.31,5.02,5.26,9274502.0,48462670.0,402110702.0,0.023064549025606385,0.13999999999999968,2.734375,5.664062500000001
2025-04-22,5.21,5.4,5.21,5.29,7968701.0,42281272.0,402110702.0,0.019817182085345244,0.03000000000000025,0.5703422053231932,3.6121673003802353
2025-04-23,5.38,5.38,5.24,5.27,5627600.0,29842876.0,402110702.0,0.01399515101689584,-0.020000000000000462,-0.3780718336483968,2.6465028355387465
2025-04-24,5.29,5.32,5.19,5.22,5865800.0,30796223.0,402110702.0,0.014587525203445095,-0.04999999999999982,-0.9487666034155517,2.4667931688804536
2025-04-25,5.27,5.38,5.25,5.29,8222304.0,43732857.0,402110702.0,0.020447861643831604,0.07000000000000028,1.3409961685823868,2.4904214559386952
2025-04-28,5.28,5.28,5.14,5.24,5652000.0,29407487.0,402110702.0,0.014055830824418098,-0.04999999999999982,-0.9451795841209809,2.646502835538763
2025-04-29,5.18,5.34,5.16,5.29,6095601.0,32334213.0,402110702.0,0.015159012107068963,0.04999999999999982,0.9541984732824416,3.4351145038167887
2025-04-30,5.31,5.49,5.31,5.37,6253300.0,33881805.0,402110702.0,0.015551190179464559,0.08000000000000007,1.512287334593565,3.4026465028355504
2025-05-06,5.41,5.87,5.41,5.79,16277900.0,92257830.0,402110702.0,0.040481140937154166,0.41999999999999993,7.8212290502793325,8.566108007448788
2025-05-07,5.81,6.01,5.71,5.98,22468104.0,131684313.0,402110702.0,0.055875419102871825,0.1900000000000004,3.2815198618307395,5.1813471502590644
2025-05-08,5.95,6.23,5.74,5.81,27404600.0,162872902.0,402110702.0,0.06815187923051101,-0.17000000000000082,-2.842809364548504,8.19397993311037
2025-05-09,5.99,6.39,5.86,6.39,20656285.0,128598467.0,402110702.0,0.05136964745593864,0.5800000000000001,9.982788296041312,9.122203098106702
2025-05-12,7.02,7.02,6.13,6.39,88864421.0,592417445.0,402110702.0,0.22099491646954475,0.0,0.0,13.928012519561811
2025-05-13,6.24,6.45,5.79,5.93,60659813.0,368761763.0,402110702.0,0.1508535154580392,-0.45999999999999996,-7.198748043818471,10.328638497652586
2025-05-14,5.81,5.97,5.6,5.86,39342978.0,228252519.0,402110702.0,0.09784116116362404,-0.0699999999999994,-1.1804384485666009,6.239460370994943
2025-05-15,5.8,6.0,5.8,5.96,31599407.0,187111703.0,402110702.0,0.07858384977776592,0.09999999999999964,1.7064846416382284,3.4129692832764533
2025-05-16,5.82,5.89,5.67,5.81,26524396.0,154326578.0,402110702.0,0.06596291983295685,-0.15000000000000036,-2.5167785234899376,3.691275167785231
2025-05-19,5.85,6.09,5.78,6.07,28829343.0,172805900.0,402110702.0,0.0716950403374243,0.2600000000000007,4.4750430292599175,5.335628227194486
2025-05-20,6.03,6.14,5.97,6.05,19923001.0,120555546.0,402110702.0,0.04954606007974391,-0.020000000000000462,-0.32948929159802853,2.800658978583195
2025-05-21,6.06,6.18,6.0,6.02,15237038.0,92618217.0,402110702.0,0.03789264479710366,-0.03000000000000025,-0.49586776859504855,2.9752066115702434
2025-05-22,5.95,6.6,5.94,6.19,35868600.0,225033969.0,402110702.0,0.08920080918413358,0.17000000000000082,2.823920265780755,10.96345514950165
2025-05-23,6.28,6.65,6.22,6.39,37233870.0,240179083.0,402110702.0,0.09259606823396607,0.1999999999999993,3.2310177705977328,6.946688206785147
2025-05-26,6.3,6.61,6.1,6.54,33180711.0,213523973.0,402110702.0,0.08251635889064202,0.15000000000000036,2.3474178403755985,7.981220657277007
2025-05-27,6.48,6.72,6.4,6.65,24406259.0,160520573.0,402110702.0,0.060695372887638294,0.11000000000000032,1.6819571865443583,4.89296636085626
2025-05-28,6.52,6.81,6.52,6.73,25930137.0,174250995.0,402110702.0,0.06448507058138432,0.08000000000000007,1.2030075187969835,4.360902255639098
2025-05-29,6.67,7.15,6.66,6.99,31836983.0,220011762.0,402110702.0,0.07917467215284411,0.2599999999999998,3.8632986627042953,7.280832095096586
2025-05-30,6.97,7.07,6.81,6.98,23132812.0,160663507.0,402110702.0,0.05752846637740072,-0.009999999999999787,-0.14306151645206988,3.719599427753944
2025-06-03,6.83,7.66,6.78,7.49,34813939.0,257028083.0,402110702.0,0.08657799662342734,0.5099999999999998,7.306590257879653,12.60744985673352
2025-06-04,7.46,7.62,7.17,7.22,28892910.0,211392766.0,402110702.0,0.07185312367040657,-0.27000000000000046,-3.604806408544736,6.008010680907879
2025-06-05,7.23,7.44,7.17,7.37,20141325.0,147625545.0,402110702.0,0.050089005091936104,0.15000000000000036,2.0775623268698196,3.7396121883656575
2025-06-06,7.44,7.85,7.39,7.55,26167058.0,199882574.0,402110702.0,0.06507426405179338,0.17999999999999972,2.4423337856173566,6.241519674355494
2025-06-09,7.55,7.95,7.52,7.85,28215401.0,220037903.0,402110702.0,0.0701682418788247,0.2999999999999998,3.9735099337748325,5.695364238410605
2025-06-24,8.64,8.64,7.06,7.2,97679302.0,739199307.0,402110702.0,0.2429164444372336,-0.6499999999999995,-8.280254777070063,20.12738853503186
2025-06-25,6.89,6.92,6.6,6.62,59395064.0,400435643.0,402110702.0,0.1477082398070569,-0.5800000000000001,-8.05555555555556,4.444444444444448
2025-06-26,6.62,7.28,6.6,7.28,46456109.0,323259425.0,402110702.0,0.11553064558823903,0.6600000000000001,9.969788519637458,10.27190332326285
2025-06-27,7.33,7.99,7.3,7.54,69556162.0,529618533.0,402110702.0,0.1729776443502864,0.2599999999999998,3.5714285714285587,9.478021978021983
2025-06-30,7.49,7.65,7.28,7.32,41005885.0,303836540.0,402110702.0,0.10197660692950172,-0.21999999999999975,-2.917771883289122,4.907161803713529
2025-07-01,7.29,7.34,6.99,7.08,32057615.0,227833670.0,402110702.0,0.07972335687797735,-0.2400000000000002,-3.2786885245901676,4.781420765027318
2025-07-02,7.05,7.12,6.91,6.93,22369900.0,156930886.0,402110702.0,0.05563119779885888,-0.15000000000000036,-2.1186440677966156,2.9661016949152534
2025-07-03,6.94,6.99,6.83,6.88,15164928.0,104701339.0,402110702.0,0.037713316070856526,-0.04999999999999982,-0.721500721500723,2.308802308802311
2025-07-04,6.89,7.01,6.79,6.91,18929125.0,130899264.0,402110702.0,0.04707441235921147,0.03000000000000025,0.43604651162791885,3.197674418604648
2025-07-07,6.83,6.91,6.79,6.85,13386965.0,91496781.0,402110702.0,0.03329174014373783,-0.0600000000000005,-0.868306801736618,1.7366136034732287
2025-07-08,6.83,6.87,6.74,6.84,14842934.0,100877940.0,402110702.0,0.03691255648301547,-0.009999999999999787,-0.14598540145984717,1.8978102189781008
2025-07-09,6.79,6.94,6.77,6.78,13181700.0,90367614.0,402110702.0,0.03278127126295684,-0.05999999999999961,-0.877192982456132,2.4853801169590763
2025-07-10,6.77,6.82,6.66,6.68,13749700.0,92378297.0,402110702.0,0.03419381760199956,-0.10000000000000053,-1.4749262536873253,2.359882005899707
2025-07-11,6.7,6.84,6.63,6.72,12728210.0,85776128.0,402110702.0,0.03165349725011796,0.040000000000000036,0.5988023952095745,3.143712574850299
2025-07-14,6.7,6.78,6.65,6.75,9517400.0,63940391.0,402110702.0,0.023668606561981033,0.03000000000000025,0.44642857142858094,1.9345238095238078
2025-07-15,6.76,6.77,6.47,6.54,14003300.0,91992268.0,402110702.0,0.03482448969985385,-0.20999999999999996,-3.111111111111109,4.444444444444442
2025-07-16,6.54,6.97,6.54,6.79,16891200.0,114544594.0,402110702.0,0.04200634282049026,0.25,3.822629969418956,6.574923547400608
2025-07-17,6.7,6.86,6.68,6.81,12201497.0,82976568.0,402110702.0,0.030343626616533077,0.019999999999999574,0.2945508100147265,2.6509572901325567
2025-07-18,6.84,6.85,6.66,6.7,10549600.0,70869094.0,402110702.0,0.02623556137036114,-0.10999999999999943,-1.615271659324513,2.790014684287805
2025-07-21,6.7,6.75,6.64,6.69,8622605.0,57907112.0,402110702.0,0.021443361136904034,-0.009999999999999787,-0.14925373134327957,1.6417910447761241
2025-07-22,6.67,6.72,6.59,6.71,10589617.0,70461364.0,402110702.0,0.026335078741575,0.019999999999999574,0.2989536621823552,1.9431988041853496
2025-07-23,6.78,6.84,6.58,6.59,13502201.0,89949570.0,402110702.0,0.033578317942903196,-0.1200000000000001,-1.788375558867361,3.8748137108792817
2025-07-24,6.58,7.08,6.56,6.69,18443073.0,125070868.0,402110702.0,0.04586566064585866,0.10000000000000053,1.5174506828528056,7.890743550834604
2025-07-25,6.67,6.88,6.57,6.8,18400057.0,123907792.0,402110702.0,0.04575868512944975,0.10999999999999943,1.6442451420029869,4.633781763826601
2025-07-28,6.79,6.85,6.69,6.76,11638714.0,78623697.0,402110702.0,0.02894405431666427,-0.040000000000000036,-0.588235294117645,2.3529411764705777
2025-07-29,6.73,6.84,6.62,6.77,12630713.0,85350458.0,402110702.0,0.03141103416839674,0.009999999999999787,0.14792899408284654,3.254437869822482
2025-07-30,6.76,6.84,6.67,6.83,14701322.0,99689989.0,402110702.0,0.03656038480666948,0.0600000000000005,0.886262924667669,2.5110782865583445
2025-07-31,6.81,6.94,6.7,6.72,13131554.0,89304109.0,402110702.0,0.032656564310989164,-0.11000000000000032,-1.6105417276720435,3.513909224011716
2025-08-01,6.74,6.74,6.67,6.69,6789600.0,45536530.0,402110702.0,0.016884902506275497,-0.02999999999999936,-0.44642857142855874,1.041666666666671
2025-08-04,6.66,7.04,6.6,7.02,22625963.0,156439021.0,402110702.0,0.05626799507564462,0.3299999999999992,4.932735426008961,6.576980568011964
2025-08-05,6.99,7.14,6.93,6.95,13476700.0,94542063.0,402110702.0,0.03351490008341036,-0.0699999999999994,-0.9971509971509862,2.991452991452991
2025-08-06,7.0,7.27,6.95,7.19,24221200.0,173162539.0,402110702.0,0.06023515385074232,0.2400000000000002,3.453237410071952,4.604316546762581
2025-08-07,7.17,7.37,7.1,7.2,18823008.0,136379193.0,402110702.0,0.04681051239466887,0.009999999999999787,0.13908205841446364,3.755215577190549
2025-08-08,7.25,7.36,7.13,7.24,14289023.0,103390622.0,402110702.0,0.03553504775906213,0.040000000000000036,0.5555555555555536,3.1944444444444504
2025-08-11,7.28,7.46,7.13,7.43,17017301.0,125035288.0,402110702.0,0.04231994054214454,0.1899999999999995,2.6243093922651894,4.558011049723758
2025-08-12,7.39,7.54,7.32,7.5,16575170.0,123209853.0,402110702.0,0.04122041496920915,0.07000000000000028,0.9421265141319024,2.9609690444145325
2025-08-13,7.58,7.64,7.32,7.39,16576200.0,122920314.0,402110702.0,0.04122297645288735,-0.11000000000000032,-1.4666666666666717,4.266666666666659
2025-08-14,7.39,7.39,7.08,7.1,19082100.0,137759418.0,402110702.0,0.04745484242297038,-0.29000000000000004,-3.9242219215155583,4.194857916102836
2025-08-15,7.15,7.38,7.11,7.28,15215700.0,110694686.0,402110702.0,0.03783957980804997,0.1800000000000006,2.5352112676056526,3.8028169014084447
2025-08-18,7.39,7.53,7.3,7.45,19952800.0,148016882.0,402110702.0,0.04962016653811915,0.16999999999999993,2.335164835164827,3.159340659340665
2025-08-19,7.45,7.84,7.36,7.45,21960901.0,166358256.0,402110702.0,0.05461406744653118,0.0,0.0,6.4429530201342216
2025-08-20,7.62,8.2,7.46,8.2,28885235.0,227158688.0,402110702.0,0.07183403688668799,0.7499999999999991,10.067114093959727,9.932885906040259
2025-08-21,9.0,9.02,8.81,9.02,28938511.0,260423651.0,402110702.0,0.07196652776478453,0.8200000000000003,10.000000000000009,2.5609756097560865
2025-08-22,8.74,9.89,8.24,9.49,87293927.0,789983183.0,402110702.0,0.21708929050090292,0.47000000000000064,5.210643015521077,18.292682926829272
2025-08-25,9.16,10.17,8.79,9.61,74576047.0,695705485.0,402110702.0,0.18546148269388762,0.11999999999999922,1.264488935721797,14.541622760800852
2025-08-26,9.2,9.78,9.04,9.43,55943424.0,526938256.0,402110702.0,0.1391244344449206,-0.17999999999999972,-1.8730489073881307,7.700312174817901
2025-08-27,9.19,9.41,8.61,8.68,45388042.0,409218708.0,402110702.0,0.11287449394967856,-0.75,-7.9533404029692445,8.483563096500538
2025-08-28,8.82,9.55,8.76,9.55,23528307.0,220361907.0,402110702.0,0.058512013937893154,0.870000000000001,10.02304147465438,9.101382488479274
2025-08-29,10.19,10.51,9.79,9.95,98550026.0,1010039475.0,402110702.0,0.24508182823743896,0.3999999999999986,4.188481675392652,7.539267015706812
2025-09-01,9.69,10.34,9.19,9.81,68272645.0,673834658.0,402110702.0,0.1697856949850591,-0.1399999999999988,-1.4070351758793898,11.557788944723622
2025-09-02,9.5,9.7,8.9,9.06,50197911.0,463054224.0,402110702.0,0.12483604825817345,-0.75,-7.645259938837922,8.154943934760437
2025-09-03,9.19,9.19,8.67,8.67,30594650.0,270698599.0,402110702.0,0.07608514234470685,-0.39000000000000057,-4.304635761589415,5.7395143487858675
2025-09-04,8.68,8.88,8.45,8.59,21549021.0,186850011.0,402110702.0,0.053589772400536605,-0.08000000000000007,-0.9227220299884653,4.959630911188022
2025-09-05,8.6,8.64,8.25,8.42,33154533.0,277876270.0,402110702.0,0.08245125741517817,-0.16999999999999993,-1.9790454016297976,4.540162980209553
2025-09-08,8.44,8.51,8.34,8.46,16492275.0,139334704.0,402110702.0,0.04101426527066171,0.040000000000000924,0.47505938242280443,2.0190023752969113
2025-09-09,8.46,8.68,8.29,8.31,21870900.0,184700000.0,402110702.0,0.05439024599748156,-0.15000000000000036,-1.773049645390079,4.60992907801419
2025-09-10,8.28,8.46,8.24,8.34,10145795.0,84778843.0,402110702.0,0.025231347859028135,0.02999999999999936,0.3610108303248927,2.6474127557160125
2025-09-11,8.31,8.9,8.27,8.75,25625611.0,221312492.0,402110702.0,0.06372775176722355,0.41000000000000014,4.916067146282965,7.553956834532384
2025-09-12,8.64,8.84,8.53,8.6,15823600.0,137116430.0,402110702.0,0.03935135255365573,-0.15000000000000036,-1.7142857142857237,3.5428571428571485
2025-09-15,8.59,8.9,8.45,8.86,22352137.0,195249777.0,402110702.0,0.05558702339635815,0.2599999999999998,3.023255813953485,5.232558139534897
2025-09-16,8.87,9.16,8.65,8.99,24188496.0,215150689.0,402110702.0,0.060153823013643644,0.13000000000000078,1.4672686230248422,5.756207674943564
2025-09-17,8.94,8.97,8.71,8.72,16978622.0,149391845.0,402110702.0,0.04222375061283497,-0.2699999999999996,-3.0033370411568394,2.8921023359288074
2025-09-18,8.75,8.84,8.5,8.57,16089243.0,139876926.0,402110702.0,0.040011974115526025,-0.15000000000000036,-1.7201834862385357,3.8990825688073376
2025-09-19,8.62,8.73,8.47,8.65,10020302.0,86546764.0,402110702.0,0.024919262158807205,0.08000000000000007,0.9334889148191472,3.033838973162191
2025-09-22,8.61,8.74,8.52,8.72,8607285.0,74499302.0,402110702.0,0.0214052621757876,0.07000000000000028,0.8092485549132888,2.543352601156077
2025-09-23,8.68,8.9,8.5,8.89,14872185.0,129009141.0,402110702.0,0.036985300132598806,0.16999999999999993,1.9495412844036775,4.587155963302756
2025-09-24,8.83,8.87,8.74,8.82,9929097.0,87479292.0,402110702.0,0.02469244650941919,-0.07000000000000028,-0.7874015748031482,1.4623172103486952
2025-09-25,8.77,9.32,8.77,8.96,23076738.0,209770573.0,402110702.0,0.05738901721645797,0.14000000000000057,1.5873015873016039,6.235827664399101
2025-09-26,8.92,8.92,8.65,8.69,13798800.0,121049640.0,402110702.0,0.03431592328025132,-0.27000000000000135,-3.0133928571428714,3.013392857142852
2025-09-29,8.71,8.8,8.43,8.65,10882797.0,93910880.0,402110702.0,0.027064181445237933,-0.03999999999999915,-0.460299194476399,4.257767548906801
2025-09-30,8.67,9.11,8.67,8.74,11310041.0,99911939.0,402110702.0,0.02812668487495267,0.08999999999999986,1.0404624277456698,5.086705202312133
2025-10-09,8.75,8.81,8.55,8.59,9231713.0,79806944.0,402110702.0,0.02295813803035762,-0.15000000000000036,-1.7162471395881007,2.9748283752860387
2025-10-10,8.58,8.97,8.54,8.62,11385800.0,99726382.0,402110702.0,0.028315088216677206,0.02999999999999936,0.34924330616996624,5.005820721769517
2025-10-13,8.19,8.49,8.15,8.45,9093900.0,76117525.0,402110702.0,0.022615414001092665,-0.16999999999999993,-1.9721577726218076,3.944315545243618
2025-10-14,8.74,8.74,8.29,8.32,9397700.0,79666930.0,402110702.0,0.023370927342291924,-0.129999999999999,-1.538461538461522,5.3254437869822615
2025-10-15,8.32,8.68,8.28,8.65,10498811.0,89680199.0,402110702.0,0.026109255356252616,0.33000000000000007,3.9663461538461453,4.807692307692312
2025-10-16,8.69,8.71,8.4,8.42,7222800.0,61404792.0,402110702.0,0.017962217777531323,-0.23000000000000043,-2.6589595375722586,3.58381502890174
2025-10-17,8.49,8.49,8.13,8.16,10188041.0,84451736.0,402110702.0,0.025336408479871793,-0.2599999999999998,-3.0878859857482177,4.2755344418052195
2025-10-20,8.21,8.4,8.2,8.35,6842028.0,56932933.0,402110702.0,0.017015284512372914,0.1899999999999995,2.3284313725490113,2.450980392156876
2025-10-21,8.35,8.71,8.3,8.69,12260074.0,105368795.0,402110702.0,0.03048930043150157,0.33999999999999986,4.071856287425146,4.910179640718565
2025-10-22,8.69,8.79,8.65,8.73,7813500.0,68186239.0,402110702.0,0.019431216232588606,0.040000000000000924,0.4602991944764101,1.61104718066742
2025-10-23,8.67,8.75,8.53,8.73,5900337.0,51048855.0,402110702.0,0.014673414486740022,0.0,0.0,2.5200458190148987
2025-10-24,8.7,8.85,8.59,8.68,8067700.0,70468996.0,402110702.0,0.020063380456857377,-0.05000000000000071,-0.5727376861397571,2.978235967926687
2025-10-27,8.74,8.76,8.64,8.67,6305485.0,54894947.0,402110702.0,0.01568096787436411,-0.009999999999999787,-0.11520737327188613,1.382488479262664
2025-10-28,8.7,8.82,8.62,8.75,6321000.0,55380591.0,402110702.0,0.01571955177656525,0.08000000000000007,0.9227220299884653,2.306805074971177
2025-10-29,8.7,8.81,8.61,8.7,5682200.0,49382477.0,402110702.0,0.014130934520613678,-0.05000000000000071,-0.5714285714285783,2.285714285714298
2025-10-30,8.59,8.83,8.44,8.51,11472600.0,98841830.0,402110702.0,0.028530949171305567,-0.1899999999999995,-2.183908045977001,4.482758620689662
2025-10-31,8.51,8.87,8.51,8.79,11518353.0,100783930.0,402110702.0,0.028644731271041873,0.27999999999999936,3.290246768507621,4.230317273795528
2025-11-03,8.8,8.82,8.64,8.75,6932443.0,60392918.0,402110702.0,0.017240135528648528,-0.03999999999999915,-0.455062571103515,2.047781569965867
2025-11-04,8.73,8.87,8.71,8.83,8626400.0,75924379.0,402110702.0,0.021452798836475634,0.08000000000000007,0.9142857142857119,1.82857142857141
2025-11-05,8.9,8.94,8.68,8.81,9767602.0,86080208.0,402110702.0,0.024290828250574638,-0.019999999999999574,-0.22650056625140857,2.9445073612684007
2025-11-06,8.83,9.17,8.69,9.08,17661600.0,158427730.0,402110702.0,0.043922233136684835,0.2699999999999996,3.06469920544834,5.4483541430193005
2025-11-07,9.08,9.11,8.7,8.73,16466302.0,145161843.0,402110702.0,0.04094967360505615,-0.34999999999999964,-3.854625550660784,4.515418502202645
2025-11-10,8.78,8.92,8.64,8.65,10223911.0,89443092.0,402110702.0,0.02542561277068423,-0.08000000000000007,-0.9163802978235935,3.2073310423825814
2025-11-11,8.64,8.87,8.56,8.87,10707900.0,93597164.0,402110702.0,0.026629234056048577,0.21999999999999886,2.543352601156057,3.583815028901719
2025-11-12,8.83,8.99,8.8,8.89,9449500.0,84204523.0,402110702.0,0.02349974758940885,0.02000000000000135,0.22547914317927464,2.142051860202926
2025-11-13,8.85,9.14,8.83,9.13,12456982.0,112452241.0,402110702.0,0.030978986478206193,0.2400000000000002,2.699662542182235,3.487064116985382
2025-11-14,9.09,9.6,9.03,9.16,16420054.0,152436786.0,402110702.0,0.0408346605010279,0.02999999999999936,0.3285870755750153,6.243154435925523
2025-11-17,9.29,10.08,9.25,10.08,16081347.0,157933076.0,402110702.0,0.03999233773191145,0.9199999999999999,10.043668122270732,9.06113537117904
2025-11-18,10.56,10.65,9.68,9.95,43587747.0,439385609.0,402110702.0,0.10839738107741285,-0.13000000000000078,-1.2896825396825462,9.623015873015879
2025-11-19,9.9,10.39,9.7,9.93,33039447.0,332303253.0,402110702.0,0.08216505264761642,-0.019999999999999574,-0.20100502512562235,6.9346733668341844
2025-11-20,9.71,10.07,9.38,9.59,26545110.0,256401564.0,402110702.0,0.06601443301053947,-0.33999999999999986,-3.423967774420944,6.948640483383681
2025-11-21,9.48,9.63,8.79,8.87,22528500.0,205175452.0,402110702.0,0.05602561654775356,-0.7200000000000006,-7.507820646506779,8.759124087591259
2025-11-24,9.07,9.07,8.61,8.73,14401886.0,126765307.0,402110702.0,0.03581572419825822,-0.1399999999999988,-1.5783540022547782,5.186020293122897
2025-11-25,8.81,8.99,8.81,8.88,10990602.0,97831323.0,402110702.0,0.02733227925875994,0.15000000000000036,1.7182130584192379,2.0618556701030895
2025-11-26,8.83,8.97,8.74,8.76,8669237.0,76793676.0,402110702.0,0.02155932920183756,-0.120000000000001,-1.3513513513513598,2.5900900900900945
2025-11-27,8.71,8.97,8.69,8.75,10451800.0,92312516.0,402110702.0,0.025992344764800616,-0.009999999999999787,-0.11415525114154557,3.1963470319634832
2025-11-28,8.74,9.05,8.61,8.97,10575037.0,93898306.0,402110702.0,0.026298820069703095,0.22000000000000064,2.5142857142857133,5.028571428571444
2025-12-01,9.07,9.47,9.02,9.17,12733100.0,118133220.0,402110702.0,0.03166565808039598,0.1999999999999993,2.229654403567438,5.016722408026767
2025-12-02,9.14,9.16,8.91,8.95,8050237.0,72528502.0,402110702.0,0.020019952117563883,-0.22000000000000064,-2.399127589967287,2.7262813522355507
2025-12-03,8.98,9.09,8.71,8.74,8444700.0,74663616.0,402110702.0,0.021000933220623408,-0.20999999999999908,-2.346368715083791,4.245810055865911
2025-12-04,8.74,8.82,8.59,8.61,6449300.0,55890714.0,402110702.0,0.0160386181415286,-0.13000000000000078,-1.4874141876430325,2.6315789473684257
2025-12-05,8.6,8.64,8.49,8.6,6768000.0,58120182.0,402110702.0,0.016831185955354155,-0.009999999999999787,-0.11614401858304202,1.7421602787456487
2025-12-08,8.64,8.77,8.52,8.57,7938147.0,68462152.0,402110702.0,0.01974119803456512,-0.02999999999999936,-0.34883720930232176,2.9069767441860463
2025-12-09,8.57,8.81,8.41,8.73,11341409.0,97648133.0,402110702.0,0.028204693243901777,0.16000000000000014,1.8669778296382722,4.667444574095687
2025-12-10,8.7,9.37,8.68,9.04,18953500.0,172329573.0,402110702.0,0.04713502999479979,0.3099999999999987,3.550973654066425,7.9037800687285165
2025-12-11,9.95,9.95,9.15,9.17,42249671.0,405506567.0,402110702.0,0.10506975017043939,0.13000000000000078,1.4380530973451489,8.849557522123883
2025-12-12,9.04,9.09,8.6,8.65,25575801.0,224920525.0,402110702.0,0.06360388040604799,-0.5199999999999996,-5.670665212649939,5.343511450381682
2025-12-15,8.65,8.66,8.36,8.39,11498338.0,97193604.0,402110702.0,0.02859495642073212,-0.2599999999999998,-3.0057803468208077,3.468208092485557
2025-12-16,8.34,8.46,7.8,7.88,14923399.0,120747748.0,402110702.0,0.03711266306958426,-0.5100000000000007,-6.078665077473189,7.866507747318248
2025-12-17,7.83,7.98,7.77,7.9,8462300.0,66883923.0,402110702.0,0.021044702262114873,0.020000000000000462,0.2538071065989911,2.664974619289351
2025-12-18,8.04,8.14,7.9,7.9,6135899.0,49100769.0,402110702.0,0.015259228290820272,0.0,0.0,3.0379746835443067
2025-12-19,7.87,8.24,7.87,8.2,9381200.0,75856699.0,402110702.0,0.023329893865893677,0.29999999999999893,3.7974683544303556,4.683544303797469
2025-12-22,8.23,8.35,8.19,8.25,5422774.0,44885534.0,402110702.0,0.013485773875274774,0.05000000000000071,0.6097560975609762,1.9512195121951237
2025-12-23,7.94,8.56,7.94,8.3,8843204.0,74063629.0,402110702.0,0.02199196379508447,0.05000000000000071,0.60606060606061,7.5151515151515165
2025-12-24,8.27,8.77,8.25,8.74,13578499.0,117008867.0,402110702.0,0.03376806171152341,0.4399999999999995,5.301204819277094,6.265060240963851
2025-12-25,8.84,8.85,8.5,8.7,9028856.0,77988958.0,402110702.0,0.022453657550253414,-0.040000000000000924,-0.4576659038901698,4.004576659038897
2025-12-26,8.73,8.79,8.56,8.58,8407601.0,72979063.0,402110702.0,0.020908672557538647,-0.11999999999999922,-1.3793103448275779,2.643678160919525
2025-12-29,8.58,8.65,8.32,8.36,10964206.0,92589720.0,402110702.0,0.027266635644032176,-0.22000000000000064,-2.564102564102566,3.846153846153847
2025-12-30,8.37,8.52,8.18,8.35,8549188.0,71449102.0,402110702.0,0.02126078206195069,-0.009999999999999787,-0.11961722488037507,4.066985645933013
2025-12-31,8.36,8.43,8.21,8.25,7584601.0,62766706.0,402110702.0,0.018861972492341176,-0.09999999999999964,-1.19760479041916,2.634730538922142
2026-01-05,8.45,8.72,8.31,8.32,9986302.0,84229104.0,402110702.0,0.024834708328653237,0.07000000000000028,0.848484848484854,4.9696969696969715
2026-01-06,8.34,8.36,8.22,8.31,8647210.0,71723360.0,402110702.0,0.021504550754284577,-0.009999999999999787,-0.12019230769230171,1.682692307692293
2026-01-07,8.3,8.32,8.16,8.16,8111655.0,66631134.0,402110702.0,0.02017269115110495,-0.15000000000000036,-1.8050541516245522,1.9253910950661868
2026-01-08,8.15,8.22,8.09,8.12,9669144.0,78874295.0,402110702.0,0.0240459752797129,-0.040000000000000924,-0.4901960784313819,1.5931372549019704
2026-01-09,8.17,8.19,8.09,8.19,8945750.0,72928781.0,402110702.0,0.022246983120583545,0.07000000000000028,0.8620689655172376,1.2315270935960547
2026-01-12,8.19,8.26,8.14,8.14,9478751.0,77486888.0,402110702.0,0.02357249123899219,-0.049999999999998934,-0.6105006105005972,1.4652014652014558
2026-01-13,8.15,8.21,8.01,8.05,9271796.0,75301760.0,402110702.0,0.023057819535477073,-0.08999999999999986,-1.1056511056511065,2.45700245700247
2026-01-14,8.05,8.12,7.94,7.97,11495200.0,92349257.0,402110702.0,0.02858715259958438,-0.08000000000000096,-0.9937888198757849,2.236024844720482
2026-01-15,7.96,8.03,7.89,7.94,6547200.0,52090251.0,402110702.0,0.01628208343482487,-0.02999999999999936,-0.37641154328732496,1.7565872020075244
2026-01-16,7.91,8.19,7.91,8.15,10230900.0,82505387.0,402110702.0,0.025442993556535582,0.20999999999999996,2.6448362720403074,3.526448362720395
2026-01-19,8.13,8.14,7.96,8.11,7128600.0,57404102.0,402110702.0,0.017727953930457688,-0.040000000000000924,-0.4907975460122782,2.208588957055222
2026-01-20,8.1,8.41,8.01,8.18,10705796.0,88367309.0,402110702.0,0.02662400166608846,0.07000000000000028,0.8631319358816336,4.9321824907521625
2026-01-21,8.1,8.21,8.01,8.17,6851460.0,55702051.0,402110702.0,0.017038740739608565,-0.009999999999999787,-0.12224938875304847,2.4449877750611377
2026-01-22,8.17,8.33,8.15,8.32,9198500.0,76048124.0,402110702.0,0.022875541372683984,0.15000000000000036,1.8359853121175052,2.2031823745410004
2026-01-23,8.31,8.38,8.23,8.38,6718500.0,55873002.0,402110702.0,0.016708085526159412,0.0600000000000005,0.7211538461538547,1.8028846153846196
2026-01-26,8.37,8.43,8.13,8.14,8080200.0,66781395.0,402110702.0,0.020094466423825744,-0.2400000000000002,-2.863961813842486,3.5799522673030895
2026-01-27,8.1,8.22,8.01,8.17,5515600.0,44792232.0,402110702.0,0.013716620752859246,0.02999999999999936,0.3685503685503688,2.57985257985259
2026-01-28,8.23,8.28,8.07,8.16,8394954.0,68616102.0,402110702.0,0.020877221019598727,-0.009999999999999787,-0.1223990208078285,2.570379436964493
2026-01-29,8.14,8.14,7.91,7.96,9024085.0,72357623.0,402110702.0,0.022441792658380925,-0.20000000000000018,-2.450980392156865,2.8186274509803972
2026-01-30,7.91,8.51,7.91,8.42,19504485.0,162287696.0,402110702.0,0.04850526211560517,0.45999999999999996,5.778894472361817,7.53768844221105
2026-02-02,8.36,8.39,7.99,8.0,9973559.0,81604442.0,402110702.0,0.024803018050487003,-0.41999999999999993,-4.988123515439424,4.750593824228033
2026-02-03,8.01,8.19,8.01,8.17,5785300.0,46926361.0,402110702.0,0.014387331576168793,0.16999999999999993,2.124999999999999,2.2499999999999964
2026-02-04,8.17,8.29,8.1,8.2,5436900.0,44669943.0,402110702.0,0.01352090350482639,0.02999999999999936,0.3671970624234966,2.325581395348831
2026-02-05,8.19,9.02,8.14,9.02,22243255.0,199392751.0,402110702.0,0.05531624721592215,0.8200000000000003,10.000000000000009,10.731707317073159
2026-02-06,8.93,8.93,8.36,8.4,42899745.0,370010523.0,402110702.0,0.10668640448171907,-0.6199999999999992,-6.873614190687349,6.319290465631933
2026-02-09,8.51,8.54,8.35,8.42,21770936.0,183795103.0,402110702.0,0.05414164778931947,0.019999999999999574,0.23809523809523725,2.261904761904756
2026-02-10,8.4,8.48,8.32,8.37,14960799.0,125726843.0,402110702.0,0.03720567228275362,-0.05000000000000071,-0.5938242280285166,1.9002375296912133
2026-02-11,8.32,8.39,8.1,8.1,17342065.0,142524559.0,402110702.0,0.04312758878026579,-0.2699999999999996,-3.2258064516129004,3.464755077658315
2026-02-12,8.12,8.19,7.99,8.01,14355901.0,115850458.0,402110702.0,0.03570136514297498,-0.08999999999999986,-1.1111111111111072,2.469135802469127
2026-02-13,7.95,8.02,7.85,7.86,11866199.0,94239229.0,402110702.0,0.02950978161232824,-0.14999999999999947,-1.872659176029956,2.1223470661672903
2026-02-24,7.9,8.03,7.86,8.01,7728500.0,61658186.0,402110702.0,0.01921983165720369,0.14999999999999947,1.9083969465648831,2.1628498727735246
2026-02-25,8.0,8.05,7.99,8.01,5195999.0,41704980.0,402110702.0,0.01292181226253461,0.0,0.0,0.7490636704119913
2026-02-26,8.02,8.05,7.95,7.96,5589500.0,44629639.0,402110702.0,0.01390040098957625,-0.04999999999999982,-0.6242197253433224,1.2484394506866483
2026-02-27,7.98,8.03,7.94,8.03,5074500.0,40655240.0,402110702.0,0.012619659150479412,0.0699999999999994,0.8793969849246075,1.1306532663316453
2026-03-02,7.94,7.96,7.77,7.87,8230200.0,64907148.0,402110702.0,0.020467498027446185,-0.15999999999999925,-1.992528019925266,2.3661270236612753
2026-03-03,7.82,7.92,7.57,7.57,7692800.0,59615081.0,402110702.0,0.01913105013554203,-0.2999999999999998,-3.811944091486652,4.4472681067344295
2026-03-04,7.53,7.75,7.44,7.72,5454470.0,41656290.0,402110702.0,0.01356459793999713,0.14999999999999947,1.9815059445178251,4.0951122853368505
2026-03-05,7.78,7.85,7.73,7.77,3599405.0,28076604.0,402110702.0,0.008951278794862814,0.04999999999999982,0.6476683937823857,1.5544041450777102
2026-03-06,7.74,8.17,7.73,8.11,9238625.0,74039860.0,402110702.0,0.02297532732665245,0.33999999999999986,4.375804375804382,5.662805662805657
2026-03-09,8.0,8.28,7.98,8.24,8972999.0,73190865.0,402110702.0,0.022314748041697235,0.13000000000000078,1.602959309494456,3.6991368680641052
2026-03-10,8.25,8.74,8.21,8.7,19327850.0,165844734.0,402110702.0,0.04806599253356853,0.4599999999999991,5.582524271844647,6.432038834951448
2026-03-11,8.73,8.74,8.49,8.62,13778506.0,118775108.0,402110702.0,0.03426545459115883,-0.08000000000000007,-0.919540229885063,2.873563218390805
2026-03-12,8.62,8.69,8.43,8.5,9498907.0,81126376.0,402110702.0,0.02362261673900935,-0.11999999999999922,-1.3921113689094988,3.016241299303942
2026-03-13,8.59,8.77,8.32,8.34,14898752.0,127715089.0,402110702.0,0.037051369003354706,-0.16000000000000014,-1.8823529411764683,5.294117647058815
2026-03-16,8.32,8.49,8.27,8.44,7953500.0,66783938.0,402110702.0,0.01977937906263435,0.09999999999999964,1.1990407673860837,2.6378896882494085
2026-03-17,8.54,8.57,8.17,8.17,8054200.0,66916128.0,402110702.0,0.020029807612531536,-0.2699999999999996,-3.1990521327014187,4.739336492891
2026-03-18,8.21,8.54,8.14,8.46,8952300.0,74508622.0,402110702.0,0.022263272167274972,0.2900000000000009,3.549571603427193,4.895960832313325
2026-03-19,8.36,8.77,8.31,8.68,17843448.0,153110901.0,402110702.0,0.04437446681038596,0.21999999999999886,2.6004728132387633,5.437352245862873
2026-03-20,8.83,8.83,8.32,8.32,14109800.0,120966361.0,402110702.0,0.03508934213842436,-0.35999999999999943,-4.147465437788012,5.875576036866357
2026-03-23,8.11,8.18,7.5,7.58,15963348.0,125605870.0,402110702.0,0.03969888869060739,-0.7400000000000002,-8.89423076923077,8.17307692307692
2026-03-24,7.74,7.99,7.64,7.97,11709000.0,92004569.0,402110702.0,0.029118846978611376,0.3899999999999997,5.145118733509224,4.617414248021115
2026-03-25,8.01,8.25,7.9,8.25,7566599.0,61938722.0,402110702.0,0.018817203726152008,0.28000000000000025,3.5131744040150625,4.391468005018816
2026-03-26,8.29,8.37,7.98,8.06,7341000.0,59697805.0,402110702.0,0.018256166681184228,-0.1899999999999995,-2.3030303030302957,4.727272727272712
2026-03-27,7.99,8.15,7.94,8.09,5801843.0,46744642.0,402110702.0,0.014428471988293412,0.02999999999999936,0.3722084367245637,2.6054590570719594
2026-03-30,8.08,8.19,7.93,8.03,5484800.0,43994613.0,402110702.0,0.013640024930249184,-0.0600000000000005,-0.7416563658838138,3.2138442521631614
2026-03-31,7.98,8.15,7.88,7.88,6140200.0,49286980.0,402110702.0,0.01526992435033475,-0.14999999999999947,-1.8679950186799466,3.3623910336239162
2026-04-01,7.92,7.97,7.27,7.51,25711537.0,193780966.0,402110702.0,0.06394143919104148,-0.3700000000000001,-4.695431472081224,8.88324873096447
2026-04-02,7.46,7.5,7.21,7.26,10130351.0,74119890.0,402110702.0,0.025192940525119372,-0.25,-3.3288948069240987,3.8615179760319576
2026-04-03,7.25,7.46,7.0,7.17,10119451.0,72639069.0,402110702.0,0.025165833561922955,-0.08999999999999986,-1.2396694214875992,6.336088154269973
2026-04-07,7.13,7.24,7.1,7.23,5025135.0,36121087.0,402110702.0,0.012496894449727926,0.0600000000000005,0.8368200836820217,1.9525801952580273
2026-04-08,7.37,7.46,7.29,7.38,7047585.0,52199728.0,402110702.0,0.01752647956134229,0.14999999999999947,2.0746887966804906,2.3513139695712297
2026-04-09,7.38,7.48,7.3,7.4,6123600.0,45228297.0,402110702.0,0.015228642186200755,0.020000000000000462,0.27100271002711285,2.4390243902439104
2026-04-10,7.47,8.14,7.43,8.14,17633812.0,140477693.0,402110702.0,0.04385312778867547,0.7400000000000002,10.000000000000009,9.594594594594605
2026-04-13,8.09,8.09,7.72,7.84,22651200.0,177421255.0,402110702.0,0.056330756399515076,-0.3000000000000007,-3.6855036855036993,4.545454545454546
2026-04-14,7.92,7.95,7.67,7.79,13406100.0,104142508.0,402110702.0,0.03333932654197301,-0.04999999999999982,-0.6377551020408156,3.5714285714285747
2026-04-15,7.86,7.87,7.61,7.64,10633401.0,81563265.0,402110702.0,0.026443964179794447,-0.15000000000000036,-1.9255455712451908,3.337612323491653
2026-04-16,7.64,8.41,7.58,8.41,20607837.0,168723129.0,402110702.0,0.05124916322172395,0.7700000000000005,10.07853403141361,10.863874345549739
2026-04-17,8.97,9.25,8.84,9.25,40998061.0,377621627.0,402110702.0,0.10195714960105688,0.8399999999999999,9.98810939357908,4.875148632580263
2026-04-20,9.27,10.18,9.27,10.18,35666217.0,356683754.0,402110702.0,0.0886975074838968,0.9299999999999997,10.05405405405404,9.83783783783784
2026-04-21,11.2,11.2,9.74,9.78,121064270.0,1309901340.0,402110702.0,0.3010719918615844,-0.40000000000000036,-3.929273084479379,14.341846758349696
2026-04-22,9.34,10.37,9.34,10.1,101623651.0,1006308148.0,402110702.0,0.2527255566552914,0.3200000000000003,3.2719836400818103,10.531697341513286
2026-04-23,9.39,10.61,9.19,9.83,75749486.0,753444727.0,402110702.0,0.18837968157335938,-0.2699999999999996,-2.6732673267326645,14.059405940594058
2026-04-24,9.68,10.2,8.99,9.11,61128075.0,574337392.0,402110702.0,0.15201802562320263,-0.7200000000000006,-7.324516785350976,12.309257375381476
2026-04-27,8.95,9.52,8.59,9.22,48710555.0,445587189.0,402110702.0,0.12113717629927691,0.11000000000000121,1.2074643249176953,10.208562019758505
2026-04-28,9.19,10.14,9.19,10.14,46431026.0,456969518.0,402110702.0,0.11546826724348162,0.9199999999999999,9.97830802603037,10.303687635574848
2026-04-29,10.14,11.16,10.13,11.16,32500155.0,351988125.0,402110702.0,0.08082389958375194,1.0199999999999996,10.05917159763312,10.15779092702169
2026-04-30,11.81,12.28,10.67,10.79,97634587.0,1110910559.0,402110702.0,0.24280524371619436,-0.370000000000001,-3.31541218637994,14.426523297491034
2026-05-06,11.01,11.25,10.47,11.19,74817446.0,815951803.0,402110702.0,0.18606181240110342,0.40000000000000036,3.707136237256714,7.228915662650596
2026-05-07,11.08,12.21,10.99,11.75,79236212.0,936514751.0,402110702.0,0.19705074151445987,0.5600000000000005,5.004468275245766,10.902591599642545
2026-05-08,11.75,12.43,11.61,11.93,50394542.0,600865327.0,402110702.0,0.12532504543985004,0.17999999999999972,1.5319148936170146,6.978723404255321
2026-05-11,11.93,13.12,11.83,12.09,65852291.0,820419966.0,402110702.0,0.16376657142539816,0.16000000000000014,1.3411567476948827,10.813076278290017
2026-05-12,11.9,12.32,11.5,11.73,44474043.0,524497193.0,402110702.0,0.11060149053182872,-0.35999999999999943,-2.977667493796521,6.782464846980979
2026-05-13,12.9,12.9,12.9,12.9,14498444.0,187029928.0,402110702.0,0.03605585210214077,1.17,9.974424552429673,0.0
2026-05-14,14.19,14.19,14.19,14.19,4351158.0,61742932.0,402110702.0,0.010820796308972647,1.2899999999999991,9.999999999999986,0.0
2026-05-15,14.88,15.61,12.77,13.1,125213582.0,1812307670.0,402110702.0,0.3113908219234613,-1.0899999999999999,-7.6814658210007,20.014094432699086
2026-05-18,12.6,13.86,12.35,13.49,92432497.0,1204243335.0,402110702.0,0.2298682838836754,0.39000000000000057,2.977099236641223,11.526717557251906
2026-05-19,13.12,13.6,12.52,13.17,68522553.0,896220228.0,402110702.0,0.17040718553170964,-0.3200000000000003,-2.3721275018532273,8.005930318754634
2026-05-20,12.66,12.68,11.85,11.85,20828600.0,252860839.0,402110702.0,0.05179817372779101,-1.3200000000000003,-10.022779043280183,6.3022019741837525
2026-05-21,10.96,13.04,10.96,13.04,97634995.0,1223498481.0,402110702.0,0.2428062583621562,1.1899999999999995,10.042194092827007,17.552742616033743
2026-05-22,13.09,13.85,11.74,13.59,112711747.0,1412313011.0,402110702.0,0.28030029153514047,0.5500000000000007,4.217791411042948,16.18098159509202
2026-05-25,13.6,13.85,12.23,12.23,67050898.0,846867259.0,402110702.0,0.1667473600342027,-1.3599999999999994,-10.007358351729213,11.920529801324498
2026-05-26,11.88,11.92,11.01,11.01,50900647.0,568766544.0,402110702.0,0.1265836665048522,-1.2200000000000006,-9.975470155355692,7.440719542109568
2026-05-27,10.38,10.71,10.05,10.2,44786004.0,462811679.0,402110702.0,0.11137729927914229,-0.8100000000000005,-7.3569482288828425,5.9945504087193475
2026-05-28,10.27,10.98,10.11,10.16,39469500.0,410758695.0,402110702.0,0.0981558058606458,-0.03999999999999915,-0.39215686274508554,8.529411764705893
2026-05-29,10.28,10.8,10.14,10.25,44440900.0,464220906.0,402110702.0,0.11051906795557011,0.08999999999999986,0.8858267716535417,6.496062992125985
2026-06-01,10.68,11.28,10.47,11.28,25535210.0,281823327.0,402110702.0,0.06350293556723094,1.0299999999999994,10.048780487804866,7.902439024390231
2026-06-02,11.5,11.5,10.36,10.38,46947010.0,497939009.0,402110702.0,0.11675145616989821,-0.8999999999999986,-7.978723404255305,10.10638297872341
2026-06-03,10.34,10.38,9.82,9.92,32158903.0,324022872.0,402110702.0,0.07997524771176073,-0.46000000000000085,-4.431599229287098,5.394990366088637
2026-06-04,10.0,10.34,9.58,9.66,27445600.0,269668558.0,402110702.0,0.06825384120216726,-0.2599999999999998,-2.620967741935487,7.661290322580642
2026-06-05,9.66,9.91,9.37,9.56,22671133.0,217973148.0,402110702.0,0.05638032732588152,-0.09999999999999964,-1.0351966873705987,5.5900621118012515
2026-06-08,9.07,9.55,9.0,9.22,19632100.0,182017809.0,402110702.0,0.04882262496957865,-0.33999999999999986,-3.556485355648531,5.753138075313815
2026-06-09,9.52,9.52,9.0,9.36,15080501.0,139508910.0,402110702.0,0.037503356476197444,0.1399999999999988,1.5184381778741818,5.639913232104116
2026-06-10,9.36,9.45,9.03,9.2,12171800.0,111833399.0,402110702.0,0.0302697738196483,-0.16000000000000014,-1.7094017094017144,4.487179487179486
2026-06-11,9.04,9.18,8.91,9.08,12389612.0,111689229.0,402110702.0,0.030811445550633466,-0.11999999999999922,-1.304347826086949,2.934782608695648
2026-06-12,9.19,9.34,8.95,9.1,14733100.0,135195894.0,402110702.0,0.03663941279533515,0.019999999999999574,0.22026431718060735,4.2951541850220325
2026-06-15,9.11,9.29,8.97,9.02,15380600.0,139655207.0,402110702.0,0.03824966588429671,-0.08000000000000007,-0.879120879120876,3.5164835164835004
2026-06-16,9.1,9.2,8.7,9.13,17119923.0,153532387.0,402110702.0,0.04257514887032278,0.11000000000000121,1.2195121951219745,5.543237250554324
2026-06-17,9.02,9.32,9.01,9.17,14689200.0,134449647.0,402110702.0,0.03653023887934224,0.03999999999999915,0.4381161007666945,3.3953997809419545
2026-06-18,9.11,9.13,8.86,9.01,12267030.0,110605402.0,402110702.0,0.03050659915040013,-0.16000000000000014,-1.7448200654307522,2.9443838604144097
