date,open,high,low,close,volume,amount,outstanding_share,turnover,change,pct_chg,amplitude
2023-03-06,2.91,2.92,2.87,2.88,35757530.0,103542816.0,1898148679.0000002,0.018838108097432128,,,
2023-03-07,2.88,2.91,2.85,2.85,38395917.0,110948099.0,1898148679.0000002,0.020228087201381972,-0.029999999999999805,-1.041666666666663,2.0833333333333353
2023-03-08,2.85,2.87,2.85,2.87,19086467.0,54735980.0,1898148679.0000002,0.010055306631752,0.020000000000000018,0.7017543859649145,0.7017543859649129
2023-03-09,2.87,2.88,2.82,2.84,25049883.0,71461247.0,1898148679.0000002,0.013197007840922663,-0.03000000000000025,-1.0452961672474004,2.0905923344947754
2023-03-10,2.83,2.89,2.82,2.87,35730471.0,102403527.0,1898148679.0000002,0.0188238526282482,0.03000000000000025,1.0563380281690238,2.4647887323943762
2023-03-13,2.85,2.88,2.83,2.88,24800088.0,71100206.0,1898148679.0000002,0.013065408560653639,0.009999999999999787,0.34843205574912606,1.7421602787456383
2023-03-14,2.88,2.88,2.82,2.84,25671704.0,73376657.0,1898148679.0000002,0.013524601251744199,-0.040000000000000036,-1.388888888888895,2.0833333333333353
2023-03-15,2.86,2.87,2.83,2.87,23492800.0,67364753.0,1898148679.0000002,0.01237669117277825,0.03000000000000025,1.0563380281690238,1.4084507042253533
2023-03-16,2.87,2.87,2.83,2.84,20786501.0,59456448.0,1898148679.0000002,0.010950934049566092,-0.03000000000000025,-1.0452961672474004,1.3937282229965169
2023-03-17,2.86,2.87,2.84,2.85,21610801.0,61897021.0,1898148679.0000002,0.011385199293969531,0.010000000000000231,0.35211267605634866,1.056338028169023
2023-03-20,2.85,2.88,2.83,2.83,23591365.0,67495410.0,1898148679.0000002,0.012428618085085209,-0.020000000000000018,-0.7017543859649145,1.7543859649122744
2023-03-21,2.84,2.85,2.8,2.83,25162000.0,71195179.0,1898148679.0000002,0.013256074341476807,0.0,0.0,1.7667844522968292
2023-03-22,2.83,2.86,2.82,2.85,21048608.0,60041323.0,1898148679.0000002,0.011089019649972318,0.020000000000000018,0.7067137809187329,1.413427561837457
2023-03-23,2.84,2.85,2.83,2.84,14724379.0,41902825.0,1898148679.0000002,0.007757231645182415,-0.010000000000000231,-0.35087719298246833,0.7017543859649129
2023-03-24,2.84,2.87,2.8,2.86,33544585.0,95451511.0,1898148679.0000002,0.01767226422835974,0.020000000000000018,0.7042253521126751,2.4647887323943762
2023-03-27,2.85,2.91,2.85,2.91,46835857.0,135632942.0,1898148679.0000002,0.024674493372497296,0.050000000000000266,1.7482517482517501,2.0979020979020997
2023-03-28,2.92,2.93,2.84,2.85,31820000.0,91549490.0,1898148679.0000002,0.016763702628797075,-0.06000000000000005,-2.0618556701030966,3.0927835051546495
2023-03-29,2.86,2.87,2.82,2.83,23055274.0,65659133.0,1898148679.0000002,0.01214618973480317,-0.020000000000000018,-0.7017543859649145,1.75438596491229
2023-03-30,2.83,2.84,2.77,2.8,22137572.0,62178111.0,1898148679.0000002,0.011662717596844266,-0.03000000000000025,-1.0600706713780994,2.473498233215542
2023-03-31,2.81,2.83,2.79,2.82,9697418.0,27348910.0,1898148679.0000002,0.00510888220047593,0.020000000000000018,0.7142857142857117,1.42857142857143
2023-04-03,2.81,2.84,2.8,2.84,16222873.0,45970941.0,1898148679.0000002,0.00854668192195918,0.020000000000000018,0.7092198581560183,1.4184397163120581
2023-04-04,2.84,2.85,2.81,2.82,16347824.0,46294172.0,1898148679.0000002,0.008612509747451664,-0.020000000000000018,-0.7042253521126751,1.4084507042253533
2023-04-06,2.82,2.82,2.78,2.79,18749000.0,52558726.0,1898148679.0000002,0.009877519188790583,-0.029999999999999805,-1.0638297872340385,1.4184397163120581
2023-04-07,2.79,2.81,2.78,2.8,11645101.0,32644004.0,1898148679.0000002,0.006134978323265476,0.009999999999999787,0.35842293906809264,1.0752688172043101
2023-04-10,2.8,2.81,2.78,2.78,14376200.0,40311345.0,1898148679.0000002,0.007573800808677326,-0.020000000000000018,-0.7142857142857117,1.0714285714285805
2023-04-11,2.77,2.78,2.73,2.76,22220054.0,61331625.0,1898148679.0000002,0.011706171516398899,-0.020000000000000018,-0.7194244604316502,1.7985611510791304
2023-04-12,2.77,2.8,2.76,2.8,16946692.0,47247577.0,1898148679.0000002,0.00892801084945991,0.040000000000000036,1.449275362318847,1.449275362318842
2023-04-13,2.8,2.81,2.78,2.78,13539200.0,38005599.0,1898148679.0000002,0.007132844834437755,-0.020000000000000018,-0.7142857142857117,1.0714285714285805
2023-04-14,2.79,2.83,2.77,2.83,25187300.0,70886279.0,1898148679.0000002,0.013269403118236977,0.050000000000000266,1.7985611510791477,2.158273381294966
2023-04-17,2.81,2.84,2.8,2.84,18413911.0,52246618.0,1898148679.0000002,0.009700984545478799,0.009999999999999787,0.35335689045936647,1.413427561837457
2023-04-18,2.84,2.84,2.8,2.82,12625052.0,35704508.0,1898148679.0000002,0.006651245047174726,-0.020000000000000018,-0.7042253521126751,1.4084507042253533
2023-04-19,2.81,2.82,2.78,2.79,14313303.0,40191578.0,1898148679.0000002,0.007540664837456601,-0.029999999999999805,-1.0638297872340385,1.4184397163120581
2023-04-20,2.78,2.81,2.77,2.81,13604200.0,38097972.0,1898148679.0000002,0.007167088727299848,0.020000000000000018,0.7168458781362075,1.4336917562724028
2023-04-21,2.81,2.85,2.76,2.76,26771501.0,75298189.0,1898148679.0000002,0.014104006338483455,-0.050000000000000266,-1.7793594306049876,3.2028469750889785
2023-04-24,2.77,2.77,2.7,2.72,22267315.0,60919138.0,1898148679.0000002,0.011731069987484367,-0.03999999999999959,-1.4492753623188248,2.5362318840579654
2023-04-25,2.71,2.73,2.67,2.71,18507500.0,50136880.0,1898148679.0000002,0.009750289956079882,-0.010000000000000231,-0.3676470588235392,2.2058823529411784
2023-04-26,2.71,2.75,2.7,2.73,14427705.0,39474856.0,1898148679.0000002,0.007600935142552128,0.020000000000000018,0.7380073800737907,1.8450184501844953
2023-04-27,2.71,2.71,2.66,2.68,17574459.0,47434621.0,1898148679.0000002,0.009258736786234645,-0.04999999999999982,-1.831501831501825,1.831501831501825
2023-04-28,2.68,2.76,2.68,2.76,16652727.0,45710382.0,1898148679.0000002,0.008773141526918292,0.07999999999999963,2.985074626865658,2.9850746268656576
2023-05-04,2.75,2.79,2.74,2.78,18795623.0,52282366.0,1898148679.0000002,0.009902081542896882,0.020000000000000018,0.7246376811594235,1.8115942028985446
2023-05-05,2.79,2.79,2.76,2.78,16572095.0,46114474.0,1898148679.0000002,0.008730662241237426,0.0,0.0,1.079136690647491
2023-05-08,2.78,2.81,2.78,2.81,15556982.0,43733174.0,1898148679.0000002,0.008195871151777145,0.03000000000000025,1.0791366906474975,1.079136690647491
2023-05-09,2.81,2.82,2.79,2.79,17651613.0,49679842.0,1898148679.0000002,0.00929938376023283,-0.020000000000000018,-0.7117437722419906,1.0676156583629823
2023-05-10,2.79,2.81,2.77,2.78,11484060.0,32158210.0,1898148679.0000002,0.0060501372347977166,-0.010000000000000231,-0.35842293906810374,1.4336917562724028
2023-05-11,2.79,2.81,2.77,2.81,13396705.0,37636439.0,1898148679.0000002,0.007057774318847232,0.03000000000000025,1.0791366906474975,1.4388489208633108
2023-05-12,2.8,2.85,2.8,2.8,20013619.0,56643654.0,1898148679.0000002,0.010543757304903931,-0.010000000000000231,-0.3558718861210064,1.7793594306049918
2023-05-15,2.81,2.82,2.78,2.81,15072120.0,42378099.0,1898148679.0000002,0.007940431730532526,0.010000000000000231,0.3571428571428559,1.42857142857143
2023-05-16,2.81,2.82,2.78,2.79,10428782.0,29247213.0,1898148679.0000002,0.0054941860536942685,-0.020000000000000018,-0.7117437722419906,1.4234875444839872
2023-05-17,2.79,2.83,2.78,2.83,18632890.0,52522151.0,1898148679.0000002,0.009816349059556466,0.040000000000000036,1.4336917562723928,1.7921146953405114
2023-05-18,2.83,2.85,2.8,2.82,14580396.0,41264998.0,1898148679.0000002,0.007681377207859911,-0.010000000000000231,-0.35335689045937757,1.7667844522968292
2023-05-19,2.81,2.82,2.78,2.78,12618495.0,35342606.0,1898148679.0000002,0.006647790628628622,-0.040000000000000036,-1.4184397163120588,1.4184397163120581
2023-05-22,2.78,2.87,2.78,2.85,35730173.0,101826065.0,1898148679.0000002,0.018823695633170153,0.07000000000000028,2.517985611510798,3.237410071942457
2023-05-23,2.84,2.88,2.81,2.81,26093499.0,74417957.0,1898148679.0000002,0.013746815140817532,-0.040000000000000036,-1.403508771929829,2.4561403508771873
2023-05-24,2.8,2.84,2.78,2.8,20017383.0,56424355.0,1898148679.0000002,0.010545740289715206,-0.010000000000000231,-0.3558718861210064,2.1352313167259807
2023-05-25,2.79,2.83,2.78,2.82,16820061.0,47452820.0,1898148679.0000002,0.008861297951044223,0.020000000000000018,0.7142857142857117,1.7857142857142954
2023-05-26,2.82,2.85,2.81,2.83,24694769.0,70248196.0,1898148679.0000002,0.01300992344446375,0.010000000000000231,0.35460992907803135,1.4184397163120581
2023-05-29,2.84,2.92,2.82,2.9,65173121.0,188097239.0,1898148679.0000002,0.03433509804634224,0.06999999999999984,2.473498233215543,3.5335689045936425
2023-05-30,2.89,2.92,2.84,2.88,40931479.0,117894347.0,1898148679.0000002,0.021563895100969586,-0.020000000000000018,-0.6896551724137945,2.758620689655175
2023-05-31,2.88,2.88,2.82,2.84,23672500.0,67548611.0,1898148679.0000002,0.012471362365813915,-0.040000000000000036,-1.388888888888895,2.0833333333333353
2023-06-01,2.83,2.88,2.82,2.84,23335119.0,66634935.0,1898148679.0000002,0.0122936202301569,0.0,0.0,2.1126760563380302
2023-06-02,2.85,2.88,2.84,2.85,23239405.0,66595463.0,1898148679.0000002,0.012243195307673788,0.010000000000000231,0.35211267605634866,1.4084507042253533
2023-06-05,2.85,2.86,2.82,2.85,20001899.0,57039685.0,1898148679.0000002,0.010537582867606336,0.0,0.0,1.4035087719298258
2023-06-06,2.85,2.85,2.78,2.78,30901174.0,86992642.0,1898148679.0000002,0.016279638334906216,-0.07000000000000028,-2.4561403508772006,2.456140350877203
2023-06-07,2.77,2.78,2.74,2.75,18554352.0,51321381.0,1898148679.0000002,0.00977497295405488,-0.029999999999999805,-1.0791366906474753,1.4388489208632946
2023-06-08,2.74,2.76,2.72,2.74,17254590.0,47403664.0,1898148679.0000002,0.0090902204821438,-0.009999999999999787,-0.3636363636363549,1.4545454545454397
2023-06-09,2.74,2.75,2.73,2.75,13046996.0,35883730.0,1898148679.0000002,0.006873537433787082,0.009999999999999787,0.36496350364962904,0.7299270072992706
2023-06-12,2.73,2.75,2.73,2.74,11173507.0,30705873.0,1898148679.0000002,0.005886528870797691,-0.009999999999999787,-0.3636363636363549,0.7272727272727278
2023-06-13,2.73,2.75,2.73,2.74,12019197.0,33016988.0,1898148679.0000002,0.006332062990098363,0.0,0.0,0.7299270072992706
2023-06-14,2.74,2.75,2.72,2.72,13718082.0,37600875.0,1898148679.0000002,0.007227085081252478,-0.020000000000000018,-0.7299270072992692,1.0948905109488978
2023-06-15,2.73,2.74,2.7,2.73,15839835.0,43192296.0,1898148679.0000002,0.008344886349126711,0.009999999999999787,0.3676470588235281,1.4705882352941189
2023-06-16,2.73,2.75,2.72,2.74,13229500.0,36365501.0,1898148679.0000002,0.006969685855677904,0.010000000000000231,0.366300366300365,1.0989010989010917
2023-06-19,2.74,2.76,2.72,2.75,15140655.0,41661066.0,1898148679.0000002,0.007976537964337196,0.009999999999999787,0.36496350364962904,1.4598540145985253
2023-06-20,2.74,2.75,2.71,2.71,13781972.0,37735135.0,1898148679.0000002,0.007260744193790311,-0.040000000000000036,-1.4545454545454528,1.4545454545454557
2023-06-21,2.71,2.74,2.7,2.72,12089029.0,33013352.0,1898148679.0000002,0.006368852521272912,0.010000000000000231,0.3690036900369176,1.4760147601476028
2023-06-26,2.71,2.77,2.69,2.74,21723534.0,59682632.0,1898148679.0000002,0.011444590321262183,0.020000000000000018,0.7352941176470562,2.9411764705882377
2023-06-27,2.74,2.76,2.72,2.75,15297014.0,42117767.0,1898148679.0000002,0.008058912438860644,0.009999999999999787,0.36496350364962904,1.4598540145985253
2023-06-28,2.74,2.79,2.73,2.77,22496891.0,62397965.0,1898148679.0000002,0.011852017309756796,0.020000000000000018,0.727272727272732,2.181818181818184
2023-06-29,2.76,2.76,2.74,2.74,13640906.0,37596038.0,1898148679.0000002,0.0071864265170136325,-0.029999999999999805,-1.0830324909747224,0.7220216606498041
2023-06-30,2.74,2.76,2.73,2.75,11813084.0,32559322.0,1898148679.0000002,0.0062234766594909076,0.009999999999999787,0.36496350364962904,1.0948905109488978
2023-07-03,2.75,2.78,2.75,2.76,16483735.0,45740084.0,1898148679.0000002,0.008684111620109817,0.009999999999999787,0.363636363636366,1.090909090909084
2023-07-04,2.76,2.78,2.75,2.77,14020241.0,38924873.0,1898148679.0000002,0.007386271241611205,0.010000000000000231,0.36231884057971175,1.0869565217391235
2023-07-05,2.76,2.81,2.76,2.81,31020254.0,86719044.0,1898148679.0000002,0.016342373146629573,0.040000000000000036,1.4440433212996373,1.8050541516245584
2023-07-06,2.8,2.8,2.75,2.76,24422619.0,67766465.0,1898148679.0000002,0.01286654689919577,-0.050000000000000266,-1.7793594306049876,1.7793594306049758
2023-07-07,2.75,2.79,2.75,2.78,16576911.0,45978924.0,1898148679.0000002,0.008733199450283946,0.020000000000000018,0.7246376811594235,1.449275362318842
2023-07-10,2.79,2.86,2.79,2.82,32014288.0,90308507.0,1898148679.0000002,0.016866059205049234,0.040000000000000036,1.4388489208633004,2.517985611510786
2023-07-11,2.82,2.82,2.78,2.8,17055105.0,47639257.0,1898148679.0000002,0.008985125974950036,-0.020000000000000018,-0.7092198581560294,1.4184397163120581
2023-07-12,2.81,2.81,2.77,2.77,14905856.0,41464603.0,1898148679.0000002,0.007852839013566017,-0.029999999999999805,-1.0714285714285676,1.42857142857143
2023-07-13,2.78,2.79,2.77,2.79,13243769.0,36812327.0,1898148679.0000002,0.006977203180404815,0.020000000000000018,0.7220216606498298,0.7220216606498201
2023-07-14,2.78,2.79,2.76,2.77,11307266.0,31333820.0,1898148679.0000002,0.005956997007187549,-0.020000000000000018,-0.7168458781361964,1.0752688172043101
2023-07-17,2.77,2.77,2.75,2.77,10948200.0,30233649.0,1898148679.0000002,0.005767830582042619,0.0,0.0,0.7220216606498201
2023-07-18,2.77,2.77,2.74,2.75,9208298.0,25352748.0,1898148679.0000002,0.004851199540834282,-0.020000000000000018,-0.7220216606498187,1.0830324909747222
2023-07-19,2.76,2.77,2.75,2.76,8179602.0,22571787.0,1898148679.0000002,0.0043092525314240675,0.009999999999999787,0.363636363636366,0.7272727272727278
2023-07-20,2.76,2.77,2.73,2.73,12012600.0,33008311.0,1898148679.0000002,0.006328587498387422,-0.029999999999999805,-1.0869565217391242,1.449275362318842
2023-07-21,2.73,2.75,2.73,2.74,10099938.0,27660363.0,1898148679.0000002,0.00532094145824285,0.010000000000000231,0.366300366300365,0.7326007326007333
2023-07-24,2.74,2.76,2.73,2.75,9676928.0,26570832.0,1898148679.0000002,0.0050980874717875555,0.009999999999999787,0.36496350364962904,1.0948905109488978
2023-07-25,2.75,2.77,2.75,2.77,13599793.0,37603919.0,1898148679.0000002,0.007164766991363799,0.020000000000000018,0.727272727272732,0.7272727272727278
2023-07-26,2.77,2.82,2.76,2.79,22431741.0,62533632.0,1898148679.0000002,0.01181769439252656,0.020000000000000018,0.7220216606498298,2.1660649819494604
2023-07-27,2.79,2.89,2.78,2.83,56533426.0,160019970.0,1898148679.0000002,0.029783455124170487,0.040000000000000036,1.4336917562723928,3.9426523297491154
2023-07-28,2.81,2.85,2.78,2.83,39259169.0,110586152.0,1898148679.0000002,0.02068287349370486,0.0,0.0,2.4734982332155577
2023-07-31,2.83,2.87,2.82,2.86,40865311.0,116227048.0,1898148679.0000002,0.02152903587169422,0.029999999999999805,1.0600706713780772,1.7667844522968292
2023-08-01,2.85,2.88,2.84,2.87,34021796.0,97430465.0,1898148679.0000002,0.017923672879999932,0.010000000000000231,0.34965034965035446,1.3986013986014
2023-08-02,2.86,2.9,2.85,2.86,35805879.0,102805058.0,1898148679.0000002,0.018863579758601194,-0.010000000000000231,-0.34843205574913716,1.7421602787456383
2023-08-03,2.86,2.88,2.84,2.88,27641087.0,79154289.0,1898148679.0000002,0.014562129566458474,0.020000000000000018,0.6993006993007089,1.3986013986014
2023-08-04,2.87,2.91,2.85,2.85,29415901.0,84578064.0,1898148679.0000002,0.015497153265937603,-0.029999999999999805,-1.041666666666663,2.0833333333333353
2023-08-07,2.85,2.86,2.82,2.83,22294563.0,63327646.0,1898148679.0000002,0.011745425027372157,-0.020000000000000018,-0.7017543859649145,1.4035087719298258
2023-08-08,2.84,2.85,2.82,2.83,14790257.0,41882616.0,1898148679.0000002,0.007791938094012707,0.0,0.0,1.0600706713781005
2023-08-09,2.82,2.84,2.8,2.81,16968900.0,47827297.0,1898148679.0000002,0.008939710670578086,-0.020000000000000018,-0.7067137809187329,1.413427561837457
2023-08-10,2.81,2.83,2.8,2.82,12330947.0,34727556.0,1898148679.0000002,0.006496301968556172,0.009999999999999787,0.3558718861209842,1.067615658362998
2023-08-11,2.82,2.83,2.77,2.77,18408700.0,51382930.0,1898148679.0000002,0.0096982392389295,-0.04999999999999982,-1.773049645390068,2.1276595744680873
2023-08-14,2.76,2.79,2.75,2.78,13913224.0,38541978.0,1898148679.0000002,0.007329891569573933,0.009999999999999787,0.3610108303248927,1.4440433212996402
2023-08-15,2.78,2.79,2.76,2.78,14186669.0,39410205.0,1898148679.0000002,0.007473950358553551,0.0,0.0,1.079136690647491
2023-08-16,2.78,2.8,2.76,2.77,11134600.0,30946621.0,1898148679.0000002,0.005866031530188684,-0.009999999999999787,-0.3597122302158251,1.4388489208633108
2023-08-17,2.77,2.79,2.75,2.78,11237747.0,31156780.0,1898148679.0000002,0.005920372373527858,0.009999999999999787,0.3610108303248927,1.4440433212996402
2023-08-18,2.78,2.8,2.77,2.77,15369100.0,42831175.0,1898148679.0000002,0.008096889442873826,-0.009999999999999787,-0.3597122302158251,1.079136690647475
2023-08-21,2.78,2.8,2.76,2.77,12533098.0,34797111.0,1898148679.0000002,0.006602801002186404,0.0,0.0,1.4440433212996402
2023-08-22,2.77,2.79,2.73,2.77,20268920.0,55770921.0,1898148679.0000002,0.010678257306312935,0.0,0.0,2.1660649819494604
2023-08-23,2.75,2.76,2.68,2.68,31124300.0,84306904.0,1898148679.0000002,0.016397187609348485,-0.08999999999999986,-3.2490974729241784,2.8880866425992644
2023-08-24,2.68,2.7,2.66,2.68,16023685.0,42958103.0,1898148679.0000002,0.008441743883014339,0.0,0.0,1.492537313432837
2023-08-25,2.66,2.72,2.66,2.67,14974354.0,40198424.0,1898148679.0000002,0.007888925754693212,-0.010000000000000231,-0.3731343283582156,2.2388059701492558
2023-08-28,2.76,2.78,2.69,2.69,21885389.0,59664009.0,1898148679.0000002,0.011529860248634399,0.020000000000000018,0.7490636704119868,3.3707865168539275
2023-08-29,2.68,2.72,2.67,2.71,13238515.0,35794653.0,1898148679.0000002,0.006974435220203316,0.020000000000000018,0.743494423791824,1.8587360594795637
2023-08-30,2.71,2.73,2.69,2.72,14491496.0,39284638.0,1898148679.0000002,0.007634542099006986,0.010000000000000231,0.3690036900369176,1.4760147601476028
2023-08-31,2.71,2.72,2.69,2.7,11420218.0,30845586.0,1898148679.0000002,0.0060165034100576895,-0.020000000000000018,-0.7352941176470562,1.1029411764705974
2023-09-01,2.7,2.71,2.69,2.71,8999596.0,24273876.0,1898148679.0000002,0.0047412492496326725,0.009999999999999787,0.37037037037035425,0.7407407407407414
2023-09-04,2.7,2.74,2.7,2.74,19624680.0,53437514.0,1898148679.0000002,0.010338852913428705,0.03000000000000025,1.1070110701107083,1.4760147601476028
2023-09-05,2.73,2.73,2.71,2.72,11839520.0,32210287.0,1898148679.0000002,0.006237403914132481,-0.020000000000000018,-0.7299270072992692,0.7299270072992706
2023-09-06,2.72,2.72,2.7,2.72,6839691.0,18550489.0,1898148679.0000002,0.003603348397135754,0.0,0.0,0.7352941176470594
2023-09-07,2.71,2.72,2.68,2.68,11595408.0,31248899.0,1898148679.0000002,0.006108798603757845,-0.040000000000000036,-1.4705882352941235,1.4705882352941189
2023-09-08,2.68,2.7,2.67,2.69,8524200.0,22927755.0,1898148679.0000002,0.0044907967928470155,0.009999999999999787,0.3731343283581934,1.119402985074636
2023-09-11,2.7,2.72,2.69,2.71,7907689.0,21406099.0,1898148679.0000002,0.004166000844657754,0.020000000000000018,0.743494423791824,1.1152416356877417
2023-09-12,2.71,2.72,2.7,2.71,5475100.0,14832419.0,1898148679.0000002,0.0028844421201422647,0.0,0.0,0.7380073800738014
2023-09-13,2.71,2.71,2.68,2.7,9450617.0,25468755.0,1898148679.0000002,0.004978860246595045,-0.009999999999999787,-0.36900369003689537,1.1070110701106939
2023-09-14,2.7,2.7,2.68,2.7,8597817.0,23128459.0,1898148679.0000002,0.00452958037224438,0.0,0.0,0.7407407407407414
2023-09-15,2.7,2.73,2.68,2.73,22317102.0,60556091.0,1898148679.0000002,0.011757299228929367,0.029999999999999805,1.1111111111111072,1.8518518518518452
2023-09-18,2.73,2.73,2.7,2.71,11717465.0,31741430.0,1898148679.0000002,0.0061731017857742845,-0.020000000000000018,-0.73260073260073,1.0989010989010917
2023-09-19,2.71,2.72,2.7,2.71,7550100.0,20433718.0,1898148679.0000002,0.003977612546124475,0.0,0.0,0.7380073800738014
2023-09-20,2.7,2.71,2.68,2.68,9156789.0,24647445.0,1898148679.0000002,0.004824063099642996,-0.029999999999999805,-1.1070110701106972,1.1070110701106939
2023-09-21,2.68,2.69,2.66,2.66,10779898.0,28808648.0,1898148679.0000002,0.0056791641873276035,-0.020000000000000018,-0.7462686567164201,1.1194029850746194
2023-09-22,2.66,2.69,2.66,2.69,10550131.0,28241451.0,1898148679.0000002,0.005558116240693071,0.029999999999999805,1.1278195488721776,1.1278195488721732
2023-09-25,2.69,2.7,2.66,2.67,7560134.0,20212194.0,1898148679.0000002,0.00398289874952414,-0.020000000000000018,-0.743494423791824,1.4869888475836444
2023-09-26,2.67,2.67,2.66,2.66,5444663.0,14500060.0,1898148679.0000002,0.002868407022187749,-0.009999999999999787,-0.3745318352059823,0.37453183520598454
2023-09-27,2.66,2.67,2.65,2.66,8668400.0,23042843.0,1898148679.0000002,0.0045667655520887675,0.0,0.0,0.7518796992481209
2023-09-28,2.66,2.68,2.65,2.67,10268255.0,27364951.0,1898148679.0000002,0.0054096157553946795,0.009999999999999787,0.3759398496240518,1.1278195488721898
2023-10-09,2.66,2.67,2.65,2.66,8075900.0,21469859.0,1898148679.0000002,0.004254619297922762,-0.009999999999999787,-0.3745318352059823,0.7490636704119857
2023-10-10,2.67,2.67,2.65,2.65,5825711.0,15481107.0,1898148679.0000002,0.003069154205069517,-0.010000000000000231,-0.375939849624074,0.7518796992481209
2023-10-11,2.65,2.66,2.64,2.64,9193296.0,24379323.0,1898148679.0000002,0.004843296050361711,-0.009999999999999787,-0.37735849056602655,0.7547169811320762
2023-10-12,2.66,2.66,2.64,2.66,8172146.0,21667678.0,1898148679.0000002,0.004305324493498224,0.020000000000000018,0.7575757575757569,0.7575757575757582
2023-10-13,2.65,2.66,2.64,2.64,6808532.0,17999035.0,1898148679.0000002,0.0035869329285559085,-0.020000000000000018,-0.7518796992481258,0.7518796992481209
2023-10-16,2.64,2.65,2.61,2.64,13042729.0,34223490.0,1898148679.0000002,0.006871289453927965,0.0,0.0,1.5151515151515165
2023-10-17,2.63,2.64,2.62,2.63,7717156.0,20281468.0,1898148679.0000002,0.0040656225117547806,-0.010000000000000231,-0.37878787878788955,0.7575757575757582
2023-10-18,2.63,2.63,2.59,2.6,11109248.0,28940282.0,1898148679.0000002,0.005852675358314225,-0.029999999999999805,-1.1406844106463754,1.5209125475285186
2023-10-19,2.6,2.61,2.58,2.6,8324200.0,21608410.0,1898148679.0000002,0.004385430968655959,0.0,0.0,1.1538461538461462
2023-10-20,2.58,2.6,2.58,2.58,7958945.0,20602696.0,1898148679.0000002,0.004193003998081438,-0.020000000000000018,-0.7692307692307665,0.7692307692307698
2023-10-23,2.58,2.59,2.51,2.51,10544900.0,26820840.0,1898148679.0000002,0.005555360397561354,-0.07000000000000028,-2.7131782945736593,3.1007751937984525
2023-10-24,2.52,2.57,2.51,2.57,10916234.0,27745142.0,1898148679.0000002,0.005750989962362163,0.06000000000000005,2.39043824701195,2.3904382470119545
2023-10-25,2.6,2.61,2.59,2.6,11180300.0,29092972.0,1898148679.0000002,0.00589010762101634,0.03000000000000025,1.1673151750972943,0.7782101167315182
2023-10-26,2.59,2.62,2.58,2.62,11124968.0,29002239.0,1898148679.0000002,0.005860957112095643,0.020000000000000018,0.7692307692307665,1.5384615384615397
2023-10-27,2.62,2.64,2.61,2.63,10340563.0,27149737.0,1898148679.0000002,0.005447709715472714,0.009999999999999787,0.3816793893129722,1.1450381679389408
2023-10-30,2.63,2.64,2.61,2.62,7348511.0,19300282.0,1898148679.0000002,0.0038714095904602208,-0.009999999999999787,-0.3802281368821214,1.1406844106463974
2023-10-31,2.62,2.63,2.6,2.61,7863200.0,20567329.0,1898148679.0000002,0.004142562743895574,-0.010000000000000231,-0.3816793893129833,1.1450381679389239
2023-11-01,2.62,2.64,2.6,2.62,9332400.0,24470818.0,1898148679.0000002,0.004916580088403074,0.010000000000000231,0.3831417624521105,1.5325670498084305
2023-11-02,2.63,2.63,2.6,2.6,7736298.0,20229717.0,1898148679.0000002,0.004075707074788107,-0.020000000000000018,-0.7633587786259555,1.1450381679389239
2023-11-03,2.6,2.63,2.6,2.62,10104927.0,26504938.0,1898148679.0000002,0.005323569808727295,0.020000000000000018,0.7692307692307665,1.1538461538461462
2023-11-06,2.63,2.64,2.62,2.64,13058560.0,34393981.0,1898148679.0000002,0.006879629685741808,0.020000000000000018,0.7633587786259444,0.7633587786259549
2023-11-07,2.64,2.65,2.63,2.64,8396900.0,22139808.0,1898148679.0000002,0.004423731445749408,0.0,0.0,0.7575757575757582
2023-11-08,2.64,2.67,2.63,2.67,20627981.0,54768361.0,1898148679.0000002,0.010867421097312261,0.029999999999999805,1.1363636363636243,1.5151515151515165
2023-11-09,2.68,2.74,2.66,2.66,29898242.0,80532216.0,1898148679.0000002,0.015751264550968293,-0.009999999999999787,-0.3745318352059823,2.996254681647943
2023-11-10,2.64,2.67,2.62,2.66,16340869.0,43128099.0,1898148679.0000002,0.00860884565091542,0.0,0.0,1.879699248120294
2023-11-13,2.66,2.67,2.64,2.67,10460000.0,27813286.0,1898148679.0000002,0.00551063260519225,0.009999999999999787,0.3759398496240518,1.1278195488721732
2023-11-14,2.66,2.68,2.65,2.67,9380583.0,24972367.0,1898148679.0000002,0.004941964295938062,0.0,0.0,1.123595505617987
2023-11-15,2.68,2.69,2.65,2.67,12664300.0,33798003.0,1898148679.0000002,0.006671922036513979,0.0,0.0,1.4981273408239715
2023-11-16,2.67,2.68,2.65,2.66,12152255.0,32414065.0,1898148679.0000002,0.006402161819274431,-0.009999999999999787,-0.3745318352059823,1.123595505617987
2023-11-17,2.66,2.68,2.65,2.66,8544770.0,22803968.0,1898148679.0000002,0.004501633667865066,0.0,0.0,1.1278195488721898
2023-11-20,2.67,2.69,2.66,2.67,13129602.0,35121165.0,1898148679.0000002,0.006917056680152713,0.009999999999999787,0.3759398496240518,1.1278195488721732
2023-11-21,2.68,2.69,2.67,2.68,11884539.0,31838260.0,1898148679.0000002,0.006261121234328767,0.010000000000000231,0.3745318352059934,0.7490636704119857
2023-11-22,2.67,2.69,2.66,2.66,11763348.0,31462222.0,1898148679.0000002,0.006197274286331075,-0.020000000000000018,-0.7462686567164201,1.1194029850746194
2023-11-23,2.66,2.68,2.64,2.67,8750749.0,23292437.0,1898148679.0000002,0.004610149403370314,0.009999999999999787,0.3759398496240518,1.5037593984962419
2023-11-24,2.67,2.68,2.64,2.64,12401700.0,32920110.0,1898148679.0000002,0.006533576709351121,-0.029999999999999805,-1.1235955056179692,1.4981273408239715
2023-11-27,2.63,2.65,2.62,2.64,10876710.0,28688169.0,1898148679.0000002,0.005730167568185526,0.0,0.0,1.136363636363629
2023-11-28,2.64,2.65,2.62,2.64,7560202.0,19946170.0,1898148679.0000002,0.0039829345739043655,0.0,0.0,1.136363636363629
2023-11-29,2.64,2.65,2.62,2.62,8819464.0,23205407.0,1898148679.0000002,0.0046463504664167555,-0.020000000000000018,-0.7575757575757569,1.136363636363629
2023-11-30,2.62,2.63,2.6,2.6,9908700.0,25844663.0,1898148679.0000002,0.005220191710809604,-0.020000000000000018,-0.7633587786259555,1.1450381679389239
2023-12-01,2.6,2.63,2.59,2.63,9437402.0,24715482.0,1898148679.0000002,0.004971898199761621,0.029999999999999805,1.1538461538461497,1.5384615384615397
2023-12-04,2.62,2.63,2.61,2.62,9867100.0,25875322.0,1898148679.0000002,0.005198275619377864,-0.009999999999999787,-0.3802281368821214,0.7604562737642593
2023-12-05,2.61,2.62,2.6,2.6,9383041.0,24486432.0,1898148679.0000002,0.004943259241917371,-0.020000000000000018,-0.7633587786259555,0.7633587786259549
2023-12-06,2.6,2.62,2.56,2.6,9188131.0,23861552.0,1898148679.0000002,0.004840574977951977,0.0,0.0,2.3076923076923097
2023-12-07,2.6,2.61,2.58,2.6,7197000.0,18693013.0,1898148679.0000002,0.003791589183515165,0.0,0.0,1.1538461538461462
2023-12-08,2.6,2.61,2.57,2.57,14312500.0,37025180.0,1898148679.0000002,0.007540241793672475,-0.03000000000000025,-1.1538461538461608,1.5384615384615397
2023-12-11,2.57,2.6,2.54,2.6,12471000.0,32120671.0,1898148679.0000002,0.0065700859674333225,0.03000000000000025,1.1673151750972943,2.3346303501945544
2023-12-12,2.59,2.62,2.58,2.61,10429359.0,27213117.0,1898148679.0000002,0.00549449003409706,0.009999999999999787,0.38461538461538325,1.5384615384615397
2023-12-13,2.61,2.64,2.6,2.61,11168366.0,29278704.0,1898148679.0000002,0.00588382044228686,0.0,0.0,1.5325670498084305
2023-12-14,2.61,2.64,2.61,2.63,9615988.0,25249554.0,1898148679.0000002,0.005065982505156541,0.020000000000000018,0.766283524904221,1.1494252873563313
2023-12-15,2.63,2.63,2.6,2.61,9693139.0,25331912.0,1898148679.0000002,0.005106627898667362,-0.020000000000000018,-0.760456273764254,1.1406844106463805
2023-12-18,2.6,2.61,2.57,2.58,11922313.0,30881907.0,1898148679.0000002,0.0062810216775437315,-0.029999999999999805,-1.1494252873563093,1.5325670498084305
2023-12-19,2.58,2.58,2.55,2.56,9621800.0,24640418.0,1898148679.0000002,0.005069044436007533,-0.020000000000000018,-0.7751937984496138,1.1627906976744282
2023-12-20,2.56,2.58,2.54,2.54,8956194.0,22920325.0,1898148679.0000002,0.004718383812124972,-0.020000000000000018,-0.78125,1.5625000000000013
2023-12-21,2.54,2.57,2.51,2.57,13341656.0,33813845.0,1898148679.0000002,0.007028772902567764,0.029999999999999805,1.1811023622047223,2.362204724409451
2023-12-22,2.56,2.56,2.52,2.54,10076600.0,25570373.0,1898148679.0000002,0.0053086463202179955,-0.029999999999999805,-1.1673151750972721,1.5564202334630364
2023-12-25,2.53,2.53,2.51,2.52,9150822.0,23031859.0,1898148679.0000002,0.004820919510278256,-0.020000000000000018,-0.7874015748031482,0.7874015748031503
2023-12-26,2.52,2.53,2.5,2.51,7426300.0,18673978.0,1898148679.0000002,0.003912391100950211,-0.010000000000000231,-0.3968253968254065,1.1904761904761827
2023-12-27,2.51,2.52,2.48,2.51,9096222.0,22729950.0,1898148679.0000002,0.0047921546402740975,0.0,0.0,1.5936254980079698
2023-12-28,2.51,2.55,2.5,2.54,9864671.0,24925775.0,1898148679.0000002,0.0051969959514430635,0.03000000000000025,1.195219123505975,1.9920318725099533
2023-12-29,2.54,2.55,2.53,2.55,6343305.0,16120039.0,1898148679.0000002,0.0033418377971012455,0.009999999999999787,0.3937007874015741,0.7874015748031503
2024-01-02,2.55,2.58,2.54,2.57,12244450.0,31424834.0,1898148679.0000002,0.006450732830080903,0.020000000000000018,0.7843137254901933,1.5686274509803935
2024-01-03,2.56,2.58,2.56,2.57,6887069.0,17683508.0,1898148679.0000002,0.0036283085072283737,0.0,0.0,0.7782101167315182
2024-01-04,2.57,2.57,2.54,2.55,6804225.0,17365569.0,1898148679.0000002,0.0035846638755319543,-0.020000000000000018,-0.7782101167315147,1.1673151750972686
2024-01-05,2.55,2.56,2.51,2.52,8566438.0,21726816.0,1898148679.0000002,0.004513049001257924,-0.029999999999999805,-1.17647058823529,1.960784313725501
2024-01-08,2.51,2.53,2.49,2.49,11326234.0,28368876.0,1898148679.0000002,0.005966989901953828,-0.029999999999999805,-1.1904761904761862,1.587301587301571
2024-01-09,2.49,2.51,2.49,2.5,7401647.0,18498177.0,1898148679.0000002,0.0038994031826313008,0.009999999999999787,0.40160642570279403,0.8032128514056053
2024-01-10,2.49,2.51,2.47,2.48,8311741.0,20701081.0,1898148679.0000002,0.004378867204637977,-0.020000000000000018,-0.8000000000000007,1.5999999999999837
2024-01-11,2.49,2.52,2.48,2.51,6928908.0,17337127.0,1898148679.0000002,0.0036503505108200214,0.029999999999999805,1.2096774193548265,1.6129032258064528
2024-01-12,2.51,2.54,2.5,2.51,9120545.0,23011115.0,1898148679.0000002,0.004804968704983093,0.0,0.0,1.5936254980079698
2024-01-15,2.52,2.52,2.5,2.5,5310038.0,13323924.0,1898148679.0000002,0.002797482651779144,-0.009999999999999787,-0.3984063745019806,0.7968127490039849
2024-01-16,2.5,2.51,2.47,2.49,8057600.0,20036617.0,1898148679.0000002,0.004244978325009281,-0.009999999999999787,-0.39999999999998925,1.5999999999999837
2024-01-17,2.5,2.5,2.46,2.46,7530869.0,18641718.0,1898148679.0000002,0.003967481095299384,-0.03000000000000025,-1.2048192771084487,1.6064257028112463
2024-01-18,2.45,2.46,2.38,2.42,16252397.0,39122438.0,1898148679.0000002,0.008562236024926263,-0.040000000000000036,-1.6260162601625994,3.2520325203252063
2024-01-19,2.42,2.44,2.4,2.41,7765297.0,18789180.0,1898148679.0000002,0.004090984592466689,-0.009999999999999787,-0.4132231404958553,1.6528925619834725
2024-01-22,2.41,2.41,2.27,2.31,15900690.0,37214282.0,1898148679.0000002,0.008376946535282445,-0.10000000000000009,-4.149377593361003,5.809128630705399
2024-01-23,2.3,2.34,2.23,2.32,16424891.0,37440127.0,1898148679.0000002,0.008653110887316323,0.009999999999999787,0.43290043290042934,4.761904761904756
2024-01-24,2.33,2.36,2.28,2.36,11865344.0,27667155.0,1898148679.0000002,0.006251008749352031,0.040000000000000036,1.724137931034475,3.448275862068969
2024-01-25,2.36,2.42,2.35,2.42,12381677.0,29565127.0,1898148679.0000002,0.006523028009862234,0.06000000000000005,2.5423728813559254,2.9661016949152477
2024-01-26,2.41,2.45,2.41,2.43,12124648.0,29452228.0,1898148679.0000002,0.0063876176477322185,0.010000000000000231,0.4132231404958775,1.6528925619834725
2024-01-29,2.44,2.44,2.37,2.37,10349400.0,24793240.0,1898148679.0000002,0.005452365304414597,-0.06000000000000005,-2.4691358024691357,2.880658436213985
2024-01-30,2.37,2.4,2.35,2.35,8843143.0,20976967.0,1898148679.0000002,0.004658825253171856,-0.020000000000000018,-0.8438818565400852,2.1097046413502034
2024-01-31,2.34,2.36,2.27,2.28,14587293.0,33631468.0,1898148679.0000002,0.007685010748307139,-0.07000000000000028,-2.9787234042553346,3.8297872340425467
2024-02-01,2.28,2.29,2.22,2.24,12455802.0,28069314.0,1898148679.0000002,0.006562079218453044,-0.03999999999999959,-1.754385964912264,3.0701754385964843
2024-02-02,2.24,2.28,2.13,2.18,17785604.0,39153367.0,1898148679.0000002,0.00936997412097875,-0.06000000000000005,-2.67857142857143,6.696428571428567
2024-02-05,2.16,2.17,1.99,2.03,26455290.0,54416963.0,1898148679.0000002,0.013937417175317064,-0.15000000000000036,-6.880733944954143,8.25688073394495
2024-02-06,2.03,2.15,1.96,2.11,20351279.0,42023882.0,1898148679.0000002,0.010721646425885693,0.08000000000000007,3.9408866995073843,9.359605911330048
2024-02-07,2.11,2.14,2.08,2.11,16561628.0,34909609.0,1898148679.0000002,0.008725147920828387,0.0,0.0,2.8436018957346
2024-02-08,2.12,2.22,2.1,2.21,22135480.0,47909501.0,1898148679.0000002,0.011661615470323227,0.10000000000000009,4.739336492891,5.6872037914692
2024-02-19,2.23,2.25,2.19,2.22,16841300.0,37474593.0,1898148679.0000002,0.008872487274744191,0.010000000000000231,0.452488687782826,2.714932126696835
2024-02-20,2.21,2.24,2.18,2.23,10910395.0,24201673.0,1898148679.0000002,0.0057479138071249046,0.009999999999999787,0.45045045045044585,2.702702702702705
2024-02-21,2.21,2.29,2.2,2.25,17371752.0,39254719.0,1898148679.0000002,0.009151944835613162,0.020000000000000018,0.8968609865470878,4.035874439461877
2024-02-22,2.26,2.27,2.24,2.27,10886483.0,24558180.0,1898148679.0000002,0.005735316269184622,0.020000000000000018,0.8888888888888946,1.3333333333333246
2024-02-23,2.27,2.3,2.25,2.29,20110650.0,45748657.0,1898148679.0000002,0.010594876061339343,0.020000000000000018,0.8810572687224738,2.2026431718061596
2024-02-26,2.29,2.31,2.27,2.28,16283950.0,37317118.0,1898148679.0000002,0.008578859064179765,-0.010000000000000231,-0.4366812227074357,1.746724890829696
2024-02-27,2.29,2.32,2.27,2.32,13764695.0,31581337.0,1898148679.0000002,0.007251642167067566,0.040000000000000036,1.7543859649122862,2.192982456140343
2024-02-28,2.31,2.35,2.24,2.24,26276211.0,60468816.0,1898148679.0000002,0.013843073143165513,-0.07999999999999963,-3.44827586206895,4.741379310344822
2024-02-29,2.23,2.3,2.22,2.3,18961755.0,42964370.0,1898148679.0000002,0.009989604718419424,0.05999999999999961,2.678571428571419,3.5714285714285547
2024-03-01,2.29,2.34,2.28,2.3,18775384.0,43172730.0,1898148679.0000002,0.009891419048317867,0.0,0.0,2.6086956521739157
2024-03-04,2.3,2.3,2.24,2.28,14024352.0,31785786.0,1898148679.0000002,0.007388437036127452,-0.020000000000000018,-0.8695652173913104,2.608695652173896
2024-03-05,2.26,2.28,2.25,2.25,9867925.0,22327921.0,1898148679.0000002,0.005198710253402652,-0.029999999999999805,-1.3157894736842035,1.3157894736842022
2024-03-06,2.25,2.29,2.25,2.27,10217364.0,23228473.0,1898148679.0000002,0.0053828048946001445,0.020000000000000018,0.8888888888888946,1.7777777777777795
2024-03-07,2.27,2.3,2.26,2.27,11143897.0,25415184.0,1898148679.0000002,0.005870929460526205,0.0,0.0,1.7621145374449354
2024-03-08,2.27,2.28,2.25,2.27,8230635.0,18649850.0,1898148679.0000002,0.004336138201953778,0.0,0.0,1.3215859030836918
2024-03-11,2.28,2.5,2.27,2.5,95924624.0,236431411.0,1898148679.0000002,0.050535885339885955,0.22999999999999998,10.13215859030836,10.13215859030837
2024-03-12,2.57,2.59,2.45,2.46,97239143.0,243822476.0,1898148679.0000002,0.05122841222913497,-0.040000000000000036,-1.6000000000000014,5.599999999999987
2024-03-13,2.44,2.66,2.44,2.53,85581765.0,218665602.0,1898148679.0000002,0.045086966024751526,0.06999999999999984,2.8455284552845406,8.943089430894318
2024-03-14,2.52,2.53,2.44,2.46,45072838.0,111340769.0,1898148679.0000002,0.023745683622499833,-0.06999999999999984,-2.766798418972327,3.5573122529644214
2024-03-15,2.48,2.48,2.42,2.46,25734124.0,62709584.0,1898148679.0000002,0.013557485925474228,0.0,0.0,2.4390243902439046
2024-03-18,2.42,2.45,2.4,2.45,31836105.0,77263705.0,1898148679.0000002,0.01677218721179006,-0.009999999999999787,-0.40650406504064707,2.032520325203263
2024-03-19,2.45,2.47,2.42,2.43,23861684.0,58209057.0,1898148679.0000002,0.01257103000623272,-0.020000000000000018,-0.8163265306122436,2.040816326530623
2024-03-20,2.42,2.44,2.41,2.44,17758285.0,43093626.0,1898148679.0000002,0.00935558167622337,0.009999999999999787,0.411522633744843,1.2345679012345598
2024-03-21,2.44,2.44,2.4,2.42,17065353.0,41219852.0,1898148679.0000002,0.008990524919781586,-0.020000000000000018,-0.8196721311475419,1.6393442622950833
2024-03-22,2.41,2.5,2.38,2.45,35767209.0,87140326.0,1898148679.0000002,0.018843207276493853,0.03000000000000025,1.2396694214876103,4.958677685950417
2024-03-25,2.44,2.45,2.4,2.4,18289773.0,44269946.0,1898148679.0000002,0.009635585032061652,-0.050000000000000266,-2.0408163265306256,2.040816326530623
2024-03-26,2.4,2.41,2.37,2.4,13464380.0,32191939.0,1898148679.0000002,0.0070934274796078806,0.0,0.0,1.6666666666666683
2024-03-27,2.4,2.4,2.34,2.34,12145200.0,28874548.0,1898148679.0000002,0.006398445039826092,-0.06000000000000005,-2.500000000000002,2.500000000000002
2024-03-28,2.34,2.39,2.33,2.36,11200211.0,26440323.0,1898148679.0000002,0.005900597315643681,0.020000000000000018,0.8547008547008517,2.5641025641025665
2024-03-29,2.35,2.38,2.34,2.38,9608143.0,22643530.0,1898148679.0000002,0.005061849530702647,0.020000000000000018,0.8474576271186418,1.6949152542372898
2024-04-01,2.38,2.4,2.37,2.4,10843611.0,25917218.0,1898148679.0000002,0.005712730051111027,0.020000000000000018,0.8403361344537785,1.2605042016806642
2024-04-02,2.4,2.43,2.39,2.41,17532901.0,42283905.0,1898148679.0000002,0.009236842821625986,0.010000000000000231,0.4166666666666874,1.6666666666666683
2024-04-03,2.41,2.46,2.38,2.42,20400195.0,49376094.0,1898148679.0000002,0.01074741679916634,0.009999999999999787,0.4149377593360981,3.3195020746887995
2024-04-08,2.42,2.54,2.39,2.5,53092521.0,131630678.0,1898148679.0000002,0.027970686167729852,0.08000000000000007,3.3057851239669533,6.198347107438013
2024-04-09,2.46,2.47,2.43,2.46,28679702.0,70335373.0,1898148679.0000002,0.015109302193919445,-0.040000000000000036,-1.6000000000000014,1.6000000000000014
2024-04-10,2.46,2.49,2.42,2.45,28300299.0,69420563.0,1898148679.0000002,0.014909421644941648,-0.009999999999999787,-0.40650406504064707,2.8455284552845646
2024-04-11,2.43,2.45,2.41,2.43,20983831.0,50977357.0,1898148679.0000002,0.011054893240004197,-0.020000000000000018,-0.8163265306122436,1.632653061224491
2024-04-12,2.41,2.43,2.38,2.4,16073561.0,38635778.0,1898148679.0000002,0.008468020012251104,-0.03000000000000025,-1.2345679012345734,2.0576131687242905
2024-04-15,2.37,2.39,2.18,2.32,28810529.0,66410326.0,1898148679.0000002,0.015178225667326661,-0.08000000000000007,-3.3333333333333326,8.75
2024-04-16,2.28,2.3,2.14,2.17,30192200.0,66891266.0,1898148679.0000002,0.015906130185706066,-0.1499999999999999,-6.465517241379304,6.896551724137918
2024-04-17,2.17,2.25,2.17,2.24,16742500.0,37330229.0,1898148679.0000002,0.00882043655759381,0.07000000000000028,3.2258064516129226,3.6866359447004644
2024-04-18,2.24,2.25,2.19,2.19,19668969.0,43371333.0,1898148679.0000002,0.010362185648366693,-0.050000000000000266,-2.2321428571428714,2.678571428571431
2024-04-19,2.18,2.22,2.17,2.19,11743500.0,25752300.0,1898148679.0000002,0.006186817781938355,0.0,0.0,2.2831050228310628
2024-04-22,2.2,2.2,2.15,2.16,11660901.0,25276264.0,1898148679.0000002,0.00614330222337657,-0.029999999999999805,-1.3698630136986245,2.2831050228310628
2024-04-23,2.15,2.17,2.12,2.13,11427480.0,24420884.0,1898148679.0000002,0.006020329243134066,-0.03000000000000025,-1.388888888888895,2.3148148148148064
2024-04-24,2.13,2.16,2.11,2.15,9782501.0,20929058.0,1898148679.0000002,0.005153706402574168,0.020000000000000018,0.9389671361502261,2.3474178403755994
2024-04-25,2.15,2.2,2.13,2.17,11320571.0,24580891.0,1898148679.0000002,0.005964006468641859,0.020000000000000018,0.9302325581395321,3.2558139534883854
2024-04-26,2.17,2.19,2.14,2.19,12545501.0,27223069.0,1898148679.0000002,0.006609335263773612,0.020000000000000018,0.9216589861751112,2.30414746543778
2024-04-29,2.18,2.25,2.18,2.25,17345668.0,38648200.0,1898148679.0000002,0.009138203024822166,0.06000000000000005,2.7397260273972712,3.1963470319634633
2024-04-30,2.23,2.25,2.19,2.21,13638808.0,30176228.0,1898148679.0000002,0.007185321229517869,-0.040000000000000036,-1.7777777777777781,2.6666666666666687
2024-05-06,2.22,2.36,2.22,2.28,29224185.0,66253279.0,1898148679.0000002,0.01539615169418454,0.06999999999999984,3.1674208144796268,6.3348416289592615
2024-05-07,2.26,2.27,2.23,2.25,17802991.0,39913864.0,1898148679.0000002,0.009379134098904798,-0.029999999999999805,-1.3157894736842035,1.7543859649122824
2024-05-08,2.23,2.26,2.22,2.23,12038708.0,26939316.0,1898148679.0000002,0.0063423419530773215,-0.020000000000000018,-0.8888888888888946,1.7777777777777597
2024-05-09,2.23,2.32,2.22,2.27,22397696.0,50829700.0,1898148679.0000002,0.011799758495103637,0.040000000000000036,1.7937219730941756,4.48430493273541
2024-05-10,2.29,2.34,2.27,2.29,24477610.0,56181868.0,1898148679.0000002,0.012895517759386223,0.020000000000000018,0.8810572687224738,3.0837004405286272
2024-05-13,2.29,2.35,2.28,2.32,26297457.0,60926691.0,1898148679.0000002,0.01385426615466933,0.029999999999999805,1.3100436681222627,3.0567685589519775
2024-05-14,2.3,2.32,2.28,2.29,16664606.0,38255689.0,1898148679.0000002,0.00877939973004612,-0.029999999999999805,-1.2931034482758563,1.7241379310344844
2024-05-15,2.29,2.29,2.24,2.24,15397441.0,34781810.0,1898148679.0000002,0.008111820306990819,-0.04999999999999982,-2.183406113537112,2.18340611353711
2024-05-16,2.25,2.26,2.23,2.24,10995824.0,24713626.0,1898148679.0000002,0.0057929202920989934,0.0,0.0,1.3392857142857053
2024-05-17,2.24,2.26,2.23,2.26,11506402.0,25807767.0,1898148679.0000002,0.0060619076510181,0.019999999999999574,0.8928571428571175,1.3392857142857053
2024-05-20,2.26,2.28,2.24,2.26,14417937.0,32600522.0,1898148679.0000002,0.007595789075698637,0.0,0.0,1.7699115044247606
2024-05-21,2.25,2.26,2.2,2.2,16441328.0,36472458.0,1898148679.0000002,0.008661770377577465,-0.05999999999999961,-2.65486725663715,2.654867256637151
2024-05-22,2.21,2.23,2.2,2.21,10752747.0,23790427.0,1898148679.0000002,0.0056648602498645464,0.009999999999999787,0.4545454545454408,1.3636363636363547
2024-05-23,2.23,2.23,2.16,2.16,12085400.0,26324983.0,1898148679.0000002,0.006366940658392966,-0.04999999999999982,-2.262443438914019,3.1674208144796308
2024-05-24,2.16,2.22,2.15,2.19,15412661.0,33915890.0,1898148679.0000002,0.008119838646211758,0.029999999999999805,1.388888888888884,3.240740740740754
2024-05-27,2.2,2.23,2.18,2.23,18423948.0,40679809.0,1898148679.0000002,0.009706272329365826,0.040000000000000036,1.82648401826484,2.2831050228310423
2024-05-28,2.21,2.45,2.19,2.45,97095159.0,232801770.0,1898148679.0000002,0.05115255726498334,0.2200000000000002,9.865470852017943,11.659192825112118
2024-05-29,2.38,2.57,2.35,2.48,160287616.0,392476391.0,1898148679.0000002,0.0844441838372978,0.029999999999999805,1.2244897959183598,8.979591836734684
2024-05-30,2.41,2.42,2.28,2.31,87419337.0,204013352.0,1898148679.0000002,0.04605505246620357,-0.16999999999999993,-6.854838709677413,5.645161290322586
2024-05-31,2.29,2.32,2.25,2.27,44565201.0,101141198.0,1898148679.0000002,0.023478245668025456,-0.040000000000000036,-1.7316017316017285,3.0303030303030236
2024-06-03,2.26,2.26,2.15,2.17,45634000.0,99356953.0,1898148679.0000002,0.024041320105673343,-0.10000000000000009,-4.405286343612335,4.845814977973563
2024-06-04,2.15,2.18,2.11,2.16,27159315.0,58247085.0,1898148679.0000002,0.014308318047197607,-0.009999999999999787,-0.4608294930875445,3.2258064516129163
2024-06-05,2.14,2.14,2.08,2.09,31498458.0,66516270.0,1898148679.0000002,0.01659430493958687,-0.07000000000000028,-3.240740740740755,2.77777777777778
2024-06-06,2.08,2.09,1.88,1.88,96557352.0,185670551.0,1898148679.0000002,0.05086922487592975,-0.20999999999999996,-10.047846889952151,10.047846889952151
2024-06-07,1.79,1.89,1.79,1.84,53900032.0,98388870.0,1898148679.0000002,0.028396106478021575,-0.039999999999999813,-2.127659574468077,5.319148936170206
2024-06-11,1.83,1.83,1.74,1.82,27994801.0,50203812.0,1898148679.0000002,0.014748476402148051,-0.020000000000000018,-1.0869565217391353,4.891304347826091
2024-06-12,1.8,1.85,1.79,1.83,19225731.0,35227823.0,1898148679.0000002,0.010128674962452715,0.010000000000000009,0.5494505494505475,3.2967032967032996
2024-06-13,1.84,1.85,1.79,1.8,19466900.0,35234189.0,1898148679.0000002,0.01025572981472438,-0.030000000000000027,-1.6393442622950838,3.2786885245901667
2024-06-14,1.81,1.93,1.79,1.85,30513797.0,56758948.0,1898148679.0000002,0.016075556850517925,0.050000000000000044,2.77777777777779,7.777777777777772
2024-06-17,1.81,1.83,1.79,1.8,18351702.0,33093511.0,1898148679.0000002,0.009668211032693292,-0.050000000000000044,-2.7027027027027084,2.162162162162164
2024-06-18,1.8,1.82,1.79,1.81,13003400.0,23484175.0,1898148679.0000002,0.006850569791429915,0.010000000000000009,0.5555555555555536,1.666666666666668
2024-06-19,1.82,1.82,1.77,1.77,13732500.0,24607643.0,1898148679.0000002,0.007234680903518411,-0.040000000000000036,-2.209944751381221,2.7624309392265216
2024-06-20,1.77,1.78,1.64,1.67,50643734.0,85744171.0,1898148679.0000002,0.02668059386511313,-0.10000000000000009,-5.649717514124298,7.909604519774019
2024-06-21,1.66,1.69,1.63,1.64,24612457.0,40797481.0,1898148679.0000002,0.01296655908585968,-0.030000000000000027,-1.7964071856287456,3.5928143712574885
2024-06-24,1.65,1.7,1.62,1.63,26504300.0,43817865.0,1898148679.0000002,0.013963237070535083,-0.010000000000000009,-0.6097560975609762,4.878048780487796
2024-06-25,1.62,1.65,1.59,1.6,21318472.0,34353998.0,1898148679.0000002,0.011231191863869793,-0.029999999999999805,-1.8404907975460016,3.6809815950920144
2024-06-26,1.61,1.64,1.56,1.63,23586662.0,37781968.0,1898148679.0000002,0.012426140407729356,0.029999999999999805,1.8749999999999822,4.99999999999999
2024-06-27,1.63,1.65,1.59,1.59,14746200.0,23825999.0,1898148679.0000002,0.007768727583430781,-0.039999999999999813,-2.4539877300613355,3.6809815950920144
2024-06-28,1.61,1.66,1.6,1.62,20892400.0,34226766.0,1898148679.0000002,0.011006724726646135,0.030000000000000027,1.8867924528301883,3.7735849056603668
2024-07-01,1.63,1.68,1.62,1.67,23104399.0,38328156.0,1898148679.0000002,0.012172070215370099,0.04999999999999982,3.0864197530864113,3.703703703703693
2024-07-02,1.67,1.72,1.66,1.7,24731531.0,41962338.0,1898148679.0000002,0.013029290736608308,0.030000000000000027,1.7964071856287456,3.5928143712574885
2024-07-03,1.73,1.74,1.68,1.69,14324036.0,24358614.0,1898148679.0000002,0.0075463192944118145,-0.010000000000000009,-0.588235294117645,3.529411764705886
2024-07-04,1.71,1.71,1.63,1.65,16761200.0,27779419.0,1898148679.0000002,0.008830288262155674,-0.040000000000000036,-2.3668639053254448,4.733727810650891
2024-07-05,1.64,1.67,1.62,1.66,11899901.0,19638907.0,1898148679.0000002,0.006269214383284882,0.010000000000000009,0.60606060606061,3.0303030303030196
2024-07-08,1.66,1.66,1.61,1.62,10062903.0,16343807.0,1898148679.0000002,0.0053014303417482705,-0.039999999999999813,-2.409638554216853,3.012048192771074
2024-07-09,1.63,1.65,1.57,1.64,21595322.0,34706514.0,1898148679.0000002,0.011377044506006264,0.019999999999999796,1.2345679012345512,4.938271604938262
2024-07-10,1.63,1.64,1.58,1.62,16406301.0,26340983.0,1898148679.0000002,0.008643317133957764,-0.019999999999999796,-1.2195121951219412,3.6585365853658436
2024-07-11,1.64,1.68,1.63,1.68,19234701.0,31906954.0,1898148679.0000002,0.010133400619667684,0.05999999999999983,3.703703703703698,3.0864197530864224
2024-07-12,1.68,1.71,1.66,1.68,13971012.0,23585356.0,1898148679.0000002,0.007360335970815697,0.0,0.0,2.976190476190479
2024-07-15,1.69,1.69,1.65,1.66,10050254.0,16723760.0,1898148679.0000002,0.0052947664801973075,-0.020000000000000018,-1.1904761904761862,2.380952380952383
2024-07-16,1.67,1.68,1.65,1.67,6966127.0,11606894.0,1898148679.0000002,0.003669958563872856,0.010000000000000009,0.6024096385542244,1.8072289156626522
2024-07-17,1.7,1.7,1.66,1.67,6705500.0,11187405.0,1898148679.0000002,0.003532652670565644,0.0,0.0,2.3952095808383254
2024-07-18,1.66,1.66,1.63,1.65,9559306.0,15749818.0,1898148679.0000002,0.005036120776922554,-0.020000000000000018,-1.19760479041916,1.7964071856287442
2024-07-19,1.64,1.66,1.64,1.65,7716242.0,12733707.0,1898148679.0000002,0.004065140989938228,0.0,0.0,1.2121212121212133
2024-07-22,1.65,1.67,1.64,1.66,9624101.0,15961377.0,1898148679.0000002,0.005070256669814851,0.010000000000000009,0.60606060606061,1.81818181818182
2024-07-23,1.67,1.73,1.65,1.66,23211400.0,39211052.0,1898148679.0000002,0.012228441458141434,0.0,0.0,4.81927710843374
2024-07-24,1.67,1.67,1.63,1.63,13275419.0,21872690.0,1898148679.0000002,0.006993877322083049,-0.030000000000000027,-1.8072289156626509,2.40963855421687
2024-07-25,1.63,1.66,1.62,1.66,12050403.0,19787172.0,1898148679.0000002,0.006348503219646894,0.030000000000000027,1.8404907975460238,2.453987730061338
2024-07-26,1.66,1.68,1.65,1.68,8519500.0,14213510.0,1898148679.0000002,0.004488320695978525,0.020000000000000018,1.2048192771084265,1.8072289156626522
2024-07-29,1.69,1.71,1.66,1.7,14412601.0,24355446.0,1898148679.0000002,0.0075929779155092195,0.020000000000000018,1.1904761904761862,2.976190476190479
2024-07-30,1.69,1.83,1.69,1.76,44886179.0,78687590.0,1898148679.0000002,0.023647346225611442,0.06000000000000005,3.529411764705892,8.235294117647067
2024-07-31,1.74,1.78,1.73,1.78,26263519.0,46278471.0,1898148679.0000002,0.013836386627962348,0.020000000000000018,1.1363636363636465,2.8409090909090935
2024-08-01,1.77,1.79,1.76,1.76,15121300.0,26739553.0,1898148679.0000002,0.007966341186701106,-0.020000000000000018,-1.1235955056179803,1.6853932584269677
2024-08-02,1.76,1.78,1.74,1.74,18774486.0,33017837.0,1898148679.0000002,0.00989094595576725,-0.020000000000000018,-1.1363636363636354,2.2727272727272747
2024-08-05,1.73,1.76,1.7,1.71,19956900.0,34553756.0,1898148679.0000002,0.01051387608399247,-0.030000000000000027,-1.7241379310344862,3.448275862068969
2024-08-06,1.72,1.74,1.7,1.73,10085839.0,17336460.0,1898148679.0000002,0.005313513694466501,0.020000000000000018,1.1695906432748648,2.3391812865497097
2024-08-07,1.73,1.76,1.72,1.75,13885775.0,24249265.0,1898148679.0000002,0.007315430637032832,0.020000000000000018,1.1560693641618602,2.3121387283237014
2024-08-08,1.75,1.76,1.73,1.75,12259475.0,21405353.0,1898148679.0000002,0.006458648437623256,0.0,0.0,1.7142857142857157
2024-08-09,1.75,1.76,1.73,1.73,10323100.0,17999706.0,1898148679.0000002,0.005438509698533473,-0.020000000000000018,-1.1428571428571455,1.7142857142857157
2024-08-12,1.74,1.76,1.71,1.71,12748018.0,22133288.0,1898148679.0000002,0.006716027116862113,-0.020000000000000018,-1.1560693641618491,2.890173410404627
2024-08-13,1.71,1.72,1.68,1.72,12947867.0,22031769.0,1898148679.0000002,0.006821313389855905,0.010000000000000009,0.5847953216374213,2.3391812865497097
2024-08-14,1.72,1.74,1.71,1.71,8928201.0,15380072.0,1898148679.0000002,0.00470363628454207,-0.010000000000000009,-0.5813953488372103,1.7441860465116297
2024-08-15,1.71,1.74,1.7,1.74,8032200.0,13851279.0,1898148679.0000002,0.004231596865337016,0.030000000000000027,1.7543859649122862,2.3391812865497097
2024-08-16,1.8,1.86,1.76,1.78,41415919.0,74645952.0,1898148679.0000002,0.021819112200325164,0.040000000000000036,2.298850574712641,5.747126436781615
2024-08-19,1.77,1.82,1.76,1.77,25561900.0,45566492.0,1898148679.0000002,0.013466753306946825,-0.010000000000000009,-0.5617977528089901,3.3707865168539355
2024-08-20,1.77,1.78,1.71,1.72,16029825.0,27840561.0,1898148679.0000002,0.008444978613817005,-0.050000000000000044,-2.824858757062154,3.9548022598870096
2024-08-21,1.72,1.74,1.7,1.71,9290000.0,15945540.0,1898148679.0000002,0.004894242533674571,-0.010000000000000009,-0.5813953488372103,2.325581395348839
2024-08-22,1.72,1.73,1.68,1.69,9676203.0,16514416.0,1898148679.0000002,0.005097705520674864,-0.020000000000000018,-1.1695906432748537,2.9239766081871372
2024-08-23,1.7,1.7,1.67,1.7,10458572.0,17626690.0,1898148679.0000002,0.005509880293207526,0.010000000000000009,0.591715976331364,1.7751479289940846
2024-08-26,1.72,1.73,1.7,1.72,7723354.0,13237510.0,1898148679.0000002,0.004068887798646462,0.020000000000000018,1.17647058823529,1.764705882352943
2024-08-27,1.71,1.72,1.68,1.68,9561801.0,16187075.0,1898148679.0000002,0.005037435215579337,-0.040000000000000036,-2.3255813953488413,2.325581395348839
2024-08-28,1.69,1.71,1.67,1.7,8264585.0,13983927.0,1898148679.0000002,0.00435402405061021,0.020000000000000018,1.1904761904761862,2.380952380952383
2024-08-29,1.69,1.72,1.68,1.72,10679401.0,18225341.0,1898148679.0000002,0.00562621944115896,0.020000000000000018,1.17647058823529,2.35294117647059
2024-08-30,1.72,1.76,1.71,1.75,20308564.0,35519642.0,1898148679.0000002,0.010699142919984087,0.030000000000000027,1.744186046511631,2.9069767441860495
2024-09-02,1.75,1.77,1.74,1.75,13155405.0,23073804.0,1898148679.0000002,0.006930650451960722,0.0,0.0,1.7142857142857157
2024-09-03,1.76,1.76,1.73,1.74,8002300.0,13918017.0,1898148679.0000002,0.004215844674620454,-0.010000000000000009,-0.5714285714285672,1.7142857142857157
2024-09-04,1.73,1.74,1.72,1.73,9323998.0,16149693.0,1898148679.0000002,0.004912153670128808,-0.010000000000000009,-0.5747126436781658,1.1494252873563229
2024-09-05,1.74,1.8,1.73,1.78,25292715.0,44745587.0,1898148679.0000002,0.013324938810022478,0.050000000000000044,2.8901734104046284,4.046242774566478
2024-09-06,1.77,1.78,1.74,1.75,15671091.0,27537879.0,1898148679.0000002,0.008255987095940233,-0.030000000000000027,-1.6853932584269704,2.247191011235957
2024-09-09,1.75,1.77,1.72,1.75,10266200.0,17920468.0,1898148679.0000002,0.0054085331215511165,0.0,0.0,2.85714285714286
2024-09-10,1.74,1.76,1.73,1.75,8880800.0,15530118.0,1898148679.0000002,0.004678664057379669,0.0,0.0,1.7142857142857157
2024-09-11,1.76,1.77,1.73,1.74,9785800.0,17138819.0,1898148679.0000002,0.005155444411844199,-0.010000000000000009,-0.5714285714285672,2.285714285714288
2024-09-12,1.74,1.78,1.74,1.76,11608245.0,20466353.0,1898148679.0000002,0.006115561509183548,0.020000000000000018,1.1494252873563315,2.2988505747126458
2024-09-13,1.77,1.77,1.75,1.75,9395200.0,16534232.0,1898148679.0000002,0.004949664957199066,-0.010000000000000009,-0.5681818181818232,1.1363636363636374
2024-09-18,1.75,1.76,1.71,1.73,13393801.0,23135399.0,1898148679.0000002,0.007056244407079978,-0.020000000000000018,-1.1428571428571455,2.85714285714286
2024-09-19,1.74,1.79,1.72,1.78,22062694.0,38997998.0,1898148679.0000002,0.011623269685925376,0.050000000000000044,2.8901734104046284,4.046242774566478
2024-09-20,1.79,1.8,1.77,1.79,13346296.0,23814803.0,1898148679.0000002,0.007031217389688997,0.010000000000000009,0.561797752808979,1.6853932584269677
2024-09-23,1.79,1.8,1.77,1.79,10078302.0,17975785.0,1898148679.0000002,0.005309542983381861,0.0,0.0,1.6759776536312863
2024-09-24,1.79,1.84,1.78,1.84,24583691.0,44731412.0,1898148679.0000002,0.01295140431936628,0.050000000000000044,2.7932960893854775,3.3519553072625725
2024-09-25,1.84,1.91,1.84,1.85,36225908.0,67929603.0,1898148679.0000002,0.01908486326744692,0.010000000000000009,0.5434782608695565,3.8043478260869477
2024-09-26,1.86,1.92,1.84,1.92,35845372.0,67634500.0,1898148679.0000002,0.01888438582107508,0.06999999999999984,3.7837837837837673,4.324324324324317
2024-09-27,1.95,2.0,1.92,2.0,35506820.0,69672127.0,1898148679.0000002,0.018706026768517427,0.08000000000000007,4.166666666666674,4.1666666666666705
2024-09-30,2.07,2.19,2.03,2.18,82211235.0,174487955.0,1898148679.0000002,0.04331127266769812,0.18000000000000016,9.000000000000007,8.000000000000007
2024-10-08,2.39,2.4,2.2,2.3,97236870.0,224574283.0,1898148679.0000002,0.051227214746543036,0.11999999999999966,5.504587155963292,9.17431192660549
2024-10-09,2.28,2.28,2.08,2.08,65722509.0,141807001.0,1898148679.0000002,0.034624531643445616,-0.21999999999999975,-9.565217391304337,8.695652173913032
2024-10-10,2.08,2.16,2.06,2.1,40287060.0,84961220.0,1898148679.0000002,0.021224396405672707,0.020000000000000018,0.9615384615384581,4.807692307692312
2024-10-11,2.11,2.12,2.01,2.04,25629280.0,52874904.0,1898148679.0000002,0.013502251053116792,-0.06000000000000005,-2.857142857142858,5.238095238095253
2024-10-14,2.05,2.09,2.02,2.08,22598314.0,46549829.0,1898148679.0000002,0.011905449899691445,0.040000000000000036,1.9607843137254832,3.4313725490195996
2024-10-15,2.09,2.15,2.06,2.08,31844778.0,66501182.0,1898148679.0000002,0.016776756400756106,0.0,0.0,4.3269230769230695
2024-10-16,2.06,2.1,2.05,2.08,22997386.0,47655516.0,1898148679.0000002,0.012115692650649311,0.0,0.0,2.4038461538461666
2024-10-17,2.08,2.1,2.06,2.07,21705283.0,45170416.0,1898148679.0000002,0.011434975162975628,-0.010000000000000231,-0.48076923076924016,1.9230769230769247
2024-10-18,2.06,2.11,2.04,2.09,28761993.0,59652736.0,1898148679.0000002,0.015152655489111976,0.020000000000000018,0.9661835748792313,3.3816425120772875
2024-10-21,2.09,2.11,2.06,2.08,24305531.0,50624972.0,1898148679.0000002,0.012804861531081358,-0.009999999999999787,-0.4784688995215225,2.392344497607647
2024-10-22,2.08,2.11,2.07,2.11,29040516.0,60887844.0,1898148679.0000002,0.015299389516367804,0.029999999999999805,1.4423076923076872,1.9230769230769247
2024-10-23,2.11,2.16,2.1,2.13,30183682.0,64418375.0,1898148679.0000002,0.01590164265525377,0.020000000000000018,0.9478672985782088,2.8436018957346
2024-10-24,2.13,2.19,2.1,2.15,37330950.0,79931323.0,1898148679.0000002,0.019667031572925587,0.020000000000000018,0.9389671361502261,4.22535211267605
2024-10-25,2.14,2.21,2.14,2.2,42264466.0,91999262.0,1898148679.0000002,0.022266151470424406,0.050000000000000266,2.3255813953488413,3.255813953488365
2024-10-28,2.21,2.41,2.21,2.36,107402985.0,248583243.0,1898148679.0000002,0.056583020175523344,0.1599999999999997,7.272727272727253,9.090909090909099
2024-10-29,2.36,2.36,2.24,2.24,65624499.0,149759420.0,1898148679.0000002,0.03457289712130079,-0.11999999999999966,-5.084745762711851,5.08474576271185
2024-10-30,2.23,2.28,2.22,2.28,37641733.0,85000886.0,1898148679.0000002,0.019830761107623433,0.03999999999999959,1.7857142857142572,2.6785714285714106
2024-10-31,2.28,2.35,2.27,2.32,49645193.0,115009333.0,1898148679.0000002,0.026154533387845322,0.040000000000000036,1.7543859649122862,3.5087719298245648
2024-11-01,2.29,2.55,2.23,2.4,154534802.0,374212108.0,1898148679.0000002,0.08141343389465856,0.08000000000000007,3.4482758620689724,13.793103448275856
2024-11-04,2.32,2.52,2.29,2.43,100188076.0,240717869.0,1898148679.0000002,0.05278199600928099,0.03000000000000025,1.2500000000000178,9.583333333333332
2024-11-05,2.4,2.56,2.38,2.51,111729565.0,278124095.0,1898148679.0000002,0.05886238851366605,0.07999999999999963,3.2921810699588328,7.407407407407414
2024-11-06,2.55,2.55,2.45,2.46,82545430.0,204757057.0,1898148679.0000002,0.04348733632577577,-0.04999999999999982,-1.9920318725099584,3.9840637450199066
2024-11-07,2.44,2.66,2.41,2.59,115369698.0,294409268.0,1898148679.0000002,0.06078011658221636,0.1299999999999999,5.284552845528445,10.16260162601626
2024-11-08,2.6,2.63,2.52,2.54,86776213.0,223104974.0,1898148679.0000002,0.04571623601461832,-0.04999999999999982,-1.9305019305019266,4.247104247104243
2024-11-11,2.48,2.56,2.48,2.51,53352603.0,133591159.0,1898148679.0000002,0.028107704939166145,-0.03000000000000025,-1.1811023622047334,3.1496062992126013
2024-11-12,2.52,2.53,2.44,2.48,60221652.0,149174373.0,1898148679.0000002,0.0317265199856349,-0.029999999999999805,-1.195219123505964,3.585657370517923
2024-11-13,2.46,2.48,2.38,2.42,44675995.0,108126544.0,1898148679.0000002,0.023536615173652575,-0.06000000000000005,-2.4193548387096753,4.032258064516133
2024-11-14,2.42,2.42,2.32,2.33,40145070.0,94869982.0,1898148679.0000002,0.021149591938788265,-0.08999999999999986,-3.7190082644628086,4.132231404958682
2024-11-15,2.33,2.35,2.24,2.25,50512135.0,116024888.0,1898148679.0000002,0.026611263679624537,-0.08000000000000007,-3.433476394849788,4.72103004291845
2024-11-18,2.26,2.33,2.24,2.26,39295601.0,89751747.0,1898148679.0000002,0.020702066932239502,0.009999999999999787,0.4444444444444251,3.999999999999994
2024-11-19,2.26,2.28,2.21,2.28,32543386.0,73103361.0,1898148679.0000002,0.017144803439288432,0.020000000000000018,0.8849557522123908,3.097345132743356
2024-11-20,2.28,2.35,2.25,2.34,36016105.0,83402242.0,1898148679.0000002,0.01897433293738314,0.06000000000000005,2.6315789473684292,4.3859649122807065
2024-11-21,2.33,2.35,2.3,2.33,21389311.0,49589863.0,1898148679.0000002,0.011268511911969144,-0.009999999999999787,-0.42735042735041473,2.1367521367521483
2024-11-22,2.33,2.38,2.27,2.29,46469128.0,108642748.0,1898148679.0000002,0.024481289855798484,-0.040000000000000036,-1.716738197424894,4.72103004291845
2024-11-25,2.28,2.33,2.25,2.31,24883338.0,57052970.0,1898148679.0000002,0.013109267084973166,0.020000000000000018,0.8733624454148492,3.493449781659392
2024-11-26,2.31,2.33,2.28,2.3,18604413.0,42887001.0,1898148679.0000002,0.009801346546679022,-0.010000000000000231,-0.43290043290044045,2.164502164502176
2024-11-27,2.31,2.32,2.23,2.32,24758201.0,56231417.0,1898148679.0000002,0.013043341269264186,0.020000000000000018,0.8695652173912993,3.913043478260864
2024-11-28,2.32,2.4,2.31,2.37,46426107.0,109893904.0,1898148679.0000002,0.024458625140185868,0.050000000000000266,2.155172413793105,3.87931034482758
2024-11-29,2.37,2.38,2.32,2.37,31514212.0,74047936.0,1898148679.0000002,0.016602604605558402,0.0,0.0,2.531645569620255
2024-12-02,2.38,2.57,2.37,2.56,105051759.0,263690399.0,1898148679.0000002,0.05534432584877614,0.18999999999999995,8.016877637130793,8.438818565400833
2024-12-03,2.55,2.55,2.49,2.53,52392965.0,131993430.0,1898148679.0000002,0.02760213969519086,-0.03000000000000025,-1.171875000000011,2.343749999999985
2024-12-04,2.58,2.63,2.48,2.5,70027868.0,179017153.0,1898148679.0000002,0.036892720140812525,-0.029999999999999805,-1.1857707509881354,5.928853754940708
2024-12-05,2.5,2.75,2.5,2.75,141856450.0,385482464.0,1898148679.0000002,0.07473410885533692,0.25,10.000000000000009,10.0
2024-12-06,2.86,3.03,2.82,3.03,225899324.0,670057069.0,1898148679.0000002,0.11901034228731246,0.2799999999999998,10.18181818181818,7.636363636363636
2024-12-09,3.33,3.33,3.33,3.33,58310805.0,194174981.0,1898148679.0000002,0.030719830140344868,0.30000000000000027,9.90099009900991,0.0
2024-12-10,3.64,3.64,3.22,3.23,523415220.0,1802485849.0,1898148679.0000002,0.2757503802472156,-0.10000000000000009,-3.003003003003002,12.612612612612612
2024-12-11,3.23,3.55,3.15,3.55,392410743.0,1336197303.0,1898148679.0000002,0.2067334067880991,0.31999999999999984,9.90712074303406,12.383900928792567
2024-12-12,3.6,3.91,3.45,3.47,596438997.0,2203163419.0,1898148679.0000002,0.31422143249296014,-0.07999999999999963,-2.2535211267605493,12.957746478873238
2024-12-13,3.14,3.36,3.14,3.17,384993945.0,1236537379.0,1898148679.0000002,0.20282602161745622,-0.30000000000000027,-8.645533141210382,6.3400576368876
2024-12-16,3.17,3.47,3.13,3.3,298201637.0,980890750.0,1898148679.0000002,0.15710130628813612,0.1299999999999999,4.100946372239744,10.725552050473196
2024-12-17,3.27,3.45,3.18,3.21,234793807.0,774842782.0,1898148679.0000002,0.12369621494755416,-0.08999999999999986,-2.7272727272727226,8.181818181818183
2024-12-18,3.16,3.18,2.89,3.02,201175020.0,608616142.0,1898148679.0000002,0.10598485894476128,-0.18999999999999995,-5.919003115264799,9.034267912772586
2024-12-19,3.02,3.06,2.87,2.9,151904611.0,444450664.0,1898148679.0000002,0.08002777268218407,-0.1200000000000001,-3.9735099337748325,6.29139072847682
2024-12-20,2.9,2.95,2.88,2.9,106150788.0,308747338.0,1898148679.0000002,0.055923326330750506,0.0,0.0,2.413793103448286
2024-12-23,2.91,2.92,2.69,2.71,147436223.0,404831073.0,1898148679.0000002,0.07767369576005693,-0.18999999999999995,-6.5517241379310365,7.93103448275862
2024-12-24,2.69,2.71,2.58,2.66,114437429.0,301122540.0,1898148679.0000002,0.0602889701244525,-0.04999999999999982,-1.845018450184499,4.797047970479701
2024-12-25,2.66,2.68,2.5,2.56,87158394.0,222214770.0,1898148679.0000002,0.045917580094894134,-0.10000000000000009,-3.759398496240607,6.766917293233088
2024-12-26,2.56,2.61,2.52,2.53,81050002.0,207652039.0,1898148679.0000002,0.04269950130708385,-0.03000000000000025,-1.171875000000011,3.5156249999999947
2024-12-27,2.55,2.66,2.52,2.61,93762571.0,245076272.0,1898148679.0000002,0.04939685285843722,0.08000000000000007,3.1620553359683834,5.533596837944669
2024-12-30,2.62,2.63,2.52,2.54,69454297.0,176550913.0,1898148679.0000002,0.036590546235077084,-0.06999999999999984,-2.6819923371647403,4.214559386973176
2024-12-31,2.55,2.58,2.47,2.48,59217197.0,149205239.0,1898148679.0000002,0.031197343840945767,-0.06000000000000005,-2.3622047244094557,4.330708661417318
2025-01-02,2.47,2.55,2.43,2.47,63524797.0,158248114.0,1898148679.0000002,0.03346671296237274,-0.009999999999999787,-0.40322580645160144,4.838709677419342
2025-01-03,2.47,2.5,2.31,2.33,81306234.0,192503439.0,1898148679.0000002,0.042834491786404465,-0.14000000000000012,-5.668016194331993,7.69230769230769
2025-01-06,2.56,2.56,2.56,2.56,28065765.0,71848358.0,1898148679.0000002,0.014785862303887521,0.22999999999999998,9.871244635193133,0.0
2025-01-07,2.7,2.78,2.6,2.67,212978612.0,567182352.0,1898148679.0000002,0.11220333494223608,0.10999999999999988,4.296875,7.031249999999989
2025-01-08,2.57,2.76,2.57,2.66,146637684.0,390633888.0,1898148679.0000002,0.07725300216063843,-0.009999999999999787,-0.3745318352059823,7.1161048689138555
2025-01-09,2.65,2.74,2.57,2.68,136053508.0,360876744.0,1898148679.0000002,0.07167695002252243,0.020000000000000018,0.7518796992481258,6.390977443609036
2025-01-10,2.68,2.68,2.52,2.52,97935432.0,253709063.0,1898148679.0000002,0.0515952375509358,-0.16000000000000014,-5.97014925373135,5.970149253731348
2025-01-13,2.46,2.49,2.4,2.44,66193608.0,161804568.0,1898148679.0000002,0.034872720315498526,-0.08000000000000007,-3.1746031746031744,3.5714285714285836
2025-01-14,2.44,2.58,2.44,2.58,81360938.0,205774776.0,1898148679.0000002,0.04286331144663721,0.14000000000000012,5.737704918032782,5.737704918032792
2025-01-15,2.58,2.59,2.49,2.53,63230200.0,160354888.0,1898148679.0000002,0.03331151068382668,-0.050000000000000266,-1.9379844961240456,3.875968992248048
2025-01-16,2.54,2.78,2.54,2.78,153752366.0,417438697.0,1898148679.0000002,0.0810012238245748,0.25,9.881422924901194,9.48616600790513
2025-01-17,2.75,2.78,2.67,2.69,158281496.0,429584088.0,1898148679.0000002,0.083387301401167,-0.08999999999999986,-3.237410071942437,3.956834532374096
2025-01-20,2.72,2.74,2.65,2.72,84821692.0,229339641.0,1898148679.0000002,0.04468653743429968,0.03000000000000025,1.115241635687747,3.3457249070632087
2025-01-21,2.72,2.77,2.65,2.71,90735566.0,244895403.0,1898148679.0000002,0.04780213847515998,-0.010000000000000231,-0.3676470588235392,4.411764705882357
2025-01-22,2.69,2.72,2.63,2.65,57545861.0,153343061.0,1898148679.0000002,0.03031683536524485,-0.06000000000000005,-2.2140221402214055,3.3210332103321147
2025-01-23,2.67,2.75,2.65,2.66,95862500.0,258371198.0,1898148679.0000002,0.050503156607575726,0.010000000000000231,0.37735849056603765,3.7735849056603805
2025-01-24,2.65,2.67,2.59,2.66,67823158.0,177942600.0,1898148679.0000002,0.03573121470955121,0.0,0.0,3.0075187969924837
2025-01-27,2.67,2.71,2.6,2.64,58507796.0,155193907.0,1898148679.0000002,0.03082361073571097,-0.020000000000000018,-0.7518796992481258,4.135338345864657
2025-02-05,2.65,2.68,2.6,2.66,48682961.0,128842473.0,1898148679.0000002,0.02564760154913028,0.020000000000000018,0.7575757575757569,3.030303030303033
2025-02-06,2.64,2.69,2.55,2.69,90339088.0,238898361.0,1898148679.0000002,0.04759326231894187,0.029999999999999805,1.1278195488721776,5.263157894736847
2025-02-07,2.68,2.76,2.66,2.72,105219981.0,286373555.0,1898148679.0000002,0.05543295009716148,0.03000000000000025,1.115241635687747,3.717472118959095
2025-02-10,2.74,2.82,2.73,2.82,126182105.0,351069518.0,1898148679.0000002,0.0664764074574371,0.09999999999999964,3.676470588235281,3.308823529411759
2025-02-11,2.82,2.83,2.74,2.78,71066110.0,196657932.0,1898148679.0000002,0.03743969626101138,-0.040000000000000036,-1.4184397163120588,3.1914893617021227
2025-02-12,2.78,2.81,2.73,2.77,72820400.0,201225039.0,1898148679.0000002,0.03836390731961202,-0.009999999999999787,-0.3597122302158251,2.8776978417266217
2025-02-13,2.77,3.05,2.77,3.05,185870014.0,553208565.0,1898148679.0000002,0.09792173608756598,0.2799999999999998,10.10830324909746,10.108303249097466
2025-02-14,3.0,3.0,2.89,2.89,212762339.0,623717677.0,1898148679.0000002,0.11208939602775973,-0.1599999999999997,-5.245901639344252,3.6065573770491763
2025-02-17,2.87,3.18,2.87,3.18,309371703.0,950638113.0,1898148679.0000002,0.1629860223399286,0.29000000000000004,10.034602076124566,10.726643598615919
2025-02-18,3.16,3.49,3.08,3.23,350977372.0,1135076259.0,1898148679.0000002,0.18490510036595503,0.04999999999999982,1.5723270440251458,12.893081761006291
2025-02-19,3.11,3.24,3.08,3.2,173935006.0,549949973.0,1898148679.0000002,0.0916340263143317,-0.029999999999999805,-0.9287925696594312,4.953560371517033
2025-02-20,3.2,3.2,3.04,3.06,154056932.0,473814498.0,1898148679.0000002,0.08116167806262767,-0.14000000000000012,-4.375000000000007,5.000000000000004
2025-02-21,3.08,3.2,3.04,3.1,135537900.0,423119902.0,1898148679.0000002,0.07140531271312492,0.040000000000000036,1.3071895424836555,5.228758169934645
2025-02-24,3.07,3.14,3.03,3.06,102832360.0,314995326.0,1898148679.0000002,0.05417508182455711,-0.040000000000000036,-1.2903225806451646,3.548387096774204
2025-02-25,3.02,3.07,2.95,2.96,107945192.0,323235442.0,1898148679.0000002,0.056868670612709143,-0.10000000000000009,-3.26797385620915,3.921568627450969
2025-02-26,2.95,3.02,2.94,3.0,108829950.0,323922003.0,1898148679.0000002,0.057334786892107296,0.040000000000000036,1.3513513513513598,2.7027027027027053
2025-02-27,2.99,3.08,2.94,2.96,81689912.0,244094620.0,1898148679.0000002,0.04303662452987435,-0.040000000000000036,-1.3333333333333308,4.666666666666671
2025-02-28,2.95,3.18,2.94,3.04,177715133.0,545901670.0,1898148679.0000002,0.09362550729884105,0.08000000000000007,2.7027027027026973,8.108108108108116
2025-03-03,2.98,3.1,2.91,2.99,107017105.0,319683327.0,1898148679.0000002,0.05637972735432912,-0.04999999999999982,-1.6447368421052544,6.249999999999998
2025-03-04,2.95,2.96,2.88,2.96,76714163.0,223797766.0,1898148679.0000002,0.04041525505811022,-0.03000000000000025,-1.0033444816053616,2.6755852842809387
2025-03-05,2.94,3.25,2.94,3.09,157624885.0,488025261.0,1898148679.0000002,0.08304137960522742,0.1299999999999999,4.391891891891886,10.472972972972974
2025-03-06,3.07,3.15,3.02,3.12,140236456.0,434560379.0,1898148679.0000002,0.07388064884036409,0.03000000000000025,0.9708737864077666,4.20711974110032
2025-03-07,3.13,3.3,3.09,3.18,192010252.0,616743506.0,1898148679.0000002,0.10115659227556219,0.06000000000000005,1.9230769230769162,6.730769230769229
2025-03-10,3.24,3.33,3.18,3.19,169654275.0,550103714.0,1898148679.0000002,0.08937881256455568,0.009999999999999787,0.3144654088050203,4.716981132075468
2025-03-11,3.2,3.25,3.1,3.21,127516201.0,404662757.0,1898148679.0000002,0.06717924808038706,0.020000000000000018,0.6269592476489061,4.702194357366769
2025-03-12,3.18,3.23,3.12,3.12,116985520.0,368168357.0,1898148679.0000002,0.06163137866609657,-0.08999999999999986,-2.8037383177570097,3.4267912772585634
2025-03-13,3.16,3.23,3.12,3.14,117052145.0,370904398.0,1898148679.0000002,0.061666478656280214,0.020000000000000018,0.6410256410256387,3.5256410256410216
2025-03-14,3.12,3.15,3.05,3.11,100267548.0,309895243.0,1898148679.0000002,0.05282386417318155,-0.03000000000000025,-0.9554140127388644,3.184713375796181
2025-03-17,3.1,3.16,3.08,3.14,87984111.0,274431530.0,1898148679.0000002,0.046352591856161966,0.03000000000000025,0.9646302250803984,2.572347266881031
2025-03-18,3.13,3.14,3.08,3.09,56341113.0,174232161.0,1898148679.0000002,0.029682139035432216,-0.050000000000000266,-1.5923566878981,1.9108280254777086
2025-03-19,3.09,3.17,3.05,3.14,103441742.0,321974967.0,1898148679.0000002,0.05449612200794308,0.050000000000000266,1.6181229773462924,3.8834951456310716
2025-03-20,3.13,3.19,3.09,3.1,92597402.0,290332920.0,1898148679.0000002,0.048783007898402876,-0.040000000000000036,-1.273885350318471,3.184713375796181
2025-03-21,3.07,3.11,3.0,3.0,82962038.0,252924809.0,1898148679.0000002,0.043706817552198705,-0.10000000000000009,-3.2258064516129115,3.5483870967741895
2025-03-24,2.99,3.0,2.88,2.93,76602938.0,224065049.0,1898148679.0000002,0.040356658489131975,-0.06999999999999984,-2.3333333333333317,4.0000000000000036
2025-03-25,2.91,2.95,2.89,2.94,49421900.0,144487907.0,1898148679.0000002,0.026036896132939854,0.009999999999999787,0.3412969283276279,2.047781569965872
2025-03-26,2.98,3.08,2.95,3.04,74262499.0,224351520.0,1898148679.0000002,0.03912364706811251,0.10000000000000009,3.401360544217691,4.42176870748299
2025-03-27,3.0,3.04,2.93,2.96,49467054.0,146500797.0,1898148679.0000002,0.02606068457506747,-0.08000000000000007,-2.631578947368418,3.6184210526315748
2025-03-28,2.95,3.0,2.93,2.97,33177239.0,98298940.0,1898148679.0000002,0.0174787356580933,0.010000000000000231,0.33783783783785104,2.3648648648648596
2025-03-31,2.95,3.04,2.93,3.01,47070810.0,140792484.0,1898148679.0000002,0.024798273454953102,0.03999999999999959,1.3468013468013407,3.7037037037036993
2025-04-01,3.0,3.2,2.98,3.14,112967708.0,349909265.0,1898148679.0000002,0.05951467830197298,0.13000000000000034,4.318936877076429,7.308970099667782
2025-04-02,3.14,3.14,3.06,3.08,65862527.0,203171384.0,1898148679.0000002,0.03469829720330353,-0.06000000000000005,-1.9108280254777066,2.5477707006369448
2025-04-03,3.04,3.12,3.03,3.1,54428838.0,167863621.0,1898148679.0000002,0.028674696878157453,0.020000000000000018,0.6493506493506551,2.9220779220779316
2025-04-07,2.93,2.97,2.79,2.79,73035910.0,207956379.0,1898148679.0000002,0.03847744426346909,-0.31000000000000005,-9.999999999999998,5.806451612903231
2025-04-08,2.76,2.84,2.72,2.78,60783263.0,169126949.0,1898148679.0000002,0.03202239301508372,-0.010000000000000231,-0.35842293906810374,4.3010752688171925
2025-04-09,2.73,2.8,2.5,2.77,79453735.0,210048457.0,1898148679.0000002,0.04185854136666393,-0.009999999999999787,-0.3597122302158251,10.791366906474813
2025-04-10,2.8,2.9,2.77,2.86,74998272.0,212848881.0,1898148679.0000002,0.039511273710925145,0.08999999999999986,3.2490974729241895,4.693140794223822
2025-04-11,2.81,2.89,2.81,2.83,47185801.0,133915163.0,1898148679.0000002,0.02485885406240087,-0.029999999999999805,-1.0489510489510412,2.7972027972028
2025-04-14,2.85,2.99,2.85,2.93,68008829.0,198673716.0,1898148679.0000002,0.0358290315992681,0.10000000000000009,3.5335689045936425,4.9469964664310995
2025-04-15,2.9,2.92,2.86,2.91,45742578.0,132277605.0,1898148679.0000002,0.024098522157968424,-0.020000000000000018,-0.6825938566552892,2.047781569965872
2025-04-16,2.92,3.13,2.82,3.05,129730963.0,388706674.0,1898148679.0000002,0.06834604919797223,0.13999999999999968,4.810996563573866,10.652920962199314
2025-04-17,2.97,3.04,2.96,2.99,68067000.0,204246692.0,1898148679.0000002,0.035859677776063185,-0.05999999999999961,-1.967213114754085,2.6229508196721336
2025-04-18,2.98,3.27,2.94,3.1,163126554.0,508042991.0,1898148679.0000002,0.08593981904828435,0.10999999999999988,3.678929765886285,11.036789297658864
2025-04-21,3.06,3.2,3.05,3.15,121391711.0,382772365.0,1898148679.0000002,0.06395268839738764,0.04999999999999982,1.6129032258064502,4.8387096774193665
2025-04-22,3.12,3.23,3.06,3.08,101393778.0,316057861.0,1898148679.0000002,0.05341719493407502,-0.06999999999999984,-2.2222222222222143,5.396825396825395
2025-04-23,3.08,3.1,3.0,3.01,81748101.0,248492166.0,1898148679.0000002,0.04306728018959362,-0.07000000000000028,-2.272727272727282,3.2467532467532494
2025-04-24,3.0,3.12,3.0,3.06,85024586.0,260316272.0,1898148679.0000002,0.04479342790196678,0.050000000000000266,1.661129568106312,3.9867109634551534
2025-04-25,3.04,3.2,3.04,3.13,137447479.0,431157271.0,1898148679.0000002,0.07241133453908959,0.06999999999999984,2.287581699346397,5.228758169934645
2025-04-28,3.12,3.12,2.97,2.99,101766910.0,306848536.0,1898148679.0000002,0.053613771737635305,-0.13999999999999968,-4.472843450479225,4.792332268370604
2025-04-29,2.97,2.97,2.87,2.92,68343712.0,198848580.0,1898148679.0000002,0.03600545771578096,-0.07000000000000028,-2.341137123745829,3.3444816053511732
2025-04-30,2.93,2.96,2.91,2.91,39748500.0,116190165.0,1898148679.0000002,0.02094066731429103,-0.009999999999999787,-0.3424657534246478,1.7123287671232816
2025-05-06,2.93,3.07,2.91,3.02,73860941.0,221764508.0,1898148679.0000002,0.03891209461995995,0.10999999999999988,3.7800687285223233,5.49828178694157
2025-05-07,3.02,3.05,2.98,3.0,48233210.0,144874063.0,1898148679.0000002,0.02541065962515152,-0.020000000000000018,-0.6622516556291425,2.3178807947019817
2025-05-08,3.01,3.04,2.98,3.0,46876300.0,140943522.0,1898148679.0000002,0.02469579992263609,0.0,0.0,2.0000000000000018
2025-05-09,3.0,3.01,2.97,2.99,45894001.0,137240572.0,1898148679.0000002,0.024178296203950837,-0.009999999999999787,-0.33333333333332993,1.3333333333333197
2025-05-12,3.0,3.01,2.96,2.97,37735500.0,112211459.0,1898148679.0000002,0.019880160293808045,-0.020000000000000018,-0.6688963210702337,1.6722408026755793
2025-05-13,2.99,3.02,2.96,3.01,54349502.0,162666787.0,1898148679.0000002,0.028632900363017345,0.03999999999999959,1.3468013468013407,2.0202020202020217
2025-05-14,2.99,3.01,2.96,2.98,42813019.0,127661248.0,1898148679.0000002,0.02255514516521179,-0.029999999999999805,-0.9966777408637828,1.6611295681063065
2025-05-15,2.97,2.98,2.92,2.92,41432710.0,122089855.0,1898148679.0000002,0.021827958188095124,-0.06000000000000005,-2.0134228187919434,2.0134228187919483
2025-05-16,2.93,2.96,2.92,2.93,20777400.0,60946706.0,1898148679.0000002,0.010946139377736277,0.010000000000000231,0.34246575342467,1.3698630136986314
2025-05-19,2.93,2.95,2.91,2.93,25991629.0,76300239.0,1898148679.0000002,0.013693147058265817,0.0,0.0,1.3651877133105812
2025-05-20,2.94,2.97,2.92,2.97,35885998.0,105866512.0,1898148679.0000002,0.01890578878094301,0.040000000000000036,1.3651877133105783,1.7064846416382344
2025-05-21,2.96,2.99,2.95,2.96,38427499.0,114152624.0,1898148679.0000002,0.02024472551867998,-0.010000000000000231,-0.33670033670034627,1.346801346801348
2025-05-22,2.97,2.97,2.89,2.9,45160508.0,131902622.0,1898148679.0000002,0.023791870731533982,-0.06000000000000005,-2.0270270270270285,2.7027027027027053
2025-05-23,2.9,2.9,2.84,2.85,35387058.0,101236130.0,1898148679.0000002,0.018642932659333582,-0.04999999999999982,-1.724137931034475,2.0689655172413812
2025-05-26,2.83,2.86,2.82,2.86,20343101.0,57873835.0,1898148679.0000002,0.010717338017334519,0.009999999999999787,0.35087719298245723,1.4035087719298258
2025-05-27,2.86,2.87,2.83,2.85,18700460.0,53245358.0,1898148679.0000002,0.009851946903259414,-0.009999999999999787,-0.34965034965034336,1.3986013986014
2025-05-28,2.86,2.86,2.82,2.83,21998969.0,62415829.0,1898148679.0000002,0.0115896975001925,-0.020000000000000018,-0.7017543859649145,1.4035087719298258
2025-05-29,2.85,2.87,2.82,2.86,24437002.0,69798979.0,1898148679.0000002,0.01287412428244247,0.029999999999999805,1.0600706713780772,1.7667844522968292
2025-05-30,2.85,2.86,2.81,2.82,22256883.0,62827707.0,1898148679.0000002,0.011725574106094561,-0.040000000000000036,-1.3986013986013957,1.7482517482517421
2025-06-03,2.81,2.83,2.79,2.82,17969131.0,50585247.0,1898148679.0000002,0.009466661489060309,0.0,0.0,1.4184397163120581
2025-06-04,2.81,2.85,2.81,2.84,22185698.0,62851280.0,1898148679.0000002,0.011688071775119359,0.020000000000000018,0.7092198581560183,1.4184397163120581
2025-06-05,2.84,2.86,2.83,2.84,19654901.0,55810437.0,1898148679.0000002,0.010354774216293095,0.0,0.0,1.0563380281690073
2025-06-06,2.84,2.89,2.83,2.87,32678800.0,93774127.0,1898148679.0000002,0.017216143477873473,0.03000000000000025,1.0563380281690238,2.1126760563380302
2025-06-09,2.87,2.87,2.84,2.87,21026177.0,60112866.0,1898148679.0000002,0.01107720234596017,0.0,0.0,1.0452961672473953
2025-06-10,2.86,2.89,2.81,2.84,34984002.0,99763221.0,1898148679.0000002,0.01843059102115783,-0.03000000000000025,-1.0452961672474004,2.7874564459930338
2025-06-11,2.84,2.86,2.83,2.84,18171000.0,51683316.0,1898148679.0000002,0.00957301195687843,0.0,0.0,1.0563380281690073
2025-06-12,2.83,2.84,2.8,2.81,21602800.0,60885120.0,1898148679.0000002,0.011380984134172767,-0.029999999999999805,-1.0563380281690127,1.4084507042253533
2025-06-13,2.8,2.83,2.78,2.78,21329571.0,59600249.0,1898148679.0000002,0.011237039140283277,-0.03000000000000025,-1.067615658362997,1.7793594306049918
2025-06-16,2.76,2.79,2.75,2.78,14463233.0,40132561.0,1898148679.0000002,0.007619652327561427,0.0,0.0,1.4388489208633108
2025-06-17,2.78,2.82,2.77,2.81,21084229.0,59013929.0,1898148679.0000002,0.011107785830089865,0.03000000000000025,1.0791366906474975,1.7985611510791304
2025-06-18,2.81,2.81,2.76,2.77,19057500.0,52909685.0,1898148679.0000002,0.010040045972605287,-0.040000000000000036,-1.4234875444839923,1.7793594306049918
2025-06-19,2.77,2.77,2.68,2.69,28338341.0,76929262.0,1898148679.0000002,0.014929463278361029,-0.08000000000000007,-2.8880866425992857,3.2490974729241824
2025-06-20,2.68,2.72,2.67,2.69,18225764.0,49168216.0,1898148679.0000002,0.009601863226858425,0.0,0.0,1.8587360594795637
2025-06-23,2.67,2.73,2.66,2.72,16793911.0,45360000.0,1898148679.0000002,0.008847521369531241,0.03000000000000025,1.115241635687747,2.6022304832713696
2025-06-24,2.72,2.76,2.72,2.76,16577401.0,45479055.0,1898148679.0000002,0.008733457596553213,0.03999999999999959,1.4705882352941124,1.4705882352941024
2025-06-25,2.76,2.78,2.74,2.77,22221801.0,61380874.0,1898148679.0000002,0.011707091886873208,0.010000000000000231,0.36231884057971175,1.449275362318826
2025-06-26,2.78,2.78,2.74,2.75,21006211.0,57914864.0,1898148679.0000002,0.011066683675731177,-0.020000000000000018,-0.7220216606498187,1.4440433212996242
2025-06-27,2.75,2.78,2.74,2.76,20599900.0,56855274.0,1898148679.0000002,0.010852627208766716,0.009999999999999787,0.363636363636366,1.4545454545454397
2025-06-30,2.77,2.77,2.75,2.76,17178729.0,47350335.0,1898148679.0000002,0.009050254698199011,0.0,0.0,0.724637681159421
2025-07-01,2.76,2.8,2.75,2.79,34112260.0,94836452.0,1898148679.0000002,0.01797133194959803,0.03000000000000025,1.0869565217391353,1.8115942028985446
2025-07-02,2.79,2.79,2.75,2.77,24311430.0,67243554.0,1898148679.0000002,0.012807969296065874,-0.020000000000000018,-0.7168458781361964,1.4336917562724028
2025-07-03,2.77,2.79,2.76,2.78,20847211.0,57836312.0,1898148679.0000002,0.010982917845499287,0.009999999999999787,0.3610108303248927,1.0830324909747382
2025-07-04,2.77,2.85,2.77,2.82,47924633.0,135487385.0,1898148679.0000002,0.025248092275494502,0.040000000000000036,1.4388489208633004,2.8776978417266217
2025-07-07,2.85,2.95,2.84,2.94,92076811.0,266900122.0,1898148679.0000002,0.048508745399495644,0.1200000000000001,4.255319148936176,3.900709219858168
2025-07-08,2.96,2.97,2.87,2.92,60323960.0,174867170.0,1898148679.0000002,0.0317804188193416,-0.020000000000000018,-0.6802721088435382,3.40136054421769
2025-07-09,2.9,2.95,2.9,2.92,59823419.0,175265180.0,1898148679.0000002,0.03151671924430952,0.0,0.0,1.712328767123297
2025-07-10,2.92,2.96,2.89,2.92,44358913.0,129898321.0,1898148679.0000002,0.023369567142321836,0.0,0.0,2.3972602739725972
2025-07-11,2.93,2.93,2.88,2.92,39068421.0,113373806.0,1898148679.0000002,0.020582381892540882,0.0,0.0,1.712328767123297
2025-07-14,2.92,2.97,2.91,2.94,59432076.0,175166206.0,1898148679.0000002,0.031310548355627514,0.020000000000000018,0.6849315068493178,2.054794520547947
2025-07-15,2.92,2.92,2.8,2.83,63513093.0,180103300.0,1898148679.0000002,0.03346054695434108,-0.10999999999999988,-3.741496598639449,4.081632653061228
2025-07-16,2.82,2.85,2.8,2.82,24041610.0,68013235.0,1898148679.0000002,0.01266582026264972,-0.010000000000000231,-0.35335689045937757,1.7667844522968292
2025-07-17,2.82,2.83,2.81,2.82,23408974.0,65921250.0,1898148679.0000002,0.012332529194885053,0.0,0.0,0.7092198581560291
2025-07-18,2.81,2.83,2.8,2.81,24773300.0,69696338.0,1898148679.0000002,0.013051295862161489,-0.009999999999999787,-0.35460992907800915,1.0638297872340514
2025-07-21,2.85,2.94,2.83,2.91,70407565.0,203004929.0,1898148679.0000002,0.037092755577551886,0.10000000000000009,3.558718861209975,3.9145907473309567
2025-07-22,2.91,2.92,2.86,2.9,37658566.0,108564636.0,1898148679.0000002,0.019839629222216472,-0.010000000000000231,-0.3436426116838587,2.0618556701030943
2025-07-23,2.9,2.91,2.84,2.85,36548815.0,104975155.0,1898148679.0000002,0.019254980078407227,-0.04999999999999982,-1.724137931034475,2.413793103448286
2025-07-24,2.85,2.87,2.84,2.87,26896300.0,76888202.0,1898148679.0000002,0.014169754085949553,0.020000000000000018,0.7017543859649145,1.052631578947377
2025-07-25,2.87,2.88,2.83,2.84,26347072.0,75019399.0,1898148679.0000002,0.013880404781505526,-0.03000000000000025,-1.0452961672474004,1.7421602787456383
2025-07-28,2.85,2.86,2.8,2.81,29943501.0,84401993.0,1898148679.0000002,0.01577510831015361,-0.029999999999999805,-1.0563380281690127,2.1126760563380302
2025-07-29,2.81,2.82,2.78,2.8,26651052.0,74469716.0,1898148679.0000002,0.014040550297693513,-0.010000000000000231,-0.3558718861210064,1.4234875444839872
2025-07-30,2.8,2.81,2.78,2.81,22058366.0,61756522.0,1898148679.0000002,0.011620989569489882,0.010000000000000231,0.3571428571428559,1.0714285714285805
2025-07-31,2.8,2.8,2.75,2.76,26498164.0,73389954.0,1898148679.0000002,0.013960004447048901,-0.050000000000000266,-1.7793594306049876,1.7793594306049758
2025-08-01,2.75,2.78,2.75,2.78,13044944.0,36112853.0,1898148679.0000002,0.006872456380430881,0.020000000000000018,0.7246376811594235,1.0869565217391235
2025-08-04,2.77,2.78,2.75,2.78,12521969.0,34672724.0,1898148679.0000002,0.006596937920899292,0.0,0.0,1.079136690647475
2025-08-05,2.78,2.8,2.77,2.8,17371300.0,48482374.0,1898148679.0000002,0.009151706708850491,0.020000000000000018,0.7194244604316502,1.079136690647475
2025-08-06,2.79,2.8,2.78,2.79,17295049.0,48173570.0,1898148679.0000002,0.00911153546154853,-0.009999999999999787,-0.35714285714284477,0.714285714285715
2025-08-07,2.79,2.79,2.76,2.77,17899696.0,49676073.0,1898148679.0000002,0.009430081109046778,-0.020000000000000018,-0.7168458781361964,1.0752688172043101
2025-08-08,2.78,2.79,2.76,2.77,16142539.0,44811968.0,1898148679.0000002,0.008504359631356357,0.0,0.0,1.0830324909747382
2025-08-11,2.77,2.8,2.75,2.78,26170701.0,72589211.0,1898148679.0000002,0.013787487402613522,0.009999999999999787,0.3610108303248927,1.8050541516245424
2025-08-12,2.78,2.78,2.76,2.77,16976031.0,46986689.0,1898148679.0000002,0.008943467489039618,-0.009999999999999787,-0.3597122302158251,0.7194244604316554
2025-08-13,2.78,2.78,2.76,2.77,20725215.0,57340804.0,1898148679.0000002,0.010918646800059226,0.0,0.0,0.7220216606498201
2025-08-14,2.76,2.77,2.72,2.73,30056098.0,82553197.0,1898148679.0000002,0.01583442768868581,-0.040000000000000036,-1.4440433212996373,1.8050541516245424
2025-08-15,2.73,2.75,2.72,2.74,16346953.0,44780341.0,1898148679.0000002,0.008612050879287311,0.010000000000000231,0.366300366300365,1.0989010989010917
2025-08-18,2.74,2.77,2.73,2.76,27718180.0,76433969.0,1898148679.0000002,0.01460274440388028,0.019999999999999574,0.7299270072992581,1.4598540145985412
2025-08-19,2.76,2.89,2.76,2.82,63028889.0,178556414.0,1898148679.0000002,0.033205454186658045,0.06000000000000005,2.1739130434782705,4.710144927536245
2025-08-20,2.8,2.81,2.77,2.8,40791792.0,113794132.0,1898148679.0000002,0.021490303921550706,-0.020000000000000018,-0.7092198581560294,1.4184397163120581
2025-08-21,2.81,2.81,2.77,2.79,29835418.0,83256021.0,1898148679.0000002,0.0157181670382734,-0.009999999999999787,-0.35714285714284477,1.42857142857143
2025-08-22,2.79,2.8,2.76,2.79,30122696.0,83572493.0,1898148679.0000002,0.015869513454483192,0.0,0.0,1.4336917562724028
2025-08-25,2.79,2.83,2.77,2.82,48060861.0,134868334.0,1898148679.0000002,0.025319861152984,0.029999999999999805,1.0752688172043001,2.1505376344086042
2025-08-26,2.81,2.83,2.79,2.81,33285565.0,93476118.0,1898148679.0000002,0.017535804949449903,-0.009999999999999787,-0.35460992907800915,1.4184397163120581
2025-08-27,2.78,2.81,2.74,2.75,45794906.0,127302761.0,1898148679.0000002,0.024126090072209772,-0.06000000000000005,-2.135231316725983,2.4911032028469693
2025-08-28,2.75,2.76,2.68,2.73,40493525.0,110251330.0,1898148679.0000002,0.02133316818013074,-0.020000000000000018,-0.727272727272732,2.9090909090908954
2025-08-29,2.74,2.75,2.72,2.72,20236345.0,55297503.0,1898148679.0000002,0.010661095847697817,-0.009999999999999787,-0.3663003663003539,1.0989010989010917
2025-09-01,2.76,2.9,2.76,2.83,100726064.0,286567661.0,1898148679.0000002,0.05306542375440548,0.10999999999999988,4.044117647058809,5.147058823529416
2025-09-02,2.82,3.04,2.8,3.0,198066414.0,581688010.0,1898148679.0000002,0.10434715477838498,0.16999999999999993,6.0070671378091856,8.480565371024742
2025-09-03,2.95,2.95,2.85,2.87,97380897.0,280349424.0,1898148679.0000002,0.05130309236434687,-0.1299999999999999,-4.333333333333334,3.333333333333336
2025-09-04,2.85,2.86,2.75,2.78,73850673.0,207462679.0,1898148679.0000002,0.038906685138545984,-0.0900000000000003,-3.135888501742168,3.8327526132404137
2025-09-05,2.78,2.79,2.73,2.79,43511628.0,120309922.0,1898148679.0000002,0.02292319273057324,0.010000000000000231,0.3597122302158251,2.158273381294966
2025-09-08,2.79,2.83,2.77,2.79,41747260.0,116624854.0,1898148679.0000002,0.02199367228809161,0.0,0.0,2.1505376344086042
2025-09-09,2.78,2.83,2.76,2.8,43018440.0,120469630.0,1898148679.0000002,0.022663366930067545,0.009999999999999787,0.35842293906809264,2.508960573476713
2025-09-10,2.81,2.85,2.79,2.81,37295215.0,104878317.0,1898148679.0000002,0.019648205334288252,0.010000000000000231,0.3571428571428559,2.142857142857145
2025-09-11,2.81,2.83,2.78,2.82,36621304.0,102699007.0,1898148679.0000002,0.019293169394556154,0.009999999999999787,0.3558718861209842,1.7793594306049918
2025-09-12,2.81,2.9,2.81,2.88,83648829.0,239690512.0,1898148679.0000002,0.044068639051008704,0.06000000000000005,2.127659574468077,3.1914893617021227
2025-09-15,2.89,2.94,2.85,2.91,59588831.0,172636380.0,1898148679.0000002,0.03139313145448286,0.03000000000000025,1.041666666666674,3.124999999999995
2025-09-16,2.91,2.94,2.89,2.93,61042255.0,177962239.0,1898148679.0000002,0.03215883754277817,0.020000000000000018,0.6872852233676952,1.7182130584192379
2025-09-17,2.93,2.93,2.88,2.91,51508142.0,149594375.0,1898148679.0000002,0.027135989171899844,-0.020000000000000018,-0.6825938566552892,1.7064846416382344
2025-09-18,2.91,2.95,2.85,2.88,56783932.0,164980151.0,1898148679.0000002,0.029915428979944512,-0.03000000000000025,-1.0309278350515538,3.436426116838491
2025-09-19,2.88,2.89,2.79,2.8,52005642.0,146487512.0,1898148679.0000002,0.027398086659575098,-0.08000000000000007,-2.777777777777779,3.472222222222225
2025-09-22,2.81,2.81,2.75,2.78,29888075.0,82798182.0,1898148679.0000002,0.01574590827929554,-0.020000000000000018,-0.7142857142857117,2.142857142857145
2025-09-23,2.77,2.78,2.66,2.7,60465900.0,163178472.0,1898148679.0000002,0.03185519694476999,-0.07999999999999963,-2.877697841726601,4.316546762589916
2025-09-24,2.72,2.73,2.67,2.7,38264688.0,103359470.0,1898148679.0000002,0.02015895194266813,0.0,0.0,2.222222222222224
2025-09-25,2.71,2.72,2.68,2.71,28977358.0,78285230.0,1898148679.0000002,0.015266116042746511,0.009999999999999787,0.37037037037035425,1.4814814814814827
2025-09-26,2.69,2.73,2.68,2.7,24474300.0,66274944.0,1898148679.0000002,0.01289377395499586,-0.009999999999999787,-0.36900369003689537,1.8450184501844953
2025-09-29,2.7,2.71,2.66,2.7,31405361.0,84386745.0,1898148679.0000002,0.016545258728913298,0.0,0.0,1.8518518518518452
2025-09-30,2.7,2.72,2.68,2.69,23458287.0,63246535.0,1898148679.0000002,0.01235850871932672,-0.010000000000000231,-0.37037037037037646,1.4814814814814827
2025-10-09,2.7,2.75,2.7,2.74,38788594.0,106110817.0,1898148679.0000002,0.02043496088011133,0.050000000000000266,1.858736059479571,1.8587360594795475
2025-10-10,2.74,2.8,2.71,2.75,32686047.0,90241813.0,1898148679.0000002,0.017219961408513035,0.009999999999999787,0.36496350364962904,3.2846715328467098
2025-10-13,2.76,3.03,2.75,3.03,286247562.0,851103489.0,1898148679.0000002,0.1508035514640526,0.2799999999999998,10.18181818181818,10.181818181818175
2025-10-14,3.21,3.33,3.19,3.33,194058549.0,641502821.0,1898148679.0000002,0.10223569478352754,0.30000000000000027,9.90099009900991,4.620462046204625
2025-10-15,3.3,3.66,3.17,3.3,514025562.0,1774697240.0,1898148679.0000002,0.2708036349770048,-0.03000000000000025,-0.9009009009009028,14.714714714714722
2025-10-16,3.23,3.35,3.1,3.22,329372563.0,1059707422.0,1898148679.0000002,0.17352305783207828,-0.07999999999999963,-2.4242424242424176,7.575757575757576
2025-10-17,3.17,3.32,3.07,3.08,252523011.0,802558957.0,1898148679.0000002,0.13303647590611103,-0.14000000000000012,-4.34782608695653,7.763975155279502
2025-10-20,3.11,3.13,3.03,3.05,177028550.0,542563916.0,1898148679.0000002,0.0932637953804882,-0.03000000000000025,-0.9740259740259827,3.2467532467532494
2025-10-21,3.05,3.2,3.04,3.13,159933508.0,498118058.0,1898148679.0000002,0.08425762943093457,0.08000000000000007,2.622950819672143,5.245901639344267
2025-10-22,3.08,3.1,3.02,3.04,116274932.0,354784029.0,1898148679.0000002,0.061257020214695194,-0.08999999999999986,-2.875399361022357,2.5559105431309925
2025-10-23,3.03,3.06,2.93,2.99,111803020.0,332316697.0,1898148679.0000002,0.05890108674674582,-0.04999999999999982,-1.6447368421052544,4.2763157894736805
2025-10-24,2.99,3.01,2.91,2.92,89950132.0,264292970.0,1898148679.0000002,0.04738834897137159,-0.07000000000000028,-2.341137123745829,3.3444816053511586
2025-10-27,2.93,2.95,2.89,2.93,78270800.0,228409373.0,1898148679.0000002,0.041235336760466694,0.010000000000000231,0.34246575342467,2.054794520547947
2025-10-28,2.93,2.94,2.88,2.9,67975966.0,197289003.0,1898148679.0000002,0.03581171841386614,-0.03000000000000025,-1.0238907849829393,2.047781569965872
2025-10-29,2.9,2.91,2.85,2.91,55287662.0,159233565.0,1898148679.0000002,0.02912715037113275,0.010000000000000231,0.34482758620690834,2.0689655172413812
2025-10-30,2.91,2.93,2.86,2.87,63704297.0,184365843.0,1898148679.0000002,0.03356127878958421,-0.040000000000000036,-1.3745704467354014,2.4054982817869512
2025-10-31,2.86,2.94,2.86,2.9,64600201.0,187714280.0,1898148679.0000002,0.034033267106364534,0.029999999999999805,1.0452961672473782,2.7874564459930338
2025-11-03,2.9,2.94,2.88,2.93,54647130.0,159589950.0,1898148679.0000002,0.028789699460629023,0.03000000000000025,1.0344827586207028,2.0689655172413812
2025-11-04,2.93,2.97,2.91,2.96,68769010.0,202433289.0,1898148679.0000002,0.036229517087265004,0.029999999999999805,1.0238907849829282,2.047781569965872
2025-11-05,2.94,3.02,2.91,3.0,91123664.0,272346482.0,1898148679.0000002,0.048006599803344485,0.040000000000000036,1.3513513513513598,3.7162162162162122
2025-11-06,3.01,3.3,3.0,3.19,371368402.0,1199777736.0,1898148679.0000002,0.19564768877622782,0.18999999999999995,6.333333333333324,9.999999999999993
2025-11-07,3.11,3.29,3.08,3.16,276367411.0,885388310.0,1898148679.0000002,0.14559840019781714,-0.029999999999999805,-0.940438871473348,6.583072100313479
2025-11-10,3.2,3.48,3.17,3.38,303979774.0,1015211202.0,1898148679.0000002,0.1601453971246053,0.21999999999999975,6.962025316455689,9.810126582278482
2025-11-11,3.33,3.39,3.3,3.31,168974793.0,562128109.0,1898148679.0000002,0.08902084165979075,-0.06999999999999984,-2.071005917159763,2.6627218934911334
2025-11-12,3.3,3.44,3.29,3.34,160888980.0,538610113.0,1898148679.0000002,0.08476099990479195,0.029999999999999805,0.9063444108761365,4.531722054380662
2025-11-13,3.34,3.37,3.25,3.34,143337329.0,477572867.0,1898148679.0000002,0.07551427903714807,0.0,0.0,3.5928143712574885
2025-11-14,3.35,3.44,3.31,3.39,166315788.0,562413111.0,1898148679.0000002,0.08762000039302505,0.050000000000000266,1.4970059880239583,3.892215568862272
2025-11-17,3.34,3.35,3.26,3.32,125325835.0,413290718.0,1898148679.0000002,0.06602529948603672,-0.07000000000000028,-2.064896755162249,2.654867256637177
2025-11-18,3.29,3.31,3.16,3.21,115298970.0,369630470.0,1898148679.0000002,0.06074285501214944,-0.10999999999999988,-3.3132530120481896,4.518072289156624
2025-11-19,3.2,3.22,3.1,3.13,65469089.0,205062926.0,1898148679.0000002,0.03449102260761313,-0.08000000000000007,-2.492211838006231,3.738317757009349
2025-11-20,3.09,3.1,2.96,2.98,112347085.0,338015491.0,1898148679.0000002,0.05918771603243836,-0.1499999999999999,-4.792332268370602,4.472843450479237
2025-11-21,2.96,2.98,2.77,2.78,120350430.0,343274537.0,1898148679.0000002,0.06340411124349021,-0.20000000000000018,-6.711409395973156,7.046979865771812
2025-11-24,2.83,2.85,2.78,2.83,70469135.0,198762604.0,1898148679.0000002,0.0371251924465291,0.050000000000000266,1.7985611510791477,2.517985611510802
2025-11-25,2.84,2.9,2.82,2.87,56457499.0,161650653.0,1898148679.0000002,0.029743454569503718,0.040000000000000036,1.4134275618374659,2.826855123674914
2025-11-26,3.15,3.16,3.15,3.16,42329391.0,133714544.0,1898148679.0000002,0.02230035585110243,0.29000000000000004,10.104529616724744,0.34843205574913694
2025-11-27,3.48,3.48,3.21,3.25,436727460.0,1473736193.0,1898148679.0000002,0.23008074384883312,0.08999999999999986,2.848101265822778,8.544303797468354
2025-11-28,3.16,3.58,3.08,3.58,423004119.0,1403317362.0,1898148679.0000002,0.22285088817323354,0.33000000000000007,10.153846153846157,15.384615384615385
2025-12-01,3.64,3.94,3.63,3.94,195597357.0,751200925.0,1898148679.0000002,0.10304638364948648,0.3599999999999999,10.05586592178771,8.659217877094974
2025-12-02,4.03,4.15,3.75,3.85,588104617.0,2300542757.0,1898148679.0000002,0.30983063840385283,-0.08999999999999986,-2.2842639593908642,10.1522842639594
2025-12-03,3.83,3.88,3.62,3.67,360448076.0,1339925449.0,1898148679.0000002,0.1898945430291027,-0.18000000000000016,-4.675324675324677,6.7532467532467475
2025-12-04,3.65,3.68,3.46,3.46,267543790.0,942654602.0,1898148679.0000002,0.1409498597027446,-0.20999999999999996,-5.722070844686645,5.994550408719351
2025-12-05,3.46,3.81,3.44,3.81,309773625.0,1134426600.0,1898148679.0000002,0.16319776655388119,0.3500000000000001,10.115606936416178,10.693641618497113
2025-12-08,3.95,4.13,3.79,3.85,368659611.0,1432260474.0,1898148679.0000002,0.19422061879484623,0.040000000000000036,1.049868766404205,8.923884514435692
2025-12-09,3.85,3.88,3.72,3.74,189671691.0,714893536.0,1898148679.0000002,0.09992457023963189,-0.10999999999999988,-2.857142857142858,4.155844155844148
2025-12-10,3.85,4.01,3.77,3.78,308631899.0,1191267661.0,1898148679.0000002,0.1625962720489294,0.03999999999999959,1.0695187165775222,6.417112299465234
2025-12-11,3.78,3.82,3.58,3.58,199242882.0,728718438.0,1898148679.0000002,0.104966952380657,-0.19999999999999973,-5.29100529100528,6.3492063492063435
2025-12-12,3.65,3.94,3.65,3.94,154457516.0,599823348.0,1898148679.0000002,0.08137271737921642,0.3599999999999999,10.05586592178771,8.100558659217878
2025-12-15,3.88,3.96,3.72,3.86,274930294.0,1055126323.0,1898148679.0000002,0.14484128511199726,-0.08000000000000007,-2.0304568527918843,6.091370558375629
2025-12-16,3.95,3.98,3.68,3.72,196601781.0,743740346.0,1898148679.0000002,0.10357554346247287,-0.13999999999999968,-3.626943005181338,7.772020725388597
2025-12-17,3.75,3.77,3.56,3.65,143795500.0,523409874.0,1898148679.0000002,0.07575565686232526,-0.07000000000000028,-1.8817204301075363,5.645161290322579
2025-12-18,3.62,3.78,3.61,3.62,147714773.0,543171002.0,1898148679.0000002,0.07782044401169903,-0.029999999999999805,-0.8219178082191747,4.657534246575341
2025-12-19,3.56,3.65,3.48,3.62,166276349.0,592123298.0,1898148679.0000002,0.0875992227793237,0.0,0.0,4.69613259668508
2025-12-22,3.6,3.72,3.52,3.65,137390015.0,500351898.0,1898148679.0000002,0.07238106083048301,0.029999999999999805,0.8287292817679592,5.524861878453043
2025-12-23,3.62,3.67,3.46,3.49,139221682.0,492515793.0,1898148679.0000002,0.07334603634597582,-0.1599999999999997,-4.383561643835609,5.753424657534246
2025-12-24,3.53,3.67,3.53,3.57,141562466.0,507230207.0,1898148679.0000002,0.07457922952304201,0.07999999999999963,2.2922636103151817,4.011461318051579
2025-12-25,3.54,3.57,3.39,3.46,138504344.0,479099355.0,1898148679.0000002,0.07296812179800799,-0.10999999999999988,-3.081232492997199,5.042016806722682
2025-12-26,3.48,3.55,3.45,3.48,99740715.0,347959441.0,1898148679.0000002,0.05254631320690132,0.020000000000000018,0.5780346820809301,2.890173410404614
2025-12-29,3.49,3.69,3.49,3.55,162000959.0,579593899.0,1898148679.0000002,0.08534682282388269,0.06999999999999984,2.011494252873569,5.747126436781602
2025-12-30,3.47,3.48,3.33,3.39,127583828.0,432966199.0,1898148679.0000002,0.0672148759533499,-0.1599999999999997,-4.507042253521121,4.225352112676054
2025-12-31,3.38,3.38,3.31,3.34,76969836.0,256963574.0,1898148679.0000002,0.04054995103995222,-0.050000000000000266,-1.4749262536873253,2.064896755162237
2026-01-05,3.37,3.45,3.36,3.41,83423021.0,283952019.0,1898148679.0000002,0.043949676820864036,0.07000000000000028,2.095808383233533,2.694610778443123
2026-01-06,3.39,3.51,3.39,3.49,93639931.0,324964762.0,1898148679.0000002,0.049332242535043265,0.08000000000000007,2.346041055718473,3.5190615835777024
2026-01-07,3.46,3.49,3.43,3.44,61407496.0,212015305.0,1898148679.0000002,0.032351257137745,-0.050000000000000266,-1.4326647564469996,1.7191977077363911
2026-01-08,3.45,3.57,3.41,3.53,90414732.0,318230914.0,1898148679.0000002,0.047633113780967413,0.08999999999999986,2.6162790697674465,4.651162790697666
2026-01-09,3.54,3.57,3.5,3.55,85351640.0,302136417.0,1898148679.0000002,0.04496572947329169,0.020000000000000018,0.56657223796035,1.9830028328611853
2026-01-12,3.56,3.91,3.56,3.91,233405455.0,885872790.0,1898148679.0000002,0.12296479068381765,0.3600000000000003,10.140845070422543,9.859154929577468
2026-01-13,4.01,4.01,3.83,3.85,185381098.0,720554470.0,1898148679.0000002,0.097664160901065,-0.06000000000000005,-1.534526854219953,4.603580562659839
2026-01-14,3.86,4.05,3.8,3.86,177608199.0,697171974.0,1898148679.0000002,0.0935691713536208,0.009999999999999787,0.2597402597402487,6.493506493506493
2026-01-15,3.87,4.25,3.81,4.07,344050501.0,1391648089.0,1898148679.0000002,0.1812558230060544,0.2100000000000004,5.44041450777204,11.398963730569948
2026-01-16,3.97,4.18,3.89,3.93,233712038.0,939536705.0,1898148679.0000002,0.12312630753620749,-0.14000000000000012,-3.439803439803446,7.125307125307115
2026-01-19,3.88,4.17,3.87,4.04,226207139.0,920909166.0,1898148679.0000002,0.1191725081931793,0.10999999999999988,2.7989821882951516,7.633587786259537
2026-01-20,4.07,4.29,3.98,4.11,216911631.0,892062144.0,1898148679.0000002,0.11427536388470651,0.07000000000000028,1.7326732673267342,7.673267326732675
2026-01-21,4.16,4.52,4.05,4.52,320837808.0,1390756886.0,1898148679.0000002,0.16902670035785958,0.40999999999999925,9.975669099756669,11.435523114355224
2026-01-22,4.7,4.97,4.62,4.97,590993226.0,2895019574.0,1898148679.0000002,0.31135244174410637,0.4500000000000002,9.95575221238938,7.743362831858399
2026-01-23,5.06,5.28,4.77,4.94,544268733.0,2734185630.0,1898148679.0000002,0.28673661816983514,-0.02999999999999936,-0.6036217303822755,10.26156941649901
2026-01-26,5.19,5.43,5.04,5.18,521041014.0,2740497181.0,1898148679.0000002,0.2744995793872688,0.23999999999999932,4.85829959514168,7.894736842105256
2026-01-27,4.93,5.22,4.79,5.12,412316520.0,2077579554.0,1898148679.0000002,0.21722034978694096,-0.05999999999999961,-1.158301158301156,8.301158301158296
2026-01-28,5.1,5.12,4.78,4.97,294750749.0,1457336670.0,1898148679.0000002,0.15528327799658098,-0.15000000000000036,-2.929687500000011,6.640624999999997
2026-01-29,5.0,5.25,4.83,4.89,305821814.0,1538355615.0,1898148679.0000002,0.16111583743856978,-0.08000000000000007,-1.6096579476861161,8.45070422535211
2026-01-30,4.78,4.79,4.4,4.4,255560901.0,1149114854.0,1898148679.0000002,0.13463692482436987,-0.4899999999999993,-10.020449897750494,7.97546012269938
2026-02-02,3.97,4.3,3.97,4.15,265445332.0,1114497066.0,1898148679.0000002,0.139844330919243,-0.25,-5.681818181818176,7.499999999999991
2026-02-03,4.23,4.37,4.17,4.32,144619290.0,614362964.0,1898148679.0000002,0.07618965342387701,0.16999999999999993,4.096385542168668,4.819277108433739
2026-02-04,4.3,4.45,4.25,4.34,88216228.0,380504589.0,1898148679.0000002,0.04647487785123074,0.019999999999999574,0.4629629629629539,4.629629629629633
2026-02-05,4.27,4.3,4.13,4.16,96733935.0,405446207.0,1898148679.0000002,0.0509622539425954,-0.17999999999999972,-4.147465437788012,3.917050691244238
2026-02-06,4.1,4.28,4.06,4.22,89753146.0,374805717.0,1898148679.0000002,0.04728457101015109,0.05999999999999961,1.4423076923076872,5.288461538461553
2026-02-09,4.28,4.39,4.28,4.3,91773700.0,396109130.0,1898148679.0000002,0.04834905769781377,0.08000000000000007,1.8957345971563955,2.606635071090034
2026-02-10,4.29,4.29,4.07,4.09,108693845.0,448472244.0,1898148679.0000002,0.05726308281459968,-0.20999999999999996,-4.88372093023256,5.116279069767436
2026-02-11,4.07,4.18,4.07,4.08,71848486.0,295743832.0,1898148679.0000002,0.03785187472134789,-0.009999999999999787,-0.24449877750610804,2.689486552567223
2026-02-12,4.11,4.14,4.01,4.03,73370379.0,297575593.0,1898148679.0000002,0.03865365227272589,-0.04999999999999982,-1.225490196078427,3.1862745098039187
2026-02-13,4.03,4.05,3.92,3.93,97328778.0,386811004.0,1898148679.0000002,0.05127563455739179,-0.10000000000000009,-2.481389578163773,3.2258064516129004
2026-02-24,4.02,4.1,4.02,4.04,87810276.0,356502023.0,1898148679.0000002,0.0462610105159207,0.10999999999999988,2.7989821882951516,2.035623409669213
2026-02-25,4.06,4.23,4.04,4.14,139977083.0,581581467.0,1898148679.0000002,0.07374400359077456,0.09999999999999964,2.4752475247524774,4.7029702970297125
2026-02-26,4.13,4.14,4.02,4.03,99260100.0,403559057.0,1898148679.0000002,0.052293111228933396,-0.10999999999999943,-2.657004830917864,2.898550724637684
2026-02-27,4.03,4.22,4.01,4.2,167073040.0,694777283.0,1898148679.0000002,0.08801894279852668,0.16999999999999993,4.218362282878418,5.210918114143919
2026-03-02,4.1,4.17,4.0,4.05,155500382.0,632238391.0,1898148679.0000002,0.08192212955727057,-0.15000000000000036,-3.571428571428581,4.047619047619046
2026-03-03,4.05,4.08,3.68,3.7,189261547.0,725761075.0,1898148679.0000002,0.0997084944366468,-0.34999999999999964,-8.64197530864197,9.87654320987654
2026-03-04,3.65,3.82,3.62,3.76,108107292.0,406917900.0,1898148679.0000002,0.056954069613215995,0.05999999999999961,1.621621621621605,5.405405405405398
2026-03-05,3.81,3.9,3.79,3.86,109012781.0,419025435.0,1898148679.0000002,0.057431107587120674,0.10000000000000009,2.659574468085113,2.925531914893614
2026-03-06,3.83,3.9,3.78,3.87,71280500.0,275078832.0,1898148679.0000002,0.037552643156252986,0.010000000000000231,0.2590673575129543,3.108808290155443
2026-03-09,3.8,3.88,3.76,3.86,70091451.0,267936235.0,1898148679.0000002,0.036926217516810224,-0.010000000000000231,-0.25839793281654533,3.1007751937984525
2026-03-10,3.87,3.91,3.81,3.84,73680503.0,284116665.0,1898148679.0000002,0.03881703462703302,-0.020000000000000018,-0.5181347150259086,2.5906735751295358
2026-03-11,3.84,4.08,3.79,3.94,171665269.0,672582724.0,1898148679.0000002,0.09043826276582204,0.10000000000000009,2.604166666666674,7.552083333333334
2026-03-12,3.95,4.33,3.91,4.33,200971295.0,846547975.0,1898148679.0000002,0.10587753068209467,0.3900000000000001,9.898477157360407,10.659898477157359
2026-03-13,4.33,4.42,4.12,4.16,387772565.0,1640207069.0,1898148679.0000002,0.204289879549525,-0.16999999999999993,-3.9260969976905313,6.928406466512698
2026-03-16,4.13,4.16,3.88,4.0,208899943.0,832737906.0,1898148679.0000002,0.11005457333829853,-0.16000000000000014,-3.8461538461538547,6.730769230769236
2026-03-17,3.99,4.13,3.88,3.9,177767922.0,713258674.0,1898148679.0000002,0.09365331808130715,-0.10000000000000009,-2.500000000000002,6.25
2026-03-18,3.93,4.15,3.93,3.98,179652499.0,721560201.0,1898148679.0000002,0.0946461681255897,0.08000000000000007,2.051282051282044,5.641025641025646
2026-03-19,3.9,3.93,3.76,3.79,147741979.0,567765545.0,1898148679.0000002,0.07783477692476375,-0.18999999999999995,-4.773869346733672,4.271356783919607
2026-03-20,3.75,3.94,3.62,3.65,141126319.0,527195830.0,1898148679.0000002,0.07434945458242471,-0.14000000000000012,-3.693931398416894,8.443271767810021
2026-03-23,3.5,3.6,3.34,3.44,127783705.0,446544506.0,1898148679.0000002,0.06732017697755908,-0.20999999999999996,-5.753424657534245,7.123287671232884
2026-03-24,3.54,3.78,3.47,3.78,199672399.0,728912139.0,1898148679.0000002,0.10519323444420234,0.33999999999999986,9.883720930232553,9.011627906976733
2026-03-25,3.79,3.95,3.73,3.91,200030424.0,772581184.0,1898148679.0000002,0.10538185244023236,0.13000000000000034,3.4391534391534417,5.820105820105825
2026-03-26,3.89,3.95,3.85,3.88,158661700.0,618579790.0,1898148679.0000002,0.08358760394027068,-0.03000000000000025,-0.7672634271099765,2.55754475703325
2026-03-27,3.88,4.26,3.82,4.06,278894803.0,1129732273.0,1898148679.0000002,0.14692990390348656,0.17999999999999972,4.639175257731942,11.340206185567009
2026-03-30,3.92,4.0,3.72,3.85,206308401.0,787181604.0,1898148679.0000002,0.10868927354451983,-0.20999999999999952,-5.172413793103436,6.896551724137927
2026-03-31,3.82,3.89,3.72,3.72,114862403.0,435411032.0,1898148679.0000002,0.06051285880330135,-0.1299999999999999,-3.3766233766233777,4.415584415584414
2026-04-01,3.83,3.84,3.67,3.69,84571626.0,314745273.0,1898148679.0000002,0.044554795383338876,-0.03000000000000025,-0.8064516129032362,4.569892473118277
2026-04-02,3.69,3.72,3.55,3.57,86481347.0,312110035.0,1898148679.0000002,0.04556089201903872,-0.1200000000000001,-3.25203252032521,4.607046070460715
2026-04-03,3.58,3.6,3.44,3.46,63587086.0,221416878.0,1898148679.0000002,0.033499528621487924,-0.10999999999999988,-3.081232492997199,4.481792717086839
2026-04-07,3.46,3.55,3.44,3.5,62004600.0,217209326.0,1898148679.0000002,0.032665828913183884,0.040000000000000036,1.1560693641618602,3.1791907514450832
2026-04-08,3.55,3.62,3.55,3.61,73711219.0,264457440.0,1898148679.0000002,0.038833216710312285,0.10999999999999988,3.142857142857136,2.000000000000008
2026-04-09,3.58,3.59,3.51,3.53,52547180.0,186081856.0,1898148679.0000002,0.027683384648078978,-0.08000000000000007,-2.216066481994461,2.2160664819944618
2026-04-10,3.56,3.58,3.5,3.51,49605111.0,175539971.0,1898148679.0000002,0.026133417023019193,-0.020000000000000018,-0.5665722379603388,2.266288951841362
2026-04-13,3.5,3.54,3.46,3.53,45150961.0,158359739.0,1898148679.0000002,0.023786841093916225,0.020000000000000018,0.5698005698005604,2.2792022792022815
2026-04-14,3.55,3.58,3.47,3.54,56503818.0,198187862.0,1898148679.0000002,0.029767856767557246,0.010000000000000231,0.2832861189801861,3.1161473087818665
2026-04-15,3.55,3.57,3.45,3.47,52615507.0,183519215.0,1898148679.0000002,0.02771938130142649,-0.06999999999999984,-1.9774011299435013,3.3898305084745664
2026-04-16,3.45,3.48,3.41,3.46,56785256.0,195362499.0,1898148679.0000002,0.029916126501700658,-0.010000000000000231,-0.2881844380403509,2.0172910662824157
2026-04-17,3.44,3.44,3.3,3.4,99512678.0,334985791.0,1898148679.0000002,0.05242617667464604,-0.06000000000000005,-1.7341040462427793,4.046242774566478
2026-04-20,3.41,3.48,3.38,3.46,72227928.0,248718460.0,1898148679.0000002,0.0380517758166614,0.06000000000000005,1.764705882352935,2.941176470588238
2026-04-21,3.47,3.5,3.38,3.48,72671950.0,250193074.0,1898148679.0000002,0.03828569953660621,0.020000000000000018,0.5780346820809301,3.4682080924855523
2026-04-22,3.46,3.48,3.42,3.46,45815666.0,158343143.0,1898148679.0000002,0.024137027044760805,-0.020000000000000018,-0.5747126436781658,1.7241379310344844
2026-04-23,3.45,3.61,3.38,3.57,130757918.0,457142213.0,1898148679.0000002,0.06888707899788285,0.10999999999999988,3.1791907514450823,6.6473988439306355
2026-04-24,3.54,3.54,3.39,3.4,86709453.0,297465462.0,1898148679.0000002,0.04568106490250334,-0.16999999999999993,-4.761904761904756,4.201680672268905
2026-04-27,3.34,3.4,3.34,3.37,42918215.0,144375452.0,1898148679.0000002,0.022610565481419802,-0.029999999999999805,-0.8823529411764675,1.764705882352943
2026-04-28,3.35,3.38,3.3,3.31,50183741.0,166839246.0,1898148679.0000002,0.02643825615727755,-0.06000000000000005,-1.7804154302670683,2.373887240356085
2026-04-29,3.3,3.4,3.27,3.37,59150009.0,199028865.0,1898148679.0000002,0.031161947245967023,0.06000000000000005,1.812688821752273,3.927492447129906
2026-04-30,3.39,3.43,3.37,3.41,48746007.0,165901778.0,1898148679.0000002,0.025680816017890025,0.040000000000000036,1.1869436201780381,1.7804154302670638
2026-05-06,3.43,3.52,3.42,3.51,67855856.0,236347706.0,1898148679.0000002,0.0357484409681482,0.09999999999999964,2.9325513196480912,2.9325513196480966
2026-05-07,3.55,3.62,3.51,3.6,93831756.0,334429469.0,1898148679.0000002,0.049433301531170516,0.0900000000000003,2.564102564102577,3.133903133903143
2026-05-08,3.59,3.64,3.54,3.6,76733814.0,275107932.0,1898148679.0000002,0.04042560777716612,0.0,0.0,2.77777777777778
2026-05-11,3.62,3.64,3.57,3.59,65849961.0,237262271.0,1898148679.0000002,0.034691677068569605,-0.010000000000000231,-0.2777777777777879,1.9444444444444524
2026-05-12,3.61,3.72,3.53,3.62,112084281.0,407212123.0,1898148679.0000002,0.05904926323213482,0.03000000000000025,0.8356545961002881,5.292479108635108
2026-05-13,3.63,3.73,3.62,3.69,122616520.0,452197198.0,1898148679.0000002,0.06459795344619576,0.06999999999999984,1.9337016574585641,3.0386740331491677
2026-05-14,3.71,3.82,3.56,3.56,135231736.0,497635003.0,1898148679.0000002,0.07124401660213678,-0.1299999999999999,-3.5230352303523005,7.046070460704601
2026-05-15,3.51,3.55,3.45,3.49,84573927.0,295633372.0,1898148679.0000002,0.0445560076171462,-0.06999999999999984,-1.96629213483146,2.808988764044934
2026-05-18,3.45,3.52,3.44,3.49,51886280.0,180039884.0,1898148679.0000002,0.027335203282039634,0.0,0.0,2.2922636103151883
2026-05-19,3.48,3.6,3.41,3.58,72711363.0,257533269.0,1898148679.0000002,0.03830646345275042,0.08999999999999986,2.5787965616045794,5.444126074498565
2026-05-20,3.55,3.56,3.34,3.37,95400088.0,324356267.0,1898148679.0000002,0.05025954450009655,-0.20999999999999996,-5.865921787709494,6.14525139664805
2026-05-21,3.34,3.41,3.28,3.29,58486436.0,195649063.0,1898148679.0000002,0.030812357665687365,-0.08000000000000007,-2.3738872403560873,3.8575667655786448
2026-05-22,3.29,3.31,3.2,3.28,53719886.0,174533317.0,1898148679.0000002,0.028301200319197965,-0.010000000000000231,-0.3039513677811634,3.3434650455927013
2026-05-25,3.28,3.35,3.26,3.33,40577536.0,134875007.0,1898148679.0000002,0.021377427621411312,0.050000000000000266,1.5243902439024515,2.7439024390244
2026-05-26,3.3,3.32,3.22,3.28,43432492.0,141838506.0,1898148679.0000002,0.022881501581257322,-0.050000000000000266,-1.501501501501512,3.003003003002992
2026-05-27,3.28,3.45,3.25,3.36,86507547.0,290278800.0,1898148679.0000002,0.04557469494200775,0.08000000000000007,2.4390243902439046,6.097560975609762
2026-05-28,3.32,3.4,3.26,3.35,72909822.0,243722920.0,1898148679.0000002,0.03841101743326609,-0.009999999999999787,-0.29761904761904656,4.1666666666666705
2026-05-29,3.3,3.65,3.3,3.5,171515149.0,601367367.0,1898148679.0000002,0.09035917517818423,0.1499999999999999,4.477611940298498,10.447761194029853
2026-06-01,3.51,3.57,3.32,3.48,117619900.0,407990131.0,1898148679.0000002,0.06196558852384818,-0.020000000000000018,-0.5714285714285672,7.142857142857142
2026-06-02,3.45,3.45,3.31,3.41,82407016.0,279199811.0,1898148679.0000002,0.04341441579982786,-0.06999999999999984,-2.011494252873558,4.02298850574713
2026-06-03,3.39,3.49,3.33,3.44,98713188.0,337522946.0,1898148679.0000002,0.0520049820607335,0.029999999999999805,0.8797653958944274,4.692082111436954
2026-06-04,3.42,3.78,3.4,3.78,313074884.0,1167203159.0,1898148679.0000002,0.1649369659308969,0.33999999999999986,9.883720930232553,11.046511627906973
2026-06-05,3.71,3.76,3.53,3.54,278662964.0,1005865611.0,1898148679.0000002,0.14680776436691342,-0.23999999999999977,-6.349206349206349,6.084656084656085
2026-06-08,3.47,3.62,3.28,3.3,196930914.0,677017639.0,1898148679.0000002,0.10374894031154025,-0.2400000000000002,-6.779661016949157,9.604519774011308
2026-06-09,3.31,3.34,3.12,3.23,123704825.0,396611688.0,1898148679.0000002,0.065171304212677,-0.06999999999999984,-2.1212121212121127,6.66666666666666
2026-06-10,3.19,3.19,2.99,3.02,116631020.0,357063487.0,1898148679.0000002,0.06144461774271792,-0.20999999999999996,-6.501547987616096,6.191950464396276
2026-06-11,3.0,3.05,2.96,3.02,52853613.0,159370953.0,1898148679.0000002,0.027844822476100668,0.0,0.0,2.980132450331121
2026-06-12,3.04,3.07,2.97,3.03,57101614.0,172685056.0,1898148679.0000002,0.030082793108747827,0.009999999999999787,0.3311258278145601,3.311258278145684
2026-06-15,3.04,3.07,3.01,3.03,53863735.0,163508190.0,1898148679.0000002,0.02837698416141826,0.0,0.0,1.980198019801982
2026-06-16,3.03,3.08,2.97,3.08,62644576.0,190344256.0,1898148679.0000002,0.03300298690669636,0.050000000000000266,1.650165016501659,3.6303630363036263
2026-06-17,3.05,3.07,2.99,3.01,52855221.0,159200084.0,1898148679.0000002,0.027845669617327165,-0.07000000000000028,-2.272727272727282,2.597402597402585
2026-06-18,3.0,3.0,2.88,2.89,65037526.0,190106582.0,1898148679.0000002,0.0342636626516863,-0.11999999999999966,-3.9867109634551423,3.9867109634551534
