date,open,high,low,close,volume,amount,outstanding_share,turnover,change,pct_chg,amplitude
2023-03-06,13.84,14.02,13.73,13.95,1791176.0,28232396.0,196052779.99999997,0.009136192815016448,,,
2023-03-07,13.89,14.03,13.71,13.73,1461962.0,23005940.0,196052779.99999997,0.007456981737264834,-0.21999999999999886,-1.577060931899632,2.293906810035832
2023-03-08,13.65,13.74,13.53,13.63,1198602.0,18510410.0,196052779.99999997,0.006113670002537073,-0.09999999999999964,-0.728332119446462,1.529497450837588
2023-03-09,13.6,13.76,13.48,13.54,904300.0,13926356.0,196052779.99999997,0.004612533420847183,-0.09000000000000163,-0.6603081438004477,2.054292002934698
2023-03-10,13.5,13.63,13.22,13.28,1549100.0,23489942.0,196052779.99999997,0.007901443682665455,-0.2599999999999998,-1.9202363367799125,3.028064992614477
2023-03-13,13.37,13.45,13.18,13.34,1219500.0,18387536.0,196052779.99999997,0.006220263747343956,0.0600000000000005,0.45180722891566827,2.033132530120479
2023-03-14,13.34,13.34,12.93,13.09,1344900.0,19972520.0,196052779.99999997,0.006859887424192608,-0.25,-1.874062968515744,3.0734632683658183
2023-03-15,13.15,13.37,13.11,13.22,1278400.0,19185803.0,196052779.99999997,0.006520693050106202,0.13000000000000078,0.9931245225363039,1.9862490450725727
2023-03-16,13.14,13.24,12.96,13.03,1083400.0,16098074.0,196052779.99999997,0.005526062930604709,-0.19000000000000128,-1.4372163388804982,2.118003025718603
2023-03-17,13.04,13.24,13.04,13.04,858903.0,12798031.0,196052779.99999997,0.004380978428359956,0.009999999999999787,0.07674597083653367,1.53491941673063
2023-03-20,13.16,14.05,13.14,13.89,3615700.0,56142361.0,196052779.99999997,0.01844248268246949,0.8500000000000014,6.518404907975461,6.978527607361965
2023-03-21,13.93,13.96,13.6,13.81,2521500.0,39268874.0,196052779.99999997,0.012861332545246237,-0.08000000000000007,-0.5759539236861011,2.5917926565874816
2023-03-22,13.9,14.16,13.78,13.93,2135900.0,33888956.0,196052779.99999997,0.010894515242273027,0.11999999999999922,0.8689355539464039,2.751629254163655
2023-03-23,13.86,13.97,13.72,13.8,1505102.0,23582900.0,196052779.99999997,0.007677024523702241,-0.129999999999999,-0.9332376166546918,1.7946877243359656
2023-03-24,13.91,14.05,13.78,13.89,1807908.0,28474068.0,196052779.99999997,0.009221537179936954,0.08999999999999986,0.6521739130434856,1.9565217391304444
2023-03-27,13.89,13.98,13.54,13.77,2138600.0,33194434.0,196052779.99999997,0.010908287043927663,-0.120000000000001,-0.8639308855291628,3.167746580273587
2023-03-28,13.72,13.82,13.62,13.71,1109000.0,17246197.0,196052779.99999997,0.005656640012959777,-0.05999999999999872,-0.43572984749454813,1.4524328249818523
2023-03-29,13.72,13.72,13.45,13.51,1551100.0,23823621.0,196052779.99999997,0.007911645017224444,-0.20000000000000107,-1.4587892049598872,1.9693654266958522
2023-03-30,13.54,13.67,13.41,13.6,1257500.0,19341273.0,196052779.99999997,0.00641408910396476,0.08999999999999986,0.6661732050333047,1.9245003700962235
2023-03-31,13.6,13.78,13.44,13.52,1697800.0,26175539.0,196052779.99999997,0.008659912907126338,-0.08000000000000007,-0.588235294117645,2.499999999999999
2023-04-03,13.6,13.63,13.22,13.28,1817300.0,27494561.0,196052779.99999997,0.00926944264702597,-0.2400000000000002,-1.7751479289940808,3.0325443786982262
2023-04-04,13.29,13.37,13.0,13.09,1743008.0,25893062.0,196052779.99999997,0.00889050387349774,-0.1899999999999995,-1.4307228915662606,2.7861445783132472
2023-04-06,13.0,13.11,12.78,12.86,1402300.0,20454122.0,196052779.99999997,0.007152665726035613,-0.23000000000000043,-1.7570664629488197,2.521008403361345
2023-04-07,12.96,12.96,12.76,12.79,1110300.0,16122312.0,196052779.99999997,0.00566327088042312,-0.07000000000000028,-0.5443234836702948,1.5552099533437098
2023-04-10,12.78,12.81,12.58,12.67,1851689.0,26640171.0,196052779.99999997,0.00944484949410052,-0.11999999999999922,-0.9382329945269663,1.798279906176704
2023-04-11,12.67,12.78,12.54,12.66,1162200.0,16629733.0,196052779.99999997,0.005927995512228902,-0.009999999999999787,-0.07892659826361781,1.8942383583267577
2023-04-12,12.66,12.92,12.63,12.8,1184700.0,17205493.0,196052779.99999997,0.006042760526017535,0.14000000000000057,1.1058451816745807,2.2906793048973078
2023-04-13,12.77,12.96,12.69,12.86,1381789.0,20136202.0,196052779.99999997,0.007048045939465894,0.05999999999999872,0.46874999999999556,2.1093750000000107
2023-04-14,12.86,12.94,12.72,12.75,911400.0,13230895.0,196052779.99999997,0.004648748158531596,-0.10999999999999943,-0.8553654743390315,1.7107309486780626
2023-04-17,12.78,13.01,12.66,12.94,1206400.0,17624939.0,196052779.99999997,0.006153445005982573,0.1899999999999995,1.4901960784313717,2.7450980392156836
2023-04-18,12.94,12.96,12.78,12.92,1119597.0,16322654.0,196052779.99999997,0.005710691784120583,-0.019999999999999574,-0.1545595054095794,1.3910355486862558
2023-04-19,12.92,12.92,12.64,12.84,1244300.0,18000878.0,196052779.99999997,0.006346760295875428,-0.08000000000000007,-0.6191950464396245,2.167182662538695
2023-04-20,12.73,12.88,12.7,12.85,844300.0,12252056.0,196052779.99999997,0.004306493384077493,0.009999999999999787,0.07788161993769194,1.4018691588785164
2023-04-21,12.86,12.87,12.69,12.71,1065200.0,15415600.0,196052779.99999997,0.005433230786117902,-0.1399999999999988,-1.0894941634241206,1.4007782101167292
2023-04-24,12.72,12.78,12.33,12.55,1364100.0,19329785.0,196052779.99999997,0.0069578202359589095,-0.16000000000000014,-1.2588512981903999,3.5405192761604978
2023-04-25,12.66,12.76,12.46,12.62,1349282.0,19230966.0,196052779.99999997,0.006882238548211355,0.06999999999999851,0.5577689243027706,2.3904382470119434
2023-04-26,12.5,13.05,12.46,12.94,1533100.0,22357012.0,196052779.99999997,0.007819833006193537,0.3200000000000003,2.535657686212356,4.67511885895404
2023-04-27,12.93,13.28,12.9,13.23,1750600.0,26083597.0,196052779.99999997,0.008929228139483665,0.2900000000000009,2.2411128284389514,2.9366306027820634
2023-04-28,13.25,13.25,12.52,12.7,4741056.0,68560597.0,196052779.99999997,0.024182549209452682,-0.5300000000000011,-4.006046863189727,5.517762660619806
2023-05-04,12.78,13.15,12.73,12.89,3979800.0,58255799.0,196052779.99999997,0.02029963563893356,0.19000000000000128,1.4960629921259905,3.3070866141732282
2023-05-05,12.97,13.0,12.58,12.74,2083200.0,30118748.0,196052779.99999997,0.010625710076643648,-0.15000000000000036,-1.1636927851047307,3.25833979829325
2023-05-08,12.79,13.08,12.78,12.92,2145800.0,31457589.0,196052779.99999997,0.010945011848340026,0.17999999999999972,1.4128728414442682,2.354788069073789
2023-05-09,12.93,13.04,12.59,12.61,2156300.0,31065182.0,196052779.99999997,0.010998568854774722,-0.3100000000000005,-2.399380804953566,3.4829721362229047
2023-05-10,12.69,12.92,12.57,12.84,1853600.0,26787916.0,196052779.99999997,0.009454596869271633,0.23000000000000043,1.8239492466296525,2.7755749405233914
2023-05-11,12.86,12.89,12.72,12.86,1480286.0,21544830.0,196052779.99999997,0.007550446364494297,0.019999999999999574,0.15576323987538387,1.3239875389408093
2023-05-12,12.85,12.88,12.76,12.77,944200.0,13698973.0,196052779.99999997,0.004816050045299027,-0.08999999999999986,-0.6998444790046632,0.9331259720062286
2023-05-15,12.77,13.08,12.66,13.05,1844900.0,26949571.0,196052779.99999997,0.009410221063940028,0.28000000000000114,2.192638997650742,3.2889584964761154
2023-05-16,13.1,13.15,12.97,13.05,1359200.0,20111653.0,196052779.99999997,0.006932826966289385,0.0,0.0,1.3793103448275839
2023-05-17,13.1,13.22,12.93,13.22,1457800.0,21647971.0,196052779.99999997,0.007435752760047576,0.16999999999999993,1.3026819923371624,2.2222222222222294
2023-05-18,13.25,13.31,13.15,13.22,1278300.0,19194863.0,196052779.99999997,0.006520182983378252,0.0,0.0,1.2102874432677773
2023-05-19,13.27,13.3,13.1,13.27,1193800.0,17891242.0,196052779.99999997,0.006089176598260939,0.049999999999998934,0.3782148260211615,1.5128593040847282
2023-05-22,13.32,13.37,13.2,13.36,1934900.0,29136258.0,196052779.99999997,0.009869281119094563,0.08999999999999986,0.6782215523737811,1.2810851544837976
2023-05-23,13.42,13.45,13.23,13.23,1010700.0,15295043.0,196052779.99999997,0.005155244419385433,-0.129999999999999,-0.9730538922155585,1.6467065868263389
2023-05-24,13.22,13.27,13.1,13.16,989789.0,14818705.0,196052779.99999997,0.0050485843659039175,-0.07000000000000028,-0.5291005291005346,1.2849584278155701
2023-05-25,13.16,13.3,13.02,13.3,1382000.0,20618460.0,196052779.99999997,0.007049122180261868,0.14000000000000057,1.0638297872340496,2.127659574468094
2023-05-26,13.3,13.52,13.1,13.49,1702200.0,25765172.0,196052779.99999997,0.008682355843156115,0.1899999999999995,1.4285714285714235,3.157894736842105
2023-05-29,13.5,13.5,13.25,13.3,1271400.0,19235356.0,196052779.99999997,0.006484988379149738,-0.1899999999999995,-1.4084507042253502,1.8532246108228319
2023-05-30,13.27,13.53,13.23,13.52,1751413.0,26726924.0,196052779.99999997,0.008933374981981894,0.21999999999999886,1.6541353383458635,2.255639097744353
2023-05-31,13.56,13.56,13.32,13.33,1429900.0,21698434.0,196052779.99999997,0.00729344414294967,-0.1899999999999995,-1.4053254437869755,1.7751479289940846
2023-06-01,13.38,13.58,13.28,13.4,1582200.0,24150023.0,196052779.99999997,0.008070275769616733,0.07000000000000028,0.5251312828207011,2.2505626406601706
2023-06-02,13.49,13.49,13.33,13.38,1136100.0,17245340.0,196052779.99999997,0.0057948680962340866,-0.019999999999999574,-0.14925373134327957,1.1940298507462697
2023-06-05,13.45,13.62,13.33,13.59,2225200.0,34093051.0,196052779.99999997,0.011350004830331915,0.20999999999999908,1.5695067264573925,2.1674140508221162
2023-06-06,13.56,13.63,13.3,13.3,1660400.0,25328404.0,196052779.99999997,0.00846914795087323,-0.28999999999999915,-2.1339220014716664,2.428256070640177
2023-06-07,13.32,13.37,13.13,13.19,1318700.0,19118800.0,196052779.99999997,0.006726249941469844,-0.11000000000000121,-0.8270676691729428,1.804511278195477
2023-06-08,13.2,13.3,13.12,13.13,935200.0,13534399.0,196052779.99999997,0.004770144039783574,-0.05999999999999872,-0.4548900682335044,1.3646702047005421
2023-06-09,13.27,13.36,13.15,13.21,1187500.0,17248524.0,196052779.99999997,0.006057042394400121,0.08000000000000007,0.6092916984006047,1.5993907083015921
2023-06-12,13.27,13.93,13.22,13.86,3348914.0,50101817.0,196052779.99999997,0.017081696061642178,0.6499999999999986,4.92051476154427,5.374716124148366
2023-06-13,13.89,14.58,13.85,14.19,3769900.0,58776408.0,196052779.99999997,0.019229005576967592,0.33000000000000007,2.3809523809523725,5.26695526695527
2023-06-14,14.28,14.37,13.97,14.16,2768202.0,42946479.0,196052779.99999997,0.014119677364432173,-0.02999999999999936,-0.21141649048624922,2.8188865398167624
2023-06-15,14.15,14.27,14.03,14.13,1908100.0,29598704.0,196052779.99999997,0.009732583236004101,-0.02999999999999936,-0.21186440677966045,1.6949152542372896
2023-06-16,14.15,14.23,13.99,14.03,1927680.0,29788632.0,196052779.99999997,0.009832454301336611,-0.10000000000000142,-0.7077140835102691,1.6985138004246298
2023-06-19,14.01,14.2,13.94,13.98,1555214.0,23970498.0,196052779.99999997,0.007932629162412287,-0.049999999999998934,-0.3563791874554467,1.8531717747683523
2023-06-20,13.98,14.05,13.9,13.97,1473600.0,22600360.0,196052779.99999997,0.007516343303063594,-0.009999999999999787,-0.07153075822603494,1.0729613733905603
2023-06-21,14.02,14.48,13.91,14.33,4144000.0,65006632.0,196052779.99999997,0.02113716520622661,0.35999999999999943,2.576950608446671,4.080171796707232
2023-06-26,14.18,14.47,14.03,14.08,2585900.0,40300406.0,196052779.99999997,0.013189815518045704,-0.25,-1.7445917655268706,3.0704815073272944
2023-06-27,14.13,14.44,13.99,14.36,2724050.0,42595900.0,196052779.99999997,0.013894472702707916,0.27999999999999936,1.9886363636363535,3.196022727272722
2023-06-28,14.36,14.49,14.12,14.41,2035000.0,31917297.0,196052779.99999997,0.010379857913771997,0.05000000000000071,0.3481894150417775,2.576601671309199
2023-06-29,14.4,14.68,14.33,14.6,2574134.0,41152664.0,196052779.99999997,0.013129801066835168,0.1899999999999995,1.3185287994448291,2.4288688410825787
2023-06-30,14.75,14.75,14.41,14.56,2380300.0,38114631.0,196052779.99999997,0.012141118325381565,-0.03999999999999915,-0.2739726027397249,2.3287671232876703
2023-07-03,14.65,14.86,14.5,14.54,1862880.0,29874437.0,196052779.99999997,0.009501931061625345,-0.02000000000000135,-0.13736263736264798,2.4725274725274686
2023-07-04,14.53,15.11,14.53,15.0,3006588.0,49048327.0,196052779.99999997,0.015335605034521829,0.46000000000000085,3.1636863823933936,3.988995873452546
2023-07-05,15.03,15.04,14.77,14.82,1852988.0,30220147.0,196052779.99999997,0.009451475260896583,-0.17999999999999972,-1.200000000000001,1.7999999999999972
2023-07-06,14.82,14.89,14.7,14.76,1338288.0,21692302.0,196052779.99999997,0.006826161812140589,-0.0600000000000005,-0.4048582995951455,1.2820512820512906
2023-07-07,14.77,14.93,14.7,14.77,1380900.0,22438403.0,196052779.99999997,0.007043511446254423,0.009999999999999787,0.06775067750677266,1.5582655826558294
2023-07-10,14.79,14.94,14.53,14.69,1970100.0,31788214.0,196052779.99999997,0.010048824607332783,-0.08000000000000007,-0.5416384563303955,2.775897088693298
2023-07-11,14.78,15.08,14.68,15.07,2306700.0,37768964.0,196052779.99999997,0.011765709213610745,0.3800000000000008,2.586793737236226,2.722940776038124
2023-07-12,15.07,15.44,14.92,15.12,4338100.0,72377833.0,196052779.99999997,0.02212720472517656,0.049999999999998934,0.33178500331785266,3.4505640345056374
2023-07-13,15.13,15.16,14.91,15.05,2336833.0,38497875.0,196052779.99999997,0.011919407620743764,-0.06999999999999851,-0.4629629629629539,1.6534391534391537
2023-07-14,15.06,15.24,14.85,15.04,1811500.0,29962707.0,196052779.99999997,0.0092398587768049,-0.010000000000001563,-0.06644518272426181,2.591362126245851
2023-07-17,14.67,14.76,14.39,14.57,3524000.0,56214804.0,196052779.99999997,0.01797475149293981,-0.46999999999999886,-3.124999999999989,2.460106382978718
2023-07-18,14.61,14.82,14.51,14.65,2007100.0,32218781.0,196052779.99999997,0.010237549296674092,0.08000000000000007,0.5490734385724005,2.1276595744680886
2023-07-19,14.65,14.75,14.54,14.63,1597400.0,25600081.0,196052779.99999997,0.008147805912265056,-0.019999999999999574,-0.13651877133105117,1.433447098976115
2023-07-20,14.71,14.71,14.28,14.31,2240300.0,35516913.0,196052779.99999997,0.011427024906252288,-0.3200000000000003,-2.1872863978127155,2.939166097060844
2023-07-21,14.31,14.32,14.05,14.09,1565600.0,24354142.0,196052779.99999997,0.007985604692777119,-0.22000000000000064,-1.5373864430468287,1.8867924528301856
2023-07-24,14.16,14.44,13.98,14.37,1677400.0,26322539.0,196052779.99999997,0.008555859294624643,0.27999999999999936,1.9872249822569188,3.2647267565649334
2023-07-25,14.37,14.63,14.35,14.61,1362000.0,21674908.0,196052779.99999997,0.006947108834671971,0.2400000000000002,1.6701461377870652,1.9485038274182405
2023-07-26,14.58,14.59,14.23,14.27,1456300.0,22846150.0,196052779.99999997,0.007428101759128333,-0.33999999999999986,-2.32717316906228,2.4640657084188873
2023-07-27,14.34,14.53,14.25,14.32,1791000.0,28285533.0,196052779.99999997,0.009135295097575257,0.05000000000000071,0.3503854239663706,1.9621583742116284
2023-07-28,14.35,14.6,14.14,14.42,1815500.0,28643365.0,196052779.99999997,0.00926026144592288,0.09999999999999964,0.6983240223463749,3.212290502793289
2023-07-31,13.97,14.28,13.69,14.25,3290713.0,50706597.0,196052779.99999997,0.016784832125308298,-0.16999999999999993,-1.1789181692094308,4.091539528432731
2023-08-01,14.19,14.26,13.95,14.03,2226800.0,34364521.0,196052779.99999997,0.011358165897979108,-0.22000000000000064,-1.543859649122814,2.1754385964912313
2023-08-02,13.98,14.19,13.91,14.15,1775800.0,27339292.0,196052779.99999997,0.009057764954926936,0.120000000000001,0.8553100498930988,1.99572344975053
2023-08-03,14.25,14.25,13.9,13.92,1319800.0,20270753.0,196052779.99999997,0.006731860675477288,-0.23000000000000043,-1.6254416961130724,2.4734982332155453
2023-08-04,14.0,14.03,13.63,13.75,2250100.0,34060098.0,196052779.99999997,0.011477011445591337,-0.16999999999999993,-1.2212643678160884,2.8735632183907946
2023-08-07,13.7,13.74,13.3,13.33,2966400.0,43749069.0,196052779.99999997,0.01513061941789349,-0.41999999999999993,-3.0545454545454542,3.1999999999999966
2023-08-08,13.33,13.44,13.17,13.26,1924400.0,27959936.0,196052779.99999997,0.009815724112659867,-0.07000000000000028,-0.5251312828207122,2.0255063765941452
2023-08-09,13.26,13.26,12.99,13.09,2043002.0,29357047.0,196052779.99999997,0.010420673453342515,-0.16999999999999993,-1.2820512820512775,2.036199095022621
2023-08-10,13.09,13.18,13.02,13.17,1303700.0,18759806.0,196052779.99999997,0.006649739932277421,0.08000000000000007,0.6111535523300127,1.2223071046600469
2023-08-11,13.2,13.28,12.99,12.99,1335600.0,19134686.0,196052779.99999997,0.0068124512184933065,-0.17999999999999972,-1.3667425968109326,2.2019741837509423
2023-08-14,12.97,13.04,12.81,13.0,1521600.0,21559310.0,196052779.99999997,0.0077611753324793465,0.009999999999999787,0.07698229407235857,1.7705927636643466
2023-08-15,13.03,13.16,12.96,13.05,1255600.0,17989073.0,196052779.99999997,0.00640439783613372,0.05000000000000071,0.38461538461538325,1.538461538461533
2023-08-16,13.01,13.15,12.89,12.91,1187200.0,16880955.0,196052779.99999997,0.006055512194216272,-0.14000000000000057,-1.072796934865905,1.9923371647509562
2023-08-17,12.86,13.24,12.8,13.18,1955300.0,27994049.0,196052779.99999997,0.009973334731596258,0.2699999999999996,2.091402013942667,3.408210689388067
2023-08-18,13.15,13.28,13.1,13.11,1282900.0,18549882.0,196052779.99999997,0.006543646052863929,-0.07000000000000028,-0.531107738998482,1.3657056145675244
2023-08-21,13.1,13.22,12.97,12.97,1397800.0,20054511.0,196052779.99999997,0.007129712723277885,-0.1399999999999988,-1.0678871090770259,1.9069412662090008
2023-08-22,13.06,13.13,12.84,13.04,1275500.0,18153622.0,196052779.99999997,0.006505901114995667,0.06999999999999851,0.5397070161911932,2.235929067077879
2023-08-23,13.04,13.09,12.79,12.86,1402700.0,19889354.0,196052779.99999997,0.007154705992947411,-0.17999999999999972,-1.3803680981595123,2.3006134969325207
2023-08-24,12.9,13.07,12.72,12.9,1453100.0,20526486.0,196052779.99999997,0.00741177962383395,0.040000000000000924,0.3110419906687367,2.721617418351475
2023-08-25,12.86,12.95,12.63,12.64,1365000.0,19090404.0,196052779.99999997,0.006962410836510455,-0.2599999999999998,-2.0155038759689936,2.480620155038748
2023-08-28,13.36,13.36,12.6,12.64,2642200.0,37411725.0,196052779.99999997,0.013476983085881264,0.0,0.0,6.0126582278481
2023-08-29,12.61,13.22,12.61,13.2,2907000.0,41546407.0,196052779.99999997,0.014827639781491497,0.5599999999999987,4.430379746835422,4.825949367088617
2023-08-30,13.2,13.39,13.17,13.31,1988307.0,29043642.0,196052779.99999997,0.010141692456490544,0.11000000000000121,0.8333333333333526,1.6666666666666714
2023-08-31,13.32,13.41,13.2,13.23,1388982.0,20193738.0,196052779.99999997,0.007084735039207301,-0.08000000000000007,-0.6010518407212673,1.5777610818933197
2023-09-01,13.16,13.36,13.12,13.35,1430700.0,20792965.0,196052779.99999997,0.007297524676773266,0.11999999999999922,0.9070294784580435,1.8140589569161012
2023-09-04,13.4,13.51,13.3,13.5,1662150.0,24463906.0,196052779.99999997,0.008478074118612346,0.15000000000000036,1.1235955056179803,1.5730337078651617
2023-09-05,13.65,13.65,13.38,13.46,1398200.0,20622519.0,196052779.99999997,0.007131752990189684,-0.03999999999999915,-0.2962962962962945,1.999999999999997
2023-09-06,13.36,13.54,13.36,13.48,1215200.0,17973013.0,196052779.99999997,0.006198330878042128,0.019999999999999574,0.14858841010401136,1.337295690936105
2023-09-07,13.42,13.47,13.2,13.2,1294500.0,18879080.0,196052779.99999997,0.006602813793306069,-0.28000000000000114,-2.077151335311578,2.002967359050455
2023-09-08,13.2,13.35,13.14,13.22,826321.0,12011858.0,196052779.99999997,0.004214788487059455,0.02000000000000135,0.15151515151516914,1.5909090909090842
2023-09-11,13.2,13.5,13.14,13.4,1774621.0,26028982.0,196052779.99999997,0.00905175126820441,0.17999999999999972,1.3615733736762392,2.7231467473524917
2023-09-12,13.32,13.61,13.32,13.45,1313821.0,19436949.0,196052779.99999997,0.006701363785813189,0.049999999999998934,0.3731343283581934,2.1641791044776055
2023-09-13,13.51,13.54,13.12,13.24,1424302.0,20701183.0,196052779.99999997,0.007264890607519058,-0.20999999999999908,-1.5613382899628214,3.12267657992565
2023-09-14,13.25,13.27,12.91,12.99,1650200.0,23610946.0,196052779.99999997,0.008417121144622383,-0.25,-1.8882175226586084,2.7190332326283944
2023-09-15,12.99,13.17,12.92,12.99,1169300.0,16710716.0,196052779.99999997,0.005964210249913315,0.0,0.0,1.924557351809084
2023-09-18,12.99,13.57,12.93,13.49,2197802.0,32320571.0,196052779.99999997,0.011210256748208317,0.5,3.8491147036181728,4.926866820631259
2023-09-19,13.46,13.51,13.12,13.23,1451202.0,21058450.0,196052779.99999997,0.007402098557337469,-0.2599999999999998,-1.927353595255743,2.891030392883622
2023-09-20,13.2,13.42,13.18,13.24,1270300.0,18552820.0,196052779.99999997,0.0064793776451422935,0.009999999999999787,0.07558578987150177,1.8140589569161012
2023-09-21,13.27,13.31,13.05,13.09,1109100.0,15995845.0,196052779.99999997,0.005657150079687726,-0.15000000000000036,-1.132930513595165,1.963746223564953
2023-09-22,12.99,13.27,12.95,13.26,1163000.0,16773085.0,196052779.99999997,0.005932076046052497,0.16999999999999993,1.298701298701288,2.4446142093200938
2023-09-25,13.24,13.4,13.18,13.22,953324.0,13875197.0,196052779.99999997,0.004862588533557138,-0.03999999999999915,-0.3016591251885359,1.659125188536958
2023-09-26,13.26,13.26,13.13,13.14,874800.0,12641060.0,196052779.99999997,0.004462063736102085,-0.08000000000000007,-0.605143721633894,0.9833585476550605
2023-09-27,13.17,13.2,13.05,13.07,876900.0,12591417.0,196052779.99999997,0.004472775137389024,-0.07000000000000028,-0.5327245053272422,1.1415525114155143
2023-09-28,13.09,13.31,13.04,13.26,1628100.0,23632511.0,196052779.99999997,0.008304396397745547,0.1899999999999995,1.4537107880642663,2.0657995409334458
2023-10-09,13.25,13.56,13.25,13.42,2020500.0,29762270.0,196052779.99999997,0.010305898238219322,0.16000000000000014,1.2066365007541435,2.337858220211165
2023-10-10,13.48,13.49,13.04,13.15,1636100.0,23659798.0,196052779.99999997,0.008345201735981507,-0.2699999999999996,-2.0119225037257826,3.353204172876312
2023-10-11,13.09,13.19,12.89,12.96,1608700.0,22859562.0,196052779.99999997,0.008205443452523347,-0.1899999999999995,-1.444866920152088,2.2813688212927676
2023-10-12,12.99,13.33,12.92,13.31,1990200.0,28750833.0,196052779.99999997,0.010151348019650628,0.34999999999999964,2.7006172839506126,3.163580246913581
2023-10-13,13.31,13.4,13.14,13.17,1302300.0,18904490.0,196052779.99999997,0.006642598998086129,-0.14000000000000057,-1.0518407212622094,1.9534184823441005
2023-10-16,13.13,13.21,13.01,13.05,1243200.0,17840199.0,196052779.99999997,0.0063411495618679835,-0.11999999999999922,-0.9111617312072884,1.5186028853454903
2023-10-17,13.0,13.12,12.85,12.91,1296400.0,18376048.0,196052779.99999997,0.006612505061137109,-0.14000000000000057,-1.072796934865905,2.068965517241376
2023-10-18,12.9,13.0,12.79,12.83,1019400.0,14413033.0,196052779.99999997,0.005199620224717039,-0.08000000000000007,-0.6196746707978318,1.6266460108443133
2023-10-19,12.76,12.92,12.65,12.74,1308800.0,18357175.0,196052779.99999997,0.006675753335402845,-0.08999999999999986,-0.7014809041309467,2.104442712392826
2023-10-20,12.74,13.08,12.68,12.68,1335200.0,18781916.0,196052779.99999997,0.006810410951581509,-0.0600000000000005,-0.47095761381475976,3.1397174254317135
2023-10-23,12.67,12.81,12.41,12.46,1862400.0,25713150.0,196052779.99999997,0.009499482741331187,-0.21999999999999886,-1.7350157728706517,3.154574132492116
2023-10-24,12.47,13.01,12.45,12.98,1539100.0,21661346.0,196052779.99999997,0.007850437009870507,0.5199999999999996,4.173354735152479,4.494382022471913
2023-10-25,12.97,13.17,12.91,13.12,1176671.0,16886025.0,196052779.99999997,0.006001807268430472,0.1399999999999988,1.0785824345146189,2.0030816640986115
2023-10-26,13.12,13.43,13.03,13.4,1768500.0,25668991.0,196052779.99999997,0.009020530083786622,0.28000000000000114,2.1341463414634276,3.048780487804881
2023-10-27,13.32,13.71,13.32,13.51,2113400.0,31404105.0,196052779.99999997,0.010779750228484392,0.10999999999999943,0.8208955223880654,2.910447761194034
2023-10-30,13.09,13.3,12.16,12.34,9194900.0,125380786.0,196052779.99999997,0.04690012556822709,-1.17,-8.660251665433016,8.438193930421914
2023-10-31,12.27,12.37,12.2,12.27,4183313.0,56320141.0,196052779.99999997,0.02133768773898539,-0.07000000000000028,-0.5672609400324213,1.3776337115072927
2023-11-01,12.3,12.81,12.2,12.66,6109300.0,84231447.0,196052779.99999997,0.03116150661061782,0.39000000000000057,3.17848410757946,4.971475142624296
2023-11-02,12.66,13.02,12.58,12.77,3287500.0,46239344.0,196052779.99999997,0.01676844368133928,0.10999999999999943,0.8688783570300007,3.4755134281200593
2023-11-03,12.76,12.97,12.74,12.81,2204100.0,31029819.0,196052779.99999997,0.011242380750734575,0.040000000000000924,0.3132341425215346,1.8010963194988288
2023-11-06,12.97,13.39,12.97,13.32,3553800.0,51512404.0,196052779.99999997,0.018126751377868757,0.5099999999999998,3.9812646370023463,3.2786885245901636
2023-11-07,13.4,13.79,13.22,13.53,2969400.0,43938050.0,196052779.99999997,0.015145921419731975,0.20999999999999908,1.5765765765765716,4.279279279279268
2023-11-08,13.66,14.88,13.37,14.55,17557200.0,278176152.0,196052779.99999997,0.08955343555954678,1.0200000000000014,7.538802660753885,11.16038433111605
2023-11-09,15.3,16.01,14.35,14.68,19781915.0,329633042.0,196052779.99999997,0.10090096656624814,0.129999999999999,0.8934707903780037,11.408934707903793
2023-11-10,13.87,14.47,13.87,14.03,12191600.0,189066834.0,196052779.99999997,0.062185295204689274,-0.6500000000000004,-4.427792915531336,4.0871934604904725
2023-11-13,14.07,14.27,13.89,13.96,7469700.0,114742331.0,196052779.99999997,0.0381004543776426,-0.06999999999999851,-0.49893086243761875,2.708481824661433
2023-11-14,13.89,13.98,13.69,13.78,5318100.0,80216485.0,196052779.99999997,0.027125858659081504,-0.1800000000000015,-1.2893982808023008,2.0773638968481443
2023-11-15,13.85,13.95,13.55,13.95,6230590.0,94079509.0,196052779.99999997,0.031780166544947745,0.16999999999999993,1.2336719883889735,2.9027576197387415
2023-11-16,13.93,15.01,13.92,14.47,10749750.0,169918261.0,196052779.99999997,0.054830898087749644,0.5200000000000014,3.7275985663082434,7.813620071684587
2023-11-17,14.36,14.96,14.36,14.65,8242295.0,132920967.0,196052779.99999997,0.042041204414443915,0.17999999999999972,1.2439530062197557,4.14651002073256
2023-11-20,14.55,16.11,14.37,16.11,13229559.0,223796208.0,196052779.99999997,0.06747957871344647,1.459999999999999,9.965870307167224,11.877133105802049
2023-11-21,17.73,17.73,17.73,17.73,5404441.0,105062333.0,196052779.99999997,0.027566255372660366,1.620000000000001,10.05586592178771,0.0
2023-11-22,19.5,19.5,18.26,19.5,34213147.0,720982508.0,196052779.99999997,0.174509879431447,1.7699999999999996,9.983079526226724,6.993795826283127
2023-11-23,18.57,19.15,17.54,17.54,26664133.0,521898523.0,196052779.99999997,0.13600487072919856,-1.9600000000000009,-10.051282051282051,8.256410256410254
2023-11-24,16.05,16.82,15.79,15.79,26119277.0,457401953.0,196052779.99999997,0.13322574155796213,-1.75,-9.977194982896243,5.872291904218935
2023-11-27,15.6,15.89,15.24,15.3,14120277.0,238952863.0,196052779.99999997,0.07202283487130355,-0.48999999999999844,-3.1032298923369117,4.116529449018368
2023-11-28,15.4,15.87,15.31,15.64,12069717.0,206812057.0,196052779.99999997,0.06156361057466261,0.33999999999999986,2.2222222222222143,3.6601307189542394
2023-11-29,15.59,15.93,15.37,15.51,10362215.0,178005358.0,196052779.99999997,0.05285421099359061,-0.13000000000000078,-0.831202046035806,3.5805626598465508
2023-11-30,15.37,15.61,15.08,15.27,8380700.0,140860367.0,196052779.99999997,0.042747162269262395,-0.2400000000000002,-1.5473887814313358,3.41715022566086
2023-12-01,15.3,15.74,15.0,15.58,9155900.0,154218439.0,196052779.99999997,0.0467011995443268,0.3100000000000005,2.030124426981006,4.8461034708578925
2023-12-04,15.54,15.73,15.46,15.6,7000300.0,119744301.0,196052779.99999997,0.03570620115664772,0.019999999999999574,0.12836970474967568,1.7329910141206648
2023-12-05,15.6,15.6,15.16,15.16,6113000.0,102607464.0,196052779.99999997,0.03118037907955195,-0.4399999999999995,-2.8205128205128216,2.8205128205128176
2023-12-06,15.23,15.45,15.15,15.3,4963000.0,83464837.0,196052779.99999997,0.025314611708132886,0.14000000000000057,0.923482849604218,1.9788918205804678
2023-12-07,15.3,15.33,14.96,14.96,5345200.0,88204010.0,196052779.99999997,0.027264086742355812,-0.33999999999999986,-2.2222222222222254,2.418300653594766
2023-12-08,14.96,15.06,14.56,14.6,5419699.0,87587152.0,196052779.99999997,0.027644081354010898,-0.3600000000000012,-2.406417112299475,3.3422459893048124
2023-12-11,14.5,14.76,14.45,14.73,3574300.0,57409843.0,196052779.99999997,0.018231315057098404,0.13000000000000078,0.8904109589041198,2.1232876712328803
2023-12-12,14.68,14.95,14.6,14.9,3634716.0,59018219.0,196052779.99999997,0.018539476971456362,0.16999999999999993,1.15410726408689,2.3761031907671395
2023-12-13,14.9,15.27,14.8,15.0,4194100.0,69181237.0,196052779.99999997,0.021392708636929304,0.09999999999999964,0.6711409395973034,3.154362416107375
2023-12-14,14.94,15.08,14.73,14.78,3357721.0,54773520.0,196052779.99999997,0.01712661763837269,-0.22000000000000064,-1.4666666666666717,2.333333333333331
2023-12-15,14.76,14.94,14.66,14.72,2398583.0,38779300.0,196052779.99999997,0.01223437382525257,-0.05999999999999872,-0.4059539918809141,1.8944519621109566
2023-12-18,14.65,14.89,14.59,14.69,2572900.0,41587359.0,196052779.99999997,0.01312350684341227,-0.030000000000001137,-0.20380434782609758,2.0380434782608745
2023-12-19,14.59,14.79,14.48,14.61,2442583.0,38990147.0,196052779.99999997,0.012458803185550342,-0.08000000000000007,-0.5445881552076259,2.1102791014295352
2023-12-20,14.61,14.81,14.47,14.49,2290400.0,36841010.0,196052779.99999997,0.011682568336954979,-0.11999999999999922,-0.8213552361396204,2.327173169062285
2023-12-21,14.4,14.6,14.17,14.5,3126100.0,49286699.0,196052779.99999997,0.015945195982428814,0.009999999999999787,0.06901311249136732,2.9675638371290525
2023-12-22,14.5,14.64,14.25,14.3,2802700.0,44350135.0,196052779.99999997,0.014295640184240186,-0.1999999999999993,-1.3793103448275779,2.689655172413797
2023-12-25,14.48,14.48,14.08,14.44,2594700.0,40697570.0,196052779.99999997,0.013234701390105259,0.1399999999999988,0.9790209790209614,2.7972027972027997
2023-12-26,14.45,14.48,14.07,14.12,2769800.0,43040284.0,196052779.99999997,0.014127828230744805,-0.3200000000000003,-2.216066481994461,2.8393351800554028
2023-12-27,14.13,14.29,14.02,14.23,1942000.0,30213376.0,196052779.99999997,0.009905495856778978,0.11000000000000121,0.7790368271954673,1.9121813031161443
2023-12-28,14.23,14.44,14.04,14.33,2429100.0,38061776.0,196052779.99999997,0.012390030888620913,0.09999999999999964,0.7027406886858767,2.810962754743502
2023-12-29,14.33,14.65,14.23,14.59,2606000.0,41428553.0,196052779.99999997,0.01329233893036355,0.2599999999999998,1.8143754361479303,2.9309141660851354
2024-01-02,14.58,16.05,14.58,16.05,5873100.0,101649472.0,196052779.99999997,0.029956728999201137,1.4600000000000009,10.006854009595623,10.075394105551752
2024-01-03,16.33,16.57,15.49,15.58,20971571.0,367718042.0,196052779.99999997,0.10696900599930285,-0.47000000000000064,-2.92834890965733,6.728971962616822
2024-01-04,15.53,16.38,15.32,16.3,18210619.0,319595905.0,196052779.99999997,0.09288630847264702,0.7200000000000006,4.621309370988458,6.8035943517329835
2024-01-05,16.05,16.1,15.22,15.38,11627100.0,198851195.0,196052779.99999997,0.05930596852541444,-0.9199999999999999,-5.6441717791411055,5.398773006134974
2024-01-08,15.39,15.76,15.14,15.45,7981300.0,135778291.0,196052779.99999997,0.04070995575783216,0.06999999999999851,0.4551365409622754,4.031209362808838
2024-01-09,15.47,16.2,15.37,15.94,11179923.0,193940978.0,196052779.99999997,0.057025067433371775,0.4900000000000002,3.171521035598701,5.372168284789645
2024-01-10,15.61,17.2,15.32,16.42,15192172.0,270805987.0,196052779.99999997,0.07749021462485767,0.4800000000000022,3.011292346298644,11.794228356336255
2024-01-11,16.27,16.4,15.91,16.16,10388938.0,183496015.0,196052779.99999997,0.05299051612530055,-0.26000000000000156,-1.5834348355663885,2.9841656516443265
2024-01-12,16.05,16.28,15.58,15.6,8793500.0,152815050.0,196052779.99999997,0.04485271772223787,-0.5600000000000005,-3.4653465346534684,4.331683168316839
2024-01-15,15.37,15.6,15.18,15.49,5837023.0,98966630.0,196052779.99999997,0.029772712225758804,-0.10999999999999943,-0.7051282051282026,2.6923076923076916
2024-01-16,15.53,15.53,14.59,15.07,7832771.0,128812511.0,196052779.99999997,0.03995235874747607,-0.41999999999999993,-2.711426726920596,6.068431245965136
2024-01-17,15.01,16.58,14.96,16.58,12409094.0,221824062.0,196052779.99999997,0.06329465973397573,1.509999999999998,10.019907100199067,10.749834107498323
2024-01-18,16.63,18.24,16.15,17.15,29420221.0,543657075.0,196052779.99999997,0.15006275861020693,0.5700000000000003,3.437876960192998,12.605548854041013
2024-01-19,16.65,17.69,16.47,17.25,19650303.0,366018308.0,196052779.99999997,0.10022965754425928,0.10000000000000142,0.5830903790087438,7.11370262390672
2024-01-22,16.87,17.95,16.58,17.36,21455600.0,406473240.0,196052779.99999997,0.10943787688192946,0.10999999999999943,0.6376811594202891,7.9420289855072514
2024-01-23,16.87,17.66,15.63,17.26,16679076.0,303756337.0,196052779.99999997,0.08507441720540766,-0.09999999999999787,-0.5760368663594306,11.69354838709677
2024-01-24,16.87,17.24,16.02,16.92,17033465.0,311698991.0,196052779.99999997,0.08688203758192055,-0.33999999999999986,-1.969872537659323,7.0683661645422875
2024-01-25,16.46,17.77,16.06,17.61,18641000.0,347367049.0,196052779.99999997,0.0950815387570633,0.6899999999999977,4.07801418439715,10.106382978723408
2024-01-26,17.14,19.37,16.79,18.63,26585776.0,524691750.0,196052779.99999997,0.13560519774317917,1.0199999999999996,5.792163543441231,14.650766609880762
2024-01-29,17.98,18.44,16.77,16.77,18787976.0,366004764.0,196052779.99999997,0.09583121443113432,-1.8599999999999994,-9.98389694041868,8.964036500268394
2024-01-30,15.23,15.78,15.09,15.09,11448400.0,191623695.0,196052779.99999997,0.05839447928256871,-1.6799999999999997,-10.017889087656528,4.114490161001786
2024-01-31,14.25,14.59,13.59,13.59,10443876.0,158701765.0,196052779.99999997,0.05327073658430144,-1.5,-9.940357852882709,6.626905235255136
2024-02-01,13.03,13.48,12.44,12.87,9352700.0,132611217.0,196052779.99999997,0.04770501086493138,-0.7200000000000006,-5.298013245033117,7.652685798381169
2024-02-02,12.85,13.31,11.86,12.3,10135700.0,139050033.0,196052779.99999997,0.05169883334477584,-0.5699999999999985,-4.428904428904412,11.266511266511275
2024-02-05,12.1,12.21,11.07,11.07,8991346.0,110783684.0,196052779.99999997,0.0458618643408168,-1.2300000000000004,-9.999999999999998,9.268292682926834
2024-02-06,10.76,11.65,10.05,11.19,8356003.0,98886684.0,196052779.99999997,0.04262119108946071,0.11999999999999922,1.0840108401083848,14.45347786811201
2024-02-07,11.37,12.28,10.94,11.33,8900366.0,112441007.0,196052779.99999997,0.045397805631728363,0.14000000000000057,1.251117068811447,11.97497765862377
2024-02-08,11.34,11.96,10.34,11.89,8614720.0,108347279.0,196052779.99999997,0.04394082042600978,0.5600000000000005,4.94263018534864,14.29832303618712
2024-02-19,11.95,12.27,11.78,12.11,7181981.0,94834177.0,196052779.99999997,0.03663289548865362,0.21999999999999886,1.8502943650126058,4.121110176619009
2024-02-20,11.93,12.04,11.69,12.01,6232775.0,81192826.0,196052779.99999997,0.031791311502953445,-0.09999999999999964,-0.8257638315441795,2.8901734104046213
2024-02-21,12.01,12.64,11.93,12.36,9312572.0,127157897.0,196052779.99999997,0.04750033128833981,0.34999999999999964,2.914238134887581,5.911740216486269
2024-02-22,12.21,12.59,12.14,12.57,7322127.0,99449108.0,196052779.99999997,0.037347733605205706,0.21000000000000085,1.6990291262136026,3.6407766990291206
2024-02-23,12.55,12.87,12.4,12.79,8821120.0,121998434.0,196052779.99999997,0.04499359815249751,0.21999999999999886,1.7501988862370643,3.7390612569610093
2024-02-26,12.77,13.48,12.67,13.05,9513200.0,135509572.0,196052779.99999997,0.0485236679632903,0.26000000000000156,2.0328381548084584,6.3330727130570805
2024-02-27,12.97,13.41,12.86,13.41,9045846.0,131832487.0,196052779.99999997,0.04613985070754927,0.35999999999999943,2.758620689655178,4.214559386973185
2024-02-28,13.59,13.74,12.07,12.07,13288900.0,189241661.0,196052779.99999997,0.06778225741047897,-1.3399999999999999,-9.992542878448917,12.45339299030574
2024-02-29,11.68,12.54,11.58,12.49,8584797.0,115597071.0,196052779.99999997,0.04378819315900545,0.41999999999999993,3.47970173985086,7.95360397680198
2024-03-01,12.61,12.89,12.3,12.52,6181594.0,85009485.0,196052779.99999997,0.03153025425092162,0.02999999999999936,0.24019215372297342,4.723779023218574
2024-03-04,12.52,12.74,12.01,12.37,5511000.0,74310025.0,196052779.99999997,0.028109777377296058,-0.15000000000000036,-1.198083067092659,5.830670926517575
2024-03-05,12.27,12.37,12.02,12.03,4893300.0,64932824.0,196052779.99999997,0.024959095198752095,-0.33999999999999986,-2.7485852869846394,2.82942603071948
2024-03-06,12.0,12.38,11.99,12.29,4567500.0,61159881.0,196052779.99999997,0.023297297799092676,0.2599999999999998,2.1612635078969156,3.2418952618453916
2024-03-07,12.38,12.68,12.35,12.47,6101700.0,83790292.0,196052779.99999997,0.031122741539293657,0.1800000000000015,1.464605370219707,2.6851098454027675
2024-03-08,12.63,12.65,12.29,12.45,3911200.0,53361687.0,196052779.99999997,0.019949729863560212,-0.02000000000000135,-0.1603849238171695,2.886928628708911
2024-03-11,12.46,12.63,12.44,12.6,4173310.0,57373673.0,196052779.99999997,0.021286665764188605,0.15000000000000036,1.2048192771084265,1.5261044176706933
2024-03-12,12.6,13.1,12.59,13.04,8031363.0,113272566.0,196052779.99999997,0.04096531046384551,0.4399999999999995,3.4920634920634797,4.047619047619046
2024-03-13,13.04,13.13,12.84,12.93,5764005.0,82033666.0,196052779.99999997,0.02940027170234465,-0.10999999999999943,-0.8435582822085896,2.2239263803681055
2024-03-14,12.89,13.06,12.66,12.87,4293133.0,60602346.0,196052779.99999997,0.021897843019619515,-0.0600000000000005,-0.46403712296984034,3.09358081979892
2024-03-15,12.91,13.28,12.81,13.2,5638300.0,80969790.0,196052779.99999997,0.02875909232197575,0.33000000000000007,2.564102564102555,3.651903651903643
2024-03-18,13.25,13.44,13.15,13.37,5295973.0,77441424.0,196052779.99999997,0.02701299619418812,0.16999999999999993,1.2878787878787934,2.1969696969696906
2024-03-19,13.41,13.51,13.23,13.25,4662600.0,68210775.0,196052779.99999997,0.023782371257372637,-0.11999999999999922,-0.8975317875841382,2.09424083769633
2024-03-20,13.28,13.43,13.22,13.38,3395400.0,49597361.0,196052779.99999997,0.017318805680796776,0.13000000000000078,0.9811320754717023,1.5849056603773515
2024-03-21,13.4,13.47,13.22,13.41,3857800.0,56581647.0,196052779.99999997,0.01967735423083519,0.02999999999999936,0.22421524663676085,1.8684603886397606
2024-03-22,13.41,13.47,12.99,13.09,3977900.0,57539682.0,196052779.99999997,0.02028994437110252,-0.3200000000000003,-2.386278896346017,3.579418344519019
2024-03-25,13.05,13.13,12.61,12.65,3269900.0,46260237.0,196052779.99999997,0.016678671937220172,-0.4399999999999995,-3.361344537815125,3.972498090145159
2024-03-26,12.61,12.85,12.54,12.82,3203705.0,44689536.0,196052779.99999997,0.016341033266654013,0.16999999999999993,1.3438735177865535,2.450592885375498
2024-03-27,12.82,12.94,12.22,12.25,3641500.0,50268726.0,196052779.99999997,0.018574079898280457,-0.5700000000000003,-4.446177847113885,5.61622464898595
2024-03-28,12.16,12.97,12.16,12.63,3972100.0,54813414.0,196052779.99999997,0.02026036050088145,0.3800000000000008,3.1020408163265456,6.612244897959188
2024-03-29,12.77,13.31,12.65,12.99,5313300.0,75876590.0,196052779.99999997,0.02710137545613993,0.35999999999999943,2.8503562945368044,5.225653206650832
2024-04-01,12.99,13.52,12.99,13.5,6032810.0,87801984.0,196052779.99999997,0.030771356570409258,0.5099999999999998,3.9260969976905313,4.080061585835253
2024-04-02,13.49,14.13,13.11,13.55,13545810.0,202805386.0,196052779.99999997,0.06909266984125398,0.05000000000000071,0.37037037037037646,7.555555555555565
2024-04-03,13.37,13.51,13.06,13.11,6717500.0,97161017.0,196052779.99999997,0.03426373245000658,-0.4400000000000013,-3.2472324723247348,3.321033210332098
2024-04-08,13.04,13.37,12.81,12.81,5338800.0,76539868.0,196052779.99999997,0.027231442471767047,-0.29999999999999893,-2.2883295194507935,4.271548436308152
2024-04-09,12.79,12.97,12.68,12.92,3433765.0,48380796.0,196052779.99999997,0.017514492780974597,0.10999999999999943,0.8587041373926629,2.263856362217025
2024-04-10,12.92,13.02,12.34,12.49,4225900.0,58162672.0,196052779.99999997,0.02155490985641724,-0.4299999999999997,-3.328173374612997,5.26315789473684
2024-04-11,12.39,12.61,12.26,12.42,3169900.0,43306468.0,196052779.99999997,0.01616860520927069,-0.07000000000000028,-0.5604483586869491,2.8022417934347446
2024-04-12,12.4,12.83,12.4,12.4,3009000.0,41438013.0,196052779.99999997,0.01534790784399997,-0.019999999999999574,-0.16103059581320522,3.462157809983895
2024-04-15,12.35,12.46,11.42,11.69,5545000.0,72221371.0,196052779.99999997,0.028283200064798883,-0.7100000000000009,-5.725806451612914,8.387096774193555
2024-04-16,11.43,11.49,10.63,10.88,6701400.0,80577869.0,196052779.99999997,0.03418161170680671,-0.8099999999999987,-6.928999144567993,7.356715141146275
2024-04-17,10.96,11.6,10.96,11.58,4339700.0,54297459.0,196052779.99999997,0.02213536579282375,0.6999999999999993,6.433823529411753,5.8823529411764595
2024-04-18,11.52,11.8,11.37,11.62,3882400.0,49656839.0,196052779.99999997,0.019802830645910763,0.03999999999999915,0.3454231433505983,3.713298791019011
2024-04-19,11.54,11.68,11.4,11.52,2396900.0,30311886.0,196052779.99999997,0.012225789402221179,-0.09999999999999964,-0.8605851979345935,2.409638554216862
2024-04-22,11.54,11.58,11.2,11.35,2026300.0,25293073.0,196052779.99999997,0.010335482108440392,-0.16999999999999993,-1.475694444444442,3.2986111111111183
2024-04-23,11.37,11.54,11.32,11.45,2073700.0,25974096.0,196052779.99999997,0.010577253737488447,0.09999999999999964,0.8810572687224738,1.9383259911894175
2024-04-24,11.54,11.73,11.48,11.69,2438000.0,31086148.0,196052779.99999997,0.012435426827408417,0.2400000000000002,2.0960698689956425,2.183406113537118
2024-04-25,11.69,11.9,11.58,11.75,2867500.0,36934599.0,196052779.99999997,0.01462616342395145,0.0600000000000005,0.5132591958939337,2.7373823781009436
2024-04-26,11.68,11.9,11.66,11.9,2770900.0,35932449.0,196052779.99999997,0.014133438964752248,0.15000000000000036,1.276595744680864,2.0425531914893638
2024-04-29,11.62,12.02,11.43,11.99,4797800.0,62160007.0,196052779.99999997,0.024471981473560337,0.08999999999999986,0.7563025210084007,4.957983193277309
2024-04-30,12.0,12.2,11.72,11.82,3314957.0,43285965.0,196052779.99999997,0.016908492702832373,-0.16999999999999993,-1.4178482068390341,4.003336113427845
2024-05-06,12.04,12.19,11.99,12.11,3411900.0,45242111.0,196052779.99999997,0.01740296669090844,0.28999999999999915,2.4534686971235065,1.6920473773265592
2024-05-07,12.13,12.23,11.99,12.05,2609700.0,34567500.0,196052779.99999997,0.013311211399297682,-0.05999999999999872,-0.49545829892649884,1.98183319570603
2024-05-08,12.06,12.06,11.73,11.75,2869100.0,37318461.0,196052779.99999997,0.014634324491598643,-0.3000000000000007,-2.4896265560165998,2.7385892116182577
2024-05-09,11.75,12.04,11.75,12.0,2397900.0,31480480.0,196052779.99999997,0.012230890069500674,0.25,2.127659574468077,2.4680851063829716
2024-05-10,12.07,12.09,11.78,11.89,2750100.0,35847832.0,196052779.99999997,0.014027345085338757,-0.10999999999999943,-0.9166666666666656,2.5833333333333375
2024-05-13,11.76,11.85,11.51,11.53,2748857.0,34979087.0,196052779.99999997,0.014021004955910344,-0.3600000000000012,-3.0277544154752034,2.8595458368376776
2024-05-14,11.53,11.72,11.52,11.64,1899900.0,24258457.0,196052779.99999997,0.009690757764312245,0.11000000000000121,0.9540329575021822,1.7346053772766787
2024-05-15,11.58,11.73,11.49,11.5,2000000.0,25389537.0,196052779.99999997,0.010201334558989677,-0.14000000000000057,-1.2027491408934776,2.0618556701030943
2024-05-16,11.54,11.64,11.5,11.52,1684000.0,21356652.0,196052779.99999997,0.008589523698669308,0.019999999999999574,0.17391304347824654,1.217391304347831
2024-05-17,11.52,11.63,11.46,11.61,1925900.0,24385647.0,196052779.99999997,0.00982337511357911,0.08999999999999986,0.78125,1.475694444444444
2024-05-20,11.61,11.7,11.55,11.62,2305300.0,29414389.0,196052779.99999997,0.011758568279419452,0.009999999999999787,0.08613264427217437,1.2919896640826751
2024-05-21,11.62,11.65,11.27,11.37,2514800.0,31341745.0,196052779.99999997,0.01282715807447362,-0.25,-2.151462994836484,3.27022375215147
2024-05-22,11.35,11.49,11.32,11.36,1538420.0,19214938.0,196052779.99999997,0.00784696855612045,-0.009999999999999787,-0.08795074758135568,1.4951627088830248
2024-05-23,11.4,11.4,11.07,11.12,2178320.0,26633651.0,196052779.99999997,0.011110885548269197,-0.2400000000000002,-2.1126760563380254,2.9049295774647894
2024-05-24,11.07,11.2,11.02,11.04,1959000.0,23802809.0,196052779.99999997,0.009992207200530389,-0.08000000000000007,-0.7194244604316502,1.6187050359712205
2024-05-27,11.04,11.49,10.94,11.33,3018600.0,36956062.0,196052779.99999997,0.01539687424988312,0.2900000000000009,2.6268115942029047,4.981884057971022
2024-05-28,11.3,11.34,11.08,11.11,1706600.0,20972331.0,196052779.99999997,0.008704798779185893,-0.22000000000000064,-1.9417475728155442,2.29479258605472
2024-05-29,11.12,11.33,11.07,11.26,1600000.0,19678010.0,196052779.99999997,0.008161067647191742,0.15000000000000036,1.3501350135013634,2.3402340234023384
2024-05-30,11.32,11.34,11.15,11.2,1248300.0,15403065.0,196052779.99999997,0.006367162964993407,-0.0600000000000005,-0.5328596802841923,1.6873889875666033
2024-05-31,11.2,11.32,11.19,11.31,1198000.0,14797992.0,196052779.99999997,0.006110599400834817,0.11000000000000121,0.9821428571428648,1.1607142857142927
2024-06-03,11.33,11.33,10.99,11.13,1697000.0,20705930.0,196052779.99999997,0.008655832373302742,-0.17999999999999972,-1.591511936339518,3.0061892130857633
2024-06-04,11.05,11.08,10.82,11.04,1651600.0,19839897.0,196052779.99999997,0.008424262078813676,-0.09000000000000163,-0.8086253369272378,2.336028751123089
2024-06-05,11.07,11.13,10.89,10.89,1230100.0,14222142.0,196052779.99999997,0.006274330820506601,-0.14999999999999858,-1.3586956521739024,2.173913043478263
2024-06-06,10.89,10.95,10.42,10.55,3010900.0,33496139.0,196052779.99999997,0.015357599111831011,-0.33999999999999986,-3.1221303948576695,4.86685032139577
2024-06-07,10.56,10.75,10.54,10.69,1419500.0,15989504.0,196052779.99999997,0.007240397203242923,0.1399999999999988,1.3270142180094702,1.9905213270142261
2024-06-11,10.66,10.69,10.48,10.65,1050200.0,11731932.0,196052779.99999997,0.005356720776925479,-0.03999999999999915,-0.3741814780168329,1.9644527595883916
2024-06-12,10.65,10.86,10.63,10.85,1305900.0,14849755.0,196052779.99999997,0.00666096140029231,0.1999999999999993,1.8779342723004522,2.159624413145527
2024-06-13,10.79,10.86,10.61,10.66,1104300.0,12527594.0,196052779.99999997,0.00563266687674615,-0.1899999999999995,-1.751152073732709,2.3041474654377883
2024-06-14,10.66,10.66,10.45,10.62,886700.0,9914781.0,196052779.99999997,0.004522761676728074,-0.040000000000000924,-0.37523452157599557,1.9699812382739292
2024-06-17,10.52,10.65,10.52,10.55,798500.0,8925987.0,196052779.99999997,0.004072882822676629,-0.06999999999999851,-0.6591337099811523,1.2241054613936044
2024-06-18,10.55,10.8,10.49,10.79,1021400.0,11562056.0,196052779.99999997,0.005209821559276028,0.23999999999999844,2.274881516587657,2.9383886255924216
2024-06-19,10.79,10.82,10.66,10.71,1065300.0,12075664.0,196052779.99999997,0.0054337408528458515,-0.0799999999999983,-0.7414272474513317,1.4828544949026892
2024-06-20,10.71,11.78,10.48,11.78,9270563.0,113484632.0,196052779.99999997,0.04728605735659551,1.0699999999999985,9.990662931839388,12.138188608776833
2024-06-21,12.38,12.96,12.04,12.96,23066363.0,306979137.0,196052779.99999997,0.1176538430110504,1.1800000000000015,10.016977928692716,7.809847198641781
2024-06-24,14.25,14.25,13.79,14.25,20346363.0,305558194.0,196052779.99999997,0.10378002801082445,1.2899999999999991,9.953703703703699,3.5493827160493887
2024-06-25,15.68,15.68,15.21,15.68,15658050.0,259033834.0,196052779.99999997,0.07986650329569416,1.4299999999999997,10.035087719298241,3.29824561403508
2024-06-26,17.26,17.26,16.87,17.26,19605290.0,356853868.0,196052779.99999997,0.10000006120800736,1.5800000000000018,10.076530612244916,2.4872448979591875
2024-06-27,18.96,18.96,15.53,15.53,33589014.0,579352749.0,196052779.99999997,0.17132638466029407,-1.7300000000000022,-10.0231749710313,19.872537659327932
2024-06-28,13.98,13.98,13.98,13.98,3049000.0,45003240.0,196052779.99999997,0.015551934535179763,-1.549999999999999,-9.980682549903408,0.0
2024-07-01,13.14,14.46,12.84,13.64,37243039.0,530123262.0,196052779.99999997,0.18996435041625018,-0.33999999999999986,-2.4320457796852657,11.587982832618032
2024-07-02,13.16,13.37,12.85,12.95,25866206.0,357355589.0,196052779.99999997,0.13193491058887308,-0.6900000000000013,-5.058651026392969,3.8123167155425186
2024-07-03,12.84,12.87,12.42,12.44,18494306.0,245356351.0,196052779.99999997,0.09433330147116507,-0.5099999999999998,-3.9382239382239392,3.4749034749034693
2024-07-04,12.41,12.8,12.14,12.6,21021897.0,276807707.0,196052779.99999997,0.10722570218081072,0.16000000000000014,1.2861736334405238,5.305466237942123
2024-07-05,12.29,12.43,12.04,12.18,13322988.0,171752905.0,196052779.99999997,0.06795612895670239,-0.41999999999999993,-3.3333333333333326,3.0952380952381
2024-07-08,12.24,12.26,11.42,11.64,14285838.0,177126486.0,196052779.99999997,0.072867306446764,-0.5399999999999991,-4.433497536945808,6.89655172413793
2024-07-09,11.52,11.92,11.39,11.9,13063665.0,161254733.0,196052779.99999997,0.06663340861578194,0.2599999999999998,2.2336769759450092,4.553264604810991
2024-07-10,11.57,11.9,11.52,11.65,10228209.0,126552120.0,196052779.99999997,0.052170690974134626,-0.25,-2.1008403361344574,3.1932773109243766
2024-07-11,11.83,12.04,11.71,12.01,12377003.0,155527802.0,196052779.99999997,0.06313097422030946,0.35999999999999943,3.090128755364807,2.8326180257510583
2024-07-12,11.94,11.96,11.77,11.84,7642720.0,95704010.0,196052779.99999997,0.038982971830340794,-0.16999999999999993,-1.4154870940882636,1.5820149875104186
2024-07-15,11.82,11.83,11.47,11.49,7658829.0,93698282.0,196052779.99999997,0.03906513847954618,-0.34999999999999964,-2.9560810810810745,3.040540540540536
2024-07-16,11.52,11.71,11.43,11.6,6229400.0,76119031.0,196052779.99999997,0.03177409675088515,0.10999999999999943,0.9573542210617791,2.436901653611846
2024-07-17,11.61,11.72,11.25,11.26,8567000.0,103247572.0,196052779.99999997,0.043697416583432284,-0.33999999999999986,-2.931034482758621,4.05172413793104
2024-07-18,11.19,11.27,10.98,11.23,7152046.0,83840638.0,196052779.99999997,0.03648020701364194,-0.02999999999999936,-0.2664298401420906,2.5754884547069197
2024-07-19,11.25,11.44,11.15,11.35,6549200.0,78220916.0,196052779.99999997,0.0334052901468676,0.11999999999999922,1.0685663401602818,2.5823686553873477
2024-07-22,11.31,11.5,11.19,11.49,5873100.0,70726291.0,196052779.99999997,0.029956728999201137,0.14000000000000057,1.2334801762114544,2.731277533039652
2024-07-23,11.48,11.61,11.25,11.27,6331768.0,76567643.0,196052779.99999997,0.032296241858952475,-0.22000000000000064,-1.9147084421235916,3.1331592689294987
2024-07-24,11.16,11.31,10.92,10.97,6182850.0,72497129.0,196052779.99999997,0.031536660689024665,-0.29999999999999893,-2.661934338952965,3.46051464063887
2024-07-25,10.89,11.15,10.81,11.01,4355450.0,50562649.0,196052779.99999997,0.022215701302475795,0.03999999999999915,0.3646308113035568,3.0993618960802176
2024-07-26,11.12,11.37,11.08,11.37,5475600.0,65207900.0,196052779.99999997,0.02792921375560194,0.35999999999999943,3.2697547683923744,2.6339691189827352
2024-07-29,11.37,11.44,11.23,11.38,4456200.0,53359235.0,196052779.99999997,0.0227295935308849,0.010000000000001563,0.08795074758136678,1.8469656992084353
2024-07-30,11.32,11.54,11.23,11.5,5084800.0,61408082.0,196052779.99999997,0.025935872982775356,0.11999999999999922,1.0544815465729274,2.7240773286467372
2024-07-31,11.53,11.78,11.41,11.74,8538346.0,105209635.0,196052779.99999997,0.04355126206320564,0.2400000000000002,2.086956521739136,3.217391304347819
2024-08-01,11.65,11.84,11.63,11.68,5933000.0,73377847.0,196052779.99999997,0.03026225896924288,-0.0600000000000005,-0.5110732538330498,1.788756388415665
2024-08-02,11.67,11.76,11.46,11.5,5581500.0,68480732.0,196052779.99999997,0.028469374420500442,-0.17999999999999972,-1.5410958904109595,2.5684931506849225
2024-08-05,11.41,11.61,11.11,11.13,5738700.0,68763058.0,196052779.99999997,0.02927119931683703,-0.3699999999999992,-3.2173913043478164,4.3478260869565215
2024-08-06,11.23,11.35,11.18,11.32,3814646.0,45290587.0,196052779.99999997,0.01945724003505587,0.1899999999999995,1.7070979335130243,1.5274034141958663
2024-08-07,11.34,11.55,11.27,11.49,4114638.0,49785857.0,196052779.99999997,0.020987399413566084,0.16999999999999993,1.5017667844522853,2.4734982332155577
2024-08-08,11.45,11.48,11.2,11.35,3867700.0,46289676.0,196052779.99999997,0.019727850836902188,-0.14000000000000057,-1.218450826805928,2.436901653611846
2024-08-09,11.48,11.49,11.24,11.25,2451800.0,29405371.0,196052779.99999997,0.012505816035865445,-0.09999999999999964,-0.8810572687224627,2.2026431718061676
2024-08-12,11.19,11.29,11.1,11.15,2658546.0,31361302.0,196052779.99999997,0.013560358593231885,-0.09999999999999964,-0.8888888888888835,1.6888888888888847
2024-08-13,11.13,11.33,11.1,11.33,2483200.0,29387992.0,196052779.99999997,0.012665976988441584,0.17999999999999972,1.6143497757847403,2.0627802690582997
2024-08-14,11.36,11.41,11.3,11.3,2341346.0,28037178.0,196052779.99999997,0.011942426932176124,-0.02999999999999936,-0.26478375992938785,0.970873786407762
2024-08-15,11.31,11.42,11.19,11.36,3139200.0,37594065.0,196052779.99999997,0.0160120147237902,0.05999999999999872,0.5309734513274211,2.035398230088499
2024-08-16,11.39,11.45,11.22,11.22,2794300.0,33436035.0,196052779.99999997,0.014252794579092428,-0.1399999999999988,-1.232394366197176,2.024647887323932
2024-08-19,11.15,11.41,11.12,11.13,3194500.0,37840147.0,196052779.99999997,0.016294081624346264,-0.08999999999999986,-0.8021390374331583,2.5846702317290635
2024-08-20,11.23,12.01,10.99,11.63,13400340.0,163778395.0,196052779.99999997,0.06835067577210586,0.5,4.49236298292901,9.164420485175198
2024-08-21,11.56,12.5,11.48,12.33,19723500.0,251407893.0,196052779.99999997,0.10060301108711646,0.6999999999999993,6.018916595012902,8.770421324161646
2024-08-22,12.2,12.2,11.53,11.62,13151400.0,163875511.0,196052779.99999997,0.06708091565954842,-0.7100000000000009,-5.758313057583142,5.433901054339009
2024-08-23,11.51,11.58,11.01,11.15,9526000.0,112987506.0,196052779.99999997,0.04858895650446784,-0.46999999999999886,-4.044750430292588,4.905335628227197
2024-08-26,11.14,11.14,10.77,10.91,7496100.0,86333079.0,196052779.99999997,0.038235111993821264,-0.2400000000000002,-2.152466367713002,3.318385650224224
2024-08-27,10.87,10.87,10.57,10.61,6635490.0,74633522.0,196052779.99999997,0.03384542672641521,-0.3000000000000007,-2.7497708524289677,2.7497708524289544
2024-08-28,10.54,10.79,10.52,10.65,4069800.0,45798647.0,196052779.99999997,0.020758695694088097,0.040000000000000924,0.3770028275212223,2.5447690857681393
2024-08-29,10.65,10.76,10.53,10.72,4057100.0,45750329.0,196052779.99999997,0.02069391721963851,0.07000000000000028,0.657276995305156,2.1596244131455435
2024-08-30,10.7,11.05,10.65,10.91,5685988.0,65420013.0,196052779.99999997,0.0290023329432003,0.1899999999999995,1.7723880597014796,3.7313432835820928
2024-09-02,10.85,10.99,10.69,10.71,4262968.0,48870021.0,196052779.99999997,0.021743981391133555,-0.1999999999999993,-1.8331805682859748,2.749770852428971
2024-09-03,10.73,11.14,10.72,10.95,5291889.0,60915433.0,196052779.99999997,0.026992165069018664,0.23999999999999844,2.2408963585434094,3.92156862745098
2024-09-04,10.88,10.96,10.78,10.9,3427000.0,39310526.0,196052779.99999997,0.01747998676682881,-0.049999999999998934,-0.45662100456620447,1.6438356164383698
2024-09-05,10.92,11.04,10.89,10.96,3160800.0,36555433.0,196052779.99999997,0.016122189137027287,0.0600000000000005,0.5504587155963359,1.3761467889908126
2024-09-06,11.06,11.06,10.78,10.79,3348072.0,38560228.0,196052779.99999997,0.017077401299792846,-0.1700000000000017,-1.5510948905109623,2.5547445255474552
2024-09-09,10.75,10.85,10.64,10.82,2169065.0,24640141.0,196052779.99999997,0.011063678872597472,0.030000000000001137,0.2780352177942591,1.9462465245597693
2024-09-10,10.95,10.95,10.65,10.85,2405500.0,27392150.0,196052779.99999997,0.012269655140824835,0.02999999999999936,0.27726432532346745,2.7726432532347403
2024-09-11,10.8,10.83,10.68,10.74,1796800.0,20390544.0,196052779.99999997,0.009164878967796327,-0.10999999999999943,-1.0138248847926246,1.3824884792626762
2024-09-12,10.83,10.88,10.66,10.67,2368500.0,26939443.0,196052779.99999997,0.012080930451483526,-0.07000000000000028,-0.6517690875232796,2.0484171322160205
2024-09-13,10.66,11.23,10.51,10.88,6742865.0,77380986.0,196052779.99999997,0.03439311087555097,0.21000000000000085,1.9681349578256846,6.747891283973765
2024-09-18,10.8,11.18,10.57,10.98,6525800.0,75306672.0,196052779.99999997,0.03328593453252742,0.09999999999999964,0.9191176470588092,5.606617647058818
2024-09-19,11.0,11.36,10.86,11.21,7509700.0,88514048.0,196052779.99999997,0.038304481068822394,0.23000000000000043,2.0947176684881663,4.553734061930783
2024-09-20,11.26,11.26,10.89,10.96,5612400.0,65198782.0,196052779.99999997,0.028626985039436833,-0.25,-2.2301516503122176,3.3006244424620803
2024-09-23,10.95,11.16,10.84,10.99,3895994.0,45197939.0,196052779.99999997,0.019872169116908214,0.02999999999999936,0.27372262773721623,2.9197080291970825
2024-09-24,10.98,11.18,10.87,11.18,6443900.0,75290309.0,196052779.99999997,0.03286818988233679,0.1899999999999995,1.7288444040036266,2.8207461328480483
2024-09-25,11.23,11.45,11.2,11.25,7574163.0,90618074.0,196052779.99999997,0.03863328538366047,0.07000000000000028,0.6261180679785427,2.23613595706619
2024-09-26,11.19,11.51,11.17,11.49,7240968.0,87035531.0,196052779.99999997,0.036933768549469184,0.2400000000000002,2.1333333333333426,3.022222222222221
2024-09-27,11.56,12.0,11.48,11.84,7934500.0,98153735.0,196052779.99999997,0.0404712445291518,0.34999999999999964,3.046127067014792,4.525674499564835
2024-09-30,12.36,12.93,11.9,12.87,17423063.0,228367846.0,196052779.99999997,0.08886924735267719,1.0299999999999994,8.69932432432432,8.69932432432432
2024-10-08,14.14,14.16,12.6,13.4,18005537.0,253868916.0,196052779.99999997,0.09184025342563366,0.5300000000000011,4.118104118104138,12.121212121212126
2024-10-09,13.0,13.02,12.07,12.07,11205924.0,147794414.0,196052779.99999997,0.05715768988330592,-1.33,-9.925373134328364,7.089552238805965
2024-10-10,12.12,12.41,11.88,12.35,6715290.0,86648506.0,196052779.99999997,0.034252459975318894,0.27999999999999936,2.319801159900581,4.391052195526092
2024-10-11,12.36,12.37,11.87,11.9,5135164.0,65338784.0,196052779.99999997,0.026192762989639833,-0.4499999999999993,-3.6437246963562653,4.048582995951417
2024-10-14,11.9,12.1,11.82,12.08,3518693.0,44573298.0,196052779.99999997,0.01794768225168753,0.17999999999999972,1.5126050420168013,2.3529411764705825
2024-10-15,12.07,12.19,11.8,11.84,3668800.0,46522403.0,196052779.99999997,0.018713328115010665,-0.2400000000000002,-1.9867549668874163,3.228476821192043
2024-10-16,11.8,11.97,11.71,11.79,3917471.0,48905909.0,196052779.99999997,0.019981716148069924,-0.05000000000000071,-0.4222972972973027,2.1959459459459443
2024-10-17,11.85,11.98,11.69,11.7,3839320.0,47937052.0,196052779.99999997,0.019583093899510125,-0.08999999999999986,-0.7633587786259555,2.4597116200169715
2024-10-18,11.7,12.08,11.66,11.98,4965102.0,62202994.0,196052779.99999997,0.025325333310754383,0.28000000000000114,2.393162393162407,3.5897435897435894
2024-10-21,12.01,12.11,11.9,12.08,4790094.0,60833491.0,196052779.99999997,0.024432675731504552,0.09999999999999964,0.8347245409014992,1.7529215358931476
2024-10-22,12.06,12.29,12.05,12.26,4828794.0,62168360.0,196052779.99999997,0.024630071555221,0.17999999999999972,1.490066225165565,1.986754966887404
2024-10-23,12.27,12.41,12.18,12.28,5262000.0,68403368.0,196052779.99999997,0.026839711224701843,0.019999999999999574,0.16313213703098572,1.8760195758564473
2024-10-24,12.24,12.44,12.08,12.36,5974500.0,77795473.0,196052779.99999997,0.030473936661341915,0.08000000000000007,0.6514657980456029,2.9315960912052073
2024-10-25,12.48,12.63,12.42,12.51,6289300.0,83052661.0,196052779.99999997,0.03207962672092689,0.15000000000000036,1.2135922330097193,1.699029126213599
2024-10-28,12.74,13.3,12.62,13.16,11439300.0,156895531.0,196052779.99999997,0.05834806321032531,0.6500000000000004,5.195843325339733,5.4356514788169585
2024-10-29,13.3,13.61,12.94,12.97,11947204.0,166705683.0,196052779.99999997,0.06093871252424986,-0.1899999999999995,-1.4437689969604817,5.0911854103343455
2024-10-30,12.88,13.12,12.79,12.99,6949794.0,94882756.0,196052779.99999997,0.03544858685502955,0.019999999999999574,0.15420200462605838,2.5443330763299925
2024-10-31,13.07,13.32,12.92,13.21,7500274.0,104493281.0,196052779.99999997,0.03825640217904587,0.22000000000000064,1.6936104695919996,3.0792917628945373
2024-11-01,13.16,13.21,12.6,12.63,6853700.0,92684285.0,196052779.99999997,0.034958443333473775,-0.5800000000000001,-4.390613171839519,4.617713853141568
2024-11-04,12.54,13.11,12.52,13.1,5418210.0,74119793.0,196052779.99999997,0.02763648646043173,0.46999999999999886,3.7212984956452866,4.671417260490894
2024-11-05,13.14,13.34,13.02,13.26,5877100.0,81942025.0,196052779.99999997,0.029977131668319116,0.16000000000000014,1.2213740458015376,2.4427480916030557
2024-11-06,13.26,13.54,13.12,13.2,5971000.0,83734555.0,196052779.99999997,0.03045608432586368,-0.0600000000000005,-0.4524886877828038,3.167420814479638
2024-11-07,13.23,13.44,13.1,13.41,5694600.0,80209220.0,196052779.99999997,0.02904625988981131,0.21000000000000085,1.5909090909090873,2.575757575757575
2024-11-08,13.45,13.61,13.19,13.28,5633300.0,79433272.0,196052779.99999997,0.028733588985578276,-0.13000000000000078,-0.9694258016405777,3.131991051454138
2024-11-11,13.25,13.42,13.16,13.41,4506300.0,63312524.0,196052779.99999997,0.022985136961587594,0.13000000000000078,0.9789156626506035,1.9578313253012032
2024-11-12,13.54,14.3,13.45,13.68,11127900.0,162440951.0,196052779.99999997,0.05675971541949062,0.2699999999999996,2.0134228187919323,6.3385533184191
2024-11-13,13.69,13.86,13.31,13.71,7418400.0,106501674.0,196052779.99999997,0.03783879014620451,0.030000000000001137,0.21929824561404132,4.020467836257302
2024-11-14,13.6,13.69,13.18,13.23,4987094.0,70526268.0,196052779.99999997,0.025437507185565034,-0.4800000000000004,-3.5010940919037226,3.7199124726477004
2024-11-15,13.16,13.37,12.93,12.96,3942700.0,54755907.0,196052779.99999997,0.0201104008828643,-0.2699999999999996,-2.0408163265306034,3.3257747543461793
2024-11-18,13.0,13.15,12.68,12.82,3877100.0,52725448.0,196052779.99999997,0.01977579710932944,-0.14000000000000057,-1.0802469135802517,3.626543209876548
2024-11-19,12.88,13.19,12.83,13.19,2999900.0,41188945.0,196052779.99999997,0.015301491771756567,0.3699999999999992,2.8861154446177872,2.808112324492975
2024-11-20,13.16,13.44,13.08,13.42,3696900.0,51976356.0,196052779.99999997,0.01885665686556447,0.23000000000000043,1.743745261561802,2.729340409401057
2024-11-21,13.35,13.71,13.31,13.55,4405900.0,62957173.0,196052779.99999997,0.022473029966726312,0.13000000000000078,0.9687034277198192,2.9806259314456063
2024-11-22,13.64,13.72,13.07,13.13,4582800.0,65102289.0,196052779.99999997,0.023375338008468947,-0.41999999999999993,-3.0996309963099655,4.797047970479707
2024-11-25,13.22,13.53,13.15,13.53,4284200.0,60539424.0,196052779.99999997,0.021852278758811787,0.3999999999999986,3.0464584920030457,2.8941355674028864
2024-11-26,13.54,13.62,13.19,13.33,2853500.0,40206083.0,196052779.99999997,0.014554754082038523,-0.1999999999999993,-1.4781966001478186,3.1781226903178106
2024-11-27,13.15,13.25,12.8,13.19,3715100.0,51001956.0,196052779.99999997,0.018949489010051276,-0.14000000000000057,-1.0502625656414133,3.375843960990242
2024-11-28,13.2,14.11,13.09,13.81,10527074.0,151987025.0,196052779.99999997,0.05369510190062085,0.620000000000001,4.700530705079609,7.733131159969671
2024-11-29,13.6,15.19,13.53,15.19,14550474.0,225076189.0,196052779.99999997,0.07421712663294039,1.379999999999999,9.992758870383778,12.020275162925417
2024-12-02,15.98,16.71,15.56,16.71,35471125.0,607923337.0,196052779.99999997,0.18092640665437137,1.5200000000000014,10.00658327847268,7.570770243581306
2024-12-03,16.1,16.67,15.3,15.51,27304123.0,459971177.0,196052779.99999997,0.13926924678140246,-1.200000000000001,-7.181328545780974,8.198683423099945
2024-12-04,15.04,16.38,15.03,15.15,18592183.0,304031449.0,196052779.99999997,0.09483253948248019,-0.35999999999999943,-2.321083172146998,8.704061895551254
2024-12-05,15.3,15.48,14.76,15.05,13943078.0,221735463.0,196052779.99999997,0.07111900173004435,-0.09999999999999964,-0.660066006600657,4.752475247524757
2024-12-06,14.98,15.09,14.75,14.95,10610944.0,167379738.0,196052779.99999997,0.054122894865352086,-0.10000000000000142,-0.6644518272425293,2.2591362126245835
2024-12-09,14.93,15.08,14.7,14.95,7747479.0,121948201.0,196052779.99999997,0.0395173126338734,0.0,0.0,2.541806020066895
2024-12-10,15.31,15.37,14.73,14.77,9343581.0,147964157.0,196052779.99999997,0.04765849788000966,-0.17999999999999972,-1.2040133779264162,4.28093645484949
2024-12-11,14.76,14.87,14.63,14.87,6162917.0,96134004.0,196052779.99999997,0.0314349890881425,0.09999999999999964,0.677048070413,1.624915368991188
2024-12-12,14.82,15.0,14.81,15.0,6601900.0,104219263.0,196052779.99999997,0.033674095312496974,0.13000000000000078,0.8742434431741719,1.2777404169468698
2024-12-13,14.99,15.15,14.69,14.73,6503774.0,102531109.0,196052779.99999997,0.033173587235029264,-0.2699999999999996,-1.8000000000000016,3.066666666666672
2024-12-16,14.73,14.87,14.53,14.64,4812600.0,74662739.0,196052779.99999997,0.02454747134929686,-0.08999999999999986,-0.6109979633401208,2.308214528173794
2024-12-17,14.61,14.67,14.08,14.12,5844726.0,88275557.0,196052779.99999997,0.029812002665812753,-0.5200000000000014,-3.551912568306015,4.030054644808742
2024-12-18,14.11,14.32,13.88,14.21,3514410.0,52540249.0,196052779.99999997,0.017925836093729455,0.09000000000000163,0.6373937677053965,3.1161473087818665
2024-12-19,14.05,14.3,13.96,14.15,3404394.0,50736397.0,196052779.99999997,0.017364681082308552,-0.0600000000000005,-0.4222378606615118,2.3926812104151995
2024-12-20,14.12,14.71,14.11,14.34,4387641.0,66813943.0,196052779.99999997,0.022379896882870013,0.1899999999999995,1.3427561837455748,4.240282685512377
2024-12-23,14.4,14.4,13.61,13.65,4430900.0,65188075.0,196052779.99999997,0.022600546648713683,-0.6899999999999995,-4.811715481171541,5.509065550906562
2024-12-24,13.71,14.18,13.67,13.99,4007938.0,58888759.0,196052779.99999997,0.020443158214843986,0.33999999999999986,2.490842490842482,3.736263736263735
2024-12-25,13.93,14.01,13.45,13.62,3353700.0,48329512.0,196052779.99999997,0.01710610785524184,-0.370000000000001,-2.6447462473195182,4.002859185132241
2024-12-26,13.69,14.07,13.63,13.95,3982942.0,58607696.0,196052779.99999997,0.020315661935525732,0.33000000000000007,2.422907488986792,3.230543318649042
2024-12-27,13.96,14.15,13.92,14.03,2528961.0,37505109.0,196052779.99999997,0.012899388623818547,0.08000000000000007,0.5734767025089571,1.6487455197132648
2024-12-30,13.87,14.21,13.66,14.07,3435700.0,50836577.0,196052779.99999997,0.017524362572160418,0.040000000000000924,0.28510334996436626,3.920171062009984
2024-12-31,14.11,14.11,13.64,13.7,2640000.0,38612687.0,196052779.99999997,0.013465761617866374,-0.370000000000001,-2.6297085998578607,3.3404406538734817
2025-01-02,13.71,13.83,13.15,13.26,3893674.0,55526085.0,196052779.99999997,0.019860335568819786,-0.4399999999999995,-3.211678832116782,4.963503649635035
2025-01-03,13.26,13.35,12.63,12.73,3803294.0,51955022.0,196052779.99999997,0.019399337260099042,-0.5299999999999994,-3.9969834087481115,5.4298642533936565
2025-01-06,12.69,12.98,12.29,12.98,4197200.0,56595051.0,196052779.99999997,0.02140852070549574,0.25,1.963864886095834,5.420267085624519
2025-01-07,12.97,13.09,12.76,13.01,2285450.0,31234274.0,196052779.99999997,0.011657320033921479,0.02999999999999936,0.23112480739599928,2.5423728813559325
2025-01-08,12.88,13.01,12.51,12.98,2425600.0,32883992.0,196052779.99999997,0.01237217855314268,-0.02999999999999936,-0.2305918524212136,3.843197540353574
2025-01-09,12.97,13.07,12.86,13.0,1935600.0,26571559.0,196052779.99999997,0.00987285158619021,0.019999999999999574,0.15408320493066618,1.6178736517719634
2025-01-10,13.03,13.16,12.67,12.67,2213000.0,30228640.0,196052779.99999997,0.011287776689522078,-0.33000000000000007,-2.538461538461534,3.7692307692307705
2025-01-13,12.61,12.81,12.34,12.79,2185000.0,29153044.0,196052779.99999997,0.011144958005696223,0.11999999999999922,0.9471191791633693,3.7095501183899025
2025-01-14,12.82,13.62,12.82,13.51,3992400.0,55939673.0,196052779.99999997,0.020363904046655196,0.7200000000000006,5.629397967161842,6.25488663017982
2025-01-15,13.51,13.93,13.26,13.57,3651900.0,52700066.0,196052779.99999997,0.0186271268379872,0.0600000000000005,0.4441154700222105,4.959289415247964
2025-01-16,13.84,13.84,13.37,13.5,2684000.0,38417526.0,196052779.99999997,0.013690190978164148,-0.07000000000000028,-0.5158437730287457,3.4635224760501155
2025-01-17,13.63,13.69,13.38,13.52,2810800.0,40056112.0,196052779.99999997,0.014336955589204094,0.019999999999999574,0.1481481481481417,2.296296296296287
2025-01-20,13.59,13.99,13.43,13.82,3736900.0,54311553.0,196052779.99999997,0.019060683556744264,0.3000000000000007,2.2189349112426093,4.14201183431953
2025-01-21,13.84,13.92,13.52,13.73,2746563.0,39806514.0,196052779.99999997,0.014009304025171183,-0.08999999999999986,-0.651230101302458,2.8943560057887145
2025-01-22,13.67,13.8,13.52,13.58,2335100.0,33619792.0,196052779.99999997,0.011910568164348398,-0.15000000000000036,-1.0924981791696986,2.0393299344501172
2025-01-23,13.69,14.18,13.69,13.72,4536274.0,66493975.0,196052779.99999997,0.02313802436262317,0.14000000000000057,1.0309278350515427,3.608247422680414
2025-01-24,13.68,14.18,13.66,14.13,4078700.0,60157284.0,196052779.99999997,0.0208040916328756,0.41000000000000014,2.988338192419815,3.7900874635568482
2025-01-27,14.13,14.17,13.69,13.69,4181200.0,61259995.0,196052779.99999997,0.02132691002902382,-0.4400000000000013,-3.1139419674451663,3.3970276008492597
2025-02-05,13.74,13.83,13.45,13.64,3026990.0,43642064.0,196052779.99999997,0.015439668848358082,-0.049999999999998934,-0.36523009495981196,2.7757487216946735
2025-02-06,13.59,13.91,13.57,13.91,2442700.0,35438012.0,196052779.99999997,0.012459399963622043,0.2699999999999996,1.9794721407624616,2.4926686217008784
2025-02-07,13.9,14.17,13.84,13.98,3489990.0,51666111.0,196052779.99999997,0.01780127779876419,0.07000000000000028,0.5032350826743359,2.372393961179008
2025-02-10,13.98,14.05,13.88,14.01,2667610.0,39304278.0,196052779.99999997,0.013606591041453227,0.02999999999999936,0.21459227467810482,1.2160228898426317
2025-02-11,14.05,14.09,13.73,13.89,2355300.0,34483439.0,196052779.99999997,0.012013601643394194,-0.11999999999999922,-0.8565310492505307,2.5695931477516023
2025-02-12,13.88,13.98,13.8,13.94,2421000.0,35552686.0,196052779.99999997,0.012348715483657005,0.049999999999998934,0.3599712023037993,1.2958963282937344
2025-02-13,13.94,13.98,13.55,13.61,3093100.0,44845406.0,196052779.99999997,0.015776873962205486,-0.33000000000000007,-2.3672883787661414,3.084648493543757
2025-02-14,13.6,13.86,13.51,13.57,3010829.0,43424923.0,196052779.99999997,0.015357236964454166,-0.03999999999999915,-0.29390154298309934,2.5716385011021283
2025-02-17,13.54,13.73,13.52,13.7,2673300.0,38426222.0,196052779.99999997,0.013635613838273553,0.129999999999999,0.9579955784819294,1.5475313190862259
2025-02-18,13.64,13.71,13.16,13.26,3243200.0,46018360.0,196052779.99999997,0.01654248412085766,-0.4399999999999995,-3.211678832116782,4.0145985401459905
2025-02-19,13.23,13.63,13.22,13.61,2699100.0,38495318.0,196052779.99999997,0.01376721105408452,0.34999999999999964,2.639517345399689,3.0920060331825048
2025-02-20,13.59,13.66,13.47,13.59,2211000.0,31640590.0,196052779.99999997,0.011277575354963088,-0.019999999999999574,-0.14695077149154967,1.3960323291697245
2025-02-21,13.57,13.58,13.34,13.45,2630200.0,37312887.0,196052779.99999997,0.013415775078527325,-0.14000000000000057,-1.0301692420897735,1.7660044150110392
2025-02-24,13.43,13.81,13.37,13.59,3400600.0,48726655.0,196052779.99999997,0.017345329150650148,0.14000000000000057,1.0408921933085624,3.2713754646840245
2025-02-25,13.54,14.1,13.47,13.92,5007454.0,73004607.0,196052779.99999997,0.025541356771375548,0.33000000000000007,2.428256070640167,4.635761589403966
2025-02-26,13.9,14.16,13.87,14.05,4764174.0,70642787.0,196052779.99999997,0.024300466435620043,0.13000000000000078,0.9339080459770166,2.0833333333333397
2025-02-27,14.07,14.33,13.81,14.16,5737674.0,85431132.0,196052779.99999997,0.02926596603220827,0.10999999999999943,0.782918149466183,3.70106761565836
2025-02-28,14.28,15.11,13.84,13.91,8436260.0,127975777.0,196052779.99999997,0.04303055534331113,-0.25,-1.7655367231638408,8.968926553672313
2025-03-03,13.83,14.03,13.64,13.69,5084420.0,74307948.0,196052779.99999997,0.02593393472920915,-0.22000000000000064,-1.581595974119343,2.8037383177570008
2025-03-04,13.65,14.14,13.56,14.0,3889400.0,57110941.0,196052779.99999997,0.019838535316867228,0.3100000000000005,2.264426588750923,4.236669101533967
2025-03-05,13.96,14.05,13.74,14.03,2885600.0,42294945.0,196052779.99999997,0.014718485501710307,0.02999999999999936,0.2142857142857002,2.214285714285718
2025-03-06,14.03,14.18,13.98,14.03,3456400.0,51284171.0,196052779.99999997,0.01762994638484596,0.0,0.0,1.4255167498218055
2025-03-07,14.03,14.23,13.95,14.12,3106994.0,46241429.0,196052779.99999997,0.01584774263338679,0.08999999999999986,0.6414825374198241,1.9957234497505427
2025-03-10,14.12,14.41,14.12,14.33,4564501.0,68838121.0,196052779.99999997,0.02328200089792147,0.21000000000000085,1.487252124645888,2.053824362606239
2025-03-11,14.2,14.35,14.07,14.35,2975400.0,44657063.0,196052779.99999997,0.015176525423408943,0.019999999999999574,0.13956734124214165,1.9539427773900861
2025-03-12,14.35,14.47,14.28,14.38,3420800.0,51954434.0,196052779.99999997,0.017448362629695943,0.030000000000001137,0.2090592334494934,1.3240418118466988
2025-03-13,14.38,14.43,14.0,14.21,2984400.0,44650577.0,196052779.99999997,0.015222431428924398,-0.16999999999999993,-1.182197496522952,2.990264255910985
2025-03-14,14.12,14.32,13.95,14.3,3039800.0,45520024.0,196052779.99999997,0.01550500839620841,0.08999999999999986,0.6333567909922566,2.6038001407459603
2025-03-17,14.33,14.53,14.21,14.5,3408800.0,51766827.0,196052779.99999997,0.017387154622342006,0.1999999999999993,1.3986013986013957,2.2377622377622273
2025-03-18,14.49,15.01,14.44,14.8,8439899.0,131693693.0,196052779.99999997,0.04304911667154121,0.3000000000000007,2.0689655172413834,3.9310344827586228
2025-03-19,14.8,14.86,14.6,14.69,3938300.0,61135097.0,196052779.99999997,0.020087957946834524,-0.11000000000000121,-0.7432432432432523,1.756756756756755
2025-03-20,14.64,14.99,14.6,14.86,4153500.0,65188380.0,196052779.99999997,0.021185621545381814,0.16999999999999993,1.1572498298161982,2.6548672566371723
2025-03-21,14.77,15.25,14.54,14.68,6743900.0,105180214.0,196052779.99999997,0.034398390066185246,-0.17999999999999972,-1.2113055181695809,4.7779273216689155
2025-03-24,14.59,14.74,14.02,14.29,4297800.0,64989683.0,196052779.99999997,0.021921647833812917,-0.39000000000000057,-2.6566757493188042,4.90463215258856
2025-03-25,14.26,14.64,14.02,14.14,3516423.0,52947519.0,196052779.99999997,0.01793610373696308,-0.14999999999999858,-1.049685094471653,4.338698390482863
2025-03-26,14.15,14.75,14.14,14.59,5241000.0,80881779.0,196052779.99999997,0.02673259721183245,0.4499999999999993,3.1824611032531758,4.31400282885431
2025-03-27,14.59,14.59,14.28,14.31,3439500.0,52259977.0,196052779.99999997,0.017543745107822497,-0.27999999999999936,-1.919122686771757,2.124742974640168
2025-03-28,14.32,14.42,13.98,14.04,2315600.0,34551128.0,196052779.99999997,0.011811105152398249,-0.27000000000000135,-1.8867924528301994,3.0747728860936374
2025-03-31,13.99,14.03,13.69,13.88,2097800.0,30674827.0,196052779.99999997,0.010700179818924273,-0.15999999999999837,-1.1396011396011319,2.421652421652421
2025-04-01,13.95,14.17,13.9,14.05,2061400.0,30603203.0,196052779.99999997,0.01051451552995066,0.16999999999999993,1.2247838616714635,1.945244956772331
2025-04-02,13.97,14.33,13.97,14.12,1824000.0,27321391.0,196052779.99999997,0.009303617117798585,0.06999999999999851,0.4982206405693912,2.56227758007117
2025-04-03,14.07,14.12,13.67,13.94,2039300.0,30043229.0,196052779.99999997,0.010401790783073826,-0.17999999999999972,-1.2747875354107596,3.1869688385269073
2025-04-07,12.77,13.0,12.55,12.55,2714400.0,36179406.0,196052779.99999997,0.01384525126346079,-1.3899999999999988,-9.971305595408886,3.2281205164992777
2025-04-08,12.34,12.4,11.32,11.56,5636300.0,69966843.0,196052779.99999997,0.02874889098741676,-0.9900000000000002,-7.888446215139444,8.60557768924303
2025-04-09,11.22,11.79,10.59,11.69,4389700.0,52092015.0,196052779.99999997,0.022390399156798493,0.129999999999999,1.1245674740484324,10.380622837370236
2025-04-10,11.9,12.28,11.9,12.0,3033600.0,38813024.0,196052779.99999997,0.015473384259075544,0.3100000000000005,2.651839178785287,3.250641573994859
2025-04-11,12.0,12.26,11.9,12.14,1912200.0,24561946.0,196052779.99999997,0.00975349597185003,0.14000000000000057,1.1666666666666714,2.9999999999999956
2025-04-14,12.3,12.54,12.3,12.4,2093600.0,27481588.0,196052779.99999997,0.010678757016350394,0.2599999999999998,2.1416803953871577,1.9769357495881255
2025-04-15,12.4,12.55,12.32,12.54,2316100.0,30476518.0,196052779.99999997,0.011813655486037996,0.1399999999999988,1.1290322580645107,1.8548387096774226
2025-04-16,12.54,12.59,12.03,12.29,1996800.0,25929708.0,196052779.99999997,0.010185012423695294,-0.25,-1.9936204146730474,4.465709728867628
2025-04-17,12.15,12.45,12.15,12.34,1161500.0,15192979.0,196052779.99999997,0.005924425045133255,0.05000000000000071,0.40683482506103097,2.4410089503661427
2025-04-18,12.4,12.45,12.18,12.34,1334100.0,17333442.0,196052779.99999997,0.006804800217574064,0.0,0.0,2.1880064829821686
2025-04-21,12.25,12.54,12.24,12.48,1279900.0,16822944.0,196052779.99999997,0.0065283440510254444,0.14000000000000057,1.1345218800648427,2.431118314424627
2025-04-22,12.5,12.6,12.44,12.54,1239100.0,16369888.0,196052779.99999997,0.0063202368260220545,0.05999999999999872,0.48076923076922906,1.2820512820512833
2025-04-23,12.58,12.89,12.55,12.86,2136600.0,28843423.0,196052779.99999997,0.010898085709368673,0.3200000000000003,2.551834130781505,2.711323763955342
2025-04-24,12.74,12.93,12.64,12.8,1641600.0,22178600.0,196052779.99999997,0.008373255406018727,-0.05999999999999872,-0.4665629860031051,2.2550544323483606
2025-04-25,12.73,12.94,12.7,12.86,1662300.0,22566072.0,196052779.99999997,0.00847883921870427,0.05999999999999872,0.46874999999999556,1.8750000000000018
2025-04-28,14.15,14.15,14.15,14.15,1919600.0,28678824.0,196052779.99999997,0.009791240909718293,1.290000000000001,10.031104199066876,0.0
2025-04-29,15.13,15.13,14.12,14.55,20437097.0,314031134.0,196052779.99999997,0.10424283195576213,0.40000000000000036,2.8268551236749095,7.137809187279162
2025-04-30,14.64,16.01,14.61,16.01,20098719.0,326101803.0,196052779.99999997,0.10251687836306123,1.4600000000000009,10.034364261168394,9.62199312714778
2025-05-06,17.61,17.61,17.22,17.61,7031000.0,130562064.0,196052779.99999997,0.03586279164212821,1.5999999999999979,9.993753903810099,2.43597751405372
2025-05-07,19.37,19.37,16.66,17.72,42867646.0,816509809.0,196052779.99999997,0.21865359930116782,0.10999999999999943,0.6246450880181609,15.38898353208405
2025-05-08,16.66,17.19,16.15,16.16,28422104.0,497560020.0,196052779.99999997,0.14497169588719938,-1.5599999999999987,-8.803611738148975,5.8690744920993385
2025-05-09,16.22,16.59,15.99,16.0,17207500.0,296175718.0,196052779.99999997,0.08776973221190744,-0.16000000000000014,-0.990099009900991,3.712871287128711
2025-05-12,16.02,16.55,16.02,16.43,14311794.0,246734179.0,196052779.99999997,0.07299969936667056,0.4299999999999997,2.6874999999999982,3.312500000000007
2025-05-13,16.67,16.86,16.32,16.59,13618694.0,237915843.0,196052779.99999997,0.06946442687525269,0.16000000000000014,0.9738283627510613,3.2866707242848396
2025-05-14,16.62,16.79,16.4,16.66,10681358.0,187489627.0,196052779.99999997,0.054482053251170434,0.07000000000000028,0.42194092827003704,2.35081374321881
2025-05-15,16.64,16.64,16.19,16.5,8120958.0,140662017.0,196052779.99999997,0.041422304748751845,-0.16000000000000014,-0.9603841536614643,2.701080432172865
2025-05-16,16.43,17.31,16.41,17.05,14633900.0,263447488.0,196052779.99999997,0.07464265490139953,0.5500000000000007,3.3333333333333437,5.454545454545446
2025-05-19,16.83,17.29,16.6,16.98,10525058.0,188192859.0,196052779.99999997,0.05368481895538539,-0.07000000000000028,-0.4105571847507372,4.046920821114356
2025-05-20,16.74,17.13,16.66,17.1,8453700.0,150595920.0,196052779.99999997,0.04311951098066552,0.120000000000001,0.7067137809187329,2.7679623085983445
2025-05-21,17.05,17.09,16.72,16.81,6559100.0,116777530.0,196052779.99999997,0.0334557867529346,-0.2900000000000027,-1.6959064327485507,2.163742690058485
2025-05-22,16.73,17.15,16.63,16.83,6401804.0,113968383.0,196052779.99999997,0.032653472192539175,0.019999999999999574,0.11897679952408424,3.0933967876264106
2025-05-23,16.72,17.09,16.48,16.7,6121400.0,108713710.0,196052779.99999997,0.031223224684699707,-0.129999999999999,-0.7724301841948833,3.6244800950683276
2025-05-26,16.6,16.75,16.44,16.66,4218000.0,73926874.0,196052779.99999997,0.02151461458490923,-0.03999999999999915,-0.23952095808382756,1.856287425149693
2025-05-27,16.76,17.23,16.57,16.92,9895129.0,177014622.0,196052779.99999997,0.05047176071668048,0.26000000000000156,1.5606242496998934,3.9615846338535423
2025-05-28,16.92,17.29,16.92,17.08,9216800.0,166512640.0,196052779.99999997,0.04701183018164803,0.1599999999999966,0.9456264775413503,2.1867612293144054
2025-05-29,17.01,17.47,17.01,17.34,8672300.0,158445008.0,196052779.99999997,0.04423451684796309,0.26000000000000156,1.5222482435597318,2.6932084309133337
2025-05-30,17.27,17.41,16.57,16.58,8586900.0,152495968.0,196052779.99999997,0.043798919862294235,-0.7600000000000016,-4.382929642445221,4.844290657439446
2025-06-03,16.34,16.97,16.34,16.91,6610300.0,117215275.0,196052779.99999997,0.03371694091764473,0.33000000000000185,1.990349819059123,3.799758745476472
2025-06-04,16.92,16.97,16.76,16.87,4643600.0,82592205.0,196052779.99999997,0.023685458579062235,-0.03999999999999915,-0.23654642223536193,1.2418687167356435
2025-06-05,16.92,17.35,16.76,17.17,5201600.0,93754931.0,196052779.99999997,0.026531630921020354,0.3000000000000007,1.778304682868992,3.497332542975695
2025-06-06,17.34,17.35,16.96,17.06,3362800.0,59303239.0,196052779.99999997,0.017152523927485244,-0.11000000000000298,-0.6406523005241915,2.2714036109493336
2025-06-09,17.11,17.32,17.04,17.24,4589300.0,81638524.0,196052779.99999997,0.023408492345785663,0.17999999999999972,1.0550996483001063,1.641266119577967
2025-06-10,17.38,17.38,16.59,16.8,4835200.0,84452956.0,196052779.99999997,0.024662746429813445,-0.4399999999999977,-2.552204176334094,4.582366589327141
2025-06-11,16.86,18.49,16.81,18.49,6165600.0,114265515.0,196052779.99999997,0.03144867417845338,1.6899999999999977,10.059523809523796,9.999999999999998
2025-06-12,19.55,20.34,17.97,19.08,30818179.0,603922143.0,196052779.99999997,0.15719327723891496,0.5899999999999999,3.1909140075716547,12.817739318550576
2025-06-13,18.79,18.95,17.7,17.78,19872046.0,372048865.0,196052779.99999997,0.10136069480881629,-1.2999999999999972,-6.813417190775672,6.551362683438155
2025-06-16,17.72,17.91,17.33,17.52,11490500.0,209056372.0,196052779.99999997,0.058609217375035445,-0.26000000000000156,-1.462317210348718,3.262092238470202
2025-06-17,17.62,17.65,17.04,17.16,10513300.0,186857935.0,196052779.99999997,0.053624845309513086,-0.35999999999999943,-2.0547945205479423,3.4817351598173487
2025-06-18,16.99,17.12,16.71,16.93,6810600.0,118676366.0,196052779.99999997,0.03473860457372755,-0.23000000000000043,-1.3403263403263477,2.38927738927739
2025-06-19,16.78,17.12,16.48,16.54,6807550.0,118162769.0,196052779.99999997,0.03472304753852509,-0.39000000000000057,-2.303603071470761,3.780271707028946
2025-06-20,16.47,16.75,16.26,16.29,5261600.0,89218941.0,196052779.99999997,0.026837670957790043,-0.25,-1.5114873035066534,2.9625151148730255
2025-06-23,16.1,16.58,16.1,16.56,4774750.0,80864554.0,196052779.99999997,0.02435441109276798,0.2699999999999996,1.6574585635359185,2.9465930018416016
2025-06-24,16.69,17.35,16.68,17.24,7019300.0,124182461.0,196052779.99999997,0.03580311383495812,0.6799999999999997,4.106280193236711,4.045893719806774
2025-06-25,17.24,17.57,17.24,17.32,6598900.0,118393152.0,196052779.99999997,0.03365879331065849,0.08000000000000185,0.46403712296985145,1.9141531322505911
2025-06-26,17.1,17.51,17.1,17.17,4442600.0,79225470.0,196052779.99999997,0.02266022445588377,-0.14999999999999858,-0.8660508083140783,2.367205542725174
2025-06-27,17.32,17.38,17.09,17.34,4272500.0,76019637.0,196052779.99999997,0.021792600951641698,0.16999999999999815,0.9900990099009688,1.688992428654625
2025-06-30,17.41,17.89,17.17,17.74,6443800.0,117552804.0,196052779.99999997,0.03286767981560884,0.3999999999999986,2.3068050749711633,4.15224913494809
2025-07-01,17.73,18.38,17.66,18.2,8601450.0,160122445.0,196052779.99999997,0.04387313457121088,0.46000000000000085,2.5930101465614586,4.058624577226601
2025-07-02,18.09,18.27,17.84,17.99,5613700.0,104579154.0,196052779.99999997,0.028633615906900178,-0.21000000000000085,-1.1538461538461608,2.3626373626373613
2025-07-03,17.92,18.36,17.87,18.09,4417100.0,82507440.0,196052779.99999997,0.022530157440256653,0.10000000000000142,0.5558643690939391,2.723735408560303
2025-07-04,18.08,18.09,17.73,17.76,4303500.0,79316521.0,196052779.99999997,0.02195072163730604,-0.3299999999999983,-1.8242122719734577,1.990049751243778
2025-07-07,17.78,18.06,17.72,17.98,3405100.0,63054180.0,196052779.99999997,0.017368282153407875,0.21999999999999886,1.2387387387387427,1.9144144144144135
2025-07-08,17.93,18.28,17.88,18.27,4635600.0,87049262.0,196052779.99999997,0.023644653240826274,0.28999999999999915,1.6129032258064502,2.2246941045606348
2025-07-09,18.19,18.51,18.0,18.11,3955000.0,74154833.0,196052779.99999997,0.020173139090402088,-0.16000000000000014,-0.8757525998905336,2.791461412151076
2025-07-10,18.06,18.11,17.82,18.08,2890300.0,53614013.0,196052779.99999997,0.014742458637923932,-0.030000000000001137,-0.1656543346217676,1.6013252346769695
2025-07-11,18.01,18.25,17.85,18.21,4255700.0,79274115.0,196052779.99999997,0.021706909741346186,0.13000000000000256,0.7190265486725744,2.212389380530966
2025-07-14,17.32,18.02,16.8,17.89,13126200.0,237564567.0,196052779.99999997,0.06695237884410515,-0.3200000000000003,-1.75727622185613,6.6996155958264625
2025-07-15,17.77,17.99,17.43,17.64,7213300.0,131524779.0,196052779.99999997,0.03679264328718012,-0.25,-1.397428731134709,3.130240357741748
2025-07-16,17.63,18.24,17.52,17.97,6907200.0,127923340.0,196052779.99999997,0.03523132903292675,0.3299999999999983,1.8707482993197244,4.081632653061218
2025-07-17,17.98,18.14,17.81,17.88,4446800.0,82408786.0,196052779.99999997,0.02268164725845765,-0.08999999999999986,-0.5008347245408995,1.836393989983316
2025-07-18,17.86,18.06,17.39,17.66,5197400.0,94481312.0,196052779.99999997,0.026510208118446475,-0.21999999999999886,-1.230425055928408,3.7472035794183345
2025-07-21,17.54,17.7,17.44,17.47,4565294.0,82591594.0,196052779.99999997,0.02328604572707411,-0.19000000000000128,-1.0758776896942268,1.4722536806341902
2025-07-22,17.48,17.48,17.12,17.19,5121500.0,91068408.0,196052779.99999997,0.026123067471932816,-0.2799999999999976,-1.6027475672581448,2.060675443617627
2025-07-23,17.17,17.29,17.04,17.15,3393000.0,60237872.0,196052779.99999997,0.017306564079325987,-0.0400000000000027,-0.23269342641072388,1.4543339150668992
2025-07-24,17.13,17.3,17.05,17.17,4164700.0,73754808.0,196052779.99999997,0.021242749018912155,0.020000000000003126,0.11661807580176653,1.457725947521866
2025-07-25,17.21,17.38,17.1,17.32,4393000.0,78314791.0,196052779.99999997,0.022407231358820827,0.14999999999999858,0.873616773442043,1.630751310425146
2025-07-28,17.36,17.47,17.29,17.32,3739400.0,67072916.0,196052779.99999997,0.019073435224943,0.0,0.0,1.0392609699769038
2025-07-29,17.32,17.33,16.93,17.04,3753700.0,66025744.0,196052779.99999997,0.019146374767039776,-0.28000000000000114,-1.616628175519641,2.3094688221708926
2025-07-30,17.01,17.09,16.77,16.86,3546500.0,61939532.0,196052779.99999997,0.018089516506728447,-0.17999999999999972,-1.0563380281690127,1.8779342723004713
2025-07-31,16.8,16.95,16.67,16.7,2697300.0,46777194.0,196052779.99999997,0.013758029852981428,-0.16000000000000014,-0.9489916963226541,1.6607354685646356
2025-08-01,16.75,17.07,16.69,17.06,4698400.0,82182323.0,196052779.99999997,0.02396497514597855,0.35999999999999943,2.1556886227544814,2.2754491017964016
2025-08-04,16.94,17.3,16.9,17.26,3416600.0,60537084.0,196052779.99999997,0.017426939827122068,0.20000000000000284,1.1723329425556983,2.344665885111384
2025-08-05,17.3,18.13,17.26,17.94,9144500.0,168195685.0,196052779.99999997,0.04664305193734056,0.6799999999999997,3.939745075318646,5.040556199304735
2025-08-06,17.84,18.35,17.7,18.26,6917300.0,129434555.0,196052779.99999997,0.035282845772449646,0.3200000000000003,1.7837235228539638,3.6231884057971135
2025-08-07,18.2,18.34,18.06,18.34,5075400.0,95388449.0,196052779.99999997,0.025887926710348105,0.0799999999999983,0.4381161007666945,1.5334063526834671
2025-08-08,18.3,19.36,18.22,18.71,7165800.0,139152636.0,196052779.99999997,0.03655036159140412,0.370000000000001,2.0174482006543037,6.215921483097059
2025-08-11,18.7,19.69,18.56,19.42,8143100.0,162577081.0,196052779.99999997,0.04153524372365442,0.7100000000000009,3.794762159273124,6.039551042223423
2025-08-12,19.41,19.41,18.91,18.96,6334400.0,124920480.0,196052779.99999997,0.032309666815232105,-0.46000000000000085,-2.3686920700308978,2.5746652935118433
2025-08-13,18.9,19.91,18.88,19.47,7822556.0,156602811.0,196052779.99999997,0.03990025543121603,0.509999999999998,2.689873417721511,5.432489451476799
2025-08-14,19.53,19.54,18.93,19.0,4462600.0,88234452.0,196052779.99999997,0.022762237801473666,-0.46999999999999886,-2.413970210580374,3.133025166923469
2025-08-15,19.0,19.38,18.96,19.23,4066700.0,80789148.0,196052779.99999997,0.020742883625521662,0.23000000000000043,1.210526315789484,2.2105263157894637
2025-08-18,19.29,19.47,19.03,19.11,6015300.0,119300907.0,196052779.99999997,0.030682043886345305,-0.120000000000001,-0.6240249609984483,2.2880915236609347
2025-08-19,19.06,19.45,18.98,19.32,5719000.0,113704348.0,196052779.99999997,0.029170716171430983,0.21000000000000085,1.098901098901095,2.459445316588168
2025-08-20,19.27,21.26,19.26,21.26,11319800.0,238980157.0,196052779.99999997,0.05773853347042568,1.9400000000000013,10.041407867494833,10.351966873706003
2025-08-21,23.04,23.39,21.08,21.46,32884544.0,764443624.0,196052779.99999997,0.16773311758190831,0.1999999999999993,0.940733772342428,10.865475070555043
2025-08-22,20.73,21.19,20.24,20.42,23535224.0,499136926.0,196052779.99999997,0.12004534697238164,-1.0399999999999991,-4.846225535880699,4.426840633737199
2025-08-25,20.43,20.52,19.95,20.03,15105611.0,313898554.0,196052779.99999997,0.07704869576447732,-0.39000000000000057,-1.9098922624877557,2.791380999020569
2025-08-26,20.12,20.25,19.92,20.15,10060400.0,208801633.0,196052779.99999997,0.05131475309862988,0.11999999999999744,0.599101347978026,1.647528706939582
2025-08-27,20.15,20.24,19.42,19.44,9730833.0,199657125.0,196052779.99999997,0.0496337414853286,-0.7099999999999973,-3.523573200992547,4.06947890818857
2025-08-28,19.57,19.75,18.97,19.65,7375300.0,147903397.0,196052779.99999997,0.03761895138645829,0.2099999999999973,1.0802469135802406,4.012345679012351
2025-08-29,19.54,19.81,19.45,19.61,5259900.0,106567523.0,196052779.99999997,0.0268289998234149,-0.03999999999999915,-0.20356234096691184,1.8320610687022874
2025-09-01,19.57,19.59,19.37,19.46,4558494.0,91613255.0,196052779.99999997,0.023251361189573546,-0.14999999999999858,-0.7649158592554772,1.121876593574701
2025-09-02,19.47,19.53,18.88,19.37,5831294.0,115493430.0,196052779.99999997,0.029743490502914575,-0.08999999999999986,-0.4624871531346386,3.3401849948612643
2025-09-03,19.47,19.53,18.59,18.68,4177900.0,81943222.0,196052779.99999997,0.02131007782700149,-0.6900000000000013,-3.5622096024780614,4.852865255549825
2025-09-04,18.61,18.88,18.33,18.66,4044200.0,77962566.0,196052779.99999997,0.020628118611733026,-0.019999999999999574,-0.10706638115631772,2.9443254817987192
2025-09-05,18.66,19.09,18.56,19.09,3530150.0,68848510.0,196052779.99999997,0.018006120596708704,0.4299999999999997,2.3043944265809246,2.8403001071811422
2025-09-08,19.1,19.36,19.01,19.35,3466354.0,68701674.0,196052779.99999997,0.017680718426946053,0.26000000000000156,1.3619696176008445,1.8334206390780403
2025-09-09,19.35,19.35,19.06,19.11,2664454.0,52706977.0,196052779.99999997,0.01359049333551914,-0.240000000000002,-1.240310077519391,1.4987080103359312
2025-09-10,19.09,19.32,18.99,19.08,2579377.0,50952450.0,196052779.99999997,0.01315654386538156,-0.030000000000001137,-0.15698587127158659,1.7268445839874507
2025-09-11,19.03,19.21,18.79,19.19,3326750.0,65451725.0,196052779.99999997,0.016968644872059454,0.11000000000000298,0.5765199161425816,2.2012578616352294
2025-09-12,19.2,19.56,19.18,19.21,4679900.0,93478414.0,196052779.99999997,0.023870612801307898,0.019999999999999574,0.10422094841062712,1.980198019801975
2025-09-15,19.32,19.33,19.03,19.06,2612241.0,51520297.0,196052779.99999997,0.013324172194854877,-0.15000000000000213,-0.7808433107756474,1.5616866215512604
2025-09-16,19.02,19.52,19.0,19.41,4937665.0,98608101.0,196052779.99999997,0.025185386302606885,0.3500000000000014,1.8363064008394714,2.728226652675759
2025-09-17,19.41,20.09,19.22,19.8,7542894.0,154386344.0,196052779.99999997,0.03847379261849794,0.39000000000000057,2.009273570324588,4.482225656877903
2025-09-18,19.85,19.94,19.06,19.21,6967600.0,140386730.0,196052779.99999997,0.03553940933660824,-0.5899999999999999,-2.9797979797979823,4.444444444444457
2025-09-19,19.21,19.32,18.72,18.88,4468700.0,87147179.0,196052779.99999997,0.022793351871878587,-0.33000000000000185,-1.7178552837064154,3.123373243102558
2025-09-22,18.86,19.22,18.74,19.05,2868700.0,56128801.0,196052779.99999997,0.014632284224686844,0.1700000000000017,0.9004237288135597,2.5423728813559343
2025-09-23,19.09,19.11,18.48,18.94,3591700.0,69504210.0,196052779.99999997,0.018320066667761613,-0.10999999999999943,-0.5774278215223028,3.307086614173223
2025-09-24,18.94,19.0,18.65,18.99,3246850.0,63113780.0,196052779.99999997,0.01656110155642782,0.04999999999999716,0.263991552270304,1.847940865892299
2025-09-25,18.99,19.61,18.79,19.27,4892650.0,97522884.0,196052779.99999997,0.024955779765020423,0.28000000000000114,1.4744602422327668,4.318062137967353
2025-09-26,19.16,19.81,18.96,19.39,6530400.0,131249747.0,196052779.99999997,0.0333093976020131,0.120000000000001,0.6227296315516329,4.411001556824068
2025-09-29,19.56,19.61,18.89,19.19,4239450.0,83817125.0,196052779.99999997,0.021624023898054394,-0.1999999999999993,-1.0314595152140282,3.713254254770494
2025-09-30,19.23,19.45,18.97,18.98,3667000.0,72244301.0,196052779.99999997,0.018704146913907573,-0.21000000000000085,-1.0943199583116292,2.501302761855135
2025-10-09,18.99,19.04,18.67,19.04,2731450.0,53296059.0,196052779.99999997,0.013932217640576177,0.05999999999999872,0.31612223393044925,1.9494204425711141
2025-10-10,18.98,19.33,18.89,19.06,3267650.0,64545234.0,196052779.99999997,0.01666719543584131,0.019999999999999574,0.10504201680672232,2.3109243697478874
2025-10-13,18.5,18.51,17.94,18.44,5238550.0,98775041.0,196052779.99999997,0.02672010057699769,-0.6199999999999974,-3.2528856243441595,2.9905561385099704
2025-10-14,18.4,18.84,18.27,18.34,3067400.0,58738286.0,196052779.99999997,0.015645786813122467,-0.10000000000000142,-0.5422993492407935,3.0911062906724527
2025-10-15,18.39,18.71,18.24,18.69,2675700.0,51244528.0,196052779.99999997,0.01364785543974434,0.3500000000000014,1.9083969465648831,2.562704471101431
2025-10-16,18.76,18.96,18.42,18.66,3292200.0,63399282.0,196052779.99999997,0.01679241681755291,-0.030000000000001137,-0.16051364365972098,2.8892455858747947
2025-10-17,18.58,18.7,17.96,18.01,3408880.0,64294100.0,196052779.99999997,0.017387562675724368,-0.6499999999999986,-3.483386923901388,3.9657020364415776
2025-10-20,18.06,18.5,18.06,18.35,2130500.0,40236435.0,196052779.99999997,0.010866971638963755,0.33999999999999986,1.887840088839532,2.4430871737923443
2025-10-21,18.35,18.62,18.29,18.61,2205600.0,42183594.0,196052779.99999997,0.011250031751653816,0.259999999999998,1.416893732970026,1.7983651226158137
2025-10-22,18.61,18.87,18.51,18.64,2203400.0,42559421.0,196052779.99999997,0.011238810283638928,0.030000000000001137,0.1612036539494932,1.9344438473938714
2025-10-23,18.62,18.7,18.38,18.7,1810000.0,34687365.0,196052779.99999997,0.009232207775885659,0.05999999999999872,0.32188841201716833,1.716738197424894
2025-10-24,18.72,19.07,18.67,18.97,3069821.0,59908787.0,196052779.99999997,0.015658135528606124,0.2699999999999996,1.443850267379676,2.1390374331550728
2025-10-27,19.11,19.18,18.9,19.02,2394100.0,47050703.0,196052779.99999997,0.012211507533838593,0.05000000000000071,0.26357406431207764,1.4760147601476075
2025-10-28,19.03,19.22,18.95,19.15,2113900.0,41725998.0,196052779.99999997,0.01078230056212414,0.129999999999999,0.6834910620399537,1.419558359621449
2025-10-29,19.17,19.2,18.77,19.11,2501800.0,49010414.0,196052779.99999997,0.012760849399840188,-0.03999999999999915,-0.20887728459529908,2.2454308093994766
2025-10-30,18.87,18.87,18.31,18.39,5761100.0,110089503.0,196052779.99999997,0.029385454263897715,-0.7199999999999989,-3.7676609105180447,2.9304029304029426
2025-10-31,18.4,18.82,18.4,18.71,3550600.0,68591022.0,196052779.99999997,0.018110429242574375,0.3200000000000003,1.7400761283306254,2.2838499184339405
2025-11-03,18.68,18.87,18.38,18.45,3304000.0,63050828.0,196052779.99999997,0.01685260469145095,-0.26000000000000156,-1.3896312132549493,2.61892036344202
2025-11-04,18.45,18.54,18.18,18.29,2259900.0,42807337.0,196052779.99999997,0.011526997984930386,-0.16000000000000014,-0.8672086720867167,1.9512195121951188
2025-11-05,18.24,18.57,18.17,18.51,2310700.0,43897401.0,196052779.99999997,0.011786111882728724,0.22000000000000242,1.202843083652283,2.1869874248222994
2025-11-06,18.5,18.65,18.33,18.65,1971200.0,37746059.0,196052779.99999997,0.010054435341340226,0.13999999999999702,0.7563479200431988,1.7287952458130755
2025-11-07,18.58,18.58,18.38,18.4,1896400.0,36148350.0,196052779.99999997,0.009672905428834012,-0.25,-1.3404825737265424,1.0723860589812295
2025-11-10,18.53,18.53,18.28,18.31,1494200.0,28295733.0,196052779.99999997,0.007621417049021188,-0.08999999999999986,-0.4891304347826031,1.358695652173913
2025-11-11,18.4,18.44,18.27,18.33,1601800.0,30349507.0,196052779.99999997,0.008170248848294833,0.019999999999999574,0.10922992900055384,0.9284543965046516
2025-11-12,18.4,18.4,18.1,18.17,1754600.0,32949932.0,196052779.99999997,0.008949630808601644,-0.1599999999999966,-0.8728859792689447,1.6366612111292806
2025-11-13,18.12,18.26,17.99,18.24,1269050.0,23766110.0,196052779.99999997,0.0064730018110429255,0.06999999999999673,0.38525041276828986,1.4859658778206004
2025-11-14,18.11,18.45,18.11,18.31,1730500.0,32774327.0,196052779.99999997,0.008826704727165818,0.07000000000000028,0.3837719298245723,1.8640350877192977
2025-11-17,18.32,18.35,18.1,18.2,1362100.0,25579642.0,196052779.99999997,0.00694761890139992,-0.10999999999999943,-0.6007646095030017,1.365374112506827
2025-11-18,18.23,18.27,17.99,18.05,1379409.0,25791120.0,196052779.99999997,0.007035906351340696,-0.14999999999999858,-0.8241758241758212,1.5384615384615448
2025-11-19,18.02,18.09,17.61,17.62,1727100.0,31700519.0,196052779.99999997,0.008809362458415536,-0.4299999999999997,-2.382271468144037,2.659279778393354
2025-11-20,17.82,17.86,17.58,17.67,1106528.0,20226638.0,196052779.99999997,0.005644031163444865,0.05000000000000071,0.2837684449489286,1.5891032917139676
2025-11-21,17.59,17.77,16.96,16.96,2448300.0,43573579.0,196052779.99999997,0.012487963700387215,-0.7100000000000009,-4.018109790605551,4.584040747028855
2025-11-24,17.05,17.39,17.02,17.31,1571100.0,27913772.0,196052779.99999997,0.008013658362814341,0.34999999999999787,2.063679245283012,2.1816037735849116
2025-11-25,17.33,17.61,17.33,17.4,1305300.0,23569150.0,196052779.99999997,0.006657900999924613,0.08999999999999986,0.5199306759098743,1.6175621028307403
2025-11-26,17.39,17.62,17.34,17.35,1146800.0,20722386.0,196052779.99999997,0.005849445236124681,-0.04999999999999716,-0.2873563218390607,1.609195402298857
2025-11-27,17.36,17.57,17.36,17.49,866900.0,15658676.0,196052779.99999997,0.004421768464594075,0.13999999999999702,0.8069164265129602,1.2103746397694573
2025-11-28,17.45,17.72,17.43,17.72,1118900.0,20246019.0,196052779.99999997,0.005707136619026775,0.23000000000000043,1.3150371640937797,1.6580903373356155
2025-12-01,17.85,17.97,17.68,17.92,1362050.0,25007844.0,196052779.99999997,0.006947363868035945,0.20000000000000284,1.1286681715575675,1.6365688487584604
2025-12-02,17.94,17.94,17.71,17.78,1081486.0,19766345.0,196052779.99999997,0.005516300253431756,-0.14000000000000057,-0.78125,1.283482142857145
2025-12-03,17.83,17.88,17.67,17.75,1137300.0,20754677.0,196052779.99999997,0.0058009888969694804,-0.030000000000001137,-0.16872890888639525,1.1811023622047092
2025-12-04,17.86,17.96,17.64,17.85,1152692.0,21098245.0,196052779.99999997,0.005879498367735465,0.10000000000000142,0.5633802816901401,1.8028169014084523
2025-12-05,17.92,18.05,17.72,18.02,1493500.0,27511400.0,196052779.99999997,0.007617846581925542,0.16999999999999815,0.952380952380949,1.8487394957983294
2025-12-08,18.04,18.06,17.85,18.03,1024502.0,18947313.0,196052779.99999997,0.005225643829177022,0.010000000000001563,0.05549389567147678,1.165371809100984
2025-12-09,18.03,18.07,17.83,17.84,1040900.0,19193197.0,196052779.99999997,0.0053092845712261775,-0.19000000000000128,-1.0537992235163718,1.3311148086522573
2025-12-10,17.86,17.97,17.65,17.87,1033400.0,18923565.0,196052779.99999997,0.005271029566629967,0.030000000000001137,0.16816143497757619,1.793721973094172
2025-12-11,17.96,17.96,17.57,17.61,1140000.0,20729452.0,196052779.99999997,0.0058147606986241164,-0.26000000000000156,-1.4549524342473474,2.182428651371016
2025-12-12,17.67,17.77,17.46,17.5,1253300.0,22668621.0,196052779.99999997,0.006392666301390882,-0.10999999999999943,-0.624645088018172,1.760363429869385
2025-12-15,17.35,17.72,17.32,17.45,1048900.0,18808031.0,196052779.99999997,0.005350089909462136,-0.05000000000000071,-0.28571428571428914,2.2857142857142776
2025-12-16,17.44,17.52,17.09,17.17,1118100.0,19779700.0,196052779.99999997,0.005703056085203179,-0.2799999999999976,-1.6045845272206205,2.464183381088824
2025-12-17,17.21,18.24,16.86,17.82,4951618.0,89415990.0,196052779.99999997,0.025256555913157674,0.6499999999999986,3.785672684915542,8.037274315666853
2025-12-18,17.82,17.86,17.4,17.43,3206500.0,58013353.0,196052779.99999997,0.0163552896317002,-0.39000000000000057,-2.1885521885521952,2.5813692480359194
2025-12-19,17.51,18.76,17.51,18.2,5036000.0,94031592.0,196052779.99999997,0.02568696041953601,0.7699999999999996,4.417670682730912,7.17154331612163
2025-12-22,18.5,18.56,18.12,18.31,3253900.0,61183401.0,196052779.99999997,0.016597061260748256,0.10999999999999943,0.6043956043956022,2.417582417582405
2025-12-23,18.31,18.37,18.03,18.04,1920700.0,35745302.0,196052779.99999997,0.009796851643725736,-0.2699999999999996,-1.4746040415073658,1.8569087930092838
2025-12-24,18.03,18.37,18.03,18.33,2263200.0,42466622.0,196052779.99999997,0.011543830186952719,0.28999999999999915,1.6075388026607573,1.8847006651884695
2025-12-25,18.29,18.45,18.2,18.42,2298150.0,43347337.0,196052779.99999997,0.011722098508371064,0.09000000000000341,0.49099836333881264,1.363884342607747
2025-12-26,18.37,18.7,18.33,18.47,3016100.0,57355581.0,196052779.99999997,0.015384122581684383,0.04999999999999716,0.271444082518979,2.008686210640613
2025-12-29,18.49,18.5,18.25,18.33,1769900.0,33303390.0,196052779.99999997,0.009027671017977915,-0.14000000000000057,-0.7579859231185759,1.353546291283162
2025-12-30,18.21,18.48,18.13,18.36,2449100.0,46135276.0,196052779.99999997,0.01249204423421081,0.030000000000001137,0.16366612111293755,1.9094380796508534
2025-12-31,18.46,18.66,18.25,18.58,2331900.0,44276450.0,196052779.99999997,0.011894246029054015,0.21999999999999886,1.1982570806100101,2.233115468409587
2026-01-05,18.59,18.96,18.55,18.96,4509107.0,86912768.0,196052779.99999997,0.022999454534641136,0.38000000000000256,2.0452099031216475,2.206673842841766
2026-01-06,18.98,19.28,18.78,18.87,3620100.0,70593125.0,196052779.99999997,0.018464925618499266,-0.08999999999999986,-0.4746835443038,2.6371308016877633
2026-01-07,18.82,18.85,18.6,18.71,2772000.0,53258089.0,196052779.99999997,0.014139049698759693,-0.16000000000000014,-0.8479067302596732,1.3248542660307365
2026-01-08,18.71,18.75,18.57,18.71,2035700.0,39012766.0,196052779.99999997,0.010383428380867643,0.0,0.0,0.9620523784072672
2026-01-09,18.68,18.83,18.47,18.63,3016509.0,57633484.0,196052779.99999997,0.015386208754601697,-0.08000000000000185,-0.4275788348476861,1.9241047568145344
2026-01-12,18.6,18.89,18.47,18.86,3474509.0,66639895.0,196052779.99999997,0.017722314368610333,0.23000000000000043,1.2345679012345734,2.2544283413848722
2026-01-13,18.84,18.89,18.59,18.65,2777509.0,53465914.0,196052779.99999997,0.014167149274802431,-0.21000000000000085,-1.113467656415701,1.5906680805938531
2026-01-14,18.7,18.81,18.29,18.42,3780100.0,72135756.0,196052779.99999997,0.01928103238321844,-0.22999999999999687,-1.2332439678284013,2.7882037533512043
2026-01-15,18.48,18.63,18.36,18.45,1700300.0,32308234.0,196052779.99999997,0.008672664575325074,0.029999999999997584,0.16286644951137852,1.4657980456026034
2026-01-16,18.56,18.79,18.45,18.76,2746700.0,52593347.0,196052779.99999997,0.014010002816588474,0.3100000000000023,1.680216802168033,1.842818428184281
2026-01-19,18.7,19.18,18.7,19.17,3961800.0,77292386.0,196052779.99999997,0.020207823627902653,0.41000000000000014,2.1855010660980723,2.558635394456292
2026-01-20,19.17,19.43,19.02,19.14,4171800.0,82272886.0,196052779.99999997,0.021278963756596568,-0.030000000000001137,-0.15649452269170805,2.1387584767866463
2026-01-21,19.12,19.34,18.93,19.28,2809500.0,55468143.0,196052779.99999997,0.014330324721740749,0.14000000000000057,0.7314524555903867,2.1421107628004186
2026-01-22,19.33,19.42,19.22,19.25,2161901.0,42831222.0,196052779.99999997,0.011027137692207171,-0.030000000000001137,-0.1556016597510479,1.0373443983402637
2026-01-23,19.23,19.41,19.15,19.35,2436700.0,48215684.0,196052779.99999997,0.012428795959945074,0.10000000000000142,0.5194805194805197,1.3506493506493589
2026-01-26,19.47,19.55,18.95,19.07,3552400.0,69975304.0,196052779.99999997,0.018119610443677464,-0.28000000000000114,-1.4470284237726116,3.100775193798457
2026-01-27,19.05,19.23,18.6,19.02,2982500.0,57803607.0,196052779.99999997,0.015212740161093356,-0.05000000000000071,-0.2621919244887305,3.3036182485579393
2026-01-28,19.03,19.04,18.4,18.47,2912700.0,55660224.0,196052779.99999997,0.014856713584984617,-0.5500000000000007,-2.8916929547844417,3.364879074658258
2026-01-29,18.4,18.5,17.97,18.1,3208400.0,60140931.0,196052779.99999997,0.016364980899531242,-0.36999999999999744,-2.003248511099065,2.8695181375203096
2026-01-30,18.1,18.46,17.96,18.45,2316300.0,43466540.0,196052779.99999997,0.011814675619493896,0.34999999999999787,1.933701657458542,2.7624309392265194
2026-02-02,18.48,18.96,18.34,18.34,3096500.0,59456404.0,196052779.99999997,0.015794216230955768,-0.10999999999999943,-0.596205962059615,3.3604336043360488
2026-02-03,18.51,18.61,18.39,18.53,1712800.0,32503607.0,196052779.99999997,0.00873642291631876,0.19000000000000128,1.0359869138495181,1.199563794983636
2026-02-04,18.52,18.96,18.52,18.71,2201900.0,42362627.0,196052779.99999997,0.011231159282719685,0.17999999999999972,0.9713977334052881,2.3745277927684905
2026-02-05,18.62,18.77,18.48,18.48,1471900.0,28139736.0,196052779.99999997,0.007507672168688453,-0.23000000000000043,-1.2292891501870629,1.5499732763228173
2026-02-06,18.46,18.66,18.3,18.47,1327600.0,25230410.0,196052779.99999997,0.006771645880257348,-0.010000000000001563,-0.054112554112561995,1.948051948051945
2026-02-09,18.59,18.66,18.51,18.55,1186000.0,22624298.0,196052779.99999997,0.006049391393480879,0.08000000000000185,0.43313481321061165,0.8121277747698895
2026-02-10,18.56,18.72,18.48,18.62,1257600.0,24026776.0,196052779.99999997,0.006414599170692709,0.07000000000000028,0.37735849056603765,1.2938005390835494
2026-02-11,18.59,18.68,18.5,18.52,1055300.0,20143041.0,196052779.99999997,0.005382734180050903,-0.10000000000000142,-0.537056928034374,0.9667024704618674
2026-02-12,18.69,18.69,18.34,18.37,1268800.0,24030783.0,196052779.99999997,0.006471726644223051,-0.14999999999999858,-0.8099352051835762,1.88984881209504
2026-02-13,18.37,18.62,18.31,18.42,1397800.0,26535208.0,196052779.99999997,0.007129712723277885,0.05000000000000071,0.27218290691344293,1.6875340228633764
2026-02-24,18.5,18.6,18.37,18.42,1393600.0,26388958.0,196052779.99999997,0.007108289920704007,0.0,0.0,1.248642779587407
2026-02-25,18.48,18.55,18.36,18.36,1663942.0,31524624.0,196052779.99999997,0.0084872145143772,-0.060000000000002274,-0.32573289902281255,1.031487513572211
2026-02-26,18.41,18.45,18.31,18.38,1751200.0,33056010.0,196052779.99999997,0.008932288539851362,0.019999999999999574,0.10893246187364536,0.7625272331154715
2026-02-27,18.39,18.4,18.13,18.16,2274400.0,42513276.0,196052779.99999997,0.011600957660483061,-0.21999999999999886,-1.196953210010876,1.4689880304678977
2026-03-02,17.99,18.39,17.53,17.53,3999900.0,73346490.0,196052779.99999997,0.020402159051251405,-0.629999999999999,-3.46916299559471,4.735682819383256
2026-03-03,17.56,17.71,17.12,17.16,2374100.0,42432437.0,196052779.99999997,0.012109494188248696,-0.370000000000001,-2.110667427267543,3.3656588705077
2026-03-04,17.05,17.19,16.73,16.9,2066909.0,35961488.0,196052779.99999997,0.010542615105993398,-0.26000000000000156,-1.515151515151525,2.6806526806526856
2026-03-05,17.08,17.29,16.99,17.08,1356300.0,23878036.0,196052779.99999997,0.00691803503117885,0.17999999999999972,1.0650887573964374,1.775147928994087
2026-03-06,17.04,17.44,17.04,17.4,1554200.0,27691912.0,196052779.99999997,0.007927457085790878,0.3200000000000003,1.87353629976581,2.3419203747072728
2026-03-09,17.26,17.32,16.95,17.13,1656600.0,29138201.0,196052779.99999997,0.00844976541521115,-0.2699999999999996,-1.551724137931032,2.1264367816092014
2026-03-10,17.27,17.65,17.27,17.62,1645509.0,29579360.0,196052779.99999997,0.008393193914414272,0.490000000000002,2.8604786923526193,2.2183304144775193
2026-03-11,17.66,17.76,17.53,17.57,1215700.0,21996167.0,196052779.99999997,0.006200881211681875,-0.05000000000000071,-0.2837684449489286,1.305334846765042
2026-03-12,17.57,17.65,17.43,17.46,1141700.0,20541895.0,196052779.99999997,0.005823431832999258,-0.10999999999999943,-0.626067159931698,1.2521343198633972
2026-03-13,17.51,17.73,17.33,17.5,1199500.0,21631937.0,196052779.99999997,0.006118250401754059,0.03999999999999915,0.22909507445589838,2.290950744559004
2026-03-16,17.49,17.58,17.06,17.32,2133800.0,37962973.0,196052779.99999997,0.010883803840986087,-0.17999999999999972,-1.0285714285714231,2.971428571428569
2026-03-17,17.43,17.63,17.19,17.2,1369000.0,24468285.0,196052779.99999997,0.006982813505628434,-0.120000000000001,-0.6928406466512715,2.5404157043879776
2026-03-18,17.19,17.37,17.11,17.33,803400.0,14213534.0,196052779.99999997,0.004097876092346154,0.129999999999999,0.7558139534883601,1.5116279069767533
2026-03-19,17.28,17.36,16.85,16.89,1615298.0,28323236.0,196052779.99999997,0.008239097655233453,-0.4399999999999977,-2.5389497980380704,2.9428736295441316
2026-03-20,16.89,17.03,16.47,16.49,1790200.0,30731405.0,196052779.99999997,0.00913121456375166,-0.40000000000000213,-2.368265245707535,3.31557134399054
2026-03-23,16.36,16.76,16.02,16.41,3541128.0,59608268.0,196052779.99999997,0.018062115722103,-0.0799999999999983,-0.4851425106124796,4.487568223165567
2026-03-24,16.59,16.84,16.36,16.77,2477298.0,42394085.0,196052779.99999997,0.012635872850158006,0.35999999999999943,2.1937842778793293,2.925045703839125
2026-03-25,16.84,17.82,16.82,17.67,5306500.0,94981214.0,196052779.99999997,0.027066690918639363,0.9000000000000021,5.366726296958868,5.963029218843173
2026-03-26,17.64,18.0,17.41,17.82,5028200.0,91517405.0,196052779.99999997,0.02564717521475595,0.14999999999999858,0.8488964346349714,3.3389926428975656
2026-03-27,17.69,17.92,17.5,17.54,3379100.0,61369508.0,196052779.99999997,0.01723566480414101,-0.28000000000000114,-1.5712682379349086,2.356902356902366
2026-03-30,17.35,17.7,17.29,17.67,1761500.0,31742289.0,196052779.99999997,0.008984825412830159,0.13000000000000256,0.741163055872307,2.3375142531356907
2026-03-31,17.63,17.92,17.58,17.79,2299700.0,41976234.0,196052779.99999997,0.011730004542654281,0.11999999999999744,0.6791171477079638,1.9241652518392949
2026-04-01,17.96,18.12,17.77,17.9,2334400.0,42957886.0,196052779.99999997,0.011906997697252751,0.10999999999999943,0.6183249016301184,1.9673974142776922
2026-04-02,17.78,17.93,17.62,17.8,1720400.0,31384438.0,196052779.99999997,0.00877518798764292,-0.09999999999999787,-0.5586592178770777,1.7318435754189874
2026-04-03,17.8,17.83,17.36,17.38,1762500.0,31678689.0,196052779.99999997,0.008989926080109654,-0.4200000000000017,-2.359550561797763,2.6404494382022405
2026-04-07,17.51,17.61,17.01,17.46,1977700.0,35400404.0,196052779.99999997,0.010087589678656942,0.08000000000000185,0.4602991944764101,3.4522439585730607
2026-04-08,17.67,17.8,17.46,17.6,2874500.0,51892819.0,196052779.99999997,0.014661868094907915,0.14000000000000057,0.8018327605956443,1.9473081328751423
2026-04-09,17.51,17.53,17.17,17.28,1754600.0,31211672.0,196052779.99999997,0.008949630808601644,-0.3200000000000003,-1.8181818181818188,2.045454545454542
2026-04-10,17.36,17.6,17.29,17.41,1434618.0,25734060.0,196052779.99999997,0.007317509091174327,0.129999999999999,0.752314814814814,1.7939814814814947
2026-04-13,17.4,17.56,17.22,17.54,1341100.0,23958925.0,196052779.99999997,0.0068405048885305285,0.129999999999999,0.746697300402066,1.952900631820792
2026-04-14,17.58,17.85,17.47,17.82,2286900.0,41599383.0,196052779.99999997,0.011664716001476746,0.28000000000000114,1.5963511972634015,2.1664766248574834
2026-04-15,17.83,17.98,17.7,17.74,1827800.0,33468926.0,196052779.99999997,0.009322999653460666,-0.08000000000000185,-0.44893378226712466,1.571268237934911
2026-04-16,17.73,17.9,17.64,17.85,1563700.0,28557574.0,196052779.99999997,0.00797591342494608,0.11000000000000298,0.6200676437429609,1.4656144306651524
2026-04-17,17.84,17.87,17.56,17.86,1498400.0,27260311.0,196052779.99999997,0.007642839851595066,0.00999999999999801,0.056022408963585235,1.736694677871161
2026-04-20,17.86,18.0,17.7,17.84,1483200.0,27231142.0,196052779.99999997,0.007565309708946745,-0.019999999999999574,-0.11198208286673506,1.679731243001124
2026-04-21,18.06,18.06,17.68,17.79,1394600.0,25500146.0,196052779.99999997,0.007113390587983502,-0.05000000000000071,-0.2802690582959677,2.1300448430493217
2026-04-22,17.87,19.25,17.87,18.44,9225845.0,176088132.0,196052779.99999997,0.047057965717191064,0.6500000000000021,3.65373805508713,7.757166947723435
2026-04-23,18.34,20.03,18.28,19.28,16366079.0,322526355.0,196052779.99999997,0.08347792364892762,0.8399999999999999,4.5553145336225676,9.490238611713666
2026-04-24,18.85,18.95,17.82,18.02,12023411.0,224925099.0,196052779.99999997,0.06132741907561832,-1.2600000000000016,-6.535269709543579,5.860995850622401
2026-04-27,16.57,17.04,16.21,16.21,5081200.0,85052263.0,196052779.99999997,0.025917510580569174,-1.8099999999999987,-10.044395116537174,4.60599334073251
2026-04-28,15.58,15.86,15.31,15.39,7188760.0,114350971.0,196052779.99999997,0.03666747291214132,-0.8200000000000003,-5.0586057988895705,3.3929673041332444
2026-04-29,15.38,16.22,15.37,15.85,4990111.0,80936406.0,196052779.99999997,0.02545289589874727,0.4599999999999991,2.9889538661468373,5.523066926575696
2026-04-30,15.75,16.27,15.68,15.93,3563500.0,58265267.0,196052779.99999997,0.01817622785047986,0.08000000000000007,0.5047318611987484,3.7223974763406935
2026-05-06,15.99,16.48,15.85,16.21,3594300.0,59918889.0,196052779.99999997,0.0183333284026883,0.28000000000000114,1.7576898932831098,3.954802259887011
2026-05-07,16.37,17.62,16.23,16.93,7556760.0,131575856.0,196052779.99999997,0.038544518470995416,0.7199999999999989,4.441702652683532,8.574953732264037
2026-05-08,16.87,16.93,16.39,16.51,4360761.0,74037064.0,196052779.99999997,0.02224279094639719,-0.41999999999999815,-2.4808033077377334,3.1896042528056654
2026-05-11,16.5,17.41,16.39,17.17,5716700.0,99865739.0,196052779.99999997,0.029158984636688146,0.6600000000000001,3.9975772259236875,6.178073894609325
2026-05-12,17.25,17.61,16.81,17.15,4708600.0,83330457.0,196052779.99999997,0.0240170019522294,-0.020000000000003126,-0.11648223645895905,4.6592894583576046
2026-05-13,17.12,17.24,16.72,16.76,3341905.0,58029382.0,196052779.99999997,0.0170459454846802,-0.389999999999997,-2.274052478134092,3.0320699708454786
2026-05-14,16.8,17.03,16.6,16.77,2756900.0,46295716.0,196052779.99999997,0.014062029622839322,0.00999999999999801,0.05966587112171684,2.5656324582338885
2026-05-15,16.61,17.2,16.57,17.07,3004374.0,50913506.0,196052779.99999997,0.015324312157165027,0.3000000000000007,1.7889087656529634,3.7567084078711925
2026-05-18,16.89,17.38,16.65,17.33,3494300.0,59561097.0,196052779.99999997,0.017823261674738817,0.259999999999998,1.5231400117164506,4.276508494434683
2026-05-19,17.43,17.53,17.09,17.26,1852132.0,32008234.0,196052779.99999997,0.009447109089705336,-0.06999999999999673,-0.4039238315060367,2.5389497980380917
2026-05-20,17.36,17.36,16.91,17.06,1731600.0,29526021.0,196052779.99999997,0.008832315461173263,-0.20000000000000284,-1.1587485515643259,2.607184241019694
2026-05-21,17.1,17.18,16.6,16.85,1979000.0,33498955.0,196052779.99999997,0.010094220546120285,-0.2099999999999973,-1.23094958968345,3.3997655334114794
2026-05-22,17.0,17.0,16.48,16.56,1847300.0,30691463.0,196052779.99999997,0.009422462665410816,-0.2900000000000027,-1.721068249258173,3.0860534124629053
2026-05-25,16.6,16.76,16.4,16.56,1577684.0,26145926.0,196052779.99999997,0.008047241156182536,0.0,0.0,2.1739130434782794
2026-05-26,16.59,16.64,16.31,16.51,1656300.0,27292541.0,196052779.99999997,0.008448235215027302,-0.04999999999999716,-0.3019323671497376,1.992753623188417
2026-05-27,16.55,17.05,16.17,16.83,3213998.0,53244700.0,196052779.99999997,0.016393534434961853,0.31999999999999673,1.9382192610538862,5.330102967898237
2026-05-28,16.82,17.37,16.63,17.15,3130598.0,53569767.0,196052779.99999997,0.015968138783851983,0.3200000000000003,1.9013666072489555,4.396910279263232
2026-05-29,17.1,17.34,16.88,17.16,2467800.0,42233793.0,196052779.99999997,0.012587426712337363,0.010000000000001563,0.05830903790089437,2.6822157434402385
2026-06-01,16.92,17.38,16.81,17.38,3171000.0,54546037.0,196052779.99999997,0.016174215943278135,0.21999999999999886,1.2820512820512775,3.321678321678323
2026-06-02,17.31,17.6,17.22,17.55,3141194.0,54922134.0,196052779.99999997,0.01602218545434551,0.1700000000000017,0.9781357882623798,2.1864211737629606
2026-06-03,17.45,17.88,17.4,17.63,3110895.0,54926126.0,196052779.99999997,0.015867640336444097,0.0799999999999983,0.4558404558404394,2.7350427350427373
2026-06-04,17.5,17.7,17.11,17.3,2852350.0,49645751.0,196052779.99999997,0.014548888314667104,-0.3299999999999983,-1.871809415768566,3.346568349404424
2026-06-05,17.29,17.75,17.18,17.6,3079900.0,54142178.0,196052779.99999997,0.015709545154116156,0.3000000000000007,1.7341040462427681,3.2947976878612737
2026-06-08,17.13,17.87,17.13,17.73,3433500.0,60342109.0,196052779.99999997,0.01751314110414553,0.129999999999999,0.738636363636358,4.204545454545466
2026-06-09,17.72,17.9,17.6,17.83,2363500.0,42014007.0,196052779.99999997,0.012055427115086052,0.09999999999999787,0.5640157924421851,1.6920473773265492
2026-06-10,17.73,18.22,17.68,18.12,3402000.0,61521047.0,196052779.99999997,0.01735247008484144,0.2900000000000027,1.6264722378014795,3.0286034772854693
2026-06-11,18.06,18.32,17.6,18.28,4048500.0,73536370.0,196052779.99999997,0.020650051481034853,0.16000000000000014,0.8830022075055233,3.9735099337748276
2026-06-12,18.33,18.51,18.11,18.42,4401700.0,80631435.0,196052779.99999997,0.022451607164152433,0.14000000000000057,0.7658643326039494,2.1881838074398363
2026-06-15,18.42,20.26,18.15,19.3,25189674.0,501255419.0,196052779.99999997,0.12848414595294189,0.879999999999999,4.777415852334421,11.45494028230186
2026-06-16,17.37,17.37,17.37,17.37,3609200.0,62691804.0,196052779.99999997,0.018409328345152774,-1.9299999999999997,-9.999999999999998,0.0
2026-06-17,15.63,16.4,15.63,15.75,18162400.0,286079545.0,196052779.99999997,0.09264035939709706,-1.620000000000001,-9.32642487046632,4.432930339666078
2026-06-18,15.03,15.7,14.84,15.24,9539380.0,144620620.0,196052779.99999997,0.048657203432667474,-0.5099999999999998,-3.23809523809524,5.460317460317457
