date,open,high,low,close,volume,amount,outstanding_share,turnover,change,pct_chg,amplitude
2023-03-06,2.29,2.3,2.28,2.29,3995750.0,9150560.0,814034600.0000001,0.004908575139189414,,,
2023-03-07,2.29,2.32,2.27,2.28,8364791.0,19222183.0,814034600.0000001,0.010275719238469715,-0.010000000000000231,-0.4366812227074357,2.18340611353711
2023-03-08,2.28,2.31,2.26,2.31,8563921.0,19658019.0,814034600.0000001,0.01052034029020388,0.03000000000000025,1.3157894736842257,2.192982456140363
2023-03-09,2.31,2.31,2.28,2.29,6645375.0,15230143.0,814034600.0000001,0.008163504352272003,-0.020000000000000018,-0.8658008658008698,1.2987012987013093
2023-03-10,2.28,2.29,2.25,2.26,6457179.0,14639082.0,814034600.0000001,0.007932315162033653,-0.03000000000000025,-1.310043668122285,1.746724890829696
2023-03-13,2.26,2.26,2.2,2.22,7862180.0,17507335.0,814034600.0000001,0.00965828725216348,-0.03999999999999959,-1.7699115044247593,2.654867256637151
2023-03-14,2.22,2.22,2.11,2.15,12759059.0,27457918.0,814034600.0000001,0.015673853420972522,-0.07000000000000028,-3.1531531531531654,4.954954954954969
2023-03-15,2.15,2.19,2.14,2.17,6828936.0,14846434.0,814034600.0000001,0.008388999681340326,0.020000000000000018,0.9302325581395321,2.3255813953488293
2023-03-16,2.17,2.17,2.09,2.1,13109879.0,27864035.0,814034600.0000001,0.01610481790331762,-0.06999999999999984,-3.2258064516129004,3.6866359447004644
2023-03-17,2.11,2.13,2.1,2.12,6808300.0,14392245.0,814034600.0000001,0.008363649407531325,0.020000000000000018,0.952380952380949,1.428571428571419
2023-03-20,2.12,2.12,2.07,2.08,7910969.0,16536948.0,814034600.0000001,0.009718222051003728,-0.040000000000000036,-1.8867924528301883,2.358490566037748
2023-03-21,2.08,2.11,2.07,2.11,5200670.0,10875283.0,814034600.0000001,0.006388757922574789,0.029999999999999805,1.4423076923076872,1.9230769230769247
2023-03-22,2.11,2.16,2.1,2.13,6937800.0,14782453.0,814034600.0000001,0.008522733554568809,0.020000000000000018,0.9478672985782088,2.8436018957346
2023-03-23,2.12,2.15,2.1,2.13,8028880.0,17014291.0,814034600.0000001,0.009863069702442622,0.0,0.0,2.3474178403755785
2023-03-24,2.12,2.13,2.11,2.12,3972400.0,8414200.0,814034600.0000001,0.004879890854762192,-0.009999999999999787,-0.46948356807510194,0.9389671361502356
2023-03-27,2.12,2.13,2.1,2.12,5391353.0,11365209.0,814034600.0000001,0.006623002265505666,0.0,0.0,1.415094339622632
2023-03-28,2.11,2.13,2.11,2.12,5219374.0,11061848.0,814034600.0000001,0.006411734832892852,0.0,0.0,0.9433962264150951
2023-03-29,2.12,2.13,2.09,2.1,5162900.0,10873702.0,814034600.0000001,0.0063423594033963655,-0.020000000000000018,-0.9433962264150941,1.8867924528301903
2023-03-30,2.09,2.09,2.01,2.04,10969615.0,22393169.0,814034600.0000001,0.013475612707371404,-0.06000000000000005,-2.857142857142858,3.809523809523813
2023-03-31,2.06,2.14,2.06,2.14,5877164.0,12424106.0,814034600.0000001,0.007219796308412442,0.10000000000000009,4.90196078431373,3.921568627450984
2023-04-03,2.22,2.25,2.18,2.22,25041728.0,55620286.0,814034600.0000001,0.030762486017179118,0.08000000000000007,3.738317757009346,3.2710280373831697
2023-04-04,2.18,2.21,2.15,2.18,13430693.0,29243484.0,814034600.0000001,0.016498921544612476,-0.040000000000000036,-1.8018018018018056,2.702702702702705
2023-04-06,2.18,2.25,2.15,2.22,12137620.0,26871212.0,814034600.0000001,0.014910447295483506,0.040000000000000036,1.8348623853211121,4.587155963302756
2023-04-07,2.19,2.22,2.17,2.18,9238900.0,20216618.0,814034600.0000001,0.011349517575788545,-0.040000000000000036,-1.8018018018018056,2.252252252252264
2023-04-10,2.18,2.18,2.14,2.14,6805800.0,14635700.0,814034600.0000001,0.008360578285001644,-0.040000000000000036,-1.834862385321101,1.8348623853211024
2023-04-11,2.13,2.14,2.08,2.13,6128699.0,12912857.0,814034600.0000001,0.007528794230613783,-0.010000000000000231,-0.4672897196261738,2.803738317757012
2023-04-12,2.12,2.16,2.11,2.14,4515499.0,9659692.0,814034600.0000001,0.005547060284661118,0.010000000000000231,0.46948356807512415,2.3474178403755994
2023-04-13,2.13,2.18,2.12,2.18,7347018.0,15829305.0,814034600.0000001,0.009025437002309237,0.040000000000000036,1.869158878504673,2.803738317757012
2023-04-14,2.18,2.21,2.16,2.21,8411434.0,18392677.0,814034600.0000001,0.010333017785730482,0.029999999999999805,1.3761467889908063,2.293577981651368
2023-04-17,2.2,2.21,2.18,2.19,6310772.0,13823395.0,814034600.0000001,0.007752461627552439,-0.020000000000000018,-0.9049773755656076,1.3574660633484075
2023-04-18,2.17,2.3,2.17,2.3,25702932.0,58686667.0,814034600.0000001,0.03157474141762524,0.10999999999999988,5.022831050228316,5.9360730593607265
2023-04-19,2.27,2.31,2.24,2.27,16036481.0,36404208.0,814034600.0000001,0.01969999923836161,-0.029999999999999805,-1.304347826086949,3.0434782608695583
2023-04-20,2.27,2.28,2.2,2.23,10735260.0,23905508.0,814034600.0000001,0.013187719539194032,-0.040000000000000036,-1.7621145374449365,3.5242290748898517
2023-04-21,2.23,2.27,2.2,2.21,8339529.0,18597010.0,814034600.0000001,0.010244686159531792,-0.020000000000000018,-0.8968609865470878,3.1390134529147913
2023-04-24,2.21,2.25,2.15,2.21,9341437.0,20563420.0,814034600.0000001,0.011475479052118914,0.0,0.0,4.524886877828059
2023-04-25,2.21,2.21,2.13,2.15,8273294.0,17880685.0,814034600.0000001,0.01016331983923042,-0.06000000000000005,-2.714932126696834,3.6199095022624466
2023-04-26,2.26,2.26,2.26,2.26,3172365.0,7169545.0,814034600.0000001,0.0038970886495488023,0.10999999999999988,5.116279069767438,0.0
2023-04-27,2.2,2.22,2.15,2.15,22292080.0,48245319.0,814034600.0000001,0.02738468364858201,-0.10999999999999988,-4.867256637168138,3.0973451327433756
2023-04-28,2.16,2.19,2.13,2.19,9178039.0,19882756.0,814034600.0000001,0.011274752940476975,0.040000000000000036,1.8604651162790642,2.7906976744186074
2023-05-04,2.3,2.3,2.26,2.3,31807882.0,73018797.0,814034600.0000001,0.03907436121265607,0.10999999999999988,5.022831050228316,1.8264840182648419
2023-05-05,2.33,2.38,2.29,2.37,24194372.0,56424596.0,814034600.0000001,0.029721552376274912,0.07000000000000028,3.04347826086957,3.913043478260864
2023-05-08,2.35,2.37,2.3,2.33,13018527.0,30384519.0,814034600.0000001,0.015992596629185046,-0.040000000000000036,-1.6877637130801704,2.9535864978903072
2023-05-09,2.35,2.36,2.26,2.28,13374911.0,30936894.0,814034600.0000001,0.016430396201832204,-0.050000000000000266,-2.145922746781126,4.291845493562235
2023-05-10,2.26,2.33,2.24,2.29,13711132.0,31182211.0,814034600.0000001,0.01684342655705298,0.010000000000000231,0.43859649122808264,3.9473684210526256
2023-05-11,2.28,2.34,2.27,2.33,11240359.0,25880893.0,814034600.0000001,0.013808207906641804,0.040000000000000036,1.7467248908296984,3.056768558951958
2023-05-12,2.31,2.33,2.28,2.29,7103595.0,16336694.0,814034600.0000001,0.008726404258492205,-0.040000000000000036,-1.716738197424894,2.1459227467811273
2023-05-15,2.29,2.3,2.21,2.27,11478700.0,25803389.0,814034600.0000001,0.0141009976725805,-0.020000000000000018,-0.8733624454148492,3.9301310043668063
2023-05-16,2.25,2.26,2.2,2.24,7827310.0,17430815.0,814034600.0000001,0.009615451235119489,-0.029999999999999805,-1.3215859030836885,2.6431718061673837
2023-05-17,2.17,2.23,2.15,2.23,10613654.0,23214729.0,814034600.0000001,0.013038332768656269,-0.010000000000000231,-0.44642857142858094,3.571428571428574
2023-05-18,2.23,2.26,2.22,2.23,4864496.0,10886418.0,814034600.0000001,0.005975785304457574,0.0,0.0,1.793721973094152
2023-05-19,2.24,2.33,2.2,2.29,9430118.0,21469235.0,814034600.0000001,0.011584419138940776,0.06000000000000005,2.6905829596412634,5.829596412556049
2023-05-22,2.27,2.32,2.27,2.29,6582996.0,15052377.0,814034600.0000001,0.00808687493136041,0.0,0.0,2.18340611353711
2023-05-23,2.29,2.34,2.28,2.32,7658532.0,17710989.0,814034600.0000001,0.009408116067793678,0.029999999999999805,1.3100436681222627,2.6200873362445436
2023-05-24,2.31,2.35,2.29,2.33,8056177.0,18734732.0,814034600.0000001,0.009896602675119704,0.010000000000000231,0.4310344827586299,2.5862068965517264
2023-05-25,2.33,2.35,2.26,2.31,8448371.0,19446665.0,814034600.0000001,0.010378393006882015,-0.020000000000000018,-0.8583690987124526,3.8626609442060214
2023-05-26,2.28,2.34,2.27,2.32,11645681.0,26966108.0,814034600.0000001,0.014306125317031976,0.009999999999999787,0.43290043290042934,3.0303030303030236
2023-05-29,2.35,2.42,2.33,2.37,17104593.0,40673172.0,814034600.0000001,0.021012120369330735,0.050000000000000266,2.155172413793105,3.87931034482758
2023-05-30,2.37,2.48,2.35,2.45,21479054.0,52209554.0,814034600.0000001,0.026385922662255385,0.08000000000000007,3.3755274261603407,5.485232067510544
2023-05-31,2.45,2.52,2.42,2.49,19970265.0,49411695.0,814034600.0000001,0.024532452306081334,0.040000000000000036,1.6326530612244872,4.081632653061227
2023-06-01,2.46,2.51,2.41,2.44,16210392.0,39792105.0,814034600.0000001,0.01991364003446536,-0.050000000000000266,-2.00803212851407,4.0160642570280976
2023-06-02,2.36,2.4,2.32,2.38,25510911.0,60320265.0,814034600.0000001,0.031338853409916476,-0.06000000000000005,-2.4590163934426257,3.2786885245901667
2023-06-05,2.36,2.39,2.35,2.37,14565241.0,34457971.0,814034600.0000001,0.01789265591413436,-0.009999999999999787,-0.42016806722687816,1.6806722689075646
2023-06-06,2.36,2.42,2.35,2.36,14478900.0,34520648.0,814034600.0000001,0.01778659039800028,-0.010000000000000231,-0.42194092827004814,2.9535864978902886
2023-06-07,2.38,2.38,2.31,2.36,12778438.0,30057351.0,814034600.0000001,0.015697659534373597,0.0,0.0,2.9661016949152477
2023-06-08,2.36,2.39,2.34,2.38,8208860.0,19384054.0,814034600.0000001,0.010084165955599429,0.020000000000000018,0.8474576271186418,2.1186440677966214
2023-06-09,2.38,2.43,2.38,2.4,9304100.0,22392771.0,814034600.0000001,0.01142961245136263,0.020000000000000018,0.8403361344537785,2.100840336134465
2023-06-12,2.38,2.47,2.38,2.44,12316131.0,30006758.0,814034600.0000001,0.015129738957041873,0.040000000000000036,1.6666666666666607,3.750000000000013
2023-06-13,2.45,2.51,2.42,2.46,15887307.0,39245688.0,814034600.0000001,0.019516746585464546,0.020000000000000018,0.8196721311475308,3.688524590163929
2023-06-14,2.46,2.55,2.46,2.55,22832343.0,57048282.0,814034600.0000001,0.028048369197083266,0.08999999999999986,3.658536585365857,3.658536585365848
2023-06-15,2.51,2.63,2.49,2.52,34157825.0,87053996.0,814034600.0000001,0.04196114636896269,-0.029999999999999805,-1.17647058823529,5.490196078431361
2023-06-16,2.58,2.65,2.53,2.64,38597304.0,100773607.0,814034600.0000001,0.04741481995974126,0.1200000000000001,4.761904761904767,4.761904761904765
2023-06-19,2.6,2.66,2.59,2.6,20550300.0,53836919.0,814034600.0000001,0.025244995728682783,-0.040000000000000036,-1.5151515151515138,2.651515151515162
2023-06-20,2.61,2.66,2.57,2.66,22088537.0,57771503.0,814034600.0000001,0.02713464145135845,0.06000000000000005,2.3076923076922995,3.4615384615384728
2023-06-21,2.65,2.66,2.55,2.59,24572048.0,63616026.0,814034600.0000001,0.030185508085282857,-0.07000000000000028,-2.6315789473684292,4.135338345864673
2023-06-26,2.5,2.63,2.49,2.6,23174883.0,59059348.0,814034600.0000001,0.02846916212161006,0.010000000000000231,0.38610038610038533,5.405405405405393
2023-06-28,2.56,2.72,2.46,2.59,80673107.0,207303224.0,814034600.0000001,0.09910279857883189,-0.010000000000000231,-0.38461538461539435,10.000000000000009
2023-06-29,2.57,2.61,2.45,2.49,46705258.0,116729828.0,814034600.0000001,0.057375028039348686,-0.09999999999999964,-3.861003861003842,6.177606177606166
2023-06-30,2.51,2.69,2.49,2.5,40689397.0,103748658.0,814036325.0000001,0.04998474361693871,0.009999999999999787,0.40160642570279403,8.032128514056215
2023-07-03,2.47,2.75,2.47,2.75,48486389.0,128392198.0,814036325.0000001,0.05956293043802436,0.25,10.000000000000009,11.199999999999992
2023-07-04,2.7,2.74,2.65,2.67,60957648.0,163651921.0,814036325.0000001,0.07488320376857874,-0.08000000000000007,-2.9090909090909167,3.2727272727272836
2023-07-05,2.7,2.88,2.69,2.78,68372016.0,189678256.0,814036325.0000001,0.08399135751098084,0.10999999999999988,4.1198501872659055,7.1161048689138555
2023-07-06,2.8,2.93,2.74,2.76,49977930.0,139945664.0,814036325.0000001,0.06139520862290757,-0.020000000000000018,-0.7194244604316502,6.834532374100719
2023-07-07,2.8,2.85,2.63,2.66,46858910.0,126322476.0,814036325.0000001,0.05756365970523489,-0.09999999999999964,-3.6231884057970842,7.971014492753631
2023-07-10,2.66,2.71,2.6,2.64,27971625.0,73652742.0,814036325.0000001,0.03436164227683574,-0.020000000000000018,-0.7518796992481258,4.135338345864657
2023-07-11,2.64,2.7,2.6,2.61,25858769.0,68084494.0,814036325.0000001,0.03176611191152925,-0.03000000000000025,-1.1363636363636465,3.7878787878787907
2023-07-12,2.6,2.61,2.53,2.54,27837260.0,71232026.0,814036325.0000001,0.03419658207513036,-0.06999999999999984,-2.6819923371647403,3.065134099616861
2023-07-13,2.54,2.6,2.52,2.54,25434827.0,64932261.0,814036325.0000001,0.031245321884130903,0.0,0.0,3.1496062992126013
2023-07-14,2.56,2.64,2.53,2.57,25123254.0,64898952.0,814036325.0000001,0.030862571151232098,0.029999999999999805,1.1811023622047223,4.330708661417336
2023-07-17,2.57,2.73,2.55,2.61,30558550.0,79936243.0,814036325.0000001,0.037539541002669624,0.040000000000000036,1.5564202334630295,7.003891050583665
2023-07-18,2.59,2.62,2.53,2.55,23413698.0,60005853.0,814036325.0000001,0.028762473222555512,-0.06000000000000005,-2.298850574712641,3.4482758620689773
2023-07-19,2.55,2.57,2.48,2.52,21020660.0,52766199.0,814036325.0000001,0.025822754285565814,-0.029999999999999805,-1.17647058823529,3.529411764705877
2023-07-20,2.54,2.57,2.49,2.51,14911100.0,37532929.0,814036325.0000001,0.018317487244810603,-0.010000000000000231,-0.3968253968254065,3.1746031746031598
2023-07-21,2.49,2.53,2.47,2.5,14821258.0,36944693.0,814036325.0000001,0.01820712116255991,-0.009999999999999787,-0.3984063745019806,2.3904382470119367
2023-07-24,2.48,2.53,2.45,2.51,18836888.0,47004221.0,814036325.0000001,0.02314010741473975,0.009999999999999787,0.40000000000000036,3.1999999999999846
2023-07-25,2.51,2.57,2.5,2.55,17526226.0,44434973.0,814036325.0000001,0.02153002938781632,0.040000000000000036,1.5936254980079667,2.7888446215139377
2023-07-26,2.54,2.56,2.47,2.56,23120529.0,58184649.0,814036325.0000001,0.028402330817362476,0.010000000000000231,0.39215686274509665,3.529411764705877
2023-07-27,2.56,2.81,2.54,2.64,47642445.0,126487332.0,814036325.0000001,0.05852619046207796,0.08000000000000007,3.125,10.546875
2023-07-28,2.62,2.63,2.55,2.6,33342271.0,86277045.0,814036325.0000001,0.040959193067950615,-0.040000000000000036,-1.5151515151515138,3.030303030303033
2023-07-31,2.59,2.62,2.56,2.61,23538099.0,60868655.0,814036325.0000001,0.02891529318424457,0.009999999999999787,0.38461538461538325,2.3076923076923097
2023-08-01,2.61,2.85,2.6,2.76,60635841.0,165004977.0,814036325.0000001,0.07448788111513327,0.1499999999999999,5.747126436781613,9.578544061302683
2023-08-02,2.71,2.75,2.68,2.7,32204244.0,87311954.0,814036325.0000001,0.03956118788679362,-0.05999999999999961,-2.1739130434782483,2.5362318840579654
2023-08-03,2.7,2.72,2.64,2.68,17776455.0,47470286.0,814036325.0000001,0.02183742230421965,-0.020000000000000018,-0.7407407407407418,2.9629629629629655
2023-08-04,2.68,2.7,2.57,2.58,24832885.0,64938350.0,814036325.0000001,0.030505868395983432,-0.10000000000000009,-3.731343283582089,4.850746268656729
2023-08-07,2.58,2.59,2.53,2.54,11117039.0,28332275.0,814036325.0000001,0.013656686634960667,-0.040000000000000036,-1.5503875968992276,2.325581395348839
2023-08-08,2.56,2.59,2.51,2.58,17050900.0,43582132.0,814036325.0000001,0.02094611687015318,0.040000000000000036,1.5748031496062964,3.1496062992126013
2023-08-09,2.58,2.59,2.5,2.51,15670282.0,39672950.0,814036325.0000001,0.019250101646262528,-0.07000000000000028,-2.7131782945736593,3.48837209302325
2023-08-10,2.49,2.55,2.49,2.52,10553515.0,26636712.0,814036325.0000001,0.012964427600942744,0.010000000000000231,0.3984063745019917,2.3904382470119367
2023-08-11,2.52,2.53,2.45,2.46,13540435.0,33571948.0,814036325.0000001,0.01663369874802577,-0.06000000000000005,-2.3809523809523836,3.1746031746031598
2023-08-14,2.45,2.48,2.42,2.47,8703532.0,21377336.0,814036325.0000001,0.010691822628431229,0.010000000000000231,0.40650406504065817,2.4390243902439046
2023-08-15,2.48,2.5,2.44,2.47,7419294.0,18304461.0,814036325.0000001,0.009114205069411368,0.0,0.0,2.4291497975708523
2023-08-16,2.46,2.47,2.43,2.44,8200901.0,20088596.0,814036325.0000001,0.010074367381578455,-0.03000000000000025,-1.2145748987854366,1.6194331983805683
2023-08-17,2.41,2.49,2.41,2.48,11042208.0,27091529.0,814036325.0000001,0.013564760761751017,0.040000000000000036,1.6393442622950838,3.2786885245901667
2023-08-18,2.46,2.5,2.43,2.43,10856000.0,26750322.0,814036325.0000001,0.013336014212879258,-0.04999999999999982,-2.0161290322580627,2.822580645161284
2023-08-21,2.43,2.46,2.42,2.42,6799854.0,16559030.0,814036325.0000001,0.00835325622600441,-0.010000000000000231,-0.4115226337448652,1.646090534979425
2023-08-22,2.43,2.44,2.37,2.41,9432938.0,22632570.0,814036325.0000001,0.011587858809617615,-0.009999999999999787,-0.4132231404958553,2.892561983471068
2023-08-23,2.41,2.46,2.39,2.4,9296617.0,22490096.0,814036325.0000001,0.01142039576673682,-0.010000000000000231,-0.4149377593361092,2.9045643153526903
2023-08-24,2.39,2.41,2.34,2.37,8402138.0,19893035.0,814036325.0000001,0.010321576251526611,-0.029999999999999805,-1.2499999999999956,2.9166666666666785
2023-08-25,2.35,2.42,2.34,2.35,9317030.0,22128581.0,814036325.0000001,0.011445472043277675,-0.020000000000000018,-0.8438818565400852,3.3755274261603407
2023-08-28,2.46,2.49,2.39,2.39,16368623.0,39844545.0,814036325.0000001,0.020107976139762555,0.040000000000000036,1.7021276595744705,4.255319148936174
2023-08-29,2.4,2.45,2.39,2.44,9748995.0,23651710.0,814036325.0000001,0.011976117896213044,0.04999999999999982,2.092050209205021,2.510460251046027
2023-08-30,2.45,2.48,2.43,2.44,11690713.0,28648122.0,814036325.0000001,0.014361414400026926,0.0,0.0,2.049180327868845
2023-08-31,2.43,2.45,2.36,2.37,8113400.0,19442467.0,814036325.0000001,0.009966877092370539,-0.06999999999999984,-2.868852459016391,3.6885245901639467
2023-09-01,2.38,2.46,2.37,2.43,9340989.0,22639677.0,814036325.0000001,0.011474904390783788,0.06000000000000005,2.5316455696202445,3.797468354430374
2023-09-04,2.46,2.53,2.44,2.51,17989358.0,44845036.0,814036325.0000001,0.022098962229971736,0.07999999999999963,3.2921810699588328,3.703703703703698
2023-09-05,2.52,2.54,2.48,2.53,15278893.0,38433662.0,814036325.0000001,0.018769301234806687,0.020000000000000018,0.7968127490039834,2.3904382470119545
2023-09-06,2.53,2.7,2.51,2.56,32084961.0,83229227.0,814036325.0000001,0.039414655113824304,0.03000000000000025,1.1857707509881577,7.509881422924917
2023-09-07,2.53,2.61,2.51,2.53,25225489.0,64568003.0,814036325.0000001,0.030988161369825844,-0.03000000000000025,-1.171875000000011,3.9062500000000036
2023-09-08,2.52,2.53,2.45,2.45,14766289.0,36572990.0,814036325.0000001,0.01813959469191992,-0.07999999999999963,-3.162055335968361,3.1620553359683647
2023-09-11,2.47,2.54,2.45,2.46,15220300.0,37979099.0,814036325.0000001,0.018697322874381556,0.009999999999999787,0.40816326530610514,3.6734693877550963
2023-09-12,2.51,2.51,2.42,2.44,10912697.0,26744937.0,814036325.0000001,0.013405663438913489,-0.020000000000000018,-0.8130081300813052,3.658536585365848
2023-09-13,2.45,2.48,2.42,2.43,12329800.0,30163085.0,814036325.0000001,0.015146498530025669,-0.009999999999999787,-0.4098360655737654,2.4590163934426252
2023-09-14,2.44,2.49,2.41,2.49,23599517.0,58071237.0,814036325.0000001,0.028990741905774286,0.06000000000000005,2.4691358024691468,3.29218106995885
2023-09-15,2.47,2.6,2.47,2.52,25258617.0,63786419.0,814036325.0000001,0.031028857342453357,0.029999999999999805,1.2048192771084265,5.220883534136542
2023-09-18,2.52,2.62,2.5,2.6,35704446.0,92124972.0,814036325.0000001,0.043860998463428516,0.08000000000000007,3.1746031746031855,4.761904761904765
2023-09-19,2.58,2.65,2.55,2.58,30997701.0,80670732.0,814036325.0000001,0.03807901447149793,-0.020000000000000018,-0.7692307692307665,3.8461538461538494
2023-09-20,2.57,2.6,2.54,2.55,15584200.0,40002284.0,814036325.0000001,0.01914435452250856,-0.03000000000000025,-1.1627906976744318,2.325581395348839
2023-09-21,2.53,2.58,2.49,2.52,13651897.0,34576981.0,814036325.0000001,0.016770623841632616,-0.029999999999999805,-1.17647058823529,3.529411764705877
2023-09-22,2.49,2.54,2.47,2.48,15653673.0,39112879.0,814036325.0000001,0.01922969837986038,-0.040000000000000036,-1.5873015873015928,2.7777777777777715
2023-09-25,2.48,2.49,2.43,2.45,14194500.0,34870211.0,814036325.0000001,0.017437182548334065,-0.029999999999999805,-1.2096774193548265,2.4193548387096793
2023-09-26,2.45,2.45,2.38,2.39,13795300.0,33087214.0,814036325.0000001,0.016946786741979847,-0.06000000000000005,-2.448979591836742,2.8571428571428683
2023-09-27,2.39,2.43,2.37,2.37,12605200.0,30128905.0,814036325.0000001,0.015484812670982463,-0.020000000000000018,-0.8368200836820106,2.510460251046027
2023-09-28,2.39,2.47,2.38,2.47,17960319.0,43864658.0,814036325.0000001,0.022063289374709413,0.10000000000000009,4.219409282700415,3.7974683544303924
2023-10-09,2.46,2.46,2.4,2.4,15842124.0,38290612.0,814036325.0000001,0.01946120033402686,-0.07000000000000028,-2.8340080971660075,2.4291497975708523
2023-10-10,2.4,2.42,2.37,2.38,11557500.0,27645257.0,814036325.0000001,0.014197769368584379,-0.020000000000000018,-0.8333333333333304,2.083333333333326
2023-10-11,2.38,2.39,2.3,2.32,17842034.0,41568439.0,814036325.0000001,0.021917982591255984,-0.06000000000000005,-2.5210084033613467,3.7815126050420296
2023-10-12,2.33,2.41,2.31,2.36,14164580.0,33285589.0,814036325.0000001,0.017400427431785673,0.040000000000000036,1.724137931034475,4.310344827586212
2023-10-13,2.34,2.36,2.32,2.35,9360246.0,21973397.0,814036325.0000001,0.01149856058327618,-0.009999999999999787,-0.4237288135593098,1.6949152542372898
2023-10-16,2.36,2.39,2.33,2.36,10728181.0,25346777.0,814036325.0000001,0.013178995421365254,0.009999999999999787,0.42553191489360653,2.5531914893617045
2023-10-17,2.36,2.37,2.32,2.34,8076960.0,18926755.0,814036325.0000001,0.009922112505237403,-0.020000000000000018,-0.8474576271186418,2.1186440677966214
2023-10-18,2.34,2.35,2.27,2.29,9919340.0,22780177.0,814036325.0000001,0.01218537759970355,-0.04999999999999982,-2.136752136752129,3.4188034188034218
2023-10-19,2.29,2.32,2.26,2.28,8263304.0,18927404.0,814036325.0000001,0.010151026122820745,-0.010000000000000231,-0.4366812227074357,2.6200873362445436
2023-10-20,2.27,2.31,2.27,2.29,7810803.0,17910200.0,814036325.0000001,0.009595152894436252,0.010000000000000231,0.43859649122808264,1.7543859649122824
2023-10-23,2.29,2.29,2.23,2.24,10823003.0,24437264.0,814036325.0000001,0.013295479166731286,-0.04999999999999982,-2.183406113537112,2.6200873362445436
2023-10-24,2.24,2.37,2.24,2.37,15807586.0,36827295.0,814036325.0000001,0.019418772251963076,0.1299999999999999,5.803571428571419,5.8035714285714235
2023-10-25,2.39,2.44,2.36,2.43,15999585.0,38623693.0,814036325.0000001,0.019654632733987636,0.06000000000000005,2.5316455696202445,3.3755274261603407
2023-10-26,2.44,2.5,2.4,2.48,24031628.0,58968079.0,814036325.0000001,0.02952156711188533,0.04999999999999982,2.0576131687242816,4.115226337448563
2023-10-27,2.49,2.56,2.47,2.55,16571304.0,42020475.0,814036325.0000001,0.02035695888632488,0.06999999999999984,2.8225806451612767,3.6290322580645102
2023-10-30,2.54,2.63,2.51,2.6,24087420.0,62035932.0,814036325.0000001,0.029590104593919683,0.050000000000000266,1.9607843137255054,4.705882352941181
2023-10-31,2.56,2.62,2.53,2.58,16849226.0,43619817.0,814036325.0000001,0.020698371169124423,-0.020000000000000018,-0.7692307692307665,3.4615384615384728
2023-11-01,2.59,2.65,2.59,2.62,17023563.0,44628555.0,814036325.0000001,0.020912534830678467,0.040000000000000036,1.5503875968992276,2.325581395348839
2023-11-02,2.61,2.64,2.47,2.54,18419243.0,47496662.0,814036325.0000001,0.022627052914377006,-0.08000000000000007,-3.053435114503822,6.488549618320608
2023-11-03,2.54,2.66,2.54,2.55,15222401.0,39379735.0,814036325.0000001,0.01869990384028624,0.009999999999999787,0.3937007874015741,4.724409448818902
2023-11-06,2.58,2.63,2.53,2.57,15931594.0,41103200.0,814036325.0000001,0.019571109434213512,0.020000000000000018,0.7843137254901933,3.921568627450984
2023-11-07,2.59,2.64,2.54,2.61,15883497.0,41326237.0,814036325.0000001,0.019512024847294127,0.040000000000000036,1.5564202334630295,3.891050583657591
2023-11-08,2.63,2.77,2.58,2.73,33972479.0,91023334.0,814036325.0000001,0.04173336982228649,0.1200000000000001,4.597701149425282,7.279693486590038
2023-11-09,2.76,2.79,2.66,2.67,25889936.0,70032490.0,814036325.0000001,0.03180439890074929,-0.06000000000000005,-2.197802197802201,4.761904761904758
2023-11-10,2.65,2.72,2.64,2.69,16630842.0,44509727.0,814036325.0000001,0.020430098128606237,0.020000000000000018,0.7490636704119868,2.996254681647943
2023-11-13,2.68,2.91,2.68,2.81,46038921.0,128912543.0,814036325.0000001,0.05655634716300897,0.1200000000000001,4.460966542750944,8.550185873605948
2023-11-14,2.78,2.86,2.73,2.8,33133833.0,92191351.0,814036325.0000001,0.04070313815541339,-0.010000000000000231,-0.3558718861210064,4.62633451957295
2023-11-15,2.82,2.88,2.72,2.74,25449207.0,70321952.0,814036325.0000001,0.03126298694348805,-0.05999999999999961,-2.142857142857124,5.714285714285704
2023-11-16,2.86,2.87,2.69,2.72,23799800.0,65343874.0,814036325.0000001,0.02923677883784854,-0.020000000000000018,-0.7299270072992692,6.569343065693436
2023-11-17,2.72,2.99,2.68,2.76,63501254.0,179314548.0,814036325.0000001,0.07800788742443403,0.03999999999999959,1.4705882352941124,11.397058823529413
2023-11-20,2.78,3.04,2.75,3.04,56374993.0,166084685.0,814036325.0000001,0.06925365769150411,0.28000000000000025,10.144927536231885,10.507246376811597
2023-11-21,3.05,3.09,2.89,2.9,105427996.0,312489120.0,814036325.0000001,0.1295126430629493,-0.14000000000000012,-4.605263157894745,6.578947368421044
2023-11-22,2.88,2.95,2.81,2.83,61302804.0,175586462.0,814036325.0000001,0.07530720941722102,-0.06999999999999984,-2.4137931034482696,4.827586206896556
2023-11-23,2.82,2.84,2.76,2.79,36991283.0,103615746.0,814036325.0000001,0.045441808754664595,-0.040000000000000036,-1.4134275618374548,2.826855123674914
2023-11-24,2.79,2.92,2.78,2.8,48178125.0,136899966.0,814036325.0000001,0.059184244634291956,0.009999999999999787,0.35842293906809264,5.01792114695341
2023-11-27,2.8,2.92,2.78,2.85,41112901.0,117457445.0,814036325.0000001,0.050504995584810045,0.050000000000000266,1.7857142857143016,5.000000000000004
2023-11-28,2.82,2.85,2.79,2.8,28240487.0,79500029.0,814036325.0000001,0.03469192483517243,-0.050000000000000266,-1.7543859649122862,2.1052631578947385
2023-11-29,2.8,2.82,2.77,2.77,19930137.0,55641151.0,814036325.0000001,0.024483105222607843,-0.029999999999999805,-1.0714285714285676,1.7857142857142794
2023-11-30,2.72,2.8,2.72,2.78,19315009.0,53693550.0,814036325.0000001,0.023727453440115214,0.009999999999999787,0.3610108303248927,2.8880866425992644
2023-12-01,2.74,2.85,2.74,2.82,18759200.0,52848144.0,814036325.0000001,0.023044671870140435,0.040000000000000036,1.4388489208633004,3.956834532374096
2023-12-04,2.8,2.88,2.8,2.86,17108225.0,48760793.0,814036325.0000001,0.021016537560532077,0.040000000000000036,1.4184397163120588,2.8368794326241162
2023-12-05,2.87,3.09,2.82,2.9,48633209.0,143574480.0,814036325.0000001,0.05974329093975013,0.040000000000000036,1.3986013986013957,9.440559440559442
2023-12-06,2.91,3.05,2.88,2.92,39205655.0,115425217.0,814036325.0000001,0.048162046085596974,0.020000000000000018,0.6896551724137945,5.862068965517239
2023-12-07,2.91,2.95,2.82,2.9,31018466.0,89240507.0,814036325.0000001,0.03810452316117465,-0.020000000000000018,-0.6849315068493178,4.452054794520559
2023-12-08,2.88,2.91,2.81,2.82,19716517.0,56201359.0,814036325.0000001,0.02422068450078072,-0.08000000000000007,-2.758620689655178,3.448275862068969
2023-12-11,2.82,2.91,2.8,2.88,21483288.0,61276031.0,814036325.0000001,0.026391067990731244,0.06000000000000005,2.127659574468077,3.900709219858168
2023-12-12,2.89,3.0,2.85,2.96,26301832.0,77220304.0,814036325.0000001,0.03231039106270841,0.08000000000000007,2.77777777777779,5.20833333333333
2023-12-13,2.95,2.98,2.93,2.97,14848211.0,43891019.0,814036325.0000001,0.018240231478613683,0.010000000000000231,0.33783783783785104,1.689189189189183
2023-12-14,2.97,3.08,2.96,3.0,23616186.0,71296960.0,814036325.0000001,0.029011218878960954,0.029999999999999805,1.0101010101009944,4.040404040404043
2023-12-15,3.0,3.05,2.95,2.96,18381800.0,54983600.0,814036325.0000001,0.02258105619549594,-0.040000000000000036,-1.3333333333333308,3.3333333333333215
2023-12-18,2.97,2.98,2.94,2.95,16545632.0,48958410.0,814036325.0000001,0.020325422210120656,-0.009999999999999787,-0.33783783783782884,1.3513513513513526
2023-12-19,2.95,3.05,2.94,3.0,22398029.0,67243996.0,814036325.0000001,0.027514778287074593,0.04999999999999982,1.6949152542372836,3.7288135593220293
2023-12-20,2.98,3.28,2.98,3.14,42359129.0,133719106.0,814036325.0000001,0.05203591989583511,0.14000000000000012,4.666666666666663,9.999999999999993
2023-12-21,3.06,3.18,3.02,3.1,37007151.0,114609656.0,814036325.0000001,0.045461301742277894,-0.040000000000000036,-1.273885350318471,5.0955414012738895
2023-12-22,3.1,3.2,3.0,3.01,27351020.0,83775387.0,814036325.0000001,0.03359926229336264,-0.0900000000000003,-2.903225806451626,6.451612903225811
2023-12-25,2.98,3.04,2.95,3.01,19164209.0,57429189.0,814036325.0000001,0.02354220372168281,0.0,0.0,2.9900332225913577
2023-12-26,2.98,3.03,2.91,2.92,19603900.0,57837484.0,814036325.0000001,0.02408234055157182,-0.08999999999999986,-2.9900332225913595,3.9867109634551388
2023-12-27,2.9,3.0,2.89,2.97,14903890.0,43837851.0,814036325.0000001,0.018308630146203854,0.050000000000000266,1.7123287671233056,3.7671232876712284
2023-12-28,2.96,2.97,2.85,2.89,18449972.0,53506913.0,814036325.0000001,0.022664801844070038,-0.08000000000000007,-2.6936026936026924,4.040404040404043
2023-12-29,2.9,3.0,2.9,2.96,16464900.0,48637916.0,814036325.0000001,0.02022624727465325,0.06999999999999984,2.422145328719716,3.4602076124567507
2024-01-02,2.95,3.04,2.94,3.01,16724275.0,50133123.0,814036325.0000001,0.020544875561910578,0.04999999999999982,1.6891891891891886,3.378378378378381
2024-01-03,3.0,3.01,2.92,2.97,14543151.0,42971138.0,814036325.0000001,0.017865481617174758,-0.03999999999999959,-1.3289036544850363,2.9900332225913577
2024-01-04,2.95,2.98,2.91,2.92,11936039.0,35132550.0,814036325.0000001,0.014662784243688385,-0.050000000000000266,-1.683501683501687,2.3569023569023515
2024-01-05,2.93,2.95,2.86,2.87,12953044.0,37572504.0,814036325.0000001,0.015912120383571333,-0.04999999999999982,-1.7123287671232834,3.0821917808219284
2024-01-08,2.9,2.96,2.83,2.84,10845854.0,31342861.0,814036325.0000001,0.013323550395616557,-0.03000000000000025,-1.0452961672474004,4.529616724738672
2024-01-09,2.84,2.89,2.81,2.89,11702660.0,33399828.0,814036325.0000001,0.0143760906492717,0.050000000000000266,1.760563380281699,2.8169014084507067
2024-01-10,2.87,2.89,2.82,2.83,9155659.0,26060719.0,814036325.0000001,0.01124723641785887,-0.06000000000000005,-2.076124567474047,2.4221453287197328
2024-01-11,2.83,2.85,2.81,2.84,7624580.0,21587971.0,814036325.0000001,0.009366387918868362,0.009999999999999787,0.35335689045936647,1.413427561837457
2024-01-12,2.84,2.87,2.8,2.81,8804769.0,24958032.0,814036325.0000001,0.01081618685750909,-0.029999999999999805,-1.0563380281690127,2.4647887323943762
2024-01-15,2.83,2.91,2.8,2.86,12142900.0,34845665.0,814036325.0000001,0.014916901896239088,0.04999999999999982,1.7793594306049654,3.914590747330972
2024-01-16,2.86,2.95,2.82,2.95,13037070.0,37513161.0,814036325.0000001,0.016015341821509006,0.0900000000000003,3.146853146853168,4.545454545454557
2024-01-17,2.93,2.95,2.83,2.84,13099500.0,37855699.0,814036325.0000001,0.016092033730804332,-0.11000000000000032,-3.7288135593220417,4.067796610169495
2024-01-18,2.85,2.85,2.71,2.79,14578701.0,40144506.0,814036325.0000001,0.01790915288700415,-0.04999999999999982,-1.7605633802816878,4.929577464788737
2024-01-19,2.81,3.02,2.81,2.97,33372495.0,98302740.0,814036325.0000001,0.040996321632207254,0.18000000000000016,6.451612903225823,7.526881720430106
2024-01-22,2.97,3.06,2.83,2.85,31071559.0,92053721.0,814036325.0000001,0.038169745066351915,-0.1200000000000001,-4.040404040404044,7.744107744107744
2024-01-23,2.86,2.93,2.75,2.9,20907664.0,59738362.0,814036325.0000001,0.025683944755168015,0.04999999999999982,1.754385964912264,6.315789473684216
2024-01-24,2.92,3.07,2.92,3.04,35005658.0,105835394.0,814036325.0000001,0.043002574854383795,0.14000000000000012,4.827586206896561,5.172413793103446
2024-01-25,3.06,3.09,2.97,3.04,30222427.0,91428429.0,814036325.0000001,0.03712663191043716,0.0,0.0,3.9473684210526203
2024-01-26,2.99,3.27,2.99,3.09,49549432.0,154509319.0,814036325.0000001,0.060868821793671174,0.04999999999999982,1.6447368421052655,9.210526315789467
2024-01-29,3.06,3.07,2.94,2.96,31809500.0,95097411.0,814036325.0000001,0.03907626603763658,-0.1299999999999999,-4.207119741100318,4.20711974110032
2024-01-30,2.96,2.99,2.84,2.85,21977400.0,64001906.0,814036325.0000001,0.02699805810262828,-0.10999999999999988,-3.716216216216217,5.06756756756758
2024-01-31,2.8,3.14,2.73,2.76,57068412.0,169149186.0,814036325.0000001,0.07010548577178051,-0.0900000000000003,-3.157894736842115,14.385964912280707
2024-02-01,2.7,2.77,2.53,2.66,43856695.0,117279595.0,814036325.0000001,0.05387559947033076,-0.09999999999999964,-3.6231884057970842,8.695652173913052
2024-02-02,2.7,2.72,2.4,2.57,34626003.0,87662609.0,814036325.0000001,0.042536189033087674,-0.0900000000000003,-3.383458646616555,12.030075187969935
2024-02-05,2.57,2.57,2.31,2.31,19947103.0,47021123.0,814036325.0000001,0.0245039470443779,-0.2599999999999998,-10.116731517509725,10.11673151750972
2024-02-06,2.09,2.22,2.08,2.1,29858794.0,63125961.0,814036325.0000001,0.03667992825750128,-0.20999999999999996,-9.090909090909093,6.060606060606066
2024-02-07,2.08,2.1,1.89,1.89,22927600.0,44233985.0,814036325.0000001,0.028165327880177823,-0.2100000000000002,-10.000000000000009,10.000000000000009
2024-02-08,1.8,2.03,1.7,2.03,27948420.0,50989968.0,814036325.0000001,0.03433313617792178,0.1399999999999999,7.407407407407396,17.460317460317455
2024-02-19,2.03,2.22,2.02,2.2,22239171.0,47681299.0,814036325.0000001,0.02731962974748086,0.17000000000000037,8.374384236453224,9.852216748768484
2024-02-20,2.2,2.29,2.14,2.22,14123366.0,31192946.0,814036325.0000001,0.01734979824149739,0.020000000000000018,0.9090909090909038,6.818181818181814
2024-02-21,2.18,2.34,2.17,2.27,15075324.0,34331106.0,814036325.0000001,0.018519227627833437,0.04999999999999982,2.2522522522522515,7.657657657657654
2024-02-22,2.27,2.36,2.26,2.35,13742726.0,31871817.0,814036325.0000001,0.016882202400488697,0.08000000000000007,3.524229074889873,4.405286343612339
2024-02-23,2.34,2.39,2.29,2.35,10766900.0,25144919.0,814036325.0000001,0.013226559637863825,0.0,0.0,4.255319148936174
2024-02-26,2.39,2.53,2.36,2.45,23936035.0,58068621.0,814036325.0000001,0.02940413623433819,0.10000000000000009,4.255319148936176,7.234042553191486
2024-02-27,2.43,2.47,2.41,2.45,10113952.0,24636848.0,814036325.0000001,0.012424448012194049,0.0,0.0,2.4489795918367365
2024-02-28,2.48,2.49,2.26,2.28,16604531.0,39952566.0,814036325.0000001,0.020397776475146852,-0.17000000000000037,-6.938775510204098,9.387755102040833
2024-02-29,2.28,2.38,2.28,2.38,12204352.0,28540751.0,814036325.0000001,0.014992392384946701,0.10000000000000009,4.385964912280715,4.3859649122807065
2024-03-01,2.4,2.42,2.33,2.36,8164070.0,19382783.0,814036325.0000001,0.010029122471899517,-0.020000000000000018,-0.8403361344537785,3.781512605042011
2024-03-04,2.36,2.4,2.27,2.36,13444096.0,31214290.0,814036325.0000001,0.016515351449457736,0.0,0.0,5.508474576271182
2024-03-05,2.34,2.35,2.3,2.31,5848800.0,13573020.0,814036325.0000001,0.007184937355221832,-0.04999999999999982,-2.1186440677966045,2.1186440677966214
2024-03-06,2.3,2.36,2.28,2.3,7638072.0,17620891.0,814036325.0000001,0.009382962117814581,-0.010000000000000231,-0.43290043290044045,3.463203463203466
2024-03-07,2.32,2.35,2.28,2.29,7289700.0,16834149.0,814036325.0000001,0.008955005785521917,-0.009999999999999787,-0.43478260869563856,3.043478260869578
2024-03-08,2.3,2.3,2.24,2.26,6921400.0,15651988.0,814036325.0000001,0.008502568973196619,-0.03000000000000025,-1.310043668122285,2.6200873362445245
2024-03-11,2.25,2.32,2.2,2.32,9635060.0,21833081.0,814036325.0000001,0.011836154854637473,0.06000000000000005,2.6548672566371723,5.309734513274321
2024-03-12,2.32,2.37,2.31,2.35,9862101.0,23113764.0,814036325.0000001,0.0121150625557158,0.03000000000000025,1.2931034482758674,2.5862068965517264
2024-03-13,2.38,2.38,2.3,2.33,8325490.0,19356847.0,814036325.0000001,0.010227418291192348,-0.020000000000000018,-0.8510638297872353,3.404255319148939
2024-03-14,2.34,2.56,2.33,2.56,17776916.0,44861386.0,814036325.0000001,0.021837988618014063,0.22999999999999998,9.871244635193133,9.871244635193133
2024-03-15,2.76,2.82,2.65,2.82,29731045.0,82409805.0,814036325.0000001,0.036522995457235884,0.2599999999999998,10.15625,6.640624999999997
2024-03-18,2.85,3.1,2.71,3.1,53322054.0,159053628.0,814036325.0000001,0.06550328574096492,0.28000000000000025,9.929078014184412,13.82978723404256
2024-03-19,3.3,3.41,3.18,3.41,126244597.0,426675661.0,814036325.0000001,0.15508472180280158,0.31000000000000005,10.000000000000009,7.419354838709677
2024-03-20,3.41,3.75,3.21,3.75,194024437.0,690396533.0,814036325.0000001,0.23834862283326236,0.33999999999999986,9.97067448680351,15.835777126099707
2024-03-21,3.49,3.6,3.38,3.38,148036738.0,511137266.0,814036325.0000001,0.18185519915219997,-0.3700000000000001,-9.866666666666667,5.8666666666666725
2024-03-22,3.06,3.19,3.04,3.04,93953593.0,287952975.0,814036325.0000001,0.1154169539055889,-0.33999999999999986,-10.059171597633132,4.4378698224852045
2024-03-25,2.91,3.04,2.81,2.82,82027023.0,238862424.0,814036325.0000001,0.10076580182094452,-0.2200000000000002,-7.236842105263164,7.565789473684211
2024-03-26,2.81,2.91,2.75,2.91,60145826.0,170367465.0,814036325.0000001,0.0738859239481727,0.0900000000000003,3.191489361702149,5.6737588652482325
2024-03-27,2.91,2.92,2.7,2.7,44852561.0,125742142.0,814036325.0000001,0.05509896748158013,-0.20999999999999996,-7.216494845360821,7.560137457044664
2024-03-28,2.71,2.97,2.71,2.97,78351112.0,225869073.0,814036325.0000001,0.09625014215428285,0.27,10.000000000000009,9.629629629629639
2024-03-29,2.96,3.1,2.91,3.04,68159886.0,205713773.0,814036325.0000001,0.08373076717430268,0.06999999999999984,2.3569023569023573,6.397306397306394
2024-04-01,3.0,3.09,2.98,3.05,44574577.0,134631782.0,814036325.0000001,0.054757479035103244,0.009999999999999787,0.3289473684210398,3.6184210526315748
2024-04-02,3.06,3.35,3.05,3.24,67758708.0,217513136.0,814036325.0000001,0.08323794150095205,0.1900000000000004,6.229508196721323,9.836065573770501
2024-04-03,3.2,3.44,3.16,3.38,67566656.0,224145058.0,814036325.0000001,0.08300201591126782,0.13999999999999968,4.320987654320985,8.64197530864197
2024-04-08,3.38,3.42,3.23,3.24,47960634.0,158912694.0,814036325.0000001,0.058917068596416745,-0.13999999999999968,-4.142011834319515,5.621301775147928
2024-04-09,3.23,3.25,3.14,3.25,32773380.0,104636736.0,814036325.0000001,0.04026034096205718,0.009999999999999787,0.30864197530864335,3.3950617283950573
2024-04-10,3.2,3.27,3.16,3.23,20172704.0,64815075.0,814036325.0000001,0.024781085782627693,-0.020000000000000018,-0.6153846153846176,3.384615384615381
2024-04-11,3.23,3.32,3.18,3.2,23138236.0,75124270.0,814036325.0000001,0.02842408291792138,-0.029999999999999805,-0.9287925696594312,4.33436532507739
2024-04-12,3.21,3.25,3.15,3.16,19859700.0,63370505.0,814036325.0000001,0.024396577142918034,-0.040000000000000036,-1.2499999999999956,3.1250000000000027
2024-04-15,3.2,3.24,2.91,2.97,32045489.0,98000001.0,814036325.0000001,0.03936616587717998,-0.18999999999999995,-6.0126582278481,10.443037974683547
2024-04-16,2.97,3.0,2.68,2.76,32070686.0,89464444.0,814036325.0000001,0.03939711904134007,-0.2100000000000004,-7.070707070707083,10.774410774410768
2024-04-17,2.78,3.0,2.78,2.99,25088411.0,73836087.0,814036325.0000001,0.03081976839301366,0.23000000000000043,8.333333333333348,7.971014492753631
2024-04-18,3.0,3.05,2.97,2.97,20951959.0,63193474.0,814036325.0000001,0.025738358788841512,-0.020000000000000018,-0.6688963210702337,2.675585284280924
2024-04-19,2.97,3.03,2.92,2.94,12162600.0,36049453.0,814036325.0000001,0.014941102290490536,-0.03000000000000025,-1.0101010101010166,3.7037037037036993
2024-04-22,2.94,2.95,2.79,2.82,14927390.0,42500459.0,814036325.0000001,0.018337498636808374,-0.1200000000000001,-4.081632653061229,5.442176870748304
2024-04-23,2.82,2.89,2.8,2.85,7678132.0,21890522.0,814036325.0000001,0.009432173680947223,0.03000000000000025,1.0638297872340496,3.1914893617021387
2024-04-24,2.87,2.89,2.79,2.81,10749912.0,30298603.0,814036325.0000001,0.013205690790272779,-0.040000000000000036,-1.403508771929829,3.5087719298245648
2024-04-25,2.8,3.09,2.78,3.09,13261264.0,40141765.0,814036325.0000001,0.016290752135661758,0.2799999999999998,9.964412811387891,11.032028469750891
2024-04-26,3.2,3.28,3.05,3.11,46704968.0,147158148.0,814036325.0000001,0.05737455020818634,0.020000000000000018,0.6472491909385036,7.443365695792881
2024-04-29,3.1,3.17,3.02,3.04,31402881.0,96720009.0,814036325.0000001,0.0385767563873762,-0.06999999999999984,-2.2508038585209,4.823151125401927
2024-04-30,3.1,3.3,3.1,3.12,46827608.0,149438889.0,814036325.0000001,0.05752520687574967,0.08000000000000007,2.6315789473684292,6.578947368421044
2024-05-06,3.12,3.23,3.1,3.16,26479384.0,83881289.0,814036325.0000001,0.032528504179466435,0.040000000000000036,1.2820512820512775,4.1666666666666625
2024-05-07,3.19,3.33,3.17,3.19,29559276.0,95298225.0,814036325.0000001,0.03631198644605939,0.029999999999999805,0.9493670886075778,5.06329113924051
2024-05-08,3.18,3.31,3.18,3.25,27755541.0,90209703.0,814036325.0000001,0.03409619466305757,0.06000000000000005,1.8808777429467183,4.075235109717865
2024-05-09,3.2,3.29,3.16,3.24,26699480.0,86491033.0,814036325.0000001,0.03279888032023632,-0.009999999999999787,-0.3076923076922977,3.9999999999999964
2024-05-10,3.24,3.28,3.16,3.17,16971550.0,54102199.0,814036325.0000001,0.0208486396476226,-0.07000000000000028,-2.1604938271605034,3.703703703703693
2024-05-13,3.15,3.16,3.07,3.13,13627101.0,42430341.0,814036325.0000001,0.01674016328448242,-0.040000000000000036,-1.2618296529968487,2.839116719242912
2024-05-14,3.16,3.25,3.16,3.18,15953491.0,50927103.0,814036325.0000001,0.01959800872522488,0.050000000000000266,1.5974440894568787,2.87539936102236
2024-05-15,3.19,3.2,3.1,3.12,14071690.0,44322333.0,814036325.0000001,0.017286317044881257,-0.06000000000000005,-1.8867924528301883,3.1446540880503173
2024-05-16,3.17,3.17,3.1,3.11,11526900.0,36019370.0,814036325.0000001,0.014160178908478068,-0.010000000000000231,-0.3205128205128305,2.2435897435897383
2024-05-17,3.12,3.16,3.11,3.15,10198692.0,31954837.0,814036325.0000001,0.012528546560867536,0.040000000000000036,1.2861736334405238,1.6077170418006517
2024-05-20,3.11,3.17,3.07,3.15,21406671.0,66894726.0,814036325.0000001,0.026296948112235652,0.0,0.0,3.174603174603177
2024-05-21,3.15,3.15,3.0,3.12,15756833.0,48483720.0,814036325.0000001,0.019356424911382175,-0.029999999999999805,-0.952380952380949,4.761904761904759
2024-05-22,3.12,3.16,3.08,3.1,11602600.0,36147590.0,814036325.0000001,0.014253172301616882,-0.020000000000000018,-0.6410256410256387,2.5641025641025665
2024-05-23,3.08,3.1,3.02,3.06,10543200.0,32214396.0,814036325.0000001,0.012951756176236973,-0.040000000000000036,-1.2903225806451646,2.5806451612903247
2024-05-24,3.07,3.08,3.01,3.02,6794691.0,20648979.0,814036325.0000001,0.008346913757196275,-0.040000000000000036,-1.3071895424836666,2.2875816993464144
2024-05-27,3.03,3.13,3.01,3.11,11989700.0,36737168.0,814036325.0000001,0.014728703906425795,0.08999999999999986,2.98013245033113,3.973509933774838
2024-05-28,3.13,3.31,3.08,3.14,35435023.0,113119670.0,814036325.0000001,0.04353002674665654,0.03000000000000025,0.9646302250803984,7.395498392282958
2024-05-29,3.12,3.22,3.08,3.17,17121632.0,53975616.0,814036325.0000001,0.021033007341533558,0.029999999999999805,0.9554140127388422,4.458598726114653
2024-05-30,3.18,3.2,3.03,3.05,16830145.0,51945559.0,814036325.0000001,0.02067493118319996,-0.1200000000000001,-3.785488958990535,5.362776025236605
2024-05-31,3.06,3.13,3.06,3.08,8288800.0,25657006.0,814036325.0000001,0.010182346592457037,0.03000000000000025,0.9836065573770592,2.2950819672131098
2024-06-03,3.06,3.09,3.01,3.04,12783972.0,38799037.0,814036325.0000001,0.015704424492359106,-0.040000000000000036,-1.2987012987012991,2.5974025974025996
2024-06-04,3.02,3.02,2.83,2.89,22417419.0,64913213.0,814036325.0000001,0.027538597862939343,-0.1499999999999999,-4.934210526315786,6.249999999999998
2024-06-05,2.9,2.97,2.84,2.88,10910040.0,31829680.0,814036325.0000001,0.013402399456805564,-0.010000000000000231,-0.34602076124568004,4.498269896193783
2024-06-06,2.88,2.88,2.77,2.86,12648690.0,35557492.0,814036325.0000001,0.015538237805296954,-0.020000000000000018,-0.694444444444442,3.8194444444444406
2024-06-07,2.88,3.0,2.86,2.87,11011632.0,32061453.0,814036325.0000001,0.013527199784358516,0.010000000000000231,0.34965034965035446,4.895104895104899
2024-06-11,2.87,2.97,2.82,2.96,12308784.0,35846964.0,814036325.0000001,0.015120681500300368,0.08999999999999986,3.1358885017421567,5.226480836236946
2024-06-12,2.96,3.06,2.96,3.05,11970331.0,36220650.0,814036325.0000001,0.014704910127935627,0.08999999999999986,3.040540540540526,3.378378378378381
2024-06-13,3.07,3.08,2.94,2.96,10516202.0,31387163.0,814036325.0000001,0.012918590580094811,-0.08999999999999986,-2.950819672131144,4.590163934426235
2024-06-14,2.94,2.97,2.92,2.96,4849517.0,14260138.0,814036325.0000001,0.005957371742593918,0.0,0.0,1.6891891891891984
2024-06-17,2.97,3.03,2.93,2.97,7682282.0,22903897.0,814036325.0000001,0.00943727173354334,0.010000000000000231,0.33783783783785104,3.378378378378366
2024-06-18,2.96,2.97,2.93,2.96,4515533.0,13311812.0,814036325.0000001,0.005547090297229672,-0.010000000000000231,-0.33670033670034627,1.346801346801348
2024-06-19,2.97,2.98,2.91,2.94,4213829.0,12409500.0,814036325.0000001,0.005176463101938355,-0.020000000000000018,-0.6756756756756799,2.3648648648648596
2024-06-20,2.91,2.94,2.87,2.89,4187800.0,12150966.0,814036325.0000001,0.005144487870366227,-0.04999999999999982,-1.7006802721088343,2.3809523809523756
2024-06-21,2.89,3.02,2.87,2.99,9929967.0,29470430.0,814036325.0000001,0.012198432299688837,0.10000000000000009,3.460207612456756,5.190311418685118
2024-06-24,2.96,2.97,2.83,2.84,12876900.0,37098110.0,814036325.0000001,0.015818581560227054,-0.15000000000000036,-5.016722408026764,4.682274247491643
2024-06-25,2.85,2.89,2.8,2.83,6714154.0,18966241.0,814036325.0000001,0.008247978368778566,-0.009999999999999787,-0.35211267605632646,3.169014084507053
2024-06-26,2.84,2.91,2.79,2.9,5454201.0,15615540.0,814036325.0000001,0.006700193630794055,0.06999999999999984,2.473498233215543,4.240282685512371
2024-06-27,2.91,2.93,2.83,2.83,3930480.0,11282399.0,814036325.0000001,0.0048283840404787825,-0.06999999999999984,-2.4137931034482696,3.448275862068969
2024-06-28,2.85,2.86,2.82,2.83,3695900.0,10502136.0,814036325.0000001,0.004540215081925244,0.0,0.0,1.413427561837457
2024-07-01,2.83,2.86,2.8,2.83,4188466.0,11860819.0,814026500.0,0.005145368117622707,0.0,0.0,2.1201413427561855
2024-07-02,2.83,3.02,2.83,2.96,15678225.0,46232529.0,814026500.0,0.01926009165549279,0.1299999999999999,4.59363957597172,6.713780918727913
2024-07-03,2.98,3.03,2.91,2.93,8467968.0,25143507.0,814026500.0,0.010402570432289366,-0.029999999999999805,-1.0135135135135087,4.054054054054043
2024-07-04,2.91,2.95,2.86,2.88,4611700.0,13314202.0,814026500.0,0.005665294680210042,-0.050000000000000266,-1.7064846416382395,3.0716723549488156
2024-07-05,2.88,2.94,2.85,2.93,5164085.0,14979095.0,814026500.0,0.0063438782398361725,0.050000000000000266,1.736111111111116,3.124999999999995
2024-07-08,2.9,2.96,2.86,2.86,4963700.0,14346638.0,814026500.0,0.006097713035140748,-0.07000000000000028,-2.3890784982935287,3.4129692832764533
2024-07-09,2.85,2.93,2.84,2.92,4410746.0,12715481.0,814026500.0,0.005418430481071562,0.06000000000000005,2.0979020979021046,3.1468531468531578
2024-07-10,2.9,2.94,2.87,2.9,3481800.0,10101805.0,814026500.0,0.004277256330107189,-0.020000000000000018,-0.6849315068493178,2.3972602739725972
2024-07-11,2.92,2.94,2.88,2.89,6872100.0,19937337.0,814026500.0,0.008442108457157108,-0.009999999999999787,-0.34482758620688614,2.0689655172413812
2024-07-12,2.9,2.9,2.84,2.85,5046578.0,14470228.0,814026500.0,0.0061995254454246885,-0.040000000000000036,-1.384083044982698,2.07612456747405
2024-07-15,2.87,2.89,2.84,2.88,3704028.0,10620006.0,814026500.0,0.004550254813571794,0.029999999999999805,1.0526315789473717,1.75438596491229
2024-07-16,2.88,2.95,2.86,2.94,7981232.0,23337487.0,814026500.0,0.00980463412431905,0.06000000000000005,2.083333333333326,3.12500000000001
2024-07-17,2.94,2.96,2.89,2.9,5118606.0,14934957.0,814026500.0,0.006288009051302384,-0.040000000000000036,-1.3605442176870763,2.3809523809523756
2024-07-18,2.89,2.95,2.86,2.94,5578072.0,16251493.0,814026500.0,0.006852445221377928,0.040000000000000036,1.379310344827589,3.103448275862079
2024-07-19,2.94,3.08,2.93,3.02,11620925.0,34955581.0,814026500.0,0.014275855884298607,0.08000000000000007,2.7210884353741527,5.102040816326528
2024-07-22,3.02,3.16,2.99,3.12,16132472.0,49688727.0,814026500.0,0.019818116486379742,0.10000000000000009,3.31125827814569,5.629139072847679
2024-07-23,3.12,3.2,3.09,3.1,12092606.0,37917625.0,814026500.0,0.014855297708366988,-0.020000000000000018,-0.6410256410256387,3.525641025641036
2024-07-24,3.09,3.11,3.02,3.02,11308834.0,34615024.0,814026500.0,0.013892464188819406,-0.08000000000000007,-2.580645161290329,2.903225806451608
2024-07-25,3.0,3.04,2.93,2.95,8563800.0,25290650.0,814026500.0,0.01052029632941925,-0.06999999999999984,-2.3178807947019764,3.6423841059602604
2024-07-26,2.95,3.05,2.93,3.0,6554200.0,19661951.0,814026500.0,0.008051580630360313,0.04999999999999982,1.6949152542372836,4.06779661016948
2024-07-29,2.99,3.03,2.97,3.0,4217401.0,12649597.0,814026500.0,0.0051809136434747514,0.0,0.0,1.999999999999987
2024-07-30,2.99,3.03,2.96,3.0,5998600.0,17952214.0,814026500.0,0.007369047567861734,0.0,0.0,2.3333333333333277
2024-07-31,2.97,3.03,2.97,3.02,10793982.0,32411064.0,814026500.0,0.013259988464748998,0.020000000000000018,0.6666666666666599,1.999999999999987
2024-08-01,3.01,3.06,3.0,3.03,7399500.0,22376082.0,814026500.0,0.009089998912811807,0.009999999999999787,0.3311258278145601,1.986754966887419
2024-08-02,3.0,3.06,2.98,3.05,8363484.0,25324519.0,814026500.0,0.010274215888549083,0.020000000000000018,0.660066006600668,2.640264026402643
2024-08-05,3.07,3.19,2.95,2.95,18898254.0,57934077.0,814026500.0,0.023215772459496097,-0.09999999999999964,-3.2786885245901565,7.868852459016386
2024-08-06,2.95,3.01,2.95,3.0,7865800.0,23387434.0,814026500.0,0.009662830386971431,0.04999999999999982,1.6949152542372836,2.0338983050847323
2024-08-07,2.97,3.08,2.97,3.04,7290500.0,22167239.0,814026500.0,0.00895609663813156,0.040000000000000036,1.333333333333342,3.6666666666666625
2024-08-08,3.03,3.06,2.99,3.06,7122878.0,21477871.0,814026500.0,0.008750179508898052,0.020000000000000018,0.6578947368421018,2.3026315789473633
2024-08-09,3.06,3.07,2.98,2.99,8873451.0,26701960.0,814026500.0,0.010900690579483592,-0.06999999999999984,-2.287581699346397,2.9411764705882306
2024-08-12,2.99,2.99,2.94,2.94,5598100.0,16563489.0,814026500.0,0.006877048843004497,-0.050000000000000266,-1.6722408026755953,1.6722408026755942
2024-08-13,2.94,2.96,2.91,2.93,3216023.0,9427018.0,814026500.0,0.0039507595882935015,-0.009999999999999787,-0.340136054421758,1.7006802721088374
2024-08-14,2.93,2.93,2.86,2.86,7098900.0,20463334.0,814026500.0,0.008720723465390868,-0.07000000000000028,-2.3890784982935287,2.3890784982935247
2024-08-15,2.86,2.93,2.84,2.88,4448846.0,12861936.0,814026500.0,0.005465234854147869,0.020000000000000018,0.6993006993007089,3.1468531468531578
2024-08-16,2.89,2.91,2.87,2.89,3404871.0,9828529.0,814026500.0,0.004182752035713825,0.010000000000000231,0.3472222222222321,1.3888888888888902
2024-08-19,2.88,2.92,2.86,2.91,4732069.0,13739548.0,814026500.0,0.0058131633306778095,0.020000000000000018,0.6920415224913601,2.07612456747405
2024-08-20,2.9,2.91,2.85,2.86,4812246.0,13814896.0,814026500.0,0.005911657667164398,-0.050000000000000266,-1.718213058419249,2.0618556701030943
2024-08-21,2.85,2.92,2.85,2.9,3982770.0,11513036.0,814026500.0,0.004892678555305017,0.040000000000000036,1.3986013986013957,2.447552447552442
2024-08-22,2.91,2.91,2.85,2.89,4298615.0,12345029.0,814026500.0,0.005280681894262656,-0.009999999999999787,-0.34482758620688614,2.0689655172413812
2024-08-23,2.86,2.87,2.83,2.85,4351300.0,12376998.0,814026500.0,0.005345403374460168,-0.040000000000000036,-1.384083044982698,1.3840830449827002
2024-08-26,2.85,2.9,2.85,2.89,3282730.0,9447134.0,814026500.0,0.004032706551936577,0.040000000000000036,1.403508771929829,1.7543859649122744
2024-08-27,2.89,2.9,2.87,2.88,1804700.0,5200342.0,814026500.0,0.002217003991884785,-0.010000000000000231,-0.34602076124568004,1.0380622837370175
2024-08-28,2.89,2.89,2.83,2.84,4104911.0,11723117.0,814026500.0,0.005042724039082265,-0.040000000000000036,-1.388888888888895,2.0833333333333353
2024-08-29,2.85,2.88,2.81,2.87,5003023.0,14223161.0,814026500.0,0.006146019816308191,0.03000000000000025,1.0563380281690238,2.4647887323943607
2024-08-30,2.87,2.89,2.85,2.89,5008500.0,14415618.0,814026500.0,0.0061527480984955646,0.020000000000000018,0.6968641114982521,1.3937282229965169
2024-09-02,2.89,2.92,2.87,2.9,4538533.0,13161387.0,814026500.0,0.005575411856985,0.009999999999999787,0.34602076124565784,1.7301038062283676
2024-09-03,2.88,2.91,2.87,2.9,2913000.0,8406092.0,814026500.0,0.0035785075792987083,0.0,0.0,1.3793103448275874
2024-09-04,2.85,2.9,2.85,2.89,3571830.0,10274882.0,814026500.0,0.004387854695148131,-0.009999999999999787,-0.34482758620688614,1.7241379310344769
2024-09-05,2.9,3.03,2.89,2.97,8635497.0,25645669.0,814026500.0,0.010608373314627963,0.08000000000000007,2.768166089965396,4.844290657439435
2024-09-06,2.96,3.01,2.95,2.96,6635100.0,19761059.0,814026500.0,0.00815096314432024,-0.010000000000000231,-0.33670033670034627,2.020202020202007
2024-09-09,2.96,2.98,2.9,2.96,3220905.0,9485610.0,814026500.0,0.003956756936045694,0.0,0.0,2.7027027027027053
2024-09-10,2.96,3.08,2.96,3.01,10002700.0,30127525.0,814026500.0,0.01228792920132207,0.04999999999999982,1.6891891891891886,4.054054054054058
2024-09-11,3.0,3.04,2.98,3.03,5386204.0,16253325.0,814026500.0,0.006616742821026097,0.020000000000000018,0.6644518272425293,1.9933554817275767
2024-09-12,3.04,3.08,3.02,3.07,9059069.0,27703900.0,814026500.0,0.011128715097112931,0.040000000000000036,1.320132013201314,1.980198019801982
2024-09-13,3.06,3.2,3.05,3.17,20817600.0,65216699.0,814026500.0,0.025573614618197318,0.10000000000000009,3.2573289902280145,4.8859934853420315
2024-09-18,3.17,3.2,3.05,3.09,12532401.0,39088378.0,814026500.0,0.015395568817477072,-0.08000000000000007,-2.5236593059936974,4.731861198738182
2024-09-19,3.08,3.13,3.03,3.07,11497800.0,35412712.0,814026500.0,0.01412460159466553,-0.020000000000000018,-0.6472491909385147,3.23624595469256
2024-09-20,3.07,3.07,2.98,3.01,11483710.0,34754014.0,814026500.0,0.014107292575855945,-0.06000000000000005,-1.9543973941368087,2.9315960912052073
2024-09-23,3.01,3.1,3.0,3.09,8786546.0,26887102.0,814026500.0,0.010793931155803895,0.08000000000000007,2.657807308970095,3.3222591362126277
2024-09-24,3.09,3.12,3.05,3.09,8810564.0,27200210.0,814026500.0,0.010823436337760502,0.0,0.0,2.2653721682847987
2024-09-25,3.1,3.15,3.08,3.1,13762160.0,42888391.0,814026500.0,0.016906280078105566,0.010000000000000231,0.3236245954692629,2.2653721682847845
2024-09-26,3.1,3.32,3.08,3.29,30106343.0,97097980.0,814026500.0,0.03698447532113512,0.18999999999999995,6.129032258064515,7.74193548387096
2024-09-27,3.33,3.46,3.32,3.37,27613832.0,93329284.0,814026500.0,0.03392252217833203,0.08000000000000007,2.4316109422492405,4.255319148936175
2024-09-30,3.45,3.71,3.39,3.71,48176955.0,172934920.0,814026500.0,0.05918352166667793,0.33999999999999986,10.089020771513347,9.495548961424326
2024-10-08,4.08,4.08,3.67,3.94,54627847.0,214574691.0,814026500.0,0.06710819242371102,0.22999999999999998,6.199460916442057,11.051212938005396
2024-10-09,3.88,3.91,3.55,3.55,31947258.0,116464915.0,814026500.0,0.03924596803666711,-0.3900000000000001,-9.898477157360407,9.13705583756346
2024-10-10,3.53,3.75,3.38,3.6,35845266.0,128597202.0,814026500.0,0.04403451976072032,0.050000000000000266,1.4084507042253502,10.42253521126761
2024-10-11,3.58,3.61,3.43,3.54,20339213.0,71788420.0,814026500.0,0.024985934733083012,-0.06000000000000005,-1.6666666666666718,4.999999999999992
2024-10-14,3.77,3.89,3.7,3.89,21739185.0,83524043.0,814026500.0,0.02670574606600645,0.3500000000000001,9.887005649717517,5.367231638418078
2024-10-15,4.05,4.23,3.64,3.65,82140724.0,324756751.0,814026500.0,0.1009066952980032,-0.2400000000000002,-6.169665809768643,15.167095115681242
2024-10-16,3.65,3.85,3.61,3.73,39670367.0,146751394.0,814026500.0,0.04873350806146974,0.08000000000000007,2.191780821917799,6.575342465753431
2024-10-17,3.72,3.8,3.64,3.68,29222322.0,108611476.0,814026500.0,0.035898489791180016,-0.04999999999999982,-1.3404825737265313,4.289544235924925
2024-10-18,3.63,3.76,3.52,3.68,35278672.0,128426288.0,814026500.0,0.04333848099539757,0.0,0.0,6.521739130434775
2024-10-21,3.76,4.03,3.76,3.88,44698580.0,174231230.0,814026500.0,0.054910472816302666,0.19999999999999973,5.434782608695654,7.336956521739142
2024-10-22,3.92,4.15,3.85,4.07,36178876.0,144582722.0,814026500.0,0.04444434671352837,0.1900000000000004,4.89690721649485,7.731958762886605
2024-10-23,4.15,4.19,3.99,4.14,38992880.0,158975838.0,814026500.0,0.04790124154434776,0.0699999999999994,1.7199017199017064,4.914004914004918
2024-10-24,4.13,4.41,4.1,4.3,46090260.0,197304897.0,814026500.0,0.05662009774866052,0.16000000000000014,3.864734299516903,7.4879227053140225
2024-10-25,4.31,4.45,4.27,4.37,37739101.0,164198159.0,814026500.0,0.04636102264484018,0.07000000000000028,1.6279069767441978,4.1860465116279215
2024-10-28,4.32,4.36,4.11,4.28,49551492.0,208282195.0,814026500.0,0.060872087088073915,-0.08999999999999986,-2.059496567505714,5.720823798627002
2024-10-29,4.27,4.28,4.1,4.15,30138047.0,125394919.0,814026500.0,0.03702342245614854,-0.1299999999999999,-3.0373831775700855,4.205607476635528
2024-10-30,4.1,4.32,4.07,4.31,32914215.0,139144087.0,814026500.0,0.04043383722765782,0.15999999999999925,3.8554216867469737,6.024096385542168
2024-10-31,4.28,4.35,3.97,4.04,48379724.0,199767749.0,814026500.0,0.05943261552295902,-0.2699999999999996,-6.264501160092795,8.816705336426903
2024-11-01,4.0,4.06,3.8,3.87,40904991.0,160921850.0,814026500.0,0.05025019578600942,-0.16999999999999993,-4.207920792079212,6.435643564356431
2024-11-04,3.87,3.87,3.71,3.77,27658823.0,104350850.0,814026500.0,0.03397779187778285,-0.10000000000000009,-2.5839793281653756,4.134366925064603
2024-11-05,3.77,3.91,3.77,3.9,33932781.0,130366540.0,814026500.0,0.04168510607455654,0.1299999999999999,3.4482758620689724,3.713527851458889
2024-11-06,3.86,3.88,3.77,3.8,26118821.0,99718544.0,814026500.0,0.03208595911803854,-0.10000000000000009,-2.564102564102566,2.8205128205128176
2024-11-07,3.77,4.03,3.74,3.96,30071402.0,117760398.0,814026500.0,0.03694155165710207,0.16000000000000014,4.210526315789487,7.631578947368423
2024-11-08,3.99,4.01,3.83,3.86,24573344.0,95975865.0,814026500.0,0.03018740053302933,-0.10000000000000009,-2.5252525252525304,4.545454545454539
2024-11-11,3.86,3.97,3.83,3.88,21268091.0,82542872.0,814026500.0,0.026127025348683365,0.020000000000000018,0.5181347150259086,3.6269430051813503
2024-11-12,3.88,4.08,3.87,3.96,30915279.0,122340288.0,814026500.0,0.03797822183921531,0.08000000000000007,2.0618556701030855,5.412371134020618
2024-11-13,3.92,3.95,3.83,3.9,16900352.0,65552923.0,814026500.0,0.020761427299971193,-0.06000000000000005,-1.5151515151515138,3.030303030303033
2024-11-14,3.85,3.91,3.77,3.78,16468668.0,62892612.0,814026500.0,0.02023112023994305,-0.1200000000000001,-3.076923076923077,3.589743589743593
2024-11-15,3.78,3.84,3.7,3.7,13967561.0,52651888.0,814026500.0,0.01715860724435875,-0.07999999999999963,-2.116402116402105,3.7037037037036953
2024-11-18,3.75,3.79,3.61,3.65,15282731.0,56306495.0,814026500.0,0.018774242607580958,-0.050000000000000266,-1.3513513513513598,4.864864864864869
2024-11-19,3.66,3.72,3.6,3.72,12031035.0,44005442.0,814026500.0,0.014779660121629947,0.07000000000000028,1.9178082191780854,3.2876712328767157
2024-11-20,3.7,3.85,3.68,3.77,12494992.0,47166199.0,814026500.0,0.015349613311114564,0.04999999999999982,1.3440860215053752,4.569892473118277
2024-11-21,3.77,3.98,3.73,3.93,26139362.0,101521827.0,814026500.0,0.03211119294027897,0.16000000000000014,4.244031830238737,6.631299734748011
2024-11-22,3.93,4.01,3.82,3.84,21758743.0,84817344.0,814026500.0,0.026729772310852287,-0.0900000000000003,-2.2900763358778664,4.834605597964375
2024-11-25,3.84,3.95,3.79,3.88,15011225.0,58220419.0,814026500.0,0.018440708011348526,0.040000000000000036,1.041666666666674,4.1666666666666705
2024-11-26,3.87,3.99,3.85,3.92,22529856.0,88581127.0,814026500.0,0.02767705473961843,0.040000000000000036,1.0309278350515427,3.6082474226804155
2024-11-27,3.87,3.92,3.7,3.9,17846215.0,68094683.0,814026500.0,0.021923383329658187,-0.020000000000000018,-0.5102040816326481,5.612244897959178
2024-11-28,3.84,3.92,3.79,3.8,14481238.0,55771950.0,814026500.0,0.017789639526477333,-0.10000000000000009,-2.564102564102566,3.3333333333333304
2024-11-29,3.8,3.82,3.74,3.77,14533194.0,54805302.0,814026500.0,0.01785346545843409,-0.029999999999999805,-0.7894736842105177,2.105263157894727
2024-12-02,3.76,4.04,3.76,3.98,53934226.0,214562716.0,814026500.0,0.06625610591301388,0.20999999999999996,5.57029177718833,7.427055702917778
2024-12-03,3.93,3.95,3.76,3.87,42045599.0,161363808.0,814026500.0,0.051651388499023065,-0.10999999999999988,-2.7638190954773822,4.773869346733678
2024-12-04,3.85,3.89,3.73,3.74,25207944.0,95559287.0,814026500.0,0.0309669820331402,-0.1299999999999999,-3.3591731266149893,4.134366925064603
2024-12-05,3.74,3.81,3.71,3.75,15545548.0,58400183.0,814026500.0,0.019097103104137272,0.009999999999999787,0.2673796791443861,2.6737967914438525
2024-12-06,3.77,3.83,3.71,3.77,20179749.0,75993185.0,814026500.0,0.02479003939060952,0.020000000000000018,0.5333333333333412,3.200000000000003
2024-12-09,3.76,3.83,3.71,3.83,21989481.0,82968075.0,814026500.0,0.027013224999431838,0.06000000000000005,1.5915119363395291,3.183023872679048
2024-12-10,3.89,3.92,3.74,3.76,23487940.0,89743735.0,814026500.0,0.028854023794065674,-0.07000000000000028,-1.8276762402088864,4.699738903394248
2024-12-11,3.77,3.86,3.75,3.85,18655039.0,71152191.0,814026500.0,0.022916992260079986,0.0900000000000003,2.393617021276606,2.925531914893614
2024-12-12,3.85,3.92,3.83,3.9,19053275.0,73877487.0,814026500.0,0.02340620974869983,0.04999999999999982,1.298701298701288,2.337662337662334
2024-12-13,3.88,3.88,3.76,3.77,17355501.0,66001726.0,814026500.0,0.021320560202892656,-0.1299999999999999,-3.3333333333333326,3.0769230769230798
2024-12-16,3.79,3.81,3.68,3.72,14466900.0,53971319.0,814026500.0,0.01777202584928132,-0.04999999999999982,-1.3262599469495928,3.4482758620689626
2024-12-17,3.69,3.71,3.5,3.51,23112910.0,82566261.0,814026500.0,0.02839331397687913,-0.2100000000000004,-5.645161290322587,5.645161290322579
2024-12-18,3.55,3.56,3.46,3.5,13196555.0,46481275.0,814026500.0,0.01621145626094482,-0.009999999999999787,-0.2849002849002802,2.8490028490028516
2024-12-19,3.45,3.51,3.42,3.45,10634016.0,36729325.0,814026500.0,0.013063476434735233,-0.04999999999999982,-1.4285714285714235,2.571428571428567
2024-12-20,3.45,3.51,3.43,3.45,11005246.0,38115620.0,814026500.0,0.0135195180992265,0.0,0.0,2.318840579710134
2024-12-23,3.45,3.46,3.26,3.26,20869793.0,69233625.0,814026500.0,0.025637731695466917,-0.1900000000000004,-5.507246376811603,5.797101449275368
2024-12-24,3.27,3.31,3.21,3.26,11197494.0,36497307.0,814026500.0,0.013755687314847859,0.0,0.0,3.06748466257669
2024-12-25,3.23,3.26,3.13,3.18,13064852.0,41500052.0,814026500.0,0.01604966423083278,-0.07999999999999963,-2.4539877300613355,3.98773006134969
2024-12-26,3.19,3.27,3.18,3.26,11733915.0,38099524.0,814026500.0,0.014414659719308892,0.07999999999999963,2.515723270440229,2.8301886792452784
2024-12-27,3.3,3.59,3.29,3.59,23228533.0,81122237.0,814026500.0,0.028535352350322746,0.33000000000000007,10.122699386503076,9.202453987730056
2024-12-30,3.6,3.7,3.45,3.6,42080302.0,150674272.0,814026500.0,0.05169401978928204,0.010000000000000231,0.278551532033422,6.963788300835655
2024-12-31,3.58,3.65,3.48,3.51,23744497.0,84532905.0,814000925.0,0.029170110586790796,-0.0900000000000003,-2.5000000000000133,4.72222222222222
2025-01-02,3.49,3.53,3.31,3.35,16730505.0,57115622.0,814000925.0,0.02055342258978391,-0.1599999999999997,-4.55840455840455,6.267806267806261
2025-01-03,3.38,3.59,3.3,3.44,36589889.0,126518593.0,814000925.0,0.04495067250691392,0.08999999999999986,2.686567164179099,8.656716417910449
2025-01-06,3.31,3.42,3.18,3.3,27034868.0,88759792.0,814000925.0,0.03321233080908354,-0.14000000000000012,-4.069767441860472,6.9767441860465045
2025-01-07,3.25,3.36,3.21,3.31,15719123.0,51524057.0,814000925.0,0.01931093997221195,0.010000000000000231,0.3030303030303161,4.545454545454543
2025-01-08,3.3,3.5,3.25,3.44,21876062.0,73703187.0,814000925.0,0.02687473850229347,0.1299999999999999,3.92749244712991,7.552870090634441
2025-01-09,3.44,3.53,3.37,3.52,19447877.0,67619027.0,814000925.0,0.023891713636566198,0.08000000000000007,2.3255813953488413,4.651162790697666
2025-01-10,3.5,3.52,3.33,3.33,13775890.0,46926184.0,814000925.0,0.016923678557244883,-0.18999999999999995,-5.397727272727271,5.397727272727272
2025-01-13,3.28,3.45,3.28,3.45,8780021.0,29476724.0,814000925.0,0.010786254327659395,0.1200000000000001,3.603603603603611,5.105105105105117
2025-01-14,3.47,3.54,3.42,3.53,13103407.0,45616054.0,814000925.0,0.016097533304400113,0.07999999999999963,2.318840579710124,3.4782608695652204
2025-01-15,3.53,3.53,3.39,3.43,12910754.0,44436226.0,814000925.0,0.015860859126173597,-0.09999999999999964,-2.832861189801694,3.9660056657223706
2025-01-16,3.45,3.5,3.4,3.44,8483247.0,29260071.0,814000925.0,0.010421667518375363,0.009999999999999787,0.2915451895043608,2.9154518950437343
2025-01-17,3.43,3.52,3.4,3.45,8527861.0,29457015.0,814000925.0,0.010476475809901567,0.010000000000000231,0.29069767441860517,3.4883720930232593
2025-01-20,3.42,3.5,3.35,3.49,12354941.0,42609575.0,814000925.0,0.015178042948784118,0.040000000000000036,1.1594202898550732,4.347826086956519
2025-01-21,3.5,3.55,3.43,3.49,8749130.0,30478666.0,814000925.0,0.010748304739334295,0.0,0.0,3.43839541547277
2025-01-22,3.49,3.5,3.43,3.48,10210800.0,35286170.0,814000925.0,0.012543966089473424,-0.010000000000000231,-0.2865329512894088,2.005730659025783
2025-01-23,3.48,3.57,3.44,3.46,13019170.0,45387775.0,814000925.0,0.015994048164011607,-0.020000000000000018,-0.5747126436781658,3.735632183908043
2025-01-24,3.45,3.45,3.38,3.39,9370200.0,31931971.0,814000925.0,0.011511289130291836,-0.06999999999999984,-2.023121387283233,2.023121387283245
2025-01-27,3.39,3.58,3.38,3.48,24220446.0,85206895.0,814000925.0,0.029754813853559197,0.08999999999999986,2.6548672566371723,5.899705014749268
2025-02-05,3.52,3.61,3.44,3.51,12729431.0,44543602.0,814000925.0,0.015638103851049065,0.029999999999999805,0.8620689655172376,4.885057471264366
2025-02-06,3.5,3.56,3.46,3.55,13815467.0,48641657.0,814000925.0,0.016972298895114892,0.040000000000000036,1.139601139601143,2.8490028490028516
2025-02-07,3.56,3.56,3.47,3.51,17850976.0,62825717.0,814000925.0,0.021929921025581143,-0.040000000000000036,-1.1267605633802802,2.53521126760563
2025-02-10,3.52,3.71,3.51,3.66,24303956.0,87730874.0,814000925.0,0.02985740587456949,0.15000000000000036,4.2735042735042805,5.698005698005703
2025-02-11,3.66,3.8,3.6,3.74,18997168.0,70409013.0,814000925.0,0.02333801770556956,0.08000000000000007,2.1857923497267784,5.464480874316932
2025-02-12,3.75,3.76,3.64,3.68,12071100.0,44424571.0,814000925.0,0.014829344327833534,-0.06000000000000005,-1.6042780748663166,3.208556149732611
2025-02-13,3.68,3.77,3.66,3.7,9142089.0,33902663.0,814000925.0,0.011231054805005289,0.020000000000000018,0.5434782608695565,2.9891304347826053
2025-02-14,3.71,3.76,3.67,3.68,8894100.0,32907796.0,814000925.0,0.010926400360048731,-0.020000000000000018,-0.5405405405405461,2.4324324324324285
2025-02-17,3.69,3.82,3.69,3.8,18009415.0,68024322.0,814000925.0,0.022124563310539237,0.11999999999999966,3.2608695652173836,3.5326086956521707
2025-02-18,3.8,3.97,3.67,3.7,18696125.0,70279375.0,814000925.0,0.02296818643050068,-0.09999999999999964,-2.631578947368407,7.894736842105271
2025-02-19,3.7,3.76,3.65,3.73,10927614.0,40380714.0,814000925.0,0.013424571968391806,0.029999999999999805,0.8108108108108025,2.9729729729729693
2025-02-20,3.75,3.76,3.68,3.73,7535616.0,28108213.0,814000925.0,0.009257502993623748,0.0,0.0,2.1447721179624564
2025-02-21,3.72,3.73,3.67,3.69,9262867.0,34172112.0,814000925.0,0.0113794305577724,-0.040000000000000036,-1.072386058981234,1.6085790884718514
2025-02-24,3.69,3.73,3.65,3.68,9926530.0,36550201.0,814000925.0,0.012194740442094707,-0.009999999999999787,-0.27100271002709064,2.168021680216804
2025-02-25,3.65,3.74,3.6,3.7,14719555.0,54111523.0,814000925.0,0.018082970851660888,0.020000000000000018,0.5434782608695565,3.8043478260869596
2025-02-26,3.7,3.78,3.67,3.73,13325692.0,49818417.0,814000925.0,0.01637061038966264,0.029999999999999805,0.8108108108108025,2.9729729729729693
2025-02-27,3.73,3.92,3.73,3.9,27453639.0,104993667.0,814000925.0,0.03372679091243047,0.16999999999999993,4.557640750670244,5.093833780160857
2025-02-28,3.93,3.96,3.79,3.81,16650371.0,64318282.0,814000925.0,0.020454977984208065,-0.08999999999999986,-2.3076923076922995,4.358974358974358
2025-03-03,3.82,3.95,3.79,3.83,14490235.0,55881629.0,814000925.0,0.017801251270076875,0.020000000000000018,0.5249343832020914,4.199475065616801
2025-03-04,3.83,3.83,3.76,3.79,9255021.0,35066014.0,814000925.0,0.011369791748086772,-0.040000000000000036,-1.0443864229765065,1.8276762402088846
2025-03-05,3.79,3.81,3.71,3.75,11840562.0,44275670.0,814000925.0,0.014546128433453561,-0.040000000000000036,-1.055408970976257,2.6385224274406354
2025-03-06,3.8,4.0,3.73,3.93,29766668.0,116140839.0,814000925.0,0.03656834665144883,0.18000000000000016,4.800000000000004,7.200000000000001
2025-03-07,3.93,4.02,3.9,3.95,19911689.0,79069562.0,814000925.0,0.024461506600867808,0.020000000000000018,0.5089058524172962,3.053435114503808
2025-03-10,3.95,4.02,3.9,3.92,12753632.0,50468065.0,814000925.0,0.015667834775494882,-0.03000000000000025,-0.75949367088608,3.037974683544295
2025-03-11,3.95,4.07,3.92,3.95,21780702.0,86939109.0,814000925.0,0.026757588758268305,0.03000000000000025,0.7653061224489832,3.826530612244907
2025-03-12,3.97,3.99,3.91,3.92,13075737.0,51465505.0,814000925.0,0.01606354071403543,-0.03000000000000025,-0.75949367088608,2.0253164556962044
2025-03-13,3.95,4.01,3.89,3.97,18978792.0,74931563.0,814000925.0,0.023315442792647932,0.050000000000000266,1.2755102040816313,3.0612244897959098
2025-03-14,3.99,4.0,3.9,3.96,14329300.0,56457402.0,814000925.0,0.017603542649536917,-0.010000000000000231,-0.25188916876575096,2.5188916876574328
2025-03-17,3.95,3.99,3.92,3.95,8563638.0,33850170.0,814000925.0,0.010520427848408157,-0.009999999999999787,-0.2525252525252486,1.7676767676767748
2025-03-18,3.95,3.98,3.9,3.95,12302072.0,48487114.0,814000925.0,0.015113093391140803,0.0,0.0,2.0253164556962044
2025-03-19,3.93,4.35,3.93,4.27,58634623.0,247661291.0,814000925.0,0.07203262453295124,0.3199999999999994,8.101265822784786,10.632911392405049
2025-03-20,4.25,4.51,4.2,4.4,49462857.0,213802579.0,814000925.0,0.06076511153841748,0.13000000000000078,3.0444964871194635,7.259953161592497
2025-03-21,4.43,4.84,4.38,4.84,43444458.0,203498929.0,814000925.0,0.05337150937512755,0.4399999999999995,9.999999999999986,10.454545454545453
2025-03-24,5.08,5.32,4.66,4.87,111764350.0,559083337.0,814000925.0,0.13730248525208985,0.03000000000000025,0.6198347107438051,13.63636363636364
2025-03-25,4.7,5.2,4.69,5.02,78992588.0,391331209.0,814000925.0,0.09704238112505831,0.14999999999999947,3.0800821355235986,10.472279260780283
2025-03-26,4.9,4.9,4.52,4.64,61562478.0,290952760.0,814000925.0,0.07562949390997313,-0.3799999999999999,-7.569721115537842,7.569721115537866
2025-03-27,4.74,4.77,4.44,4.59,37135032.0,170402013.0,814000925.0,0.04562038059109085,-0.04999999999999982,-1.0775862068965525,7.112068965517223
2025-03-28,4.62,4.76,4.51,4.51,30131656.0,139516048.0,814000925.0,0.03701673434830556,-0.08000000000000007,-1.7429193899782147,5.446623093681917
2025-03-31,4.42,4.5,4.25,4.44,31261530.0,136203226.0,814000925.0,0.03840478436802759,-0.0699999999999994,-1.552106430155198,5.543237250554324
2025-04-01,4.52,4.53,4.39,4.41,22558700.0,100445721.0,814000925.0,0.02771335917093706,-0.03000000000000025,-0.6756756756756799,3.1531531531531654
2025-04-02,4.43,4.51,4.33,4.38,21080931.0,92730442.0,814000925.0,0.025897920201994856,-0.03000000000000025,-0.6802721088435382,4.081632653061218
2025-04-03,4.36,4.42,4.2,4.26,17307437.0,74422812.0,814000925.0,0.02126218345513551,-0.1200000000000001,-2.73972602739726,5.022831050228305
2025-04-07,3.89,4.08,3.83,3.83,19898700.0,77039146.0,814000925.0,0.02444554961654374,-0.4299999999999997,-10.093896713615013,5.868544600938967
2025-04-08,3.8,3.85,3.52,3.61,31226516.0,114810766.0,814000925.0,0.03836176967489318,-0.2200000000000002,-5.744125326370764,8.616187989556137
2025-04-09,3.59,3.88,3.28,3.77,31171910.0,112267216.0,814000925.0,0.03829468621304085,0.16000000000000014,4.432132963988922,16.62049861495845
2025-04-10,3.85,4.0,3.82,3.85,23728146.0,92987082.0,814000925.0,0.029150023386029934,0.08000000000000007,2.1220159151193574,4.774535809018572
2025-04-11,3.83,4.02,3.8,3.94,20839164.0,82134792.0,814000925.0,0.02560090948299598,0.08999999999999986,2.3376623376623273,5.714285714285708
2025-04-14,3.98,4.25,3.98,4.15,24629641.0,102374872.0,814000925.0,0.030257509842510313,0.2100000000000004,5.329949238578702,6.85279187817259
2025-04-15,4.2,4.22,4.11,4.15,15307967.0,63554558.0,814000925.0,0.01880583489508934,0.0,0.0,2.65060240963854
2025-04-16,4.15,4.29,4.0,4.12,19334375.0,79783948.0,814000925.0,0.023752276448580203,-0.03000000000000025,-0.7228915662650715,6.987951807228916
2025-04-17,4.12,4.37,4.1,4.22,22851575.0,96600335.0,814000925.0,0.028073156059374257,0.09999999999999964,2.4271844660194164,6.553398058252438
2025-04-18,4.23,4.27,4.06,4.13,16163767.0,66775984.0,814000925.0,0.019857185051724603,-0.08999999999999986,-2.132701421800942,4.976303317535544
2025-04-21,4.08,4.22,4.08,4.16,14115422.0,58387012.0,814000925.0,0.01734079356236604,0.03000000000000025,0.7263922518159882,3.3898305084745686
2025-04-22,4.14,4.23,4.08,4.15,14743007.0,61184301.0,814000925.0,0.018111781629732177,-0.009999999999999787,-0.24038461538461453,3.6057692307692393
2025-04-23,4.13,4.33,4.12,4.15,17384000.0,72823185.0,814000925.0,0.021356241087809574,0.0,0.0,5.060240963855421
2025-04-24,4.13,4.16,4.04,4.05,14160796.0,57678534.0,814000925.0,0.017396535513764928,-0.10000000000000053,-2.4096385542168752,2.891566265060243
2025-04-25,4.0,4.16,4.0,4.05,15114451.0,61742650.0,814000925.0,0.018568100521507393,0.0,0.0,3.9506172839506206
2025-04-28,4.07,4.11,3.97,4.02,9712800.0,39196629.0,814000925.0,0.011932173172899036,-0.03000000000000025,-0.7407407407407418,3.456790123456793
2025-04-29,4.05,4.33,4.02,4.28,32995680.0,139819165.0,813995450.0,0.040535459995507346,0.2600000000000007,6.467661691542315,7.711442786069665
2025-04-30,4.24,4.33,4.22,4.31,17695725.0,75797800.0,813995450.0,0.021739341417694655,0.02999999999999936,0.7009345794392274,2.5700934579439325
2025-05-06,4.31,4.44,4.31,4.37,22201697.0,97246696.0,813995450.0,0.027274964497651676,0.0600000000000005,1.3921113689095321,3.0162412993039625
2025-05-07,4.45,4.56,4.34,4.51,19510946.0,87419786.0,813995450.0,0.02396935511126014,0.13999999999999968,3.203661327231111,5.0343249427917565
2025-05-08,4.52,4.61,4.42,4.6,21432900.0,96936570.0,813995450.0,0.02633049115937933,0.08999999999999986,1.9955654101995624,4.212860310421295
2025-05-09,4.53,4.56,4.4,4.45,21378301.0,95131803.0,813995450.0,0.026263415845874813,-0.14999999999999947,-3.2608695652173836,3.4782608695652013
2025-05-12,4.48,4.8,4.47,4.65,31389190.0,146224351.0,813995450.0,0.03856187402521722,0.20000000000000018,4.494382022471921,7.415730337078654
2025-05-13,4.64,4.74,4.61,4.74,21824400.0,102199288.0,813995450.0,0.026811452078755477,0.08999999999999986,1.9354838709677358,2.7956989247311803
2025-05-14,4.76,4.78,4.54,4.66,23827394.0,110573185.0,813995450.0,0.02927214642293148,-0.08000000000000007,-1.6877637130801704,5.06329113924051
2025-05-15,4.66,4.78,4.58,4.78,22249600.0,104018964.0,813995450.0,0.02733381372094893,0.1200000000000001,2.5751072961373467,4.291845493562235
2025-05-16,4.79,4.82,4.72,4.75,20587888.0,98165769.0,813995450.0,0.025292387076610807,-0.03000000000000025,-0.6276150627615107,2.092050209205032
2025-05-19,4.75,4.83,4.63,4.66,18167973.0,85837542.0,813995450.0,0.02231950190876374,-0.08999999999999986,-1.8947368421052602,4.210526315789478
2025-05-20,4.69,4.69,4.53,4.6,22070664.0,101689880.0,813995450.0,0.027113989396378074,-0.0600000000000005,-1.2875536480686844,3.433476394849788
2025-05-21,4.58,4.66,4.48,4.61,15059500.0,69065997.0,813995450.0,0.018500717663716672,0.010000000000000675,0.21739130434783593,3.913043478260864
2025-05-22,4.62,4.62,4.47,4.48,15891900.0,71768218.0,813995450.0,0.019523327802385138,-0.1299999999999999,-2.819956616052055,3.253796095444693
2025-05-23,4.48,4.54,4.37,4.41,16543471.0,73640068.0,813995450.0,0.020323788050658022,-0.07000000000000028,-1.562500000000011,3.7946428571428554
2025-05-26,4.4,4.6,4.39,4.6,15054971.0,68094420.0,813995450.0,0.01849515375055229,0.1899999999999995,4.308390022675734,4.761904761904761
2025-05-27,4.6,4.61,4.47,4.5,11046371.0,49892225.0,813995450.0,0.013570556199054921,-0.09999999999999964,-2.1739130434782483,3.043478260869578
2025-05-28,4.5,4.56,4.47,4.54,9601609.0,43424852.0,813995450.0,0.011795654386028816,0.040000000000000036,0.8888888888888946,1.999999999999997
2025-05-29,4.54,4.67,4.54,4.67,13438551.0,61750557.0,813995450.0,0.016509368694874155,0.1299999999999999,2.8634361233480066,2.8634361233480154
2025-05-30,4.67,4.82,4.52,4.57,23954171.0,111153697.0,813995450.0,0.029427892993750763,-0.09999999999999964,-2.1413276231263323,6.42398286937903
2025-06-03,4.51,4.65,4.49,4.53,16112100.0,73448644.0,813995450.0,0.019793845285007428,-0.040000000000000036,-0.8752735229759279,3.5010940919037226
2025-06-04,4.49,4.65,4.49,4.61,12198934.0,55979547.0,813995450.0,0.014986489175093055,0.08000000000000007,1.7660044150110465,3.532008830022078
2025-06-05,4.58,4.65,4.52,4.53,10740200.0,49049793.0,813995450.0,0.013194422646957056,-0.08000000000000007,-1.7353579175705014,2.8199566160520777
2025-06-06,4.54,4.68,4.5,4.53,14440652.0,65848893.0,813995450.0,0.01774045788585182,0.0,0.0,3.9735099337748276
2025-06-09,4.53,4.69,4.53,4.64,11855955.0,54735818.0,813995450.0,0.014565136697017164,0.10999999999999943,2.428256070640167,3.532008830022078
2025-06-10,4.69,4.71,4.53,4.6,12353115.0,56792763.0,813995450.0,0.015175901781760573,-0.040000000000000036,-0.8620689655172376,3.87931034482758
2025-06-11,4.56,4.69,4.56,4.64,10704566.0,49748273.0,813995450.0,0.01315064598948311,0.040000000000000036,0.8695652173912993,2.8260869565217566
2025-06-12,4.64,4.72,4.57,4.65,12239400.0,56842513.0,813995450.0,0.015036201983684307,0.010000000000000675,0.21551724137931494,3.2327586206896437
2025-06-13,4.67,4.67,4.53,4.53,11762383.0,53716556.0,813995450.0,0.01445018273750793,-0.1200000000000001,-2.580645161290329,3.010752688172036
2025-06-16,4.55,4.64,4.52,4.58,13755700.0,63030420.0,813995450.0,0.01689898880884408,0.04999999999999982,1.103752759381904,2.6490066225165583
2025-06-17,4.57,4.6,4.5,4.56,11744791.0,53307309.0,813995450.0,0.014428570823092438,-0.020000000000000462,-0.4366812227074357,2.18340611353711
2025-06-18,4.57,4.57,4.49,4.5,7491800.0,33793183.0,813995450.0,0.009203736949635284,-0.05999999999999961,-1.3157894736842035,1.7543859649122824
2025-06-19,4.5,4.53,4.38,4.4,12195012.0,54255512.0,813995450.0,0.014981670966342625,-0.09999999999999964,-2.2222222222222143,3.333333333333341
2025-06-20,4.42,4.55,4.4,4.51,13984995.0,62722137.0,813995450.0,0.017180679572594663,0.10999999999999943,2.499999999999991,3.409090909090897
2025-06-23,4.5,4.5,4.4,4.48,8444989.0,37656866.0,813995450.0,0.010374737352647365,-0.02999999999999936,-0.6651884700665023,2.2172949002217215
2025-06-24,4.5,4.66,4.47,4.53,13417859.0,61407778.0,813995450.0,0.016483948405362707,0.04999999999999982,1.116071428571419,4.241071428571437
2025-06-25,4.53,4.7,4.51,4.66,19047300.0,88267356.0,813995450.0,0.023399762246828285,0.1299999999999999,2.8697571743929284,4.194260485651222
2025-06-26,4.67,4.68,4.5,4.53,15839930.0,72139469.0,813995450.0,0.01945948223666361,-0.1299999999999999,-2.7896995708154515,3.8626609442060027
2025-06-27,4.54,4.55,4.48,4.5,12216238.0,55076461.0,813995450.0,0.015007747279177051,-0.03000000000000025,-0.6622516556291425,1.5452538631346444
2025-06-30,4.5,4.56,4.44,4.52,11685180.0,52385552.0,813992300.0,0.014355393779523468,0.019999999999999574,0.4444444444444251,2.666666666666649
2025-07-01,4.51,4.54,4.48,4.51,11163861.0,50392274.0,813992300.0,0.01371494668929915,-0.009999999999999787,-0.22123893805309214,1.3274336283185755
2025-07-02,4.51,4.51,4.45,4.49,8745410.0,39112115.0,813992300.0,0.010743848559746819,-0.019999999999999574,-0.44345898004433115,1.330376940133029
2025-07-03,4.49,4.62,4.48,4.5,10246536.0,46405264.0,813992300.0,0.01258800113956852,0.009999999999999787,0.22271714922048602,3.1180400890868527
2025-07-04,4.5,4.52,4.42,4.43,12253825.0,54613236.0,813992300.0,0.015053981468866474,-0.07000000000000028,-1.5555555555555656,2.2222222222222143
2025-07-07,4.41,4.51,4.4,4.49,9920772.0,44320734.0,813992300.0,0.012187795879641613,0.0600000000000005,1.3544018058690765,2.483069977426624
2025-07-08,4.5,4.67,4.48,4.61,20361725.0,93212641.0,813992300.0,0.025014640801884737,0.1200000000000001,2.6726057906458767,4.231625835189298
2025-07-09,4.63,4.65,4.5,4.52,12095300.0,55138810.0,813992300.0,0.014859231469388593,-0.09000000000000075,-1.9522776572668321,3.253796095444693
2025-07-10,4.51,4.6,4.48,4.57,12165901.0,55150937.0,813992300.0,0.014945965705080994,0.05000000000000071,1.106194690265494,2.654867256637151
2025-07-11,4.59,4.59,4.48,4.5,13449600.0,60789057.0,813992300.0,0.016523006421559516,-0.07000000000000028,-1.5317286652078876,2.4070021881837946
2025-07-14,4.5,4.54,4.46,4.49,10598546.0,47548547.0,813992300.0,0.013020449947745205,-0.009999999999999787,-0.22222222222221255,1.7777777777777795
2025-07-15,4.46,4.59,4.36,4.55,19893724.0,89117111.0,813992300.0,0.02443969555977372,0.05999999999999961,1.3363028953229383,5.122494432071259
2025-07-16,4.54,4.77,4.5,4.71,28225982.0,131628214.0,813992300.0,0.034675981578695524,0.16000000000000014,3.516483516483526,5.9340659340659245
2025-07-17,4.76,4.8,4.66,4.74,13835598.0,65259549.0,813992300.0,0.016997209924467346,0.03000000000000025,0.6369426751592355,2.972399150743093
2025-07-18,4.73,4.82,4.67,4.72,11291516.0,53199996.0,813992300.0,0.013871772497110845,-0.020000000000000462,-0.42194092827004814,3.1645569620253235
2025-07-21,4.73,4.9,4.68,4.84,20220255.0,97673854.0,813992300.0,0.024840843089056246,0.1200000000000001,2.5423728813559254,4.661016949152557
2025-07-22,4.85,4.96,4.75,4.92,23820200.0,116199027.0,813992300.0,0.02926342177929693,0.08000000000000007,1.6528925619834656,4.338842975206611
2025-07-23,4.95,4.98,4.7,4.76,20212424.0,97057517.0,813992300.0,0.024831222604931275,-0.16000000000000014,-3.25203252032521,5.691056910569111
2025-07-24,4.74,5.24,4.71,5.12,73936653.0,377034657.0,813992300.0,0.09083212826460398,0.3600000000000003,7.563025210084051,11.134453781512612
2025-07-25,5.0,5.02,4.77,4.8,49490476.0,239630228.0,813992300.0,0.060799685697272565,-0.3200000000000003,-6.25,4.8828125
2025-07-28,4.74,4.82,4.65,4.76,22253394.0,105473948.0,813992300.0,0.027338580475515555,-0.040000000000000036,-0.8333333333333304,3.541666666666665
2025-07-29,4.74,4.78,4.68,4.71,15669304.0,73798526.0,813992300.0,0.019249941307798613,-0.04999999999999982,-1.0504201680672232,2.100840336134465
2025-07-30,4.71,4.77,4.67,4.68,13432978.0,63164266.0,813992300.0,0.016502586080973984,-0.03000000000000025,-0.6369426751592355,2.123142250530778
2025-07-31,4.69,4.7,4.52,4.52,19887378.0,91296452.0,813992300.0,0.024431899417230358,-0.16000000000000014,-3.4188034188034178,3.8461538461538596
2025-08-01,4.52,4.59,4.49,4.52,10372577.0,47088894.0,813992300.0,0.01274284412764101,0.0,0.0,2.212389380530966
2025-08-04,4.52,4.67,4.51,4.62,16710359.0,76933616.0,813992300.0,0.02052889075240638,0.10000000000000053,2.212389380530988,3.539823008849561
2025-08-05,4.65,4.81,4.63,4.8,25724921.0,121753391.0,813992300.0,0.03160339600264032,0.17999999999999972,3.8961038961038863,3.89610389610389
2025-08-06,4.76,4.8,4.73,4.74,12199380.0,57998586.0,813992300.0,0.014987095086771705,-0.05999999999999961,-1.2499999999999956,1.4583333333333208
2025-08-07,4.74,4.74,4.64,4.69,11976960.0,56016520.0,813992300.0,0.01471384925877063,-0.04999999999999982,-1.0548523206751037,2.109704641350222
2025-08-08,4.65,4.7,4.64,4.68,9604108.0,44808462.0,813992300.0,0.011798770086645783,-0.010000000000000675,-0.2132196162047073,1.2793176972281555
2025-08-11,4.67,4.73,4.65,4.67,10747896.0,50334568.0,813992300.0,0.013203928341828295,-0.009999999999999787,-0.21367521367521292,1.7094017094017109
2025-08-12,4.67,4.69,4.63,4.67,10803428.0,50322519.0,813992300.0,0.013272150117390545,0.0,0.0,1.2847965738758138
2025-08-13,4.68,4.68,4.58,4.62,14234522.0,65661194.0,813992300.0,0.017487293184468698,-0.04999999999999982,-1.0706638115631661,2.141327623126331
2025-08-14,4.59,4.62,4.51,4.54,16420848.0,74783727.0,813992300.0,0.020173222768814888,-0.08000000000000007,-1.7316017316017285,2.3809523809523876
2025-08-15,4.55,4.58,4.47,4.5,14148168.0,63814446.0,813992300.0,0.01738120618585704,-0.040000000000000036,-0.8810572687224627,2.422907488986791
2025-08-18,4.51,4.52,4.43,4.44,17043080.0,75997176.0,813992300.0,0.020937642776227734,-0.05999999999999961,-1.3333333333333197,1.999999999999997
2025-08-19,4.41,4.55,4.37,4.53,15730997.0,70630199.0,813992300.0,0.019325731951027054,0.08999999999999986,2.0270270270270174,4.054054054054047
2025-08-20,4.5,4.54,4.49,4.53,8262589.0,37278501.0,813992300.0,0.010150696757205197,0.0,0.0,1.1037527593818945
2025-08-21,4.51,4.54,4.47,4.53,10367460.0,46663054.0,813992300.0,0.012736557827389767,0.0,0.0,1.545253863134664
2025-08-22,4.53,4.63,4.45,4.5,16495707.0,74272965.0,813992300.0,0.020265188012220756,-0.03000000000000025,-0.6622516556291425,3.9735099337748276
2025-08-25,4.5,4.51,4.41,4.46,17045391.0,75892338.0,813992300.0,0.02094048186942309,-0.040000000000000036,-0.8888888888888946,2.2222222222222143
2025-08-26,4.46,4.47,4.42,4.45,11981887.0,53265955.0,813992300.0,0.014719902141580454,-0.009999999999999787,-0.22421524663677195,1.1210762331838524
2025-08-27,4.45,4.65,4.4,4.5,30281186.0,136769548.0,813992300.0,0.03720082610118056,0.04999999999999982,1.1235955056179803,5.617977528089887
2025-08-28,4.48,4.64,4.45,4.64,25038048.0,113892132.0,813992300.0,0.0307595636961185,0.13999999999999968,3.111111111111109,4.222222222222212
2025-08-29,4.64,4.75,4.52,4.54,22769933.0,104684238.0,813992300.0,0.027973155274318935,-0.09999999999999964,-2.155172413793094,4.956896551724147
2025-09-01,4.52,4.8,4.45,4.76,39620195.0,186859315.0,813992300.0,0.048673918659918526,0.21999999999999975,4.8458149779735615,7.709251101321578
2025-09-02,4.77,4.84,4.69,4.72,24276514.0,115348503.0,813992300.0,0.029824009391735032,-0.040000000000000036,-0.8403361344537785,3.1512605042016695
2025-09-03,4.72,4.75,4.55,4.57,16784800.0,77771257.0,813992300.0,0.020620342477441125,-0.14999999999999947,-3.177966101694907,4.237288135593224
2025-09-04,4.57,4.65,4.5,4.56,12865201.0,58911517.0,813992300.0,0.015805064740784403,-0.010000000000000675,-0.2188183807440014,3.2822757111597447
2025-09-05,4.56,4.64,4.48,4.62,15737416.0,72051361.0,813992300.0,0.019333617775008437,0.0600000000000005,1.3157894736842257,3.508771929824545
2025-09-08,4.65,4.98,4.64,4.94,38793862.0,189187505.0,813992300.0,0.047658757951395854,0.3200000000000003,6.926406926406936,7.359307359307375
2025-09-09,4.93,5.09,4.93,5.02,30618629.0,153236825.0,813992300.0,0.037615379162677584,0.07999999999999918,1.6194331983805599,3.2388663967611366
2025-09-10,5.0,5.22,4.93,5.08,31634636.0,161371275.0,813992300.0,0.038863556817429354,0.0600000000000005,1.195219123505975,5.7768924302788855
2025-09-11,5.07,5.22,4.97,5.22,29228577.0,149646924.0,813992300.0,0.035907682419108876,0.13999999999999968,2.7559055118110187,4.921259842519684
2025-09-12,5.18,5.22,5.08,5.1,18471470.0,94700345.0,813992300.0,0.022692438245423205,-0.1200000000000001,-2.298850574712641,2.6819923371647447
2025-09-15,5.05,5.08,4.9,4.92,27291300.0,135755154.0,813992300.0,0.03352771273143493,-0.17999999999999972,-3.529411764705881,3.529411764705877
2025-09-16,4.97,5.04,4.91,4.98,18607600.0,92479077.0,813992300.0,0.022859675699634995,0.0600000000000005,1.2195121951219523,2.6422764227642253
2025-09-17,4.96,5.08,4.92,5.01,16395077.0,82359693.0,813992300.0,0.020141562764168654,0.02999999999999936,0.6024096385542022,3.2128514056224926
2025-09-18,5.06,5.18,4.83,4.89,20747257.0,103078082.0,813992300.0,0.025488271817804664,-0.1200000000000001,-2.395209580838331,6.986027944111769
2025-09-19,4.89,5.04,4.83,5.01,21745215.0,107547754.0,813992300.0,0.02671427604413457,0.1200000000000001,2.4539877300613577,4.294478527607361
2025-09-22,5.03,5.04,4.92,4.99,14503400.0,72210214.0,813992300.0,0.01781761326243504,-0.019999999999999574,-0.39920159680637557,2.3952095808383254
2025-09-23,4.99,4.99,4.77,4.9,19541792.0,95037205.0,813992300.0,0.024007342575599302,-0.08999999999999986,-1.8036072144288595,4.4088176352705535
2025-09-24,4.9,5.08,4.87,5.07,19117843.0,95442985.0,813992300.0,0.02348651578153749,0.16999999999999993,3.469387755102038,4.285714285714285
2025-09-25,5.09,5.58,5.09,5.32,54723418.0,295250691.0,813992300.0,0.06722842218532042,0.25,4.930966469428011,9.6646942800789
2025-09-26,5.27,5.35,5.11,5.14,30366194.0,158431853.0,813992300.0,0.0373052595214967,-0.1800000000000006,-3.383458646616555,4.511278195488709
2025-09-29,5.18,5.19,4.96,5.08,19844451.0,100528607.0,813992300.0,0.024379163046136923,-0.05999999999999961,-1.1673151750972721,4.474708171206234
2025-09-30,5.1,5.13,5.04,5.08,15573823.0,79227009.0,813992300.0,0.01913264167240894,0.0,0.0,1.771653543307084
2025-10-09,5.12,5.59,5.05,5.59,48082528.0,261350119.0,813992300.0,0.05907000348774798,0.5099999999999998,10.039370078740163,10.62992125984252
2025-10-10,5.69,5.75,5.5,5.6,51326716.0,290152757.0,813992300.0,0.06305553013216464,0.009999999999999787,0.17889087656528524,4.47227191413238
2025-10-13,5.25,5.68,5.25,5.64,39383313.0,216583093.0,813992300.0,0.04838290607908699,0.040000000000000036,0.7142857142857117,7.6785714285714235
2025-10-14,5.75,6.2,5.65,5.88,82302683.0,490869624.0,813992300.0,0.10110990361948141,0.2400000000000002,4.255319148936176,9.751773049645388
2025-10-15,5.83,6.04,5.71,5.84,41991762.0,243761905.0,813992300.0,0.051587419193031676,-0.040000000000000036,-0.6802721088435382,5.612244897959185
2025-10-16,5.86,6.02,5.77,5.98,52421297.0,309327821.0,813992300.0,0.06440023695555842,0.14000000000000057,2.3972602739726234,4.280821917808219
2025-10-17,5.88,6.05,5.73,5.73,40104897.0,234856331.0,813992300.0,0.049269381295130185,-0.25,-4.180602006688961,5.351170568561862
2025-10-20,5.77,5.9,5.69,5.89,29815616.0,173582006.0,813992300.0,0.036628867373806856,0.15999999999999925,2.7923211169284423,3.6649214659685856
2025-10-21,5.85,5.89,5.59,5.83,24835805.0,143216999.0,813992300.0,0.030511105571883173,-0.05999999999999961,-1.018675721561968,5.093378607809845
2025-10-22,5.81,5.89,5.71,5.74,14680282.0,84823391.0,813992300.0,0.018034915072292452,-0.08999999999999986,-1.5437392795883298,3.0874785591766676
2025-10-23,5.74,5.82,5.64,5.78,22763061.0,130904568.0,813992300.0,0.027964712934016697,0.040000000000000036,0.6968641114982521,3.1358885017421705
2025-10-24,5.69,6.0,5.68,5.89,28333618.0,165681996.0,813992300.0,0.0348082137877717,0.10999999999999943,1.903114186851207,5.536332179930801
2025-10-27,5.88,5.88,5.68,5.76,25848019.0,148994160.0,813992300.0,0.03175462347739653,-0.1299999999999999,-2.2071307300509324,3.395585738539901
2025-10-28,5.75,5.8,5.69,5.79,13594325.0,78080483.0,813992300.0,0.01670080294371335,0.03000000000000025,0.5208333333333481,1.9097222222222123
2025-10-29,5.76,5.82,5.65,5.77,13023951.0,74883365.0,813992300.0,0.01600009115565344,-0.020000000000000462,-0.3454231433506094,2.936096718480137
2025-10-30,5.71,5.75,5.32,5.36,32776665.0,180639677.0,813992300.0,0.040266554118509476,-0.40999999999999925,-7.105719237434993,7.45233968804159
2025-10-31,5.35,5.45,5.15,5.4,25380472.0,135100216.0,813992300.0,0.031180235980119222,0.040000000000000036,0.746268656716409,5.597014925373131
2025-11-03,5.4,5.7,5.4,5.62,29191482.0,162582320.0,813992300.0,0.03586211073495413,0.21999999999999975,4.074074074074074,5.555555555555552
2025-11-04,5.68,5.78,5.56,5.75,27398592.0,155907956.0,813992300.0,0.03365952233209086,0.1299999999999999,2.313167259786475,3.914590747330972
2025-11-05,5.7,5.95,5.67,5.86,24727930.0,144681756.0,813992300.0,0.030378579748235948,0.11000000000000032,1.9130434782608674,4.869565217391308
2025-11-06,5.85,5.9,5.65,5.67,19646415.0,112544145.0,813992300.0,0.02413587327545973,-0.1900000000000004,-3.242320819112632,4.266211604095563
2025-11-07,5.71,5.81,5.59,5.61,20229151.0,114896456.0,813992300.0,0.02485177193936601,-0.05999999999999961,-1.058201058201047,3.880070546737209
2025-11-10,5.57,5.64,5.45,5.46,18875244.0,103949118.0,813992300.0,0.02318847979274497,-0.15000000000000036,-2.673796791443861,3.3868092691622014
2025-11-11,5.48,5.51,5.36,5.38,15607989.0,84519119.0,813992300.0,0.019174615042427307,-0.08000000000000007,-1.465201465201471,2.7472527472527375
2025-11-12,5.36,5.41,5.28,5.33,17080269.0,91183859.0,813992300.0,0.020983329940590347,-0.04999999999999982,-0.9293680297397744,2.4163568773234183
2025-11-13,5.33,5.44,5.29,5.39,14808780.0,79550615.0,813992300.0,0.018192776516436335,0.05999999999999961,1.1257035647279423,2.814258911819894
2025-11-14,5.39,5.65,5.36,5.55,22960495.0,126972029.0,813992300.0,0.02820726313995845,0.16000000000000014,2.9684601113172615,5.380333951762524
2025-11-17,5.5,5.78,5.49,5.66,27254876.0,153652355.0,813992300.0,0.033482965379402235,0.11000000000000032,1.981981981981984,5.225225225225226
2025-11-18,5.6,5.71,5.53,5.6,24542469.0,137683093.0,813992300.0,0.030150738526642084,-0.0600000000000005,-1.0600706713780994,3.1802120141342707
2025-11-19,5.56,6.05,5.56,5.71,42962135.0,249270599.0,813992300.0,0.05277953489240623,0.11000000000000032,1.9642857142857295,8.750000000000005
2025-11-20,5.71,5.9,5.56,5.76,34220338.0,195342206.0,813992300.0,0.0420401249495849,0.04999999999999982,0.8756567425569184,5.954465849387054
2025-11-21,5.71,5.75,5.49,5.49,29662902.0,166575211.0,813992300.0,0.03644125626249781,-0.2699999999999996,-4.687499999999989,4.513888888888886
2025-11-24,5.56,5.57,5.33,5.42,22624550.0,122502425.0,813992300.0,0.027794550390710084,-0.07000000000000028,-1.2750455373406244,4.371584699453555
2025-11-25,5.47,5.51,5.4,5.43,17352790.0,94559994.0,813992300.0,0.021318125490867666,0.009999999999999787,0.18450184501843658,2.0295202952029414
2025-11-26,5.44,5.87,5.4,5.46,33628128.0,189257325.0,813992300.0,0.04131258735494181,0.03000000000000025,0.5524861878453136,8.655616942909756
2025-11-27,5.38,5.77,5.3,5.67,36586527.0,202677781.0,813992300.0,0.044947018540593076,0.20999999999999996,3.8461538461538547,8.608058608058604
2025-11-28,5.62,5.64,5.46,5.54,21816840.0,120214564.0,813992300.0,0.02680226827698493,-0.1299999999999999,-2.2927689594356204,3.1746031746031695
2025-12-01,5.5,5.74,5.45,5.66,25019242.0,140172725.0,813992300.0,0.030736460283469512,0.1200000000000001,2.166064981949467,5.234657039711192
2025-12-02,5.7,6.1,5.6,5.9,57752424.0,337870264.0,813992300.0,0.07094959497774118,0.2400000000000002,4.240282685512375,8.8339222614841
2025-12-03,5.77,6.49,5.76,6.49,106532737.0,672120190.0,813992300.0,0.13087683630422547,0.5899999999999999,9.999999999999986,12.37288135593221
2025-12-04,6.58,6.81,6.05,6.27,117950965.0,744995424.0,813992300.0,0.14490427612153087,-0.22000000000000064,-3.3898305084745894,11.710323574730351
2025-12-05,6.24,6.65,6.01,6.37,91370490.0,581205406.0,813992300.0,0.11224982103639064,0.10000000000000053,1.594896331738438,10.207336523126006
2025-12-08,6.38,7.01,6.3,7.01,105011341.0,706294730.0,813992300.0,0.12900778176894304,0.6399999999999997,10.047095761381474,11.145996860282574
2025-12-09,6.31,6.45,6.31,6.31,93961229.0,594296085.0,813992300.0,0.11543257718776946,-0.7000000000000002,-9.985734664764623,1.9971469329529326
2025-12-10,6.05,6.82,6.02,6.58,127217255.0,824096180.0,813992300.0,0.15628803245436104,0.27000000000000046,4.278922345483371,12.678288431061818
2025-12-11,6.36,6.58,5.96,6.35,105420515.0,658946097.0,813992300.0,0.12951045728565247,-0.23000000000000043,-3.49544072948329,9.422492401215807
2025-12-12,6.33,6.91,6.25,6.56,97557181.0,641686229.0,813992300.0,0.11985025042620182,0.20999999999999996,3.307086614173227,10.393700787401578
2025-12-15,6.41,6.54,6.17,6.19,67595294.0,426008383.0,813992300.0,0.0830416872493757,-0.3699999999999992,-5.640243902439012,5.6402439024390265
2025-12-16,6.07,6.17,5.57,5.63,80211251.0,460675503.0,813992300.0,0.09854055253348219,-0.5600000000000005,-9.04684975767367,9.693053311793207
2025-12-17,5.62,5.66,5.37,5.59,39485176.0,218480102.0,813992300.0,0.04850804608348261,-0.040000000000000036,-0.7104795737122527,5.150976909413854
2025-12-18,5.67,5.78,5.52,5.52,27028939.0,152116926.0,813992300.0,0.03320539887170923,-0.07000000000000028,-1.2522361359570744,4.651162790697687
2025-12-19,5.5,5.79,5.42,5.59,44340446.0,246961951.0,813992300.0,0.05447280766660815,0.07000000000000028,1.26811594202898,6.7028985507246395
2025-12-22,5.59,6.15,5.52,6.15,89382008.0,534280660.0,813992300.0,0.10980694534825453,0.5600000000000005,10.017889087656528,11.27012522361361
2025-12-23,6.15,6.19,5.76,5.79,90375407.0,534452904.0,813992300.0,0.11102734878450324,-0.3600000000000003,-5.853658536585371,6.991869918699196
2025-12-24,5.71,5.73,5.6,5.67,58194255.0,328811815.0,813992300.0,0.07149239003857899,-0.1200000000000001,-2.0725388601036343,2.245250431778943
2025-12-25,5.66,5.75,5.55,5.62,32530342.0,183108400.0,813992300.0,0.03996394314786516,-0.04999999999999982,-0.8818342151675429,3.5273368606701974
2025-12-26,5.58,5.87,5.58,5.83,60158290.0,347216219.0,813992300.0,0.0739052322730817,0.20999999999999996,3.736654804270456,5.160142348754449
2025-12-29,5.78,6.03,5.75,5.93,50889417.0,300744343.0,813992300.0,0.06251830269156108,0.09999999999999964,1.715265866209248,4.802744425385939
2025-12-30,5.99,5.99,5.79,5.82,30105632.0,175913674.0,813992300.0,0.036985155756387375,-0.10999999999999943,-1.8549747048903775,3.3726812816188905
2025-12-31,5.85,5.88,5.76,5.86,21644893.0,126157931.0,813992075.0,0.0265910365282119,0.040000000000000036,0.6872852233676952,2.0618556701030943
2026-01-05,5.86,5.99,5.83,5.91,24169344.0,142866505.0,813992075.0,0.02969235787707147,0.04999999999999982,0.8532423208191142,2.7303754266211624
2026-01-06,5.91,6.18,5.86,6.13,40672610.0,247181129.0,813992075.0,0.049966837822100416,0.21999999999999975,3.7225042301184397,5.414551607444998
2026-01-07,6.14,6.25,5.99,6.08,35112650.0,214291835.0,813992075.0,0.043136353630961334,-0.04999999999999982,-0.815660685154973,4.2414355628058695
2026-01-08,6.18,6.18,5.95,5.99,28589669.0,171801033.0,813992075.0,0.0351227854398951,-0.08999999999999986,-1.4802631578947345,3.7828947368420978
2026-01-09,5.98,6.18,5.94,6.13,28120386.0,171213412.0,813992075.0,0.034546265084951844,0.13999999999999968,2.3372287145241977,4.0066777963272004
2026-01-12,6.12,6.15,5.96,6.02,29881617.0,179942234.0,813992075.0,0.03670996059758935,-0.11000000000000032,-1.794453507340954,3.0995106035889135
2026-01-13,6.02,6.03,5.74,5.75,29368033.0,171579890.0,813992075.0,0.03607901587985362,-0.2699999999999996,-4.485049833887034,4.817275747508306
2026-01-14,5.71,5.9,5.66,5.85,30042981.0,173307882.0,813992075.0,0.03690819839984314,0.09999999999999964,1.7391304347825987,4.173913043478264
2026-01-15,5.82,5.94,5.71,5.89,21426583.0,125060140.0,813992075.0,0.026322839813888853,0.040000000000000036,0.6837606837606813,3.931623931623939
2026-01-16,5.95,6.12,5.93,6.05,31700811.0,191716534.0,813992075.0,0.038944864420209495,0.16000000000000014,2.716468590831922,3.22580645161291
2026-01-19,6.05,6.55,6.02,6.48,51769580.0,330239739.0,813992075.0,0.06359961182668762,0.4300000000000006,7.107438016528933,8.760330578512402
2026-01-20,6.5,6.58,6.25,6.33,31867582.0,203076481.0,813992075.0,0.039149744793277014,-0.15000000000000036,-2.314814814814825,5.0925925925925934
2026-01-21,6.29,6.6,6.19,6.58,35144686.0,225113193.0,813992075.0,0.0431757102794889,0.25,3.949447077409163,6.477093206951015
2026-01-22,6.58,6.92,6.58,6.78,41831470.0,283722644.0,813992075.0,0.05139051261647726,0.20000000000000018,3.039513677811545,5.167173252279634
2026-01-23,6.78,6.86,6.64,6.79,25341906.0,171837099.0,813992075.0,0.03113286575916602,0.009999999999999787,0.1474926253687281,3.2448377581121033
2026-01-26,6.91,6.95,6.6,6.65,28661663.0,192867419.0,813992075.0,0.03521123101843467,-0.13999999999999968,-2.0618556701030855,5.15463917525774
2026-01-27,6.7,6.7,6.42,6.46,26877945.0,174844560.0,813992075.0,0.033019909929712765,-0.1900000000000004,-2.857142857142858,4.210526315789477
2026-01-28,6.45,6.45,6.04,6.19,42367244.0,262660489.0,813992075.0,0.0520487180418802,-0.2699999999999996,-4.1795665634674855,6.346749226006194
2026-01-29,6.14,6.18,6.02,6.06,23261309.0,141449958.0,813992075.0,0.02857682490336285,-0.13000000000000078,-2.1001615508885463,2.584814216478193
2026-01-30,6.34,6.65,6.26,6.28,46185289.0,296160238.0,813992075.0,0.05673923668114336,0.22000000000000064,3.630363036303641,6.435643564356446
2026-02-02,6.27,6.31,6.08,6.16,20133720.0,124691199.0,813992075.0,0.024734540566626523,-0.1200000000000001,-1.9108280254777066,3.6624203821655974
2026-02-03,6.23,6.3,6.18,6.24,13832282.0,86280881.0,813992075.0,0.016993140873023855,0.08000000000000007,1.2987012987013102,1.9480519480519498
2026-02-04,6.29,6.45,6.24,6.44,30859321.0,196259204.0,813992075.0,0.03791108285667277,0.20000000000000018,3.205128205128216,3.3653846153846145
2026-02-05,6.26,6.36,6.13,6.18,19219823.0,119162287.0,813992075.0,0.023611806048603114,-0.2600000000000007,-4.037267080745355,3.5714285714285783
2026-02-06,6.17,6.25,6.12,6.14,13965972.0,86269108.0,813992075.0,0.017157380801281142,-0.040000000000000036,-0.6472491909385147,2.10355987055016
2026-02-09,6.25,6.75,6.18,6.75,61530672.0,407779663.0,813992075.0,0.07559124208918128,0.6100000000000003,9.934853420195445,9.283387622149842
2026-02-10,6.91,7.22,6.82,7.14,90875711.0,641734689.0,813992075.0,0.1116420095367636,0.3899999999999997,5.777777777777771,5.925925925925918
2026-02-11,7.15,7.2,6.95,7.0,39921780.0,280426491.0,813992075.0,0.04904443326429191,-0.13999999999999968,-1.9607843137254832,3.5014005602240896
2026-02-12,7.03,7.41,7.0,7.19,39740112.0,287167214.0,813992075.0,0.04882125173024565,0.1900000000000004,2.7142857142857135,5.857142857142859
2026-02-13,7.17,7.29,7.08,7.15,20865954.0,149720117.0,813992075.0,0.025634099693169616,-0.040000000000000036,-0.5563282336578546,2.9207232267037546
2026-02-24,7.21,7.36,7.05,7.23,21889203.0,157493783.0,813992075.0,0.02689117458545281,0.08000000000000007,1.118881118881121,4.335664335664342
2026-02-25,7.22,7.58,7.16,7.45,32423918.0,239405160.0,813992075.0,0.03983321090687523,0.21999999999999975,3.042876901798053,5.809128630705393
2026-02-26,7.42,7.7,7.34,7.38,27703423.0,206881580.0,813992075.0,0.03403402054006484,-0.07000000000000028,-0.9395973154362469,4.832214765100675
2026-02-27,7.4,7.95,7.32,7.83,34140807.0,263233226.0,813992075.0,0.04194243168767951,0.4500000000000002,6.0975609756097615,8.536585365853657
2026-03-02,7.75,7.77,7.51,7.66,39763303.0,303519546.0,813992075.0,0.0488497421796152,-0.16999999999999993,-2.171136653895278,3.3205619412515937
2026-03-03,7.7,7.76,7.39,7.42,31454881.0,237004328.0,813992075.0,0.03864273617160216,-0.2400000000000002,-3.1331592689295085,4.83028720626632
2026-03-04,7.27,7.47,7.1,7.42,22826867.0,168296136.0,813992075.0,0.02804310717644272,0.0,0.0,4.986522911051215
2026-03-05,7.52,7.58,7.41,7.48,21952544.0,164381549.0,813992075.0,0.02696898983936668,0.0600000000000005,0.8086253369272267,2.2911051212937994
2026-03-06,7.47,7.5,7.29,7.45,19060654.0,141399398.0,813992075.0,0.02341626483279951,-0.03000000000000025,-0.40106951871657914,2.807486631016042
2026-03-09,7.45,7.52,7.18,7.48,33206001.0,244047708.0,813992075.0,0.0407940101873842,0.03000000000000025,0.402684563758382,4.563758389261743
2026-03-10,7.48,7.81,7.43,7.7,30671696.0,234385887.0,813992075.0,0.03768058306955875,0.21999999999999975,2.941176470588225,5.080213903743314
2026-03-11,7.7,7.91,7.5,7.56,27238536.0,208932535.0,813992075.0,0.03346290072910108,-0.14000000000000057,-1.81818181818183,5.324675324675327
2026-03-12,7.57,7.61,7.41,7.44,18895821.0,141610828.0,813992075.0,0.023213765318292563,-0.11999999999999922,-1.5873015873015817,2.6455026455026482
2026-03-13,7.56,7.56,7.16,7.22,24967500.0,182874179.0,813992075.0,0.03067290305006962,-0.22000000000000064,-2.9569892473118364,5.376344086021498
2026-03-16,7.21,7.24,6.94,7.07,22187625.0,156662152.0,813992075.0,0.02725778994838494,-0.14999999999999947,-2.0775623268697974,4.15512465373961
2026-03-17,7.1,7.31,6.99,7.0,20302662.0,145609413.0,813992075.0,0.02494208804182768,-0.07000000000000028,-0.990099009900991,4.526166902404517
2026-03-18,7.05,7.1,6.89,6.97,13196983.0,91859453.0,813992075.0,0.01621266767247089,-0.03000000000000025,-0.4285714285714337,2.9999999999999996
2026-03-19,6.98,7.01,6.65,6.69,22169900.0,150210830.0,813992075.0,0.02723601455210728,-0.27999999999999936,-4.017216642754651,5.164992826398844
2026-03-20,6.82,6.83,6.46,6.51,20162426.0,132733563.0,813992075.0,0.024769806266234227,-0.1800000000000006,-2.6905829596412634,5.530642750373693
2026-03-23,6.39,6.48,5.97,6.05,33063452.0,205900139.0,813992075.0,0.04061888686078424,-0.45999999999999996,-7.066052227342546,7.834101382488489
2026-03-24,6.14,6.2,5.95,6.15,22707735.0,137744771.0,813992075.0,0.02789675194319306,0.10000000000000053,1.6528925619834878,4.132231404958678
2026-03-25,6.13,6.3,6.08,6.12,17987902.0,110841020.0,813992075.0,0.022098374852113887,-0.03000000000000025,-0.4878048780487809,3.5772357723577195
2026-03-26,6.15,6.15,5.86,5.91,17791904.0,106546182.0,813992075.0,0.021857588724067123,-0.20999999999999996,-3.4313725490196068,4.738562091503269
2026-03-27,5.86,5.99,5.79,5.96,18211830.0,107288252.0,813992075.0,0.022373473353533572,0.04999999999999982,0.8460236886632888,3.384094754653133
2026-03-30,5.92,6.21,5.88,5.93,19172201.0,115063806.0,813992075.0,0.023553301793509476,-0.03000000000000025,-0.5033557046979942,5.536912751677853
2026-03-31,5.92,6.01,5.76,5.76,14509946.0,85073667.0,813992075.0,0.017825660034835107,-0.16999999999999993,-2.866779089376048,4.215851602023609
2026-04-01,5.85,5.89,5.66,5.75,15038222.0,86254231.0,813992075.0,0.01847465406834581,-0.009999999999999787,-0.17361111111110494,3.993055555555548
2026-04-02,5.77,5.77,5.55,5.59,12455630.0,70037065.0,813992075.0,0.01530190573415595,-0.16000000000000014,-2.782608695652178,3.826086956521735
2026-04-03,5.59,5.59,5.35,5.38,17108948.0,93063710.0,813992075.0,0.0210185682704589,-0.20999999999999996,-3.756708407871201,4.293381037567088
2026-04-07,5.53,5.53,5.29,5.45,14861747.0,80212641.0,813992075.0,0.0182578522032908,0.07000000000000028,1.3011152416356975,4.460966542750933
2026-04-08,5.59,5.93,5.5,5.79,23140055.0,134232327.0,813992075.0,0.028427862765125815,0.33999999999999986,6.238532110091732,7.889908256880728
2026-04-09,5.75,5.77,5.53,5.59,14815100.0,83288057.0,813992075.0,0.01820054574855658,-0.20000000000000018,-3.4542314335060498,4.145077720207242
2026-04-10,5.65,5.73,5.59,5.68,13285562.0,75565458.0,813992075.0,0.01632148814225249,0.08999999999999986,1.610017889087656,2.5044722719141426
2026-04-13,5.69,5.72,5.46,5.53,16622938.0,92644348.0,813992075.0,0.02042149857540075,-0.14999999999999947,-2.640845070422526,4.577464788732391
2026-04-14,5.54,5.64,5.33,5.41,20753483.0,112891103.0,813992075.0,0.025495927586272876,-0.1200000000000001,-2.169981916817365,5.6057866184448395
2026-04-15,5.41,5.42,5.15,5.17,22928499.0,120350139.0,813992075.0,0.028167963428882278,-0.2400000000000002,-4.436229205175602,4.990757855822543
2026-04-16,5.2,5.69,5.15,5.69,26762591.0,146737513.0,813992075.0,0.03287819601929171,0.5200000000000005,10.058027079303677,10.44487427466151
2026-04-17,5.89,5.99,5.6,5.79,41413375.0,237951779.0,813992075.0,0.05087687739466014,0.09999999999999964,1.7574692442882123,6.854130052724088
2026-04-20,5.84,6.12,5.69,6.04,35645930.0,213175711.0,813992075.0,0.04379149514447054,0.25,4.317789291882557,7.426597582037991
2026-04-21,6.01,6.14,5.97,6.06,23438786.0,141882966.0,813992075.0,0.02879485773863339,0.019999999999999574,0.3311258278145601,2.8145695364238397
2026-04-22,6.05,6.22,5.99,6.13,21783323.0,133779307.0,813992075.0,0.02676109960898575,0.07000000000000028,1.1551155115511635,3.795379537953788
2026-04-23,6.1,6.1,5.88,5.89,20364543.0,121279831.0,813992075.0,0.025018109666485388,-0.2400000000000002,-3.9151712887438905,3.5889070146818884
2026-04-24,5.89,5.97,5.6,5.75,20563854.0,118491620.0,813992075.0,0.025262965858727802,-0.13999999999999968,-2.376910016977929,6.2818336162988135
2026-04-27,5.75,5.78,5.53,5.6,14157351.0,79506682.0,813992075.0,0.017392492426907227,-0.15000000000000036,-2.60869565217392,4.3478260869565215
2026-04-28,5.59,5.73,5.58,5.62,14760100.0,83479967.0,813992075.0,0.018132977523153404,0.020000000000000462,0.3571428571428559,2.678571428571435
2026-04-29,5.6,5.66,5.47,5.56,15436510.0,86254156.0,813992150.0,0.018963954382115355,-0.0600000000000005,-1.067615658362997,3.3807829181494733
2026-04-30,5.57,5.9,5.53,5.56,20759601.0,117147826.0,813992150.0,0.02550344128011554,0.0,0.0,6.654676258992809
2026-05-06,5.51,5.69,5.48,5.54,19307669.0,107677692.0,813992150.0,0.023719723832717553,-0.019999999999999574,-0.3597122302158251,3.7769784172661867
2026-05-07,5.54,5.57,5.31,5.4,23055943.0,124721986.0,813992150.0,0.028324527453980976,-0.13999999999999968,-2.5270758122743597,4.693140794223838
2026-05-08,5.47,5.5,5.28,5.48,17194322.0,93313655.0,813992150.0,0.021123449409186562,0.08000000000000007,1.4814814814814836,4.07407407407407
2026-05-11,5.56,5.58,5.02,5.22,39964159.0,208054026.0,813992150.0,0.04909649190105826,-0.2600000000000007,-4.744525547445266,10.218978102189789
2026-05-12,5.12,5.35,4.81,5.15,54293047.0,275179614.0,813992150.0,0.0666997181729578,-0.0699999999999994,-1.3409961685823646,10.344827586206899
2026-05-13,5.11,5.55,5.05,5.52,52626466.0,281160932.0,813992150.0,0.06465230162231908,0.3699999999999992,7.184466019417468,9.70873786407767
2026-05-14,5.51,5.71,5.41,5.6,43715073.0,243399677.0,813992150.0,0.053704538796842206,0.08000000000000007,1.449275362318847,5.43478260869565
2026-05-15,5.6,5.6,5.26,5.31,31352709.0,168812056.0,813992150.0,0.038517212973122654,-0.29000000000000004,-5.178571428571432,6.071428571428569
2026-05-18,5.5,5.84,5.32,5.84,42012131.0,240248374.0,813992150.0,0.051612452282248665,0.5300000000000002,9.981167608286267,9.792843691148768
2026-05-19,5.91,6.09,5.76,6.0,57113042.0,340231295.0,813992150.0,0.07016411890458649,0.16000000000000014,2.7397260273972712,5.65068493150685
2026-05-20,5.96,6.04,5.75,5.89,30383222.0,177810909.0,813992150.0,0.03732618551665394,-0.11000000000000032,-1.8333333333333424,4.833333333333334
2026-05-21,5.97,6.05,5.69,5.7,31228078.0,184648280.0,813992150.0,0.03836410215995326,-0.1899999999999995,-3.2258064516129004,6.112054329371807
2026-05-22,5.7,5.99,5.67,5.85,23627866.0,137460101.0,813992150.0,0.02902714233792058,0.14999999999999947,2.631578947368407,5.614035087719303
2026-05-25,5.96,6.01,5.57,5.74,31303905.0,178407235.0,813992150.0,0.03845725662096373,-0.10999999999999943,-1.8803418803418737,7.521367521367512
2026-05-26,5.71,5.77,5.58,5.73,19940081.0,112637232.0,813992150.0,0.02449665024410862,-0.009999999999999787,-0.17421602787456303,3.310104529616716
2026-05-27,5.69,5.78,5.47,5.6,20703938.0,115250319.0,813992150.0,0.025435058556768638,-0.13000000000000078,-2.2687609075043746,5.4101221640488735
2026-05-28,5.58,5.65,5.37,5.42,15879044.0,86945829.0,813992150.0,0.019507613187670175,-0.17999999999999972,-3.214285714285714,5.000000000000004
2026-05-29,5.5,5.79,5.45,5.59,24801790.0,140578067.0,813992150.0,0.030469323322098375,0.16999999999999993,3.136531365313644,6.273062730627303
2026-06-01,5.66,5.9,5.52,5.8,27021230.0,155209086.0,813992150.0,0.03319593438339669,0.20999999999999996,3.75670840787119,6.797853309481231
2026-06-02,5.79,5.83,5.59,5.6,18391100.0,104473638.0,813992150.0,0.02259370683120224,-0.20000000000000018,-3.4482758620689724,4.1379310344827624
2026-06-03,5.53,5.87,5.44,5.81,22186090.0,124620272.0,813992150.0,0.027255901669321996,0.20999999999999996,3.750000000000009,7.6785714285714235
2026-06-04,5.79,5.87,5.66,5.74,25579256.0,147711103.0,813992150.0,0.03142445046920907,-0.0699999999999994,-1.2048192771084265,3.614457831325301
2026-06-05,5.69,5.79,5.35,5.44,26155952.0,144153500.0,813992150.0,0.03213292904606021,-0.2999999999999998,-5.226480836236935,7.6655052264808425
2026-06-08,5.25,5.46,5.02,5.21,22533303.0,117711909.0,813992150.0,0.027682457379963676,-0.23000000000000043,-4.227941176470596,8.088235294117654
2026-06-09,5.23,5.73,5.16,5.73,32838434.0,182866443.0,813992150.0,0.0403424455628964,0.5200000000000005,9.98080614203456,10.940499040307108
2026-06-10,5.77,5.82,5.38,5.46,37643176.0,207896365.0,813992150.0,0.04624513393648821,-0.27000000000000046,-4.712041884816765,7.678883071553234
2026-06-11,5.4,5.57,5.28,5.34,19252310.0,103790200.0,813992150.0,0.02365171457734574,-0.1200000000000001,-2.197802197802201,5.311355311355312
2026-06-12,5.43,5.44,5.21,5.24,16776482.0,88714775.0,813992150.0,0.020610127505529385,-0.09999999999999964,-1.872659176029956,4.307116104868922
2026-06-15,5.24,5.32,5.2,5.3,14896969.0,78376611.0,813992150.0,0.018301121208601338,0.05999999999999961,1.1450381679389166,2.2900763358778646
2026-06-16,5.27,5.5,5.09,5.36,28205155.0,148097726.0,813992150.0,0.03465040172684712,0.0600000000000005,1.132075471698113,7.735849056603776
2026-06-17,5.49,5.6,5.22,5.47,25632468.0,139985028.0,813992150.0,0.03148982210700681,0.10999999999999943,2.0522388059701413,7.089552238805968
2026-06-18,5.46,5.63,5.26,5.3,27623566.0,149296656.0,813992150.0,0.03393591203551533,-0.16999999999999993,-3.1078610603290646,6.764168190127973
