date,open,high,low,close,volume,amount,outstanding_share,turnover,change,pct_chg,amplitude
2023-03-06,21.11,21.59,21.02,21.46,4602439.0,108113226.0,1178083671.0,0.003906716571407261,,,
2023-03-07,21.46,22.2,21.27,21.65,8573197.0,204675056.0,1178083671.0,0.0072772394788587135,0.18999999999999773,0.8853681267474212,4.333643988816402
2023-03-08,21.56,22.06,21.33,21.47,5383719.0,127669669.0,1178083671.0,0.004569895273593008,-0.17999999999999972,-0.8314087759815236,3.3718244803695177
2023-03-09,21.49,22.02,21.39,22.01,9699170.0,232541732.0,1178083671.0,0.008233006057852404,0.5400000000000027,2.515137401024692,2.9343269678621287
2023-03-10,21.87,21.91,19.9,20.56,24487054.0,556197700.0,1178083671.0,0.020785496482787595,-1.4500000000000028,-6.587914584279886,9.132212630622451
2023-03-13,20.47,21.05,20.24,20.85,15047568.0,342376468.0,1178083671.0,0.012772919590021208,0.2900000000000027,1.4105058365758927,3.9396887159533183
2023-03-14,20.77,20.98,20.0,20.06,8373301.0,187456811.0,1178083671.0,0.007107560529119667,-0.7900000000000027,-3.7889688249400644,4.700239808153479
2023-03-15,20.06,20.6,20.02,20.2,10470475.0,232840389.0,1178083671.0,0.00888771761950684,0.14000000000000057,0.6979062811565351,2.8913260219342067
2023-03-16,20.0,20.34,19.5,19.64,10336683.0,225649450.0,1178083671.0,0.008774150134197047,-0.5599999999999987,-2.7722772277227636,4.158415841584158
2023-03-17,19.73,20.11,19.49,19.64,10496713.0,228605342.0,1178083671.0,0.008909989382239728,0.0,0.0,3.1568228105906364
2023-03-20,19.71,19.71,19.0,19.45,9198491.0,195945135.0,1178083671.0,0.007808011626366053,-0.19000000000000128,-0.9674134419552005,3.615071283095727
2023-03-21,19.48,20.08,19.39,19.97,6188965.0,135138181.0,1178083671.0,0.005253417182793632,0.5199999999999996,2.6735218508997516,3.547557840616955
2023-03-22,19.97,20.56,19.88,20.15,6946104.0,154883659.0,1178083671.0,0.0058961041316393905,0.17999999999999972,0.9013520280420684,3.405107661492237
2023-03-23,20.79,21.68,20.16,20.35,18219330.0,416948945.0,1178083671.0,0.015465225814168848,0.20000000000000284,0.992555831265518,7.543424317617864
2023-03-24,20.45,20.59,19.66,19.88,9867651.0,217559390.0,1178083671.0,0.008376018820143718,-0.4700000000000024,-2.3095823095823254,4.570024570024568
2023-03-27,19.8,20.4,19.47,19.7,11263619.0,246819072.0,1178083671.0,0.00956096691369895,-0.17999999999999972,-0.905432595573441,4.678068410462775
2023-03-28,19.62,19.87,19.54,19.65,8490077.0,183758274.0,1178083671.0,0.0072066842186118375,-0.05000000000000071,-0.2538071065989911,1.675126903553309
2023-03-29,19.56,19.87,19.5,19.59,6520316.0,140746541.0,1178083671.0,0.005534679887775136,-0.05999999999999872,-0.3053435114503733,1.8829516539440254
2023-03-30,19.55,19.66,19.2,19.46,6749065.0,143997159.0,1178083671.0,0.005728850306762294,-0.129999999999999,-0.6636038795303723,2.348136804492092
2023-03-31,19.47,19.94,19.29,19.38,9053323.0,194745930.0,1178083671.0,0.007684787781087919,-0.08000000000000185,-0.41109969167524296,3.3401849948612643
2023-04-03,19.34,19.88,19.3,19.73,10492739.0,226846527.0,1178083671.0,0.008906616107405499,0.3500000000000014,1.8059855521155965,2.992776057791529
2023-04-04,19.7,19.86,19.11,19.4,8458849.0,180315469.0,1178083671.0,0.007180176763522937,-0.33000000000000185,-1.6725798276736037,3.801317790167258
2023-04-06,19.13,20.06,19.13,19.55,9409926.0,203486635.0,1178083671.0,0.007987485296364828,0.15000000000000213,0.7731958762886793,4.79381443298969
2023-04-07,19.59,20.02,19.43,19.76,7477651.0,162544559.0,1178083671.0,0.0063473004372029875,0.21000000000000085,1.0741687979539671,3.017902813299232
2023-04-10,19.79,19.95,19.52,19.85,9312751.0,201777454.0,1178083671.0,0.007904999644121202,0.08999999999999986,0.45546558704452345,2.176113360323885
2023-04-11,19.76,20.22,19.63,20.13,8062562.0,176686362.0,1178083671.0,0.0068437940347277765,0.2799999999999976,1.4105793450881476,2.972292191435767
2023-04-12,20.16,20.28,19.64,19.71,8032431.0,175697350.0,1178083671.0,0.0068182177528882835,-0.41999999999999815,-2.0864381520119157,3.1793343268753134
2023-04-13,19.63,20.24,19.47,20.18,11560622.0,254005175.0,1178083671.0,0.009813073794823865,0.46999999999999886,2.38457635717908,3.906646372399795
2023-04-14,20.18,20.5,19.91,20.09,8301091.0,184309091.0,1178083671.0,0.007046266071198266,-0.08999999999999986,-0.4459861248761188,2.9236868186323086
2023-04-17,20.14,20.38,19.78,20.04,10465151.0,229653786.0,1178083671.0,0.008883198415878901,-0.05000000000000071,-0.24888003982080908,2.986560477849666
2023-04-18,20.56,21.11,20.22,20.36,17419324.0,393610144.0,1178083671.0,0.01478615180636011,0.3200000000000003,1.5968063872255467,4.441117764471061
2023-04-19,20.31,20.34,19.17,19.28,16502161.0,354023362.0,1178083671.0,0.014007630702488533,-1.0799999999999983,-5.3045186640471425,5.746561886051071
2023-04-20,19.47,19.73,18.77,18.98,15224942.0,320517591.0,1178083671.0,0.012923481052136577,-0.3000000000000007,-1.556016597510379,4.979253112033199
2023-04-21,18.93,19.1,18.65,18.71,9802963.0,203507710.0,1178083671.0,0.008321109307693647,-0.2699999999999996,-1.4225500526870327,2.370916754478413
2023-04-24,18.86,18.98,18.39,18.55,7427371.0,152392771.0,1178083671.0,0.006304620955908317,-0.16000000000000014,-0.85515766969535,3.1533939070016026
2023-04-25,18.32,18.52,17.3,17.71,17017829.0,332872736.0,1178083671.0,0.014445348338929655,-0.8399999999999999,-4.528301886792452,6.57681940700808
2023-04-26,17.61,18.37,17.61,18.2,11246006.0,224433046.0,1178083671.0,0.009546016362703663,0.48999999999999844,2.766798418972316,4.291360813099952
2023-04-27,18.21,18.61,18.0,18.52,7067931.0,143049698.0,1178083671.0,0.005999515292492328,0.3200000000000003,1.758241758241752,3.3516483516483486
2023-04-28,18.53,19.1,18.33,18.81,8702295.0,179285161.0,1178083671.0,0.007386822527310965,0.28999999999999915,1.565874730021588,4.157667386609088
2023-05-04,18.78,19.24,18.65,19.13,7667813.0,160872964.0,1178083671.0,0.006508716815921303,0.3200000000000003,1.7012227538543367,3.1366294524189255
2023-05-05,19.11,19.16,18.27,18.48,8749761.0,178229758.0,1178083671.0,0.007427113383697855,-0.6499999999999986,-3.397804495556711,4.652378463146893
2023-05-08,18.48,18.67,18.12,18.25,6130154.0,123286093.0,1178083671.0,0.005203496280358851,-0.23000000000000043,-1.2445887445887482,2.97619047619048
2023-05-09,18.21,18.33,18.02,18.07,5378475.0,107222107.0,1178083671.0,0.004565443976856547,-0.17999999999999972,-0.9863013698630074,1.6986301369862944
2023-05-10,17.98,18.16,17.69,17.87,6278293.0,123099895.0,1178083671.0,0.005329242017819293,-0.1999999999999993,-1.1068068622025362,2.600996126175976
2023-05-11,17.92,18.16,17.72,17.85,3445666.0,67751509.0,1178083671.0,0.0029248058391940822,-0.019999999999999574,-0.11191941801902416,2.462227196418586
2023-05-12,17.8,17.97,17.67,17.67,4258523.0,83141099.0,1178083671.0,0.0036147882402828074,-0.17999999999999972,-1.0084033613445342,1.680672268907547
2023-05-15,17.54,17.95,17.38,17.92,4602944.0,89304552.0,1178083671.0,0.003907145233659723,0.25,1.4148273910582931,3.2258064516129044
2023-05-16,17.93,18.11,17.79,17.92,6153500.0,121190534.0,1178083671.0,0.005223313208964765,0.0,0.0,1.785714285714287
2023-05-17,17.83,17.89,17.54,17.75,4356953.0,84739397.0,1178083671.0,0.003698339181886513,-0.1700000000000017,-0.9486607142857206,1.9531250000000075
2023-05-18,17.75,17.82,17.33,17.43,4684118.0,90008167.0,1178083671.0,0.0039760486587713684,-0.3200000000000003,-1.802816901408455,2.7605633802817016
2023-05-19,17.38,17.65,17.24,17.47,7849697.0,150531266.0,1178083671.0,0.00666310652904381,0.03999999999999915,0.22948938611588865,2.3522662076878955
2023-05-22,17.47,18.08,17.46,17.87,7468590.0,144055136.0,1178083671.0,0.006339609132906826,0.40000000000000213,2.2896393817973815,3.5489410417859046
2023-05-23,17.97,18.47,17.9,18.22,7427160.0,146985848.0,1178083671.0,0.006304441851482041,0.34999999999999787,1.958589815332945,3.1897034135422513
2023-05-24,18.2,18.34,17.89,18.2,5591569.0,109937228.0,1178083671.0,0.004746325866017372,-0.019999999999999574,-0.1097694840834218,2.469813391877054
2023-05-25,18.2,18.21,17.8,17.95,3859529.0,75010196.0,1178083671.0,0.00327610771204722,-0.25,-1.3736263736263687,2.2527472527472536
2023-05-26,17.86,17.95,17.53,17.7,10249000.0,196226608.0,1178083671.0,0.008699721634627428,-0.25,-1.392757660167132,2.33983286908077
2023-05-29,17.69,17.98,17.65,17.89,7238183.0,140006374.0,1178083671.0,0.0061440313435937605,0.19000000000000128,1.0734463276836248,1.8644067796610275
2023-05-30,17.86,17.97,17.21,17.44,9134049.0,172214976.0,1178083671.0,0.00775331092760728,-0.4499999999999993,-2.5153717160424804,4.248183342649513
2023-05-31,17.51,17.73,17.05,17.14,9409387.0,175876257.0,1178083671.0,0.007987027773683488,-0.3000000000000007,-1.7201834862385357,3.8990825688073376
2023-06-01,17.06,17.38,17.0,17.09,6788274.0,126242370.0,1178083671.0,0.005762132323112388,-0.05000000000000071,-0.29171528588098905,2.2170361726954435
2023-06-02,17.01,17.23,16.91,17.23,4912908.0,91099811.0,1178083671.0,0.00417025388004041,0.14000000000000057,0.8191925102399189,1.872440023405502
2023-06-05,17.14,17.34,16.65,16.92,7893109.0,143877226.0,1178083671.0,0.006699956203704991,-0.3099999999999987,-1.7991874637260485,4.004643064422527
2023-06-06,16.98,17.01,16.66,16.71,5567730.0,101268521.0,1178083671.0,0.004726090461192718,-0.21000000000000085,-1.2411347517730542,2.0685579196217576
2023-06-07,16.68,16.85,16.55,16.57,4006188.0,72150843.0,1178083671.0,0.0034005971720152974,-0.14000000000000057,-0.837821663674454,1.7953321364452466
2023-06-08,16.52,16.67,16.4,16.46,3627519.0,64906067.0,1178083671.0,0.003079169238396141,-0.10999999999999943,-0.6638503319251643,1.6294508147254263
2023-06-09,16.47,16.73,16.36,16.56,4348542.0,77950464.0,1178083671.0,0.00369119962108362,0.09999999999999787,0.6075334143377686,2.2478736330498235
2023-06-12,16.58,16.85,16.42,16.68,8066822.0,145857490.0,1178083671.0,0.006847410076699043,0.120000000000001,0.7246376811594235,2.596618357487921
2023-06-13,16.72,16.85,16.35,16.36,7998075.0,143117130.0,1178083671.0,0.006789055138342546,-0.3200000000000003,-1.918465227817745,2.997601918465228
2023-06-14,16.45,16.68,16.22,16.52,6580903.0,117714987.0,1178083671.0,0.0055861083232007554,0.16000000000000014,0.9779951100244544,2.8117359413202987
2023-06-15,16.45,16.92,16.36,16.91,7137753.0,129010092.0,1178083671.0,0.006058782729703075,0.39000000000000057,2.360774818401934,3.3898305084745903
2023-06-16,16.95,17.22,16.66,16.85,7792865.0,142399157.0,1178083671.0,0.006614865473336996,-0.05999999999999872,-0.3548196333530429,3.3116499112950843
2023-06-19,16.85,16.98,16.71,16.83,4831900.0,88026296.0,1178083671.0,0.004101491361728585,-0.020000000000003126,-0.1186943620178238,1.6023738872403535
2023-06-20,16.82,16.94,16.69,16.69,4190902.0,76230128.0,1178083671.0,0.003557389091423881,-0.13999999999999702,-0.8318478906714,1.4854426619132504
2023-06-21,16.63,16.74,16.25,16.31,8873330.0,157455029.0,1178083671.0,0.007532003217112751,-0.38000000000000256,-2.2768124625524466,2.935889754343909
2023-06-26,16.27,16.45,16.02,16.32,5920271.0,104050734.0,1178083671.0,0.005025340004054772,0.010000000000001563,0.061312078479480725,2.636419374616798
2023-06-27,16.36,16.62,16.14,16.37,4438830.0,78754750.0,1178083671.0,0.0037678393388070313,0.05000000000000071,0.30637254901961786,2.9411764705882377
2023-06-28,16.4,16.45,16.03,16.16,5622898.0,98363018.0,1178083671.0,0.004772919053556765,-0.21000000000000085,-1.282834453268178,2.565668906536336
2023-06-29,16.06,16.3,15.88,15.92,6408857.0,110994866.0,1178083671.0,0.005440069460057901,-0.2400000000000002,-1.4851485148514865,2.5990099009900987
2023-06-30,15.9,16.83,15.89,16.39,11426137.0,203563372.0,1178083671.0,0.009698918066066634,0.47000000000000064,2.9522613065326775,5.904522613065312
2023-07-03,16.38,16.63,16.15,16.43,8224255.0,146068974.0,1178083671.0,0.0069810448972770795,0.03999999999999915,0.24405125076265577,2.9286150091519243
2023-07-04,16.48,16.59,16.18,16.45,7672000.0,135838391.0,1178083671.0,0.006512270892854095,0.019999999999999574,0.12172854534389099,2.4954351795496055
2023-07-05,16.41,16.52,16.29,16.36,4230308.0,74908739.0,1178083671.0,0.0035908383284942416,-0.08999999999999986,-0.547112462006083,1.3981762917933156
2023-07-06,16.36,16.36,16.04,16.06,4269508.0,74689774.0,1178083671.0,0.0036241127053190437,-0.3000000000000007,-1.8337408312958492,1.9559902200489014
2023-07-07,16.07,16.2,16.0,16.06,3105300.0,54033847.0,1178083671.0,0.002635890876379017,0.0,0.0,1.2453300124532958
2023-07-10,16.1,16.31,16.0,16.09,6676582.0,116602597.0,1178083671.0,0.00566732411657372,0.030000000000001137,0.18679950186799577,1.9302615193026074
2023-07-11,16.11,16.12,15.94,16.12,4988102.0,86534290.0,1178083671.0,0.004234081265013985,0.030000000000001137,0.18645121193288094,1.1187072715972748
2023-07-12,16.13,16.16,15.78,15.81,5826294.0,100460497.0,1178083671.0,0.004945568929798026,-0.3100000000000005,-1.9230769230769273,2.357320099255588
2023-07-13,15.81,16.12,15.8,16.0,6939773.0,120009131.0,1178083671.0,0.005890730150014956,0.1899999999999995,1.2017710309930374,2.0240354206198625
2023-07-14,16.0,16.02,15.8,15.81,5995300.0,103182994.0,1178083671.0,0.005089027331064671,-0.1899999999999995,-1.187499999999997,1.374999999999993
2023-07-17,15.79,15.79,15.29,15.52,7764831.0,129931052.0,1178083671.0,0.006591069200890401,-0.2900000000000009,-1.834282099936757,3.1625553447185326
2023-07-18,15.59,15.66,15.25,15.39,10138840.0,168486889.0,1178083671.0,0.008606213845060585,-0.129999999999999,-0.8376288659793785,2.6417525773195885
2023-07-19,15.32,15.46,15.31,15.39,4165535.0,69275658.0,1178083671.0,0.0035358566649719737,0.0,0.0,0.9746588693957137
2023-07-20,15.4,15.8,15.33,15.6,8267104.0,139902239.0,1178083671.0,0.007017416677189476,0.20999999999999908,1.3645224171539905,3.0539311241065668
2023-07-21,15.53,15.85,15.43,15.65,5385735.0,91324884.0,1178083671.0,0.004571606527258284,0.05000000000000071,0.3205128205128194,2.6923076923076916
2023-07-24,15.66,15.88,15.62,15.76,4620217.0,78770703.0,1178083671.0,0.003921807180366224,0.10999999999999943,0.7028753993610248,1.6613418530351538
2023-07-25,15.8,16.03,15.75,15.94,6255661.0,107606309.0,1178083671.0,0.005310031158219831,0.17999999999999972,1.1421319796954377,1.7766497461929007
2023-07-26,15.94,16.47,15.9,16.33,9899788.0,174135283.0,1178083671.0,0.008403297867287052,0.3899999999999988,2.4466750313676178,3.5759096612296015
2023-07-27,16.33,16.49,16.22,16.25,7828961.0,138290284.0,1178083671.0,0.006645505062772405,-0.0799999999999983,-0.48989589712185033,1.6533986527862805
2023-07-28,16.25,16.35,16.15,16.28,4739343.0,83409031.0,1178083671.0,0.004022925634795595,0.030000000000001137,0.18461538461538307,1.2307692307692484
2023-07-31,16.33,16.48,16.22,16.29,8821254.0,155835528.0,1178083671.0,0.007487799226104374,0.00999999999999801,0.06142506142505777,1.5970515970516064
2023-08-01,16.32,16.52,16.22,16.34,9223406.0,163506263.0,1178083671.0,0.007829160378881102,0.05000000000000071,0.30693677102517913,1.8416206261510173
2023-08-02,16.28,16.36,16.16,16.21,6939384.0,122149014.0,1178083671.0,0.005890399952755138,-0.129999999999999,-0.795593635250913,1.2239902080783311
2023-08-03,16.17,16.66,16.12,16.55,12472862.0,222354092.0,1178083671.0,0.010587416078361042,0.33999999999999986,2.0974706971005563,3.331276989512641
2023-08-04,16.55,16.75,16.17,16.22,8184820.0,144459796.0,1178083671.0,0.006947571043958558,-0.33000000000000185,-1.993957703927507,3.50453172205437
2023-08-07,16.17,16.23,15.68,15.77,10511920.0,180659415.0,1178083671.0,0.008922897633473778,-0.4499999999999993,-2.7743526510480843,3.390875462392113
2023-08-08,15.78,15.99,15.53,15.92,6984734.0,119373090.0,1178083671.0,0.005928894671862403,0.15000000000000036,0.9511731135066537,2.916930881420424
2023-08-09,15.9,16.24,15.82,16.09,7655709.0,133360519.0,1178083671.0,0.006498442503240502,0.16999999999999993,1.0678391959799027,2.638190954773858
2023-08-10,16.08,16.35,16.0,16.29,7048257.0,123727906.0,1178083671.0,0.005982815290205308,0.1999999999999993,1.24300807955251,2.175264139216914
2023-08-11,16.26,16.41,16.09,16.12,6984026.0,122791898.0,1178083671.0,0.005928293695872812,-0.16999999999999815,-1.0435850214855602,1.9643953345610823
2023-08-14,16.05,16.13,15.79,16.07,5480700.0,94534262.0,1178083671.0,0.004652216251624796,-0.05000000000000071,-0.31017369727047717,2.109181141439205
2023-08-15,16.34,17.05,16.24,16.97,29992552.0,543315307.0,1178083671.0,0.025458762173098653,0.8999999999999986,5.600497822028605,5.040448039825776
2023-08-16,16.84,16.97,16.61,16.66,20580896.0,374174786.0,1178083671.0,0.01746980839020559,-0.3099999999999987,-1.826753093694744,2.121390689451971
2023-08-17,16.68,16.75,16.26,16.48,15816240.0,280993932.0,1178083671.0,0.013425396166109835,-0.17999999999999972,-1.0804321728691502,2.9411764705882257
2023-08-18,16.42,16.43,16.08,16.1,13204200.0,231898156.0,1178083671.0,0.01120820220586862,-0.379999999999999,-2.30582524271844,2.123786407766999
2023-08-21,16.08,16.08,15.34,15.37,16101703.0,270932249.0,1178083671.0,0.013667707478138877,-0.7300000000000022,-4.534161490683242,4.596273291925456
2023-08-22,15.41,15.51,14.71,15.2,16367400.0,266107606.0,1178083671.0,0.013893240694955698,-0.16999999999999993,-1.1060507482107962,5.204944697462583
2023-08-23,15.11,15.23,14.84,14.9,6912106.0,112431137.0,1178083671.0,0.005867245400433023,-0.29999999999999893,-1.9736842105263053,2.565789473684214
2023-08-24,14.89,15.51,14.76,15.41,10720960.0,176015274.0,1178083671.0,0.009100338340908894,0.5099999999999998,3.4228187919463027,5.033557046979865
2023-08-25,15.34,15.62,15.11,15.23,7099978.0,117783714.0,1178083671.0,0.0060267179443827465,-0.17999999999999972,-1.1680726800778696,3.309539260220635
2023-08-28,16.15,16.16,15.49,15.6,12206992.0,208037905.0,1178083671.0,0.010361736012891396,0.3699999999999992,2.4294156270518563,4.399212081418253
2023-08-29,15.53,16.49,15.48,16.36,13306233.0,231905278.0,1178083671.0,0.011294811504097318,0.7599999999999998,4.871794871794877,6.474358974358961
2023-08-30,16.34,16.37,16.02,16.17,7230016.0,126498188.0,1178083671.0,0.0061370988988098795,-0.18999999999999773,-1.161369193154016,2.139364303178493
2023-08-31,16.14,16.32,16.1,16.22,4951221.0,86831904.0,1178083671.0,0.0042027753392059365,0.04999999999999716,0.3092145949288527,1.3605442176870677
2023-09-01,16.22,16.31,16.06,16.21,5995420.0,104919468.0,1178083671.0,0.0050891291914018895,-0.00999999999999801,-0.06165228113439447,1.5413070283600494
2023-09-04,16.25,16.32,16.13,16.21,5618311.0,98477688.0,1178083671.0,0.004769025442166577,0.0,0.0,1.1721159777914947
2023-09-05,16.14,16.24,16.08,16.16,5647800.0,98696124.0,1178083671.0,0.00479405677120195,-0.05000000000000071,-0.3084515731030302,0.9870450339296739
2023-09-06,16.08,16.15,15.86,15.9,6021138.0,104086551.0,1178083671.0,0.005110959559340162,-0.2599999999999998,-1.6089108910891103,1.7945544554455393
2023-09-07,15.88,15.93,15.5,15.51,4876571.0,82572853.0,1178083671.0,0.0041394097210944196,-0.39000000000000057,-2.4528301886792447,2.7044025157232685
2023-09-08,15.58,15.64,15.27,15.27,4518970.0,75425202.0,1178083671.0,0.0038358650673463073,-0.2400000000000002,-1.5473887814313358,2.385557704706647
2023-09-11,15.27,15.85,15.27,15.7,7808095.0,132208945.0,1178083671.0,0.006627793247802345,0.4299999999999997,2.8159790438768706,3.7982973149967263
2023-09-12,15.67,16.29,15.6,16.15,10540345.0,182863628.0,1178083671.0,0.008947025800852475,0.4499999999999993,2.8662420382165488,4.394904458598723
2023-09-13,16.14,16.26,15.97,16.11,6574173.0,114362943.0,1178083671.0,0.005580395655955068,-0.03999999999999915,-0.2476780185758476,1.7956656346749282
2023-09-14,16.11,16.31,15.97,16.25,6680106.0,116911300.0,1178083671.0,0.005670315415143378,0.14000000000000057,0.8690254500310468,2.1104903786467912
2023-09-15,16.18,16.68,16.17,16.55,11915965.0,212910199.0,1178083671.0,0.010114701776559978,0.3000000000000007,1.846153846153853,3.138461538461526
2023-09-18,16.53,16.71,16.36,16.58,6759470.0,120826020.0,1178083671.0,0.005737682446835307,0.029999999999997584,0.18126888217522286,2.114803625377652
2023-09-19,16.54,16.72,16.37,16.5,6213448.0,110923397.0,1178083671.0,0.0052741992380946935,-0.0799999999999983,-0.4825090470446214,2.110977080820253
2023-09-20,16.42,16.63,16.34,16.44,4964800.0,88581638.0,1178083671.0,0.004214301685198385,-0.05999999999999872,-0.3636363636363549,1.7575757575757522
2023-09-21,16.42,16.44,16.19,16.31,4773079.0,84159225.0,1178083671.0,0.004051561970932369,-0.13000000000000256,-0.7907542579075555,1.5206812652068125
2023-09-22,16.27,16.51,16.12,16.5,7262360.0,128242528.0,1178083671.0,0.006164553655034915,0.19000000000000128,1.1649294911097563,2.3911710606989613
2023-09-25,16.45,16.71,16.32,16.61,10469443.0,188087300.0,1178083671.0,0.00888684162060676,0.10999999999999943,0.6666666666666599,2.363636363636367
2023-09-26,16.54,16.71,16.36,16.44,7358395.0,131509497.0,1178083671.0,0.006246071634074962,-0.16999999999999815,-1.0234798314268434,2.1071643588199964
2023-09-27,16.48,16.86,16.46,16.82,14580008.0,264054162.0,1178083671.0,0.012376037762771096,0.379999999999999,2.311435523114347,2.4330900243308915
2023-09-28,16.89,16.92,16.59,16.62,9052373.0,163706864.0,1178083671.0,0.007683981386751603,-0.1999999999999993,-1.189060642092743,1.961950059453043
2023-10-09,16.6,16.77,16.34,16.7,8638646.0,155070961.0,1178083671.0,0.00733279495561398,0.0799999999999983,0.48134777376653837,2.587244283995185
2023-10-10,16.68,16.68,16.31,16.36,5599600.0,99572048.0,1178083671.0,0.004753142869085739,-0.33999999999999986,-2.035928143712573,2.2155688622754552
2023-10-11,16.37,16.96,16.32,16.67,12636339.0,228181833.0,1178083671.0,0.010726181264590332,0.3100000000000023,1.8948655256723956,3.911980440097803
2023-10-12,16.67,17.11,16.62,17.0,14807173.0,270521319.0,1178083671.0,0.012568863625306967,0.3299999999999983,1.9796040791841607,2.9394121175764747
2023-10-13,16.94,17.7,16.84,17.6,31265975.0,590302477.0,1178083671.0,0.026539689641449923,0.6000000000000014,3.529411764705892,5.058823529411762
2023-10-16,17.83,18.2,17.57,17.85,42335460.0,817703643.0,1178083671.0,0.03593586859926862,0.25,1.4204545454545414,3.5795454545454484
2023-10-17,17.65,17.82,17.32,17.74,21193462.0,402254739.0,1178083671.0,0.017989776551278588,-0.11000000000000298,-0.6162464985994598,2.8011204481792715
2023-10-18,17.74,17.74,16.97,17.24,15757372.0,293215480.0,1178083671.0,0.013375426880014874,-0.5,-2.8184892897407,4.3404735062006745
2023-10-19,16.35,16.35,15.51,15.58,31951712.0,541511770.0,1178083671.0,0.02712176799197822,-1.6599999999999984,-9.628770301624122,4.872389791183305
2023-10-20,15.34,15.57,15.23,15.27,15440889.0,256128370.0,1178083671.0,0.013106784670814779,-0.3100000000000005,-1.9897304236200286,2.1822849807445435
2023-10-23,15.19,15.19,14.53,14.66,15285660.0,245483405.0,1178083671.0,0.012975020685096993,-0.6099999999999994,-3.99476096922069,4.32220039292731
2023-10-24,14.78,14.89,14.32,14.42,16931166.0,265431657.0,1178083671.0,0.014371785652226394,-0.2400000000000002,-1.6371077762619368,3.888130968622103
2023-10-25,14.52,14.59,14.33,14.47,14502099.0,226792030.0,1178083671.0,0.012309905787667946,0.05000000000000071,0.34674063800277377,1.803051317614423
2023-10-26,14.32,14.59,14.19,14.49,10224330.0,159052028.0,1178083671.0,0.008678780846967533,0.019999999999999574,0.13821700069107656,2.7643400138217022
2023-10-27,14.39,15.66,14.24,15.59,24606882.0,403142264.0,1178083671.0,0.020887210820189697,1.0999999999999996,7.591442374051072,9.799861973775016
2023-10-30,15.68,16.22,15.39,16.09,22138212.0,382491661.0,1178083671.0,0.01879171449784062,0.5,3.2071840923669104,5.323925593329046
2023-10-31,16.02,16.29,15.8,15.92,13504229.0,233536421.0,1178083671.0,0.011462877665163733,-0.16999999999999993,-1.0565568676196402,3.0453697949036576
2023-11-01,15.91,15.94,15.55,15.76,10062131.0,171276308.0,1178083671.0,0.008541100473329623,-0.16000000000000014,-1.005025125628145,2.4497487437185854
2023-11-02,15.8,15.93,15.69,15.72,7941114.0,135696697.0,1178083671.0,0.006740704582773221,-0.03999999999999915,-0.25380710659898,1.52284263959391
2023-11-03,15.72,15.96,15.57,15.59,10124853.0,172497692.0,1178083671.0,0.008594341173921593,-0.13000000000000078,-0.8269720101781175,2.4809160305343547
2023-11-06,15.99,16.12,15.81,15.95,12652361.0,218557839.0,1178083671.0,0.010739781317281327,0.35999999999999943,2.309172546504157,1.9884541372674824
2023-11-07,15.97,16.06,15.68,15.71,8843541.0,151704955.0,1178083671.0,0.007506717237234332,-0.23999999999999844,-1.5047021943573546,2.3824451410658245
2023-11-08,15.71,16.2,15.67,16.13,13242284.0,229559796.0,1178083671.0,0.011240529281557285,0.41999999999999815,2.6734563971992253,3.37364735837046
2023-11-09,16.29,16.35,15.63,15.71,10915117.0,187462311.0,1178083671.0,0.009265145820020453,-0.41999999999999815,-2.603843769373826,4.46373217606944
2023-11-10,15.52,15.89,15.43,15.65,8864208.0,150262621.0,1178083671.0,0.007524260133811837,-0.0600000000000005,-0.3819223424570417,2.928071292170597
2023-11-13,15.84,15.85,15.48,15.66,7712045.0,130178274.0,1178083671.0,0.006546262536220146,0.009999999999999787,0.06389776357826893,2.364217252396161
2023-11-14,15.62,15.77,15.49,15.51,7507026.0,126817525.0,1178083671.0,0.006372234998918001,-0.15000000000000036,-0.9578544061302652,1.7879948914431631
2023-11-15,15.64,15.75,15.54,15.6,7300955.0,123559904.0,1178083671.0,0.006197314485992905,0.08999999999999986,0.5802707930367523,1.3539651837524234
2023-11-16,15.58,15.63,15.29,15.33,7164724.0,119378347.0,1178083671.0,0.00608167668932914,-0.2699999999999996,-1.7307692307692246,2.17948717948719
2023-11-17,15.27,15.42,15.15,15.36,6098084.0,100948168.0,1178083671.0,0.005176274105237131,0.02999999999999936,0.1956947162426559,1.76125244618395
2023-11-20,15.37,15.52,15.3,15.43,6330204.0,105602984.0,1178083671.0,0.005373305950863994,0.07000000000000028,0.45572916666667407,1.4322916666666594
2023-11-21,15.43,15.66,15.34,15.52,8703107.0,146164713.0,1178083671.0,0.00738751178225948,0.08999999999999986,0.5832793259883395,2.073882047958524
2023-11-22,15.46,15.5,15.25,15.26,5437800.0,90337140.0,1178083671.0,0.004615801181069083,-0.2599999999999998,-1.675257731958757,1.6108247422680415
2023-11-23,15.28,15.66,15.23,15.64,8668323.0,145655681.0,1178083671.0,0.007357985865844329,0.3800000000000008,2.490170380078638,2.817824377457403
2023-11-24,15.73,15.88,15.47,15.64,9066155.0,153806161.0,1178083671.0,0.007695680046481181,0.0,0.0,2.62148337595908
2023-11-27,15.67,15.72,15.35,15.35,6924909.0,115710292.0,1178083671.0,0.005878113049578123,-0.2900000000000009,-1.8542199488491118,2.365728900255761
2023-11-28,15.3,15.54,15.08,15.48,5762185.0,95766068.0,1178083671.0,0.004891150893475036,0.13000000000000078,0.8469055374592971,2.9967426710097658
2023-11-29,15.45,15.61,15.35,15.36,6217154.0,104236324.0,1178083671.0,0.005277345024842468,-0.120000000000001,-0.7751937984496138,1.6795865633074922
2023-11-30,15.37,15.48,15.21,15.41,4376686.0,72710553.0,1178083671.0,0.0037150892655059982,0.05000000000000071,0.32552083333334814,1.7578124999999973
2023-12-01,15.35,15.43,15.15,15.2,6330199.0,104538187.0,1178083671.0,0.005373301706683277,-0.21000000000000085,-1.3627514600908608,1.817001946787796
2023-12-04,15.2,15.2,14.62,14.86,18131678.0,290824233.0,1178083671.0,0.015390823628519675,-0.33999999999999986,-2.2368421052631593,3.8157894736842115
2023-12-05,14.83,14.93,14.54,14.59,10927600.0,173820687.0,1178083671.0,0.009275741841599636,-0.2699999999999996,-1.8169582772543769,2.624495289367433
2023-12-06,14.58,14.86,14.51,14.68,7067673.0,112071488.0,1178083671.0,0.005999296292767307,0.08999999999999986,0.6168608636052175,2.3989033584646995
2023-12-07,14.68,14.69,14.44,14.51,5612395.0,88227698.0,1178083671.0,0.004764003727541692,-0.16999999999999993,-1.1580381471389622,1.7029972752043598
2023-12-08,14.45,14.63,14.26,14.29,10352398.0,161044394.0,1178083671.0,0.00878748959419199,-0.22000000000000064,-1.5161957270847681,2.5499655410062094
2023-12-11,14.23,14.41,14.04,14.29,9614225.0,147811758.0,1178083671.0,0.00816090167164366,0.0,0.0,2.5892232330300984
2023-12-12,14.31,14.54,14.24,14.46,7987413.0,124796205.0,1178083671.0,0.006780004847380658,0.1700000000000017,1.1896431070678837,2.09937018894331
2023-12-13,14.49,14.77,14.34,14.47,8186689.0,129163417.0,1178083671.0,0.00694915751871074,0.009999999999999787,0.06915629322268302,2.9737206085753782
2023-12-14,14.55,14.66,14.32,14.32,5825845.0,91163509.0,1178083671.0,0.004945187802369599,-0.15000000000000036,-1.0366275051831408,2.3496890117484437
2023-12-15,14.34,14.41,14.12,14.16,4965025.0,76556076.0,1178083671.0,0.00421449267333067,-0.16000000000000014,-1.1173184357541888,2.0251396648044757
2023-12-18,14.16,14.2,13.97,14.02,4262453.0,64936531.0,1178083671.0,0.0036181241663267227,-0.14000000000000057,-0.9887005649717562,1.624293785310725
2023-12-19,13.98,14.02,13.75,13.9,6030732.0,90290529.0,1178083671.0,0.005119103293300804,-0.11999999999999922,-0.8559201141226769,1.9258202567760314
2023-12-20,13.88,14.01,13.68,13.69,4228110.0,63119522.0,1178083671.0,0.003588972586650851,-0.21000000000000085,-1.5107913669064832,2.3741007194244608
2023-12-21,13.63,13.88,13.48,13.71,6926164.0,102597793.0,1178083671.0,0.005879178338938203,0.02000000000000135,0.146092037983947,2.9218407596786
2023-12-22,13.69,13.76,13.53,13.61,4725442.0,69666435.0,1178083671.0,0.004011125963564943,-0.10000000000000142,-0.7293946024799491,1.6776075857038688
2023-12-25,13.59,14.11,13.59,14.0,6896204.0,103290745.0,1178083671.0,0.005853747208079247,0.39000000000000057,2.865540044085235,3.820720058780305
2023-12-26,13.99,14.05,13.6,13.73,5096984.0,75966880.0,1178083671.0,0.004326504241989447,-0.2699999999999996,-1.928571428571424,3.2142857142857215
2023-12-27,13.76,13.81,13.6,13.78,5385892.0,79889743.0,1178083671.0,0.004571739794532811,0.049999999999998934,0.36416605972322547,1.529497450837588
2023-12-28,13.77,14.11,13.65,14.0,7543948.0,113644517.0,1178083671.0,0.006403575727007934,0.22000000000000064,1.59651669085632,3.338171262699558
2023-12-29,13.97,14.29,13.93,14.22,7110055.0,109092456.0,1178083671.0,0.006035271666200694,0.22000000000000064,1.5714285714285792,2.571428571428567
2024-01-02,14.25,14.42,14.07,14.31,7146190.0,110364370.0,1178083671.0,0.0060659443602457,0.08999999999999986,0.6329113924050667,2.4613220815752435
2024-01-03,14.19,14.45,14.13,14.24,6625945.0,102423884.0,1178088321.0,0.005624319401091831,-0.07000000000000028,-0.4891684136967167,2.2361984626135465
2024-01-04,14.28,14.28,14.06,14.15,3886265.0,59439063.0,1178088321.0,0.0032987891745681775,-0.08999999999999986,-0.6320224719101097,1.544943820224711
2024-01-05,14.12,14.21,13.76,13.83,5772524.0,87055326.0,1178088321.0,0.004899907669995482,-0.3200000000000003,-2.2614840989399365,3.180212014134283
2024-01-08,13.78,13.79,13.37,13.37,6837815.0,100007313.0,1178088321.0,0.005804161604960007,-0.46000000000000085,-3.3261026753434675,3.0368763557483724
2024-01-09,13.39,13.63,13.17,13.54,6591085.0,95723354.0,1178088321.0,0.0055947290899253386,0.16999999999999993,1.2715033657441976,3.440538519072557
2024-01-10,13.52,13.64,13.21,13.27,5744367.0,83457965.0,1178088321.0,0.0048760070850409525,-0.2699999999999996,-1.9940915805022108,3.175775480059082
2024-01-11,13.56,13.64,13.21,13.54,7057822.0,102843551.0,1178088321.0,0.005990910761265411,0.2699999999999996,2.034664657121321,3.240391861341369
2024-01-12,13.54,13.61,13.38,13.38,4104584.0,59857285.0,1178088321.0,0.003484105501118876,-0.15999999999999837,-1.1816838995568513,1.6986706056129885
2024-01-15,13.32,13.49,13.24,13.3,4133373.0,59695961.0,1178088321.0,0.003508542548398627,-0.08000000000000007,-0.5979073243647215,1.8684603886397606
2024-01-16,13.27,13.34,13.02,13.25,7894735.0,112704455.0,1178088321.0,0.006701309960613726,-0.05000000000000071,-0.3759398496240629,2.406015037593987
2024-01-17,13.17,13.44,12.65,12.66,9582374.0,134053235.0,1178088321.0,0.00813383328668106,-0.5899999999999999,-4.452830188679247,5.96226415094339
2024-01-18,12.61,12.92,12.41,12.88,10605485.0,144659743.0,1178088321.0,0.009002283454433805,0.22000000000000064,1.7377567140600458,4.028436018957344
2024-01-19,12.84,12.97,12.55,12.56,6146300.0,84671713.0,1178088321.0,0.005217180996058783,-0.3200000000000003,-2.4844720496894457,3.2608695652173907
2024-01-22,12.59,12.64,11.8,11.84,10467066.0,138303926.0,1178088321.0,0.008884788868049562,-0.7200000000000006,-5.732484076433131,6.6878980891719735
2024-01-23,11.84,12.46,11.75,12.34,10639462.0,139874184.0,1178088321.0,0.009031124246244013,0.5,4.222972972972983,5.996621621621629
2024-01-24,12.34,12.53,11.85,12.28,8622100.0,113518032.0,1178088321.0,0.007318721225146582,-0.0600000000000005,-0.4862236628849326,5.510534846029171
2024-01-25,12.37,12.72,12.29,12.65,6868000.0,93238758.0,1178088321.0,0.0058297836228188874,0.370000000000001,3.0130293159609245,3.5016286644951267
2024-01-26,12.66,12.78,12.19,12.29,8294826.0,112007499.0,1178088321.0,0.0070409203216267174,-0.3600000000000012,-2.8458498023715473,4.6640316205533585
2024-01-29,12.15,12.34,11.88,11.96,8787316.0,114622915.0,1178088321.0,0.007458961983886775,-0.3299999999999983,-2.6851098454027555,3.7428803905614245
2024-01-30,11.9,12.1,11.73,11.75,6770987.0,87120328.0,1178088321.0,0.005747435807064587,-0.21000000000000085,-1.755852842809369,3.093645484949826
2024-01-31,11.64,11.73,11.13,11.23,11253923.0,138596953.0,1178088321.0,0.009552698893107862,-0.5199999999999996,-4.42553191489361,5.106382978723401
2024-02-01,11.23,11.36,11.01,11.07,11638560.0,140750781.0,1178088321.0,0.00987919139213672,-0.16000000000000014,-1.4247551202137165,3.1166518254674944
2024-02-02,11.03,11.13,10.26,10.62,13697746.0,159908360.0,1178088321.0,0.011627095995971596,-0.45000000000000107,-4.065040650406515,7.859078590785917
2024-02-05,10.64,10.7,9.85,10.2,17566682.0,194804084.0,1178088321.0,0.014911175747068628,-0.41999999999999993,-3.9548022598870025,8.003766478342747
2024-02-06,10.16,11.22,10.05,11.22,15623855.0,182861039.0,1178088321.0,0.013262040478202822,1.0200000000000014,10.000000000000009,11.470588235294118
2024-02-07,11.72,12.34,11.44,12.34,21931055.0,288583195.0,1178088321.0,0.0186157986706669,1.1199999999999992,9.982174688057043,8.021390374331554
2024-02-08,12.88,13.34,12.44,12.47,33016608.0,460237713.0,1178088321.0,0.02802557958640522,0.13000000000000078,1.0534846029173428,7.2933549432739095
2024-02-19,12.89,12.89,12.3,12.57,20843031.0,283835232.0,1178088321.0,0.017692248219817467,0.09999999999999964,0.801924619085792,4.731355252606254
2024-02-20,12.35,12.95,12.29,12.68,16727756.0,229674187.0,1178088321.0,0.014199067847307859,0.10999999999999943,0.8750994431185211,5.250596658711218
2024-02-21,12.38,12.86,12.23,12.58,16522130.0,225318184.0,1178088321.0,0.014024525755399624,-0.09999999999999964,-0.7886435331230235,4.968454258675071
2024-02-22,12.47,12.67,12.47,12.64,10182106.0,138618897.0,1178088321.0,0.00864290547533575,0.0600000000000005,0.4769475357710773,1.5898251192368782
2024-02-23,12.6,12.6,12.24,12.55,14853591.0,199689153.0,1178088321.0,0.012608215135679968,-0.08999999999999986,-0.7120253164557,2.84810126582278
2024-02-26,12.53,12.83,12.39,12.59,14652890.0,199932617.0,1178088321.0,0.012437853545277612,0.03999999999999915,0.31872509960158,3.505976095617526
2024-02-27,12.59,12.73,12.47,12.73,14343034.0,195139849.0,1178088321.0,0.012174837611347477,0.14000000000000057,1.1119936457506086,2.0651310563939616
2024-02-28,12.8,13.17,12.48,12.49,23756212.0,331955446.0,1178088321.0,0.020165051784771917,-0.2400000000000002,-1.8853102906520092,5.420267085624505
2024-02-29,12.4,13.03,12.4,12.92,26753780.0,369689563.0,1178088321.0,0.022709485802635335,0.4299999999999997,3.4427542033626857,5.044035228182539
2024-03-01,12.96,13.08,12.71,12.95,17131275.0,239162136.0,1178088321.0,0.014541588007135502,0.02999999999999936,0.23219814241486336,2.8637770897832757
2024-03-04,12.9,13.44,12.84,13.09,21163244.0,299896289.0,1178088321.0,0.01796405551498545,0.14000000000000057,1.0810810810810922,4.633204633204631
2024-03-05,12.96,13.05,12.78,12.83,15094441.0,210370050.0,1178088321.0,0.012812656513891373,-0.2599999999999998,-1.9862490450725745,2.0626432391138376
2024-03-06,12.89,12.98,12.64,12.83,12400456.0,171991061.0,1178088321.0,0.010525913701847148,0.0,0.0,2.6500389711613397
2024-03-07,12.71,12.86,12.48,12.49,11857954.0,162624355.0,1178088321.0,0.01006542021393997,-0.33999999999999986,-2.6500389711613392,2.9618082618861967
2024-03-08,12.44,12.64,11.96,12.26,21869303.0,289126075.0,1178088321.0,0.018563381548029115,-0.23000000000000043,-1.8414731785428406,5.444355484387508
2024-03-11,12.22,12.62,12.12,12.6,20824961.0,278224341.0,1178088321.0,0.017676909811246658,0.33999999999999986,2.7732463295269127,4.078303425774878
2024-03-12,12.56,12.91,12.55,12.76,17692403.0,244028200.0,1178088321.0,0.015017891854646439,0.16000000000000014,1.2698412698412653,2.8571428571428523
2024-03-13,12.76,12.83,12.55,12.7,12298135.0,168580582.0,1178088321.0,0.010439060281627222,-0.0600000000000005,-0.4702194357366851,2.194357366771155
2024-03-14,13.0,13.14,12.68,12.77,21834523.0,304039853.0,1178088321.0,0.018533859143486067,0.07000000000000028,0.5511811023622082,3.622047244094495
2024-03-15,12.71,12.97,12.59,12.81,13319248.0,184073538.0,1178088321.0,0.011305814481459408,0.040000000000000924,0.3132341425215346,2.9757243539545875
2024-03-18,12.78,12.84,12.59,12.83,16170046.0,223058863.0,1178088321.0,0.013725665310283642,0.019999999999999574,0.15612802498048417,1.9516003122560501
2024-03-19,12.82,12.83,12.53,12.53,14393076.0,197368826.0,1178088321.0,0.01221731490197839,-0.3000000000000007,-2.3382696804364778,2.3382696804364826
2024-03-20,12.52,12.66,12.36,12.63,11828882.0,160297318.0,1178088321.0,0.01004074294697978,0.10000000000000142,0.7980845969672856,2.3942537909018413
2024-03-21,12.66,12.7,12.47,12.48,11202925.0,152471949.0,1178088321.0,0.009509410118326773,-0.15000000000000036,-1.187648456057011,1.8210609659540669
2024-03-22,12.48,12.5,12.04,12.1,14113745.0,186219929.0,1178088321.0,0.011980209589056778,-0.3800000000000008,-3.0448717948718063,3.685897435897443
2024-03-25,12.06,12.24,11.79,11.8,10598736.0,137638239.0,1178088321.0,0.008996554681913361,-0.29999999999999893,-2.4793388429751984,3.719008264462819
2024-03-26,11.72,11.85,11.51,11.6,15147136.0,190374549.0,1178088321.0,0.012857385757922304,-0.20000000000000107,-1.6949152542372947,2.8813559322033884
2024-03-27,11.57,11.72,11.3,11.33,11532201.0,143868730.0,1178088321.0,0.009788910385098368,-0.2699999999999996,-2.327586206896548,3.6206896551724133
2024-03-28,11.43,11.74,11.41,11.5,14333181.0,179454883.0,1178088321.0,0.012166474061837339,0.16999999999999993,1.5004413062665423,2.9126213592233015
2024-03-29,11.53,11.6,11.44,11.6,7953107.0,99227527.0,1178088321.0,0.0067508580284109275,0.09999999999999964,0.8695652173912993,1.3913043478260883
2024-04-01,11.64,11.93,11.63,11.88,11362936.0,144935166.0,1178088321.0,0.009645232702379027,0.28000000000000114,2.413793103448292,2.586206896551715
2024-04-02,11.83,12.08,11.73,12.04,12827286.0,165094461.0,1178088321.0,0.010888221002914093,0.15999999999999837,1.3468013468013407,2.946127946127943
2024-04-03,11.91,12.1,11.84,11.86,11110066.0,143560262.0,1178088321.0,0.009430588353994896,-0.17999999999999972,-1.4950166112956742,2.1594684385382044
2024-04-08,11.84,11.84,11.46,11.46,10719175.0,134263769.0,1178088321.0,0.009098787254678166,-0.3999999999999986,-3.3726812816188723,3.2040472175379344
2024-04-09,11.42,11.77,11.38,11.75,9246870.0,115884324.0,1178088321.0,0.007849046489274212,0.28999999999999915,2.530541012216392,3.4031413612565333
2024-04-10,11.9,12.34,11.87,12.29,34351257.0,451887787.0,1178088321.0,0.029158473424846048,0.5399999999999991,4.595744680851066,4.000000000000005
2024-04-11,12.1,12.49,12.04,12.23,22720180.0,302019302.0,1178088321.0,0.01928563384849989,-0.05999999999999872,-0.4882017900732172,3.6615134255492356
2024-04-12,12.15,12.32,11.76,11.87,19783662.0,255911311.0,1178088321.0,0.016793021072653517,-0.3600000000000012,-2.9435813573180813,4.578904333605891
2024-04-15,11.87,12.25,11.82,12.02,17511419.0,228179347.0,1178088321.0,0.014864266700425087,0.15000000000000036,1.263689974726212,3.622577927548439
2024-04-16,11.97,12.28,11.9,11.92,22037602.0,288313719.0,1178088321.0,0.01870623925827035,-0.09999999999999964,-0.8319467554076532,3.1613976705490767
2024-04-17,11.88,12.01,11.7,12.01,21814938.0,280094455.0,1178088321.0,0.01851723475323375,0.08999999999999986,0.7550335570469802,2.6006711409396015
2024-04-18,11.89,12.18,11.78,11.92,16883669.0,219413233.0,1178088321.0,0.014331411914574103,-0.08999999999999986,-0.7493755203996644,3.3305578684429675
2024-04-19,11.83,11.86,11.54,11.73,14730572.0,186173380.0,1178088321.0,0.012503792574309036,-0.1899999999999995,-1.593959731543615,2.684563758389264
2024-04-22,11.72,12.14,11.7,12.06,16632312.0,216458504.0,1178088321.0,0.01411805185020589,0.33000000000000007,2.813299232736566,3.7510656436487744
2024-04-23,12.06,12.53,12.01,12.5,21835858.0,290322475.0,1178088321.0,0.01853499233526482,0.4399999999999995,3.6484245439469376,4.311774461028189
2024-04-24,12.44,12.52,12.23,12.47,13041343.0,174540061.0,1178088321.0,0.011069919604100718,-0.02999999999999936,-0.23999999999999577,2.319999999999993
2024-04-25,12.45,12.75,12.38,12.57,12858768.0,175625588.0,1178088321.0,0.010914943956905588,0.09999999999999964,0.801924619085792,2.967121090617476
2024-04-26,12.47,12.63,12.4,12.6,14075796.0,190837485.0,1178088321.0,0.011947997233392486,0.02999999999999936,0.23866348448686736,1.8297533810660336
2024-04-29,12.6,13.03,12.53,12.86,19612815.0,271176961.0,1178088321.0,0.016648000536455536,0.2599999999999998,2.063492063492056,3.968253968253968
2024-04-30,12.82,13.22,12.68,13.04,16804977.0,236141594.0,1178088321.0,0.014264615564421676,0.17999999999999972,1.3996889580093264,4.199066874028001
2024-05-06,13.49,13.79,13.17,13.72,27471671.0,402627411.0,1178088321.0,0.02331885522528663,0.6800000000000015,5.214723926380382,4.754601226993859
2024-05-07,13.68,14.0,13.51,13.82,22836395.0,339894421.0,1178088321.0,0.019384280951546755,0.09999999999999964,0.7288629737609353,3.5714285714285725
2024-05-08,13.72,14.86,13.65,14.47,44548761.0,684784625.0,1178088321.0,0.03781444922752952,0.6500000000000004,4.703328509406668,8.755426917510848
2024-05-09,14.12,14.68,13.95,14.42,39790982.0,619721576.0,1178088321.0,0.033775890390139944,-0.05000000000000071,-0.3455425017277136,5.044920525224605
2024-05-10,14.37,14.68,14.16,14.45,26027682.0,407994926.0,1178088321.0,0.0220931500092513,0.02999999999999936,0.20804438280166426,3.606102635228846
2024-05-13,14.42,14.85,14.15,14.18,22776987.0,354042141.0,1178088321.0,0.019333853492975932,-0.2699999999999996,-1.868512110726639,4.8442906574394415
2024-05-14,14.18,14.58,14.0,14.52,18789627.0,292744543.0,1178088321.0,0.015949251567192135,0.33999999999999986,2.3977433004231274,4.090267983074754
2024-05-15,14.42,14.92,14.23,14.59,16118200.0,254365088.0,1178088321.0,0.013681656725294028,0.07000000000000028,0.4820936639118534,4.752066115702476
2024-05-16,14.53,14.92,14.51,14.63,16182560.0,257818738.0,1178088321.0,0.013736287603856145,0.040000000000000924,0.274160383824551,2.810143934201509
2024-05-17,14.7,14.71,14.23,14.37,14339216.0,222930616.0,1178088321.0,0.012171596767743528,-0.26000000000000156,-1.7771701982228438,3.2809295967190732
2024-05-20,14.23,14.55,14.23,14.47,10011484.0,156512046.0,1178088321.0,0.008498075926516208,0.10000000000000142,0.695894224077942,2.226861517049411
2024-05-21,14.46,14.6,14.28,14.57,8995903.0,140839690.0,1178088321.0,0.007636017469695297,0.09999999999999964,0.6910850034554272,2.2114720110573622
2024-05-22,14.53,14.69,14.42,14.51,6971023.0,109854025.0,1178088321.0,0.00591723292365955,-0.0600000000000005,-0.41180507892930596,1.8531228551818775
2024-05-23,14.6,14.6,14.12,14.17,8724170.0,132155789.0,1178088321.0,0.007405361588335447,-0.33999999999999986,-2.3432115782219154,3.3080634045485904
2024-05-24,14.28,14.41,14.06,14.1,9149147.0,137827496.0,1178088321.0,0.007766096002236831,-0.07000000000000028,-0.49400141143260967,2.4700070571630177
2024-05-27,14.15,14.23,13.78,14.14,11524260.0,170968761.0,1178088321.0,0.009782169803888583,0.040000000000000924,0.28368794326241176,3.191489361702135
2024-05-28,14.03,14.21,13.86,13.91,9095932.0,134978761.0,1178088321.0,0.007720925365153501,-0.23000000000000043,-1.6265912305516328,2.475247524752485
2024-05-29,13.88,13.97,13.68,13.76,9398274.0,137555256.0,1178088321.0,0.007977563169476494,-0.15000000000000036,-1.0783608914450071,2.0848310567936803
2024-05-30,13.7,13.91,13.62,13.76,6259743.0,91176838.0,1178088321.0,0.005313475134603257,0.0,0.0,2.107558139534891
2024-05-31,13.76,14.01,13.68,13.71,4769842.0,69636150.0,1178088321.0,0.004048798307372406,-0.049999999999998934,-0.3633720930232509,2.398255813953489
2024-06-03,13.73,13.87,13.52,13.59,6878104.0,99543378.0,1168888405.0,0.005884311941651949,-0.120000000000001,-0.875273522975939,2.5528811086797933
2024-06-04,13.59,14.08,13.57,14.03,10034900.0,147626558.0,1168888405.0,0.008584994048255617,0.4399999999999995,3.2376747608535705,3.752759381898453
2024-06-05,14.03,14.18,13.88,13.88,5798568.0,86383619.0,1168888405.0,0.004960754144874934,-0.14999999999999858,-1.0691375623663513,2.138275124732708
2024-06-06,14.02,14.03,13.65,13.7,7972111.0,116619209.0,1168888405.0,0.006820249876633861,-0.1800000000000015,-1.2968299711815678,2.737752161383278
2024-06-07,13.72,13.87,13.68,13.78,7096458.0,103517811.0,1168888405.0,0.006071116771835888,0.08000000000000007,0.5839416058394109,1.3868613138686097
2024-06-11,13.5,13.86,13.38,13.83,6822580.0,98911282.0,1168888405.0,0.005836810401075028,0.05000000000000071,0.36284470246734646,3.4833091436864922
2024-06-12,13.75,13.93,13.52,13.65,10221000.0,148228739.0,1168888405.0,0.008744205140780741,-0.17999999999999972,-1.3015184381778733,2.9645697758496032
2024-06-13,13.59,13.66,13.41,13.46,8264056.0,118255771.0,1168888405.0,0.007070012812728688,-0.1899999999999995,-1.391941391941387,1.8315018315018317
2024-06-14,13.45,13.63,13.33,13.58,7865836.0,112511642.0,1168888405.0,0.006729330162189435,0.11999999999999922,0.8915304606240682,2.2288261515601837
2024-06-17,13.46,13.8,13.44,13.74,6495324.0,94249861.0,1168888405.0,0.00555683842205621,0.16000000000000014,1.178203240058906,2.6509572901325567
2024-06-18,13.8,13.82,13.6,13.79,8771966.0,127645341.0,1168888405.0,0.007504536756868591,0.049999999999998934,0.363901018922852,1.6011644832605576
2024-06-19,13.67,13.85,13.51,13.53,4576447.0,66001376.0,1168888405.0,0.003915212932581019,-0.2599999999999998,-1.8854242204496052,2.465554749818708
2024-06-20,13.57,13.72,13.23,13.24,5589803.0,79409975.0,1168888405.0,0.0047821528351973,-0.28999999999999915,-2.143385070214332,3.6215816703621595
2024-06-21,13.19,13.48,13.12,13.3,5996500.0,84476916.0,1168888405.0,0.005130087675050554,0.0600000000000005,0.45317220543807935,2.7190332326284077
2024-06-24,13.29,13.29,12.75,13.0,10555647.0,145344764.0,1168888405.0,0.00903050022127647,-0.3000000000000007,-2.2556390977443663,4.060150375939843
2024-06-25,13.01,13.1,12.74,12.79,5283100.0,72261916.0,1168888405.0,0.004519764228476541,-0.21000000000000085,-1.6153846153846185,2.7692307692307647
2024-06-26,12.81,13.14,12.81,13.12,3891500.0,53529240.0,1168888405.0,0.0033292314162360094,0.33000000000000007,2.580140734949188,2.58014073494918
2024-06-27,13.11,13.11,12.75,12.79,4023288.0,54812225.0,1168888405.0,0.003441977850742732,-0.33000000000000007,-2.515243902439024,2.743902439024386
2024-06-28,12.79,13.01,12.74,12.79,5559200.0,75997550.0,1168888405.0,0.0047559715505946865,0.0,0.0,2.111024237685689
2024-07-01,12.79,13.12,12.61,12.92,7455300.0,101766996.0,1168863405.0,0.006378247422332467,0.13000000000000078,1.016419077404218,3.987490226739639
2024-07-02,12.95,12.96,12.67,12.75,4708796.0,63800229.0,1168863405.0,0.004028525471716689,-0.16999999999999993,-1.3157894736842146,2.2445820433436605
2024-07-03,12.7,12.79,12.41,12.49,5931097.0,78973224.0,1168863405.0,0.005074243042111495,-0.2599999999999998,-2.039215686274509,2.980392156862737
2024-07-04,12.54,12.63,12.16,12.2,4617914.0,60244342.0,1168863405.0,0.003950773016116456,-0.2900000000000009,-2.3218574859887986,3.7630104083266662
2024-07-05,12.21,12.68,12.16,12.63,7784480.0,102614461.0,1168863405.0,0.006659871432966968,0.4300000000000015,3.524590163934449,4.26229508196721
2024-07-08,12.59,12.67,12.08,12.12,6998408.0,91020196.0,1168863405.0,0.005987361714006266,-0.5100000000000016,-4.038004750593838,4.671417260490894
2024-07-09,12.12,12.3,11.97,12.26,7672200.0,99012627.0,1168863405.0,0.006563812304483945,0.14000000000000057,1.1551155115511635,2.7227722772277234
2024-07-10,12.21,12.52,12.13,12.27,5794125.0,75802025.0,1168863405.0,0.0049570591184690226,0.009999999999999787,0.08156606851550396,3.1810766721043953
2024-07-11,12.45,12.79,12.37,12.78,6857032.0,92061054.0,1168863405.0,0.005866410027611396,0.5099999999999998,4.1564792176039145,3.4229828850855744
2024-07-12,12.76,12.89,12.65,12.76,4611921.0,62368622.0,1168863405.0,0.0039456458130794165,-0.019999999999999574,-0.15649452269169695,1.8779342723004713
2024-07-15,12.71,12.81,12.55,12.65,5899489.0,79409260.0,1168863405.0,0.00504720138791581,-0.10999999999999943,-0.8620689655172376,2.0376175548589326
2024-07-16,12.65,12.95,12.59,12.9,6641280.0,90016944.0,1168863405.0,0.005681827296150143,0.25,1.976284584980248,2.845849802371537
2024-07-17,12.93,13.17,12.83,13.04,7636700.0,105481681.0,1168863405.0,0.006533440919899447,0.1399999999999988,1.0852713178294504,2.635658914728681
2024-07-18,13.01,13.16,12.92,13.11,5359540.0,74203431.0,1168863405.0,0.004585257761577368,0.07000000000000028,0.5368098159509227,1.840490797546014
2024-07-19,13.06,13.29,13.02,13.17,5474848.0,76401972.0,1168863405.0,0.0046839074408356555,0.0600000000000005,0.4576659038901587,2.0594965675057177
2024-07-22,13.18,13.53,13.15,13.46,7585789.0,107565701.0,1168863405.0,0.006489884932277437,0.2900000000000009,2.2019741837509654,2.8853454821564086
2024-07-23,13.45,13.53,13.25,13.29,8361100.0,118831094.0,1168863405.0,0.007153188271815217,-0.1700000000000017,-1.2630014858841188,2.0802377414561612
2024-07-24,13.23,13.39,12.94,13.0,6226800.0,86959065.0,1168863405.0,0.005327226409316836,-0.28999999999999915,-2.1820917983446098,3.386004514672694
2024-07-25,12.96,13.18,12.85,13.16,6497600.0,89925045.0,1168863405.0,0.0055589044641191415,0.16000000000000014,1.2307692307692353,2.538461538461539
2024-07-26,13.13,13.34,13.08,13.26,4562600.0,64157194.0,1168863405.0,0.003903450121274008,0.09999999999999964,0.7598784194528863,1.9756838905775058
2024-07-29,13.24,13.26,12.88,12.98,5036971.0,69396409.0,1168863405.0,0.004309289672731263,-0.27999999999999936,-2.111613876319751,2.8657616892910935
2024-07-30,12.96,13.1,12.76,12.83,4448042.0,60748329.0,1168863405.0,0.0038054420909858153,-0.15000000000000036,-1.1556240369799742,2.6194144838212625
2024-07-31,12.8,13.62,12.72,13.56,9061117.0,127960117.0,1168863405.0,0.0077520751879472174,0.7300000000000004,5.689789555728764,7.0148090413094195
2024-08-01,13.53,13.82,13.41,13.79,7344500.0,106520512.0,1168863405.0,0.00628345448115043,0.22999999999999865,1.6961651917404064,3.0235988200589983
2024-08-02,13.72,14.13,13.67,13.94,8220073.0,121952991.0,1168863405.0,0.0070325351660744315,0.15000000000000036,1.087744742567076,3.3357505438723773
2024-08-05,13.93,14.4,13.87,13.98,12637564.0,189921226.0,1168863405.0,0.010811839900146416,0.040000000000000924,0.2869440459110528,3.8020086083213855
2024-08-06,14.06,14.58,14.01,14.54,12382391.0,189089210.0,1168863405.0,0.01059353124328501,0.5599999999999987,4.005722460658068,4.077253218884122
2024-08-07,14.51,14.52,14.21,14.25,10934839.0,166567619.0,1168863405.0,0.009355104243339709,-0.28999999999999915,-1.9944979367262694,2.132049518569455
2024-08-08,14.24,14.66,14.17,14.58,11593798.0,178372718.0,1168863405.0,0.009918864728252827,0.33000000000000007,2.3157894736842044,3.4385964912280715
2024-08-09,14.52,14.63,14.02,14.05,15289100.0,230953071.0,1168863405.0,0.013080313691572884,-0.5299999999999994,-3.6351165980795574,4.183813443072711
2024-08-12,14.11,14.5,13.99,14.3,11607444.0,176710754.0,1168863405.0,0.009930539317380716,0.25,1.7793594306049876,3.6298932384341622
2024-08-13,14.29,14.37,14.06,14.2,6671244.0,100536591.0,1168863405.0,0.005707462455803379,-0.10000000000000142,-0.6993006993007089,2.1678321678321586
2024-08-14,14.22,14.28,14.07,14.17,5123300.0,77096227.0,1168863405.0,0.004383146891317039,-0.02999999999999936,-0.21126760563380254,1.4788732394366133
2024-08-15,14.15,14.28,13.96,14.02,8567748.0,127927474.0,1168863405.0,0.007329982240311476,-0.15000000000000036,-1.0585744530698715,2.2582921665490368
2024-08-16,14.44,14.76,14.11,14.68,18684066.0,286954242.0,1168863405.0,0.01598481560811633,0.6600000000000001,4.707560627674745,4.636233951497863
2024-08-19,14.84,15.07,14.57,14.61,17456090.0,273107416.0,1168863405.0,0.014934242893847805,-0.07000000000000028,-0.476839237057225,3.4059945504087197
2024-08-20,14.61,14.61,14.02,14.08,10204398.0,153526454.0,1168863405.0,0.008730188622852813,-0.5299999999999994,-3.6276522929500343,4.038329911019849
2024-08-21,14.13,14.33,13.98,14.07,7151573.0,107398348.0,1168863405.0,0.0061183992666790695,-0.009999999999999787,-0.07102272727272929,2.485795454545452
2024-08-22,14.14,14.17,13.85,14.02,6363236.0,94513149.0,1168863405.0,0.00544395176782868,-0.05000000000000071,-0.3553660270078196,2.2743425728500375
2024-08-23,14.0,14.11,13.86,13.99,6127483.0,90818799.0,1168863405.0,0.005242257541632934,-0.02999999999999936,-0.21398002853066922,1.783166904422254
2024-08-26,13.69,14.18,13.62,14.03,7224423.0,106691903.0,1168863405.0,0.006180724769974298,0.03999999999999915,0.2859185132237263,4.002859185132241
2024-08-27,13.97,14.12,13.86,13.97,4698423.0,69647509.0,1168863405.0,0.004019651038694294,-0.05999999999999872,-0.4276550249465383,1.8531717747683523
2024-08-28,13.9,14.21,13.9,14.07,4031197.0,60224769.0,1168863405.0,0.003448817871066808,0.09999999999999964,0.7158196134574135,2.2190408017179704
2024-08-29,14.02,14.24,13.91,13.96,6754194.0,100505606.0,1168863405.0,0.005778428831895888,-0.10999999999999943,-0.7818052594172009,2.3454157782515996
2024-08-30,13.95,14.28,13.92,14.01,8082044.0,120875489.0,1168863405.0,0.006914446945150105,0.049999999999998934,0.3581661891117305,2.5787965616045803
2024-09-02,13.95,14.29,13.84,14.1,8744381.0,130904545.0,1168863405.0,0.007481097417024533,0.08999999999999986,0.6423982869379063,3.2119914346895024
2024-09-03,14.23,14.63,14.01,14.39,10122313.0,154966647.0,1168863405.0,0.008659962281905815,0.2900000000000009,2.0567375886524797,4.397163120567383
2024-09-04,14.3,14.91,14.15,14.57,9962346.0,155187241.0,1168863405.0,0.008523105400840229,0.17999999999999972,1.2508686587908269,5.2814454482279345
2024-09-05,14.61,14.78,14.51,14.66,4831983.0,75214760.0,1168863405.0,0.004133915887288815,0.08999999999999986,0.61770761839397,1.8531228551818775
2024-09-06,14.66,14.74,14.27,14.3,3919598.0,60131206.0,1168863405.0,0.00335334135984863,-0.35999999999999943,-2.4556616643929052,3.206002728512965
2024-09-09,14.29,14.51,14.26,14.32,5206010.0,79281605.0,1168863405.0,0.004453907939739118,0.019999999999999574,0.13986013986013734,1.7482517482517481
2024-09-10,14.3,14.38,13.85,14.1,8065955.0,119685379.0,1168863405.0,0.006900682291443627,-0.22000000000000064,-1.5363128491620137,3.701117318435762
2024-09-11,14.03,14.28,13.97,14.12,4375100.0,65613464.0,1168863405.0,0.0037430378787502547,0.019999999999999574,0.14184397163119478,2.198581560283679
2024-09-12,14.21,14.26,13.94,14.0,4580052.0,68306602.0,1168863405.0,0.003918380865042139,-0.11999999999999922,-0.8498583569405027,2.266288951841362
2024-09-13,14.0,14.05,13.78,13.79,4573410.0,67359405.0,1168863405.0,0.003912698421762978,-0.21000000000000085,-1.5000000000000013,1.9285714285714382
2024-09-18,13.79,13.95,13.7,13.88,5127151.0,75219688.0,1168863405.0,0.004386441544895488,0.09000000000000163,0.6526468455402501,1.8129079042784628
2024-09-19,14.04,14.05,13.71,13.77,5192760.0,76100029.0,1168863405.0,0.004442572141267439,-0.11000000000000121,-0.7925072046109594,2.4495677233429385
2024-09-20,13.76,13.79,13.42,13.59,4434966.0,63746693.0,1168863405.0,0.003794255155075199,-0.17999999999999972,-1.3071895424836555,2.687000726216407
2024-09-23,13.7,13.81,13.31,13.36,6506200.0,93216675.0,1168863405.0,0.005566262038976231,-0.23000000000000043,-1.692420897718916,3.679175864606328
2024-09-24,13.51,13.62,13.11,13.62,9875500.0,140620936.0,1168863405.0,0.008448805872231067,0.2599999999999998,1.9461077844311392,3.8173652694610767
2024-09-25,13.75,13.95,13.5,13.55,10708800.0,156139932.0,1168863405.0,0.009161720654604633,-0.06999999999999851,-0.513950073421432,3.303964757709246
2024-09-26,13.49,13.9,13.27,13.89,13113593.0,188375329.0,1168863405.0,0.011219097923593562,0.33999999999999986,2.5092250922509107,4.64944649446495
2024-09-27,14.1,15.18,14.07,14.88,17195184.0,266803136.0,1168863405.0,0.014711029472258993,0.9900000000000002,7.127429805615559,7.991360691144704
2024-09-30,15.26,16.34,15.23,16.26,22757219.0,382414022.0,1168863405.0,0.019469528178102213,1.3800000000000008,9.2741935483871,7.4596774193548345
2024-10-08,17.88,17.88,16.03,17.04,27170955.0,491154422.0,1168863405.0,0.023245620389663924,0.7799999999999976,4.797047970479684,11.377613776137748
2024-10-09,16.98,17.36,16.22,16.38,20825186.0,370907401.0,1168863405.0,0.017816612198582778,-0.6600000000000001,-3.8732394366197243,6.6901408450704265
2024-10-10,16.38,17.06,16.26,16.77,18992298.0,337466159.0,1168863405.0,0.0162485179352501,0.39000000000000057,2.3809523809523947,4.884004884004867
2024-10-11,16.7,16.74,15.45,15.69,16197769.0,273189072.0,1168863405.0,0.013857709062249236,-1.08,-6.440071556350624,7.692307692307687
2024-10-14,15.66,15.84,15.07,15.62,15975291.0,262592444.0,1168863405.0,0.013667372022824172,-0.07000000000000028,-0.44614404079031944,4.907584448693433
2024-10-15,15.62,15.82,15.42,15.44,8594900.0,142282626.0,1168863405.0,0.007353211644092836,-0.17999999999999972,-1.1523687580025643,2.5608194622279155
2024-10-16,15.27,15.65,15.18,15.32,7320103.0,119464448.0,1168863405.0,0.00626258206791922,-0.11999999999999922,-0.7772020725388518,3.0440414507772062
2024-10-17,15.38,15.58,15.24,15.24,6882000.0,112463737.0,1168863405.0,0.005887770949591839,-0.08000000000000007,-0.5221932114882533,2.219321148825064
2024-10-18,14.8,15.43,14.28,15.1,35122621.0,550807363.0,1168863405.0,0.03004852478891663,-0.14000000000000057,-0.9186351706036766,7.545931758530186
2024-10-21,15.14,15.27,14.71,14.91,26599844.0,422132691.0,1168863405.0,0.022757016676384013,-0.1899999999999995,-1.2582781456953573,3.70860927152317
2024-10-22,14.91,15.23,14.82,15.1,19245803.0,307582726.0,1168863405.0,0.016465399564802013,0.1899999999999995,1.2743125419181656,2.749832327297117
2024-10-23,15.24,15.42,15.07,15.32,23361591.0,378240573.0,1168863405.0,0.0199865877399079,0.22000000000000064,1.4569536423841178,2.3178807947019844
2024-10-24,15.36,15.61,15.31,15.31,22421869.0,366862974.0,1168863405.0,0.01918262553527373,-0.009999999999999787,-0.06527415143603443,1.958224543080933
2024-10-25,15.32,15.64,14.94,15.54,22757106.0,370277774.0,1168863405.0,0.01946943150299072,0.22999999999999865,1.5022860875244959,4.572175048987597
2024-10-28,15.6,15.93,15.44,15.93,21208642.0,353154002.0,1168863405.0,0.018144671061885113,0.39000000000000057,2.5096525096525157,3.153153153153155
2024-10-29,16.05,16.2,15.6,15.62,20144614.0,338061751.0,1168863405.0,0.01723436110141544,-0.3100000000000005,-1.9460138104205882,3.7664783427495268
2024-10-30,15.5,15.7,15.23,15.4,12875199.0,210684738.0,1168863405.0,0.011015144237491122,-0.21999999999999886,-1.4084507042253502,3.0089628681177905
2024-10-31,15.3,15.43,15.13,15.22,14185257.0,229674343.0,1168863405.0,0.012135940726110765,-0.17999999999999972,-1.1688311688311637,1.9480519480519412
2024-11-01,15.17,15.36,15.01,15.18,12026948.0,194051421.0,1168863405.0,0.010289438396781701,-0.040000000000000924,-0.26281208935611255,2.299605781865963
2024-11-04,15.18,15.53,15.13,15.35,13678376.0,221600805.0,1168863405.0,0.011702287830629791,0.16999999999999993,1.1198945981554687,2.6350461133069736
2024-11-05,15.28,15.53,15.16,15.49,18495026.0,302273393.0,1168863405.0,0.015823085846373982,0.14000000000000057,0.9120521172638396,2.4104234527687245
2024-11-06,15.52,16.08,15.38,15.73,23685693.0,395352300.0,1168863405.0,0.020263867359248875,0.2400000000000002,1.5493867010974771,4.519044544867641
2024-11-07,15.57,16.12,15.56,16.03,16832027.0,284364490.0,1168863405.0,0.014400337052215268,0.3000000000000007,1.9071837253655577,3.560076287349018
2024-11-08,16.12,16.26,15.74,15.83,19721190.0,332205818.0,1168863405.0,0.016872108336730758,-0.20000000000000107,-1.2476606363069354,3.243917654398012
2024-11-11,15.73,16.01,15.62,16.0,14827941.0,249177430.0,1168863405.0,0.012685777428372822,0.16999999999999993,1.073910296904601,2.4636765634870645
2024-11-12,16.08,16.52,15.96,16.15,21525245.0,371616278.0,1168863405.0,0.0184155350470571,0.14999999999999858,0.9374999999999911,3.499999999999992
2024-11-13,16.17,16.26,15.76,15.98,12439551.0,210760053.0,1168863405.0,0.010642433450125851,-0.16999999999999815,-1.0526315789473606,3.0959752321981537
2024-11-14,15.9,16.1,15.66,15.71,9945281.0,167411408.0,1168863405.0,0.008508505747940667,-0.2699999999999996,-1.689612015018771,2.753441802252824
2024-11-15,15.68,15.77,15.34,15.39,10731247.0,177503615.0,1168863405.0,0.009180924780513596,-0.3200000000000003,-2.0369191597708447,2.737110120942073
2024-11-18,15.39,15.52,15.07,15.19,10124069.0,164339479.0,1168863405.0,0.008661464596027797,-0.20000000000000107,-1.299545159194293,2.9239766081871297
2024-11-19,15.1,15.36,15.06,15.31,6917849.0,111864398.0,1168863405.0,0.00591844091483042,0.120000000000001,0.7899934167215239,1.9749835418038115
2024-11-20,15.32,15.67,15.27,15.53,10115800.0,166307853.0,1168863405.0,0.008654390202249508,0.21999999999999886,1.436969301110369,2.6126714565643394
2024-11-21,15.46,15.56,15.25,15.36,6195200.0,100931908.0,1168863405.0,0.005300191599376832,-0.16999999999999993,-1.0946555054732743,1.9961365099806858
2024-11-22,15.3,15.34,14.8,14.82,9865217.0,157460722.0,1168863405.0,0.008440008437085084,-0.5399999999999991,-3.515625,3.5156249999999947
2024-11-25,14.8,14.93,14.52,14.71,6703833.0,104547302.0,1168863405.0,0.0057353433868519476,-0.10999999999999943,-0.7422402159244279,2.7665317139001355
2024-11-26,14.61,14.95,14.44,14.48,8055610.0,124964100.0,1168863405.0,0.006891831813316116,-0.23000000000000043,-1.5635622025832796,3.46702923181509
2024-11-27,14.51,14.93,14.46,14.92,9070784.0,141313922.0,1168863405.0,0.007760345615405763,0.4399999999999995,3.038674033149169,3.2458563535911518
2024-11-28,14.94,15.43,14.9,15.23,13305098.0,215449548.0,1168863405.0,0.011382936571617623,0.3100000000000005,2.0777479892761352,3.5522788203753306
2024-11-29,15.23,15.76,15.2,15.67,18284693.0,300023548.0,1168863405.0,0.015643139242604655,0.4399999999999995,2.8890347997373667,3.676953381483916
2024-12-02,15.68,15.91,15.59,15.68,11907171.0,198559567.0,1168863405.0,0.010186965345193607,0.009999999999999787,0.06381620931716903,2.042118698149332
2024-12-03,15.68,15.84,15.59,15.68,10937860.0,182215309.0,1168863405.0,0.009357688805391251,0.0,0.0,1.594387755102041
2024-12-04,15.62,15.63,15.23,15.28,6983932.0,114225745.0,1168863405.0,0.005974977033351472,-0.40000000000000036,-2.5510204081632626,2.551020408163268
2024-12-05,15.24,15.27,15.01,15.18,5709599.0,91645044.0,1168863405.0,0.004884744424007354,-0.09999999999999964,-0.654450261780104,1.7015706806282709
2024-12-06,15.16,15.54,15.05,15.5,7249700.0,117995885.0,1168863405.0,0.0062023500513304205,0.3200000000000003,2.1080368906455815,3.227931488801044
2024-12-09,15.66,15.77,15.39,15.52,8739103.0,144371489.0,1168863405.0,0.007476581919338984,0.019999999999999574,0.1290322580645098,2.4516129032258
2024-12-10,15.79,15.88,15.45,15.51,8980155.0,149116954.0,1168863405.0,0.0076828096093914415,-0.009999999999999787,-0.06443298969072142,2.7706185567010406
2024-12-11,15.44,15.79,15.42,15.66,6610884.0,109733207.0,1168863405.0,0.005655822546690133,0.15000000000000036,0.9671179883945946,2.3855577047066356
2024-12-12,15.62,15.78,15.52,15.69,5910402.0,98185018.0,1168863405.0,0.005056537808196673,0.02999999999999936,0.19157088122605526,1.6602809706257968
2024-12-13,15.61,15.61,15.33,15.34,6582527.0,107770526.0,1168863405.0,0.0056315622268968205,-0.34999999999999964,-2.230720203951564,1.7845761631612451
2024-12-16,15.44,15.46,15.06,15.17,5517900.0,88923995.0,1168863405.0,0.004720739802783029,-0.16999999999999993,-1.1082138200782299,2.60756192959583
2024-12-17,15.14,15.17,14.91,15.01,4622155.0,73621446.0,1168863405.0,0.003954401327159352,-0.16000000000000014,-1.054713249835204,1.7139090309822005
2024-12-18,15.01,15.14,14.97,15.03,3177580.0,50747655.0,1168863405.0,0.0027185212458593483,0.019999999999999574,0.13324450366423157,1.1325782811459022
2024-12-19,14.94,15.07,14.73,15.07,5157854.0,81581246.0,1168863405.0,0.004412708942667257,0.040000000000000924,0.26613439787093185,2.26214238190286
2024-12-20,15.01,15.21,15.0,15.03,4104057.0,65760879.0,1168863405.0,0.003511151929681638,-0.040000000000000924,-0.2654280026542888,1.3934970139349756
2024-12-23,15.08,15.18,14.85,14.88,5562107.0,88412626.0,1168863405.0,0.00475856030414435,-0.14999999999999858,-0.9980039920159611,2.19560878243513
2024-12-24,14.88,15.2,14.87,15.15,5645026.0,90409431.0,1168863405.0,0.004829500158746094,0.2699999999999996,1.814516129032251,2.2177419354838714
2024-12-25,15.19,15.3,15.05,15.3,6449425.0,104039450.0,1168863405.0,0.0055176892119400385,0.15000000000000036,0.990099009900991,1.65016501650165
2024-12-26,15.24,15.26,14.94,15.0,6594879.0,105303985.0,1168863405.0,0.005642129757668305,-0.3000000000000007,-1.9607843137254943,2.0915032679738577
2024-12-27,14.99,15.18,14.85,15.02,5311879.0,84608401.0,1168863405.0,0.00454448225282577,0.019999999999999574,0.13333333333334085,2.2000000000000006
2024-12-30,15.03,15.55,15.02,15.46,11305783.0,183852481.0,1168863405.0,0.009672458690756941,0.4400000000000013,2.929427430093212,3.528628495339555
2024-12-31,15.45,15.64,15.24,15.33,8546942.0,139638612.0,1168888405.0,0.007312025650558147,-0.13000000000000078,-0.8408796895213455,2.5873221216041418
2025-01-02,15.19,15.4,14.59,14.67,9794154.0,155065064.0,1168888405.0,0.008379032556148934,-0.6600000000000001,-4.305283757338552,5.283757338551863
2025-01-03,15.07,15.32,14.82,14.85,15708208.0,251627431.0,1168888405.0,0.013438586551810308,0.17999999999999972,1.2269938650306678,3.408316291751875
2025-01-06,15.23,15.6,15.16,15.42,20556995.0,335219325.0,1168888405.0,0.01758679007513981,0.5700000000000003,3.838383838383841,2.9629629629629597
2025-01-07,15.37,15.37,14.44,14.73,18895206.0,293977440.0,1168888405.0,0.016165106882038066,-0.6899999999999995,-4.47470817120622,6.031128404669259
2025-01-08,14.63,14.81,14.31,14.41,12143600.0,187596194.0,1168888405.0,0.010389015707620096,-0.3200000000000003,-2.1724372029870986,3.3944331296673456
2025-01-09,14.41,14.74,14.17,14.48,8128199.0,125492972.0,1168888405.0,0.006953785293130699,0.07000000000000028,0.4857737682165242,3.9555863983344914
2025-01-10,14.41,14.51,14.15,14.16,6836424.0,103712251.0,1168888405.0,0.005848654132213759,-0.3200000000000003,-2.209944751381221,2.4861878453038635
2025-01-13,14.06,14.24,13.96,14.1,5824524.0,87064582.0,1168888405.0,0.004982959857489561,-0.0600000000000005,-0.4237288135593209,1.9774011299434981
2025-01-14,14.15,14.56,14.09,14.51,7829458.0,119046169.0,1168888405.0,0.006698208286187936,0.41000000000000014,2.907801418439715,3.3333333333333384
2025-01-15,14.51,14.54,14.25,14.36,5428216.0,82430588.0,1168888405.0,0.004643912949072329,-0.15000000000000036,-1.0337698139214369,1.998621640248099
2025-01-16,14.38,14.57,14.21,14.28,5011000.0,76395790.0,1168888405.0,0.004286978961006975,-0.08000000000000007,-0.5571030640668551,2.506963788300832
2025-01-17,14.21,14.36,14.15,14.31,3641510.0,55049579.0,1168888405.0,0.0031153615558364616,0.030000000000001137,0.21008403361344463,1.4705882352941113
2025-01-20,14.31,14.8,14.31,14.57,10379249.0,160770249.0,1168888405.0,0.008879589322301474,0.2599999999999998,1.8169112508735097,3.4241788958770107
2025-01-21,14.61,14.65,14.34,14.55,3860141.0,59254414.0,1168888405.0,0.0033024033633048144,-0.019999999999999574,-0.13726835964309458,2.1276595744680886
2025-01-22,14.44,14.52,14.27,14.44,3722015.0,56823241.0,1168888405.0,0.003184234683207419,-0.11000000000000121,-0.7560137457044758,1.7182130584192439
2025-01-23,14.54,14.63,14.38,14.39,5926117.0,91192840.0,1168888405.0,0.005069874056967825,-0.049999999999998934,-0.3462603878116255,1.7313019390581719
2025-01-24,14.33,14.44,14.06,14.19,9707005.0,146267352.0,1168888405.0,0.008304475396006688,-0.20000000000000107,-1.3898540653231484,2.640722724113961
2025-01-27,14.2,14.46,14.2,14.28,5999665.0,91167090.0,1168888405.0,0.005132795375791242,0.08999999999999986,0.634249471458781,1.832276250880913
2025-02-05,14.33,14.44,14.15,14.28,7005305.0,106061770.0,1168888405.0,0.0059931341349904145,0.0,0.0,2.030812324929966
2025-02-06,14.28,14.33,14.1,14.31,7601800.0,114639530.0,1168888405.0,0.006503443756891403,0.030000000000001137,0.21008403361344463,1.6106442577030842
2025-02-07,14.32,14.5,14.23,14.44,9396659.0,143452493.0,1168888405.0,0.008038970153014736,0.129999999999999,0.9084556254367548,1.8867924528301856
2025-02-10,14.45,14.74,14.44,14.62,9176879.0,142129393.0,1168888405.0,0.007850945360348579,0.17999999999999972,1.2465373961218829,2.077562326869811
2025-02-11,14.59,14.6,14.4,14.49,5930003.0,90945250.0,1168888405.0,0.005073198583058919,-0.129999999999999,-0.8891928864569021,1.3679890560875465
2025-02-12,14.49,14.51,14.27,14.39,7511762.0,114295559.0,1168888405.0,0.00642641501777922,-0.09999999999999964,-0.6901311249137287,1.656314699792962
2025-02-13,14.34,14.41,14.27,14.3,5299579.0,80565918.0,1168888405.0,0.004533862238115024,-0.08999999999999986,-0.6254343293954134,0.9728978457262026
2025-02-14,14.28,14.47,14.21,14.32,8361826.0,126953531.0,1168888405.0,0.007153656383476573,0.019999999999999574,0.13986013986013734,1.8181818181818168
2025-02-17,14.33,14.43,14.15,14.23,8039258.0,121753562.0,1168888405.0,0.006877695052505889,-0.08999999999999986,-0.6284916201117263,1.955307262569828
2025-02-18,14.24,14.28,13.98,14.02,8372409.0,125450769.0,1168888405.0,0.00716271028456305,-0.21000000000000085,-1.4757554462403455,2.108222066057617
2025-02-19,14.0,14.16,13.94,14.09,6791840.0,101205586.0,1168888405.0,0.005810511911100701,0.07000000000000028,0.4992867332382245,1.569186875891588
2025-02-20,14.32,14.58,14.27,14.34,12535714.0,191633296.0,1168888405.0,0.010724474591738293,0.25,1.7743080198722394,2.2001419446415933
2025-02-21,14.49,14.79,14.45,14.75,14180282.0,220590888.0,1168888405.0,0.01213142498406424,0.41000000000000014,2.8591352859135277,2.3709902370990226
2025-02-24,14.79,15.7,14.78,15.6,32348985.0,527859013.0,1168888405.0,0.027674998624013215,0.8499999999999996,5.762711864406778,6.23728813559322
2025-02-25,15.54,15.75,15.3,15.52,13024237.0,214298544.0,1168888405.0,0.011142412692510198,-0.08000000000000007,-0.512820512820511,2.88461538461538
2025-02-26,15.45,15.79,15.32,15.73,10816767.0,178830607.0,1168888405.0,0.009253891948735687,0.21000000000000085,1.3530927835051498,3.0283505154639103
2025-02-27,15.73,16.09,15.61,15.95,15716686.0,265346019.0,1168888405.0,0.01344583959663797,0.21999999999999886,1.3986013986013957,3.0514939605848723
2025-02-28,15.9,16.19,15.84,15.95,13758668.0,233626499.0,1168888405.0,0.011770728446912774,0.0,0.0,2.194357366771169
2025-03-03,15.96,16.39,15.93,16.14,13377875.0,230261338.0,1168888405.0,0.011444954832963717,0.19000000000000128,1.1912225705329238,2.8840125391849587
2025-03-04,16.03,16.58,15.98,16.53,15807474.0,274575026.0,1168888405.0,0.01352350997099676,0.39000000000000057,2.4163568773234223,3.717472118959095
2025-03-05,16.48,16.65,16.23,16.36,11402165.0,198173639.0,1168888405.0,0.009754707935527858,-0.1700000000000017,-1.0284331518451428,2.540834845735016
2025-03-06,16.32,16.36,15.94,16.12,14265393.0,243371337.0,1168888405.0,0.012204238607363036,-0.23999999999999844,-1.4669926650366705,2.5672371638141804
2025-03-07,16.09,16.17,15.95,16.09,6247179.0,106366567.0,1168888405.0,0.0053445469843633195,-0.030000000000001137,-0.18610421836229296,1.3647642679900893
2025-03-10,16.24,16.35,16.13,16.25,7684203.0,132453066.0,1168888405.0,0.006573940649193111,0.16000000000000014,0.9944064636420169,1.367308887507784
2025-03-11,15.49,15.65,14.62,14.65,40897966.0,641240621.0,1168888405.0,0.034988768666928474,-1.5999999999999996,-9.846153846153848,6.338461538461545
2025-03-12,14.65,14.71,14.36,14.4,25162491.0,385813927.0,1168888405.0,0.021526854824092466,-0.25,-1.7064846416382284,2.3890784982935247
2025-03-13,14.48,14.5,14.22,14.28,19190658.0,291629655.0,1168888405.0,0.016417870104546036,-0.120000000000001,-0.8333333333333415,1.94444444444444
2025-03-14,14.3,14.41,14.19,14.41,20272361.0,308151698.0,1168888405.0,0.01734328179942892,0.13000000000000078,0.9103641456582601,1.540616246498604
2025-03-17,14.45,14.47,14.29,14.37,19127030.0,291168557.0,1168888405.0,0.016363435481251094,-0.040000000000000924,-0.2775850104094424,1.2491325468424808
2025-03-18,14.43,14.47,14.33,14.44,21967485.0,335414676.0,1168888405.0,0.018793483540458254,0.07000000000000028,0.4871259568545616,0.9742519137091202
2025-03-19,14.4,14.47,14.34,14.43,12701140.0,194136023.0,1168888405.0,0.010865998794812239,-0.009999999999999787,-0.06925207756232066,0.9002770083102548
2025-03-20,14.43,14.44,14.31,14.32,12434617.0,189525806.0,1168888405.0,0.010637984727036453,-0.10999999999999943,-0.7623007623007605,0.9009009009008939
2025-03-21,14.31,14.37,14.2,14.21,10664317.0,161477244.0,1168888405.0,0.009123468890941733,-0.10999999999999943,-0.7681564245810013,1.1871508379888263
2025-03-24,14.21,14.24,13.95,14.09,13089614.0,195262122.0,1168888405.0,0.01119834360920023,-0.120000000000001,-0.8444757213230236,2.0408163265306185
2025-03-25,14.05,14.27,13.99,14.24,9300676.0,139658321.0,1168888405.0,0.007956855385181103,0.15000000000000036,1.0645848119233525,1.9872249822569152
2025-03-26,14.25,14.54,14.21,14.45,17929247.0,274242240.0,1168888405.0,0.015338715760466458,0.20999999999999908,1.4747191011235783,2.317415730337067
2025-03-27,14.34,14.51,14.23,14.45,12766579.0,195085758.0,1168888405.0,0.010921982753349324,0.0,0.0,1.9377162629757743
2025-03-28,14.47,14.59,14.36,14.37,11052752.0,169535613.0,1168888405.0,0.009455780340296899,-0.08000000000000007,-0.553633217993077,1.5916955017301067
2025-03-31,14.27,14.36,14.08,14.18,10474910.0,157704789.0,1168888405.0,0.008961428614735895,-0.1899999999999995,-1.3221990257480831,1.948503827418228
2025-04-01,14.18,14.69,14.17,14.55,21093867.0,325260242.0,1168888405.0,0.018046091405962746,0.370000000000001,2.609308885754591,3.6671368124118446
2025-04-02,14.45,14.61,14.4,14.42,8802000.0,135106345.0,1168888405.0,0.007530231254197444,-0.13000000000000078,-0.8934707903780148,1.4432989690721587
2025-04-03,14.32,14.55,14.27,14.51,9764171.0,149734426.0,1168888405.0,0.00835338169001685,0.08999999999999986,0.6241331484049928,1.9417475728155418
2025-04-07,13.68,14.01,13.06,13.06,18499285.0,262652899.0,1168888405.0,0.015826391057408084,-1.4499999999999993,-9.993108201240519,6.547208821502408
2025-04-08,13.06,13.25,12.82,13.06,13690300.0,188668917.0,1168888405.0,0.011712238688859266,0.0,0.0,3.292496171516077
2025-04-09,12.84,13.12,12.22,13.06,12095569.0,163400060.0,1168888405.0,0.010347924530913625,0.0,0.0,6.891271056661551
2025-04-10,13.13,13.36,13.06,13.12,10227700.0,143253329.0,1168888405.0,0.008749937082317109,0.05999999999999872,0.45941807044409533,2.297090352220512
2025-04-11,12.99,13.14,12.89,13.0,11810354.0,163011004.0,1168888405.0,0.010103919201765031,-0.11999999999999922,-0.9146341463414531,1.9054878048780488
2025-04-14,13.11,13.25,13.09,13.15,9672980.0,134963703.0,1168888405.0,0.008275366543652215,0.15000000000000036,1.1538461538461497,1.2307692307692317
2025-04-15,13.18,13.2,12.94,13.03,8748592.0,120775852.0,1168888405.0,0.007484539980529621,-0.120000000000001,-0.9125475285171158,1.9771863117870707
2025-04-16,12.96,12.96,12.46,12.6,15335177.0,205825656.0,1168888405.0,0.013119453434906817,-0.4299999999999997,-3.300076745970837,3.8372985418265544
2025-04-17,12.54,12.77,12.51,12.65,5314902.0,71418303.0,1168888405.0,0.004546971273960067,0.05000000000000071,0.3968253968253954,2.0634920634920615
2025-04-18,12.65,12.87,12.55,12.79,9130002.0,123246206.0,1168888405.0,0.007810841446408223,0.1399999999999988,1.1067193675889264,2.5296442687746916
2025-04-21,12.71,12.86,12.6,12.83,8205924.0,111294235.0,1168888405.0,0.007020280092520894,0.040000000000000924,0.31274433150900727,2.0328381548084424
2025-04-22,12.79,13.01,12.76,12.91,8026127.0,109866851.0,1168888405.0,0.006866461302608267,0.08000000000000007,0.623538581449723,1.9485580670303975
2025-04-23,13.0,13.06,12.86,12.95,6722846.0,92324094.0,1168888405.0,0.005751486601494691,0.03999999999999915,0.30983733539891034,1.5491866769945861
2025-04-24,12.96,13.15,12.93,12.97,8593242.0,118837085.0,1168888405.0,0.007351635933115446,0.02000000000000135,0.1544401544401719,1.6988416988417039
2025-04-25,12.96,13.05,12.85,12.88,5878198.0,80524219.0,1168888405.0,0.005028878697791514,-0.08999999999999986,-0.6939090208172738,1.5420200462606095
2025-04-28,12.88,12.88,12.73,12.79,4914854.0,66658496.0,1168888405.0,0.0042047247444464125,-0.09000000000000163,-0.6987577639751663,1.1645962732919282
2025-04-29,12.8,12.91,12.75,12.85,4027150.0,54861853.0,1168888405.0,0.0034452818445059345,0.0600000000000005,0.4691164972634887,1.250977326035967
2025-04-30,12.84,13.0,12.84,12.94,4720900.0,64800787.0,1168888405.0,0.004038794447618804,0.08999999999999986,0.7003891050583633,1.2451361867704291
2025-05-06,12.99,13.27,12.99,13.19,8987500.0,125368922.0,1168888405.0,0.007688929038525282,0.25,1.9319938176197926,2.1638330757341526
2025-05-07,13.31,13.37,13.11,13.21,6571200.0,92060083.0,1168888405.0,0.005621751376685099,0.02000000000000135,0.15163002274451998,1.9711902956785428
2025-05-08,13.19,13.23,13.12,13.16,7741650.0,108100987.0,1168888405.0,0.006623087342542336,-0.05000000000000071,-0.37850113550341735,0.8327024981075034
2025-05-09,13.19,13.19,12.98,13.1,8100254.0,112262139.0,1168888405.0,0.006929877963842066,-0.0600000000000005,-0.455927051671734,1.5957446808510567
2025-05-12,13.17,13.23,13.03,13.16,8005842.0,111432574.0,1168888405.0,0.006849107207971663,0.0600000000000005,0.45801526717557106,1.5267175572519165
2025-05-13,13.21,13.25,13.1,13.12,8162773.0,114063846.0,1168888405.0,0.006983363822485689,-0.040000000000000924,-0.3039513677811634,1.139817629179334
2025-05-14,13.1,13.22,13.04,13.15,7905875.0,110078634.0,1168888405.0,0.006763584073708045,0.030000000000001137,0.22865853658537993,1.3719512195122066
2025-05-15,13.15,13.19,13.12,13.13,6188231.0,86303651.0,1168888405.0,0.005294116165007215,-0.019999999999999574,-0.1520912547528508,0.5323193916349831
2025-05-16,13.15,13.29,13.03,13.24,11848869.0,165867210.0,1168888405.0,0.010136869310462532,0.10999999999999943,0.8377760853008231,1.9801980198019784
2025-05-19,13.31,13.34,12.97,13.02,14543866.0,201088212.0,1168888405.0,0.01244247606340145,-0.22000000000000064,-1.6616314199395799,2.7945619335347374
2025-05-20,13.03,13.45,13.03,13.33,19830597.0,280391442.0,1168888405.0,0.01696534666198524,0.3100000000000005,2.3809523809523947,3.2258064516129026
2025-05-21,13.29,13.41,13.24,13.3,11959902.0,168866335.0,1168888405.0,0.010231859558911443,-0.02999999999999936,-0.22505626406601476,1.2753188297074263
2025-05-22,13.35,13.35,13.16,13.23,9106799.0,124647984.0,1168888405.0,0.0077909909629054796,-0.07000000000000028,-0.5263157894736858,1.4285714285714246
2025-05-23,13.27,13.58,13.25,13.39,16798632.0,233469052.0,1168888405.0,0.014371459181340755,0.16000000000000014,1.2093726379440728,2.4943310657596376
2025-05-26,13.39,13.47,13.15,13.22,14028354.0,191996135.0,1168888405.0,0.012001448504401924,-0.16999999999999993,-1.2696041822255366,2.3898431665421977
2025-05-27,13.21,13.34,13.15,13.28,9136364.0,125121985.0,1168888405.0,0.007816284224326786,0.05999999999999872,0.45385779122539827,1.4372163388804804
2025-05-28,13.25,13.32,13.16,13.19,7227493.0,98664385.0,1168888405.0,0.0061832190045550154,-0.08999999999999986,-0.6777108433734913,1.204819277108435
2025-05-29,13.16,13.47,13.13,13.46,13939386.0,192697997.0,1168888405.0,0.011925335164908237,0.27000000000000135,2.0470053070507976,2.577710386656557
2025-05-30,13.39,13.72,13.35,13.54,14569514.0,204688486.0,1168888405.0,0.012464418277808137,0.0799999999999983,0.5943536404160454,2.748885586924227
2025-06-03,13.45,13.95,13.42,13.92,19549668.0,279356582.0,1168888405.0,0.0167250080643926,0.3800000000000008,2.8064992614475592,3.9143279172821224
2025-06-04,13.94,13.96,13.76,13.84,13375360.0,191384539.0,1168888405.0,0.011442803216103423,-0.08000000000000007,-0.5747126436781658,1.43678160919541
2025-06-05,13.85,13.93,13.57,13.64,13439600.0,190223961.0,1168888405.0,0.011497761413759596,-0.1999999999999993,-1.445086705202303,2.6011560693641576
2025-06-06,13.74,13.92,13.67,13.74,9911411.0,141025509.0,1168888405.0,0.008479347521631032,0.09999999999999964,0.7331378299120228,1.8328445747800584
2025-06-09,13.74,14.11,13.74,14.0,21060509.0,304581025.0,1168888405.0,0.018017553181220922,0.2599999999999998,1.8922852983988436,2.6928675400291064
2025-06-10,14.02,14.28,13.83,14.05,21250584.0,308975217.0,1168888405.0,0.01818016494055307,0.05000000000000071,0.3571428571428559,3.214285714285709
2025-06-11,14.07,14.33,13.94,14.22,15962700.0,234110986.0,1168888405.0,0.013656307934716831,0.16999999999999993,1.2099644128113818,2.775800711743776
2025-06-12,14.25,14.46,14.18,14.44,17253024.0,255516663.0,1168888405.0,0.014760197745309999,0.21999999999999886,1.5471167369901506,1.9690576652602048
2025-06-13,14.4,14.51,13.96,14.05,19141388.0,280427948.0,1168888405.0,0.01637571894641217,-0.3899999999999988,-2.700831024930739,3.8088642659279706
2025-06-16,13.95,14.1,13.82,13.89,13753500.0,198005322.0,1168888405.0,0.011766307152306811,-0.16000000000000014,-1.1387900355871894,1.9928825622775754
2025-06-17,13.93,14.11,13.64,13.72,17660000.0,252328572.0,1168888405.0,0.01510837127347499,-0.16999999999999993,-1.2239020878329732,3.383729301655859
2025-06-18,13.67,13.67,13.4,13.64,11396801.0,159537025.0,1168888405.0,0.009750118960244114,-0.08000000000000007,-0.5830903790087438,1.9679300291545156
2025-06-19,13.63,13.64,13.44,13.5,8125501.0,113626326.0,1158008405.0,0.007016789312509351,-0.14000000000000057,-1.026392961876832,1.4662756598240547
2025-06-20,13.5,13.62,13.42,13.44,5845610.0,81496149.0,1158008405.0,0.005047985813194508,-0.0600000000000005,-0.4444444444444473,1.481481481481476
2025-06-23,13.38,13.43,13.19,13.39,11659042.0,160313728.0,1158008405.0,0.01006818426330852,-0.049999999999998934,-0.37202380952380265,1.7857142857142874
2025-06-24,13.45,13.6,13.44,13.53,8661810.0,121183734.0,1158008405.0,0.0074799198024819175,0.1399999999999988,1.0455563853622118,1.1949215832710989
2025-06-25,13.56,13.68,13.47,13.64,9643300.0,135497368.0,1158008405.0,0.00832748705308404,0.11000000000000121,0.8130081300813163,1.5521064301552039
2025-06-26,13.64,13.64,13.43,13.49,10804400.0,150888779.0,1158008405.0,0.009330156804863605,-0.15000000000000036,-1.0997067448680342,1.5395894428152554
2025-06-27,13.47,13.64,13.45,13.59,7365182.0,103274157.0,1158008405.0,0.00636021463073923,0.09999999999999964,0.7412898443291294,1.4084507042253616
2025-06-30,13.62,13.63,13.47,13.54,10276231.0,143764368.0,1158008405.0,0.00887405562483806,-0.05000000000000071,-0.3679175864606421,1.177336276674026
2025-07-01,13.56,13.78,13.55,13.72,10637878.0,150266476.0,1158008405.0,0.009186356466903191,0.1800000000000015,1.3293943870014813,1.6986706056129885
2025-07-02,13.77,13.94,13.63,13.68,14285773.0,203130579.0,1158008405.0,0.012336501996287323,-0.040000000000000924,-0.291545189504383,2.2594752186588827
2025-07-03,13.73,13.97,13.65,13.92,13362194.0,191667053.0,1158008405.0,0.011538943881845141,0.2400000000000002,1.7543859649122862,2.3391812865497097
2025-07-04,13.88,14.03,13.88,13.96,10725930.0,154789007.0,1158008405.0,0.009262393911553691,0.040000000000000924,0.287356321839094,1.0775862068965416
2025-07-07,13.96,14.01,13.73,13.79,10129000.0,144777736.0,1158008405.0,0.008746914060610813,-0.1700000000000017,-1.217765042979957,2.005730659025783
2025-07-08,13.79,13.96,13.76,13.88,9425518.0,135180845.0,1158008405.0,0.008139421060592388,0.09000000000000163,0.6526468455402501,1.4503263234227781
2025-07-09,13.87,13.92,13.68,13.8,8617199.0,122923595.0,1158008405.0,0.0074413959024762005,-0.08000000000000007,-0.5763688760806907,1.7291066282420764
2025-07-10,13.78,13.92,13.75,13.88,6160760.0,88286555.0,1158008405.0,0.005320134096954158,0.08000000000000007,0.5797101449275477,1.2318840579710137
2025-07-11,13.89,14.45,13.89,14.35,27565171.0,408035169.0,1158008405.0,0.02380394726064186,0.46999999999999886,3.3861671469740617,4.0345821325648314
2025-07-14,14.3,14.35,14.19,14.2,8591018.0,126539409.0,1158008405.0,0.007418787258284191,-0.15000000000000036,-1.0452961672473893,1.1149825783972136
2025-07-15,14.2,14.29,14.0,14.13,8908590.0,129898096.0,1158008405.0,0.007693027063996137,-0.06999999999999851,-0.4929577464788615,2.0422535211267547
2025-07-16,14.13,14.32,14.04,14.31,7988610.0,117614693.0,1158008405.0,0.006898576871728319,0.17999999999999972,1.273885350318471,1.9815994338287413
2025-07-17,14.29,14.35,14.2,14.32,8496500.0,125655623.0,1158008405.0,0.007337166089049241,0.009999999999999787,0.06988120195667857,1.0482180293501073
2025-07-18,14.35,14.78,14.23,14.7,18451975.0,276910984.0,1158008405.0,0.015934232359911066,0.379999999999999,2.6536312849162025,3.8407821229050203
2025-07-21,14.64,14.72,14.43,14.68,14907760.0,225000724.0,1158008405.0,0.01287361985943444,-0.019999999999999574,-0.1360544217687054,1.972789115646265
2025-07-22,14.65,14.98,14.62,14.74,14691263.0,224596575.0,1158008405.0,0.012686663530736636,0.0600000000000005,0.4087193460490468,2.452316076294286
2025-07-23,14.76,15.25,14.62,14.82,19296093.0,297994102.0,1158008405.0,0.016663171801417107,0.08000000000000007,0.5427408412483015,4.274084124830399
2025-07-24,14.85,15.5,14.76,15.26,25739994.0,403706817.0,1158008405.0,0.02222781275926922,0.4399999999999995,2.9689608636977116,4.993252361673416
2025-07-25,15.42,15.76,15.28,15.52,28368399.0,456960655.0,1158008405.0,0.024497576077610595,0.2599999999999998,1.7038007863696025,3.145478374836176
2025-07-28,15.48,15.67,15.35,15.52,18824090.0,301140155.0,1158008405.0,0.016255572860026005,0.0,0.0,2.061855670103095
2025-07-29,15.55,16.3,15.41,16.17,37008240.0,611290109.0,1158008405.0,0.03195852451519987,0.6500000000000021,4.1881443298969145,5.73453608247423
2025-07-30,16.05,16.16,15.69,15.9,24938077.0,411336093.0,1158008405.0,0.02153531605843569,-0.27000000000000135,-1.6697588126159624,2.9066171923314816
2025-07-31,15.84,15.93,15.48,15.56,25742359.0,417351729.0,1158008405.0,0.022229855058780855,-0.33999999999999986,-2.1383647798742134,2.8301886792452784
2025-08-01,15.48,15.88,15.34,15.46,21335130.0,342818873.0,1158008405.0,0.018423985445943286,-0.09999999999999964,-0.6426735218509005,3.4704370179948643
2025-08-04,15.39,15.58,15.0,15.58,17802893.0,281536339.0,1158008405.0,0.015373716566418186,0.11999999999999922,0.77619663648123,3.751617076326003
2025-08-05,15.58,15.66,15.38,15.55,12713926.0,204051798.0,1158008405.0,0.010979131019346963,-0.02999999999999936,-0.19255455712451353,1.7971758664955029
2025-08-06,15.55,15.66,15.24,15.3,13878974.0,220475142.0,1158008405.0,0.011985210072805992,-0.25,-1.6077170418006381,2.70096463022508
2025-08-07,15.28,15.39,15.1,15.15,11095120.0,174500022.0,1158008405.0,0.009581208523266289,-0.15000000000000036,-0.9803921568627527,1.8954248366013133
2025-08-08,15.12,15.22,15.04,15.17,8335203.0,130594381.0,1158008405.0,0.007197877808149415,0.019999999999999574,0.13201320132012473,1.188118811881198
2025-08-11,15.24,16.39,15.23,16.21,30873174.0,506865072.0,1158008405.0,0.026660578512813126,1.040000000000001,6.85563612392881,7.6466710613052085
2025-08-12,16.16,16.25,15.85,15.95,16719391.0,275702833.0,1158008405.0,0.014438056690961583,-0.26000000000000156,-1.603948180135728,2.4676125848241846
2025-08-13,15.94,16.07,15.71,15.96,16706837.0,274284630.0,1158008405.0,0.014427215664293905,0.010000000000001563,0.0626959247649106,2.2570532915360464
2025-08-14,16.06,16.2,15.7,15.7,16556000.0,271514391.0,1158008405.0,0.014296960133031158,-0.26000000000000156,-1.6290726817042689,3.132832080200501
2025-08-15,15.67,15.87,15.63,15.81,10957262.0,178729363.0,1158008405.0,0.009462161028097202,0.11000000000000121,0.7006369426751702,1.5286624203821557
2025-08-18,15.82,15.97,15.7,15.97,17027354.0,278787307.0,1158008405.0,0.01470399862944,0.16000000000000014,1.0120177103099204,1.707779886148016
2025-08-19,15.95,16.21,15.72,15.76,15455997.0,254886726.0,1158008405.0,0.013347050792779005,-0.21000000000000085,-1.314965560425807,3.0682529743268643
2025-08-20,15.55,15.82,15.45,15.79,14670927.0,237610015.0,1158008405.0,0.012669102345591352,0.02999999999999936,0.1903553299492433,2.3477157360406156
2025-08-21,15.81,16.13,15.81,16.05,18173915.0,300497563.0,1158008405.0,0.015694113204644658,0.26000000000000156,1.6466117796073654,2.0265991133628787
2025-08-22,16.06,16.07,15.7,15.9,14070450.0,230437291.0,1158008405.0,0.012150559477156818,-0.15000000000000036,-0.9345794392523366,2.3052959501557693
2025-08-25,15.94,16.14,15.87,16.1,17263384.0,285734177.0,1158008405.0,0.014907822711355882,0.20000000000000107,1.2578616352201255,1.698113207547178
2025-08-26,16.05,16.17,15.89,15.9,11561061.0,191131614.0,1158008405.0,0.009983572614915519,-0.20000000000000107,-1.2422360248447228,1.7391304347826158
2025-08-27,15.91,16.04,15.45,15.46,14991300.0,244674253.0,1158008405.0,0.012945760959308408,-0.4399999999999995,-2.767295597484276,3.7106918238993702
2025-08-28,15.47,15.59,15.01,15.34,18217937.0,288116433.0,1158008405.0,0.015732128472763545,-0.120000000000001,-0.7761966364812523,3.751617076326003
2025-08-29,15.34,15.45,15.23,15.38,12191650.0,193202461.0,1158008405.0,0.010528118748844488,0.040000000000000924,0.2607561929595992,1.434159061277698
2025-09-01,15.38,15.7,15.26,15.53,16281120.0,261524620.0,1158008405.0,0.014059587071822678,0.14999999999999858,0.975292587776333,2.86085825747724
2025-09-02,15.54,15.68,15.24,15.45,15500780.0,247847389.0,1158008405.0,0.013385723223658295,-0.08000000000000007,-0.5151320025756578,2.833226014166127
2025-09-03,15.48,15.88,15.39,15.44,18260085.0,295448393.0,1158008405.0,0.015768525445201756,-0.009999999999999787,-0.06472491909385036,3.1715210355987065
2025-09-04,15.45,15.65,15.09,15.29,14199022.0,226111376.0,1158008405.0,0.012261588032256122,-0.15000000000000036,-0.9715025906735786,3.6269430051813503
2025-09-05,15.32,15.64,15.14,15.51,13552833.0,216178184.0,1158008405.0,0.011703570493514682,0.22000000000000064,1.4388489208633226,3.2701111837802483
2025-09-08,15.54,15.78,15.47,15.69,11822774.0,191343550.0,1158008405.0,0.010209575292331319,0.17999999999999972,1.1605415860735047,1.998710509348799
2025-09-09,15.7,15.7,15.2,15.31,12667403.0,201943017.0,1158008405.0,0.010938956008700127,-0.379999999999999,-2.421924792861685,3.186743148502231
2025-09-10,15.3,15.55,15.23,15.31,8537203.0,135647185.0,1158008405.0,0.007372315229439116,0.0,0.0,2.0901371652514715
2025-09-11,15.22,15.62,14.94,15.59,12510908.0,198633922.0,1158008405.0,0.010803814502538088,0.27999999999999936,1.8288700195950414,4.4415414761593714
2025-09-12,15.61,15.9,15.38,15.64,13456069.0,217255640.0,1158008405.0,0.011620009787407373,0.05000000000000071,0.3207184092366866,3.335471456061575
2025-09-15,15.64,16.24,15.56,16.1,21456045.0,354568868.0,1158008405.0,0.018528401786513802,0.46000000000000085,2.941176470588247,4.347826086956508
2025-09-16,16.08,16.15,15.77,15.97,13479879.0,222331135.0,1158008405.0,0.011640570950778202,-0.13000000000000078,-0.8074534161490732,2.3602484472049623
2025-09-17,16.01,16.37,15.92,16.27,17487172.0,287239978.0,1158008405.0,0.015101075194700336,0.29999999999999893,1.8785222291797021,2.8177833437695745
2025-09-18,16.35,16.76,16.26,16.45,21355601.0,357432101.0,1158008405.0,0.018441663210553294,0.17999999999999972,1.1063306699446773,3.073140749846343
2025-09-19,16.46,16.47,16.14,16.29,10739300.0,177096286.0,1158008405.0,0.009273939596319251,-0.16000000000000014,-0.9726443768997006,2.0060790273556126
2025-09-22,16.32,16.48,15.67,15.76,13320900.0,214860223.0,1158008405.0,0.011503284382465255,-0.5299999999999994,-3.253529772866781,4.972375690607738
2025-09-23,15.75,15.79,15.25,15.52,11271500.0,176443058.0,1158008405.0,0.009733521752806276,-0.2400000000000002,-1.5228426395939132,3.4263959390862886
2025-09-24,15.52,15.9,15.42,15.78,7782595.0,123664884.0,1158008405.0,0.006720672290802587,0.2599999999999998,1.675257731958757,3.092783505154642
2025-09-25,15.8,16.75,15.8,16.33,21467699.0,356237461.0,1158008405.0,0.018538465616749992,0.5499999999999989,3.4854245880861834,6.020278833967042
2025-09-26,16.3,16.47,15.87,16.27,12780821.0,210184838.0,1158008405.0,0.011036898302996341,-0.05999999999999872,-0.3674219228413933,3.67421922841396
2025-09-29,16.25,16.34,15.96,16.24,11464368.0,187216081.0,1158008405.0,0.009900073220971138,-0.030000000000001137,-0.18438844499079066,2.335586969883215
2025-09-30,16.24,16.3,16.12,16.18,8552290.0,140136795.0,1158008405.0,0.00738534363228564,-0.05999999999999872,-0.3694581280788145,1.1083743842364515
2025-10-09,16.22,16.23,15.83,16.09,10871001.0,176082907.0,1158008405.0,0.009387670204345364,-0.08999999999999986,-0.5562422744128548,2.4721878862793596
2025-10-10,16.05,16.09,15.83,15.91,9063250.0,146322353.0,1158008405.0,0.007826583952989529,-0.17999999999999972,-1.1187072715972635,1.6159105034182708
2025-10-13,15.59,15.68,15.33,15.62,11202000.0,175702700.0,1158008405.0,0.009673504917263532,-0.2900000000000009,-1.8227529855436853,2.1998742928975465
2025-10-14,15.69,16.07,15.67,15.78,10287641.0,165134593.0,1158008405.0,0.008883908748486156,0.16000000000000014,1.0243277848911658,2.5608194622279155
2025-10-15,15.78,16.16,15.75,16.06,8997152.0,145912913.0,1158008405.0,0.007769504919957813,0.27999999999999936,1.7743979721166037,2.598225602027884
2025-10-16,16.02,16.28,16.0,16.05,8090675.0,132029412.0,1158008405.0,0.006986715264817098,-0.00999999999999801,-0.06226650062265415,1.7434620174346276
2025-10-17,16.02,16.13,15.66,15.73,7404500.0,118960111.0,1158008405.0,0.0063941677521762025,-0.3200000000000003,-1.9937694704049824,2.9283489096573136
2025-10-20,15.75,16.08,15.63,15.77,10235398.0,163906363.0,1158008405.0,0.008838794222741414,0.03999999999999915,0.2542911633820699,2.8607755880482992
2025-10-21,15.8,15.98,15.74,15.87,7858531.0,126233715.0,1158008405.0,0.006786246944382066,0.09999999999999964,0.6341154090044432,1.5218769816106545
2025-10-22,15.31,15.31,14.71,15.01,28394592.0,429508048.0,1158008405.0,0.02452019508442169,-0.8599999999999994,-5.419029615626969,3.78071833648393
2025-10-23,15.0,15.05,14.82,15.03,9090540.0,137457415.0,1158008405.0,0.00785015027589545,0.019999999999999574,0.13324450366423157,1.5323117921385772
2025-10-24,15.08,15.31,15.03,15.15,9428661.0,145118294.0,1158008405.0,0.008142135203241465,0.120000000000001,0.7984031936127733,1.8629407850964812
2025-10-27,15.31,15.73,15.27,15.4,11075036.0,174579730.0,1158008405.0,0.009563864953121821,0.25,1.650165016501659,3.036303630363042
2025-10-28,15.41,15.44,15.22,15.26,5661960.0,87593967.0,1158008405.0,0.004889394563591272,-0.14000000000000057,-0.909090909090915,1.4285714285714213
2025-10-29,15.24,15.51,15.08,15.48,6903767.0,106752128.0,1158008405.0,0.005961758973588797,0.22000000000000064,1.4416775884665833,2.817824377457403
2025-10-30,15.48,15.48,15.1,15.15,7663338.0,117953911.0,1158008405.0,0.0066176877187691914,-0.33000000000000007,-2.131782945736438,2.454780361757111
2025-10-31,15.16,15.4,15.12,15.35,7882163.0,122008458.0,1158008405.0,0.00680665439556978,0.1999999999999993,1.320132013201314,1.8481848184818555
2025-11-03,15.53,15.61,15.07,15.13,9963758.0,153393101.0,1158008405.0,0.008604219068686293,-0.21999999999999886,-1.433224755700313,3.5179153094462485
2025-11-04,15.16,15.16,14.77,14.84,11079440.0,166728233.0,1158008405.0,0.009567668034326572,-0.2900000000000009,-1.9167217448777363,2.577660277594187
2025-11-05,14.77,14.98,14.74,14.9,6710718.0,101135227.0,1158008405.0,0.005795051202586047,0.0600000000000005,0.40431266846361336,1.617250673854449
2025-11-06,14.92,15.05,14.84,14.95,6811244.0,102925627.0,1158008405.0,0.00588186058977698,0.049999999999998934,0.3355704697986406,1.4093959731543682
2025-11-07,14.95,15.16,14.91,15.04,6856139.0,104700833.0,1158008405.0,0.005920629738434412,0.08999999999999986,0.6020066889632192,1.6722408026755853
2025-11-10,15.08,15.29,15.07,15.24,7803076.0,120135342.0,1158008405.0,0.0067383586909285,0.20000000000000107,1.3297872340425565,1.462765957446801
2025-11-11,15.25,15.39,15.12,15.37,7220019.0,111793981.0,1158008405.0,0.006234858891201226,0.129999999999999,0.8530183727033958,1.7716535433070957
2025-11-12,15.37,15.49,15.27,15.27,6990400.0,108832375.0,1158008405.0,0.0060365710385323155,-0.09999999999999964,-0.6506180871828193,1.4313597918022163
2025-11-13,15.27,15.43,15.22,15.39,6172785.0,95944086.0,1158008405.0,0.005330518304830439,0.120000000000001,0.7858546168958869,1.3752455795677738
2025-11-14,15.34,15.67,15.32,15.54,8453225.0,133356134.0,1158008405.0,0.00729979589396849,0.14999999999999858,0.9746588693956948,2.274204028589991
2025-11-17,15.57,15.58,15.17,15.28,7758148.0,120230697.0,1158008405.0,0.0066995610450685805,-0.2599999999999998,-1.6731016731016735,2.6383526383526394
2025-11-18,15.25,15.38,15.13,15.19,5422801.0,83627741.0,1158008405.0,0.004682868428748581,-0.08999999999999986,-0.5890052356020914,1.6361256544502618
2025-11-19,15.21,15.29,15.04,15.1,7129851.0,109588390.0,1158008405.0,0.006156994171385138,-0.08999999999999986,-0.5924950625411429,1.6458196181698488
2025-11-20,15.32,15.66,15.32,15.43,10227316.0,160182177.0,1158008405.0,0.008831814998786646,0.33000000000000007,2.1854304635761546,2.251655629139072
2025-11-21,15.46,15.78,15.41,15.65,17061877.0,270781651.0,1158008405.0,0.014733811021000319,0.22000000000000064,1.4257939079714843,2.3979261179520366
2025-11-24,15.7,15.87,15.54,15.64,9673639.0,153525162.0,1158008405.0,0.008353686344789528,-0.009999999999999787,-0.06389776357826893,2.1086261980830674
2025-11-25,15.65,16.0,15.46,15.91,11185957.0,178976599.0,1158008405.0,0.00965965095909645,0.2699999999999996,1.7263427109974305,3.4526854219948793
2025-11-26,15.89,16.16,15.76,15.89,11205127.0,181013462.0,1158008405.0,0.00967620524308716,-0.019999999999999574,-0.12570710245128902,2.514142049025772
2025-11-27,15.86,15.9,15.72,15.82,6642039.0,106340055.0,1158008405.0,0.005735743342899139,-0.07000000000000028,-0.4405286343612369,1.1327879169288841
2025-11-28,15.76,15.84,15.66,15.8,6629732.0,105822569.0,1158008405.0,0.005725115613474325,-0.019999999999999574,-0.12642225031604948,1.1378002528444988
2025-12-01,15.76,16.01,15.72,15.98,6998393.0,112750617.0,1158008405.0,0.006043473406395526,0.17999999999999972,1.13924050632912,1.835443037974689
2025-12-02,15.93,16.12,15.9,15.95,5477199.0,88727786.0,1158008405.0,0.004729843908170943,-0.030000000000001137,-0.1877346683354264,1.376720901126412
2025-12-03,15.93,16.15,15.92,16.06,6078071.0,98752376.0,1158008405.0,0.005248727879483742,0.10999999999999943,0.6896551724137945,1.4420062695924682
2025-12-04,16.05,16.09,15.94,16.05,4658663.0,75581511.0,1158008405.0,0.004022995843454176,-0.00999999999999801,-0.06226650062265415,0.9339975093399775
2025-12-05,16.01,16.07,15.85,15.91,5328279.0,85902598.0,1158008405.0,0.0046012438053072684,-0.14000000000000057,-0.8722741433021874,1.3707165109034307
2025-12-08,15.94,16.04,15.88,15.96,4922700.0,79544058.0,1158008405.0,0.004251005414766398,0.05000000000000071,0.314267756128217,1.0056568196102977
2025-12-09,15.95,16.15,15.73,15.73,5836913.0,94131709.0,1158008405.0,0.005040475505011555,-0.23000000000000043,-1.4411027568922319,2.6315789473684092
2025-12-10,15.78,15.92,15.48,15.9,6066820.0,96781003.0,1158008405.0,0.0052390120605385416,0.16999999999999993,1.0807374443738027,2.797202797202794
2025-12-11,15.92,16.04,15.8,15.88,4793611.0,77255359.0,1158008405.0,0.0041395304034947825,-0.019999999999999574,-0.12578616352201255,1.509433962264141
2025-12-12,15.88,15.99,15.75,15.97,6683000.0,107640768.0,1158008405.0,0.005771115279599374,0.08999999999999986,0.5667506297229119,1.5113350125944598
2025-12-15,15.97,16.05,15.88,16.02,5176200.0,83775139.0,1158008405.0,0.004469915742969068,0.049999999999998934,0.3130870381966133,1.0644959298685028
2025-12-16,15.98,16.02,15.74,15.86,5102980.0,81935551.0,1158008405.0,0.004406686495509504,-0.16000000000000014,-0.9987515605493158,1.7478152309612942
2025-12-17,15.84,16.15,15.84,16.15,6232167.0,101090581.0,1158008405.0,0.0053817977253800674,0.28999999999999915,1.828499369482972,1.9546027742748975
2025-12-18,16.1,16.6,16.03,16.54,9849178.0,163869856.0,1158008405.0,0.008505273327441868,0.39000000000000057,2.414860681114561,3.5294117647058845
2025-12-19,16.48,16.66,16.33,16.59,8097396.0,135859118.0,1158008405.0,0.006992519195057138,0.05000000000000071,0.30229746070133956,1.99516324062879
2025-12-22,16.56,16.57,16.33,16.41,6894705.0,114710868.0,1158008405.0,0.005953933469075296,-0.17999999999999972,-1.0849909584086825,1.4466546112115852
2025-12-23,16.43,16.68,16.42,16.51,5094496.0,85334648.0,1158008405.0,0.004399360123815336,0.10000000000000142,0.6093845216331495,1.5843997562461791
2025-12-24,16.49,16.59,16.23,16.45,6273031.0,103770155.0,1158008405.0,0.00541708589757602,-0.060000000000002274,-0.3634161114476231,2.1804966686856413
2025-12-25,16.41,16.53,16.24,16.29,5337163.0,88336529.0,1158008405.0,0.004608915597637653,-0.16000000000000014,-0.9726443768997006,1.7629179331307157
2025-12-26,16.29,16.31,16.11,16.2,6228521.0,102205144.0,1158008405.0,0.005378649216280947,-0.08999999999999986,-0.5524861878453025,1.227747084100671
2025-12-29,16.21,16.26,15.86,15.97,5804301.0,94076459.0,1158008405.0,0.005012313360540764,-0.22999999999999865,-1.4197530864197394,2.469135802469149
2025-12-30,15.91,16.11,15.85,16.07,4404301.0,71553703.0,1158008405.0,0.003803341133780458,0.09999999999999964,0.6261740763932266,1.6280525986224155
2025-12-31,16.06,16.18,15.94,16.07,5265697.0,85456478.0,1158008405.0,0.004547201019667902,0.0,0.0,1.4934660858743014
2026-01-05,16.05,16.12,15.91,16.11,7497307.0,121652864.0,1158008405.0,0.006474311384639734,0.03999999999999915,0.24891101431236962,1.3067828251400178
2026-01-06,16.12,16.15,15.85,15.99,9884299.0,159956874.0,1158008405.0,0.008535602122853331,-0.11999999999999922,-0.7448789571694592,1.8621973929236435
2026-01-07,16.05,16.28,15.99,16.26,8408011.0,137726813.0,1158008405.0,0.007260751272353675,0.27000000000000135,1.6885553470919357,1.8136335209505998
2026-01-08,16.26,16.42,16.1,16.1,7770400.0,127486504.0,1158008405.0,0.006710141279155914,-0.16000000000000014,-0.9840098400983988,1.9680196801968035
2026-01-09,16.09,16.18,15.97,16.17,7055880.0,114879999.0,1158008405.0,0.006093116396681076,0.07000000000000028,0.43478260869564966,1.3043478260869508
2026-01-12,16.23,16.25,15.94,16.05,8487451.0,137888781.0,1158008405.0,0.007329351810706417,-0.120000000000001,-0.7421150278293154,1.9171304885590628
2026-01-13,16.1,17.66,16.07,17.57,42549339.0,746220004.0,1158008405.0,0.03674354937000652,1.5199999999999996,9.470404984423663,9.906542056074764
2026-01-14,17.28,17.44,16.97,17.33,33273136.0,579621237.0,1158008405.0,0.028733069515156067,-0.240000000000002,-1.3659647125782715,2.675014228799103
2026-01-15,17.26,18.28,17.19,17.91,27075670.0,487139512.0,1158008405.0,0.023381237893519435,0.5800000000000018,3.3467974610502216,6.289671090594346
2026-01-16,17.92,17.93,17.4,17.42,16099835.0,286427436.0,1158008405.0,0.013903038121731076,-0.48999999999999844,-2.7359017308766,2.959240647682865
2026-01-19,17.34,18.04,17.01,18.0,16049481.0,286773242.0,1158008405.0,0.01385955484494087,0.5799999999999983,3.3295063145809323,5.912743972445451
2026-01-20,17.93,18.42,17.56,18.22,15873722.0,287935446.0,1158008405.0,0.013707777880938611,0.21999999999999886,1.2222222222222134,4.7777777777777946
2026-01-21,18.12,18.36,17.98,18.06,10561173.0,193728314.0,1158008405.0,0.009120117742150585,-0.16000000000000014,-0.8781558726673966,2.0856201975850657
2026-01-22,18.02,18.25,17.75,18.06,10592408.0,193166635.0,1158008405.0,0.009147090776081198,0.0,0.0,2.7685492801771874
2026-01-23,18.06,18.46,17.96,18.27,9814128.0,181069331.0,1158008405.0,0.008475005844193332,0.21000000000000085,1.1627906976744207,2.7685492801771874
2026-01-26,18.35,19.35,18.28,19.12,19825145.0,379098052.0,1158008405.0,0.0171200354974971,0.8500000000000014,4.652435686918444,5.856595511767927
2026-01-27,19.14,19.21,18.54,18.88,12996393.0,248107604.0,1158008405.0,0.011223055846472893,-0.240000000000002,-1.2552301255230214,3.5041841004184184
2026-01-28,18.88,18.93,18.3,18.53,12128036.0,227065773.0,1158008405.0,0.01047318477796368,-0.34999999999999787,-1.8538135593220262,3.3368644067796556
2026-01-29,18.41,19.25,18.37,18.91,13015258.0,249448205.0,1158008405.0,0.011239346747228488,0.379999999999999,2.0507285483000404,4.749055585536961
2026-01-30,18.75,18.93,17.97,18.13,11751180.0,217624012.0,1158008405.0,0.010147750179757978,-0.7800000000000011,-4.1248016922263435,5.076679005817033
2026-02-02,18.07,18.22,17.58,17.62,8328200.0,150431483.0,1158008405.0,0.007191830356360842,-0.509999999999998,-2.813017098731374,3.530060672917819
2026-02-03,17.94,18.23,17.77,18.0,7826349.0,142825932.0,1158008405.0,0.006758456127095209,0.379999999999999,2.156640181611791,2.610669693530084
2026-02-04,18.1,18.79,17.94,18.75,12139037.0,226282968.0,1158008405.0,0.010482684709011245,0.75,4.166666666666674,4.72222222222221
2026-02-05,18.76,19.01,18.43,18.57,7758130.0,146332548.0,1158008405.0,0.006699545501139951,-0.17999999999999972,-0.9599999999999942,3.093333333333343
2026-02-06,18.48,19.06,18.33,18.56,8744321.0,165652125.0,1158008405.0,0.007551172307769217,-0.010000000000001563,-0.0538502961766385,3.9310716208939174
2026-02-09,18.73,19.05,18.43,18.52,6642488.0,125176432.0,1158008405.0,0.005736131077563293,-0.03999999999999915,-0.21551724137930384,3.340517241379316
2026-02-10,18.53,18.67,18.27,18.28,4917973.0,91529407.0,1158008405.0,0.004246923406397901,-0.23999999999999844,-1.295896328293733,2.159827213822906
2026-02-11,18.3,18.61,18.15,18.5,6866794.0,127874813.0,1158008405.0,0.005929830880631648,0.21999999999999886,1.2035010940919078,2.5164113785558033
2026-02-12,18.52,18.53,18.14,18.32,7071666.0,131288502.0,1158008405.0,0.006106748422089389,-0.17999999999999972,-0.9729729729729741,2.108108108108111
2026-02-13,18.32,18.62,17.95,17.95,6005474.0,110930568.0,1158008405.0,0.005186036624665086,-0.370000000000001,-2.019650655021843,3.6572052401746817
2026-02-24,18.07,18.31,17.78,17.85,7955286.0,144568932.0,1158008405.0,0.006869799878525061,-0.09999999999999787,-0.557103064066844,2.952646239554304
2026-02-25,17.91,18.17,17.84,18.14,6338101.0,115732677.0,1158008405.0,0.005473277199572657,0.28999999999999915,1.6246498599439718,1.8487394957983294
2026-02-26,18.14,18.19,17.84,17.94,6369800.0,115739715.0,1158008405.0,0.005500650921441283,-0.1999999999999993,-1.1025358324145529,1.9294377067254762
2026-02-27,17.94,18.12,17.81,17.85,5450926.0,98829177.0,1158008405.0,0.004707155817232605,-0.08999999999999986,-0.5016722408026753,1.727982162764784
2026-03-02,17.61,17.86,17.41,17.62,8417000.0,149956078.0,1158008405.0,0.007268513737601067,-0.23000000000000043,-1.2885154061624715,2.5210084033613405
2026-03-03,17.74,18.0,17.21,17.27,9112100.0,161798038.0,1158008405.0,0.007868768448187558,-0.3500000000000014,-1.9863791146424559,4.4835414301929575
2026-03-04,17.19,17.44,16.81,16.86,6643960.0,114565320.0,1158008405.0,0.0057374022255045724,-0.41000000000000014,-2.3740590619571567,3.6479444122756375
2026-03-05,17.13,17.14,16.72,16.89,6085519.0,104014981.0,1158008405.0,0.005255159611730106,0.030000000000001137,0.1779359430605032,2.4911032028469853
2026-03-06,16.79,17.58,16.79,17.47,7706529.0,135232318.0,1158008405.0,0.006654985375516337,0.5799999999999983,3.433984606275886,4.677323860272345
2026-03-09,17.31,17.51,17.01,17.37,6342079.0,111130782.0,1158008405.0,0.005476712407799838,-0.09999999999999787,-0.5724098454493287,2.862049227246709
2026-03-10,17.46,17.88,17.35,17.75,6088381.0,108565922.0,1158008405.0,0.005257631096382241,0.379999999999999,2.1876799078871523,3.0512377662636587
2026-03-11,17.93,18.6,17.78,18.3,11768456.0,218561210.0,1158008405.0,0.0101626688970362,0.5500000000000007,3.0985915492957705,4.619718309859157
2026-03-12,18.4,18.45,18.08,18.11,4496800.0,82810500.0,1158008405.0,0.003883218792354102,-0.19000000000000128,-1.0382513661202242,2.021857923497273
2026-03-13,18.11,18.19,17.77,17.78,3533146.0,64147734.0,1158008405.0,0.003051053847920905,-0.3299999999999983,-1.8221976808393103,2.3191606847045927
2026-03-16,17.79,18.12,17.64,17.93,5095404.0,92355263.0,1158008405.0,0.0044001442286595496,0.14999999999999858,0.8436445444319318,2.69966254218223
2026-03-17,18.07,18.42,17.88,18.02,5616183.0,103298322.0,1158008405.0,0.0048498637624309815,0.08999999999999986,0.5019520356943641,3.011712214166217
2026-03-18,18.13,18.15,17.87,18.07,5292900.0,96625846.0,1158008405.0,0.004570692213585445,0.05000000000000071,0.2774694783573839,1.5538290788013185
2026-03-19,17.9,18.04,17.58,17.63,5080522.0,91371784.0,1158008405.0,0.004387292853889087,-0.4400000000000013,-2.434975096845604,2.5456557830658597
2026-03-20,17.63,17.83,15.98,16.32,26159967.0,436995628.0,1158008405.0,0.022590481111404367,-1.3099999999999987,-7.430516165626766,10.493477027793523
2026-03-23,16.03,16.34,15.83,16.2,13674776.0,222557355.0,1158008405.0,0.011808874565120276,-0.120000000000001,-0.7352941176470673,3.1249999999999987
2026-03-24,16.38,16.53,16.0,16.48,6741500.0,110968468.0,1158008405.0,0.005821633047646144,0.28000000000000114,1.7283950617283939,3.271604938271612
2026-03-25,16.47,16.75,16.41,16.56,5839520.0,98178897.0,1158008405.0,0.005042726784008101,0.0799999999999983,0.4854368932038833,2.0631067961165037
2026-03-26,16.65,17.44,16.55,16.85,8561198.0,147483806.0,1158008405.0,0.007393036149854197,0.2900000000000027,1.751207729468618,5.374396135265704
2026-03-27,16.68,17.52,16.68,17.33,8438361.0,147619553.0,1158008405.0,0.007286960063126658,0.4799999999999969,2.8486646884272826,4.985163204747773
2026-03-30,17.17,17.94,17.17,17.66,10098548.0,180961799.0,1158008405.0,0.008720617187575594,0.33000000000000185,1.9042123485285778,4.443162146566645
2026-03-31,17.77,18.17,17.61,17.61,7227100.0,129983182.0,1158008405.0,0.0062409737000138615,-0.05000000000000071,-0.28312570781426905,3.171007927519832
2026-04-01,17.83,18.31,17.66,18.18,9879482.0,180808319.0,1158008405.0,0.008531442394841686,0.5700000000000003,3.236797274275971,3.6910846110164597
2026-04-02,18.38,18.47,17.97,18.2,12338926.0,227566640.0,1158008405.0,0.010655299172893309,0.019999999999999574,0.11001100110010764,2.7502750275027505
2026-04-03,17.85,18.03,17.35,17.38,11092421.0,197957893.0,1158008405.0,0.009578877797523413,-0.8200000000000003,-4.505494505494512,3.736263736263735
2026-04-07,17.44,17.75,17.11,17.48,7190600.0,127431087.0,1158008405.0,0.006209454066959039,0.10000000000000142,0.5753739930955293,3.682393555811281
2026-04-08,17.78,18.16,17.59,17.89,8730560.0,157785955.0,1158008405.0,0.007539288974331754,0.41000000000000014,2.345537757437066,3.2608695652173925
2026-04-09,17.7,18.05,17.49,17.54,6919100.0,123960528.0,1158008405.0,0.005974999810126594,-0.3500000000000014,-1.9564002235886058,3.1302403577417675
2026-04-10,17.55,17.84,17.49,17.6,6661400.0,119141501.0,1158008405.0,0.005752462565243643,0.060000000000002274,0.3420752565564511,1.9954389965792556
2026-04-13,17.49,17.59,17.19,17.27,6009472.0,105790913.0,1158008405.0,0.005189489103924077,-0.33000000000000185,-1.8750000000000155,2.2727272727272645
2026-04-14,17.28,17.43,17.07,17.29,5872600.0,102459992.0,1158008405.0,0.005071293070623265,0.019999999999999574,0.11580775911985697,2.084539664157495
2026-04-15,17.39,17.66,17.16,17.63,8800238.0,155774477.0,1158008405.0,0.007599459522057614,0.33999999999999986,1.9664545980335513,2.891844997108155
2026-04-16,17.74,17.96,17.5,17.84,8128720.0,146258050.0,1158008405.0,0.007019569085079309,0.21000000000000085,1.1911514463981865,2.6091888825865053
2026-04-17,17.78,17.79,17.24,17.56,6526999.0,115786264.0,1158008405.0,0.005636400367923063,-0.28000000000000114,-1.5695067264574036,3.0829596412556093
2026-04-20,17.54,17.56,16.96,16.97,9328700.0,161863209.0,1158008405.0,0.008055813722699189,-0.5899999999999999,-3.3599088838268787,3.416856492027323
2026-04-21,17.16,18.4,17.0,17.78,16318229.0,294286940.0,1158008405.0,0.014091632607796141,0.8100000000000023,4.773129051266944,8.249852681202114
2026-04-22,17.64,18.37,17.63,18.17,12314922.0,224926432.0,1158008405.0,0.010634570480513913,0.39000000000000057,2.1934758155230716,4.161979752530945
2026-04-23,18.04,18.55,17.87,18.25,12468000.0,230357209.0,1158008405.0,0.010766761230891066,0.0799999999999983,0.44028618602089953,3.742432581177764
2026-04-24,18.3,18.4,18.04,18.12,10457773.0,192763285.0,1158008405.0,0.00903082650768843,-0.129999999999999,-0.7123287671232825,1.9726027397260242
2026-04-27,18.07,18.6,18.07,18.56,12772603.0,237870664.0,1158008405.0,0.011029801636025259,0.4399999999999977,2.428256070640167,2.924944812362037
2026-04-28,18.47,19.11,18.38,18.58,11719477.0,221667654.0,1158008405.0,0.010120373003682992,0.019999999999999574,0.10775862068965747,3.9331896551724164
2026-04-29,18.6,18.88,18.37,18.47,8348177.0,154330286.0,1158008405.0,0.007209081526485121,-0.10999999999999943,-0.5920344456404658,2.7448869752421854
2026-04-30,18.46,18.51,17.93,18.27,11073193.0,201857160.0,1158008405.0,0.00956227342754045,-0.1999999999999993,-1.0828370330265291,3.1402273957769458
2026-05-06,18.3,18.7,17.71,17.9,14589183.0,262868841.0,1158008405.0,0.012598512184373998,-0.370000000000001,-2.025177887246854,5.418719211822651
2026-05-07,17.9,17.94,17.24,17.45,13473498.0,235400842.0,1158008405.0,0.011635060628078947,-0.4499999999999993,-2.5139664804469275,3.910614525139681
2026-05-08,17.5,17.64,17.27,17.52,8945309.0,156379161.0,1158008405.0,0.007724735814849289,0.07000000000000028,0.40114613180515235,2.1203438395415533
2026-05-11,17.43,19.27,17.26,19.27,28099665.0,518307396.0,1158008405.0,0.02426551040447759,1.75,9.988584474885842,11.472602739726016
2026-05-12,19.35,19.48,18.4,18.48,27344393.0,511577905.0,1158008405.0,0.02361329406758494,-0.7899999999999991,-4.099636741048263,5.6045666839647215
2026-05-13,18.57,18.67,17.85,18.03,20080626.0,362199933.0,1158008405.0,0.017340656521400637,-0.4499999999999993,-2.4350649350649345,4.437229437229439
2026-05-14,17.99,18.1,17.31,17.31,18820117.0,330728625.0,1158008405.0,0.016252141969556776,-0.7200000000000024,-3.9933444259567574,4.381586245146992
2026-05-15,17.15,17.37,16.42,16.6,20383507.0,343373958.0,1158008405.0,0.017602209890695913,-0.7099999999999973,-4.101675332177912,5.488157134604271
2026-05-18,16.47,16.93,16.43,16.71,15971400.0,265830539.0,1158008405.0,0.013792127873199677,0.10999999999999943,0.6626506024096424,3.012048192771084
2026-05-19,16.66,16.85,16.1,16.4,13853745.0,226918825.0,1158008405.0,0.01196342352972818,-0.3100000000000023,-1.8551765409934307,4.488330341113106
2026-05-20,16.32,16.92,16.23,16.82,16359573.0,271325152.0,1158008405.0,0.014127335284755554,0.4200000000000017,2.5609756097561,4.207317073170739
2026-05-21,16.99,17.42,16.84,16.98,14751477.0,252145497.0,1158008405.0,0.012738661426209597,0.16000000000000014,0.9512485136742077,3.4482758620689764
2026-05-22,17.1,17.15,16.72,16.91,8817038.0,149039983.0,1158008405.0,0.0076139671887787376,-0.07000000000000028,-0.41224970553592755,2.5323910482921064
2026-05-25,16.91,17.29,16.73,17.25,9828691.0,168192710.0,1158008405.0,0.008487581746006412,0.33999999999999986,2.0106445890005986,3.3116499112950843
2026-05-26,17.11,17.53,16.99,17.22,10490041.0,181448609.0,1158008405.0,0.009058691590412074,-0.030000000000001137,-0.17391304347826875,3.1304347826087113
2026-05-27,17.14,17.15,16.55,16.79,12085007.0,203137941.0,1158008405.0,0.010436027016574203,-0.4299999999999997,-2.4970963995354256,3.4843205574912774
2026-05-28,16.77,16.87,16.3,16.52,7442200.0,122846986.0,1158008405.0,0.0064267236471396766,-0.2699999999999996,-1.6081000595592587,3.394877903513998
2026-05-29,16.53,16.94,16.49,16.61,7484700.0,124966324.0,1158008405.0,0.0064634245897377575,0.08999999999999986,0.5447941888619745,2.7239709443099445
2026-06-01,16.55,16.95,16.49,16.8,8835000.0,148264885.0,1158008405.0,0.007629478302448072,0.19000000000000128,1.14388922335944,2.769416014449132
2026-06-02,16.7,16.83,16.36,16.45,7596610.0,125175589.0,1158008405.0,0.006560064648235433,-0.3500000000000014,-2.083333333333337,2.797619047619041
2026-06-03,16.4,16.7,16.04,16.45,8601893.0,140619779.0,1158008405.0,0.0074281783818313475,0.0,0.0,4.012158054711247
2026-06-04,16.4,16.54,15.9,16.05,7528797.0,121297098.0,1158008405.0,0.006501504624225936,-0.3999999999999986,-2.4316109422492294,3.8905775075987767
2026-06-05,16.2,16.66,16.1,16.13,7785947.0,127337204.0,1158008405.0,0.006723566915734088,0.0799999999999983,0.4984423676012373,3.4890965732087142
2026-06-08,15.95,16.15,15.44,15.85,9685667.0,152379732.0,1158008405.0,0.008364073143320579,-0.27999999999999936,-1.7358958462492247,4.401735895846244
2026-06-09,15.85,15.89,15.31,15.5,6924683.0,107380950.0,1158008405.0,0.005979821018656596,-0.34999999999999964,-2.208201892744477,3.659305993690852
2026-06-10,15.43,15.65,15.28,15.63,4586300.0,71017975.0,1158008405.0,0.003960506659707708,0.13000000000000078,0.8387096774193692,2.3870967741935547
2026-06-11,15.5,15.62,15.19,15.41,6842355.0,104919964.0,1158008405.0,0.005908726543310366,-0.22000000000000064,-1.4075495841330832,2.751119641714649
2026-06-12,15.62,16.29,15.42,16.07,8972500.0,143354575.0,1158008405.0,0.007748216646147745,0.6600000000000001,4.28293316028554,5.645684620376374
2026-06-15,16.06,16.5,16.06,16.46,8060929.0,131313808.0,1158008405.0,0.006961028059204804,0.39000000000000057,2.426882389545737,2.7380211574362243
2026-06-16,16.39,16.5,16.15,16.35,6002620.0,97749072.0,1158008405.0,0.005183572048425676,-0.10999999999999943,-0.6682867557715633,2.126366950182269
2026-06-17,16.23,16.35,16.17,16.29,3591066.0,58324684.0,1158008405.0,0.00310107075604516,-0.060000000000002274,-0.3669724770642313,1.1009174311926586
2026-06-18,16.23,16.68,16.09,16.37,7227569.0,118743972.0,1158008405.0,0.006241378705709826,0.08000000000000185,0.49109883364029105,3.621853898096991
