date,open,high,low,close,volume,amount,outstanding_share,turnover,change,pct_chg,amplitude
2023-05-24,14.44,16.43,14.03,15.01,16126060.0,499316062.0,27808564.0,0.5798954595426071,,,
2023-05-25,14.04,18.26,13.8,17.02,17343072.0,551000926.0,27808564.0,0.6236593878058572,2.01,13.391072618254496,29.713524317121927
2023-05-26,15.74,16.19,14.84,14.87,12816816.0,398736293.0,27808564.0,0.4608945647103533,-2.1500000000000004,-12.632197414806113,7.931844888366636
2023-05-29,14.24,15.51,14.02,15.07,8917864.0,263714083.0,27808564.0,0.32068768455645535,0.20000000000000107,1.344989912575656,10.020174848688637
2023-05-30,14.94,16.33,14.72,15.24,10864287.0,341393644.0,27808564.0,0.39068133831002566,0.16999999999999993,1.1280690112806857,10.683477106834756
2023-05-31,15.11,16.76,15.11,16.76,10133269.0,337723287.0,27808564.0,0.3643938248663254,1.5200000000000014,9.973753280839915,10.826771653543322
2023-06-01,17.18,18.11,16.02,16.03,17375154.0,586789170.0,27808564.0,0.6248130611850364,-0.7300000000000004,-4.35560859188544,12.470167064439138
2023-06-02,14.44,15.13,14.44,14.92,10880544.0,324402610.0,27808564.0,0.3912659423909843,-1.1100000000000012,-6.924516531503433,4.304429195258897
2023-06-05,14.66,14.86,14.43,14.56,6028110.0,176633632.0,27808564.0,0.21677171104556137,-0.35999999999999943,-2.4128686327077764,2.8820375335120625
2023-06-06,14.45,14.47,14.0,14.1,5877120.0,167236160.0,27808564.0,0.21134208871770582,-0.46000000000000085,-3.1593406593406703,3.2280219780219825
2023-06-07,14.13,14.39,14.07,14.32,4098820.0,116930923.0,27808564.0,0.14739416246016873,0.22000000000000064,1.5602836879432758,2.269503546099293
2023-06-08,14.24,14.27,13.86,13.91,4109496.0,115770463.0,27808564.0,0.14777807297061438,-0.41000000000000014,-2.863128491620115,2.8631284916201127
2023-06-09,13.92,14.29,13.92,14.06,3765049.0,106786285.0,27808564.0,0.1353917088275396,0.15000000000000036,1.078360891444996,2.659956865564337
2023-06-12,13.89,14.68,13.58,14.54,6613866.0,189097285.0,27808564.0,0.23783558187326753,0.47999999999999865,3.413940256045511,7.82361308677098
2023-06-13,14.47,14.73,14.29,14.33,4665840.0,135067687.0,27808564.0,0.16778428400689802,-0.20999999999999908,-1.4442916093534985,3.0261348005502153
2023-06-14,14.26,14.44,14.07,14.15,3529844.0,100901678.0,27808564.0,0.12693370286937505,-0.17999999999999972,-1.2561060711793415,2.5819958129797573
2023-06-15,14.15,14.37,13.9,14.15,3552244.0,101185025.0,27808564.0,0.12773921012246442,0.0,0.0,3.321554770318013
2023-06-16,14.07,15.57,14.07,15.57,13437893.0,411952529.0,27808564.0,0.4832285838276295,1.42,10.035335689045933,10.60070671378092
2023-06-19,17.03,17.13,16.43,17.13,7825655.0,267739026.0,27808564.0,0.28141169029799595,1.5599999999999987,10.019267822736033,4.495825305073856
2023-06-20,16.93,17.97,15.91,16.53,17323823.0,588027016.0,27808564.0,0.6229671909703788,-0.5999999999999979,-3.5026269702276625,12.025685931114996
2023-06-21,16.6,17.86,16.6,16.93,11327906.0,388766341.0,27808564.0,0.4073531448801168,0.3999999999999986,2.4198427102238185,7.622504537205069
2023-06-26,17.31,18.39,16.08,16.83,10064488.0,351256831.0,27808564.0,0.36192045011745305,-0.10000000000000142,-0.5906674542232815,13.644418192557604
2023-06-27,16.93,17.21,15.64,16.08,7880748.0,255250475.0,27808564.0,0.2833928425789983,-0.75,-4.456327985739749,9.328579916815213
2023-06-28,16.15,17.09,15.69,16.88,7570924.0,248587150.0,27808564.0,0.27225152654412504,0.8000000000000007,4.975124378109452,8.706467661691546
2023-06-29,16.42,18.57,16.32,18.57,8815071.0,308903462.0,27808564.0,0.31699123334811535,1.6900000000000013,10.011848341232232,13.329383886255924
2023-06-30,18.57,18.57,17.64,17.78,8848533.0,320115624.0,27808564.0,0.31819453172770806,-0.7899999999999991,-4.254173397953687,5.0080775444264924
2023-07-03,17.93,18.11,17.18,17.34,5815859.0,205461269.0,27808564.0,0.20913913426094205,-0.4400000000000013,-2.474690663667045,5.230596175478063
2023-07-04,17.49,17.83,17.17,17.55,5472451.0,192782944.0,27808564.0,0.19679013270875836,0.21000000000000085,1.211072664359869,3.8062283737024027
2023-07-05,17.16,17.3,16.63,16.71,5548301.0,188178523.0,27808564.0,0.1995177097242418,-0.8399999999999999,-4.78632478632478,3.8176638176638273
2023-07-06,16.58,16.95,16.36,16.76,3506192.0,117424711.0,27808564.0,0.12608317351446122,0.05000000000000071,0.29922202274088594,3.530819868342309
2023-07-07,16.66,16.86,16.28,16.28,2904498.0,96481588.0,27808564.0,0.10444616989212388,-0.4800000000000004,-2.863961813842486,3.4606205250596553
2023-07-10,16.24,17.26,16.24,16.62,4184175.0,140532389.0,27808564.0,0.15046354065603676,0.33999999999999986,2.0884520884520974,6.265356265356284
2023-07-11,16.6,17.08,16.56,16.91,4021034.0,135991429.0,27808564.0,0.14459696660352545,0.28999999999999915,1.7448856799037182,3.1287605294825487
2023-07-12,16.79,17.13,16.43,16.44,4111892.0,138656258.0,27808564.0,0.14786423347857874,-0.46999999999999886,-2.779420461265514,4.13956238911886
2023-07-13,16.18,16.41,15.94,16.18,3573532.0,115620444.0,27808564.0,0.12850472969406115,-0.26000000000000156,-1.5815085158150999,2.8588807785888117
2023-07-14,16.13,16.28,15.93,16.06,1980647.0,64056005.0,27808564.0,0.07122435376382613,-0.120000000000001,-0.7416563658838138,2.163164400494446
2023-07-17,15.98,16.18,15.66,16.18,1841918.0,59017493.0,27808564.0,0.06623563877660134,0.120000000000001,0.7471980074719831,3.237858032378578
2023-07-18,16.04,16.27,15.84,16.2,2048820.0,66165889.0,27808564.0,0.07367586474440033,0.019999999999999574,0.12360939431397266,2.657601977750307
2023-07-19,16.14,16.15,15.81,15.82,1845210.0,59043929.0,27808564.0,0.0663540195746893,-0.379999999999999,-2.3456790123456694,2.0987654320987534
2023-07-20,15.81,16.07,15.63,15.69,1664387.0,52957437.0,27808564.0,0.05985159823427057,-0.13000000000000078,-0.821744627054366,2.781289506953221
2023-07-21,15.5,15.82,15.29,15.43,1433648.0,44677630.0,27808564.0,0.051554190284690715,-0.2599999999999998,-1.6571064372211564,3.377947737412372
2023-07-24,15.42,15.57,15.34,15.44,728621.0,22601258.0,27808564.0,0.026201316975590683,0.009999999999999787,0.06480881399870686,1.4906027219701907
2023-07-25,15.57,15.85,15.57,15.63,1500453.0,47244124.0,27808564.0,0.05395650778659409,0.19000000000000128,1.2305699481865329,1.8134715025906696
2023-07-26,15.56,15.61,15.12,15.17,1607042.0,49442965.0,27808564.0,0.05778946370621654,-0.46000000000000085,-2.943058221369166,3.1349968010236733
2023-07-27,15.43,15.76,15.22,15.23,1963574.0,61002056.0,27808564.0,0.07061040620436208,0.0600000000000005,0.39551746868820015,3.5596572181937978
2023-07-28,15.09,15.69,14.87,15.46,2069115.0,63468816.0,27808564.0,0.07440567589178643,0.23000000000000043,1.5101772816809023,5.384110308601446
2023-07-31,15.49,15.76,15.19,15.27,1970827.0,60957906.0,27808564.0,0.07087122513769499,-0.19000000000000128,-1.2289780077619716,3.686934023285901
2023-08-01,15.22,15.3,14.95,14.99,1832665.0,55493740.0,27808564.0,0.06590289955281402,-0.27999999999999936,-1.8336607727570398,2.2920759659463092
2023-08-02,14.99,15.11,14.86,14.99,1167793.0,35071816.0,27808564.0,0.041994005875312365,0.0,0.0,1.6677785190126753
2023-08-03,14.93,14.98,14.75,14.88,1126989.0,33602231.0,27808564.0,0.04052668810946153,-0.10999999999999943,-0.7338225483655703,1.534356237491664
2023-08-04,14.87,15.02,14.84,14.91,1058329.0,31732725.0,27808564.0,0.0380576645381617,0.02999999999999936,0.20161290322580072,1.2096774193548367
2023-08-07,14.91,14.97,14.62,14.71,1257287.0,37349092.0,27808564.0,0.045212223112275775,-0.1999999999999993,-1.341381623071758,2.3474178403755963
2023-08-08,14.74,14.89,14.63,14.87,1388739.0,41232944.0,27808564.0,0.049939256122682206,0.15999999999999837,1.0876954452753163,1.7675050985723983
2023-08-09,14.78,14.82,14.44,14.72,1590480.0,46681982.0,27808564.0,0.05719389178096359,-0.14999999999999858,-1.0087424344317308,2.555480833893751
2023-08-10,14.69,15.11,14.65,15.08,2306879.0,69216946.0,27808564.0,0.08295570386158739,0.35999999999999943,2.4456521739130377,3.124999999999994
2023-08-11,15.17,15.17,14.7,14.82,1456180.0,43495672.0,27808564.0,0.05236444427695008,-0.2599999999999998,-1.7241379310344862,3.1167108753315693
2023-08-14,14.62,14.97,14.52,14.89,1310695.0,38924287.0,27808564.0,0.04713278254857029,0.07000000000000028,0.47233468286100866,3.03643724696357
2023-08-15,14.89,15.66,14.84,15.36,4710466.0,144420934.0,27808564.0,0.16938904144780723,0.46999999999999886,3.156480859637334,5.5070517125587655
2023-08-16,15.29,15.61,14.96,15.07,3543949.0,108266621.0,27808564.0,0.12744092071780477,-0.28999999999999915,-1.888020833333326,4.231770833333324
2023-08-17,15.03,15.51,14.25,15.39,5328830.0,159584081.0,27808564.0,0.19162550069108208,0.3200000000000003,2.1234240212342437,8.36098208360982
2023-08-18,15.34,16.18,15.3,15.71,7978581.0,252523481.0,27808564.0,0.2869109314670114,0.3200000000000003,2.079272254710851,5.717998700454834
2023-08-21,15.49,16.0,15.34,15.6,5418296.0,170201344.0,27808564.0,0.1948427110439791,-0.11000000000000121,-0.700190961171232,4.201145767027372
2023-08-22,15.59,15.91,14.94,15.3,4868010.0,150601119.0,27808564.0,0.17505434656748187,-0.29999999999999893,-1.9230769230769162,6.2179487179487225
2023-08-23,15.44,15.57,14.68,14.84,3340659.0,100413355.0,27808564.0,0.12013058279456645,-0.46000000000000085,-3.0065359477124187,5.816993464052291
2023-08-24,14.69,14.88,14.26,14.69,2833157.0,82987661.0,27808564.0,0.1018807371714699,-0.15000000000000036,-1.0107816711590334,4.177897574123996
2023-08-25,14.47,14.64,13.82,13.87,2781087.0,79249791.0,27808564.0,0.1000082924094894,-0.8200000000000003,-5.582028590878152,5.58202859087815
2023-08-28,15.23,15.23,14.32,14.39,4587680.0,136143883.0,27808564.0,0.16497363905593976,0.5200000000000014,3.749098774333093,6.5609228550829135
2023-08-29,14.39,15.83,14.39,15.83,2861220.0,88807586.0,27808564.0,0.10288988672698093,1.4399999999999995,10.006949270326615,10.006949270326611
2023-08-30,16.3,16.66,15.93,15.95,8112464.0,264125147.0,27808564.0,0.2917253835904651,0.11999999999999922,0.7580543272267759,4.6114971572962755
2023-08-31,15.95,16.13,15.75,15.85,3803252.0,121543700.0,27808564.0,0.13676549425565449,-0.09999999999999964,-0.6269592476489061,2.3824451410658245
2023-09-01,15.81,16.04,15.62,15.88,3071070.0,97826460.0,27808564.0,0.11043612320290973,0.030000000000001137,0.18927444794953896,2.649842271293375
2023-09-04,15.89,16.12,15.71,15.93,2639497.0,84188762.0,27808564.0,0.09491669544676956,0.049999999999998934,0.31486146095718315,2.581863979848867
2023-09-05,15.82,16.11,15.74,15.74,2077203.0,66187480.0,27808564.0,0.07469652154638405,-0.1899999999999995,-1.1927181418706856,2.322661644695538
2023-09-06,15.86,15.92,15.49,15.63,2533712.0,79734266.0,27808564.0,0.09111265148390978,-0.10999999999999943,-0.6988564167725531,2.7318932655654367
2023-09-07,15.44,15.6,14.78,14.78,2790192.0,84242790.0,27808564.0,0.10033570953178308,-0.8500000000000014,-5.438259756877805,5.24632117722329
2023-09-08,14.77,15.15,14.58,14.98,1894440.0,56676263.0,27808564.0,0.06812433752422455,0.20000000000000107,1.3531799729364025,3.8565629228687435
2023-09-11,14.91,15.33,14.77,15.23,2059232.0,62326913.0,27808564.0,0.07405028177650597,0.25,1.6688918558077415,3.738317757009349
2023-09-12,15.3,15.53,15.25,15.29,1564946.0,48239589.0,27808564.0,0.05627568543273216,0.05999999999999872,0.3939592908732692,1.8384766907419525
2023-09-13,15.2,15.29,14.76,14.89,1393440.0,41765398.0,27808564.0,0.050108304765395295,-0.3999999999999986,-2.6160889470241866,3.466317854807059
2023-09-14,14.87,14.89,14.5,14.61,1075422.0,31701232.0,27808564.0,0.0386723313005303,-0.28000000000000114,-1.8804566823371505,2.619207521826733
2023-09-15,14.62,14.7,14.37,14.48,1134883.0,32998414.0,27808564.0,0.04081055749588508,-0.129999999999999,-0.8898015058179221,2.258726899383984
2023-09-18,14.4,15.88,14.35,15.19,3257735.0,99805935.0,27808564.0,0.11714862371174578,0.7099999999999991,4.903314917127055,10.566298342541444
2023-09-19,15.14,15.17,14.75,14.99,1968103.0,58880941.0,27808564.0,0.07077326970209609,-0.1999999999999993,-1.3166556945358732,2.764976958525345
2023-09-20,15.02,15.68,15.01,15.24,3428900.0,105836803.0,27808564.0,0.12330374196956016,0.25,1.6677785190126748,4.469646430953969
2023-09-21,15.11,16.76,15.09,16.76,5746506.0,187676733.0,27808564.0,0.20664519030899978,1.5200000000000014,9.973753280839915,10.958005249343843
2023-09-22,18.44,18.44,18.43,18.44,4826165.0,178712875.0,27808564.0,0.17354959429044953,1.6799999999999997,10.023866348448696,0.05966587112172769
2023-09-25,20.28,20.28,20.28,20.28,7006904.0,285391200.0,27808564.0,0.2519692854330774,1.8399999999999999,9.97830802603037,0.0
2023-09-26,20.91,22.31,19.71,22.31,11542888.0,492591674.0,27808564.0,0.4150839288213516,2.0299999999999976,10.009861932938847,12.820512820512809
2023-09-27,22.41,24.54,20.08,20.19,23462747.0,1067815680.0,27808564.0,0.8437237895491475,-2.1199999999999974,-9.502465262214244,19.991035410129992
2023-09-28,18.17,19.21,18.17,18.37,18241156.0,678374009.0,27808564.0,0.6559546188720856,-1.8200000000000003,-9.014363546310056,5.151064883605741
2023-10-09,18.37,20.21,18.37,20.21,13533910.0,528359227.0,27808564.0,0.48668136909190995,1.8399999999999999,10.01633097441481,10.016330974414805
2023-10-10,20.42,20.72,19.23,19.48,15984491.0,635555036.0,27808564.0,0.574804617742937,-0.7300000000000004,-3.6120732310737313,7.372587827808008
2023-10-11,19.4,19.42,18.68,19.01,8172340.0,313122745.0,27808564.0,0.2938785332460892,-0.46999999999999886,-2.4127310061601626,3.7987679671458006
2023-10-12,18.73,19.06,18.53,18.83,7349657.0,276926889.0,27808564.0,0.2642947330901373,-0.18000000000000327,-0.946870068385075,2.7880063124671097
2023-10-13,18.68,19.0,18.18,18.19,9129691.0,338482866.0,27808564.0,0.3283050142394983,-0.639999999999997,-3.398831651619738,4.354753053637814
2023-10-16,17.93,18.46,17.77,18.03,6843273.0,249254199.0,27808564.0,0.24608509090940475,-0.16000000000000014,-0.8796041781198416,3.7932930181418434
2023-10-17,17.83,18.03,16.99,17.25,7274186.0,253151138.0,27808564.0,0.26158078496969495,-0.7800000000000011,-4.326123128119807,5.768164170826415
2023-10-18,17.16,17.86,16.69,17.58,8229512.0,287604905.0,27808564.0,0.2959344466690189,0.3299999999999983,1.9130434782608674,6.782608695652163
2023-10-19,17.28,18.14,17.01,17.78,7978414.0,281743006.0,27808564.0,0.2869049261227584,0.20000000000000284,1.1376564277588264,6.4277588168373105
2023-10-20,17.39,18.17,17.23,17.23,6513380.0,230653402.0,27808564.0,0.2342220907199667,-0.5500000000000007,-3.093363329583809,5.286839145106868
2023-10-23,17.08,18.42,17.08,18.02,9374555.0,335622941.0,27808564.0,0.33711035924041244,0.7899999999999991,4.585026117237367,7.777132907719114
2023-10-24,18.3,19.07,18.05,19.07,11604389.0,435073983.0,27808564.0,0.41729551371296986,1.0500000000000007,5.826859045504995,5.660377358490564
2023-10-25,18.62,19.0,18.13,18.97,8982616.0,335563752.0,27808564.0,0.32301617588020726,-0.10000000000000142,-0.524383848977461,4.562139486103833
2023-10-26,18.55,19.81,18.28,19.34,10289830.0,391695433.0,27808564.0,0.37002378116324164,0.370000000000001,1.950448075909339,8.06536636794938
2023-10-27,19.36,21.21,19.13,19.43,13193290.0,527817676.0,27808564.0,0.4744326244246197,0.08999999999999986,0.46535677352637084,10.754912099276122
2023-10-30,19.18,19.19,17.54,18.09,8868226.0,321772633.0,27808564.0,0.31890269486766737,-1.3399999999999999,-6.896551724137934,8.492022645393732
2023-10-31,17.93,18.08,17.13,17.39,6742642.0,238034486.0,27808564.0,0.24246638553504596,-0.6999999999999993,-3.8695411829740123,5.251520176893307
2023-11-01,17.38,18.04,17.18,17.73,5876412.0,208679879.0,27808564.0,0.21131662893488495,0.33999999999999986,1.9551466359976954,4.945370902817707
2023-11-02,17.92,18.23,17.65,17.82,6627680.0,238619313.0,27808564.0,0.23833233531943612,0.08999999999999986,0.50761421319796,3.2712915961647027
2023-11-03,18.11,18.41,17.83,18.03,6093846.0,221572867.0,27808564.0,0.21913558715221684,0.21000000000000085,1.1784511784511897,3.254769921436598
2023-11-06,17.85,18.41,17.85,18.41,6657736.0,243021981.0,27808564.0,0.23941315344438496,0.379999999999999,2.1075984470327214,3.1059345535219007
2023-11-07,18.26,18.82,18.08,18.69,7033143.0,262469383.0,27808564.0,0.252912843683694,0.28000000000000114,1.5209125475285301,4.0195545898968055
2023-11-08,18.57,18.65,18.11,18.43,5604399.0,206428465.0,27808564.0,0.20153500195119747,-0.26000000000000156,-1.3911182450508375,2.8892455858747947
2023-11-09,18.24,18.45,17.85,17.99,4336141.0,157789719.0,27808564.0,0.15592826008563404,-0.4400000000000013,-2.387411828540431,3.2555615843732926
2023-11-10,17.92,18.08,17.53,17.75,2995539.0,106516921.0,27808564.0,0.10772001747375377,-0.23999999999999844,-1.3340744858254538,3.0572540300166606
2023-11-13,17.77,19.07,17.66,18.84,8813442.0,331185669.0,27808564.0,0.3169326542715402,1.0899999999999999,6.14084507042254,7.943661971830987
2023-11-14,18.72,19.12,18.5,19.12,9315787.0,353326734.0,27808564.0,0.3349970534257001,0.28000000000000114,1.4861995753715496,3.290870488322723
2023-11-15,19.12,19.85,18.67,19.42,9233554.0,355798312.0,27808564.0,0.3320399428032314,0.3000000000000007,1.5690376569037712,6.17154811715481
2023-11-16,19.42,20.62,19.12,19.92,10886200.0,432964252.0,27808564.0,0.3914693329723894,0.5,2.5746652935118464,7.723995880535529
2023-11-17,19.42,20.3,19.36,19.48,7996017.0,317726612.0,27808564.0,0.2875379325591929,-0.4400000000000013,-2.208835341365467,4.718875502008038
2023-11-20,19.38,20.35,19.15,20.14,8816669.0,348900988.0,27808564.0,0.31704869766018845,0.6600000000000001,3.3880903490759673,6.160164271047242
2023-11-21,20.44,20.44,19.32,19.52,7907945.0,315021777.0,27808564.0,0.2843708506487426,-0.620000000000001,-3.0784508440913627,5.56107249255214
2023-11-22,19.27,21.47,19.14,21.47,12144756.0,496653995.0,27808564.0,0.43672718950895845,1.9499999999999993,9.989754098360649,11.936475409836058
2023-11-23,21.01,21.01,19.85,20.18,12661920.0,515629516.0,27808564.0,0.45532448205524023,-1.2899999999999991,-6.008383791336747,5.402887750349326
2023-11-24,19.83,20.06,18.67,18.69,9104518.0,352496584.0,28380000.0,0.320807540521494,-1.4899999999999984,-7.383548067393453,6.888007928642205
2023-11-27,18.87,19.87,18.83,19.52,8311902.0,323707128.0,28380000.0,0.2928788583509514,0.8299999999999983,4.440877474585325,5.564472980203331
2023-11-28,19.17,20.2,19.07,20.2,9378101.0,372670085.0,28380000.0,0.33044753347427763,0.6799999999999997,3.4836065573770503,5.7889344262295035
2023-11-29,20.29,20.62,19.82,20.07,8188703.0,332599331.0,28380000.0,0.2885378083157153,-0.129999999999999,-0.6435643564356441,3.960396039603964
2023-11-30,20.31,20.31,19.12,19.53,5492956.0,216057558.0,28380000.0,0.19355024665257223,-0.5399999999999991,-2.6905829596412523,5.929247633283497
2023-12-01,19.33,19.45,18.47,18.93,5209191.0,196800653.0,28380000.0,0.1835514799154334,-0.6000000000000014,-3.0721966205837226,5.017921146953406
2023-12-04,18.88,19.03,18.6,18.95,3374032.0,127810120.0,28380000.0,0.1188876673713883,0.019999999999999574,0.10565240359217132,2.271526677231906
2023-12-05,18.96,18.96,18.17,18.17,3489616.0,129278085.0,28380000.0,0.12296039464411558,-0.7799999999999976,-4.116094986807372,4.168865435356197
2023-12-06,18.08,18.65,17.94,18.02,3119243.0,114608833.0,28380000.0,0.1099099013389711,-0.15000000000000213,-0.8255365987892227,3.907539900935593
2023-12-07,17.93,18.02,17.37,17.39,4304447.0,152445311.0,28380000.0,0.15167184637068357,-0.629999999999999,-3.4961154273029926,3.6071032186459413
2023-12-08,17.23,17.55,17.11,17.25,2763952.0,95805614.0,28380000.0,0.09739083861874559,-0.14000000000000057,-0.8050603795284661,2.5301897642323246
2023-12-11,17.14,17.72,17.11,17.71,3399445.0,119839581.0,28380000.0,0.11978312191684284,0.46000000000000085,2.6666666666666616,3.536231884057968
2023-12-12,17.58,17.95,17.5,17.83,2616373.0,93364866.0,28380000.0,0.09219073291050035,0.11999999999999744,0.6775832862789155,2.540937323546015
2023-12-13,17.78,18.07,17.6,17.74,2691232.0,96305437.0,28380000.0,0.09482847075405215,-0.08999999999999986,-0.5047672462142438,2.6360067302299433
2023-12-14,17.82,17.82,17.3,17.4,2349344.0,82724547.0,28380000.0,0.08278167723749119,-0.33999999999999986,-1.916572717023679,2.931228861330325
2023-12-15,17.4,17.56,17.33,17.5,1409087.0,49378350.0,28380000.0,0.04965070472163496,0.10000000000000142,0.5747126436781658,1.3218390804597726
2023-12-18,17.48,17.65,17.25,17.41,1462943.0,51337652.0,28380000.0,0.0515483791402396,-0.08999999999999986,-0.5142857142857116,2.2857142857142776
2023-12-19,17.37,17.41,17.0,17.17,1725019.0,59479021.0,28380000.0,0.06078291050035236,-0.23999999999999844,-1.378518093049963,2.354968408960368
2023-12-20,17.13,17.6,17.13,17.21,1800793.0,62867163.0,28380000.0,0.06345288935870332,0.03999999999999915,0.2329644729178737,2.737332556785104
2023-12-21,17.11,18.05,16.83,17.63,3175940.0,110843646.0,28380000.0,0.111907681465821,0.41999999999999815,2.440441603718768,7.08890180127834
2023-12-22,17.57,17.98,17.36,17.57,2857240.0,101529771.0,28380000.0,0.10067794221282593,-0.05999999999999872,-0.3403289846851898,3.516732841747028
2023-12-25,17.58,18.61,17.58,18.61,6606443.0,241804537.0,28380000.0,0.2327851656095842,1.0399999999999991,5.919180421172454,5.862265224815031
2023-12-26,18.4,18.4,17.84,18.11,4263374.0,154918938.0,28380000.0,0.1502245947850599,-0.5,-2.68672756582482,3.0091348737237977
2023-12-27,18.08,18.21,17.6,17.64,2912477.0,103816803.0,28380000.0,0.10262427766032417,-0.46999999999999886,-2.5952512424075036,3.368304803975701
2023-12-28,17.84,18.51,17.84,18.13,3892174.0,141823807.0,28380000.0,0.1371449612403101,0.48999999999999844,2.777777777777768,3.7981859410430934
2023-12-29,17.66,18.38,17.13,18.01,4039449.0,145841143.0,28380000.0,0.14233435517970403,-0.11999999999999744,-0.6618863761720717,6.894649751792609
2024-01-02,18.03,18.59,17.95,18.26,3706852.0,136367525.0,28380000.0,0.13061494009866104,0.25,1.3881177123820088,3.5535813436979486
2024-01-03,18.25,18.26,17.58,17.72,2658941.0,95070278.0,28380000.0,0.09369066243833686,-0.5400000000000027,-2.95728368017526,3.7239868565169947
2024-01-04,17.73,19.03,17.38,18.45,5172896.0,190133619.0,28380000.0,0.1822725863284003,0.7300000000000004,4.1196388261851125,9.3115124153499
2024-01-05,18.67,18.95,18.32,18.75,7037711.0,264744740.0,28380000.0,0.24798136011275546,0.3000000000000007,1.6260162601626105,3.414634146341458
2024-01-08,18.33,18.86,17.98,18.56,4185125.0,155347836.0,28380000.0,0.14746740662438337,-0.19000000000000128,-1.0133333333333439,4.693333333333328
2024-01-09,18.43,19.17,17.94,17.94,5862514.0,219645541.0,28380000.0,0.2065720225510923,-0.6199999999999974,-3.3405172413792927,6.627155172413795
2024-01-10,17.67,17.68,16.17,16.26,5483608.0,184657652.0,28380000.0,0.19322085976039463,-1.6799999999999997,-9.364548494983271,8.416945373467101
2024-01-11,16.17,16.68,15.83,16.63,3663165.0,120219530.0,28380000.0,0.12907558139534883,0.36999999999999744,2.2755227552275326,5.227552275522752
2024-01-12,16.53,16.74,16.12,16.12,2599563.0,85356468.0,28380000.0,0.09159841437632135,-0.509999999999998,-3.066746843054713,3.7282020444978805
2024-01-15,16.12,16.12,15.59,15.74,2138542.0,67804405.0,28380000.0,0.0753538407329105,-0.3800000000000008,-2.3573200992555887,3.2878411910670042
2024-01-16,15.73,15.84,15.43,15.74,1959900.0,61349080.0,28380000.0,0.06905919661733616,0.0,0.0,2.6048284625158837
2024-01-17,15.72,15.75,15.19,15.19,1493929.0,46337866.0,28380000.0,0.052640204369274135,-0.5500000000000007,-3.4942820838627764,3.557814485387551
2024-01-18,15.03,15.44,14.9,15.36,1790978.0,54475907.0,28380000.0,0.06310704721634955,0.16999999999999993,1.1191573403555033,3.5549703752468673
2024-01-19,15.36,15.42,14.94,14.95,1363158.0,41374234.0,28380000.0,0.0480323467230444,-0.41000000000000014,-2.669270833333337,3.1250000000000027
2024-01-22,14.95,15.07,13.87,14.0,2572477.0,74822570.0,28380000.0,0.0906440098661029,-0.9499999999999993,-6.35451505016722,8.026755852842816
2024-01-23,13.98,14.32,13.74,14.22,1805515.0,51243256.0,28380000.0,0.063619274136716,0.22000000000000064,1.5714285714285792,4.142857142857143
2024-01-24,14.32,14.52,13.89,14.39,1748504.0,50039659.0,28380000.0,0.06161042988019732,0.16999999999999993,1.1954992967651235,4.4303797468354364
2024-01-25,14.26,14.78,14.22,14.74,1891905.0,55435733.0,28380000.0,0.06666331923890063,0.34999999999999964,2.432244614315504,3.891591382904786
2024-01-26,14.69,14.88,14.54,14.61,1473332.0,43539989.0,28380000.0,0.05191444679351656,-0.13000000000000078,-0.8819538670284954,2.3066485753053025
2024-01-29,14.76,14.86,14.27,14.27,1115239.0,32438831.0,28380000.0,0.03929665257223397,-0.33999999999999986,-2.32717316906228,4.038329911019849
2024-01-30,14.11,14.38,13.77,13.84,1183910.0,33315844.0,28380000.0,0.04171634954193094,-0.4299999999999997,-3.0133146461107208,4.274702172389637
2024-01-31,13.67,13.92,12.84,12.87,1993608.0,53026800.0,28380000.0,0.07024693446088795,-0.9700000000000006,-7.008670520231219,7.803468208092486
2024-02-01,12.73,13.14,12.46,12.79,1574761.0,40468703.0,28380000.0,0.055488407329105004,-0.08000000000000007,-0.6216006216006265,5.283605283605282
2024-02-02,12.93,13.26,11.77,12.21,1937854.0,48185818.0,28380000.0,0.06828238195912614,-0.5799999999999983,-4.534792806880361,11.649726348709933
2024-02-05,12.03,12.2,10.99,10.99,2400309.0,54387511.0,28380000.0,0.08457748414376322,-1.2200000000000006,-9.991809991809998,9.909909909909901
2024-02-06,10.52,11.65,10.01,11.21,2700721.0,58552034.0,28380000.0,0.09516282593375616,0.22000000000000064,2.0018198362147466,14.922656960873526
2024-02-07,11.33,11.62,10.54,10.72,2715247.0,60571476.0,28380000.0,0.0956746652572234,-0.4900000000000002,-4.371097234611954,9.634255129348796
2024-02-08,10.72,11.79,10.48,11.79,3309087.0,74754708.0,28380000.0,0.1165992600422833,1.0699999999999985,9.981343283582067,12.22014925373133
2024-02-19,11.95,12.24,11.79,12.17,2985370.0,72234601.0,28380000.0,0.10519274136715998,0.3800000000000008,3.2230703986429354,3.81679389312978
2024-02-20,12.12,12.55,11.85,12.55,2321561.0,56637968.0,28380000.0,0.08180271317829457,0.3800000000000008,3.122432210353332,5.7518488085456125
2024-02-21,12.3,13.74,12.21,12.85,4313286.0,113552110.0,28380000.0,0.15198329809725158,0.29999999999999893,2.39043824701195,12.19123505976095
2024-02-22,12.69,13.29,12.6,13.22,2897346.0,75724190.0,28380000.0,0.10209112050739957,0.370000000000001,2.8793774319066268,5.369649805447467
2024-02-23,13.3,13.8,13.05,13.67,3517658.0,94510228.0,28380000.0,0.12394848484848485,0.4499999999999993,3.403933434190609,5.673222390317701
2024-02-26,13.67,14.18,13.59,13.8,3540518.0,98963560.0,28380000.0,0.12475398167723749,0.13000000000000078,0.9509875640087762,4.31602048280907
2024-02-27,15.18,15.18,15.18,15.18,1606367.0,48978130.0,28380000.0,0.056602078928823116,1.379999999999999,9.999999999999986,0.0
2024-02-28,16.7,16.7,15.19,16.25,12346117.0,402693956.0,28380000.0,0.4350287878787879,1.0700000000000003,7.04874835309619,9.94729907773386
2024-02-29,14.79,16.03,14.78,15.77,7862093.0,246288242.0,28380000.0,0.2770293516560958,-0.4800000000000004,-2.9538461538461513,7.692307692307704
2024-03-01,15.54,15.85,14.99,15.1,5536902.0,170393179.0,28380000.0,0.19509873150105708,-0.6699999999999999,-4.248573240329745,5.45339251743817
2024-03-04,14.96,15.11,14.39,14.67,4773599.0,140558816.0,28380000.0,0.16820292459478506,-0.4299999999999997,-2.847682119205297,4.768211920529794
2024-03-05,14.5,14.73,14.28,14.32,3373999.0,97859396.0,28380000.0,0.11888650458069062,-0.34999999999999964,-2.385821404226307,3.0674846625766943
2024-03-06,14.4,15.69,14.33,15.17,6352504.0,191390910.0,28380000.0,0.22383735024665258,0.8499999999999996,5.935754189944142,9.49720670391061
2024-03-07,15.0,15.63,14.94,15.04,4526100.0,138497081.0,28380000.0,0.15948202959830868,-0.13000000000000078,-0.856954515491104,4.548450889914313
2024-03-08,15.3,15.3,14.67,14.84,2548762.0,75936007.0,28380000.0,0.08980838618745596,-0.1999999999999993,-1.3297872340425454,4.188829787234048
2024-03-11,14.94,15.34,14.7,15.05,2618712.0,78743427.0,28380000.0,0.09227315010570825,0.21000000000000085,1.4150943396226578,4.312668463611864
2024-03-12,15.21,15.66,15.04,15.6,4855252.0,150003137.0,28380000.0,0.1710800563777308,0.5499999999999989,3.6544850498338777,4.119601328903661
2024-03-13,15.58,16.0,15.29,15.49,5245233.0,165828097.0,28380000.0,0.18482145877378436,-0.10999999999999943,-0.7051282051282026,4.551282051282056
2024-03-14,15.29,15.67,14.94,15.17,3825839.0,117138730.0,28380000.0,0.13480757575757576,-0.3200000000000003,-2.0658489347966436,4.712717882504845
2024-03-15,15.09,15.68,15.05,15.57,3700433.0,114722825.0,28380000.0,0.13038875968992247,0.40000000000000036,2.636783124588016,4.1529334212260975
2024-03-18,15.56,15.93,15.54,15.8,3603623.0,114039609.0,28380000.0,0.12697755461592672,0.23000000000000043,1.477199743095703,2.5048169556840114
2024-03-19,15.73,16.47,15.59,16.16,5630397.0,182157394.0,28380000.0,0.1983931289640592,0.35999999999999943,2.278481012658218,5.56962025316455
2024-03-20,16.05,16.14,15.76,15.93,3256118.0,104035315.0,28380000.0,0.11473284002818887,-0.23000000000000043,-1.42326732673268,2.3514851485148562
2024-03-21,15.94,16.11,15.5,15.9,3051919.0,96859565.0,28380000.0,0.1075376673713883,-0.02999999999999936,-0.18832391713746732,3.829252981795351
2024-03-22,15.87,16.18,15.44,15.9,3278969.0,103687927.0,28380000.0,0.11553801973220577,0.0,0.0,4.654088050314466
2024-03-25,15.9,17.48,15.65,16.46,7487245.0,248426993.0,28380000.0,0.26382117688513035,0.5600000000000005,3.5220125786163514,11.50943396226415
2024-03-26,16.63,18.11,16.24,18.11,12869375.0,455981217.0,28380000.0,0.45346634954193094,1.6499999999999986,10.024301336573505,11.360874848116651
2024-03-27,17.88,17.88,16.3,16.52,10584924.0,359789828.0,28380000.0,0.37297124735729387,-1.5899999999999999,-8.77967973495306,8.72446162341247
2024-03-28,16.45,18.07,15.44,17.58,9380869.0,318888668.0,28380000.0,0.33054506694855534,1.0599999999999987,6.4164648910411515,15.920096852300247
2024-03-29,18.97,19.0,17.68,17.75,12515442.0,459287486.0,28380000.0,0.44099513742071883,0.1700000000000017,0.9670079635950124,7.508532423208194
2024-04-01,17.43,18.47,17.05,18.37,9086865.0,329739395.0,28380000.0,0.3201855179704017,0.620000000000001,3.4929577464788863,7.999999999999989
2024-04-02,18.12,18.42,17.55,17.78,6919159.0,249299867.0,28380000.0,0.24380405214940098,-0.5899999999999999,-3.21175830157866,4.735982580293962
2024-04-03,17.47,17.49,16.57,16.73,4435506.0,151350813.0,28380000.0,0.15628985200845666,-1.0500000000000007,-5.905511811023622,5.174353205849258
2024-04-08,16.51,16.66,15.71,15.77,3594880.0,116856872.0,28380000.0,0.12666948555320648,-0.9600000000000009,-5.738194859533774,5.678421996413624
2024-04-09,15.6,15.99,15.6,15.86,2231300.0,71081076.0,28380000.0,0.07862226920366455,0.08999999999999986,0.5707038681039833,2.473050095117315
2024-04-10,15.88,15.93,14.76,15.19,3590817.0,109842769.0,28380000.0,0.12652632135306555,-0.6699999999999999,-4.224464060529631,7.377049180327869
2024-04-11,14.88,15.38,14.88,15.06,2208341.0,67167917.0,28380000.0,0.07781328400281888,-0.129999999999999,-0.8558262014483176,3.2916392363396976
2024-04-12,15.05,15.33,15.03,15.03,1711989.0,52210848.0,28380000.0,0.0603237843551797,-0.030000000000001137,-0.19920318725100694,1.992031872509965
2024-04-15,15.11,15.58,14.44,15.32,2751556.0,83951347.0,28380000.0,0.09695405214940099,0.2900000000000009,1.9294743845642115,7.584830339321362
2024-04-16,15.32,15.42,13.78,13.78,3132818.0,89426962.0,28380000.0,0.11038823114869627,-1.540000000000001,-10.052219321148836,10.704960835509143
2024-04-17,13.92,14.68,13.89,14.61,2470971.0,71589580.0,28380000.0,0.08706733615221987,0.8300000000000001,6.023222060957911,5.732946298984029
2024-04-18,14.51,15.14,14.35,14.85,2675609.0,79847884.0,28380000.0,0.09427797744890769,0.2400000000000002,1.642710472279263,5.407255304585907
2024-04-19,14.85,15.16,14.64,14.81,2036628.0,60736241.0,28380000.0,0.07176279069767443,-0.03999999999999915,-0.2693602693602637,3.5016835016834986
2024-04-22,14.76,14.91,14.17,14.37,1724793.0,50025950.0,28380000.0,0.060774947145877375,-0.4400000000000013,-2.9709655638082477,4.996623902768401
2024-04-23,14.23,14.68,14.23,14.34,1747953.0,50781672.0,28380000.0,0.06159101479915433,-0.02999999999999936,-0.20876826722338038,3.1315240083507256
2024-04-24,14.38,14.93,14.38,14.93,2567073.0,76037053.0,28380000.0,0.09045359408033826,0.5899999999999999,4.114365411436549,3.835425383542531
2024-04-25,14.88,15.08,14.68,14.69,2425659.0,72508096.0,28380000.0,0.08547071881606766,-0.2400000000000002,-1.6075016744809156,2.6791694574681872
2024-04-26,15.03,15.51,14.86,15.24,3129646.0,95487980.0,28380000.0,0.11027646229739253,0.5500000000000007,3.744043567052424,4.424778761061949
2024-04-29,15.5,15.78,15.35,15.59,3060018.0,95812187.0,28380000.0,0.107823044397463,0.34999999999999964,2.296587926509175,2.8215223097112845
2024-04-30,15.74,15.85,15.3,15.37,3014923.0,93959581.0,28380000.0,0.10623407329105003,-0.22000000000000064,-1.4111610006414366,3.527902501603585
2024-05-06,15.5,15.77,15.5,15.65,2320999.0,72954941.0,28380000.0,0.08178291050035236,0.28000000000000114,1.8217306441119074,1.7566688353936215
2024-05-07,15.65,15.72,15.39,15.51,1827739.0,57010932.0,28380000.0,0.06440236081747709,-0.14000000000000057,-0.8945686900958538,2.1086261980830674
2024-05-08,15.44,15.44,14.94,14.94,2278319.0,69382601.0,28380000.0,0.08027903453136011,-0.5700000000000003,-3.675048355899424,3.2237266279819474
2024-05-09,14.88,15.38,14.88,15.27,2161123.0,66153088.0,28380000.0,0.07614950669485553,0.33000000000000007,2.208835341365467,3.3467202141900936
2024-05-10,15.24,15.41,14.69,14.73,2241967.0,66907024.0,28380000.0,0.07899813248766738,-0.5399999999999991,-3.5363457760314243,4.71512770137525
2024-05-13,14.49,14.68,14.18,14.27,2098310.0,60211071.0,28380000.0,0.07393622269203665,-0.46000000000000085,-3.122878479293967,3.3944331296673456
2024-05-14,14.38,15.14,14.23,14.81,2738761.0,80713654.0,28380000.0,0.09650320648343905,0.5400000000000009,3.784162578836736,6.377014716187808
2024-05-15,14.77,14.79,14.41,14.47,1434481.0,41812236.0,28380000.0,0.05054548978153629,-0.33999999999999986,-2.2957461174881844,2.5658338960161986
2024-05-16,14.47,14.99,14.47,14.92,2261881.0,67470497.0,28380000.0,0.07969982381959126,0.4499999999999993,3.1098825155494003,3.5936420179682074
2024-05-17,14.9,14.94,14.74,14.86,1153829.0,34370218.0,28380000.0,0.04065641296687808,-0.0600000000000005,-0.40214477211796273,1.3404825737265367
2024-05-20,14.86,14.94,14.73,14.76,1305145.0,38795819.0,28380000.0,0.045988195912614514,-0.09999999999999964,-0.6729475100942128,1.4131897711978405
2024-05-21,14.9,14.9,14.42,14.54,1093209.0,31953574.0,28380000.0,0.038520401691331925,-0.22000000000000064,-1.490514905149054,3.2520325203252063
2024-05-22,14.44,14.64,14.27,14.34,1463748.0,42285615.0,28380000.0,0.05157674418604651,-0.1999999999999993,-1.375515818431905,2.5447042640990443
2024-05-23,14.22,14.59,14.13,14.3,1536863.0,44206303.0,28380000.0,0.0541530303030303,-0.03999999999999915,-0.2789400278939924,3.207810320781026
2024-05-24,14.2,14.51,14.05,14.41,1460395.0,42132915.0,39880000.0,0.03661973420260782,0.10999999999999943,0.7692307692307665,3.2167832167832104
2024-05-27,14.36,14.55,14.18,14.55,1177565.0,33893181.0,39880000.0,0.02952770812437312,0.14000000000000057,0.9715475364330262,2.5676613462873075
2024-05-28,14.55,14.61,14.11,14.16,1078705.0,30879134.0,39880000.0,0.027048771313941827,-0.39000000000000057,-2.680412371134022,3.4364261168384878
2024-05-29,14.14,14.49,14.14,14.37,935200.0,26963638.0,39880000.0,0.023450351053159478,0.20999999999999908,1.483050847457612,2.471751412429376
2024-05-30,14.38,14.67,14.31,14.56,1293600.0,37849960.0,39880000.0,0.03243731193580742,0.19000000000000128,1.3221990257481053,2.505219206680581
2024-05-31,14.56,14.78,14.51,14.75,1271802.0,37547582.0,39880000.0,0.0318907221664995,0.1899999999999995,1.3049450549450503,1.8543956043956014
2024-06-03,14.78,14.95,14.54,14.64,1387300.0,41034894.0,39880000.0,0.03478686058174524,-0.10999999999999943,-0.7457627118644061,2.7796610169491536
2024-06-04,14.62,14.67,14.27,14.64,1193445.0,34574233.0,39880000.0,0.029925902708124372,0.0,0.0,2.732240437158472
2024-06-05,14.54,14.73,14.33,14.37,782000.0,22836866.0,39880000.0,0.019608826479438315,-0.27000000000000135,-1.8442622950819776,2.732240437158472
2024-06-06,14.46,14.52,13.74,14.09,1443287.0,40599555.0,39880000.0,0.03619074724172518,-0.27999999999999936,-1.9485038274182243,5.42797494780793
2024-06-07,14.17,14.35,14.08,14.18,750713.0,21433442.0,39880000.0,0.018824297893681043,0.08999999999999986,0.638750887154016,1.9162526614620268
2024-06-11,14.05,14.41,13.83,14.38,836118.0,23690143.0,39880000.0,0.020965847542627883,0.20000000000000107,1.4104372355430161,4.090267983074754
2024-06-12,14.34,14.53,14.24,14.4,732849.0,21220764.0,39880000.0,0.01837635406218656,0.019999999999999574,0.13908205841446364,2.01668984700973
2024-06-13,14.29,14.71,14.29,14.65,1287179.0,37678186.0,39880000.0,0.03227630391173521,0.25,1.736111111111116,2.9166666666666785
2024-06-14,14.61,14.61,14.29,14.47,869745.0,25233423.0,39880000.0,0.02180905215646941,-0.17999999999999972,-1.228668941979516,2.18430034129693
2024-06-17,14.46,14.62,14.34,14.55,761475.0,22255668.0,39880000.0,0.01909415747241725,0.08000000000000007,0.5528680027643507,1.9350380096751856
2024-06-18,14.55,14.8,14.53,14.76,1029592.0,30388212.0,39880000.0,0.025817251755265797,0.20999999999999908,1.4432989690721598,1.8556701030927925
2024-06-19,14.81,14.81,14.54,14.58,813005.0,23908950.0,39880000.0,0.020386283851554665,-0.17999999999999972,-1.2195121951219523,1.829268292682936
2024-06-20,14.46,14.64,14.25,14.25,913616.0,26408107.0,39880000.0,0.02290912738214644,-0.33000000000000007,-2.263374485596703,2.6748971193415674
2024-06-21,13.97,14.33,13.94,14.14,871111.0,24664369.0,39880000.0,0.021843304914744233,-0.10999999999999943,-0.7719298245614015,2.736842105263162
2024-06-24,14.09,14.09,13.33,13.54,1250549.0,34159402.0,39880000.0,0.03135779839518556,-0.6000000000000014,-4.243281471004257,5.374823196605373
2024-06-25,13.51,13.91,13.42,13.66,893753.0,24635696.0,39880000.0,0.02241105817452357,0.120000000000001,0.886262924667669,3.6189069423929117
2024-06-26,13.55,14.19,13.51,14.18,1387825.0,38974958.0,39880000.0,0.03480002507522568,0.5199999999999996,3.8067349926793614,4.9780380673499245
2024-06-27,14.09,14.23,13.82,13.84,802142.0,22577074.0,39880000.0,0.020113891675025076,-0.33999999999999986,-2.3977433004231274,2.891396332863189
2024-06-28,13.89,14.09,13.74,13.8,715194.0,20013086.0,39880000.0,0.017933650952858576,-0.03999999999999915,-0.28901734104045396,2.5289017341040436
2024-07-01,13.83,13.98,13.61,13.94,703000.0,19465813.0,39880000.0,0.017627883650952858,0.1399999999999988,1.0144927536231751,2.681159420289862
2024-07-02,14.13,14.32,13.89,13.9,1099066.0,31093595.0,39880000.0,0.027559327983951856,-0.03999999999999915,-0.2869440459110417,3.084648493543757
2024-07-03,13.85,14.27,13.81,13.85,800235.0,22469703.0,39880000.0,0.020066073219658975,-0.05000000000000071,-0.3597122302158362,3.3093525179856047
2024-07-04,13.77,13.96,13.45,13.49,836801.0,22982285.0,39880000.0,0.020982973921765295,-0.35999999999999943,-2.5992779783393427,3.682310469314091
2024-07-05,13.45,13.66,13.06,13.4,847342.0,22499877.0,39880000.0,0.02124729187562688,-0.08999999999999986,-0.6671608598962209,4.447739065974794
2024-07-08,13.32,13.43,13.15,13.2,607298.0,16178426.0,39880000.0,0.01522813440320963,-0.20000000000000107,-1.4925373134328401,2.0895522388059655
2024-07-09,13.22,13.24,12.62,13.21,1673252.0,30811472.0,55832000.0,0.029969408224674022,0.010000000000001563,0.07575757575759567,4.696969696969705
2024-07-10,13.15,13.69,13.15,13.32,1788261.0,34179387.0,55832000.0,0.03202932010316664,0.10999999999999943,0.832702498107496,4.087812263436784
2024-07-11,13.54,13.66,13.43,13.64,1450943.0,27905135.0,55832000.0,0.025987659406791805,0.3200000000000003,2.402402402402415,1.7267267267267299
2024-07-12,13.62,13.81,13.55,13.68,1113181.0,21516989.0,55832000.0,0.01993804628170225,0.03999999999999915,0.2932551319648091,1.9061583577712593
2024-07-15,14.18,14.46,13.51,13.74,2151511.0,42352533.0,55832000.0,0.03853544562258203,0.0600000000000005,0.43859649122808264,6.944444444444452
2024-07-16,13.41,13.93,13.39,13.68,1322828.0,25564937.0,55832000.0,0.023693007594211207,-0.0600000000000005,-0.4366812227074246,3.9301310043668063
2024-07-17,13.63,13.73,13.31,13.31,1023456.0,19538075.0,55832000.0,0.01833099297893681,-0.3699999999999992,-2.7046783625730986,3.0701754385964906
2024-07-18,13.24,13.56,12.93,13.26,1170426.0,21838797.0,55832000.0,0.02096335434876057,-0.05000000000000071,-0.37565740045079066,4.733283245679946
2024-07-19,13.26,13.49,13.13,13.33,833715.0,15761880.0,55832000.0,0.01493256555380427,0.07000000000000028,0.5279034690799378,2.7149321266968283
2024-07-22,13.27,13.51,13.27,13.34,719477.0,13604334.0,55832000.0,0.0128864629603095,0.009999999999999787,0.07501875468867159,1.8004501125281336
2024-07-23,13.29,13.43,13.06,13.06,1010029.0,19025066.0,55832000.0,0.018090503653818597,-0.27999999999999936,-2.0989505247376306,2.7736131934032926
2024-07-24,12.86,13.08,12.69,12.7,1091784.0,19856469.0,55832000.0,0.019554807278979798,-0.3600000000000012,-2.7565084226646386,2.986217457886681
2024-07-25,12.7,12.89,12.43,12.81,764561.0,13777327.0,55832000.0,0.013693956870611836,0.11000000000000121,0.8661417322834764,3.622047244094495
2024-07-26,12.81,13.22,12.81,13.22,1251731.0,23161675.0,55832000.0,0.02241959807995415,0.41000000000000014,3.2006245120999255,3.200624512099923
2024-07-29,13.22,13.26,13.03,13.1,647540.0,12051373.0,55832000.0,0.011598008310646224,-0.120000000000001,-0.9077155824508409,1.7397881996974314
2024-07-30,13.06,13.17,12.85,13.08,806540.0,14869163.0,55832000.0,0.014445837512537613,-0.019999999999999574,-0.15267175572518665,2.4427480916030557
2024-07-31,13.2,13.52,13.05,13.51,1448083.0,27416072.0,55832000.0,0.025936434302908727,0.4299999999999997,3.2874617737002954,3.593272171253814
2024-08-01,13.53,13.65,13.43,13.51,1203490.0,23078837.0,55832000.0,0.021555559535750106,0.0,0.0,1.6284233900814258
2024-08-02,13.63,13.73,13.35,13.37,1648075.0,31624057.0,55832000.0,0.029518466112623584,-0.14000000000000057,-1.0362694300518172,2.8127313101406424
2024-08-05,12.85,13.15,12.52,12.53,2342635.0,42559118.0,55832000.0,0.04195864378850838,-0.8399999999999999,-6.282722513089,4.7120418848167605
2024-08-06,12.56,12.79,12.48,12.7,971969.0,17373823.0,55832000.0,0.017408815732913027,0.16999999999999993,1.3567438148443633,2.4740622505985534
2024-08-07,12.66,12.85,12.57,12.75,967187.0,17493352.0,55832000.0,0.01732316592635048,0.05000000000000071,0.3937007874015741,2.204724409448814
2024-08-08,12.75,12.75,12.25,12.46,1141301.0,20095026.0,55832000.0,0.020441700100300903,-0.28999999999999915,-2.274509803921565,3.9215686274509802
2024-08-09,12.57,12.64,12.43,12.45,606267.0,10737114.0,55832000.0,0.010858772746811865,-0.010000000000001563,-0.0802568218298716,1.685393258426973
2024-08-12,12.38,12.41,12.22,12.29,801538.0,13957275.0,55832000.0,0.014356247313368677,-0.16000000000000014,-1.2851405622489986,1.5261044176706788
2024-08-13,12.29,12.38,12.16,12.36,983040.0,17090254.0,55832000.0,0.01760710703539189,0.07000000000000028,0.5695687550854478,1.7900732302685165
2024-08-14,12.38,12.43,12.28,12.4,656183.0,11500893.0,55832000.0,0.011752812007450925,0.040000000000000924,0.3236245954692629,1.2135922330097118
2024-08-15,12.4,12.53,12.23,12.45,898700.0,15817555.0,55832000.0,0.016096503797105602,0.049999999999998934,0.40322580645160144,2.4193548387096686
2024-08-16,12.45,12.5,12.35,12.36,932758.0,16425129.0,55832000.0,0.016706512394325836,-0.08999999999999986,-0.7228915662650603,1.2048192771084365
2024-08-19,12.36,12.41,12.26,12.27,816688.0,14260862.0,55832000.0,0.014627597076945121,-0.08999999999999986,-0.7281553398058249,1.2135922330097118
2024-08-20,12.18,12.32,12.02,12.07,736463.0,12619366.0,55832000.0,0.013190697091273821,-0.1999999999999993,-1.6299918500407462,2.44498777506113
2024-08-21,12.12,12.19,11.92,11.95,738180.0,12570260.0,55832000.0,0.013221450064479152,-0.120000000000001,-0.9942004971002616,2.2369511184755555
2024-08-22,12.05,12.48,11.58,11.68,1987372.0,33806176.0,55832000.0,0.03559557243158046,-0.2699999999999996,-2.259414225941414,7.5313807531380785
2024-08-23,11.52,11.84,11.51,11.61,1376346.0,22721030.0,55832000.0,0.024651561828342168,-0.07000000000000028,-0.5993150684931559,2.825342465753425
2024-08-26,11.59,11.86,11.59,11.84,1306599.0,21757438.0,55832000.0,0.023402331995987964,0.23000000000000043,1.9810508182601216,2.325581395348834
2024-08-27,11.81,11.84,11.46,11.46,825943.0,13590054.0,55832000.0,0.01479336222954578,-0.379999999999999,-3.2094594594594517,3.2094594594594508
2024-08-28,11.47,11.71,11.41,11.64,1052285.0,17274549.0,55832000.0,0.01884734560825333,0.17999999999999972,1.5706806282722585,2.617801047120425
2024-08-29,11.64,11.88,11.52,11.85,897967.0,14970631.0,55832000.0,0.01608337512537613,0.20999999999999908,1.8041237113401998,3.0927835051546495
2024-08-30,12.02,12.18,11.87,12.09,1146508.0,19583262.0,55832000.0,0.020534962028943976,0.2400000000000002,2.0253164556962133,2.616033755274266
2024-09-02,12.28,13.29,12.28,12.73,4766159.0,87011662.0,55832000.0,0.08536608038400917,0.6400000000000006,5.2936311000827185,8.35401157981803
2024-09-03,12.58,12.94,12.43,12.77,3125838.0,56104639.0,55832000.0,0.05598649519988537,0.03999999999999915,0.3142183817753219,4.006284367635505
2024-09-04,12.78,12.92,12.66,12.75,1788516.0,32364579.0,55832000.0,0.03203388737641496,-0.019999999999999574,-0.1566170712607673,2.036021926389975
2024-09-05,12.76,12.91,12.75,12.84,1319515.0,23960673.0,55832000.0,0.02363366886373406,0.08999999999999986,0.7058823529411784,1.2549019607843148
2024-09-06,12.84,12.91,12.5,12.5,1485663.0,26660096.0,55832000.0,0.026609525003582175,-0.33999999999999986,-2.6479750778816147,3.193146417445484
2024-09-09,12.43,12.62,12.23,12.49,976455.0,17244896.0,55832000.0,0.017489163920332427,-0.009999999999999787,-0.08000000000000229,3.1199999999999903
2024-09-10,12.57,12.61,12.37,12.6,787483.0,13958650.0,55832000.0,0.01410450995844677,0.10999999999999943,0.8807045636509248,1.9215372297838287
2024-09-11,12.48,12.69,12.48,12.55,592400.0,10563215.0,55832000.0,0.010610402636480871,-0.049999999999998934,-0.3968253968253843,1.6666666666666594
2024-09-12,12.49,12.62,12.29,12.29,712643.0,12606690.0,55832000.0,0.01276406003725462,-0.26000000000000156,-2.07171314741037,2.6294820717131477
2024-09-13,12.26,12.37,11.95,11.97,943210.0,16212112.0,55832000.0,0.016893716864880354,-0.3199999999999985,-2.603742880390547,3.4174125305126117
2024-09-18,11.95,12.13,11.71,11.93,805457.0,13588561.0,55832000.0,0.014426440034388881,-0.040000000000000924,-0.3341687552213979,3.5087719298245603
2024-09-19,11.97,12.21,11.89,12.19,986999.0,16918565.0,55832000.0,0.017678016191431438,0.2599999999999998,2.1793797150041927,2.682313495389776
2024-09-20,12.21,12.33,12.0,12.07,678960.0,11626030.0,55832000.0,0.012160768018340736,-0.11999999999999922,-0.9844134536505234,2.707136997538967
2024-09-23,12.07,12.17,11.9,12.02,716864.0,12236129.0,55832000.0,0.01283966184267087,-0.05000000000000071,-0.41425020712511085,2.2369511184755555
2024-09-24,12.02,12.27,11.84,12.25,1734007.0,29771171.0,55832000.0,0.031057583464679753,0.23000000000000043,1.9134775374376023,3.5773710482529095
2024-09-25,12.38,12.69,12.32,12.36,1864320.0,32971696.0,55832000.0,0.03339160338157329,0.10999999999999943,0.897959183673458,3.0204081632652997
2024-09-26,12.33,12.77,12.29,12.76,1899797.0,33881225.0,55832000.0,0.03402702751110474,0.40000000000000036,3.2362459546925626,3.8834951456310716
2024-09-27,12.86,13.57,12.79,13.4,3479363.0,64915824.0,55832000.0,0.06231843745522281,0.6400000000000006,5.0156739811912265,6.1128526645768115
2024-09-30,13.81,14.66,13.48,14.52,5325377.0,106560460.0,55832000.0,0.09538216435019344,1.1199999999999992,8.358208955223878,8.80597014925373
2024-10-08,15.97,15.97,14.26,15.42,7384637.0,158223227.0,55832000.0,0.13226531379853848,0.9000000000000004,6.198347107438029,11.776859504132238
2024-10-09,14.83,14.83,13.92,13.92,4393749.0,89641330.0,55832000.0,0.07869589124516406,-1.5,-9.727626459143968,5.901426718547342
2024-10-10,14.05,14.37,13.82,13.95,2646352.0,52815547.0,55832000.0,0.04739848115775899,0.02999999999999936,0.21551724137931494,3.951149425287349
2024-10-11,13.82,14.01,13.15,13.38,2333250.0,44622187.0,55832000.0,0.04179055022209486,-0.5699999999999985,-4.086021505376336,6.164874551971322
2024-10-14,13.39,13.58,13.12,13.55,1961598.0,37179462.0,55832000.0,0.03513393752686631,0.16999999999999993,1.2705530642750373,3.437967115097166
2024-10-15,13.44,13.68,13.17,13.2,2209054.0,41892611.0,55832000.0,0.03956609113053446,-0.3500000000000014,-2.583025830258312,3.763837638376382
2024-10-16,13.0,13.24,12.97,13.12,1523444.0,28244360.0,55832000.0,0.027286215790227827,-0.08000000000000007,-0.60606060606061,2.0454545454545423
2024-10-17,13.15,13.34,12.94,12.96,1774602.0,33008593.0,55832000.0,0.03178467545493624,-0.15999999999999837,-1.2195121951219412,3.048780487804881
2024-10-18,12.96,13.54,12.86,13.34,2527420.0,47297924.0,55832000.0,0.045268304914744234,0.379999999999999,2.9320987654321007,5.246913580246911
2024-10-21,13.38,13.52,13.24,13.28,3217360.0,60861158.0,55832000.0,0.057625734345894825,-0.0600000000000005,-0.4497751124437843,2.0989505247376266
2024-10-22,13.27,13.67,13.2,13.67,3236827.0,61970626.0,55832000.0,0.057974405358933945,0.39000000000000057,2.9367469879518104,3.5391566265060295
2024-10-23,13.75,13.89,13.56,13.75,3222458.0,62694179.0,55832000.0,0.057717043989110185,0.08000000000000007,0.585223116313105,2.4140453547915146
2024-10-24,13.78,13.89,13.56,13.71,1921125.0,37312719.0,55832000.0,0.03440903066341883,-0.03999999999999915,-0.2909090909090861,2.4000000000000004
2024-10-25,14.01,14.05,13.77,13.81,2602737.0,51058419.0,55832000.0,0.046617298323542056,0.09999999999999964,0.729394602479938,2.0423048869438447
2024-10-28,13.77,13.97,13.73,13.88,2435861.0,47789020.0,55832000.0,0.04362840306634188,0.07000000000000028,0.5068790731354023,1.7378711078928326
2024-10-29,13.92,13.94,13.57,13.61,2432421.0,47247258.0,55832000.0,0.04356678965467832,-0.27000000000000135,-1.9452449567723407,2.6657060518731934
2024-10-30,13.56,13.74,13.4,13.56,1855951.0,35641774.0,55832000.0,0.033241707264651095,-0.049999999999998934,-0.3673769287288686,2.4981631153563546
2024-10-31,13.51,13.75,13.41,13.6,2130506.0,41078831.0,55832000.0,0.03815922768304915,0.03999999999999915,0.2949852507374562,2.5073746312684353
2024-11-01,13.56,13.58,13.03,13.05,2560294.0,47876622.0,55832000.0,0.04585710703539189,-0.5499999999999989,-4.044117647058821,4.044117647058829
2024-11-04,13.35,14.35,13.13,14.35,7969547.0,158694343.0,55832000.0,0.14274156397764723,1.299999999999999,9.961685823754785,9.348659003831408
2024-11-05,14.69,14.71,14.19,14.57,8897325.0,182889258.0,55832000.0,0.15935888021206476,0.22000000000000064,1.5331010452961813,3.62369337979095
2024-11-06,14.56,14.95,14.36,14.53,6808682.0,140450589.0,55832000.0,0.1219494555093853,-0.040000000000000924,-0.2745367192862114,4.049416609471516
2024-11-07,14.71,14.92,14.5,14.7,5907674.0,123053207.0,55832000.0,0.10581161341166356,0.16999999999999993,1.169993117687551,2.8905712319339294
2024-11-08,14.71,15.15,14.57,14.7,5936444.0,124632541.0,55832000.0,0.10632690929932655,0.0,0.0,3.9455782312925174
2024-11-11,14.88,15.31,14.79,15.25,6548455.0,140022091.0,55832000.0,0.11728856211491617,0.5500000000000007,3.741496598639471,3.537414965986404
2024-11-12,15.39,15.39,14.68,14.83,5564670.0,118321288.0,55832000.0,0.099668111477289,-0.41999999999999993,-2.7540983606557323,4.655737704918039
2024-11-13,14.66,14.81,14.23,14.71,3607840.0,74129296.0,55832000.0,0.06461957300472847,-0.11999999999999922,-0.8091706001348564,3.9109912339851656
2024-11-14,14.71,14.71,14.13,14.19,2302020.0,46822081.0,55832000.0,0.041231193580742224,-0.5200000000000014,-3.5350101971448056,3.9428959891230457
2024-11-15,14.16,14.24,13.74,13.77,2727140.0,54104123.0,55832000.0,0.04884546496632755,-0.41999999999999993,-2.959830866807611,3.5236081747709656
2024-11-18,13.92,14.1,13.35,13.56,2298682.0,44285411.0,55832000.0,0.04117140707837799,-0.20999999999999908,-1.525054466230935,5.446623093681917
2024-11-19,13.61,14.25,13.61,14.25,2785623.0,54933022.0,55832000.0,0.04989294669723456,0.6899999999999995,5.088495575221241,4.719764011799414
2024-11-20,14.19,14.76,14.06,14.71,4111145.0,84649847.0,55832000.0,0.07363420618999857,0.46000000000000085,3.228070175438602,4.912280701754381
2024-11-21,14.71,15.07,14.58,14.77,3821822.0,80045221.0,55832000.0,0.06845217796245881,0.05999999999999872,0.40788579197823527,3.3310673011556777
2024-11-22,14.78,15.18,14.2,14.22,4053240.0,84252897.0,55832000.0,0.07259707694512108,-0.5499999999999989,-3.7237643872714887,6.635071090047397
2024-11-25,14.33,14.8,14.25,14.72,3307663.0,68216971.0,55832000.0,0.05924314013468979,0.5,3.5161744022503605,3.8677918424753917
2024-11-26,14.61,14.77,14.37,14.47,2467580.0,50729422.0,55832000.0,0.04419651812580599,-0.25,-1.6983695652173947,2.7173913043478284
2024-11-27,14.39,14.44,13.86,14.42,2196640.0,44062568.0,55832000.0,0.03934374552228113,-0.05000000000000071,-0.3455425017277136,4.0082930200414655
2024-11-28,14.47,14.57,14.22,14.28,1813720.0,36962204.0,55832000.0,0.03248531308210345,-0.14000000000000057,-0.9708737864077666,2.427184466019415
2024-11-29,14.35,14.77,14.26,14.76,3338961.0,68908229.0,55832000.0,0.059803714715575294,0.4800000000000004,3.3613445378151363,3.57142857142857
2024-12-02,15.18,15.19,14.8,14.92,3754192.0,79293255.0,55832000.0,0.06724086545350337,0.16000000000000014,1.084010840108407,2.6422764227642195
2024-12-03,14.83,15.08,14.78,14.94,2821758.0,59645764.0,55832000.0,0.050540156182834216,0.019999999999999574,0.13404825737264314,2.0107238605898172
2024-12-04,14.78,15.92,14.69,15.37,7919074.0,171606479.0,55832000.0,0.1418375483593638,0.4299999999999997,2.878179384203472,8.232931726907633
2024-12-05,16.91,16.91,16.91,16.91,2489071.0,59613250.0,55832000.0,0.0445814407508239,1.540000000000001,10.01951854261549,0.0
2024-12-06,17.13,17.65,16.21,16.38,14708044.0,347800902.0,55832000.0,0.2634339446912165,-0.5300000000000011,-3.134240094618579,8.51567120047308
2024-12-09,16.07,17.65,16.07,17.04,12312307.0,292037196.0,55832000.0,0.22052419759277833,0.6600000000000001,4.029304029304037,9.645909645909637
2024-12-10,17.09,17.37,16.59,16.7,10454361.0,251511075.0,55832000.0,0.18724675813153746,-0.33999999999999986,-1.9953051643192499,4.577464788732401
2024-12-11,16.52,17.22,16.17,17.11,7872016.0,187578709.0,55832000.0,0.14099469838085685,0.41000000000000014,2.455089820359291,6.2874251497005815
2024-12-12,17.09,18.22,16.66,16.91,7915919.0,192577058.0,55832000.0,0.14178103954721308,-0.1999999999999993,-1.1689070718877814,9.117475160724716
2024-12-13,16.52,16.9,16.1,16.18,6008162.0,139379003.0,55832000.0,0.10761144146725891,-0.7300000000000004,-4.3169722057953885,4.730928444707256
2024-12-16,16.17,16.37,15.71,15.8,3666370.0,82844566.0,55832000.0,0.0656678965467832,-0.379999999999999,-2.3485784919653807,4.079110012360941
2024-12-17,15.7,15.89,15.19,15.24,2918820.0,64139214.0,55832000.0,0.052278621579022785,-0.5600000000000005,-3.544303797468362,4.430379746835449
2024-12-18,15.38,15.53,14.98,15.33,2205109.0,47820001.0,55832000.0,0.039495432726751684,0.08999999999999986,0.5905511811023612,3.6089238845144282
2024-12-19,15.19,15.53,14.99,15.45,2151589.0,46658612.0,55832000.0,0.03853684267086975,0.11999999999999922,0.7827788649706457,3.5225048923679
2024-12-20,15.48,15.75,15.41,15.55,2321000.0,51298944.0,55832000.0,0.04157114199742083,0.10000000000000142,0.6472491909385258,2.2006472491909377
2024-12-23,15.45,15.6,14.62,14.73,2771760.0,58918112.0,55832000.0,0.0496446482304055,-0.8200000000000003,-5.273311897106114,6.302250803858524
2024-12-24,14.73,15.11,14.66,14.92,1671380.0,35190492.0,55832000.0,0.029935879065768736,0.1899999999999995,1.2898845892735933,3.054989816700606
2024-12-25,14.9,15.31,14.78,14.91,2205080.0,46861580.0,55832000.0,0.03949491331136266,-0.009999999999999787,-0.06702412868632157,3.552278820375343
2024-12-26,14.94,15.95,14.76,15.65,4386753.0,96727777.0,55832000.0,0.07857058676028084,0.7400000000000002,4.963112005365522,7.981220657276992
2024-12-27,15.54,15.74,15.35,15.43,2667940.0,58320854.0,55832000.0,0.047785141137698814,-0.22000000000000064,-1.4057507987220497,2.492012779552719
2024-12-30,15.25,15.5,14.91,15.23,1721351.0,37061737.0,55832000.0,0.03083090342455939,-0.1999999999999993,-1.2961762799740706,3.823720025923525
2024-12-31,15.25,15.38,14.87,14.89,1657983.0,35164765.0,55832000.0,0.02969592706691503,-0.33999999999999986,-2.232435981615233,3.3486539724228597
2025-01-02,14.75,15.13,14.22,14.4,2263478.0,46823072.0,55832000.0,0.04054087261785356,-0.4900000000000002,-3.2907991940899994,6.111484217595702
2025-01-03,14.4,14.52,13.35,13.41,3069375.0,59842078.0,55832000.0,0.05497519343745522,-0.9900000000000002,-6.874999999999998,8.124999999999998
2025-01-06,13.45,13.7,12.91,13.44,1791179.0,33781600.0,55832000.0,0.03208158403782777,0.02999999999999936,0.22371364653244186,5.891126025354207
2025-01-07,13.53,13.85,13.4,13.85,1458043.0,28024593.0,55832000.0,0.02611482662272532,0.41000000000000014,3.050595238095233,3.3482142857142807
2025-01-08,13.85,13.91,13.28,13.76,1833600.0,35288626.0,55832000.0,0.03284138128671729,-0.08999999999999986,-0.6498194945848357,4.548736462093869
2025-01-09,13.75,14.37,13.63,13.96,1963443.0,38673543.0,55832000.0,0.03516698309213354,0.20000000000000107,1.4534883720930258,5.377906976744175
2025-01-10,13.96,14.54,13.94,13.95,2852497.0,57416165.0,55832000.0,0.0510907185843244,-0.010000000000001563,-0.07163323782236608,4.297994269340971
2025-01-13,13.82,15.35,13.5,15.35,3703440.0,78230959.0,55832000.0,0.06633185270096002,1.4000000000000004,10.035842293906816,13.261648745519711
2025-01-14,15.84,16.88,15.54,16.16,13393667.0,306822226.0,55832000.0,0.23989230190571714,0.8100000000000005,5.276872964169388,8.729641693811075
2025-01-15,16.14,16.63,15.82,15.95,9507608.0,216013694.0,55832000.0,0.17028958303481875,-0.21000000000000085,-1.2995049504950562,5.012376237623754
2025-01-16,15.88,16.04,15.39,15.58,6423954.0,142046141.0,55832000.0,0.11505864020633329,-0.3699999999999992,-2.319749216300937,4.07523510971786
2025-01-17,15.45,15.66,15.23,15.28,3829382.0,82996738.0,55832000.0,0.06858758418111477,-0.3000000000000007,-1.9255455712451908,2.7599486521180983
2025-01-20,15.43,15.8,15.25,15.8,5430456.0,119331364.0,55832000.0,0.09726422123513398,0.5200000000000014,3.4031413612565453,3.5994764397905805
2025-01-21,15.62,15.93,15.52,15.74,4095580.0,90658290.0,55832000.0,0.07335542341309643,-0.0600000000000005,-0.37974683544304,2.59493670886076
2025-01-22,15.65,16.37,15.52,15.99,6107663.0,138100291.0,55832000.0,0.10939359148875197,0.25,1.5883100381194337,5.4002541296061075
2025-01-23,16.13,17.6,15.84,17.43,15627749.0,375183524.0,55832000.0,0.279906666427855,1.4399999999999995,9.005628517823627,11.006879299562236
2025-01-24,17.42,19.17,16.89,19.17,21690952.0,565009148.0,55832000.0,0.3885039403926064,1.740000000000002,9.982788296041312,13.080895008605859
2025-01-27,19.47,19.5,17.27,18.56,15842567.0,412587094.0,55832000.0,0.2837542448774896,-0.610000000000003,-3.1820552947313674,11.632759520083464
2025-02-05,19.02,19.14,17.77,18.59,9858460.0,257253565.0,55832000.0,0.17657364951998852,0.030000000000001137,0.1616379310344973,7.381465517241385
2025-02-06,18.56,19.79,18.43,19.26,12563516.0,338405505.0,55832000.0,0.2250235707121364,0.6700000000000017,3.604088219472845,7.315761161915005
2025-02-07,18.87,19.13,17.99,18.43,14298890.0,374346712.0,55832000.0,0.2561056383436022,-0.8300000000000018,-4.309449636552454,5.9190031152648
2025-02-10,18.43,18.6,18.01,18.57,7564115.0,195816802.0,55832000.0,0.13547992190858288,0.14000000000000057,0.7596310363537695,3.2013022246337486
2025-02-11,18.42,18.85,18.18,18.74,7370692.0,192880882.0,55832000.0,0.13201554663991977,0.16999999999999815,0.9154550350026769,3.6079698438341503
2025-02-12,18.7,18.7,18.12,18.33,7606471.0,196819474.0,55832000.0,0.13623855495056597,-0.41000000000000014,-2.187833511205972,3.094983991462104
2025-02-13,18.14,18.51,17.5,17.85,8255976.0,208978679.0,55832000.0,0.14787175813153747,-0.4799999999999969,-2.6186579378068564,5.5100927441353065
2025-02-14,17.85,17.94,17.28,17.47,4324420.0,107093394.0,55832000.0,0.077454148158762,-0.38000000000000256,-2.128851540616261,3.6974789915966393
2025-02-17,17.43,17.66,17.11,17.54,5172840.0,126780641.0,55832000.0,0.09265009313655251,0.07000000000000028,0.400686891814539,3.1482541499713834
2025-02-18,17.54,17.79,17.16,17.27,5601325.0,138212811.0,55832000.0,0.10032463461814013,-0.2699999999999996,-1.5393386545039855,3.59179019384264
2025-02-19,17.27,18.21,17.16,18.09,8853480.0,223691534.0,55832000.0,0.1585735778764866,0.8200000000000003,4.748118123914313,6.079907353792708
2025-02-20,17.93,19.31,17.93,18.5,10134951.0,267498380.0,55832000.0,0.18152584539332284,0.41000000000000014,2.2664455500276404,7.628524046434489
2025-02-21,18.57,18.92,18.24,18.62,6860871.0,179960329.0,55832000.0,0.12288420618999857,0.120000000000001,0.6486486486486642,3.6756756756756936
2025-02-24,18.45,18.79,18.1,18.29,5733072.0,148006980.0,55832000.0,0.10268433873047715,-0.33000000000000185,-1.772287862513433,3.7056928034371523
2025-02-25,18.24,18.69,18.03,18.38,4662869.0,120801661.0,55832000.0,0.08351606605530879,0.08999999999999986,0.49207217058502284,3.608529250956808
2025-02-26,18.55,20.21,18.38,20.21,7057884.0,195097841.0,55832000.0,0.1264128815016478,1.8300000000000018,9.956474428726892,9.956474428726887
2025-02-27,20.79,21.03,19.86,20.31,17974745.0,519902061.0,55832000.0,0.32194341954434735,0.09999999999999787,0.49480455220187736,5.789213260762007
2025-02-28,20.32,20.91,18.28,18.33,12730197.0,348662764.0,55832000.0,0.22800897334861728,-1.9800000000000004,-9.74889217134417,12.949286065977347
2025-03-03,18.15,18.65,17.59,17.72,9299423.0,235379623.0,55832000.0,0.1665608074222668,-0.6099999999999994,-3.327877795962897,5.78286961265684
2025-03-04,17.56,18.54,17.3,18.03,5680643.0,145225021.0,55832000.0,0.10174528943974781,0.3100000000000023,1.749435665914234,6.997742663656877
2025-03-05,18.07,19.83,17.91,19.83,9550947.0,253491279.0,55832000.0,0.1710658224674022,1.7999999999999972,9.983361064891838,10.648918469217959
2025-03-06,20.26,20.48,19.57,19.87,11996614.0,337820870.0,55832000.0,0.21486985957873622,0.0400000000000027,0.20171457387798686,4.589006555723652
2025-03-07,19.87,20.78,19.48,20.4,12246832.0,349206586.0,55832000.0,0.21935148302049004,0.5299999999999976,2.667337695017613,6.542526421741322
2025-03-10,20.45,20.72,19.9,20.43,7380262.0,211744427.0,55832000.0,0.13218695371829775,0.030000000000001137,0.14705882352941124,4.019607843137257
2025-03-11,20.0,22.48,19.96,22.48,14877941.0,444781031.0,55832000.0,0.2664769487032526,2.0500000000000007,10.0342633382281,12.334801762114536
2025-03-12,22.48,24.47,21.67,23.12,20222997.0,645274071.0,55832000.0,0.3622115811720877,0.6400000000000006,2.8469750889679846,12.455516014234863
2025-03-13,22.55,23.26,20.81,20.81,14109403.0,429218487.0,55832000.0,0.2527117602808425,-2.3100000000000023,-9.99134948096887,10.596885813148802
2025-03-14,20.92,21.6,20.53,21.38,9135365.0,271638609.0,55832000.0,0.1636223850121794,0.5700000000000003,2.739067755886593,5.141758769822202
2025-03-17,21.28,22.81,20.96,22.65,11560211.0,360783360.0,55832000.0,0.20705349978506948,1.2699999999999996,5.940130963517309,8.652946679139372
2025-03-18,22.34,23.5,22.01,23.26,11582028.0,371553331.0,55832000.0,0.20744426135549507,0.610000000000003,2.693156732891855,6.578366445916109
2025-03-19,23.19,23.38,22.36,22.54,7792632.0,249778340.0,55832000.0,0.13957286144146727,-0.7200000000000024,-3.09544282029236,4.385210662080823
2025-03-20,22.73,24.4,22.6,23.09,13851710.0,456804987.0,55832000.0,0.24809625304484884,0.5500000000000007,2.4401064773735603,7.985803016858906
2025-03-21,22.38,22.67,21.05,21.09,9969229.0,305210974.0,55832000.0,0.1785576192864307,-2.0,-8.661758336942405,7.016024252923348
2025-03-24,21.33,21.7,20.83,21.42,6699871.0,200734275.0,55832000.0,0.12000055523714,0.33000000000000185,1.5647226173542084,4.12517780938834
2025-03-25,21.35,22.56,21.25,22.3,8856193.0,275225085.0,55832000.0,0.1586221700816736,0.879999999999999,4.108309990662917,6.115779645191403
2025-03-26,21.98,22.7,21.56,22.31,6852502.0,215505564.0,55832000.0,0.12273431007307638,0.00999999999999801,0.04484304932734773,5.112107623318388
2025-03-27,21.89,21.99,20.57,20.92,6885905.0,207175778.0,55832000.0,0.12333258704685485,-1.389999999999997,-6.230389959659332,6.364858807709539
2025-03-28,20.85,21.47,20.0,20.02,6748740.0,194797472.0,55832000.0,0.12087584181114773,-0.9000000000000021,-4.302103250478018,7.026768642447413
2025-03-31,19.79,19.95,18.79,19.64,5290440.0,143552191.0,55832000.0,0.09475641209342313,-0.379999999999999,-1.8981018981018893,5.794205794205795
2025-04-01,19.65,19.98,19.01,19.1,3430390.0,93516380.0,55832000.0,0.06144128815016478,-0.5399999999999991,-2.7494908350305436,4.938900203665981
2025-04-02,19.1,19.61,18.97,19.52,3932483.0,107544165.0,55832000.0,0.07043421335434875,0.41999999999999815,2.1989528795811397,3.3507853403141388
2025-04-03,19.17,19.48,18.65,18.88,3869470.0,103967083.0,55832000.0,0.06930559535750107,-0.6400000000000006,-3.2786885245901676,4.252049180327878
2025-04-07,16.99,16.99,16.99,16.99,669800.0,16048408.0,55832000.0,0.01199670439891102,-1.8900000000000006,-10.010593220338981,0.0
2025-04-08,15.67,15.96,15.29,15.29,5810260.0,126278391.0,55832000.0,0.10406684338730478,-1.6999999999999993,-10.005885815185401,3.94349617422014
2025-04-09,14.87,15.69,13.76,15.33,7540940.0,155208545.0,55832000.0,0.1350648373692506,0.040000000000000924,0.2616088947024364,12.622629169391757
2025-04-10,15.84,16.27,15.46,15.98,8299458.0,186463289.0,55832000.0,0.14865055881931508,0.6500000000000004,4.24005218525767,5.28375733855185
2025-04-11,15.82,16.49,15.53,16.16,5799560.0,132016131.0,55832000.0,0.10387519701963031,0.17999999999999972,1.126408010012514,6.007509386733411
2025-04-14,16.46,16.92,16.26,16.44,5003538.0,116941589.0,55832000.0,0.08961774609542915,0.28000000000000114,1.7326732673267342,4.084158415841585
2025-04-15,16.44,16.76,16.25,16.57,3760098.0,87592195.0,55832000.0,0.06734664708410946,0.129999999999999,0.7907542579075333,3.1021897810219072
2025-04-16,16.42,16.55,15.68,15.89,3678300.0,83006016.0,55832000.0,0.06588157329130248,-0.6799999999999997,-4.103802051901029,5.250452625226319
2025-04-17,15.74,16.01,15.68,15.74,2890724.0,64748448.0,55832000.0,0.05177539762143574,-0.15000000000000036,-0.9439899307740696,2.0767778477029695
2025-04-18,15.64,16.42,15.64,16.18,4663680.0,105187350.0,55832000.0,0.08353059177532597,0.4399999999999995,2.7954256670902122,4.9555273189326625
2025-04-21,16.07,16.77,16.0,16.77,3395600.0,78793294.0,55832000.0,0.06081816879209056,0.5899999999999999,3.6464771322620493,4.758961681087761
2025-04-22,16.77,17.18,16.65,16.89,4398040.0,104958212.0,55832000.0,0.07877274681186416,0.120000000000001,0.7155635062611854,3.1604054859868884
2025-04-23,17.23,17.7,16.93,17.45,4845580.0,119072482.0,55832000.0,0.08678858002579166,0.5599999999999987,3.31557134399052,4.558910597986972
2025-04-24,17.45,17.56,17.18,17.31,3186660.0,77910355.0,55832000.0,0.0570758704685485,-0.14000000000000057,-0.8022922636103158,2.1776504297994217
2025-04-25,18.72,18.78,17.49,17.7,7910303.0,199480979.0,55832000.0,0.1416804520704972,0.39000000000000057,2.253032928942811,7.452339688041611
2025-04-28,17.37,17.74,17.23,17.27,3671800.0,90239570.0,55832000.0,0.06576515260065913,-0.4299999999999997,-2.429378531073445,2.8813559322033786
2025-04-29,17.26,18.01,17.16,17.73,4360235.0,108822060.0,55832000.0,0.07809562616420691,0.46000000000000085,2.663578459756799,4.921829762594102
2025-04-30,17.77,18.77,17.59,18.48,5079621.0,130966715.0,55832000.0,0.0909804592348474,0.75,4.230118443316422,6.655386350817821
2025-05-06,18.65,19.66,18.65,19.58,6022780.0,162942760.0,55832000.0,0.10787326264507809,1.0999999999999979,5.952380952380931,5.465367965367974
2025-05-07,19.79,20.13,19.45,19.7,5444135.0,151735839.0,55832000.0,0.09750922410087405,0.120000000000001,0.6128702757916216,3.4729315628192023
2025-05-08,19.65,20.08,19.61,19.93,4135200.0,115757120.0,55832000.0,0.0740650522997564,0.23000000000000043,1.1675126903553323,2.3857868020304513
2025-05-09,19.83,20.21,19.36,19.88,4420440.0,123310668.0,55832000.0,0.07917395042269666,-0.05000000000000071,-0.25087807325639977,4.264927245358763
2025-05-12,20.25,21.72,20.25,20.46,6187654.0,180577691.0,55832000.0,0.1108263003295601,0.5800000000000018,2.917505030181089,7.394366197183093
2025-05-13,20.71,20.71,19.93,20.04,4050360.0,115432054.0,55832000.0,0.07254549362372832,-0.4200000000000017,-2.052785923753675,3.8123167155425275
2025-05-14,19.99,20.09,19.54,19.73,3362800.0,93627644.0,55832000.0,0.060230692076228685,-0.3099999999999987,-1.5469061876247414,2.744510978043916
2025-05-15,19.66,20.19,19.24,19.79,3380060.0,93924565.0,55832000.0,0.06053983378707551,0.05999999999999872,0.3041054232133744,4.8150025342118745
2025-05-16,19.65,20.52,19.65,20.04,3676240.0,104817411.0,55832000.0,0.06584467688780628,0.25,1.2632642748862999,4.39615967660435
2025-05-19,20.06,20.27,19.36,19.65,3379534.0,93522189.0,55832000.0,0.060530412666571144,-0.39000000000000057,-1.9461077844311392,4.540918163672655
2025-05-20,19.71,19.79,19.42,19.69,2168554.0,59969076.0,55832000.0,0.03884070067344892,0.0400000000000027,0.20356234096694514,1.8829516539440074
2025-05-21,19.65,19.81,19.26,19.51,1906740.0,52429324.0,55832000.0,0.034151382719587335,-0.17999999999999972,-0.9141696292534252,2.79329608938546
2025-05-22,19.51,19.7,19.15,19.25,1966440.0,53782433.0,55832000.0,0.03522066198595787,-0.26000000000000156,-1.332649923116358,2.819067145053822
2025-05-23,19.25,20.02,19.15,19.32,3706427.0,102345898.0,55832000.0,0.06638535248602952,0.07000000000000028,0.363636363636366,4.519480519480525
2025-05-26,19.13,19.65,18.98,19.56,2462574.0,67585730.0,55832000.0,0.04410685628313512,0.23999999999999844,1.2422360248447228,3.4679089026915015
2025-05-27,19.56,19.75,19.02,19.29,1975860.0,53781943.0,55832000.0,0.035389382433013324,-0.2699999999999996,-1.3803680981595123,3.732106339468305
2025-05-28,19.32,19.71,19.15,19.28,1796864.0,49114219.0,55832000.0,0.032183407364951996,-0.00999999999999801,-0.051840331778107984,2.903058579574921
2025-05-29,19.31,20.4,19.16,19.77,5667901.0,159963934.0,55832000.0,0.10151706906433587,0.48999999999999844,2.541493775933601,6.431535269709535
2025-05-30,19.86,19.86,18.79,19.04,4154066.0,111899991.0,55832000.0,0.07440295887662988,-0.7300000000000004,-3.692463328275164,5.412240768841681
2025-06-03,19.06,19.57,18.97,19.31,3458300.0,93869438.0,55832000.0,0.061941180684911876,0.2699999999999996,1.4180672268907513,3.151260504201688
2025-06-04,19.29,19.86,19.14,19.73,3513380.0,97169652.0,55832000.0,0.06292771170654822,0.4200000000000017,2.175038839979293,3.7286380113930546
2025-06-05,19.54,20.13,19.44,20.06,3361200.0,94006936.0,55832000.0,0.060202034675454937,0.3299999999999983,1.6725798276735926,3.4972123669538653
2025-06-06,20.0,20.11,19.69,19.87,2218077.0,62048657.0,55832000.0,0.03972770096002293,-0.18999999999999773,-0.9471585244267056,2.093718843469582
2025-06-09,19.99,20.04,19.78,19.92,1713620.0,48058260.0,55832000.0,0.03069243444619573,0.05000000000000071,0.2516356316054402,1.3085052843482536
2025-06-10,19.83,20.18,19.43,20.06,3432250.0,96224719.0,55832000.0,0.061474602378564266,0.13999999999999702,0.7028112449799062,3.765060240963855
2025-06-11,20.21,20.47,19.84,19.87,3522260.0,99884033.0,55832000.0,0.06308676028084252,-0.18999999999999773,-0.9471585244267056,3.140578265204382
2025-06-12,19.75,20.21,19.58,20.13,3502420.0,98853237.0,55832000.0,0.06273140851124803,0.259999999999998,1.3085052843482492,3.1706089582284975
2025-06-13,19.95,20.08,19.29,19.38,3930101.0,108998372.0,55832000.0,0.07039154964894684,-0.75,-3.7257824143069995,3.9244908097367075
2025-06-16,19.29,19.65,19.23,19.59,1697120.0,46556903.0,55832000.0,0.030396905000716436,0.21000000000000085,1.0835913312693624,2.1671826625386905
2025-06-17,19.53,19.78,19.08,19.28,2046103.0,55887020.0,55832000.0,0.0366474960596074,-0.3099999999999987,-1.582440020418574,3.573251659009714
2025-06-18,19.29,19.29,18.86,19.04,1742360.0,46728735.0,55832000.0,0.03120719300759421,-0.240000000000002,-1.2448132780083054,2.2302904564315336
2025-06-19,19.05,19.33,18.67,18.74,1869200.0,50075530.0,55832000.0,0.03347900845393323,-0.3000000000000007,-1.5756302521008458,3.466386554621831
2025-06-20,18.64,18.96,18.37,18.51,1405300.0,36836177.0,55832000.0,0.02517015331709414,-0.22999999999999687,-1.2273212379935838,3.1483457844183564
2025-06-23,18.33,19.06,18.33,18.94,1793520.0,47488644.0,55832000.0,0.03212351339733486,0.4299999999999997,2.3230686115613075,3.9438141545110774
2025-06-24,19.01,19.92,19.01,19.8,3510660.0,96913650.0,55832000.0,0.06287899412523285,0.8599999999999994,4.540654699049629,4.804646251319959
2025-06-25,19.76,19.99,19.63,19.8,3088931.0,86106676.0,55832000.0,0.05532545851841238,0.0,0.0,1.8181818181818152
2025-06-26,19.71,19.94,19.48,19.6,4107372.0,81393663.0,78164800.0,0.052547591754856404,-0.1999999999999993,-1.0101010101010055,2.3232323232323275
2025-06-27,19.93,20.88,19.63,20.09,13695201.0,277392166.0,78164800.0,0.17520931416699076,0.48999999999999844,2.499999999999991,6.377551020408164
2025-06-30,19.94,20.4,19.8,20.29,8057805.0,163022798.0,78164800.0,0.10308738716148445,0.1999999999999993,0.9955201592832141,2.986560477849666
2025-07-01,20.22,20.33,19.83,20.02,5318648.0,106986350.0,78164800.0,0.06804403004933167,-0.2699999999999996,-1.3307047806801364,2.464268112370626
2025-07-02,20.03,20.03,19.53,19.62,3913769.0,77366699.0,78164800.0,0.05007073516467771,-0.3999999999999986,-1.9980019980019859,2.4975024975024978
2025-07-03,19.62,19.96,19.51,19.66,2880492.0,56972618.0,78164800.0,0.036851523959634,0.03999999999999915,0.20387359836899765,2.2935779816513726
2025-07-04,19.57,19.66,19.13,19.23,3764860.0,72910672.0,78164800.0,0.048165670480830244,-0.4299999999999997,-2.1871820956256394,2.6958290946083476
2025-07-07,19.09,19.52,18.89,19.48,3009400.0,58025112.0,78164800.0,0.03850070620023335,0.25,1.3000520020800765,3.2761310452418044
2025-07-08,19.58,21.03,19.57,20.15,14767514.0,301772964.0,78164800.0,0.18892793175444703,0.6699999999999982,3.439425051334699,7.494866529774131
2025-07-09,20.35,21.04,20.2,20.61,16454031.0,340472601.0,78164800.0,0.21050435746013552,0.46000000000000085,2.2828784119106826,4.168734491315136
2025-07-10,20.18,20.87,20.18,20.61,9002926.0,186815103.0,78164800.0,0.11517877612429124,0.0,0.0,3.3478893740902538
2025-07-11,20.61,21.02,20.41,20.68,7424085.0,153796479.0,78164800.0,0.09497990143901092,0.07000000000000028,0.3396409509946574,2.9597282872392014
2025-07-14,21.13,21.43,20.58,20.7,7243496.0,151478718.0,78164800.0,0.0926695392299347,0.019999999999999574,0.09671179883945502,4.11025145067699
2025-07-15,20.58,20.78,20.13,20.34,5901630.0,120928242.0,78164800.0,0.0755024000573148,-0.35999999999999943,-1.7391304347826098,3.1400966183574983
2025-07-16,20.24,20.88,20.23,20.72,5870312.0,121579715.0,78164800.0,0.07510173377274681,0.379999999999999,1.868239921337267,3.1956735496558433
2025-07-17,20.68,20.97,20.43,20.85,6443639.0,134371974.0,78164800.0,0.08243658270730558,0.13000000000000256,0.6274131274131456,2.6061776061776025
2025-07-18,20.8,20.91,20.43,20.68,4236420.0,87733051.0,78164800.0,0.054198565083004115,-0.1700000000000017,-0.8153477218225458,2.3021582733812966
2025-07-21,20.68,20.83,20.59,20.72,4400792.0,91335695.0,78164800.0,0.05630145538656787,0.03999999999999915,0.19342359767891004,1.1605415860734933
2025-07-22,20.73,21.51,20.46,20.49,10281436.0,216047538.0,78164800.0,0.1315353714203836,-0.23000000000000043,-1.1100386100386106,5.067567567567571
2025-07-23,20.3,20.41,19.88,20.09,5696348.0,114793645.0,78164800.0,0.07287612838515546,-0.3999999999999986,-1.9521717911176073,2.58662762323085
2025-07-24,20.07,20.41,20.06,20.12,4248368.0,86051647.0,78164800.0,0.0543514216117741,0.030000000000001137,0.1493280238924921,1.7421602787456518
2025-07-25,20.12,20.18,19.93,20.08,3199045.0,64285621.0,78164800.0,0.04092692618672344,-0.0400000000000027,-0.19880715705766772,1.242544731610338
2025-07-28,20.09,20.53,20.08,20.34,4419018.0,90035177.0,78164800.0,0.05653462939839928,0.26000000000000156,1.294820717131473,2.2410358565737196
2025-07-29,20.39,20.39,19.73,19.85,5535111.0,110424321.0,78164800.0,0.07081334564919248,-0.48999999999999844,-2.4090462143559366,3.244837758112095
2025-07-30,19.88,19.95,19.43,19.55,3444260.0,67900912.0,78164800.0,0.0440640799950873,-0.3000000000000007,-1.5113350125944613,2.6196473551637256
2025-07-31,19.48,19.78,19.3,19.34,3291245.0,64457220.0,78164800.0,0.04210648527214296,-0.21000000000000085,-1.0741687979539671,2.4552429667519204
2025-08-01,19.26,19.55,19.25,19.52,2255832.0,43983367.0,78164800.0,0.02885994718850429,0.17999999999999972,0.9307135470527417,1.5511892450879043
2025-08-04,19.4,20.2,19.4,20.18,5923300.0,118571861.0,78164800.0,0.07577963482283585,0.6600000000000001,3.381147540983598,4.098360655737709
2025-08-05,20.21,20.68,20.08,20.62,7083848.0,145684778.0,78164800.0,0.09062708533764559,0.4400000000000013,2.1803766105054523,2.9732408325074404
2025-08-06,20.61,21.37,20.42,21.27,9525205.0,201000100.0,78164800.0,0.12186054336478824,0.6499999999999986,3.1522793404461513,4.607177497575166
2025-08-07,21.27,21.42,20.99,21.17,6372340.0,135326996.0,78164800.0,0.08152442019937363,-0.09999999999999787,-0.4701457451809943,2.0216267042783413
2025-08-08,21.13,21.19,20.83,20.93,4565544.0,95984070.0,78164800.0,0.058409207213477164,-0.240000000000002,-1.1336797354747352,1.7005196032121066
2025-08-11,20.93,21.19,20.83,21.05,3902375.0,82486529.0,78164800.0,0.04992496622520623,0.120000000000001,0.5733397037744892,1.7200191113234735
2025-08-12,21.07,21.14,20.86,21.0,3241170.0,68271577.0,78164800.0,0.04146585163654228,-0.05000000000000071,-0.23752969121140222,1.3301662707838533
2025-08-13,21.02,21.14,20.88,21.08,3526975.0,74478954.0,78164800.0,0.04512229289910548,0.0799999999999983,0.3809523809523707,1.2380952380952457
2025-08-14,21.16,21.22,20.47,20.59,4005280.0,83578032.0,78164800.0,0.051241479540662806,-0.48999999999999844,-2.3244781783681168,3.55787476280835
2025-08-15,20.58,21.03,20.58,20.83,3612589.0,75573802.0,78164800.0,0.04621759410885718,0.23999999999999844,1.1656143759106286,2.1855269548324565
2025-08-18,20.83,21.25,20.83,21.14,4443075.0,94213343.0,78164800.0,0.05684240220661986,0.3100000000000023,1.4882381180989057,2.016322611617867
2025-08-19,21.14,21.91,20.9,21.61,8127815.0,174622385.0,78164800.0,0.10398305887048902,0.46999999999999886,2.223273415326399,4.777672658467368
2025-08-20,21.6,21.86,21.42,21.72,5479982.0,119129501.0,78164800.0,0.07010805375309602,0.10999999999999943,0.509023600185099,2.0360944007403874
2025-08-21,21.74,21.8,21.3,21.36,4255168.0,91687402.0,78164800.0,0.05443841729269441,-0.35999999999999943,-1.6574585635359074,2.3020257826887662
2025-08-22,21.35,21.54,21.15,21.28,3647033.0,77893885.0,78164800.0,0.04665825281968354,-0.0799999999999983,-0.3745318352059823,1.8258426966292163
2025-08-25,21.29,21.6,21.24,21.43,4826453.0,103725099.0,78164800.0,0.06174714193601212,0.14999999999999858,0.7048872180451138,1.6917293233082844
2025-08-26,21.41,21.56,21.23,21.36,3635287.0,78180384.0,78164800.0,0.04650798057437619,-0.07000000000000028,-0.3266448903406438,1.5398973401773135
2025-08-27,21.27,21.59,20.62,20.72,4567281.0,97263495.0,78164800.0,0.05843142949255931,-0.6400000000000006,-2.9962546816479474,4.541198501872654
2025-08-28,20.68,21.01,19.69,20.51,5735158.0,116868907.0,78164800.0,0.07337264344052566,-0.2099999999999973,-1.0135135135134976,6.370656370656372
2025-08-29,20.38,20.68,19.94,20.32,3283855.0,66849476.0,78164800.0,0.04201194143655456,-0.19000000000000128,-0.9263773768893313,3.607996099463669
2025-09-01,20.28,20.4,20.03,20.16,3553701.0,71850452.0,78164800.0,0.04546421151208728,-0.16000000000000014,-0.7874015748031482,1.820866141732271
2025-09-02,20.1,20.81,19.28,20.53,9379113.0,188327637.0,78164800.0,0.11999151792111026,0.370000000000001,1.835317460317465,7.589285714285703
2025-09-03,20.53,22.37,19.84,19.98,9837015.0,204064641.0,78164800.0,0.1258496791394592,-0.5500000000000007,-2.679006332196787,12.323429128105216
2025-09-04,20.11,20.38,19.03,19.35,7232144.0,142676691.0,78164800.0,0.09252430761672774,-0.629999999999999,-3.153153153153143,6.756756756756746
2025-09-05,19.56,20.3,19.33,20.29,7864434.0,158012510.0,78164800.0,0.10061349865924303,0.9399999999999977,4.857881136950892,5.012919896640839
2025-09-08,20.43,21.07,20.33,21.03,7678582.0,160437667.0,78164800.0,0.098235804351831,0.740000000000002,3.647116806308537,3.647116806308536
2025-09-09,21.02,21.02,20.56,20.76,4183567.0,87104527.0,78164800.0,0.05352239115305099,-0.2699999999999996,-1.2838801711840153,2.187351402757969
2025-09-10,20.77,20.9,20.26,20.33,3566799.0,73371007.0,78164800.0,0.045631780545718786,-0.43000000000000327,-2.0712909441233274,3.082851637764918
2025-09-11,20.31,20.6,19.94,20.58,3879911.0,79117723.0,78164800.0,0.04963757343458948,0.25,1.2297097884899078,3.2464338416133804
2025-09-12,20.62,20.62,20.17,20.25,3407086.0,69530317.0,78164800.0,0.04358849507706794,-0.3299999999999983,-1.60349854227404,2.186588921282796
2025-09-15,20.23,21.29,20.23,20.65,7107022.0,148753377.0,78164800.0,0.09092356150082902,0.3999999999999986,1.975308641975304,5.234567901234562
2025-09-16,20.83,21.55,20.61,21.5,10632973.0,226319842.0,78164800.0,0.13603275387386649,0.8500000000000014,4.1162227602905554,4.552058111380152
2025-09-17,21.72,22.48,21.26,22.42,18219587.0,402229906.0,78164800.0,0.23309196722821526,0.9200000000000017,4.279069767441879,5.674418604651158
2025-09-18,22.42,22.62,21.49,21.69,16342952.0,362352185.0,78164800.0,0.20908327021881973,-0.7300000000000004,-3.256021409455845,5.0401427297056305
2025-09-19,21.52,21.69,20.95,21.1,8177821.0,174185944.0,78164800.0,0.104622809755798,-0.5899999999999999,-2.720147533425543,3.411710465652383
2025-09-22,21.09,21.62,21.09,21.36,5804731.0,124733048.0,78164800.0,0.07426272439768285,0.259999999999998,1.2322274881516382,2.5118483412322328
2025-09-23,21.47,22.07,21.21,21.67,9642900.0,208812438.0,78164800.0,0.1233662722862465,0.3100000000000023,1.4513108614232273,4.026217228464417
2025-09-24,21.79,21.86,21.34,21.73,6250763.0,135602971.0,78164800.0,0.07996902697889587,0.05999999999999872,0.27688047992615594,2.399630826026763
2025-09-25,21.74,21.79,21.18,21.25,5465795.0,117656577.0,78164800.0,0.06992655261703477,-0.4800000000000004,-2.2089277496548543,2.807179015186376
2025-09-26,21.12,22.1,20.95,21.56,6790416.0,147443465.0,78164800.0,0.08687306818414427,0.3099999999999987,1.4588235294117569,5.411764705882363
2025-09-29,21.47,22.34,21.13,21.93,8653161.0,190472707.0,78164800.0,0.11070406372177757,0.370000000000001,1.716141001855287,5.6122448979591875
2025-09-30,21.93,21.98,21.24,21.26,6256541.0,134545074.0,78164800.0,0.08004294772071316,-0.6699999999999982,-3.0551755585955243,3.374373005015969
2025-10-09,21.22,21.27,20.6,20.73,5972183.0,124542512.0,78164800.0,0.0764050186273105,-0.5300000000000011,-2.492944496707439,3.151458137347122
2025-10-10,20.63,22.8,20.63,21.92,19984594.0,445802286.0,78164800.0,0.2556725533744089,1.1900000000000013,5.7404727448142845,10.467920887602517
2025-10-13,20.93,21.78,20.51,21.71,14221008.0,302049351.0,78164800.0,0.18193621681370642,-0.21000000000000085,-0.9580291970803012,5.793795620437954
2025-10-14,21.93,23.36,21.93,22.79,19314494.0,437644507.0,78164800.0,0.24709964075901172,1.0799999999999983,4.974666052510357,6.586826347305387
2025-10-15,22.9,22.96,22.32,22.79,12334971.0,280314892.0,78164800.0,0.15780723548195608,0.0,0.0,2.808249232119353
2025-10-16,22.22,22.41,21.11,21.38,13566884.0,293287684.0,78164800.0,0.173567692874542,-1.4100000000000001,-6.186924089512946,5.704256252742434
2025-10-17,21.26,23.53,20.43,23.53,26193188.0,597986762.0,78164800.0,0.3351020919902565,2.150000000000002,10.056127221702527,14.499532273152486
2025-10-20,24.21,25.88,23.95,25.88,21555786.0,535475016.0,78164800.0,0.27577357071213643,2.349999999999998,9.987250318742014,8.202294942626432
2025-10-21,26.22,28.4,25.2,26.56,42261422.0,1121493848.0,78164800.0,0.5406707622868606,0.6799999999999997,2.6275115919629055,12.364760432766612
2025-10-22,25.91,26.4,24.55,25.09,28806063.0,731244926.0,78164800.0,0.3685298625468241,-1.4699999999999989,-5.534638554216864,6.965361445783125
2025-10-23,24.05,24.51,23.54,24.16,19587240.0,470277943.0,78164800.0,0.2505890119337605,-0.9299999999999997,-3.706656038262257,3.866082104424083
2025-10-24,23.93,24.17,23.28,23.32,15700675.0,370447949.0,78164800.0,0.20086631066669397,-0.8399999999999999,-3.4768211920529812,3.6837748344370884
2025-10-27,23.37,23.79,23.26,23.58,13895913.0,328332114.0,78164800.0,0.17777711962417866,0.259999999999998,1.1149228130360012,2.2727272727272623
2025-10-28,23.35,23.8,23.15,23.65,11529538.0,272207886.0,78164800.0,0.14750294250097232,0.07000000000000028,0.2968617472434376,2.7565733672603994
2025-10-29,23.25,24.39,22.65,24.26,21836349.0,520342516.0,78164800.0,0.27936294853949606,0.610000000000003,2.579281183932358,7.3572938689217855
2025-10-30,23.91,23.91,23.09,23.3,12442151.0,292518921.0,78164800.0,0.15917844093505004,-0.9600000000000009,-3.9571310799670245,3.3800494641385006
2025-10-31,23.12,23.64,22.84,23.34,7426516.0,174367341.0,78164800.0,0.09501100239493993,0.03999999999999915,0.17167381974247942,3.433476394849788
2025-11-03,23.34,24.35,23.02,24.33,13832036.0,332710615.0,78164800.0,0.1769599103432747,0.9899999999999984,4.24164524421593,5.698371893744652
2025-11-04,24.21,24.32,23.63,24.16,10629676.0,255501283.0,78164800.0,0.13599057376210263,-0.16999999999999815,-0.6987258528565521,2.836004932182496
2025-11-05,23.78,24.43,23.67,24.2,9342388.0,225715642.0,78164800.0,0.11952167727672815,0.03999999999999915,0.16556291390728006,3.1456953642384025
2025-11-06,24.03,25.41,23.7,25.39,19503543.0,482782894.0,78164800.0,0.2495182358299388,1.1900000000000013,4.917355371900833,7.066115702479342
2025-11-07,24.96,25.24,24.72,25.06,12533755.0,313909786.0,78164800.0,0.16035037510490655,-0.33000000000000185,-1.29972430090588,2.0480504135486393
2025-11-10,24.91,25.18,24.49,24.89,7853044.0,194709902.0,78164800.0,0.10046778089370151,-0.16999999999999815,-0.6783719074221817,2.7533918595371163
2025-11-11,24.88,25.57,24.49,25.48,11980518.0,301301454.0,78164800.0,0.15327254723353734,0.5899999999999999,2.3704298915226962,4.339092004821221
2025-11-12,25.23,26.81,24.66,24.87,17039940.0,441849664.0,78164800.0,0.21800017399136185,-0.6099999999999994,-2.394034536891676,8.437990580847718
2025-11-13,23.86,24.2,22.38,23.32,15973863.0,369953124.0,78164800.0,0.20436133656070252,-1.5500000000000007,-6.232408524326505,7.318053880176921
2025-11-14,22.7,23.05,22.27,22.33,10296708.0,234390614.0,78164800.0,0.13173075348494462,-0.990000000000002,-4.245283018867929,3.3447684391080665
2025-11-17,22.33,22.78,21.82,22.67,6038253.0,135931414.0,78164800.0,0.07725028401531124,0.3400000000000034,1.5226153157187783,4.299149126735338
2025-11-18,22.55,22.6,21.56,21.77,6651309.0,146865056.0,78164800.0,0.08509340521564694,-0.9000000000000021,-3.9700044111160238,4.587560652845181
2025-11-19,21.71,21.76,21.23,21.36,4272063.0,91789737.0,78164800.0,0.05465456317933392,-0.41000000000000014,-1.8833256775378948,2.4345429490124073
2025-11-20,21.51,21.51,20.78,20.87,4424468.0,93398429.0,78164800.0,0.05660435387796041,-0.48999999999999844,-2.294007490636696,3.4176029962546837
2025-11-21,20.82,20.92,20.13,20.31,4705917.0,96683464.0,78164800.0,0.06020506673080466,-0.5600000000000023,-2.683277431720188,3.785337805462399
2025-11-24,20.33,20.57,20.13,20.44,3105007.0,63380521.0,78164800.0,0.03972385268049045,0.13000000000000256,0.6400787789266449,2.166420482520932
2025-11-25,20.59,20.8,20.41,20.62,3237043.0,67043457.0,78164800.0,0.041413052934313146,0.17999999999999972,0.8806262230919737,1.9080234833659517
2025-11-26,20.69,20.88,20.37,20.45,3217986.0,66686963.0,78164800.0,0.041169247538533967,-0.1700000000000017,-0.8244422890397729,2.473326867119292
2025-11-27,20.59,20.77,20.38,20.69,2726984.0,56431536.0,78164800.0,0.03488762204982294,0.240000000000002,1.1735941320293541,1.90709046454768
2025-11-28,20.69,20.98,20.35,20.89,3174771.0,65954083.0,78164800.0,0.0406163771928029,0.1999999999999993,0.9666505558240557,3.0449492508458142
2025-12-01,20.88,21.23,20.75,21.17,3350128.0,70966139.0,78164800.0,0.04285980390150042,0.28000000000000114,1.3403542364767818,2.2977501196744874
2025-12-02,21.26,21.26,20.85,20.85,2367652.0,49716874.0,78164800.0,0.030290514400343888,-0.3200000000000003,-1.5115729806329692,1.9367028814359948
2025-12-03,20.86,20.98,20.44,20.54,2683177.0,55458395.0,78164800.0,0.03432717796245881,-0.3100000000000023,-1.4868105515587593,2.5899280575539527
2025-12-04,20.88,21.51,20.75,21.0,4611083.0,97319150.0,78164800.0,0.058991809612511,0.46000000000000085,2.2395326192794496,3.7000973709834546
2025-12-05,20.99,20.99,20.62,20.97,2933221.0,61237255.0,78164800.0,0.037526111497758585,-0.030000000000001137,-0.14285714285714457,1.7619047619047497
2025-12-08,20.88,21.13,20.81,21.08,3075151.0,64810798.0,78164800.0,0.039341890467320326,0.10999999999999943,0.5245588936576118,1.5259895088221282
2025-12-09,21.06,21.06,20.65,20.73,2935525.0,61418346.0,78164800.0,0.03755558768141158,-0.34999999999999787,-1.6603415559772183,1.9449715370018983
2025-12-10,20.64,20.88,20.46,20.73,1977050.0,41069658.0,78164800.0,0.02529335455345629,0.0,0.0,2.0260492040520894
2025-12-11,20.74,20.81,20.25,20.25,2752627.0,56447242.0,78164800.0,0.03521568532126993,-0.4800000000000004,-2.315484804630974,2.701398938736125
2025-12-12,20.23,20.53,20.13,20.15,2413544.0,49167272.0,78164800.0,0.03087763289869609,-0.10000000000000142,-0.4938271604938316,1.975308641975319
2025-12-15,20.15,20.3,20.03,20.1,1785958.0,36115542.0,78164800.0,0.022848622397805662,-0.04999999999999716,-0.2481389578163684,1.3399503722084347
2025-12-16,20.28,20.28,19.62,19.85,2458968.0,48985986.0,78164800.0,0.03145876404724377,-0.25,-1.243781094527363,3.2835820895522394
2025-12-17,19.73,20.0,19.3,19.79,2890888.0,56821143.0,78164800.0,0.036984525003582173,-0.060000000000002274,-0.3022670025189078,3.526448362720399
2025-12-18,19.68,20.09,19.57,19.83,2231036.0,44626415.0,78164800.0,0.028542719996724867,0.03999999999999915,0.2021222839817982,2.627589691763515
2025-12-19,19.86,20.19,19.85,20.16,1884176.0,37921393.0,78164800.0,0.024105172660839662,0.33000000000000185,1.6641452344932084,1.7145738779626822
2025-12-22,20.23,20.38,20.16,20.29,1891159.0,38369627.0,78164800.0,0.02419450954905533,0.129999999999999,0.6448412698412564,1.0912698412698356
2025-12-23,20.29,20.3,19.95,20.08,1685156.0,33818634.0,78164800.0,0.021559013776021943,-0.21000000000000085,-1.0349926071956617,1.7249876786594454
2025-12-24,20.07,20.43,20.0,20.4,2092527.0,42573640.0,78164800.0,0.02677070753075553,0.3200000000000003,1.5936254980079667,2.141434262948206
2025-12-25,20.34,20.84,20.3,20.76,2767415.0,57157507.0,78164800.0,0.03540487534030663,0.360000000000003,1.7647058823529571,2.6470588235294077
2025-12-26,20.84,20.91,20.5,20.62,2276240.0,47077106.0,78164800.0,0.02912103657912513,-0.14000000000000057,-0.6743737957610851,1.9749518304431606
2025-12-29,20.88,20.92,20.61,20.9,2637786.0,54886375.0,78164800.0,0.03374646899883323,0.2799999999999976,1.3579049466537318,1.5033947623666453
2025-12-30,20.9,21.4,20.64,21.19,4970947.0,105118807.0,78164800.0,0.06359572339467381,0.2900000000000027,1.3875598086124485,3.6363636363636274
2025-12-31,21.35,21.44,21.0,21.32,4203115.0,89315267.0,78164800.0,0.05377247814873191,0.129999999999999,0.6134969325153339,2.076451156205763
2026-01-05,21.33,21.5,21.23,21.49,4181183.0,89462274.0,78164800.0,0.05349189149079893,0.16999999999999815,0.7973733583489517,1.2664165103189473
2026-01-06,21.5,21.65,21.34,21.53,3949101.0,84822021.0,78164800.0,0.05052275448795366,0.0400000000000027,0.18613308515589289,1.4425314099581141
2026-01-07,21.51,21.52,21.22,21.28,3405586.0,72760403.0,78164800.0,0.043569304853335517,-0.25,-1.1611704598235018,1.3934045517882057
2026-01-08,21.26,21.51,21.15,21.32,2817852.0,60289339.0,78164800.0,0.03605014021656807,0.03999999999999915,0.1879699248120259,1.6917293233082844
2026-01-09,21.33,21.49,21.19,21.42,3563181.0,76161106.0,78164800.0,0.04558549372607619,0.10000000000000142,0.46904315196998336,1.4071294559099303
2026-01-12,21.43,22.18,21.4,22.18,6925841.0,151448819.0,78164800.0,0.08860562555011975,0.759999999999998,3.548085901027065,3.6414565826330585
2026-01-13,22.18,22.49,21.72,21.99,5253173.0,116009443.0,78164800.0,0.06720637678341146,-0.19000000000000128,-0.8566275924256184,3.4715960324616755
2026-01-14,21.88,22.22,21.54,21.88,5049716.0,110697868.0,78164800.0,0.06460345321679324,-0.10999999999999943,-0.5002273760800313,3.092314688494769
2026-01-15,21.8,22.15,21.6,21.86,2839228.0,62018315.0,78164800.0,0.03632361369823757,-0.019999999999999574,-0.0914076782449702,2.5137111517367328
2026-01-16,21.88,22.37,21.77,22.22,4624791.0,102302891.0,78164800.0,0.05916718267046036,0.35999999999999943,1.6468435498627532,2.7447392497712784
2026-01-19,22.22,22.39,22.11,22.35,3882860.0,86474012.0,78164800.0,0.049675301414447426,0.13000000000000256,0.5850585058505997,1.2601260126012652
2026-01-20,22.35,22.89,22.06,22.22,5104636.0,114280191.0,78164800.0,0.06530607127504964,-0.13000000000000256,-0.5816554809843555,3.713646532438487
2026-01-21,22.03,22.54,21.9,22.46,4072603.0,90782638.0,78164800.0,0.05210277516222136,0.240000000000002,1.0801080108010952,2.880288028802883
2026-01-22,22.46,22.54,22.33,22.54,2855876.0,64091120.0,78164800.0,0.03653659959470248,0.0799999999999983,0.3561887800534125,0.934995547640253
2026-01-23,22.6,22.66,22.42,22.65,3794278.0,85469400.0,78164800.0,0.0485420291486705,0.10999999999999943,0.4880212954747165,1.0647737355811822
2026-01-26,22.78,22.78,21.79,21.95,4452661.0,98337147.0,78164800.0,0.05696504052975252,-0.6999999999999993,-3.0905077262693093,4.370860927152327
2026-01-27,21.96,22.06,21.2,21.94,3248679.0,70246652.0,78164800.0,0.041561917896546785,-0.00999999999999801,-0.04555808656035998,3.917995444191341
2026-01-28,21.94,21.94,21.27,21.28,3066767.0,65808633.0,78164800.0,0.039234629910138576,-0.6600000000000001,-3.008204193254327,3.053783044667282
2026-01-29,21.25,21.38,20.68,20.73,3196983.0,67088268.0,78164800.0,0.0409005460258326,-0.5500000000000007,-2.584586466165417,3.2894736842105226
2026-01-30,20.8,20.88,20.42,20.72,2483386.0,51343941.0,78164800.0,0.03177115530264262,-0.010000000000001563,-0.04823926676315038,2.219006271104666
2026-02-02,20.62,20.99,20.44,20.45,2486996.0,51637573.0,78164800.0,0.031817339774425316,-0.2699999999999996,-1.3030888030888033,2.654440154440141
2026-02-03,20.65,20.89,20.5,20.87,2046580.0,42395525.0,78164800.0,0.026182885390866478,0.4200000000000017,2.0537897310513475,1.90709046454768
2026-02-04,21.01,21.11,20.72,20.83,2079344.0,43450554.0,78164800.0,0.026602051051112522,-0.0400000000000027,-0.191662673694315,1.8687110685194086
2026-02-05,20.8,20.86,20.6,20.61,1386600.0,28704565.0,78164800.0,0.01773944281825067,-0.21999999999999886,-1.0561689870379198,1.2481997119539032
2026-02-06,20.6,20.97,20.43,20.76,1956878.0,40640599.0,78164800.0,0.02503528442470268,0.15000000000000213,0.7278020378457262,2.6200873362445374
2026-02-09,20.87,21.01,20.82,20.93,1713365.0,35789060.0,78164800.0,0.021919905123533867,0.16999999999999815,0.818882466281301,0.9152215799614705
2026-02-10,20.88,21.38,20.71,21.08,1874797.0,39626399.0,78164800.0,0.023985182588582073,0.14999999999999858,0.7166746297180948,3.2011466794075405
2026-02-11,21.09,21.32,20.94,21.12,1458626.0,30883986.0,78164800.0,0.01866090618795161,0.0400000000000027,0.189753320683117,1.8026565464895588
2026-02-12,21.1,21.53,20.97,21.32,1951760.0,41570690.0,78164800.0,0.024969807381327657,0.1999999999999993,0.9469696969697017,2.651515151515162
2026-02-13,21.43,21.48,21.28,21.29,1468080.0,31419332.0,78164800.0,0.01878185577139582,-0.030000000000001137,-0.1407129455910039,0.9380863039399591
2026-02-24,21.57,21.61,21.24,21.26,1565714.0,33418784.0,78164800.0,0.020030934640656663,-0.029999999999997584,-0.14091122592765348,1.737905119774547
2026-02-25,21.5,21.9,21.21,21.71,4463146.0,96516987.0,78164800.0,0.05709918019364215,0.4499999999999993,2.116650987770452,3.245531514581362
2026-02-26,21.67,22.09,21.43,22.0,3896721.0,84800833.0,78164800.0,0.04985263187521749,0.28999999999999915,1.3357899585444422,3.040073698756334
2026-02-27,21.95,23.75,21.77,23.4,13378687.0,305923546.0,78164800.0,0.17115999785069494,1.3999999999999986,6.363636363636349,9.000000000000002
2026-03-02,22.96,24.95,22.77,24.43,22647020.0,547775039.0,78164800.0,0.28973425378175344,1.0300000000000011,4.401709401709408,9.316239316239315
2026-03-03,24.19,24.3,22.89,23.0,11480227.0,272130953.0,78164800.0,0.14687208308599267,-1.4299999999999997,-5.85345886205485,5.771592304543595
2026-03-04,22.51,25.3,22.51,25.3,16048742.0,392826093.0,78164800.0,0.2053192997359425,2.3000000000000007,10.000000000000009,12.130434782608692
2026-03-05,25.86,26.24,24.17,24.32,20633192.0,515743181.0,78164800.0,0.26397038052934313,-0.9800000000000004,-3.8735177865612647,8.18181818181817
2026-03-06,24.32,25.69,24.06,25.12,13836575.0,347888301.0,78164800.0,0.17701797996028903,0.8000000000000007,3.289473684210531,6.702302631578958
2026-03-09,24.83,25.41,24.0,24.79,11932581.0,294291876.0,78164800.0,0.1526592660634966,-0.33000000000000185,-1.3136942675159302,5.6130573248407645
2026-03-10,24.78,25.38,24.3,24.84,10112359.0,251300820.0,78164800.0,0.12937228778171248,0.05000000000000071,0.201694231544991,4.356595401371513
2026-03-11,24.69,25.3,23.95,24.11,9729034.0,238106350.0,78164800.0,0.12446822610689211,-0.7300000000000004,-2.9388083735909842,5.4347826086956585
2026-03-12,23.96,24.0,22.85,22.86,8366216.0,193258405.0,78164800.0,0.10703303788917774,-1.25,-5.18457071754459,4.769805060141015
2026-03-13,22.8,23.43,22.4,22.7,5730416.0,130771309.0,78164800.0,0.07331197674656623,-0.16000000000000014,-0.6999125109361293,4.505686789151361
2026-03-16,22.79,22.88,22.25,22.72,3768186.0,84934891.0,78164800.0,0.04820822160358627,0.019999999999999574,0.08810572687223406,2.7753303964757667
2026-03-17,23.23,23.45,22.0,22.03,7742779.0,176072722.0,78164800.0,0.09905710754713119,-0.6899999999999977,-3.0369718309859017,6.382042253521123
2026-03-18,22.21,22.34,21.68,22.24,4809811.0,105887062.0,78164800.0,0.061534232800442144,0.2099999999999973,0.9532455742169654,2.9959146618247847
2026-03-19,22.22,22.24,21.12,21.3,4138609.0,88931149.0,78164800.0,0.052947221767342845,-0.9399999999999977,-4.226618705035956,5.035971223021572
2026-03-20,21.3,21.49,20.45,20.46,3949400.0,82333116.0,78164800.0,0.050526579739217654,-0.8399999999999999,-3.9436619718309807,4.8826291079812165
2026-03-23,20.29,20.29,18.88,19.01,4567768.0,89666871.0,78164800.0,0.0584376599185311,-1.4499999999999993,-7.086999022482887,6.8914956011730215
2026-03-24,19.5,19.59,19.12,19.57,2940411.0,56935496.0,78164800.0,0.03761809663684933,0.5599999999999987,2.9458179905312853,2.472382956338763
2026-03-25,19.57,20.18,19.57,20.09,3257360.0,65124250.0,78164800.0,0.04167297811802755,0.5199999999999996,2.6571282575370336,3.117015840572302
2026-03-26,20.08,20.16,19.45,19.58,2841062.0,56083053.0,78164800.0,0.03634707694512108,-0.5100000000000016,-2.5385764061722327,3.5340965654554544
2026-03-27,19.41,19.86,19.27,19.85,1818051.0,35811970.0,78164800.0,0.02325920363130207,0.2700000000000031,1.3789581205311707,3.013278855975485
2026-03-30,19.65,19.92,19.4,19.8,2206040.0,43493881.0,78164800.0,0.028222934108447794,-0.05000000000000071,-0.25188916876575096,2.6196473551637434
2026-03-31,19.8,20.04,19.58,19.64,2206334.0,43634140.0,78164800.0,0.028226695392299345,-0.16000000000000014,-0.8080808080808133,2.3232323232323275
2026-04-01,19.88,20.06,19.77,19.98,2305000.0,45891734.0,78164800.0,0.029488977135488096,0.33999999999999986,1.731160896130346,1.4765784114052911
2026-04-02,19.99,20.14,19.44,19.65,2706603.0,53386011.0,78164800.0,0.03462687808322928,-0.33000000000000185,-1.6516516516516644,3.5035035035035
2026-04-03,19.66,19.73,19.05,19.07,2102100.0,40365877.0,78164800.0,0.026893179538615846,-0.5799999999999983,-2.9516539440203493,3.460559796437658
2026-04-07,18.99,19.39,18.99,19.19,1877800.0,36020116.0,78164800.0,0.024023601416494383,0.120000000000001,0.6292606187729533,2.097535395909817
2026-04-08,19.57,20.09,19.54,20.08,2809472.0,55807415.0,78164800.0,0.035942930833316275,0.889999999999997,4.637832204273051,2.8660760812923436
2026-04-09,19.9,22.0,19.79,21.2,11566382.0,244591669.0,78164800.0,0.14797430556977054,1.120000000000001,5.5776892430278835,11.005976095617536
2026-04-10,21.11,22.71,20.85,21.95,11780170.0,256563449.0,78164800.0,0.1507093986039752,0.75,3.5377358490566113,8.773584905660375
2026-04-13,21.51,21.95,20.85,20.96,7253266.0,153619744.0,78164800.0,0.0927945315538452,-0.9899999999999984,-4.510250569476071,5.011389521640082
2026-04-14,21.16,21.53,20.81,21.3,4435233.0,93406219.0,78164800.0,0.05674207571694676,0.33999999999999986,1.6221374045801484,3.435114503816805
2026-04-15,21.4,22.58,21.4,21.88,7289342.0,161194997.0,78164800.0,0.09325606922809244,0.5799999999999983,2.7230046948356623,5.539906103286383
2026-04-16,22.11,22.25,21.39,21.7,5502226.0,119234933.0,78164800.0,0.07039263197756535,-0.17999999999999972,-0.822669104204754,3.9305301645338186
2026-04-17,21.5,21.63,20.88,21.05,4793162.0,100862709.0,78164800.0,0.06132123411049475,-0.6499999999999986,-2.995391705069117,3.4562211981566824
2026-04-20,21.02,21.18,20.82,20.95,3081970.0,64522910.0,78164800.0,0.039429129224407916,-0.10000000000000142,-0.47505938242280443,1.7102137767220873
2026-04-21,20.92,21.03,20.5,21.03,3745147.0,77676638.0,78164800.0,0.04791347256053876,0.08000000000000185,0.38186157517901,2.5298329355608646
2026-04-22,20.89,21.66,20.59,21.5,4640694.0,97865387.0,78164800.0,0.0593706374224715,0.46999999999999886,2.2349025202092143,5.087969567284832
2026-04-23,21.98,23.32,21.71,22.12,12602753.0,283318611.0,78164800.0,0.161233099809633,0.620000000000001,2.8837209302325695,7.488372093023253
2026-04-24,21.93,22.04,21.2,21.36,5002094.0,107717136.0,78164800.0,0.06399420199373632,-0.7600000000000016,-3.4358047016274984,3.797468354430379
2026-04-27,21.26,21.37,20.81,20.9,4475436.0,94002942.0,78164800.0,0.05725641209342313,-0.46000000000000085,-2.1535580524344566,2.621722846441958
2026-04-28,20.9,20.98,19.88,20.07,4274516.0,86268695.0,78164800.0,0.05468594559187767,-0.8299999999999983,-3.9712918660287033,5.26315789473685
2026-04-29,19.99,20.65,19.9,20.39,3388956.0,69234717.0,78164800.0,0.0433565492395554,0.3200000000000003,1.5944195316392573,3.7369207772795217
2026-04-30,20.39,21.18,20.37,20.88,3959576.0,82634942.0,78164800.0,0.0506567662170184,0.48999999999999844,2.403138793526227,3.972535556645408
2026-05-06,20.88,21.17,20.6,20.8,3557449.0,74091532.0,78164800.0,0.04551216148445336,-0.0799999999999983,-0.3831417624520994,2.729885057471266
2026-05-07,20.8,21.42,20.79,21.3,3739427.0,79259881.0,78164800.0,0.04784029384070579,0.5,2.4038461538461453,3.028846153846166
2026-05-08,21.3,21.83,21.13,21.73,3947161.0,85203183.0,78164800.0,0.050497935131926394,0.4299999999999997,2.0187793427230094,3.2863849765258184
2026-05-11,21.69,21.79,21.13,21.34,3625271.0,77273901.0,78164800.0,0.04637984105377357,-0.39000000000000057,-1.7947537965945726,3.0372756557754266
2026-05-12,21.34,21.34,20.78,20.89,3023619.0,63402272.0,78164800.0,0.03868261672773422,-0.4499999999999993,-2.108716026241797,2.6241799437675666
2026-05-13,21.0,22.15,20.8,21.69,8222693.0,179256520.0,78164800.0,0.10519687890201215,0.8000000000000007,3.8295835327908145,6.46242221158448
2026-05-14,21.73,21.82,20.83,20.83,4832546.0,102026964.0,78164800.0,0.06182509262481321,-0.860000000000003,-3.9649608114338486,4.564315352697104
2026-05-15,20.76,21.65,20.76,21.25,4432936.0,94385860.0,78164800.0,0.05671268908767118,0.4200000000000017,2.01632261161786,4.272683629380687
2026-05-18,21.15,21.44,20.95,21.35,3412980.0,72541883.0,78164800.0,0.04366389986285387,0.10000000000000142,0.47058823529413374,2.3058823529411856
2026-05-19,21.33,21.8,20.88,21.17,3397632.0,71947400.0,78164800.0,0.04346754549362373,-0.17999999999999972,-0.8430913348946079,4.309133489461367
2026-05-20,20.96,21.01,20.28,20.91,3779320.0,77956799.0,78163900.0,0.04835122096005957,-0.26000000000000156,-1.228153046764291,3.4482758620689675
2026-05-21,20.91,21.36,20.66,20.68,5205742.0,109545944.0,78163900.0,0.06660033596071845,-0.23000000000000043,-1.099952175992347,3.347680535628882
2026-05-22,20.71,20.85,20.28,20.68,3326476.0,68542519.0,78163900.0,0.04255770246878674,0.0,0.0,2.7562862669245662
2026-05-25,20.78,20.8,20.22,20.59,3239184.0,66350430.0,152727200.0,0.021208952956644263,-0.08999999999999986,-0.4352030947775587,2.8046421663443026
2026-05-26,20.56,20.77,19.59,19.81,3306570.0,66255404.0,152727200.0,0.021650171023890965,-0.7800000000000011,-3.788246721709576,5.730937348227293
2026-05-27,19.78,19.85,18.68,18.82,4143225.0,78805402.0,152727200.0,0.02712827184679612,-0.9899999999999984,-4.997476022211,5.9061080262493775
2026-05-28,18.95,19.07,18.2,18.71,3101249.0,57678822.0,152727200.0,0.020305806693241283,-0.10999999999999943,-0.5844845908607788,4.622741764080771
2026-05-29,18.71,18.88,17.64,17.75,2916045.0,52592560.0,152727200.0,0.019093160877695657,-0.9600000000000009,-5.1309460181721,6.627471940138954
2026-06-01,17.77,18.26,17.65,18.1,2254106.0,40724890.0,152727200.0,0.014759034409064004,0.3500000000000014,1.9718309859154903,3.436619718309876
2026-06-02,18.17,18.33,17.6,18.01,2001896.0,35882266.0,152727200.0,0.013107658622694583,-0.08999999999999986,-0.4972375690607711,4.033149171270701
2026-06-03,18.0,18.1,17.42,17.66,2288367.0,40652408.0,152727200.0,0.014983362492077377,-0.3500000000000014,-1.9433647973348234,3.775680177679065
2026-06-04,17.71,17.96,17.4,17.79,2186365.0,38779010.0,152727200.0,0.01431549193594854,0.129999999999999,0.7361268403170973,3.171007927519832
2026-06-05,17.6,18.34,17.3,17.9,2947704.0,52743448.0,152727200.0,0.01930045204783431,0.10999999999999943,0.6183249016301184,5.845980888139399
2026-06-08,17.62,18.1,17.3,17.55,2461965.0,43587975.0,152727200.0,0.01612001660476981,-0.34999999999999787,-1.9553072625698165,4.469273743016764
2026-06-09,17.61,17.77,17.31,17.5,1801956.0,31526681.0,152727200.0,0.011798527046917641,-0.05000000000000071,-0.2849002849002913,2.6210826210826257
2026-06-10,17.42,17.48,16.77,17.02,1866816.0,31805225.0,152727200.0,0.0122232058205742,-0.4800000000000004,-2.742857142857147,4.057142857142862
2026-06-11,16.99,17.02,16.52,16.74,1460694.0,24441866.0,152727200.0,0.009564072411463053,-0.28000000000000114,-1.6451233842538215,2.937720329024677
2026-06-12,17.14,17.18,16.75,17.0,1524861.0,25946982.0,152727200.0,0.009984213682958896,0.26000000000000156,1.55316606929512,2.568697729988051
2026-06-15,17.2,17.95,17.1,17.93,2683063.0,47265235.0,152727200.0,0.017567682770325128,0.9299999999999997,5.470588235294116,4.999999999999988
2026-06-16,17.93,19.48,17.48,19.25,5576124.0,102719762.0,152727200.0,0.03651035310016814,1.3200000000000003,7.361963190184051,11.154489682097045
2026-06-17,18.91,21.18,18.86,21.18,12499321.0,257027049.0,152727200.0,0.08184083123372916,1.9299999999999997,10.025974025974026,12.051948051948054
2026-06-18,21.48,22.55,21.42,22.15,14017385.0,308595843.0,152727200.0,0.09178054072882892,0.9699999999999989,4.5797922568460825,5.3352219074598635
