date,open,high,low,close,volume,amount,outstanding_share,turnover,change,pct_chg,amplitude
2023-03-06,12.45,12.61,12.3,12.55,22810876.0,291083581.0,1040362505.0,0.0219258920716294,,,
2023-03-07,12.51,12.64,12.15,12.17,20193288.0,255318390.0,1040362505.0,0.019409857528458314,-0.3800000000000008,-3.0278884462151434,3.9043824701195233
2023-03-08,12.22,12.69,12.14,12.64,25081320.0,320924005.0,1040362505.0,0.024108250614049188,0.47000000000000064,3.861955628594904,4.519309778142966
2023-03-09,12.66,12.74,12.47,12.49,17236570.0,221969502.0,1040362505.0,0.01656785006876041,-0.15000000000000036,-1.1867088607595,2.136075949367085
2023-03-10,12.35,12.55,12.26,12.32,13036587.0,164285497.0,1040362505.0,0.012530812036521828,-0.16999999999999993,-1.3610888710968716,2.321857485988798
2023-03-13,12.23,12.31,11.93,12.16,16658059.0,205725541.0,1040362505.0,0.01601178331585489,-0.16000000000000014,-1.2987012987012991,3.0844155844155905
2023-03-14,12.24,12.24,11.74,11.91,17900475.0,218126225.0,1040362505.0,0.017205997826690227,-0.25,-2.055921052631582,4.111842105263158
2023-03-15,12.02,12.29,12.02,12.03,13667968.0,169782495.0,1040362505.0,0.01313769761435222,0.11999999999999922,1.0075566750629594,2.267002518891684
2023-03-16,12.08,12.09,11.81,11.84,12903537.0,157410139.0,1040362505.0,0.012402923921215326,-0.1899999999999995,-1.5793848711554426,2.3275145469659133
2023-03-17,11.91,12.09,11.89,11.93,9888957.0,121159983.0,1041692505.0,0.009493163243984366,0.08999999999999986,0.7601351351351315,1.689189189189183
2023-03-20,11.9,11.99,11.65,11.79,15681503.0,188941798.0,1041692505.0,0.015053869471778527,-0.14000000000000057,-1.1735121542330362,2.849958088851633
2023-03-21,11.83,12.22,11.77,12.2,16570091.0,204493097.0,1041692505.0,0.015906892792705657,0.41000000000000014,3.4775233248515613,3.81679389312978
2023-03-22,12.23,12.41,12.13,12.4,14951525.0,188275413.0,1041692505.0,0.014353107974027326,0.20000000000000107,1.6393442622950838,2.2950819672131098
2023-03-23,12.35,12.62,12.3,12.6,18044327.0,231216345.0,1041692505.0,0.01732212424817245,0.1999999999999993,1.6129032258064502,2.5806451612903105
2023-03-24,12.62,13.12,12.53,13.09,33967290.0,448286919.0,1041692505.0,0.03260778957030127,0.4900000000000002,3.8888888888888973,4.682539682539682
2023-03-27,13.09,13.3,12.83,13.01,28088492.0,374768522.0,1041692505.0,0.026964283476341225,-0.08000000000000007,-0.6111535523300238,3.5905271199388897
2023-03-28,12.93,13.01,12.62,12.67,19331123.0,252326117.0,1041692505.0,0.018557417766963773,-0.33999999999999986,-2.613374327440432,2.997694081475792
2023-03-29,12.63,12.77,12.52,12.63,14618750.0,189079006.0,1041692505.0,0.014033651898071398,-0.03999999999999915,-0.31570639305444903,1.973164956590371
2023-03-30,12.6,12.79,12.46,12.69,12630200.0,163011547.0,1041692505.0,0.012124691249458495,0.05999999999999872,0.47505938242278223,2.612826603325402
2023-03-31,12.69,12.77,12.4,12.47,15907556.0,203279456.0,1041692505.0,0.01527087496900057,-0.21999999999999886,-1.7336485421591719,2.9156816390858884
2023-04-03,12.48,12.66,12.14,12.54,29489634.0,373239700.0,1041692505.0,0.028309346432323617,0.06999999999999851,0.5613472333600544,4.170008019246187
2023-04-04,12.55,12.6,12.22,12.4,18129660.0,229235886.0,1041692505.0,0.01740404189622157,-0.1399999999999988,-1.1164274322168932,3.0303030303030223
2023-04-06,12.3,12.32,11.98,12.05,30816377.0,380648765.0,1041692505.0,0.029582988119896285,-0.34999999999999964,-2.822580645161288,2.741935483870966
2023-04-07,12.12,12.61,12.08,12.61,30193838.0,383079481.0,1041692505.0,0.02898536550380575,0.5599999999999987,4.647302904564299,4.39834024896265
2023-04-10,12.57,12.71,12.23,12.27,23393159.0,297780971.0,1041692505.0,0.022456875601692076,-0.33999999999999986,-2.6962727993655844,3.8065027755749443
2023-04-11,12.28,12.34,12.1,12.22,16284000.0,203252740.0,1041692505.0,0.015632252245109512,-0.049999999999998934,-0.4074979625101838,1.9559902200489014
2023-04-12,12.23,12.5,12.15,12.31,19072582.0,240520876.0,1050469941.0,0.018156237751880612,0.08999999999999986,0.7364975450081745,2.8641571194762654
2023-04-13,12.31,12.37,11.89,11.9,22170404.0,273573823.0,1050469941.0,0.02110522456158505,-0.41000000000000014,-3.3306255077172997,3.899268887083661
2023-04-14,11.9,12.05,11.88,11.95,15073486.0,184211476.0,1050469941.0,0.014349278748186475,0.049999999999998934,0.42016806722688926,1.428571428571428
2023-04-17,11.9,12.23,11.89,12.08,15803618.0,195475941.0,1050469941.0,0.015044331477924697,0.13000000000000078,1.087866108786617,2.8451882845188274
2023-04-18,12.15,12.32,11.99,12.16,14176592.0,176015259.0,1050469941.0,0.01349547611662693,0.08000000000000007,0.6622516556291425,2.731788079470199
2023-04-19,12.16,12.21,12.04,12.1,11227724.0,138881421.0,1050469941.0,0.01068828679601409,-0.0600000000000005,-0.49342105263158187,1.3980263157894877
2023-04-20,12.06,12.16,11.9,12.04,11623159.0,142666143.0,1050469941.0,0.011064723079020497,-0.0600000000000005,-0.49586776859504855,2.1487603305785106
2023-04-21,12.03,12.04,11.19,11.2,33645271.0,394893889.0,1050469941.0,0.03202878034565294,-0.8399999999999999,-6.976744186046513,7.059800664451825
2023-04-24,11.2,11.47,11.16,11.39,16541153.0,192119543.0,1050469941.0,0.015746431529733797,0.19000000000000128,1.6964285714285765,2.7678571428571477
2023-04-25,11.35,11.44,10.81,10.98,17551918.0,198096496.0,1050469941.0,0.016708634216883317,-0.41000000000000014,-3.5996488147497785,5.531167690956971
2023-04-26,10.9,11.14,10.81,10.94,21223851.0,238312783.0,1050469941.0,0.020204148802007462,-0.040000000000000924,-0.36429872495447047,3.0054644808743176
2023-04-27,10.88,11.19,10.88,11.02,16309490.0,184034402.0,1050469941.0,0.01552589880341945,0.08000000000000007,0.7312614259597838,2.8336380255941385
2023-04-28,11.1,11.23,10.93,11.01,21081160.0,238218048.0,1050469941.0,0.02006831340640903,-0.009999999999999787,-0.09074410163338875,2.7223230490018215
2023-05-04,11.0,11.08,10.86,11.0,16541073.0,185283281.0,1050469941.0,0.015746355373342378,-0.009999999999999787,-0.09082652134423386,1.9981834695731213
2023-05-05,10.98,11.0,10.57,10.63,19438278.0,211569950.0,1050469941.0,0.018504363848332143,-0.3699999999999992,-3.3636363636363575,3.9090909090909065
2023-05-08,10.63,10.82,10.63,10.75,11386317.0,124307185.0,1050469941.0,0.010839260178316707,0.11999999999999922,1.1288805268109048,1.7873941674506066
2023-05-09,10.7,10.89,10.53,10.6,14852369.0,161764769.0,1050469941.0,0.014138785338170852,-0.15000000000000036,-1.3953488372093092,3.348837209302337
2023-05-10,10.6,10.79,10.47,10.69,12994889.0,140448830.0,1050469941.0,0.012370548164024048,0.08999999999999986,0.8490566037735903,3.018867924528288
2023-05-11,10.63,10.88,10.63,10.78,9308108.0,102083532.0,1050469941.0,0.008860898952652659,0.08999999999999986,0.8419083255378768,2.338634237605239
2023-05-12,10.73,10.81,10.49,10.54,11133645.0,120054775.0,1050469941.0,0.010598727831661011,-0.2400000000000002,-2.226345083487946,2.968460111317257
2023-05-15,10.54,10.78,10.48,10.78,11242526.0,121855824.0,1050469941.0,0.01070237763233627,0.2400000000000002,2.2770398481973375,2.8462998102466694
2023-05-16,10.84,10.87,10.47,10.54,15841572.0,170638685.0,1050469941.0,0.015080461973923345,-0.2400000000000002,-2.226345083487946,3.7105751391465547
2023-05-17,10.59,10.67,10.52,10.65,9809950.0,105955772.0,1050469941.0,0.009338629899929712,0.11000000000000121,1.0436432637571214,1.4231499051233432
2023-05-18,10.84,10.99,10.75,10.95,22129991.0,245100880.0,1050469941.0,0.021066753208505182,0.29999999999999893,2.8169014084507005,2.2535211267605653
2023-05-19,10.95,11.07,10.85,10.98,18532572.0,206537303.0,1050469941.0,0.017642172590257868,0.030000000000001137,0.273972602739736,2.00913242009133
2023-05-22,10.99,11.05,10.89,11.05,10923863.0,122061421.0,1050469941.0,0.010399024830354474,0.07000000000000028,0.6375227686703067,1.4571948998178519
2023-05-23,10.99,11.05,10.88,10.88,9491900.0,105640854.0,1050469941.0,0.00903586064629716,-0.16999999999999993,-1.538461538461533,1.5384615384615377
2023-05-24,10.88,11.02,10.82,10.94,9845515.0,109696812.0,1050469941.0,0.009372486175689629,0.05999999999999872,0.5514705882352811,1.8382352941176405
2023-05-25,10.93,11.08,10.82,10.98,11228672.0,125144812.0,1050469941.0,0.010689189249252396,0.040000000000000924,0.365630712979903,2.3765996343692852
2023-05-26,10.97,10.97,10.8,10.94,8249443.0,91355031.0,1050469941.0,0.007853097626141402,-0.040000000000000924,-0.36429872495447047,1.5482695810564657
2023-05-29,10.95,11.02,10.77,10.82,11888443.0,131427515.0,1050469941.0,0.011317261480783294,-0.11999999999999922,-1.0968921389396646,2.2851919561243146
2023-05-30,10.76,10.92,10.58,10.91,15348279.0,167644940.0,1050469941.0,0.014610869289024235,0.08999999999999986,0.8317929759704246,3.142329020332716
2023-05-31,10.91,10.93,10.67,10.72,11411518.0,124816216.0,1050469941.0,0.010863250393568377,-0.1899999999999995,-1.741521539871671,2.383134738771767
2023-06-01,10.71,10.99,10.66,10.89,16296526.0,180419303.0,1050469941.0,0.015513557660190106,0.16999999999999993,1.585820895522394,3.0783582089552244
2023-06-02,10.95,11.11,10.82,11.05,19522562.0,218001625.0,1050469941.0,0.01858459841451094,0.16000000000000014,1.469237832874204,2.6629935720844733
2023-06-05,11.02,11.09,10.92,10.94,17915520.0,200075308.0,1050469941.0,0.017054766919789473,-0.11000000000000121,-0.9954751131221795,1.5384615384615377
2023-06-06,10.92,10.97,10.37,10.4,26596625.0,286093454.0,1050469941.0,0.025318787298836187,-0.5399999999999991,-4.936014625228513,5.484460694698368
2023-06-07,10.4,10.66,10.11,10.44,17937046.0,189437279.0,1050469941.0,0.017075258700810364,0.03999999999999915,0.38461538461538325,5.288461538461545
2023-06-08,10.4,10.4,10.15,10.22,17075040.0,177830304.0,1050469941.0,0.016254667871548358,-0.21999999999999886,-2.1072796934865745,2.3946360153256707
2023-06-09,10.23,10.38,10.23,10.32,11454369.0,119891821.0,1050469941.0,0.01090404261267672,0.09999999999999964,0.9784735812133016,1.4677103718199642
2023-06-12,10.39,11.27,10.34,10.91,51010648.0,568523248.0,1050469941.0,0.04855983594489164,0.5899999999999999,5.717054263565879,9.011627906976742
2023-06-13,10.92,10.97,10.7,10.84,22887776.0,251757879.0,1050469941.0,0.02178813034689205,-0.07000000000000028,-0.6416131989000928,2.47479376718608
2023-06-14,10.84,10.88,10.68,10.8,15719595.0,172256051.0,1050469941.0,0.014964345371972904,-0.03999999999999915,-0.36900369003689537,1.8450184501845115
2023-06-15,10.81,10.99,10.76,10.98,21964600.0,243899353.0,1050469941.0,0.020909308436841793,0.17999999999999972,1.6666666666666607,2.1296296296296333
2023-06-16,10.98,11.21,10.92,11.19,24560421.0,276426731.0,1050469941.0,0.023380412938441234,0.20999999999999908,1.91256830601092,2.6411657559198627
2023-06-19,11.29,11.54,11.2,11.43,32764618.0,379179720.0,1050469941.0,0.03119043841350621,0.2400000000000002,2.144772117962468,3.038427167113493
2023-06-20,11.4,11.53,11.26,11.43,21703717.0,251533713.0,1050469941.0,0.020660959588561897,0.0,0.0,2.3622047244094455
2023-06-21,11.36,11.55,11.18,11.19,19751257.0,227164675.0,1050469941.0,0.018802305738703666,-0.2400000000000002,-2.099737532808399,3.2370953630796238
2023-06-26,11.1,11.26,10.95,10.98,18284028.0,205814193.0,1050469941.0,0.01740556991339936,-0.20999999999999908,-1.8766756032171483,2.7703306523681905
2023-06-27,11.02,11.02,10.82,10.96,17191196.0,191165368.0,1050469941.0,0.01636524314406822,-0.019999999999999574,-0.18214936247722413,1.8214936247723068
2023-06-28,10.96,11.0,10.57,10.81,18302393.0,199523563.0,1050469941.0,0.017423052565004333,-0.15000000000000036,-1.3686131386861367,3.923357664233574
2023-06-29,10.75,11.89,10.75,11.66,67324870.0,792836373.0,1050469941.0,0.06409023939886349,0.8499999999999996,7.8630897317298665,10.54579093432008
2023-06-30,12.04,12.83,12.04,12.83,108537955.0,1400904508.0,1050356315.9999999,0.10333441456641844,1.17,10.034305317324188,6.775300171526595
2023-07-03,13.17,13.17,12.22,12.34,137966870.0,1749269561.0,1050356315.9999999,0.13135244478312827,-0.4900000000000002,-3.8191738113795837,7.404520654715505
2023-07-04,12.48,12.72,12.24,12.64,90797513.0,1154760699.0,1050356315.9999999,0.08644448709155952,0.3000000000000007,2.4311183144246407,3.88978930307942
2023-07-05,12.47,12.52,12.11,12.15,53645741.0,670686260.0,1050356315.9999999,0.05107385006670442,-0.4900000000000002,-3.876582278481011,3.24367088607595
2023-07-06,12.24,12.39,12.08,12.21,35232269.0,438612877.0,1050356315.9999999,0.03354315908164635,0.0600000000000005,0.49382716049382047,2.551440329218111
2023-07-07,12.3,12.39,11.9,11.97,36193114.0,443798374.0,1050356315.9999999,0.034457939128534745,-0.2400000000000002,-1.9656019656019708,4.013104013104014
2023-07-10,11.99,12.17,11.87,11.9,26361957.0,321110986.0,1050356315.9999999,0.025098108706950454,-0.07000000000000028,-0.5847953216374324,2.5062656641604066
2023-07-11,11.9,12.28,11.72,12.07,39073037.0,475202598.0,1050356315.9999999,0.037199792494035905,0.16999999999999993,1.4285714285714235,4.705882352941165
2023-07-12,12.1,12.17,11.83,11.87,29921816.0,364665015.0,1050356315.9999999,0.02848730049432102,-0.20000000000000107,-1.6570008285004212,2.8169014084507027
2023-07-13,11.98,12.41,11.89,12.31,44208478.0,546620969.0,1050356315.9999999,0.04208902952890894,0.4400000000000013,3.7068239258635227,4.380791912384159
2023-07-14,12.29,12.34,12.07,12.08,25162308.0,310365403.0,1050356315.9999999,0.023955973431781605,-0.23000000000000043,-1.8683996750609277,2.1933387489845617
2023-07-17,12.09,12.09,11.84,11.87,18844338.0,227890166.0,1050356315.9999999,0.0179409003525238,-0.21000000000000085,-1.7384105960264962,2.06953642384106
2023-07-18,11.87,11.97,11.78,11.84,18052523.0,217768320.0,1050356315.9999999,0.017187046647892012,-0.02999999999999936,-0.2527379949452402,1.6006739679865316
2023-07-19,11.84,11.85,11.59,11.66,20698506.0,245746515.0,1050356315.9999999,0.01970617559460651,-0.17999999999999972,-1.520270270270263,2.1959459459459443
2023-07-20,11.65,11.72,11.36,11.38,20448756.0,239347587.0,1050356315.9999999,0.019468399140849267,-0.27999999999999936,-2.401372212692965,3.0874785591766827
2023-07-21,11.38,11.45,11.17,11.26,16353300.0,187768694.0,1050356315.9999999,0.015569288012926084,-0.120000000000001,-1.0544815465729385,2.460456942003509
2023-07-24,11.28,11.37,11.09,11.2,13322114.0,152117454.0,1050356315.9999999,0.012683423517396169,-0.0600000000000005,-0.5328596802841923,2.4866785079928895
2023-07-25,11.31,11.55,11.29,11.51,18582584.0,215991431.0,1050356315.9999999,0.017691695396060247,0.3100000000000005,2.767857142857144,2.3214285714285854
2023-07-26,11.51,11.51,11.24,11.3,14933658.0,172237169.0,1050356315.9999999,0.014217706670123934,-0.20999999999999908,-1.824500434404852,2.3457862728062517
2023-07-27,11.3,11.4,11.12,11.15,11749106.0,134371301.0,1050356315.9999999,0.01118582886685855,-0.15000000000000036,-1.3274336283185861,2.4778761061947003
2023-07-28,11.05,11.23,11.0,11.2,14084196.0,159554209.0,1050356315.9999999,0.013408969685292968,0.049999999999998934,0.4484304932735439,2.0627802690582997
2023-07-31,11.2,11.45,11.15,11.29,15838793.0,182379735.0,1050356315.9999999,0.015079447572912963,0.08999999999999986,0.8035714285714368,2.678571428571419
2023-08-01,11.31,11.39,11.22,11.32,12696454.0,145859317.0,1050356315.9999999,0.012087758988636387,0.030000000000001137,0.26572187776794376,1.5057573073516382
2023-08-02,11.27,11.38,11.22,11.32,10843851.0,124491291.0,1050356315.9999999,0.010323973717124771,0.0,0.0,1.413427561837457
2023-08-03,11.26,11.39,11.16,11.25,13464276.0,154212594.0,1050356315.9999999,0.012818769968723644,-0.07000000000000028,-0.6183745583038913,2.0318021201413465
2023-08-04,11.25,11.64,11.25,11.58,27932368.0,326688032.0,1050356315.9999999,0.026593230863192145,0.33000000000000007,2.9333333333333433,3.466666666666672
2023-08-07,11.58,11.63,11.48,11.53,15211605.0,178533656.0,1050356315.9999999,0.014482328299723388,-0.05000000000000071,-0.43177892918826455,1.2953367875647699
2023-08-08,11.5,11.74,11.49,11.56,16106602.0,190227141.0,1050356315.9999999,0.015334417239796939,0.030000000000001137,0.2601908065915204,2.168256721595837
2023-08-09,11.52,11.57,11.31,11.36,11445772.0,132762207.0,1050356315.9999999,0.010897037344039736,-0.20000000000000107,-1.730103806228378,2.249134948096884
2023-08-10,11.32,11.5,11.3,11.46,12222167.0,141780175.0,1050356315.9999999,0.01163621031627138,0.10000000000000142,0.8802816901408494,1.760563380281684
2023-08-11,11.41,11.47,11.12,11.21,14667755.0,168874148.0,1050356315.9999999,0.013964551625545708,-0.25,-2.1815008726003504,3.054101221640501
2023-08-14,11.07,11.16,10.9,11.01,23083708.0,258129544.0,1050356315.9999999,0.021977025937167785,-0.20000000000000107,-1.7841213202497874,2.319357716324708
2023-08-15,11.01,11.3,10.92,11.05,18692434.0,211383405.0,1050356315.9999999,0.01779627895339852,0.040000000000000924,0.36330608537693543,3.451407811080843
2023-08-16,11.01,11.24,10.95,11.02,19853892.0,223604671.0,1050356315.9999999,0.018902054186343373,-0.030000000000001137,-0.2714932126696934,2.6244343891402795
2023-08-17,10.72,11.05,10.4,11.03,38926836.0,426469864.0,1050356315.9999999,0.03706060068095978,0.009999999999999787,0.09074410163338875,5.898366606170603
2023-08-18,11.03,11.04,10.56,10.56,22626682.0,247562363.0,1050356315.9999999,0.021541910735746937,-0.46999999999999886,-4.261106074342691,4.351767905711683
2023-08-21,10.55,10.66,10.29,10.32,17576315.0,186602520.0,1050356315.9999999,0.016733669072353158,-0.2400000000000002,-2.2727272727272707,3.503787878787888
2023-08-22,10.38,10.46,10.15,10.38,16292903.0,170325753.0,1050356315.9999999,0.015511786573576429,0.0600000000000005,0.5813953488372103,3.0038759689922525
2023-08-23,10.38,10.38,10.11,10.21,13663215.0,141958552.0,1050356315.9999999,0.013008171409900867,-0.16999999999999993,-1.6377649325626242,2.601156069364175
2023-08-24,10.23,10.33,10.1,10.15,13265931.0,137698322.0,1050356315.9999999,0.012629934049922922,-0.0600000000000005,-0.587659157688547,2.2526934378060766
2023-08-25,10.13,10.15,9.83,9.9,18440252.0,186890059.0,1050356315.9999999,0.017556187094894378,-0.25,-2.463054187192115,3.1527093596059137
2023-08-28,10.48,10.49,9.88,9.95,19486922.0,201806079.0,1050356315.9999999,0.018552677508724576,0.049999999999998934,0.5050505050504972,6.1616161616161556
2023-08-29,9.92,10.77,9.9,10.67,35880016.0,381620505.0,1050356315.9999999,0.03415985171264491,0.7200000000000006,7.236180904522627,8.743718592964816
2023-08-30,10.72,10.89,10.55,10.62,23178632.0,252629475.0,1050356315.9999999,0.02206739907869512,-0.05000000000000071,-0.46860356138707093,3.1865042174320513
2023-08-31,10.62,10.69,10.47,10.57,12891715.0,138794520.0,1050356315.9999999,0.012273658760957078,-0.049999999999998934,-0.47080979284368496,2.0715630885122303
2023-09-01,10.6,10.77,10.55,10.73,15532664.0,168633775.0,1050356315.9999999,0.014787995048339388,0.16000000000000014,1.5137180700094621,2.0813623462629978
2023-09-04,10.82,10.98,10.74,10.9,16649310.0,183275751.0,1050356315.9999999,0.015851106663883764,0.16999999999999993,1.5843429636533068,2.2367194780987902
2023-09-05,10.89,10.99,10.76,10.82,12218095.0,134873531.0,1050356315.9999999,0.011632333536612924,-0.08000000000000007,-0.7339449541284404,2.11009174311927
2023-09-06,10.76,10.94,10.73,10.91,11835291.0,130595509.0,1050356315.9999999,0.011267881974634597,0.08999999999999986,0.8317929759704246,1.9408502772643166
2023-09-07,10.92,10.92,10.63,10.66,13769229.0,150206052.0,1050356315.9999999,0.013109102873238687,-0.25,-2.291475710357471,2.6581118240146577
2023-09-08,10.58,10.72,10.53,10.66,8717953.0,94385211.0,1050356315.9999999,0.008299995789238441,0.0,0.0,1.7823639774859408
2023-09-11,10.67,10.85,10.59,10.78,12958340.0,141341713.0,1050356315.9999999,0.012337089616739166,0.11999999999999922,1.1257035647279423,2.4390243902439006
2023-09-12,10.82,10.83,10.66,10.76,8562158.0,93511571.0,1050356315.9999999,0.008151669932929694,-0.019999999999999574,-0.18552875695732052,1.5769944341372906
2023-09-13,10.7,10.72,10.36,10.48,14627845.0,156153840.0,1050356315.9999999,0.013926554995838196,-0.27999999999999936,-2.6022304832713727,3.3457249070632087
2023-09-14,10.47,10.58,10.34,10.43,9698973.0,103232848.0,1050356315.9999999,0.00923398360371263,-0.05000000000000071,-0.4770992366412319,2.2900763358778646
2023-09-15,10.48,10.6,10.32,10.41,11244271.0,119349912.0,1050356315.9999999,0.010705196730592137,-0.019999999999999574,-0.19175455417065335,2.6845637583892556
2023-09-18,10.38,10.56,10.28,10.46,11412400.0,121282948.0,1050356315.9999999,0.010865265268705255,0.05000000000000071,0.48030739673392553,2.6897214217099052
2023-09-19,10.45,10.52,10.28,10.32,11787355.0,124412999.0,1050356315.9999999,0.011222244128439174,-0.14000000000000057,-1.3384321223709472,2.294455066921608
2023-09-20,10.3,10.39,10.23,10.24,7788555.0,81543159.0,1050356315.9999999,0.007415155106279193,-0.08000000000000007,-0.7751937984496138,1.5503875968992262
2023-09-21,10.21,10.29,10.14,10.21,6525030.0,67766268.0,1050356315.9999999,0.006212206182420862,-0.02999999999999936,-0.2929687499999889,1.4648437499999862
2023-09-22,10.18,10.57,10.18,10.57,14153050.0,150212917.0,1050356315.9999999,0.013474522678073753,0.35999999999999943,3.525954946131238,3.81978452497552
2023-09-25,10.78,10.88,10.62,10.74,19444450.0,212551643.0,1050356315.9999999,0.018512241706746688,0.16999999999999993,1.6083254493850507,2.4597918637653886
2023-09-26,10.72,10.72,10.19,10.19,26615018.0,280244191.0,1050356315.9999999,0.025339037424324872,-0.5500000000000007,-5.121042830540046,4.934823091247683
2023-09-27,10.18,10.37,10.08,10.16,17576040.0,182173706.0,1050356315.9999999,0.016733407256438113,-0.02999999999999936,-0.2944062806673142,2.845927379784094
2023-09-28,10.19,10.52,10.19,10.46,21608479.0,228195184.0,1050356315.9999999,0.02057252255338464,0.3000000000000007,2.952755905511828,3.2480314960629926
2023-10-09,10.46,10.56,10.39,10.51,14073328.0,149844109.0,1050356315.9999999,0.01339862272033027,0.049999999999998934,0.47801147227533036,1.6252390057361368
2023-10-10,10.5,10.57,10.46,10.5,10813172.0,115546534.0,1050356315.9999999,0.010294765533642015,-0.009999999999999787,-0.09514747859181716,1.0466222645099852
2023-10-11,10.5,10.7,10.41,10.64,16120475.0,173729575.0,1050356315.9999999,0.015347625138667708,0.14000000000000057,1.333333333333342,2.7619047619047534
2023-10-12,10.69,10.74,10.52,10.69,12876788.0,139381438.0,1050356315.9999999,0.012259447393088272,0.049999999999998934,0.46992481203007586,2.0676691729323364
2023-10-13,10.67,10.77,10.6,10.71,10291166.0,112037298.0,1050356315.9999999,0.009797785611640004,0.02000000000000135,0.187090739008422,1.5902712815715616
2023-10-16,10.69,10.71,10.37,10.45,15729225.0,168274913.0,1050356315.9999999,0.014975132495894852,-0.26000000000000156,-2.4276377217553824,3.1746031746031895
2023-10-17,10.44,10.47,10.17,10.27,14067900.0,146933381.0,1050356315.9999999,0.013393454950196159,-0.17999999999999972,-1.7224880382775143,2.8708133971291936
2023-10-18,10.25,10.27,9.98,10.0,12645891.0,129454460.0,1050356315.9999999,0.01203962008640885,-0.2699999999999996,-2.629016553067187,2.8237585199610433
2023-10-19,10.0,10.13,9.91,9.92,14848800.0,150813842.0,1050356315.9999999,0.014136916943145226,-0.08000000000000007,-0.8000000000000007,2.2000000000000064
2023-10-20,9.87,9.92,9.4,9.44,27617227.0,270445256.0,1050356315.9999999,0.02629319839306798,-0.4800000000000004,-4.838709677419361,5.2419354838709635
2023-10-23,9.43,10.22,9.39,9.9,49592594.0,495851631.0,1050356315.9999999,0.04721501955532584,0.46000000000000085,4.872881355932224,8.792372881355934
2023-10-24,9.74,9.79,9.19,9.63,45321767.0,437442373.0,1050356315.9999999,0.04314894508617398,-0.2699999999999996,-2.7272727272727226,6.060606060606057
2023-10-25,9.62,9.88,9.54,9.64,26694354.0,262870945.0,1050356315.9999999,0.025414569887729416,0.009999999999999787,0.10384215991692258,3.53063343717551
2023-10-26,9.44,9.44,8.96,9.09,52043208.0,481575387.0,1050356315.9999999,0.04954814590746937,-0.5500000000000007,-5.705394190871371,4.979253112033181
2023-10-27,9.03,9.25,8.68,9.17,35112061.0,320883419.0,1050356315.9999999,0.033428714108860565,0.08000000000000007,0.8800880088008833,6.270627062706274
2023-10-30,9.09,9.5,9.06,9.4,26324522.0,249471694.0,1043526655.0,0.025226496969547943,0.23000000000000043,2.5081788440567188,4.798255179934563
2023-10-31,9.44,9.44,9.05,9.2,27120300.0,252550795.0,1043526655.0,0.02598908218592653,-0.20000000000000107,-2.1276595744680993,4.148936170212753
2023-11-01,9.16,9.33,9.13,9.2,14420445.0,135324593.0,1043526655.0,0.013818952233663835,0.0,0.0,2.173913043478253
2023-11-02,9.2,9.39,9.1,9.11,16587408.0,155817612.0,1043526655.0,0.015895528801801426,-0.08999999999999986,-0.9782608695652173,3.1521739130434887
2023-11-03,9.26,9.63,9.25,9.54,34946412.0,336752536.0,1043526655.0,0.033488758368131956,0.4299999999999997,4.720087815587259,4.171240395170152
2023-11-06,9.56,9.9,9.56,9.87,26081370.0,259683202.0,1043526655.0,0.02499348710934461,0.33000000000000007,3.4591194968553562,3.5639412997903555
2023-11-07,9.82,9.97,9.79,9.89,17950691.0,180349340.0,1043526655.0,0.01720194775475093,0.02000000000000135,0.20263424518744966,1.8237082066869452
2023-11-08,9.88,10.16,9.82,9.96,22875188.0,232286716.0,1043526655.0,0.021921038519135863,0.07000000000000028,0.707785642062686,3.437815975733062
2023-11-09,9.95,10.15,9.91,10.01,22116793.0,225544088.0,1043526655.0,0.021194277016335535,0.049999999999998934,0.5020080321284981,2.4096385542168695
2023-11-10,9.95,10.03,9.83,9.97,15453689.0,156071286.0,1043526655.0,0.0148090984796167,-0.03999999999999915,-0.39960039960038607,1.998001998001991
2023-11-13,10.08,10.18,9.99,10.05,16971494.0,174043915.0,1043526655.0,0.016263594148440797,0.08000000000000007,0.8024072216650024,1.9057171514543578
2023-11-14,10.05,10.24,9.99,10.16,18588615.0,191899178.0,1043526655.0,0.017813263236673146,0.10999999999999943,1.0945273631840724,2.487562189054726
2023-11-15,10.25,10.3,10.13,10.23,18250433.0,189630288.0,1043526655.0,0.017489187183244496,0.07000000000000028,0.6889763779527547,1.673228346456692
2023-11-16,10.18,10.21,9.98,9.99,16709582.0,170850400.0,1043526655.0,0.016012606788659366,-0.2400000000000002,-2.346041055718473,2.2482893450635424
2023-11-17,9.95,10.09,9.87,10.01,10763963.0,109357083.0,1043526655.0,0.01031498615624725,0.019999999999999574,0.2002002002001957,2.2022022022022085
2023-11-20,10.05,10.44,9.94,10.39,29632804.0,309470130.0,1043526655.0,0.02839678685543495,0.3800000000000008,3.796203796203801,4.9950049950049955
2023-11-21,10.34,10.38,10.08,10.09,19957365.0,206982909.0,1043526655.0,0.019124921154984775,-0.3000000000000007,-2.8873917228104062,2.8873917228104014
2023-11-22,10.02,10.15,9.95,9.95,13399686.0,136712142.0,1043526655.0,0.012840770224503752,-0.14000000000000057,-1.3875123885034757,1.9821605550049661
2023-11-23,9.93,10.14,9.91,10.12,12159263.0,124380186.0,1043526655.0,0.01165208664459079,0.16999999999999993,1.70854271356784,2.3115577889447283
2023-11-24,10.13,10.13,9.83,9.85,17973441.0,181146426.0,1043526655.0,0.017223748827000496,-0.2699999999999996,-2.667984189723316,2.964426877470363
2023-11-27,9.83,9.94,9.73,9.8,16723719.0,166488458.0,1043526655.0,0.01602615411869858,-0.049999999999998934,-0.50761421319796,2.131979695431463
2023-11-28,9.79,9.97,9.75,9.91,12775563.0,128376758.0,1043526655.0,0.012242680087553682,0.10999999999999943,1.122448979591839,2.24489795918368
2023-11-29,9.91,9.96,9.79,9.82,13665734.0,136819365.0,1043526655.0,0.013095721067134601,-0.08999999999999986,-0.908173562058523,1.7154389505550123
2023-11-30,9.83,9.86,9.62,9.73,13583813.0,134327733.0,1043526655.0,0.013017217082969481,-0.08999999999999986,-0.9164969450101812,2.4439918533604907
2023-12-01,9.69,9.78,9.62,9.72,9719102.0,95694417.0,1043526655.0,0.009313707468258202,-0.009999999999999787,-0.10277492291880241,1.6443987667009263
2023-12-04,9.72,9.8,9.61,9.63,11536002.0,113375864.0,1043526655.0,0.011054822552663976,-0.08999999999999986,-0.9259259259259189,1.9547325102880788
2023-12-05,9.62,9.62,9.27,9.31,18273003.0,174798017.0,1043526655.0,0.017510815763493844,-0.3200000000000003,-3.3229491173416448,3.634475597092415
2023-12-06,9.31,9.43,9.27,9.29,11520617.0,109443430.0,1043526655.0,0.01104007927808993,-0.02000000000000135,-0.21482277121376292,1.7185821697099906
2023-12-07,9.29,9.39,9.24,9.3,12678719.0,120068744.0,1043526655.0,0.012149875558281738,0.010000000000001563,0.10764262648010892,1.6146393972012958
2023-12-08,9.31,9.42,9.2,9.23,18964128.0,179096845.0,1043526655.0,0.01817311317265777,-0.07000000000000028,-0.7526881720430145,2.365591397849469
2023-12-11,9.2,9.41,9.05,9.4,17756113.0,166547336.0,1043526655.0,0.017015485819094865,0.16999999999999993,1.8418201516793076,3.900325027085584
2023-12-12,9.4,9.47,9.29,9.36,10929009.0,103999400.0,1043526655.0,0.010473147904401158,-0.040000000000000924,-0.42553191489362874,1.9148936170212925
2023-12-13,9.32,9.49,9.24,9.3,14427943.0,137245453.0,1043526655.0,0.013826137483761734,-0.05999999999999872,-0.6410256410256276,2.670940170940171
2023-12-14,9.31,9.42,9.2,9.2,10324284.0,97656712.0,1043526655.0,0.009893646655341065,-0.10000000000000142,-1.0752688172043112,2.365591397849469
2023-12-15,9.2,9.33,9.19,9.24,11709913.0,110135489.0,1043526655.0,0.011221479531828537,0.040000000000000924,0.43478260869567187,1.521739130434789
2023-12-18,9.2,9.21,8.97,8.99,13984118.0,128811362.0,1043526655.0,0.013400824917117235,-0.25,-2.7056277056277,2.5974025974025996
2023-12-19,9.03,9.2,8.95,9.14,12495100.0,115694065.0,1043526655.0,0.011973915510572176,0.15000000000000036,1.6685205784204626,2.7808676307007785
2023-12-20,9.13,9.17,8.99,8.99,9711097.0,89523382.0,1043526655.0,0.009306036365693026,-0.15000000000000036,-1.6411378555798772,1.9693654266958391
2023-12-21,8.95,9.06,8.81,9.01,11591909.0,105288474.0,1043526655.0,0.011108397609642277,0.019999999999999574,0.22246941045604984,2.7808676307007785
2023-12-22,9.0,9.13,8.93,8.99,14542866.0,133263144.0,1043526655.0,0.013936266917877627,-0.019999999999999574,-0.221975582685896,2.2197558268590574
2023-12-25,8.9,9.12,8.88,9.01,10789149.0,99023294.0,1043526655.0,0.010339121620233075,0.019999999999999574,0.22246941045604984,2.66963292547273
2023-12-26,8.98,9.04,8.68,8.77,17416791.0,155470201.0,1043526655.0,0.016690317316331513,-0.2400000000000002,-2.663706992230852,3.995560488346276
2023-12-27,8.8,8.97,8.76,8.95,13882765.0,125666934.0,1043526655.0,0.013303699463239872,0.17999999999999972,2.052451539338662,2.3945267958951066
2023-12-28,8.97,9.39,8.88,9.32,18886468.0,177030899.0,1043526655.0,0.018098692457453328,0.370000000000001,4.134078212290504,5.698324022346367
2023-12-29,9.33,9.63,9.3,9.6,19517513.0,189636764.0,1043526655.0,0.018703415870100607,0.27999999999999936,3.0042918454935563,3.540772532188842
2024-01-02,9.6,9.63,9.47,9.48,12474809.0,120753864.0,1043665755.0000001,0.011952877576212126,-0.11999999999999922,-1.2499999999999956,1.6666666666666683
2024-01-03,9.42,9.46,9.22,9.34,14393349.0,136554017.0,1043665755.0000001,0.013791148105649973,-0.14000000000000057,-1.4767932489451518,2.531645569620255
2024-01-04,9.31,9.35,9.2,9.26,10347300.0,97366008.0,1043665755.0000001,0.0099143810654207,-0.08000000000000007,-0.8565310492505307,1.6059957173447574
2024-01-05,9.26,9.41,9.05,9.11,13911958.0,130521986.0,1043665755.0000001,0.013329897942277505,-0.15000000000000036,-1.6198704103671746,3.887688984881203
2024-01-08,9.06,9.13,8.81,8.81,13162202.0,119197261.0,1043665755.0000001,0.012611510856749341,-0.29999999999999893,-3.2930845225027316,3.5126234906695974
2024-01-09,8.84,8.98,8.61,8.68,20836782.0,185842509.0,1043665755.0000001,0.019964995402191765,-0.13000000000000078,-1.4755959137344066,4.199772985244052
2024-01-10,8.65,8.77,8.44,8.62,14090715.0,123168662.0,1043665755.0000001,0.013501175958389091,-0.0600000000000005,-0.691244239631339,3.801843317972351
2024-01-11,8.61,8.95,8.56,8.86,15118542.0,134990136.0,1043665755.0000001,0.0144859998783806,0.2400000000000002,2.78422273781902,4.524361948955903
2024-01-12,8.85,8.97,8.78,8.85,12332439.0,111328472.0,1043665755.0000001,0.011816464170561963,-0.009999999999999787,-0.11286681715575453,2.1444695259593827
2024-01-15,8.84,8.96,8.74,8.85,10430064.0,93931287.0,1043665755.0000001,0.00999368231642323,0.0,0.0,2.4858757062146966
2024-01-16,8.85,8.88,8.65,8.76,11964538.0,106478238.0,1043665755.0000001,0.011463955718274955,-0.08999999999999986,-1.016949152542368,2.59887005649718
2024-01-17,8.72,8.72,8.44,8.44,14251025.0,124361763.0,1043665755.0000001,0.013654778775413589,-0.3200000000000003,-3.65296803652968,3.1963470319634832
2024-01-18,8.42,8.5,8.18,8.48,16762633.0,141869283.0,1043665755.0000001,0.01606130403310972,0.040000000000000924,0.4739336492891155,3.7914691943128
2024-01-19,8.46,8.54,8.26,8.27,12259821.0,104365146.0,1043665755.0000001,0.011746884422781505,-0.21000000000000085,-2.4764150943396346,3.3018867924528226
2024-01-22,8.26,8.26,7.73,7.78,15668913.0,127380212.0,1043665755.0000001,0.015013343999200202,-0.4899999999999993,-5.925030229746064,6.40870616686819
2024-01-23,7.77,8.02,7.68,7.97,14243933.0,114502031.0,1043665755.0000001,0.013647983496402063,0.1899999999999995,2.4421593830334043,4.370179948586117
2024-01-24,8.05,8.12,7.68,8.02,16071227.0,128763691.0,1043688255.0000001,0.015398493681429804,0.04999999999999982,0.6273525721455453,5.520702634880797
2024-01-25,7.97,8.24,7.9,8.23,17212585.0,141648964.0,1043688255.0000001,0.016492075021003277,0.21000000000000085,2.6184538653366785,4.23940149625935
2024-01-26,8.18,8.21,8.02,8.04,14290828.0,117808037.0,1043688255.0000001,0.013692621270323673,-0.19000000000000128,-2.3086269744836074,2.308626974483612
2024-01-29,8.08,8.11,7.72,7.75,15641600.0,124846446.0,1043688255.0000001,0.014986850647274936,-0.28999999999999915,-3.6069651741293396,4.850746268656713
2024-01-30,7.72,7.85,7.49,7.5,12125228.0,94516224.0,1043688255.0000001,0.011617672175490755,-0.25,-3.2258064516129004,4.645161290322573
2024-01-31,7.46,7.55,7.08,7.13,20669361.0,153203519.0,1043688255.0000001,0.01980415215077801,-0.3700000000000001,-4.933333333333334,6.266666666666663
2024-02-01,7.12,7.35,7.05,7.17,13689567.0,100138329.0,1043688255.0000001,0.013116528747370064,0.040000000000000036,0.5610098176718203,4.207573632538567
2024-02-02,7.26,7.29,6.57,6.79,25169287.0,176573787.0,1043688255.0000001,0.024115713556630947,-0.3799999999999999,-5.299860529986056,10.041841004184098
2024-02-05,6.76,6.76,6.16,6.4,32738605.0,215123327.0,1043688255.0000001,0.03136818378779207,-0.3899999999999997,-5.743740795287177,8.836524300441821
2024-02-06,6.39,7.04,6.29,7.0,30190426.0,207003420.0,1043688255.0000001,0.0289266702536573,0.5999999999999996,9.375,11.71875
2024-02-07,6.99,7.64,6.99,7.37,36172897.0,272013306.0,1043688255.0000001,0.03465871808627376,0.3700000000000001,5.285714285714294,9.285714285714278
2024-02-08,7.49,7.88,7.42,7.73,29673742.0,233221746.0,1043688255.0000001,0.028431614380867012,0.3600000000000003,4.884667571234735,6.241519674355494
2024-02-19,7.85,7.95,7.72,7.86,22560676.0,178905467.0,1043688255.0000001,0.02161629767501791,0.1299999999999999,1.681759379042691,2.975420439844766
2024-02-20,7.82,7.86,7.69,7.83,14682842.0,116108579.0,1043688255.0000001,0.014068225765365155,-0.03000000000000025,-0.3816793893129833,2.1628498727735357
2024-02-21,7.92,8.06,7.81,7.86,22013219.0,177636083.0,1043688255.0000001,0.021091756944222773,0.03000000000000025,0.3831417624521105,3.1928480204342384
2024-02-22,7.88,8.03,7.85,8.01,19770068.0,159900499.0,1043688255.0000001,0.018942503094470483,0.14999999999999947,1.9083969465648831,2.290076335877859
2024-02-23,8.02,8.09,7.88,8.06,20224971.0,164094188.0,1043688255.0000001,0.01937836408823054,0.05000000000000071,0.6242197253433224,2.621722846441947
2024-02-26,8.21,8.37,8.08,8.23,28021867.0,234419989.0,1043688255.0000001,0.02684888602104658,0.16999999999999993,2.109181141439209,3.5980148883374587
2024-02-27,8.21,8.52,8.17,8.52,21299586.0,180927784.0,1043688255.0000001,0.02040799625554855,0.28999999999999915,3.523693803159156,4.2527339003645155
2024-02-28,8.62,8.88,8.19,8.19,39254605.0,341607687.0,1043688255.0000001,0.037611427370139366,-0.33000000000000007,-3.8732394366197243,8.09859154929579
2024-02-29,8.19,8.59,8.14,8.59,25481146.0,218807048.0,1043688255.0000001,0.02441451829885735,0.40000000000000036,4.884004884004889,5.494505494505486
2024-03-01,8.61,8.78,8.59,8.77,22111838.0,195802052.0,1043688255.0000001,0.02118624780346886,0.17999999999999972,2.0954598370197974,2.211874272409773
2024-03-04,8.76,8.95,8.68,8.83,22667570.0,202827944.0,1043688255.0000001,0.021718717147008612,0.0600000000000005,0.68415051311288,3.078677309007977
2024-03-05,8.73,8.84,8.57,8.61,19166022.0,169302047.0,1043688255.0000001,0.018363742150188322,-0.22000000000000064,-2.491506228765583,3.057757644394106
2024-03-06,8.59,8.8,8.51,8.74,17784102.0,156739123.0,1043688255.0000001,0.01703966861253986,0.13000000000000078,1.5098722415795685,3.3681765389082576
2024-03-07,8.75,8.82,8.51,8.52,17720850.0,155858603.0,1043688255.0000001,0.016979064308815087,-0.22000000000000064,-2.517162471395884,3.5469107551487475
2024-03-08,8.53,8.73,8.5,8.71,15637008.0,137013364.0,1043688255.0000001,0.014982450866039493,0.19000000000000128,2.230046948356823,2.6995305164319303
2024-03-11,8.71,8.85,8.65,8.85,16072225.0,143220124.0,1043688255.0000001,0.015399449905661724,0.1399999999999988,1.6073478760045834,2.2962112514351234
2024-03-12,8.9,9.03,8.82,8.94,21772500.0,197411217.0,1043688255.0000001,0.02086111431808725,0.08999999999999986,1.016949152542379,2.372881355932193
2024-03-13,8.96,9.0,8.88,8.92,16272400.0,148058689.0,1043688255.0000001,0.015591245682840416,-0.019999999999999574,-0.22371364653243075,1.3422818791946223
2024-03-14,8.96,9.08,8.71,8.83,17118100.0,154566358.0,1043688255.0000001,0.016401545114637702,-0.08999999999999986,-1.0089686098654682,4.14798206278026
2024-03-15,8.76,8.92,8.66,8.92,15916573.0,142276612.0,1043688255.0000001,0.015250313418540863,0.08999999999999986,1.0192525481313774,2.9445073612684007
2024-03-18,9.0,9.15,8.93,9.12,21622294.0,199081302.0,1043688255.0000001,0.020717195864199886,0.1999999999999993,2.2421524663676973,2.4663677130044914
2024-03-19,9.08,9.18,9.03,9.09,15179034.0,140755592.0,1043688255.0000001,0.014543647422764185,-0.02999999999999936,-0.3289473684210509,1.6447368421052673
2024-03-20,9.12,9.17,9.04,9.14,13633834.0,126280203.0,1043688255.0000001,0.01306312870216212,0.05000000000000071,0.5500550055005604,1.4301430143014386
2024-03-21,9.16,9.22,9.05,9.17,14932346.0,138846703.0,1043688255.0000001,0.014307285655906896,0.02999999999999936,0.3282275711159688,1.8599562363238502
2024-03-22,9.15,9.4,9.11,9.25,27836500.0,261076834.0,1043688255.0000001,0.026671278388583568,0.08000000000000007,0.8724100327153872,3.1624863685932487
2024-03-25,9.26,9.59,9.14,9.18,37632800.0,357856435.0,1043688255.0000001,0.03605751029554318,-0.07000000000000028,-0.7567567567567601,4.864864864864858
2024-03-26,9.1,9.3,9.06,9.15,20250615.0,188889698.0,1043688255.0000001,0.019402934643544492,-0.02999999999999936,-0.32679738562090277,2.614379084967323
2024-03-27,9.15,9.24,8.75,8.76,25601266.0,232985882.0,1043688255.0000001,0.02452961013727226,-0.39000000000000057,-4.262295081967215,5.3551912568306035
2024-03-28,8.76,9.15,8.76,8.97,21668797.0,198097452.0,1043688255.0000001,0.02076175227247335,0.21000000000000085,2.3972602739726234,4.452054794520555
2024-03-29,8.97,9.04,8.82,8.99,14416000.0,130742440.0,1043688255.0000001,0.013812553634609981,0.019999999999999574,0.22296544035673715,2.452619843924179
2024-04-01,9.01,9.36,9.01,9.34,23590848.0,221665786.0,1043688255.0000001,0.022603347203519118,0.34999999999999964,3.8932146829810943,3.893214682981086
2024-04-02,9.33,9.35,9.16,9.22,14396745.0,135161706.0,1043688255.0000001,0.013794104639033232,-0.11999999999999922,-1.2847965738757905,2.034261241970016
2024-04-03,9.2,9.21,8.99,9.03,16586050.0,152964101.0,1043688255.0000001,0.015891766454725505,-0.19000000000000128,-2.0607375271149864,2.386117136659443
2024-04-08,9.0,9.01,8.84,8.85,12015237.0,109000359.0,1043688255.0000001,0.011512285342331459,-0.17999999999999972,-1.9933554817275767,1.8826135105204866
2024-04-09,8.85,9.01,8.83,9.01,8920878.0,81106667.0,1043688255.0000001,0.008547454622836586,0.16000000000000014,1.8079096045197751,2.0338983050847426
2024-04-10,8.97,8.99,8.7,8.87,13012776.0,117051537.0,1043688255.0000001,0.012468067871473747,-0.14000000000000057,-1.5538290788013387,3.218645948945626
2024-04-11,8.77,9.1,8.77,8.95,14311540.0,130712434.0,1043688255.0000001,0.013712466276627783,0.08000000000000007,0.901916572717032,3.7204058624577234
2024-04-12,9.0,9.27,8.96,9.15,26433262.0,245824265.0,1043688255.0000001,0.025326779211480153,0.20000000000000107,2.2346368715083997,3.4636871508379747
2024-04-15,9.18,9.21,8.87,9.03,22141627.0,203140030.0,1043688255.0000001,0.02121478985120897,-0.120000000000001,-1.3114754098360715,3.715846994535537
2024-04-16,8.95,8.98,8.63,8.65,23118996.0,206157709.0,1043688255.0000001,0.02215124668620516,-0.379999999999999,-4.208194905869311,3.8759689922480587
2024-04-17,8.77,9.12,8.77,9.11,20545865.0,187458107.0,1043688255.0000001,0.019685825629991396,0.4599999999999991,5.317919075144495,4.04624277456647
2024-04-18,9.15,9.33,9.0,9.18,29955261.0,278248494.0,1043688255.0000001,0.028701349139930676,0.07000000000000028,0.7683863885839859,3.62239297475302
2024-04-19,9.1,9.2,8.95,9.14,19412532.0,179120010.0,1043688255.0000001,0.018599933368034307,-0.03999999999999915,-0.43572984749454813,2.7233115468409586
2024-04-22,9.1,9.26,8.91,9.1,18559409.0,172581970.0,1043688255.0000001,0.017782521659209433,-0.040000000000000924,-0.4376367614879806,3.829321663019689
2024-04-23,9.72,10.01,9.65,9.84,96680921.0,971579499.0,1071401697.0,0.09023778968309773,0.7400000000000002,8.131868131868124,3.9560439560439495
2024-04-24,9.84,10.02,9.61,9.91,65937165.0,657552592.0,1071401697.0,0.06154289766819363,0.07000000000000028,0.7113821138211351,4.166666666666669
2024-04-25,9.82,10.13,9.8,10.02,41718031.0,424978328.0,1071401697.0,0.038937805602523703,0.10999999999999943,1.1099899091826293,3.3299697275479323
2024-04-26,10.0,10.11,9.88,10.02,39820600.0,405730218.0,1071401697.0,0.03716682558138602,0.0,0.0,2.2954091816367135
2024-04-29,10.02,10.28,9.99,10.24,44910483.0,464297010.0,1071401697.0,0.04191750220832439,0.22000000000000064,2.1956087824351433,2.894211576846299
2024-04-30,10.23,10.23,9.99,10.0,33324986.0,340856234.0,1071401697.0,0.0311041004445973,-0.2400000000000002,-2.34375,2.343750000000002
2024-05-06,10.17,10.35,10.11,10.29,38081276.0,396169531.0,1071401697.0,0.03554341579505637,0.28999999999999915,2.8999999999999915,2.400000000000002
2024-05-07,10.29,10.38,10.23,10.3,22352132.0,234296398.0,1071401697.0,0.020862513156911677,0.010000000000001563,0.09718172983481654,1.4577259475218696
2024-05-08,10.29,10.34,10.11,10.12,19735596.0,204851876.0,1071401697.0,0.018420351633995965,-0.1800000000000015,-1.7475728155339931,2.233009708737868
2024-05-09,10.12,10.31,10.11,10.3,18140108.0,189113179.0,1071401697.0,0.016931192148373086,0.1800000000000015,1.7786561264822254,1.976284584980248
2024-05-10,10.34,10.34,10.12,10.23,16281133.0,168030746.0,1071401697.0,0.015196105294203207,-0.07000000000000028,-0.6796116504854344,2.1359223300970935
2024-05-13,10.14,10.3,9.98,10.18,26782627.0,275259000.0,1071401697.0,0.024997745546785334,-0.05000000000000071,-0.488758553274693,3.1280547409579693
2024-05-14,10.22,10.35,10.14,10.22,18163950.0,187825650.0,1071401697.0,0.016953445239876262,0.040000000000000924,0.39292730844795454,2.062868369351661
2024-05-15,10.2,10.34,10.0,10.02,22014800.0,225809992.0,1071401697.0,0.020547662059564573,-0.20000000000000107,-1.9569471624266255,3.326810176125243
2024-05-16,10.07,10.15,9.87,9.95,24456613.0,247291802.0,1071401697.0,0.022826744692005095,-0.07000000000000028,-0.698602794411185,2.794411177644722
2024-05-17,9.93,10.09,9.88,10.07,14493557.0,146283036.0,1071401697.0,0.013527659178236303,0.120000000000001,1.2060301507537785,2.1105527638190864
2024-05-20,10.05,10.22,10.02,10.19,24016862.0,246305168.0,1071401697.0,0.022416300130239573,0.11999999999999922,1.1916583912611634,1.9860973187686302
2024-05-21,10.12,10.18,10.05,10.12,14984050.0,153038574.0,1071401697.0,0.01398546412793296,-0.07000000000000028,-0.6869479882237517,1.2757605495583808
2024-05-22,10.17,10.33,10.1,10.27,18547908.0,192053275.0,1071401697.0,0.017311815028794003,0.15000000000000036,1.4822134387351804,2.272727272727277
2024-05-23,10.24,10.27,9.94,9.96,21056771.0,213614173.0,1071401697.0,0.01965347923095552,-0.3099999999999987,-3.0185004868549026,3.213242453748784
2024-05-24,9.94,10.09,9.82,9.85,14854200.0,149431588.0,1071401697.0,0.013864267754655237,-0.11000000000000121,-1.1044176706827447,2.7108433734939714
2024-05-27,9.94,9.97,9.65,9.96,16948300.0,168106315.0,1071401697.0,0.015818810113383645,0.11000000000000121,1.116751269035543,3.248730964467008
2024-05-28,9.96,10.0,9.77,9.8,14450883.0,144353284.0,1071401697.0,0.013487829112520064,-0.16000000000000014,-1.6064257028112428,2.309236947791169
2024-05-29,9.8,9.87,9.73,9.78,11789987.0,116770088.0,1071401697.0,0.011004263884416826,-0.02000000000000135,-0.20408163265307477,1.4285714285714162
2024-05-30,9.75,9.88,9.66,9.81,9868813.0,97835750.0,1071401697.0,0.009211123174093684,0.030000000000001137,0.30674846625768915,2.249488752556244
2024-05-31,9.83,9.97,9.83,9.86,11470250.0,114832098.0,1071401697.0,0.010705835198989795,0.049999999999998934,0.5096839959225274,1.4271151885830842
2024-06-03,9.86,10.11,9.82,9.94,21773375.0,219373733.0,1071401697.0,0.02032232640751548,0.08000000000000007,0.8113590263691739,2.941176470588227
2024-06-04,9.92,10.0,9.79,9.97,15126103.0,151309724.0,1071401697.0,0.014118050253564234,0.030000000000001137,0.3018108651911655,2.112676056338037
2024-06-05,9.97,10.05,9.87,9.87,13148273.0,132595256.0,1071401697.0,0.01227202928352278,-0.10000000000000142,-1.0030090270812586,1.8054162487462535
2024-06-06,9.85,9.99,9.67,9.71,15635600.0,154827143.0,1071401697.0,0.014593592714834014,-0.15999999999999837,-1.6210739614994751,3.24214792299899
2024-06-07,9.75,9.83,9.59,9.76,14524600.0,142575990.0,1071401697.0,0.013556633371656869,0.049999999999998934,0.5149330587023604,2.4716786817713716
2024-06-11,9.71,9.95,9.56,9.91,16050888.0,158843224.0,1071401697.0,0.014981204570558002,0.15000000000000036,1.5368852459016535,3.99590163934425
2024-06-12,9.91,10.09,9.88,10.03,14687216.0,148909876.0,1071401697.0,0.01370841211202599,0.11999999999999922,1.2108980827447047,2.1190716448032196
2024-06-13,9.99,10.15,9.88,9.93,19224807.0,194770451.0,1071401697.0,0.017943603275812247,-0.09999999999999964,-0.9970089730807596,2.691924227318042
2024-06-14,9.95,10.13,9.9,10.11,22820999.0,231958647.0,1071401697.0,0.021300133333651047,0.17999999999999972,1.812688821752273,2.316213494461233
2024-06-17,10.11,10.35,10.04,10.26,24698836.0,255615051.0,1071401697.0,0.023052825162736327,0.15000000000000036,1.4836795252225476,3.066271018793279
2024-06-18,10.28,10.55,10.28,10.53,28110548.0,296742754.0,1071401697.0,0.026237169568343516,0.2699999999999996,2.631578947368407,2.6315789473684346
2024-06-19,10.6,10.66,10.38,10.5,23404083.0,248090971.0,1071401697.0,0.021844358717680843,-0.02999999999999936,-0.2849002849002802,2.6590693257359863
2024-06-20,10.46,10.55,10.38,10.41,18522765.0,195851730.0,1071401697.0,0.01728834764016619,-0.08999999999999986,-0.8571428571428563,1.6190476190476182
2024-06-21,10.4,10.61,10.29,10.47,19246292.0,203948140.0,1071401697.0,0.017963656445468556,0.0600000000000005,0.5763688760807018,3.073967339097025
2024-06-24,10.41,10.65,10.21,10.27,27078100.0,284761740.0,1071401697.0,0.025273527264162994,-0.20000000000000107,-1.91021967526267,4.202483285577836
2024-06-25,10.17,10.33,9.95,10.06,21765671.0,222885302.0,1071401697.0,0.020315135827155592,-0.20999999999999908,-2.0447906523855752,3.7000973709834546
2024-06-26,10.04,10.4,9.94,10.39,18150126.0,187142688.0,1071401697.0,0.016940542516239828,0.33000000000000007,3.280318091451284,4.572564612326052
2024-06-27,10.33,10.46,10.2,10.23,19587399.0,204240463.0,1071401697.0,0.018282030964526276,-0.16000000000000014,-1.5399422521655493,2.5024061597690235
2024-06-28,10.26,10.66,10.19,10.5,27603577.0,293653130.0,1071401697.0,0.02576398476621043,0.2699999999999996,2.639296187683282,4.59433040078202
2024-07-01,10.48,10.51,10.13,10.43,27313491.0,284223035.0,1071401697.0,0.02549323104161557,-0.07000000000000028,-0.666666666666671,3.6190476190476093
2024-07-02,10.97,11.06,10.63,10.68,60830160.0,665791858.0,1071401697.0,0.05677624010707536,0.25,2.396931927133261,4.122722914669221
2024-07-03,10.68,10.86,10.53,10.6,35435551.0,382320710.0,1071401697.0,0.033074010522124456,-0.08000000000000007,-0.7490636704119868,3.089887640449439
2024-07-04,10.62,10.83,10.53,10.58,25118001.0,271364352.0,1071401697.0,0.023444055642558873,-0.019999999999999574,-0.18867924528301883,2.8301886792452895
2024-07-05,10.53,10.6,10.32,10.53,22415738.0,236458755.0,1071401697.0,0.020921880246004502,-0.05000000000000071,-0.472589792060496,2.6465028355387465
2024-07-08,10.53,10.59,10.26,10.33,22688966.0,239264186.0,1071401697.0,0.021176899442600004,-0.1999999999999993,-1.8993352326685642,3.133903133903135
2024-07-09,10.39,10.86,10.27,10.82,39429192.0,424236478.0,1071401697.0,0.03680150228472151,0.4900000000000002,4.7434656340755055,5.711519845111325
2024-07-10,10.8,10.93,10.75,10.83,26501221.0,290833349.0,1071401697.0,0.024735093358733033,0.009999999999999787,0.09242144177448175,1.6635859519408478
2024-07-11,11.02,11.18,10.88,11.14,35734236.0,399200454.0,1071401697.0,0.03335279018136556,0.3100000000000005,2.8624192059095055,2.770083102493065
2024-07-12,11.12,11.14,10.93,11.07,23130940.0,258295942.0,1071401697.0,0.021589418856408624,-0.07000000000000028,-0.6283662477558405,1.8850987432675121
2024-07-15,11.01,11.13,10.84,10.91,21429000.0,237389215.0,1071401697.0,0.020000901678616623,-0.16000000000000014,-1.445347786811202,2.619692863595311
2024-07-16,10.84,10.97,10.76,10.91,22629353.0,248920733.0,1071401697.0,0.021121259246988107,0.0,0.0,1.9248395967002827
2024-07-17,10.91,10.92,10.6,10.6,20066242.0,216912068.0,1071401697.0,0.018728962308149116,-0.3100000000000005,-2.8414298808432714,2.9330889092575645
2024-07-18,10.49,10.54,10.21,10.47,23685391.0,248192689.0,1071401697.0,0.022106919436772184,-0.129999999999999,-1.2264150943396168,3.1132075471697953
2024-07-19,10.45,10.62,10.35,10.5,19126280.0,203237820.0,1071401697.0,0.017851642435843557,0.02999999999999936,0.2865329512893977,2.5787965616045803
2024-07-22,10.46,10.6,10.41,10.46,16653681.0,176652029.0,1071401697.0,0.015543825482665816,-0.03999999999999915,-0.3809523809523707,1.8095238095238046
2024-07-23,10.48,10.5,10.03,10.06,20047349.0,207454604.0,1071401697.0,0.018711328399174637,-0.40000000000000036,-3.824091778202676,4.493307839388152
2024-07-24,10.05,10.21,9.87,9.9,17470184.0,176818615.0,1071401697.0,0.01630591406464797,-0.16000000000000014,-1.5904572564612307,3.3797216699801353
2024-07-25,9.81,9.91,9.69,9.76,14306300.0,141580830.0,1071401697.0,0.01335288159432512,-0.14000000000000057,-1.4141414141414232,2.2222222222222285
2024-07-26,9.78,10.33,9.78,10.29,23778422.0,244042252.0,1071401697.0,0.022193750548072915,0.5299999999999994,5.430327868852447,5.635245901639352
2024-07-29,10.26,10.26,10.0,10.03,17008086.0,173171507.0,1071401697.0,0.015874611779712347,-0.2599999999999998,-2.526724975704564,2.526724975704566
2024-07-30,10.01,10.1,9.89,10.07,12417532.0,125410897.0,1071401697.0,0.011589987242665344,0.040000000000000924,0.3988035892323216,2.093718843469582
2024-07-31,10.0,10.19,9.75,10.17,41483260.0,421034771.0,1071401697.0,0.03871868050625273,0.09999999999999964,0.9930486593842991,4.369414101290959
2024-08-01,10.27,10.57,10.2,10.35,40675422.0,426216399.0,1071401697.0,0.03796467946046197,0.17999999999999972,1.7699115044247815,3.6381514257620555
2024-08-02,10.23,10.28,9.9,9.94,27149742.0,276658746.0,1071401697.0,0.025340394808054893,-0.41000000000000014,-3.961352657004835,3.671497584541053
2024-08-05,9.76,9.91,9.35,9.36,35493530.0,344283361.0,1071401697.0,0.033128125612815786,-0.5800000000000001,-5.835010060362178,5.633802816901413
2024-08-06,9.53,9.6,9.35,9.44,19982006.0,191190277.0,1071401697.0,0.01865034006941656,0.08000000000000007,0.8547008547008517,2.670940170940171
2024-08-07,9.39,9.62,9.39,9.49,14933956.0,143881988.0,1071401697.0,0.01393870855517228,0.05000000000000071,0.5296610169491567,2.4364406779660874
2024-08-08,9.5,9.53,9.28,9.47,15295499.0,145414437.0,1071401697.0,0.014276157152661296,-0.019999999999999574,-0.21074815595363283,2.634351949420443
2024-08-09,9.55,9.66,9.49,9.5,12625199.0,122334118.0,1071401697.0,0.011783814637732462,0.02999999999999936,0.31678986272438703,1.7951425554382252
2024-08-12,9.44,9.6,9.42,9.49,10350798.0,99484692.0,1071401697.0,0.00966098712460785,-0.009999999999999787,-0.10526315789473051,1.8947368421052602
2024-08-13,9.48,9.54,9.38,9.53,11232651.0,107412062.0,1071401697.0,0.010484070569845289,0.03999999999999915,0.42149631190726566,1.6859852476290662
2024-08-14,9.51,9.54,9.37,9.38,10142330.0,96540247.0,1071401697.0,0.00946641211078836,-0.14999999999999858,-1.5739769150052263,1.783840503672612
2024-08-15,9.33,9.63,9.31,9.41,15522233.0,148860582.0,1071401697.0,0.014487780860776442,0.02999999999999936,0.31982942430703876,3.411513859275056
2024-08-16,9.49,9.6,9.44,9.47,14401700.0,138850433.0,1071401697.0,0.013441923827753654,0.0600000000000005,0.6376195536663243,1.7003188097768347
2024-08-19,9.47,9.63,9.42,9.46,12486514.0,120112458.0,1071401697.0,0.01165437205761678,-0.009999999999999787,-0.10559662090813271,2.2175290390707585
2024-08-20,9.48,9.51,9.29,9.36,11297726.0,107041668.0,1071401697.0,0.010544808759995831,-0.10000000000000142,-1.0570824524313016,2.3255813953488436
2024-08-21,9.3,9.47,9.28,9.37,9067508.0,86146575.0,1071401697.0,0.00846321974791496,0.009999999999999787,0.10683760683760646,2.029914529914544
2024-08-22,9.38,9.41,9.2,9.24,11776549.0,110295273.0,1071401697.0,0.01099172143648378,-0.129999999999999,-1.387406616862319,2.241195304162229
2024-08-23,9.23,9.38,9.2,9.36,11811300.0,111196487.0,1071401697.0,0.011024156516713077,0.11999999999999922,1.298701298701288,1.9480519480519642
2024-08-26,9.33,9.45,9.27,9.33,10817840.0,102227384.0,1071401697.0,0.010096903925288444,-0.02999999999999936,-0.32051282051280827,1.92307692307692
2024-08-27,9.3,9.3,9.04,9.09,15263100.0,140982166.0,1071401697.0,0.014245917327495142,-0.2400000000000002,-2.5723472668810365,2.7867095391211314
2024-08-28,9.09,9.3,9.08,9.24,10315526.0,96073442.0,1071401697.0,0.00962806576551465,0.15000000000000036,1.650165016501659,2.4202420242024276
2024-08-29,9.23,9.6,9.18,9.54,15274801.0,145895318.0,1071401697.0,0.014256838534762933,0.29999999999999893,3.246753246753231,4.545454545454545
2024-08-30,9.54,9.85,9.5,9.73,20178850.0,198703069.0,1071401697.0,0.01883406574443759,0.19000000000000128,1.9916142557652172,3.6687631027253635
2024-09-02,9.73,9.77,9.5,9.51,16732530.0,163221846.0,1071401697.0,0.01561741972861557,-0.22000000000000064,-2.2610483042137752,2.7749229188078064
2024-09-03,9.54,9.71,9.49,9.65,14098324.0,137190032.0,1071401697.0,0.013158765792023942,0.14000000000000057,1.4721345951629994,2.313354363827557
2024-09-04,9.56,9.71,9.48,9.63,11417063.0,110780954.0,1071401697.0,0.010656192753818272,-0.019999999999999574,-0.2072538860103612,2.3834196891191755
2024-09-05,9.64,9.74,9.54,9.59,11681000.0,113769576.0,1071401697.0,0.010902540132900313,-0.040000000000000924,-0.41536863966771254,2.0768431983385365
2024-09-06,9.59,9.65,9.23,9.26,18099600.0,171486260.0,1071401697.0,0.01689338373336551,-0.33000000000000007,-3.441084462982269,4.3795620437956195
2024-09-09,9.2,9.39,9.12,9.15,14543500.0,135846010.0,1071401697.0,0.013574273814128558,-0.10999999999999943,-1.1879049676025821,2.915766738660922
2024-09-10,9.15,9.29,8.98,9.24,12225563.0,112623625.0,1071401697.0,0.011410811681773918,0.08999999999999986,0.983606557377037,3.3879781420764887
2024-09-11,9.19,9.26,9.09,9.18,10395700.0,96424152.0,1071401697.0,0.009702896709150909,-0.0600000000000005,-0.6493506493506551,1.839826839826839
2024-09-12,9.22,9.35,9.12,9.13,10567502.0,98556217.0,1071401697.0,0.009863249264575321,-0.049999999999998934,-0.5446623093681824,2.505446623093687
2024-09-13,9.2,9.2,8.93,8.95,12707855.0,115858055.0,1071401697.0,0.011860962172808655,-0.1800000000000015,-1.9715224534501807,2.957283680175242
2024-09-18,8.96,9.02,8.8,8.93,10852700.0,97584758.0,1071401697.0,0.010129440741402896,-0.019999999999999574,-0.22346368715083775,2.458100558659205
2024-09-19,8.96,9.17,8.88,9.03,14394952.0,131325120.0,1071401697.0,0.013435625536441538,0.09999999999999964,1.1198208286674172,3.247480403135489
2024-09-20,9.03,9.1,8.91,8.98,11398637.0,103519680.0,1071401697.0,0.010638994722443491,-0.049999999999998934,-0.5537098560354226,2.1040974529346568
2024-09-23,9.0,9.2,8.95,9.11,12575500.0,115724046.0,1071401697.0,0.011737427740885872,0.129999999999999,1.4476614699331813,2.7839643652561246
2024-09-24,9.16,9.41,9.05,9.4,21934887.0,205568210.0,1071401697.0,0.020473074722038638,0.2900000000000009,3.183315038419332,3.9517014270032873
2024-09-25,9.49,9.65,9.38,9.4,19905562.0,191608796.0,1071401697.0,0.018578990546437413,0.0,0.0,2.8723404255319105
2024-09-26,9.39,9.69,9.36,9.69,19987440.0,192453536.0,1071401697.0,0.018655411929966358,0.28999999999999915,3.0851063829787195,3.510638297872341
2024-09-27,9.84,10.38,9.84,10.28,36660619.0,374463512.0,1071401697.0,0.034217436002437096,0.5899999999999999,6.088751289989669,5.572755417956666
2024-09-30,10.63,11.25,10.59,11.18,58133809.0,645318811.0,1071401697.0,0.054259582715594674,0.9000000000000004,8.754863813229585,6.4202334630350215
2024-10-08,12.29,12.29,11.32,12.12,72799522.0,880938746.0,1071401697.0,0.06794792485754295,0.9399999999999995,8.407871198568873,8.676207513416806
2024-10-09,11.87,11.97,11.15,11.25,59501246.0,699042933.0,1071401697.0,0.05553588926226986,-0.8699999999999992,-7.178217821782173,6.765676567656769
2024-10-10,11.44,11.63,11.04,11.16,36884018.0,422697649.0,1071401697.0,0.03442594696580922,-0.08999999999999986,-0.8000000000000007,5.24444444444446
2024-10-11,11.16,11.21,10.5,10.67,33095910.0,360156261.0,1071401697.0,0.030890290814986454,-0.4900000000000002,-4.390681003584229,6.362007168458788
2024-10-14,10.68,10.89,10.36,10.87,31293827.0,337965517.0,1071401697.0,0.029208304492726597,0.1999999999999993,1.8744142455482615,4.967197750702916
2024-10-15,10.93,11.0,10.66,10.66,28714542.0,314182281.0,1071401697.0,0.026800911441901516,-0.20999999999999908,-1.931922723091073,3.1278748850045988
2024-10-16,10.44,10.69,10.43,10.52,20876225.0,222316091.0,1071401697.0,0.019484965404156906,-0.14000000000000057,-1.3133208255159512,2.4390243902439006
2024-10-17,10.6,10.71,10.4,10.41,20851797.0,222761396.0,1071401697.0,0.01946216536560143,-0.10999999999999943,-1.0456273764258506,2.9467680608365066
2024-10-18,10.38,11.16,10.37,10.93,38838243.0,424301017.0,1071401697.0,0.03624993604989595,0.5199999999999996,4.995196926032652,7.588856868395783
2024-10-21,11.04,11.33,10.88,11.1,39923019.0,449192759.0,1071401697.0,0.03726241904580444,0.16999999999999993,1.5553522415370447,4.117108874656901
2024-10-22,11.11,11.27,10.94,11.21,31856413.0,358135358.0,1071401697.0,0.029733397930206937,0.11000000000000121,0.9909909909910031,2.9729729729729737
2024-10-23,11.21,11.32,11.06,11.18,28725359.0,325399699.0,1071401697.0,0.026811007561807137,-0.030000000000001137,-0.2676181980374781,2.319357716324708
2024-10-24,11.13,11.18,11.0,11.14,23370554.0,262003208.0,1071401697.0,0.021813064199393366,-0.03999999999999915,-0.3577817531305816,1.610017889087654
2024-10-25,11.24,11.33,11.1,11.32,37947884.0,431250824.0,1071401697.0,0.035418913472189506,0.17999999999999972,1.6157989228007263,2.064631956912032
2024-10-28,11.38,11.42,11.06,11.27,35662140.0,404053407.0,1071401697.0,0.03328549889351164,-0.05000000000000071,-0.4416961130742081,3.1802120141342707
2024-10-29,11.35,11.52,11.24,11.3,47800738.0,549956634.0,1071401697.0,0.044615141205997175,0.030000000000001137,0.266193433895312,2.4844720496894355
2024-10-30,11.23,11.52,11.18,11.34,36282508.0,415837852.0,1071401697.0,0.033864523550404646,0.03999999999999915,0.3539823008849474,3.0088495575221224
2024-10-31,11.38,11.6,11.18,11.49,50574552.0,583958495.0,1071401697.0,0.04720409921097969,0.15000000000000036,1.3227513227513255,3.703703703703703
2024-11-01,11.49,11.49,11.07,11.11,39146579.0,444914858.0,1071401697.0,0.03653772353507855,-0.3800000000000008,-3.30722367275893,3.655352480417754
2024-11-04,11.08,11.96,11.08,11.95,76101458.0,899638853.0,1071401697.0,0.07102980909316219,0.8399999999999999,7.560756075607555,7.920792079207928
2024-11-05,12.12,12.13,11.63,11.95,82361130.0,989970146.0,1071401697.0,0.07687231617293211,0.0,0.0,4.1841004184100425
2024-11-06,11.95,12.2,11.65,11.76,65992057.0,791696381.0,1071401697.0,0.061594131486614585,-0.1899999999999995,-1.5899581589958078,4.602510460251037
2024-11-07,11.67,11.8,11.53,11.7,53181884.0,626506239.0,1071401697.0,0.049637670118418714,-0.0600000000000005,-0.5102040816326592,2.2959183673469505
2024-11-08,11.79,12.01,11.65,11.68,48839906.0,584476500.0,1071401697.0,0.045585055667500964,-0.019999999999999574,-0.17094017094017033,3.076923076923072
2024-11-11,11.77,12.41,11.77,12.34,74336745.0,914346503.0,1071401697.0,0.06938270231244556,0.6600000000000001,5.650684931506844,5.479452054794526
2024-11-12,12.46,12.61,12.05,12.18,63650212.0,793739911.0,1071401697.0,0.05940835466121163,-0.16000000000000014,-1.296596434359809,4.5380875202593085
2024-11-13,12.11,12.21,11.83,12.1,35340441.0,429454774.0,1071401697.0,0.03298523896215184,-0.08000000000000007,-0.6568144499178974,3.119868637110023
2024-11-14,12.13,12.22,11.75,11.79,38510126.0,466356761.0,1071401697.0,0.03594368583494973,-0.3100000000000005,-2.5619834710743805,3.8842975206611627
2024-11-15,11.71,12.4,11.7,11.85,59625146.0,728794103.0,1071401697.0,0.0556515321629176,0.0600000000000005,0.5089058524172962,5.937234944868542
2024-11-18,12.02,12.12,11.42,11.53,45954512.0,541787704.0,1071401697.0,0.04289195371696336,-0.3200000000000003,-2.700421940928277,5.907172995780585
2024-11-19,11.51,11.97,11.49,11.97,42530624.0,507201133.0,1071401697.0,0.03969624475963472,0.4400000000000013,3.8161318300086844,4.163052905464011
2024-11-20,12.02,12.85,11.97,12.85,111641505.0,1418185097.0,1071401697.0,0.10420135166166346,0.879999999999999,7.351712614870509,7.351712614870501
2024-11-21,12.85,13.13,12.52,12.8,95695772.0,1238434338.0,1071401697.0,0.08931829421957692,-0.049999999999998934,-0.38910505836574627,4.747081712062267
2024-11-22,12.69,13.0,12.1,12.13,72918443.0,927641617.0,1071401697.0,0.06805892057495966,-0.6699999999999999,-5.234375000000002,7.031250000000003
2024-11-25,12.23,12.3,11.43,11.71,69645077.0,827678486.0,1071401697.0,0.06500370234153176,-0.41999999999999993,-3.4624896949711492,7.1723000824402385
2024-11-26,11.62,11.75,11.33,11.34,42249612.0,491451850.0,1071401697.0,0.03943396031413977,-0.370000000000001,-3.15969257045261,3.586678052946199
2024-11-27,11.27,11.73,11.09,11.72,46039292.0,530304219.0,1071401697.0,0.04297108370176494,0.3800000000000008,3.3509700176366897,5.643738977072315
2024-11-28,11.77,12.14,11.64,11.7,44525421.0,533188108.0,1071401697.0,0.041558101993560685,-0.02000000000000135,-0.17064846416383617,4.266211604095563
2024-11-29,11.69,12.38,11.58,12.27,66273726.0,808091012.0,1071401697.0,0.0618570291474907,0.5700000000000003,4.871794871794877,6.8376068376068435
2024-12-02,12.44,12.65,12.24,12.5,59906099.0,753415922.0,1071401697.0,0.055913761540364634,0.23000000000000043,1.8744906275468765,3.3414832925835385
2024-12-03,12.49,12.5,12.14,12.3,45234071.0,564185215.0,1071401697.0,0.042219525250574624,-0.1999999999999993,-1.5999999999999903,2.8799999999999955
2024-12-04,12.27,12.51,12.04,12.22,48025495.0,595036693.0,1071401697.0,0.04482491966782838,-0.08000000000000007,-0.6504065040650375,3.8211382113821193
2024-12-05,12.32,12.74,12.25,12.58,71205199.0,905911435.0,1071401697.0,0.06645985273252746,0.35999999999999943,2.9459901800327204,4.009819967266777
2024-12-06,12.56,12.7,12.23,12.5,57003337.0,716560141.0,1071401697.0,0.05320444904988796,-0.08000000000000007,-0.6359300476947549,3.7360890302066685
2024-12-09,12.58,12.84,12.48,12.6,57910847.0,739826767.0,1071401697.0,0.05405147962911991,0.09999999999999964,0.8000000000000007,2.8799999999999955
2024-12-10,13.01,13.86,12.81,13.86,142780503.0,1963471971.0,1071401697.0,0.13326514546299062,1.2599999999999998,10.000000000000009,8.333333333333325
2024-12-11,14.02,14.34,13.62,14.0,215141576.0,3044228989.0,1071401697.0,0.20080384098924944,0.14000000000000057,1.0101010101010166,5.194805194805199
2024-12-12,13.97,13.99,13.28,13.61,124278627.0,1698721677.0,1071401697.0,0.115996294711861,-0.39000000000000057,-2.7857142857142914,5.071428571428577
2024-12-13,13.64,14.64,13.64,14.04,168299075.0,2425256443.0,1071401697.0,0.15708307675006417,0.4299999999999997,3.1594415870683346,7.347538574577516
2024-12-16,14.1,14.21,13.35,13.46,100981921.0,1401028865.0,1071401697.0,0.09425215704133796,-0.5799999999999983,-4.131054131054124,6.125356125356134
2024-12-17,13.55,13.82,13.29,13.35,65199487.0,890833959.0,1071401697.0,0.06085438093159937,-0.11000000000000121,-0.8172362555720736,3.9375928677563232
2024-12-18,13.51,13.55,13.13,13.28,55354919.0,744562843.0,1071401697.0,0.051665886991776905,-0.07000000000000028,-0.524344569288393,3.1460674157303368
2024-12-19,13.08,13.48,13.05,13.38,47078103.0,634307817.0,1071401697.0,0.04394066495491093,0.10000000000000142,0.7530120481927804,3.2379518072289137
2024-12-20,13.43,13.77,13.3,13.59,63337696.0,870000883.0,1071401697.0,0.05911666574483688,0.20999999999999908,1.5695067264573925,3.5127055306427417
2024-12-23,13.62,13.72,13.04,13.08,57954164.0,780382832.0,1071401697.0,0.05409190984322288,-0.5099999999999998,-3.7527593818984517,5.003679175864617
2024-12-24,13.14,13.52,13.14,13.47,46995031.0,635293925.0,1071401697.0,0.04386312914342901,0.39000000000000057,2.9816513761467878,2.905198776758402
2024-12-25,13.41,13.48,13.07,13.26,37346032.0,500761345.0,1071401697.0,0.0348571708487783,-0.21000000000000085,-1.5590200445434355,3.043801039346697
2024-12-26,13.16,13.62,12.96,13.57,48209551.0,656883871.0,1071401697.0,0.044996709576800305,0.3100000000000005,2.3378582202111753,4.977375565610847
2024-12-27,13.57,13.96,13.47,13.71,64953436.0,903160731.0,1071401697.0,0.06062472757125006,0.14000000000000057,1.0316875460574915,3.6109064112011806
2024-12-30,13.8,14.33,13.65,14.14,86289546.0,1228357835.0,1071401697.0,0.08053892974186692,0.4299999999999997,3.1363967906637535,4.959883296863601
2024-12-31,14.15,14.15,13.45,13.46,64241516.0,889921815.0,1071089846.0,0.05997770984377346,-0.6799999999999997,-4.809052333804809,4.950495049504958
2025-01-02,13.35,13.51,12.61,12.77,66595165.0,879515368.0,1071089846.0,0.06217514361535643,-0.6900000000000013,-5.126300148588414,6.686478454680538
2025-01-03,12.78,12.84,12.18,12.23,53429089.0,674480708.0,1071089846.0,0.04988291990586194,-0.5399999999999991,-4.228660924040717,5.1683633516053265
2025-01-06,12.26,12.43,12.05,12.2,35143449.0,434024680.0,1071089846.0,0.0328109253684401,-0.030000000000001137,-0.24529844644318732,3.107113654946844
2025-01-07,12.2,12.55,12.19,12.44,40815060.0,510903651.0,1071089846.0,0.038106103005667,0.2400000000000002,1.967213114754096,2.9508196721311575
2025-01-08,12.35,12.55,11.76,12.39,56251160.0,692797877.0,1071089846.0,0.05251768580392275,-0.049999999999998934,-0.4019292604501512,6.350482315112547
2025-01-09,12.3,12.85,12.26,12.68,52758500.0,675777819.0,1071089846.0,0.049256838907611115,0.28999999999999915,2.3405972558514954,4.76190476190476
2025-01-10,12.57,13.13,12.51,12.6,58995346.0,766689085.0,1071089846.0,0.055079736046718154,-0.08000000000000007,-0.6309148264984188,4.889589905362784
2025-01-13,12.43,12.98,12.4,12.69,46753044.0,600791110.0,1071089846.0,0.04364997406576105,0.08999999999999986,0.7142857142857117,4.603174603174605
2025-01-14,12.67,13.95,12.57,13.9,122561812.0,1682726328.0,1071089846.0,0.11442719997552847,1.2100000000000009,9.535066981875495,10.87470449172576
2025-01-15,13.92,14.02,13.61,13.65,82892063.0,1150340589.0,1071089846.0,0.07739039195410316,-0.25,-1.7985611510791366,2.949640287769785
2025-01-16,13.8,14.02,13.53,13.74,59864451.0,833300650.0,1071089846.0,0.055891157239109895,0.08999999999999986,0.659340659340657,3.5897435897435908
2025-01-17,13.7,13.96,13.66,13.9,58690712.0,821053550.0,1071089846.0,0.05479532106403705,0.16000000000000014,1.1644832605531397,2.183406113537123
2025-01-20,14.07,14.28,13.94,14.12,71072540.0,1013874866.0,1071089846.0,0.06635534849426628,0.21999999999999886,1.5827338129496216,2.446043165467625
2025-01-21,14.16,14.51,14.04,14.45,77868067.0,1127247612.0,1071089846.0,0.07269984613410292,0.33000000000000007,2.337110481586402,3.3286118980170016
2025-01-22,14.33,14.52,14.17,14.28,54864532.0,793932181.0,1071089846.0,0.05122309039236284,-0.16999999999999993,-1.17647058823529,2.4221453287197208
2025-01-23,14.39,14.56,14.04,14.09,73884451.0,1067468247.0,1071089846.0,0.06898062872682671,-0.1899999999999995,-1.3305322128851493,3.6414565826330634
2025-01-24,13.97,14.56,13.95,14.51,66073014.0,957091565.0,1071089846.0,0.061687648563517425,0.41999999999999993,2.980837473385378,4.329311568488299
2025-01-27,14.53,14.59,14.11,14.13,49083503.0,708253273.0,1071089846.0,0.04582575699256512,-0.379999999999999,-2.618883528600957,3.3080634045485904
2025-02-05,14.31,14.5,14.08,14.26,57617223.0,832676757.0,1071089846.0,0.05379308114550084,0.129999999999999,0.9200283085633254,2.972399150743099
2025-02-06,14.11,15.48,14.04,15.18,111312766.0,1685500159.0,1071089846.0,0.10392477009813797,0.9199999999999999,6.451612903225801,10.098176718092576
2025-02-07,15.13,15.4,14.77,14.98,94909320.0,1451459394.0,1071089846.0,0.08861004551059856,-0.1999999999999993,-1.3175230566534912,4.150197628458503
2025-02-10,15.18,15.38,14.72,14.86,74449124.0,1126013543.0,1071089846.0,0.06950782352949315,-0.120000000000001,-0.8010680907877266,4.405874499332444
2025-02-11,14.84,14.99,14.64,14.88,55238589.0,829225905.0,1071089846.0,0.05157232066599201,0.02000000000000135,0.1345895020188559,2.3553162853297422
2025-02-12,14.82,15.24,14.66,15.07,56805753.0,860143454.0,1071089846.0,0.05303546963136835,0.1899999999999995,1.2768817204301008,3.8978494623655915
2025-02-13,15.11,15.13,14.35,14.36,78665627.0,1160841412.0,1071089846.0,0.07344447087588206,-0.7100000000000009,-4.711347047113479,5.175846051758469
2025-02-14,14.38,14.57,14.25,14.51,41922742.0,611817937.0,1071089846.0,0.03914026648330303,0.15000000000000036,1.0445682451253546,2.2284122562674114
2025-02-17,14.52,15.05,14.43,14.89,67913555.0,1016299873.0,1071089846.0,0.06340603008573381,0.3800000000000008,2.6188835286009793,4.272915230875266
2025-02-18,14.83,15.02,14.64,14.72,55518635.0,831860725.0,1071089846.0,0.05183377959125943,-0.16999999999999993,-1.1417058428475513,2.5520483546003963
2025-02-19,14.83,15.65,14.82,15.61,115561798.0,1795086569.0,1071089846.0,0.10789178744581246,0.8899999999999988,6.046195652173902,5.638586956521739
2025-02-20,15.61,16.94,15.38,16.57,137851959.0,2256261451.0,1071089846.0,0.12870251689418033,0.9600000000000009,6.149903907751453,9.993593850096095
2025-02-21,16.43,17.19,16.4,16.78,122881167.0,2091081941.0,1071089846.0,0.11472535890327169,0.21000000000000085,1.2673506336753126,4.767652383826208
2025-02-24,16.77,17.0,16.59,16.73,81073186.0,1374859061.0,1071089846.0,0.07569223655958363,-0.05000000000000071,-0.29797377830751426,2.443384982121574
2025-02-25,16.52,17.58,16.46,17.19,103902231.0,1792550134.0,1071089846.0,0.0970060834653828,0.46000000000000085,2.749551703526598,6.694560669456051
2025-02-26,17.11,18.27,16.89,17.47,120900902.0,2157661460.0,1071089846.0,0.11287652707334134,0.2799999999999976,1.6288539848749117,8.027923211169279
2025-02-27,17.41,18.25,17.2,17.71,119444739.0,2141675363.0,1071089846.0,0.11151701180444204,0.240000000000002,1.3737836290784289,6.010303377218093
2025-02-28,17.28,17.3,16.12,16.21,127747091.0,2127362908.0,1071089846.0,0.11926832419994765,-1.5,-8.469791078486733,6.662902315076226
2025-03-03,16.18,16.32,15.66,15.78,75732015.0,1219261906.0,1071089846.0,0.07070556712195739,-0.4300000000000015,-2.652683528686006,4.071560764959902
2025-03-04,15.69,16.41,15.63,16.11,61882871.0,1009429011.0,1071089846.0,0.05777561166423381,0.33000000000000007,2.091254752851701,4.942965779467677
2025-03-05,16.12,16.57,16.12,16.48,59424012.0,982679050.0,1071089846.0,0.05547995083878332,0.370000000000001,2.2967101179391713,2.7932960893854704
2025-03-06,16.69,18.08,16.6,17.69,124688884.0,2216435249.0,1071089846.0,0.11641309500379672,1.2100000000000009,7.342233009708732,8.980582524271826
2025-03-07,17.68,18.36,17.42,17.75,95718277.0,1734439779.0,1071089846.0,0.0893653108163253,0.05999999999999872,0.33917467495758746,5.31373657433577
2025-03-10,17.74,17.9,17.44,17.58,50772347.0,903110671.0,1071089846.0,0.04740250987310732,-0.1700000000000017,-0.9577464788732448,2.591549295774633
2025-03-11,17.37,17.71,17.07,17.49,61785786.0,1085621117.0,1071089846.0,0.0576849703418811,-0.08999999999999986,-0.5119453924914641,3.6405005688282173
2025-03-12,17.62,17.74,17.36,17.49,50607357.0,895649390.0,1071089846.0,0.04724847050786064,0.0,0.0,2.1726700971983934
2025-03-13,17.54,17.54,16.3,16.54,77119331.0,1302932077.0,1071089846.0,0.07200080486992125,-0.9499999999999993,-5.4316752429959925,7.08976558033161
2025-03-14,16.62,17.08,16.37,16.98,54076657.0,917948890.0,1071089846.0,0.05048750784254937,0.4400000000000013,2.6602176541717037,4.292623941958872
2025-03-17,16.99,17.02,16.53,16.88,43526083.0,738815417.0,1071089846.0,0.04063719132671154,-0.10000000000000142,-0.5889281507656108,2.885747938751463
2025-03-18,16.94,17.07,16.71,16.88,38218708.0,651964090.0,1071089846.0,0.03568207479767295,0.0,0.0,2.1327014218009444
2025-03-19,16.8,16.88,16.44,16.66,43014727.0,723707457.0,1071089846.0,0.04015977479446668,-0.21999999999999886,-1.3033175355450122,2.606635071090034
2025-03-20,16.64,16.79,16.47,16.5,39540760.0,663581129.0,1071089846.0,0.036916380215595845,-0.16000000000000014,-0.9603841536614643,1.9207683073229307
2025-03-21,16.32,16.33,15.49,15.53,74091965.0,1181653755.0,1071089846.0,0.06917436971015782,-0.9700000000000006,-5.878787878787883,5.090909090909079
2025-03-24,15.56,15.79,15.3,15.74,41578035.0,653946775.0,1071089846.0,0.03881843820597661,0.21000000000000085,1.3522215067611087,3.155183515775908
2025-03-25,15.8,16.0,15.18,15.28,39572348.0,620627260.0,1071089846.0,0.036945871672468454,-0.46000000000000085,-2.9224904701397714,5.2096569250317675
2025-03-26,15.29,15.71,15.28,15.44,31915202.0,500645554.0,1071089846.0,0.029796941983147137,0.16000000000000014,1.0471204188481575,2.81413612565446
2025-03-27,15.34,15.73,15.24,15.47,29243972.0,458972680.0,1071089846.0,0.027303005540769545,0.030000000000001137,0.19430051813471572,3.1735751295336803
2025-03-28,15.52,15.67,15.34,15.36,26487625.0,413908777.0,1071089846.0,0.024729601441857006,-0.11000000000000121,-0.7110536522301314,2.133160956690369
2025-03-31,15.26,15.27,14.65,14.97,47111559.0,707947817.0,1071089846.0,0.043984693885334436,-0.3899999999999988,-2.539062499999989,4.036458333333329
2025-04-01,15.04,15.11,14.55,14.59,36292798.0,540391132.0,1071089846.0,0.033883990344541086,-0.3800000000000008,-2.5384101536406245,3.740814963259844
2025-04-02,14.7,14.95,14.61,14.92,32082299.0,481413272.0,1071089846.0,0.029952948503630946,0.33000000000000007,2.2618231665524346,2.3303632625085666
2025-04-03,14.66,14.88,14.09,14.12,49754971.0,723922840.0,1071089846.0,0.04645265865026229,-0.8000000000000007,-5.36193029490617,5.294906166219845
2025-04-07,12.71,12.98,12.71,12.71,18423971.0,237186962.0,1071089846.0,0.017201144300643477,-1.4099999999999984,-9.985835694050982,1.9121813031161443
2025-04-08,12.46,12.6,11.44,11.52,91690279.0,1089565072.0,1071089846.0,0.08560465710922256,-1.1900000000000013,-9.36270653029112,9.12667191188041
2025-04-09,11.16,11.8,10.56,11.72,78920851.0,905282969.0,1071089846.0,0.07368275527466815,0.20000000000000107,1.736111111111116,10.763888888888891
2025-04-10,12.36,12.78,12.25,12.35,68904359.0,870473408.0,1071089846.0,0.06433107293223281,0.629999999999999,5.375426621160395,4.522184300341292
2025-04-11,12.18,12.89,12.16,12.65,47579800.0,604322409.0,1071089846.0,0.044421857025054835,0.3000000000000007,2.429149797570851,5.910931174089072
2025-04-14,13.02,13.12,12.75,12.84,47054493.0,614609548.0,1071089846.0,0.043931415441688354,0.1899999999999995,1.5019762845849716,2.9249011857707448
2025-04-15,12.83,12.93,12.61,12.77,32774994.0,422296817.0,1071089846.0,0.030599668293373027,-0.07000000000000028,-0.5451713395638658,2.492211838006233
2025-04-16,12.73,12.73,12.18,12.39,30754770.0,386215687.0,1071089846.0,0.028713529602445696,-0.379999999999999,-2.9757243539545786,4.30696945967111
2025-04-17,12.31,12.57,12.24,12.35,20024723.0,251812868.0,1071089846.0,0.018695651979880688,-0.040000000000000924,-0.32284100080710587,2.663438256658596
2025-04-18,12.35,12.43,12.21,12.37,16368000.0,204189095.0,1071089846.0,0.015281631191936441,0.019999999999999574,0.16194331983805377,1.7813765182186143
2025-04-21,12.37,12.83,12.26,12.8,33782260.0,430137458.0,1071089846.0,0.0315400805321424,0.4300000000000015,3.47615198059823,4.607922392886017
2025-04-22,12.77,13.07,12.66,12.9,37562151.0,490178962.0,1071089846.0,0.03506909447445177,0.09999999999999964,0.78125,3.203125000000001
2025-04-23,13.03,13.57,13.03,13.46,57871964.0,781942665.0,1071089846.0,0.05403091460172427,0.5600000000000005,4.341085271317824,4.1860465116279135
2025-04-24,13.37,13.5,12.98,13.08,52092802.0,692713332.0,1071089846.0,0.04863532428632509,-0.3800000000000008,-2.823179791976227,3.8632986627043056
2025-04-25,13.26,13.53,13.12,13.32,37070686.0,499929716.0,1071089846.0,0.03461024874658367,0.2400000000000002,1.8348623853211121,3.1345565749235487
2025-04-28,13.35,13.45,13.23,13.28,23791464.0,320589026.0,1071089846.0,0.022212388707492238,-0.040000000000000924,-0.30030030030030463,1.6516516516516433
2025-04-29,13.25,13.53,13.19,13.44,26986513.0,366164963.0,1071089846.0,0.025195377494037042,0.16000000000000014,1.2048192771084265,2.560240963855421
2025-04-30,13.48,14.08,13.42,13.84,42594438.0,593456569.0,1071089846.0,0.039767381008296854,0.40000000000000036,2.976190476190488,4.910714285714287
2025-05-06,14.12,14.29,14.04,14.25,38109474.0,546498989.0,1071089846.0,0.03558009082274504,0.41000000000000014,2.9624277456647308,1.8063583815028903
2025-05-07,14.42,14.59,14.15,14.35,42390635.0,615884744.0,1071089846.0,0.03957710472030747,0.09999999999999964,0.7017543859649145,3.0877192982456103
2025-05-08,14.28,14.6,14.24,14.45,30036188.0,439684306.0,1071089846.0,0.028042640971876042,0.09999999999999964,0.6968641114982521,2.5087108013937245
2025-05-09,14.44,14.47,14.1,14.24,25894442.0,373325059.0,1071089846.0,0.02417578889082289,-0.20999999999999908,-1.4532871972318229,2.560553633218
2025-05-12,14.49,14.64,14.37,14.53,28474850.0,417616107.0,1071089846.0,0.026584931326106512,0.28999999999999915,2.0365168539325795,1.8960674157303465
2025-05-13,14.73,14.78,14.32,14.33,28907384.0,422910316.0,1071089846.0,0.026988757393186975,-0.1999999999999993,-1.3764624913971013,3.165863730213345
2025-05-14,14.32,14.45,14.11,14.28,29947700.0,429609334.0,1071089846.0,0.027960026053687376,-0.05000000000000071,-0.34891835310537633,2.3726448011165377
2025-05-15,14.28,14.32,13.84,13.86,26873670.0,377294760.0,1071089846.0,0.025090024053873814,-0.41999999999999993,-2.941176470588236,3.361344537815129
2025-05-16,13.82,14.11,13.79,13.9,21588563.0,304392966.0,1071089846.0,0.02015569756414253,0.040000000000000924,0.28860028860029363,2.308802308802311
2025-05-19,13.9,14.01,13.64,13.95,20479612.0,285066536.0,1071089846.0,0.01912034931194745,0.049999999999998934,0.3597122302158251,2.661870503597117
2025-05-20,13.92,14.05,13.75,13.97,19361600.0,271599164.0,1071089846.0,0.018076541451967045,0.02000000000000135,0.14336917562725038,2.1505376344086073
2025-05-21,13.97,13.97,13.7,13.79,19592700.0,272149740.0,1071089846.0,0.018292302996960722,-0.1800000000000015,-1.2884753042233466,1.9327129563350132
2025-05-22,13.75,13.86,13.55,13.57,18977680.0,261001832.0,1071089846.0,0.017718102800500266,-0.21999999999999886,-1.595358955765036,2.2480058013052844
2025-05-23,13.63,13.88,13.47,13.48,24848700.0,342281983.0,1071089846.0,0.023199454362113334,-0.08999999999999986,-0.6632277081798033,3.021370670596906
2025-05-26,13.49,13.6,13.42,13.52,14598800.0,198417779.0,1071089846.0,0.013629855660119851,0.03999999999999915,0.29673590504450953,1.3353115727002947
2025-05-27,13.56,13.56,13.24,13.31,17168425.0,230358251.0,1071089846.0,0.016028930779351257,-0.20999999999999908,-1.553254437869811,2.3668639053254457
2025-05-28,13.32,13.48,13.23,13.28,15399581.0,206248908.0,1071089846.0,0.01437748761927858,-0.030000000000001137,-0.22539444027047661,1.8782870022539442
2025-05-29,13.32,13.64,13.28,13.56,21325119.0,289775001.0,1071089846.0,0.01990973873913468,0.28000000000000114,2.108433734939763,2.710843373493985
2025-05-30,13.48,13.48,13.14,13.23,18485936.0,246539360.0,1071089846.0,0.017258996590282304,-0.33000000000000007,-2.433628318584069,2.5073746312684353
2025-06-03,13.16,13.29,13.06,13.18,18138264.0,240175378.0,1071089846.0,0.01693440010447079,-0.05000000000000071,-0.3779289493575311,1.7384731670445852
2025-06-04,13.2,13.38,13.19,13.28,14228988.0,190453703.0,1071089846.0,0.013284588639448272,0.09999999999999964,0.7587253414264028,1.4415781487101766
2025-06-05,13.32,13.55,13.18,13.52,19317600.0,260800990.0,1071089846.0,0.01803546179822528,0.2400000000000002,1.8072289156626509,2.7861445783132606
2025-06-06,13.52,13.53,13.39,13.47,12467489.0,168722687.0,1071089846.0,0.011640002980664985,-0.049999999999998934,-0.36982248520709415,1.0355029585798727
2025-06-09,13.48,13.55,13.42,13.47,17258185.0,234203328.0,1071089846.0,0.01611273327298446,0.0,0.0,0.965107646622129
2025-06-10,13.49,13.5,12.95,13.09,30894370.0,408876588.0,1071089846.0,0.028843864140226383,-0.3800000000000008,-2.821083890126208,4.083147735708988
2025-06-11,13.12,13.31,13.1,13.15,15200495.0,202104398.0,1071089846.0,0.014191615256896013,0.0600000000000005,0.4583651642475317,1.6042780748663166
2025-06-12,13.15,13.2,13.04,13.15,15602548.0,206092224.0,1071089846.0,0.014566983393846869,0.0,0.0,1.2167300380228148
2025-06-13,13.05,13.16,12.85,12.87,21150163.0,276172485.0,1071089846.0,0.019746394832315495,-0.28000000000000114,-2.1292775665399333,2.3574144486692052
2025-06-16,12.83,13.0,12.79,12.83,15166000.0,196507612.0,1071089846.0,0.014159409741990963,-0.03999999999999915,-0.3108003108003077,1.6317016317016386
2025-06-17,12.87,12.95,12.77,12.86,13308292.0,172160082.0,1071089846.0,0.012425000619415824,0.02999999999999936,0.23382696804363778,1.402961808261884
2025-06-18,12.83,13.14,12.81,13.06,17458363.0,228033593.0,1071089846.0,0.01629962515768262,0.20000000000000107,1.5552099533437058,2.566096423017108
2025-06-19,13.04,13.16,12.94,13.01,17799916.0,233614146.0,1071089846.0,0.016618508770738546,-0.05000000000000071,-0.3828483920367609,1.68453292496172
2025-06-20,12.98,13.08,12.76,12.78,17402800.0,225217920.0,1071089846.0,0.016247749957663215,-0.23000000000000043,-1.7678708685626487,2.4596464258262896
2025-06-23,12.66,12.86,12.62,12.82,18598432.0,238235208.0,1071089846.0,0.01736402606135807,0.040000000000000924,0.3129890453834161,1.8779342723004713
2025-06-24,12.91,13.49,12.91,13.48,39153347.0,523683805.0,1071089846.0,0.03655468039979907,0.6600000000000001,5.148205928237126,4.5241809672386895
2025-06-25,13.48,13.69,13.43,13.67,31521316.0,430861358.0,1071089846.0,0.029429198790107847,0.1899999999999995,1.4094955489614147,1.9287833827893157
2025-06-26,13.76,13.89,13.59,13.61,27428900.0,379277926.0,1071089846.0,0.025608402602670177,-0.0600000000000005,-0.4389173372348232,2.194586686174109
2025-06-27,13.63,13.79,13.52,13.62,20520764.0,282182795.0,1071089846.0,0.01915876999173793,0.009999999999999787,0.07347538574578039,1.9838354151359265
2025-06-30,13.66,13.76,13.61,13.72,19441282.0,267833191.0,1071009944.0,0.01815228897631972,0.10000000000000142,0.7342143906020615,1.1013215859030863
2025-07-01,13.71,13.71,13.5,13.65,20427801.0,279678847.0,1071009944.0,0.019073399938479004,-0.07000000000000028,-0.5102040816326592,1.5306122448979653
2025-07-02,13.6,13.6,13.28,13.37,22509630.0,302865805.0,1071009944.0,0.021017199817894502,-0.28000000000000114,-2.051282051282055,2.344322344322346
2025-07-03,13.33,13.62,13.32,13.61,21446948.0,291389070.0,1071009944.0,0.0200249756037746,0.2400000000000002,1.7950635751682986,2.2438294689603513
2025-07-04,13.52,13.56,13.33,13.36,19504768.0,263119279.0,1071009944.0,0.018211565736872375,-0.25,-1.8368846436443764,1.6899338721528319
2025-07-07,13.34,13.36,13.12,13.22,17641519.0,234399287.0,1071009944.0,0.016471853598401323,-0.1399999999999988,-1.0479041916167553,1.7964071856287442
2025-07-08,13.18,13.53,13.18,13.51,23528652.0,317795705.0,1071009944.0,0.021968658770921738,0.28999999999999915,2.1936459909228434,2.647503782148257
2025-07-09,13.54,13.71,13.44,13.48,20221669.0,276149298.0,1071009944.0,0.018880934872066883,-0.02999999999999936,-0.22205773501109416,1.9985196150999358
2025-07-10,13.44,13.51,13.33,13.47,15834910.0,213675176.0,1071009944.0,0.014785026122969405,-0.009999999999999787,-0.07418397626112183,1.3353115727002947
2025-07-11,13.44,13.69,13.38,13.61,21633950.0,295496522.0,1071009944.0,0.020199579024636954,0.1399999999999988,1.0393466963622755,2.3014105419450535
2025-07-14,13.61,13.72,13.56,13.7,21421724.0,294406983.0,1071009944.0,0.020001424001717765,0.08999999999999986,0.6612784717119791,1.1756061719324038
2025-07-15,13.72,13.77,13.58,13.74,22266883.0,306800899.0,1071009944.0,0.020790547393834468,0.040000000000000924,0.29197080291971655,1.3868613138686097
2025-07-16,13.76,13.93,13.69,13.86,25789333.0,359034827.0,1071009944.0,0.024079452431302543,0.11999999999999922,0.8733624454148492,1.746724890829696
2025-07-17,13.86,14.17,13.76,14.16,34094332.0,481096689.0,1071009944.0,0.03183381460742068,0.3000000000000007,2.164502164502169,2.9581529581529593
2025-07-18,14.2,14.26,13.94,14.04,27715828.0,390835553.0,1071009944.0,0.025878217242770996,-0.120000000000001,-0.8474576271186529,2.25988700564972
2025-07-21,14.13,14.32,14.04,14.11,30682521.0,436809526.0,1071009944.0,0.028648212999224962,0.07000000000000028,0.4985754985755042,1.9943019943020026
2025-07-22,14.1,14.14,13.88,14.03,33080324.0,465519696.0,1071009944.0,0.03088703721690188,-0.08000000000000007,-0.5669737774627981,1.8426647767540736
2025-07-23,14.03,14.07,13.84,13.9,24188361.0,339175920.0,1071009944.0,0.02258462784170004,-0.129999999999999,-0.9265858873841681,1.6393442622950851
2025-07-24,13.91,14.31,13.91,14.28,40517231.0,576606131.0,1071009944.0,0.03783086350130097,0.379999999999999,2.7338129496402797,2.8776978417266212
2025-07-25,14.27,14.4,14.17,14.26,24183459.0,346968920.0,1071009944.0,0.02258005085338405,-0.019999999999999574,-0.1400560224089631,1.6106442577030842
2025-07-28,14.31,14.43,14.23,14.29,22324588.0,321066127.0,1071009944.0,0.020844426445400025,0.02999999999999936,0.21037868162692153,1.4025245441795182
2025-07-29,14.26,14.29,14.05,14.2,24611913.0,350152010.0,1071009944.0,0.022980097559206228,-0.08999999999999986,-0.629811056682994,1.6794961511546427
2025-07-30,14.16,14.2,13.84,13.94,28071531.0,395246909.0,1071009944.0,0.026210336474709706,-0.2599999999999998,-1.8309859154929553,2.53521126760563
2025-07-31,13.89,14.1,13.71,13.77,29485836.0,413229099.0,1071009944.0,0.027530870432329057,-0.16999999999999993,-1.2195121951219523,2.797704447632703
2025-08-01,13.85,14.33,13.79,14.08,38343587.0,541795562.0,1071009944.0,0.035801336126529935,0.3100000000000005,2.251270878721856,3.9215686274509873
2025-08-04,13.98,14.19,13.92,14.17,23032050.0,326770211.0,1071009944.0,0.02150498240378616,0.08999999999999986,0.6392045454545414,1.9176136363636334
2025-08-05,14.2,14.59,14.18,14.56,47237292.0,685420820.0,1071009944.0,0.04410537200390364,0.39000000000000057,2.752293577981657,2.8934368383909677
2025-08-06,14.62,15.13,14.52,15.1,81638580.0,1227502831.0,1071009944.0,0.07622579085969719,0.5399999999999991,3.7087912087911956,4.189560439560448
2025-08-07,15.1,15.1,14.77,14.87,49885875.0,746902905.0,1071009944.0,0.046578349042854454,-0.23000000000000043,-1.5231788079470232,2.1854304635761594
2025-08-08,14.81,14.84,14.7,14.72,25990673.0,385821344.0,1071009944.0,0.024267443216194826,-0.14999999999999858,-1.0087424344317308,0.9414929388029628
2025-08-11,14.72,14.98,14.66,14.9,33351830.0,498822770.0,1071009944.0,0.03114054186596796,0.17999999999999972,1.2228260869565188,2.1739130434782625
2025-08-12,14.9,14.9,14.69,14.81,25334012.0,376368520.0,1071009944.0,0.023654320057368207,-0.08999999999999986,-0.6040268456375841,1.4093959731543682
2025-08-13,14.79,14.97,14.74,14.9,31736491.0,474028800.0,1071009944.0,0.02963230283508927,0.08999999999999986,0.6076975016880537,1.553004726536127
2025-08-14,14.92,15.22,14.83,14.95,55165972.0,834919434.0,1071009944.0,0.05150836582708704,0.049999999999998934,0.3355704697986406,2.617449664429534
2025-08-15,14.89,15.2,14.86,15.2,45449966.0,690921865.0,1071009944.0,0.042436549029837956,0.25,1.6722408026755842,2.274247491638795
2025-08-18,15.3,15.64,15.14,15.54,56925760.0,884797150.0,1071009944.0,0.05315147662158401,0.33999999999999986,2.2368421052631593,3.289473684210526
2025-08-19,15.62,15.87,15.42,15.53,62647938.0,984418756.0,1071009944.0,0.05849426361628628,-0.009999999999999787,-0.06435006435006052,2.8957528957528913
2025-08-20,15.5,15.75,15.31,15.75,44533075.0,699936039.0,1071009944.0,0.04158044960224944,0.22000000000000064,1.4166130070830674,2.833226014166127
2025-08-21,15.85,15.88,15.37,15.44,46114292.0,722772763.0,1071009944.0,0.04305682898496039,-0.3100000000000005,-1.9682539682539746,3.2380952380952484
2025-08-22,15.35,15.62,15.33,15.61,39665345.0,619642517.0,1071009944.0,0.03703545912175023,0.16999999999999993,1.1010362694300557,1.8782383419689064
2025-08-25,15.12,15.27,14.91,15.04,125689373.0,1901943874.0,1071009944.0,0.11735593465227434,-0.5700000000000003,-3.651505445227421,2.306213965406787
2025-08-26,15.01,15.1,14.86,14.97,55327270.0,835000600.0,1071009944.0,0.05165896947078206,-0.06999999999999851,-0.465425531914887,1.5957446808510654
2025-08-27,15.11,15.85,15.04,15.05,109784024.0,1717724205.0,1071009944.0,0.10250513976553705,0.08000000000000007,0.5344021376085584,5.410821643286576
2025-08-28,15.06,15.4,14.77,15.25,68489475.0,1038872135.0,1071009944.0,0.06394849588810167,0.1999999999999993,1.3289036544850363,4.186046511627912
2025-08-29,15.17,15.34,14.95,15.1,49697752.0,755798959.0,1071009944.0,0.04640269894636945,-0.15000000000000036,-0.983606557377048,2.5573770491803316
2025-09-01,15.09,15.23,14.8,14.83,49840775.0,747845206.0,1071009944.0,0.04653623925643029,-0.2699999999999996,-1.788079470198678,2.847682119205296
2025-09-02,14.8,14.86,14.12,14.47,65070362.0,943716102.0,1071009944.0,0.06075607641603746,-0.35999999999999943,-2.4275118004045804,4.989885367498316
2025-09-03,14.56,14.68,14.19,14.23,36572566.0,531704699.0,1071009944.0,0.03414773710074909,-0.2400000000000002,-1.6586040082930187,3.386316516931584
2025-09-04,14.38,14.66,13.82,14.05,45838141.0,657443175.0,1071009944.0,0.042798987308002065,-0.17999999999999972,-1.2649332396345692,5.903021784961348
2025-09-05,14.06,14.45,13.96,14.42,36692119.0,526083655.0,1071009944.0,0.03425936351530271,0.3699999999999992,2.633451957295363,3.4875444839857535
2025-09-08,14.45,15.08,14.43,14.85,51306094.0,762754018.0,1071009944.0,0.04790440489131444,0.4299999999999997,2.9819694868238544,4.5076282940360635
2025-09-09,14.89,14.89,14.47,14.51,31949876.0,469469948.0,1071009944.0,0.02983154001416069,-0.33999999999999986,-2.289562289562286,2.828282828282828
2025-09-10,14.55,14.67,14.36,14.38,28031473.0,408570663.0,1071009944.0,0.026172934394342096,-0.129999999999999,-0.8959338387318994,2.136457615437633
2025-09-11,14.4,14.74,14.23,14.73,36860494.0,539842492.0,1071009944.0,0.034416574940783186,0.34999999999999964,2.4339360222531248,3.5465924895688437
2025-09-12,14.79,14.81,14.52,14.52,32961769.0,485086837.0,1071009944.0,0.03077634263309884,-0.21000000000000085,-1.4256619144602856,1.9687712152070664
2025-09-15,14.64,15.01,14.62,14.71,49516233.0,737286857.0,1071009944.0,0.04623321499244642,0.19000000000000128,1.3085399449035862,2.685950413223144
2025-09-16,14.72,15.26,14.67,15.2,69438889.0,1049170061.0,1071009944.0,0.06483496198052106,0.48999999999999844,3.3310673011556657,4.010876954452752
2025-09-17,15.4,15.76,15.21,15.66,79407545.0,1243650759.0,1071009944.0,0.07414267761457871,0.46000000000000085,3.026315789473699,3.618421052631572
2025-09-18,15.81,16.84,15.73,16.17,137650953.0,2268984904.0,1071009944.0,0.12852443973199934,0.5100000000000016,3.256704980842917,7.0881226053639805
2025-09-19,16.23,16.3,15.55,15.6,75910434.0,1209723469.0,1071009944.0,0.07087743155445436,-0.5700000000000021,-3.5250463821892564,4.638218923933209
2025-09-22,15.64,15.96,15.5,15.77,55716709.0,880632385.0,1071009944.0,0.05202258794340382,0.16999999999999993,1.0897435897435859,2.9487179487179542
2025-09-23,15.66,15.73,15.09,15.47,50991441.0,788709010.0,1071009944.0,0.04761061396830504,-0.29999999999999893,-1.9023462270133074,4.0583386176284115
2025-09-24,15.32,15.82,15.16,15.75,53575403.0,840557828.0,1071009944.0,0.050023254499306495,0.27999999999999936,1.8099547511312153,4.266321913380738
2025-09-25,15.71,15.97,15.59,15.64,45547336.0,721512954.0,1071009944.0,0.0425274632183994,-0.10999999999999943,-0.6984126984126982,2.412698412698418
2025-09-26,15.64,16.11,15.52,15.52,57781506.0,918802277.0,1071009944.0,0.053950485075981706,-0.120000000000001,-0.7672634271099765,3.77237851662404
2025-09-29,15.49,15.78,15.43,15.55,34960204.0,547369956.0,1071009944.0,0.03264227768925365,0.030000000000001137,0.19329896907216426,2.2551546391752555
2025-09-30,15.69,15.72,15.37,15.55,35048600.0,547767275.0,1071009944.0,0.03272481287064502,0.0,0.0,2.2508038585209094
2025-10-09,15.52,15.75,15.41,15.68,45657197.0,716115410.0,1071009944.0,0.04263004023051349,0.129999999999999,0.8360128617363349,2.1864951768488736
2025-10-10,15.53,15.65,15.26,15.27,50540450.0,784508580.0,1071009944.0,0.04718952450734668,-0.41000000000000014,-2.614795918367352,2.4872448979591875
2025-10-13,14.56,14.81,14.3,14.76,49858756.0,731038661.0,1071009944.0,0.046553028082809284,-0.5099999999999998,-3.3398821218074692,3.3398821218074644
2025-10-14,14.82,14.99,14.1,14.14,49662262.0,724419518.0,1071009944.0,0.04636956199913677,-0.6199999999999992,-4.200542005420049,6.029810298102984
2025-10-15,14.2,14.52,13.97,14.49,31645463.0,454273610.0,1071009944.0,0.02954731016017532,0.34999999999999964,2.4752475247524774,3.8896746817538816
2025-10-16,14.49,14.51,14.17,14.25,21140601.0,304215722.0,1071009944.0,0.01973893997757317,-0.2400000000000002,-1.65631469979296,2.3464458247066933
2025-10-17,14.24,14.26,13.73,13.75,27985608.0,393021910.0,1071009944.0,0.026130110328835564,-0.5,-3.508771929824561,3.7192982456140307
2025-10-20,13.93,14.08,13.85,13.91,18476012.0,259424362.0,1071009944.0,0.01725101816608343,0.16000000000000014,1.1636363636363667,1.6727272727272757
2025-10-21,13.98,14.09,13.91,14.06,18198100.0,256924170.0,1071009944.0,0.016991532246688458,0.15000000000000036,1.078360891444996,1.2940330697340023
2025-10-22,13.99,14.02,13.8,13.9,16904687.0,236463710.0,1071009944.0,0.0157838749254414,-0.16000000000000014,-1.1379800853485111,1.5647226173541882
2025-10-23,13.97,13.97,13.71,13.94,15999883.0,222303992.0,1071009944.0,0.0149390611073542,0.03999999999999915,0.2877697841726645,1.8705035971223007
2025-10-24,14.03,14.15,14.01,14.14,23105999.0,327580299.0,1071009944.0,0.021574028448049593,0.20000000000000107,1.434720229555242,1.0043041606886698
2025-10-27,14.26,14.33,14.12,14.17,22919719.0,328016102.0,1071009944.0,0.021400099157249282,0.02999999999999936,0.21216407355020284,1.4851485148514911
2025-10-28,13.76,13.86,13.64,13.74,44775648.0,620151825.0,1071009944.0,0.04180693956283192,-0.4299999999999997,-3.034580098800277,1.5525758645024619
2025-10-29,13.71,13.8,13.6,13.79,24440693.0,337020900.0,1071009944.0,0.022820229762497892,0.049999999999998934,0.363901018922852,1.4556040756914197
2025-10-30,13.72,13.77,13.54,13.55,24530618.0,336746162.0,1071009944.0,0.022904192568355835,-0.23999999999999844,-1.740391588107315,1.6678752719361887
2025-10-31,13.55,13.88,13.55,13.7,23229447.0,321242027.0,1071009944.0,0.021689291616885306,0.14999999999999858,1.1070110701106861,2.4354243542435428
2025-11-03,13.74,13.76,13.51,13.74,19805168.0,271576996.0,1071009944.0,0.018492048660194327,0.040000000000000924,0.29197080291971655,1.8248175182481754
2025-11-04,13.66,13.72,13.51,13.58,15733758.0,215252859.0,1071009944.0,0.014690580688016468,-0.16000000000000014,-1.1644832605531286,1.5283842794759888
2025-11-05,13.46,13.68,13.43,13.63,14758065.0,201972441.0,1071009944.0,0.01377957794199528,0.05000000000000071,0.3681885125184081,1.8409425625920472
2025-11-06,13.67,13.89,13.67,13.86,21955988.0,304921448.0,1071009944.0,0.020500265308461038,0.22999999999999865,1.687454145267786,1.614086573734414
2025-11-07,13.79,13.82,13.7,13.73,13533880.0,187470085.0,1071009944.0,0.012636558676060247,-0.129999999999999,-0.9379509379509265,0.8658008658008731
2025-11-10,13.74,13.8,13.6,13.69,15410611.0,212017118.0,1071009944.0,0.014388858932947498,-0.040000000000000924,-0.2913328477785915,1.456664238892943
2025-11-11,13.74,13.78,13.61,13.63,12300148.0,169395881.0,1071009944.0,0.011484625393916977,-0.05999999999999872,-0.43827611395178545,1.2417823228634035
2025-11-12,13.61,13.65,13.39,13.43,17729255.0,240763158.0,1071009944.0,0.016553772539015753,-0.20000000000000107,-1.4673514306676516,1.9075568598679367
2025-11-13,13.48,13.65,13.44,13.62,13550762.0,184950452.0,1071009944.0,0.012652321368175831,0.1899999999999995,1.4147431124348353,1.5636634400595744
2025-11-14,13.51,13.58,13.45,13.46,12147184.0,165099863.0,1071009944.0,0.011341803190578032,-0.15999999999999837,-1.1747430249632762,0.9544787077826784
2025-11-17,13.5,13.52,13.32,13.34,14579054.0,196367264.0,1071009944.0,0.01361243570302462,-0.120000000000001,-0.8915304606240793,1.4858841010401134
2025-11-18,13.35,13.37,13.11,13.19,14122975.0,187905611.0,1071009944.0,0.013186595585894953,-0.15000000000000036,-1.1244377811094441,1.9490254872563704
2025-11-19,13.18,13.31,12.93,13.11,13394904.0,176373623.0,1071009944.0,0.012506797042399823,-0.08000000000000007,-0.6065200909780133,2.880970432145571
2025-11-20,13.15,13.24,12.96,12.97,9050558.0,118887531.0,1071009944.0,0.008450489232805853,-0.1399999999999988,-1.0678871090770259,2.135774218154076
2025-11-21,12.83,12.91,12.62,12.63,20181464.0,258774919.0,1071009944.0,0.01884339553807168,-0.33999999999999986,-2.6214340786430257,2.235929067077879
2025-11-24,12.72,12.75,12.49,12.67,17214373.0,218347893.0,1071009944.0,0.016073028169755258,0.03999999999999915,0.3167062549485289,2.0585906571654773
2025-11-25,12.7,12.88,12.67,12.75,13471646.0,173428812.0,1071009944.0,0.012578450905587483,0.08000000000000007,0.6314127861089203,1.6574585635359185
2025-11-26,12.73,12.86,12.67,12.8,11656157.0,150165822.0,1071009944.0,0.010883332190611295,0.05000000000000071,0.39215686274509665,1.4901960784313686
2025-11-27,12.81,12.9,12.68,12.7,11942299.0,154056927.0,1071009944.0,0.01115050244575507,-0.10000000000000142,-0.7812500000000111,1.7187500000000049
2025-11-28,12.7,12.81,12.65,12.8,8555637.0,109859918.0,1071009944.0,0.007988382412255175,0.10000000000000142,0.7874015748031704,1.2598425196850405
2025-12-01,12.97,13.52,12.92,13.35,40529347.0,542295124.0,1071009944.0,0.03784217618804854,0.5499999999999989,4.296875,4.687499999999997
2025-12-02,13.3,13.41,13.24,13.34,13732323.0,183966669.0,1071009944.0,0.012821844537421027,-0.009999999999999787,-0.07490636704119424,1.2734082397003739
2025-12-03,13.37,13.39,13.15,13.22,10902893.0,145177534.0,1071009944.0,0.010180010989701884,-0.11999999999999922,-0.8995502248875464,1.799100449775114
2025-12-04,13.34,13.41,13.19,13.25,12451200.0,166414854.0,1071009944.0,0.011625662366399094,0.02999999999999936,0.22692889561271024,1.6641452344931968
2025-12-05,13.23,13.35,13.1,13.31,13576921.0,180775175.0,1071009944.0,0.012676745977999995,0.0600000000000005,0.45283018867925406,1.8867924528301887
2025-12-08,13.36,13.41,13.29,13.35,15145924.0,203346533.0,1071009944.0,0.014141721171544977,0.03999999999999915,0.3005259203606281,0.9015777610819007
2025-12-09,13.35,13.51,13.3,13.5,20763438.0,281282133.0,1071009944.0,0.01938678358340247,0.15000000000000036,1.1235955056179803,1.5730337078651617
2025-12-10,13.5,13.54,13.35,13.52,14187967.0,192033555.0,1071009944.0,0.013247278495856805,0.019999999999999574,0.1481481481481417,1.4074074074074037
2025-12-11,13.53,13.62,13.43,13.51,17986478.0,245020666.0,1071009944.0,0.01679394117744998,-0.009999999999999787,-0.07396449704142327,1.4053254437869787
2025-12-12,13.53,13.94,13.47,13.74,48823862.0,676875087.0,1071009944.0,0.04558674947279481,0.23000000000000043,1.7024426350851218,3.478904515173937
2025-12-15,13.73,13.84,13.42,13.43,23090600.0,316726074.0,1071009944.0,0.021559650430285827,-0.3100000000000005,-2.2561863173216956,3.0567685589519646
2025-12-16,13.42,13.47,13.21,13.23,16758659.0,224713119.0,1071009944.0,0.0156475288524492,-0.1999999999999993,-1.4892032762471974,1.9359642591213686
2025-12-17,13.22,13.46,13.2,13.42,12423918.0,166475802.0,1071009944.0,0.011600189213555986,0.1899999999999995,1.4361300075585781,1.9652305366591196
2025-12-18,13.37,13.43,13.24,13.26,11998234.0,160576705.0,1071009944.0,0.011202728851600653,-0.16000000000000014,-1.1922503725782407,1.4157973174366578
2025-12-19,13.29,13.43,13.27,13.32,13294423.0,178536066.0,1071009944.0,0.01241297811890344,0.0600000000000005,0.4524886877828038,1.2066365007541489
2025-12-22,13.32,13.48,13.32,13.4,13904407.0,187790475.0,1071009944.0,0.012982519049328267,0.08000000000000007,0.6006006006006093,1.2012012012012023
2025-12-23,13.37,13.4,13.23,13.26,12058116.0,161418113.0,1071009944.0,0.011258640564031962,-0.14000000000000057,-1.0447761194029903,1.26865671641791
2025-12-24,13.29,13.46,13.25,13.41,12667420.0,170466293.0,1071009944.0,0.011827546579716911,0.15000000000000036,1.1312217194570096,1.5837104072398256
2025-12-25,13.48,13.66,13.44,13.59,18521213.0,252714186.0,1071009944.0,0.017293222256020434,0.17999999999999972,1.342281879194629,1.640566741237887
2025-12-26,13.58,13.71,13.47,13.55,16459394.0,225202566.0,1071009944.0,0.015368105676523951,-0.03999999999999915,-0.29433406916850036,1.7660044150110392
2025-12-29,13.57,13.64,13.48,13.51,14964433.0,204108134.0,1071009944.0,0.013972263361170061,-0.040000000000000924,-0.2952029520295274,1.1808118081180823
2025-12-30,13.48,13.86,13.45,13.81,28955542.0,399577954.0,1071009944.0,0.027035735907228887,0.3000000000000007,2.2205773501110304,3.0347890451517405
2025-12-31,13.89,13.94,13.68,13.69,19594307.0,271268135.0,1071089847.0,0.018293803320871178,-0.120000000000001,-0.8689355539464261,1.8826937002172324
2026-01-05,13.68,13.85,13.66,13.84,21643764.0,300814296.0,1071089847.0,0.020207234771781008,0.15000000000000036,1.0956902848794803,1.3878743608473303
2026-01-06,13.88,13.97,13.79,13.94,24661532.0,345100747.0,1071089847.0,0.023024708962627295,0.09999999999999964,0.7225433526011571,1.3005780346820917
2026-01-07,13.95,14.08,13.81,13.85,25811817.0,362123536.0,1071089847.0,0.02409864781399613,-0.08999999999999986,-0.6456241032998578,1.9368723098995666
2026-01-08,13.78,13.95,13.77,13.85,25179911.0,351908001.0,1071089847.0,0.023508682367334586,0.0,0.0,1.2996389891696731
2026-01-09,13.76,14.03,13.76,13.95,25781060.0,361538564.0,1071089847.0,0.024069932202428954,0.09999999999999964,0.7220216606498076,1.9494584837545095
2026-01-12,13.95,14.33,13.95,14.32,45653038.0,651153476.0,1071089847.0,0.04262297708065195,0.370000000000001,2.6523297491039433,2.7240143369175684
2026-01-13,14.39,14.4,13.87,13.9,36603187.0,518583974.0,1071089847.0,0.03417377832730031,-0.41999999999999993,-2.9329608938547524,3.701117318435762
2026-01-14,13.91,14.19,13.76,13.93,37929641.0,535497738.0,1071089847.0,0.03541219357669815,0.02999999999999936,0.21582733812948174,3.093525179856113
2026-01-15,13.82,13.96,13.73,13.85,20622169.0,286984660.0,1071089847.0,0.01925344457120972,-0.08000000000000007,-0.5743000717875146,1.6511127063890914
2026-01-16,13.91,14.15,13.87,14.12,30006670.0,424124554.0,1071089847.0,0.028015082099830602,0.2699999999999996,1.9494584837545181,2.021660649819503
2026-01-19,14.23,14.23,14.04,14.09,23697873.0,336917056.0,1071089847.0,0.022125009462441482,-0.02999999999999936,-0.21246458923512845,1.3456090651558166
2026-01-20,14.13,14.56,14.13,14.4,53006666.0,768432765.0,1071089847.0,0.04948853371028173,0.3100000000000005,2.200141944641598,3.0518097941802678
2026-01-21,14.26,14.4,14.2,14.32,31264534.0,450238514.0,1071089847.0,0.029189459770875784,-0.08000000000000007,-0.5555555555555536,1.3888888888888962
2026-01-22,14.36,14.4,14.18,14.25,26659797.0,382870977.0,1071089847.0,0.024890346103710197,-0.07000000000000028,-0.48882681564246244,1.5363128491620157
2026-01-23,14.27,14.38,14.2,14.32,30593880.0,439774964.0,1071089847.0,0.028563318087357428,0.07000000000000028,0.49122807017543124,1.2631578947368527
2026-01-26,14.34,14.39,13.78,13.82,45151463.0,635703301.0,1071089847.0,0.04215469236914539,-0.5,-3.4916201117318413,4.259776536312858
2026-01-27,13.81,13.96,13.43,13.91,29724833.0,410513769.0,1071089847.0,0.02775195104617587,0.08999999999999986,0.651230101302458,3.8350217076700512
2026-01-28,13.87,14.01,13.71,13.74,22286495.0,309162857.0,1071089847.0,0.020807306746882085,-0.16999999999999993,-1.2221423436376666,2.156721782889999
2026-01-29,13.72,13.79,13.42,13.46,23697785.0,323613080.0,1071089847.0,0.022124927303134076,-0.27999999999999936,-2.0378457059679667,2.6928675400291064
2026-01-30,13.07,13.08,12.68,12.78,48163597.0,622179910.0,1071089847.0,0.04496690649706065,-0.6800000000000015,-5.05200594353642,2.97176820208024
2026-02-02,12.71,12.85,12.62,12.62,21994138.0,281525871.0,1071089847.0,0.02053435392147826,-0.16000000000000014,-1.2519561815336422,1.79968701095462
2026-02-03,12.73,12.8,12.62,12.8,14992044.0,192020211.0,1071089847.0,0.013996999450597911,0.1800000000000015,1.4263074484944571,1.4263074484944651
2026-02-04,12.74,12.8,12.64,12.79,14094924.0,180264712.0,1071089847.0,0.013159422656725081,-0.010000000000001563,-0.07812500000000666,1.250000000000001
2026-02-05,12.78,12.78,12.62,12.65,13260897.0,169126374.0,1071089847.0,0.012380751285377464,-0.1399999999999988,-1.0946051602814588,1.250977326035967
2026-02-06,12.57,12.75,12.47,12.62,14308624.0,182077922.0,1071089847.0,0.013358939065734604,-0.030000000000001137,-0.2371541501976382,2.2134387351778604
2026-02-09,12.75,12.87,12.71,12.86,14646000.0,188599181.0,1071089847.0,0.013673922912276471,0.2400000000000002,1.9017432646592836,1.267828843106168
2026-02-10,12.87,13.0,12.8,12.95,13381399.0,174183229.0,1071089847.0,0.012493255386072202,0.08999999999999986,0.6998444790046632,1.5552099533436958
2026-02-11,12.95,13.06,12.89,12.96,9711188.0,126796130.0,1071089847.0,0.009066641820198302,0.010000000000001563,0.07722007722008595,1.3127413127413123
2026-02-12,12.95,13.04,12.87,12.98,11472027.0,149865469.0,1071089847.0,0.010710611282640605,0.019999999999999574,0.15432098765431057,1.3117283950617278
2026-02-13,12.95,13.09,12.91,13.01,14351948.0,187939984.0,1071089847.0,0.013399387586576572,0.02999999999999936,0.23112480739599928,1.3867488443759608
2026-02-24,13.37,13.46,13.12,13.12,22379042.0,298460225.0,1071089847.0,0.02089371126304776,0.10999999999999943,0.8455034588777721,2.613374327440443
2026-02-25,13.21,13.38,13.16,13.24,18870988.0,252106789.0,1071089847.0,0.017618492092755313,0.120000000000001,0.9146341463414753,1.676829268292688
2026-02-26,13.27,13.32,13.18,13.24,15128670.0,201588206.0,1071089847.0,0.014124557377117963,0.0,0.0,1.057401812688826
2026-02-27,13.22,13.25,13.14,13.18,13539316.0,179577812.0,1071089847.0,0.012640691196842238,-0.0600000000000005,-0.45317220543806824,0.8308157099697842
2026-03-02,12.95,13.05,12.78,12.83,22670219.0,294169600.0,1071089847.0,0.021165562406829538,-0.34999999999999964,-2.65553869499241,2.0485584218513
2026-03-03,12.86,12.92,12.42,12.45,22925614.0,290738565.0,1071089847.0,0.021404006455865508,-0.3800000000000008,-2.961808261886212,3.897116134060795
2026-03-04,12.49,12.58,12.25,12.26,17150196.0,214009591.0,1071089847.0,0.016011911650582567,-0.1899999999999995,-1.5261044176706817,2.6506024096385548
2026-03-05,12.45,12.62,12.43,12.49,16015309.0,201804881.0,1071089847.0,0.014952348810752941,0.23000000000000043,1.876019575856458,1.5497553017944496
2026-03-06,12.46,12.61,12.43,12.59,10622421.0,133992696.0,1071089847.0,0.0099173949129965,0.09999999999999964,0.8006405124099336,1.4411529223378678
2026-03-09,12.47,12.5,12.2,12.43,15606380.0,193449627.0,1071089847.0,0.014570561044632889,-0.16000000000000014,-1.2708498808578272,2.382843526608425
2026-03-10,12.72,12.75,12.59,12.68,13285853.0,169294078.0,1071089847.0,0.012404050918055243,0.25,2.011263073209979,1.2872083668543857
2026-03-11,12.62,12.79,12.62,12.72,12947836.0,165859522.0,1071089847.0,0.012088468615649196,0.040000000000000924,0.3154574132492094,1.3406940063091477
2026-03-12,12.73,13.05,12.72,12.94,28028777.0,364179771.0,1071089847.0,0.026168464838412384,0.21999999999999886,1.729559748427656,2.59433962264151
2026-03-13,12.83,12.92,12.66,12.72,16721506.0,215467654.0,1071089847.0,0.015611674451807216,-0.21999999999999886,-1.7001545595053957,2.009273570324573
2026-03-16,12.67,12.96,12.54,12.95,15663866.0,201808866.0,1071089847.0,0.014624231612196396,0.22999999999999865,1.808176100628911,3.3018867924528434
2026-03-17,12.97,13.02,12.77,12.83,11343975.0,146974015.0,1071089847.0,0.01059105828682176,-0.11999999999999922,-0.9266409266409203,1.9305019305019304
2026-03-18,12.85,12.87,12.68,12.8,9922499.0,127475140.0,1071089847.0,0.009263927790737429,-0.02999999999999936,-0.23382696804363778,1.4809041309430984
2026-03-19,12.66,12.72,12.44,12.51,12587593.0,159265664.0,1071089847.0,0.011752135486351968,-0.2900000000000009,-2.2656250000000044,2.187500000000009
2026-03-20,12.54,12.72,12.36,12.4,12353273.0,155419439.0,1071089847.0,0.011533367657811436,-0.10999999999999943,-0.8792965627497984,2.8776978417266283
2026-03-23,12.52,12.91,12.37,12.4,36821556.0,469624287.0,1071089847.0,0.034377653847744855,0.0,0.0,4.354838709677427
2026-03-24,12.6,12.66,11.98,12.42,27836037.0,343237680.0,1071089847.0,0.025988517282621578,0.019999999999999574,0.1612903225806317,5.483870967741932
2026-03-25,12.47,12.61,12.42,12.52,14719312.0,185429652.0,1071089847.0,0.0137423690843743,0.09999999999999964,0.8051529790660261,1.529790660225439
2026-03-26,12.56,12.56,12.25,12.32,11458364.0,143152810.0,1071089847.0,0.010697855116537203,-0.1999999999999993,-1.5974440894568676,2.476038338658151
2026-03-27,12.17,12.38,12.16,12.29,9949132.0,123016437.0,1071089847.0,0.009288793118398404,-0.030000000000001137,-0.24350649350650677,1.785714285714291
2026-03-30,12.2,12.21,11.91,12.1,12204833.0,148033840.0,1071089847.0,0.011394779844272018,-0.1899999999999995,-1.5459723352318933,2.4410089503661574
2026-03-31,12.07,12.16,11.95,11.97,9770411.0,118369790.0,1071089847.0,0.0091219341004546,-0.129999999999999,-1.074380165289246,1.735537190082652
2026-04-01,12.18,12.28,12.1,12.22,13756846.0,168839879.0,1071089847.0,0.012843783402980945,0.25,2.088554720133673,1.503759398496238
2026-04-02,12.2,12.32,11.93,12.0,11416218.0,138862522.0,1071089847.0,0.010658506410060295,-0.22000000000000064,-1.8003273322422353,3.191489361702132
2026-04-03,12.03,12.05,11.69,11.72,9974995.0,118623160.0,1071089847.0,0.009312939552119572,-0.27999999999999936,-2.3333333333333317,3.0000000000000098
2026-04-07,11.72,11.78,11.56,11.7,8232593.0,96886494.0,1071089847.0,0.00768618339820749,-0.02000000000000135,-0.17064846416383617,1.877133105802038
2026-04-08,11.92,12.18,11.92,12.16,16415093.0,199344320.0,1071089847.0,0.015325598544302139,0.46000000000000085,3.93162393162394,2.2222222222222205
2026-04-09,12.04,12.05,11.94,12.0,9855551.0,119042134.0,1071089847.0,0.009201423230370702,-0.16000000000000014,-1.3157894736842146,0.9046052631579047
2026-04-10,12.05,12.33,12.05,12.22,13080409.0,160898168.0,1071089847.0,0.012212242545886069,0.22000000000000064,1.8333333333333313,2.3333333333333277
2026-04-13,12.2,12.42,12.13,12.31,12438857.0,154148104.0,1071089847.0,0.011613271318778545,0.08999999999999986,0.7364975450081745,2.3731587561374723
2026-04-14,12.38,12.45,12.28,12.4,12371483.0,154031020.0,1071089847.0,0.01155036903267369,0.08999999999999986,0.7311129163281915,1.3809910641754666
2026-04-15,12.42,12.47,12.25,12.3,10011057.0,124411342.0,1071089847.0,0.00934660806284349,-0.09999999999999964,-0.8064516129032251,1.774193548387102
2026-04-16,12.34,12.39,12.27,12.32,9266066.0,114933922.0,1071089847.0,0.008651063238021712,0.019999999999999574,0.1626016260162677,0.975609756097569
2026-04-17,12.29,12.39,12.24,12.35,10725695.0,132887116.0,1071089847.0,0.010013814462009368,0.02999999999999936,0.24350649350648457,1.2175324675324704
2026-04-20,12.39,12.45,12.26,12.28,14402625.0,179127145.0,1071089847.0,0.013446701077729476,-0.07000000000000028,-0.5668016194331993,1.5384615384615346
2026-04-21,12.3,12.31,11.97,12.02,17321007.0,210005639.0,1071089847.0,0.01617138566714469,-0.2599999999999998,-2.1172638436482094,2.76872964169381
2026-04-22,11.98,12.21,11.97,12.18,12756635.0,155957523.0,1071089847.0,0.011909957914109516,0.16000000000000014,1.331114808652245,1.9966722129783712
2026-04-23,12.18,12.22,11.95,12.02,15046825.0,181897623.0,1071089847.0,0.014048144553087151,-0.16000000000000014,-1.3136288998357948,2.2167487684729177
2026-04-24,11.94,12.02,11.8,11.83,12772422.0,152307714.0,1071089847.0,0.011924697107132601,-0.1899999999999995,-1.580698835274541,1.8302828618968294
2026-04-27,11.84,12.04,11.79,11.94,12960341.0,155568738.0,1071089847.0,0.012100143639957405,0.10999999999999943,0.9298393913778513,2.113271344040575
2026-04-28,11.33,11.33,10.75,10.78,57428598.0,634185693.0,1071089847.0,0.05361697542073704,-1.1600000000000001,-9.715242881072028,4.857621440536014
2026-04-29,10.73,10.89,10.68,10.79,17050408.0,185533923.0,1071089847.0,0.015918746730497202,0.009999999999999787,0.09276437847867136,1.948051948051956
2026-04-30,10.77,10.88,10.58,10.64,19039696.0,204464470.0,1071089847.0,0.017776002688596113,-0.14999999999999858,-1.3901760889712511,2.780352177942546
2026-05-06,10.71,10.9,10.71,10.81,19458881.0,211910050.0,1071089847.0,0.018167365748543034,0.16999999999999993,1.5977443609022535,1.7857142857142811
2026-05-07,10.89,11.02,10.76,10.99,18681655.0,205366612.0,1071089847.0,0.017441725409241042,0.17999999999999972,1.6651248843663202,2.4051803885291374
2026-05-08,10.93,11.36,10.87,11.26,24780832.0,278816973.0,1071089847.0,0.02313609084187314,0.2699999999999996,2.456778889899902,4.458598726114651
2026-05-11,11.27,11.33,11.07,11.12,21980557.0,246297997.0,1071089847.0,0.020521674312911305,-0.14000000000000057,-1.243339253996456,2.3090586145648295
2026-05-12,11.09,11.12,10.85,10.9,19428117.0,214070840.0,1071089847.0,0.018138643601576406,-0.21999999999999886,-1.978417266187038,2.428057553956831
2026-05-13,10.93,11.01,10.82,10.94,18021033.0,198464040.0,1071089847.0,0.01682494988676706,0.03999999999999915,0.3669724770642091,1.7431192660550412
2026-05-14,11.0,11.02,10.78,10.83,19200999.0,209276652.0,1071089847.0,0.017926599765444327,-0.10999999999999943,-1.0054844606946944,2.193784277879344
2026-05-15,10.84,11.22,10.76,11.02,29324957.0,322431156.0,1071089847.0,0.02737861541880529,0.1899999999999995,1.7543859649122862,4.247460757156056
2026-05-18,11.08,11.22,10.93,11.07,23160900.0,256880208.0,1071089847.0,0.02162367616953053,0.05000000000000071,0.45372050816696596,2.6315789473684297
2026-05-19,11.08,11.25,11.04,11.24,21476688.0,239714755.0,1071089847.0,0.02005124785764121,0.16999999999999993,1.5356820234869062,1.8970189701897096
2026-05-20,11.19,11.45,10.97,11.0,21321101.0,236724914.0,1071089847.0,0.019905987401260466,-0.2400000000000002,-2.135231316725983,4.270462633451945
2026-05-21,11.11,11.36,11.0,11.04,34445793.0,385485389.0,1071089847.0,0.03215957381771354,0.03999999999999915,0.363636363636366,3.2727272727272676
2026-05-22,11.06,11.27,10.82,11.19,26446402.0,292178931.0,1071089847.0,0.024691114451391116,0.15000000000000036,1.3586956521739246,4.076086956521733
2026-05-25,11.2,11.25,11.09,11.19,18171156.0,202928497.0,1071089847.0,0.016965108997060635,0.0,0.0,1.4298480786416456
2026-05-26,11.38,11.75,11.23,11.41,47507959.0,546424075.0,1071089847.0,0.044354784178997075,0.22000000000000064,1.966041108132277,4.647006255585341
2026-05-27,11.32,11.5,11.04,11.09,29639302.0,332216595.0,1071089847.0,0.0276720968675189,-0.3200000000000003,-2.8045574057844025,4.031551270815082
2026-05-28,11.0,11.06,10.7,10.88,26350623.0,286149898.0,1071089847.0,0.02460169244793523,-0.20999999999999908,-1.8935978358881833,3.2461677186654754
2026-05-29,10.85,10.91,10.32,10.37,32268098.0,338982498.0,1071089847.0,0.030126415716085115,-0.5100000000000016,-4.687500000000011,5.422794117647057
2026-06-01,10.38,10.6,10.36,10.47,18962462.0,198880084.0,1071089847.0,0.01770389482554772,0.10000000000000142,0.9643201542912427,2.3143683702989417
2026-06-02,10.57,10.63,10.34,10.36,16679289.0,174226936.0,1071089847.0,0.015572259457707287,-0.11000000000000121,-1.0506208213944768,2.769818529130859
2026-06-03,10.35,10.36,9.95,9.99,28661379.0,290269971.0,1071089847.0,0.026759080090505236,-0.3699999999999992,-3.5714285714285587,3.957528957528959
2026-06-04,9.9,10.13,9.84,9.87,18917450.0,188647637.0,1071089847.0,0.017661870339809132,-0.120000000000001,-1.2012012012012074,2.902902902902912
2026-06-05,9.85,10.48,9.55,10.12,36797450.0,368397246.0,1071089847.0,0.03435514779928635,0.25,2.532928064842954,9.422492401215804
2026-06-08,9.98,10.4,9.9,10.19,33877038.0,346821321.0,1071089847.0,0.031628567944029816,0.07000000000000028,0.6916996047430901,4.940711462450594
2026-06-09,10.25,10.25,10.01,10.24,19104900.0,193148353.0,1071089847.0,0.017836879000870595,0.05000000000000071,0.4906771344455496,2.3552502453385693
2026-06-10,10.13,10.2,9.82,9.97,22101244.0,219914779.0,1071089847.0,0.020634351134877296,-0.2699999999999996,-2.63671875,3.7109374999999902
2026-06-11,9.88,9.97,9.41,9.51,23635297.0,226702162.0,1071089847.0,0.022066586725847284,-0.46000000000000085,-4.613841524573726,5.616850551654969
2026-06-12,9.7,9.75,9.42,9.55,25575800.0,244794442.0,1071089847.0,0.02387829561790254,0.040000000000000924,0.4206098843323014,3.4700315457413256
2026-06-15,9.59,9.78,9.59,9.68,16972897.0,164385556.0,1071089847.0,0.015846380252356178,0.129999999999999,1.3612565445026092,1.989528795811513
2026-06-16,9.68,10.15,9.55,9.93,28229303.0,278288954.0,1071089847.0,0.02635568162565171,0.25,2.5826446280991844,6.198347107438013
2026-06-17,9.87,9.88,9.66,9.74,18624296.0,181403249.0,1071089847.0,0.01738817341249618,-0.1899999999999995,-1.9133937562940573,2.2155085599194426
2026-06-18,9.73,9.98,9.67,9.88,21153189.0,208764499.0,1071089847.0,0.019749219973700303,0.14000000000000057,1.4373716632443578,3.1827515400410724
