date,open,high,low,close,volume,amount,outstanding_share,turnover,change,pct_chg,amplitude
2023-03-06,23.81,23.81,22.87,23.12,123078127.0,2873947441.0,1328870788.0,0.09261858121302911,,,
2023-03-07,22.83,22.91,21.92,22.04,98610360.0,2219840630.0,1328870788.0,0.07420613116826223,-1.0800000000000018,-4.6712802768166135,4.282006920415218
2023-03-08,21.84,22.52,21.44,22.39,87222346.0,1931012842.0,1328870788.0,0.06563643868737071,0.3500000000000014,1.588021778584392,4.900181488203259
2023-03-09,22.24,22.97,21.95,22.32,74397383.0,1689560548.0,1328870788.0,0.055985415340471766,-0.07000000000000028,-0.312639571237161,4.555605180884322
2023-03-10,21.83,22.49,21.51,21.52,63543194.0,1407354918.0,1328870788.0,0.04781743610726433,-0.8000000000000007,-3.584229390681004,4.390681003584215
2023-03-13,21.34,22.23,21.26,22.18,54906121.0,1214302974.0,1328870788.0,0.04131787792749644,0.6600000000000001,3.066914498141271,4.507434944237914
2023-03-14,21.99,23.41,21.62,23.12,99689906.0,2260420852.0,1328870788.0,0.07501850962503061,0.9400000000000013,4.2380522993688,8.070333633904415
2023-03-15,22.89,23.57,22.57,22.83,76565816.0,1772354758.0,1328870788.0,0.057617201530356765,-0.2900000000000027,-1.2543252595155874,4.325259515570934
2023-03-16,22.49,23.5,22.43,22.78,71966484.0,1670761133.0,1328870788.0,0.05415611860074992,-0.04999999999999716,-0.21901007446341048,4.686815593517303
2023-03-17,23.16,23.48,22.43,23.2,82713513.0,1926339922.0,1328870788.0,0.062243457939569063,0.41999999999999815,1.843722563652328,4.609306409130819
2023-03-20,22.94,24.31,22.78,23.67,104234193.0,2485303952.0,1328870788.0,0.07843817016767773,0.4700000000000024,2.025862068965534,6.594827586206886
2023-03-21,23.39,23.55,22.91,23.29,59108757.0,1380262951.0,1328870788.0,0.04448043973406992,-0.38000000000000256,-1.6054076890578917,2.7038445289395883
2023-03-22,23.37,23.52,22.88,23.52,54851701.0,1285771374.0,1328870788.0,0.041276925864668794,0.23000000000000043,0.9875483039931243,2.747960498067843
2023-03-23,23.42,25.61,23.31,25.03,138132530.0,3420250840.0,1328870788.0,0.10394729965273343,1.5100000000000016,6.42006802721089,9.778911564625853
2023-03-24,24.66,24.99,24.06,24.6,88863788.0,2195144820.0,1328870788.0,0.06687165434176133,-0.4299999999999997,-1.717938473831404,3.7155413503795436
2023-03-27,24.47,25.07,24.13,24.31,86612036.0,2135146769.0,1328870788.0,0.06517716905370036,-0.2900000000000027,-1.178861788617902,3.8211382113821193
2023-03-28,24.22,24.57,23.25,23.36,68033269.0,1628823871.0,1328870788.0,0.05119630111095497,-0.9499999999999993,-3.90785684903332,5.429864253393666
2023-03-29,23.13,23.35,21.69,22.38,116958361.0,2646376857.0,1328870788.0,0.0880133434011494,-0.9800000000000004,-4.195205479452058,7.106164383561644
2023-03-30,22.24,22.61,21.34,21.67,85066033.0,1877077366.0,1328870788.0,0.06401377302305482,-0.7099999999999973,-3.172475424486132,5.674709562109024
2023-03-31,21.8,22.17,21.61,22.03,55724401.0,1231668470.0,1328870788.0,0.041933648856761534,0.35999999999999943,1.66128287955698,2.5842178126442192
2023-04-03,22.04,22.73,21.81,22.6,92095433.0,2073743409.0,1328870788.0,0.06930352734941751,0.5700000000000003,2.587380844303233,4.176123467998192
2023-04-04,22.37,23.62,22.3,22.78,96262892.0,2224366233.0,1328870788.0,0.07243961780880083,0.17999999999999972,0.7964601769911539,5.84070796460177
2023-04-06,22.33,24.52,22.31,23.7,129828579.0,3090360213.0,1328870788.0,0.0976984219778033,0.9199999999999982,4.038630377524144,9.701492537313436
2023-04-07,23.81,24.61,23.61,24.31,107793646.0,2619893521.0,1328870788.0,0.08111672479627116,0.6099999999999994,2.5738396624472637,4.219409282700422
2023-04-10,24.22,24.33,22.75,22.82,92805896.0,2198192257.0,1328870788.0,0.06983816397956669,-1.4899999999999984,-6.129164952694355,6.499382969971198
2023-04-11,23.18,23.21,22.16,22.53,61257616.0,1398383719.0,1328870788.0,0.04609749612465708,-0.28999999999999915,-1.2708150744960567,4.601226993865034
2023-04-12,22.45,22.94,22.01,22.73,61655472.0,1404347742.0,1328870788.0,0.04639689016927957,0.1999999999999993,0.8877052818464293,4.127829560585885
2023-04-13,22.44,22.47,21.53,21.63,72737293.0,1603188501.0,1328870788.0,0.05473616671901738,-1.1000000000000014,-4.839419269687639,4.135503739551244
2023-04-14,21.77,22.59,21.24,22.39,83815919.0,1854951194.0,1328870788.0,0.06307303897179205,0.7600000000000016,3.5136384650947816,6.241331484049938
2023-04-17,22.53,22.71,22.07,22.52,61237834.0,1381104623.0,1328870788.0,0.04608260980148809,0.129999999999999,0.5806163465832848,2.8584189370254602
2023-04-18,22.34,22.36,21.4,21.59,63491835.0,1388023698.0,1328870788.0,0.04777878750390591,-0.9299999999999997,-4.129662522202482,4.262877442273538
2023-04-19,21.6,21.88,20.84,20.92,71618792.0,1541676759.0,1328870788.0,0.053894473899745325,-0.6699999999999982,-3.1032885595182913,4.817044928207499
2023-04-20,20.51,21.41,20.51,21.19,58423860.0,1240973815.0,1328870788.0,0.043965041994737566,0.2699999999999996,1.290630975143392,4.302103250478004
2023-04-21,21.04,21.04,19.75,19.76,68142093.0,1389230664.0,1328870788.0,0.05127819319631248,-1.4299999999999997,-6.7484662576687064,6.087777253421421
2023-04-24,19.75,20.15,19.26,19.43,42009520.0,828824449.0,1328870788.0,0.031612945652320264,-0.33000000000000185,-1.670040485829971,4.504048582995936
2023-04-25,19.43,19.56,18.69,18.93,37018786.0,711601773.0,1328870788.0,0.027857325433208333,-0.5,-2.573340195573859,4.477611940298494
2023-04-26,18.38,18.89,17.86,18.11,51102792.0,940715218.0,1328870788.0,0.03845580207005047,-0.8200000000000003,-4.331748547279457,5.441098784997365
2023-04-27,17.53,18.36,17.38,17.66,49883390.0,894931890.0,1328870788.0,0.03753817937037834,-0.4499999999999993,-2.4848150193263363,5.411374930977363
2023-04-28,17.48,17.96,17.43,17.75,38056656.0,679945018.0,1328870788.0,0.028638341924331623,0.08999999999999986,0.5096262740656776,3.0011325028312634
2023-05-04,17.57,17.8,17.26,17.6,37162588.0,655164665.0,1328870788.0,0.027965539114552348,-0.14999999999999858,-0.845070422535199,3.0422535211267556
2023-05-05,18.66,18.93,17.99,18.01,68624292.0,1271174208.0,1328870788.0,0.051641056918168934,0.41000000000000014,2.3295454545454453,5.340909090909098
2023-05-08,17.67,18.37,17.45,18.01,37788281.0,687811709.0,1328870788.0,0.02843638474202053,0.0,0.0,5.1082731815658065
2023-05-09,18.01,18.75,17.94,18.37,53750059.0,998347363.0,1328870788.0,0.04044791975666486,0.35999999999999943,1.9988895058300926,4.497501388117705
2023-05-10,18.11,18.35,17.66,18.24,41673088.0,754536627.0,1328870788.0,0.03135977431087905,-0.13000000000000256,-0.7076755579749738,3.756124115405559
2023-05-11,18.34,18.59,18.06,18.13,25488288.0,468820365.0,1328870788.0,0.019180411090502503,-0.10999999999999943,-0.6030701754385914,2.9057017543859716
2023-05-12,18.11,19.4,18.1,18.95,78265291.0,1485988776.0,1328870788.0,0.05889608809731771,0.8200000000000003,4.522890237175958,7.170435741864297
2023-05-15,18.64,19.27,18.57,19.23,57031583.0,1091431081.0,1513070509.0,0.037692614230973684,0.28000000000000114,1.4775725593667577,3.693931398416883
2023-05-16,19.07,19.78,19.05,19.55,55222838.0,1083812377.0,1513070509.0,0.036497200673415546,0.3200000000000003,1.664066562662514,3.7961518460738453
2023-05-17,19.48,19.95,19.16,19.33,45894661.0,902055727.0,1513070509.0,0.030332136359152315,-0.22000000000000242,-1.1253196930946396,4.040920716112527
2023-05-18,19.35,20.06,19.31,19.49,40548596.0,802409101.0,1513070509.0,0.026798880659433963,0.16000000000000014,0.8277289187790915,3.879979306777031
2023-05-19,19.63,21.01,19.63,20.7,98202087.0,2028464878.0,1513070509.0,0.06490251869683358,1.2100000000000009,6.208311954848655,7.080554130323256
2023-05-22,20.74,21.51,20.0,20.14,62487178.0,1289043627.0,1513070509.0,0.04129825915468953,-0.5599999999999987,-2.70531400966183,7.294685990338172
2023-05-23,20.34,20.44,19.7,20.13,42190855.0,856673705.0,1513070509.0,0.027884262332152823,-0.010000000000001563,-0.04965243296922717,3.6742800397219564
2023-05-24,19.93,20.91,19.68,20.51,48975918.0,1009411113.0,1513070509.0,0.03236856293786901,0.38000000000000256,1.8877297565822238,6.11028315946349
2023-05-25,20.94,21.61,20.63,21.06,55528348.0,1172006173.0,1513070509.0,0.03669911459492996,0.5499999999999972,2.6816187225743304,4.7781569965870325
2023-05-26,20.99,22.33,20.9,21.84,86344212.0,1893938128.0,1513070509.0,0.05706555741216948,0.7800000000000011,3.70370370370372,6.790123456790123
2023-05-29,23.32,24.03,23.32,24.03,191314462.0,4611019625.0,1513070509.0,0.12644120737403125,2.1900000000000013,10.027472527472536,3.2509157509157545
2023-05-30,24.08,25.24,23.81,25.06,168151683.0,4119053471.0,1513070509.0,0.11113274761473789,1.0299999999999976,4.286308780690784,5.950894714939657
2023-05-31,25.13,25.33,23.9,24.68,125481791.0,3093038486.0,1513070509.0,0.08293188602488319,-0.379999999999999,-1.5163607342378205,5.706304868316041
2023-06-01,23.71,24.53,23.43,24.29,83218746.0,2016462790.0,1513070509.0,0.05499991276348378,-0.39000000000000057,-1.5802269043760142,4.457050243111837
2023-06-02,24.56,25.12,24.15,24.33,64831326.0,1592253094.0,1513070509.0,0.04284752469522886,0.03999999999999915,0.16467682173733067,3.9934129271305165
2023-06-05,24.64,25.52,24.64,24.97,80322975.0,2022216990.0,1513070509.0,0.05308607531653371,0.6400000000000006,2.630497328401149,3.6169338265515787
2023-06-06,24.71,25.16,24.24,24.41,53249397.0,1316690189.0,1513070509.0,0.03519293825586022,-0.5599999999999987,-2.2426912294753687,3.6844213055666866
2023-06-07,25.16,25.56,24.41,24.71,86324410.0,2170084709.0,1513070509.0,0.05705247011724025,0.3000000000000007,1.2290045063498622,4.711183941007778
2023-06-08,24.07,24.47,23.71,24.04,63791029.0,1540125031.0,1513070509.0,0.04215998436329314,-0.6700000000000017,-2.711452853095919,3.0756778632132655
2023-06-09,24.41,25.71,23.83,25.51,100176671.0,2503735781.0,1513070509.0,0.06620753653192774,1.4700000000000024,6.114808652246273,7.820299500831958
2023-06-12,26.21,27.9,25.73,27.21,128960193.0,3489516033.0,1513070509.0,0.08523078880522943,1.6999999999999993,6.664053312426499,8.506468051744406
2023-06-13,27.4,27.4,26.68,27.25,90259851.0,2452839075.0,1513070509.0,0.05965343350697743,0.03999999999999915,0.14700477765527964,2.6460859977949243
2023-06-14,25.71,25.9,24.54,25.21,146028825.0,3688175542.0,1513070509.0,0.09651157968607264,-2.039999999999999,-7.4862385321100895,4.990825688073392
2023-06-15,25.41,25.81,24.47,24.77,74938079.0,1877730564.0,1513070509.0,0.049527155908634525,-0.4400000000000013,-1.7453391511305094,5.31535105117017
2023-06-16,24.13,25.01,24.11,24.75,57471308.0,1420228502.0,1513070509.0,0.037983231883875146,-0.019999999999999574,-0.08074283407347727,3.6334275333064276
2023-06-19,24.41,25.06,24.08,24.75,63750988.0,1576380230.0,1513070509.0,0.04213352095675536,0.0,0.0,3.9595959595959616
2023-06-20,24.66,24.84,24.11,24.49,57744416.0,1416376553.0,1513070509.0,0.0381637310730243,-0.26000000000000156,-1.0505050505050573,2.949494949494951
2023-06-21,24.41,24.49,23.19,23.31,74518942.0,1769133268.0,1513070509.0,0.04925014502414044,-1.1799999999999997,-4.818293180890154,5.308289097590842
2023-06-26,22.93,23.15,22.34,22.5,48660735.0,1110189525.0,1513070509.0,0.03216025605585311,-0.8099999999999987,-3.474903474903468,3.4749034749034693
2023-06-27,22.35,22.65,22.08,22.52,43372964.0,975943116.0,1513070509.0,0.028665527311523324,0.019999999999999574,0.0888888888888939,2.5333333333333345
2023-06-28,22.51,22.6,21.6,22.08,46435070.0,1028816544.0,1513070509.0,0.03068929684624499,-0.4400000000000013,-1.9538188277087087,4.440497335701599
2023-06-29,22.22,22.57,22.08,22.32,42534684.0,953024512.0,1513070509.0,0.028111501577088766,0.240000000000002,1.0869565217391353,2.219202898550734
2023-06-30,22.23,22.67,22.16,22.52,37991120.0,855900751.0,1514356061.0,0.025087310031243704,0.1999999999999993,0.8960573476702427,2.2849462365591466
2023-07-03,22.61,23.18,22.23,22.83,60333030.0,1377463611.0,1514356061.0,0.03984071616562837,0.3099999999999987,1.3765541740674792,4.218472468916516
2023-07-04,22.69,23.22,22.42,22.83,39593912.0,906905592.0,1514356061.0,0.026145708410117426,0.0,0.0,3.504161191414793
2023-07-05,22.73,23.15,22.43,22.52,36404694.0,830470730.0,1514356061.0,0.02403971888616491,-0.3099999999999987,-1.3578624616732315,3.15374507227332
2023-07-06,22.42,22.97,22.18,22.64,27217697.0,620334157.0,1514356061.0,0.017973115901175108,0.120000000000001,0.5328596802842034,3.5079928952042594
2023-07-07,22.58,22.82,21.92,22.36,28393369.0,637306953.0,1514356061.0,0.018749467005302924,-0.28000000000000114,-1.2367491166077826,3.975265017667838
2023-07-10,22.34,22.67,22.22,22.28,16056885.0,361238255.0,1514356061.0,0.010603110730376638,-0.0799999999999983,-0.3577817531305816,2.0125223613595833
2023-07-11,22.25,22.74,22.05,22.48,28093325.0,633059956.0,1514356061.0,0.01855133394549804,0.1999999999999993,0.8976660682226134,3.0969479353680325
2023-07-12,22.32,22.55,20.92,21.02,76336224.0,1656385273.0,1514356061.0,0.05040837222231054,-1.4600000000000009,-6.49466192170819,7.250889679715298
2023-07-13,21.27,22.12,21.24,22.0,55233046.0,1209554334.0,1514356061.0,0.03647295865381028,0.9800000000000004,4.662226450999052,4.1864890580399745
2023-07-14,22.42,23.32,22.19,22.47,62501720.0,1421055329.0,1514356061.0,0.04127280341105988,0.46999999999999886,2.136363636363625,5.136363636363632
2023-07-17,22.02,22.45,21.74,22.31,33314985.0,739631163.0,1514356061.0,0.021999439800175238,-0.16000000000000014,-0.7120605251446421,3.1597685803293323
2023-07-18,23.16,24.54,23.16,23.57,144547132.0,3461181070.0,1514356061.0,0.09545121898514988,1.2600000000000016,5.647691618108475,6.185567010309274
2023-07-19,23.42,24.79,22.98,24.15,135206238.0,3260199760.0,1514356061.0,0.08928299062686552,0.5799999999999983,2.460755197284681,7.67925328807806
2023-07-20,23.82,24.15,22.88,23.0,90975924.0,2135601199.0,1514356061.0,0.060075649540389034,-1.1499999999999986,-4.761904761904756,5.258799171842648
2023-07-21,23.16,24.99,22.75,24.41,135241969.0,3299565408.0,1514356061.0,0.08930658547415422,1.4100000000000001,6.130434782608707,9.739130434782602
2023-07-24,23.92,24.64,23.63,23.82,86812537.0,2097820338.0,1514356061.0,0.05732637074973876,-0.5899999999999999,-2.417042195821384,4.137648504711191
2023-07-25,24.1,24.41,23.53,24.01,80446977.0,1930978620.0,1514356061.0,0.05312289432570905,0.19000000000000128,0.7976490344248521,3.6943744752308945
2023-07-26,23.91,23.91,23.01,23.28,60777263.0,1423209472.0,1514356061.0,0.04013406395314054,-0.7300000000000004,-3.0403998334027516,3.7484381507705065
2023-07-27,22.92,23.14,22.08,22.17,71506849.0,1613528462.0,1514356061.0,0.04721931046571748,-1.1099999999999994,-4.768041237113396,4.553264604811006
2023-07-28,22.17,22.4,21.63,21.81,50639043.0,1113796180.0,1514356061.0,0.03343932401641439,-0.360000000000003,-1.6238159675236896,3.473161930536759
2023-07-31,21.22,21.91,21.18,21.64,43463062.0,944538058.0,1514356061.0,0.028700688774144247,-0.16999999999999815,-0.7794589637780791,3.3470884915176544
2023-08-01,21.67,22.02,21.44,21.75,44333386.0,968367421.0,1514356061.0,0.02927540433966672,0.10999999999999943,0.508317929759694,2.6802218114602505
2023-08-02,21.86,22.58,21.86,22.23,64447255.0,1442437127.0,1514356061.0,0.04255753099270621,0.4800000000000004,2.206896551724147,3.3103448275862015
2023-08-03,21.62,22.19,21.41,22.05,35826964.0,786739558.0,1514356061.0,0.02365821679766764,-0.17999999999999972,-0.8097165991902799,3.508771929824567
2023-08-04,22.08,22.51,21.73,22.16,43598417.0,970936971.0,1514356061.0,0.028790069999264197,0.10999999999999943,0.49886621315191615,3.5374149659864
2023-08-07,22.12,22.5,21.91,22.01,40106582.0,891396822.0,1514356061.0,0.02648424834349443,-0.14999999999999858,-0.6768953068592043,2.6624548736462086
2023-08-08,21.99,22.72,21.94,22.04,35324351.0,788720218.0,1514356061.0,0.023326317970869863,0.029999999999997584,0.13630168105405183,3.543843707405713
2023-08-09,21.91,21.92,20.75,20.98,54343693.0,1155287722.0,1514356061.0,0.03588567735127914,-1.0599999999999987,-4.80943738656987,5.3085299455535475
2023-08-10,20.82,21.15,20.75,20.85,22881929.0,479822608.0,1514356061.0,0.01511000588916321,-0.129999999999999,-0.6196377502383221,1.9065776930409846
2023-08-11,20.85,20.85,20.14,20.16,36724175.0,752391640.0,1514356061.0,0.024250687104424646,-0.6900000000000013,-3.30935251798562,3.405275779376503
2023-08-14,19.74,20.3,19.67,20.27,24083988.0,484141369.0,1514356061.0,0.01590378156118464,0.10999999999999943,0.5456349206349076,3.124999999999995
2023-08-15,20.5,20.58,19.8,19.92,21348000.0,430113457.0,1514356061.0,0.014097080963840776,-0.34999999999999787,-1.7266896891958483,3.8480513073507527
2023-08-16,19.78,19.93,19.41,19.46,27909772.0,548609002.0,1514356061.0,0.018430125331006946,-0.46000000000000085,-2.309236947791171,2.610441767068271
2023-08-17,19.35,19.53,19.11,19.25,30522169.0,591125152.0,1514356061.0,0.020155213021595984,-0.21000000000000085,-1.0791366906474864,2.158273381294973
2023-08-18,19.25,19.53,18.8,18.8,26113525.0,501266183.0,1514356061.0,0.017243979584798584,-0.4499999999999993,-2.3376623376623384,3.792207792207795
2023-08-21,18.88,19.06,18.7,18.71,18854351.0,357443500.0,1514356061.0,0.012450408121026433,-0.08999999999999986,-0.4787234042553212,1.9148936170212734
2023-08-22,18.89,19.14,18.54,19.09,28420666.0,538610940.0,1514356061.0,0.01876749248867701,0.379999999999999,2.0309994655264507,3.20684126135757
2023-08-23,19.12,19.12,18.54,18.56,20652405.0,388553208.0,1514356061.0,0.013637747113688873,-0.5300000000000011,-2.776322682032484,3.038239916186495
2023-08-24,18.79,19.27,18.69,19.08,35862069.0,683974535.0,1514356061.0,0.0236813982679335,0.5199999999999996,2.8017241379310276,3.124999999999991
2023-08-25,18.73,18.73,18.08,18.23,33103297.0,608581387.0,1514356061.0,0.021859652331790682,-0.8499999999999979,-4.454926624737931,3.406708595387852
2023-08-28,19.22,19.38,18.17,18.25,30107049.0,563891945.0,1514356061.0,0.019881089907032107,0.019999999999999574,0.10970927043334466,6.637410861217758
2023-08-29,18.04,19.04,17.99,19.03,38940092.0,731108059.0,1514356061.0,0.025713960542599234,0.7800000000000011,4.27397260273974,5.753424657534251
2023-08-30,19.43,20.56,19.34,19.83,81552362.0,1635349328.0,1514356061.0,0.053852831642610635,0.7999999999999972,4.203888596952177,6.41093011035207
2023-08-31,19.64,20.63,19.51,20.32,68621321.0,1388608466.0,1514356061.0,0.04531386162557182,0.490000000000002,2.471003530005045,5.648008068582943
2023-09-01,20.13,20.43,19.76,19.95,39349566.0,789694593.0,1514356061.0,0.02598435533979746,-0.370000000000001,-1.8208661417322913,3.2972440944881796
2023-09-04,20.09,20.53,19.96,20.53,43555271.0,885201807.0,1514356061.0,0.028761578681329687,0.5800000000000018,2.9072681704260805,2.857142857142859
2023-09-05,20.92,21.02,20.46,20.56,55933748.0,1164259425.0,1514356061.0,0.03693566489446632,0.029999999999997584,0.1461276181198068,2.7277155382367204
2023-09-06,20.24,21.38,20.18,21.25,62946237.0,1321729088.0,1514356061.0,0.041566338737029696,0.6900000000000013,3.3560311284046795,5.836575875486378
2023-09-07,20.92,20.92,20.21,20.22,50535720.0,1039846599.0,1514356061.0,0.033371095016207025,-1.0300000000000011,-4.847058823529416,3.341176470588239
2023-09-08,20.05,20.62,20.04,20.3,29549489.0,604354190.0,1514356061.0,0.019512907011107476,0.08000000000000185,0.3956478733926794,2.868447082096943
2023-09-11,20.3,20.53,20.13,20.15,33175251.0,674536427.0,1514356061.0,0.021907166916935526,-0.15000000000000213,-0.7389162561576512,1.970443349753705
2023-09-12,20.87,21.01,20.16,20.21,44840666.0,921929013.0,1514356061.0,0.029610385004428624,0.060000000000002274,0.29776674937966874,4.218362282878419
2023-09-13,19.92,20.26,19.53,19.73,36261968.0,720761189.0,1514356061.0,0.023945470245653147,-0.4800000000000004,-2.375061850569027,3.612073231073728
2023-09-14,19.66,19.78,19.27,19.39,26518418.0,518311666.0,1514356061.0,0.01751134933384732,-0.33999999999999986,-1.723264064875818,2.5848960973137434
2023-09-15,19.44,19.96,19.31,19.56,30426232.0,599025071.0,1514356061.0,0.020091861341980655,0.16999999999999815,0.8767405879319234,3.3522434244456014
2023-09-18,19.31,19.47,18.93,18.98,31973935.0,613793475.0,1514356061.0,0.021113881882498704,-0.5799999999999983,-2.965235173824121,2.7607361963190145
2023-09-19,18.89,19.23,18.64,18.95,23832505.0,452465519.0,1514356061.0,0.015737715596596407,-0.030000000000001137,-0.15806111696523573,3.1085353003161216
2023-09-20,18.84,19.19,18.76,18.83,16980116.0,322982347.0,1514356061.0,0.011212763257795024,-0.120000000000001,-0.6332453825857565,2.2691292875989433
2023-09-21,18.68,19.16,18.58,18.87,23535324.0,446684276.0,1514356061.0,0.015541473109341621,0.0400000000000027,0.21242697822625445,3.0801911842804137
2023-09-22,18.76,19.33,18.73,19.3,29431038.0,564405641.0,1514356061.0,0.019434688286297287,0.4299999999999997,2.2787493375728607,3.1796502384737564
2023-09-25,19.33,19.43,19.05,19.17,22197311.0,427286585.0,1514356061.0,0.014657920664537824,-0.129999999999999,-0.6735751295336767,1.9689119170984406
2023-09-26,19.04,19.2,18.83,18.92,21600635.0,411168520.0,1514356061.0,0.014263907647806483,-0.25,-1.304121022430882,1.9300991131977099
2023-09-27,18.84,19.08,18.74,18.74,18128590.0,343322223.0,1514356061.0,0.011971154252870257,-0.18000000000000327,-0.9513742071881826,1.7970401691331916
2023-09-28,18.83,19.19,18.83,19.1,25459580.0,486763757.0,1514356061.0,0.016812149173945162,0.360000000000003,1.9210245464247766,1.921024546424776
2023-10-09,19.1,19.3,18.91,19.15,23408537.0,449901466.0,1516233639.0,0.015438608139203802,0.04999999999999716,0.2617801047120283,2.0418848167539294
2023-10-10,19.2,19.5,19.18,19.33,29127511.0,565355686.0,1516233639.0,0.019210437132373897,0.17999999999999972,0.9399477806788514,1.6710182767624038
2023-10-11,19.28,19.72,19.19,19.71,38331621.0,747974309.0,1516233639.0,0.025280814258467985,0.38000000000000256,1.9658561821003673,2.741852043455756
2023-10-12,19.6,19.6,19.12,19.31,35157893.0,681119454.0,1516233639.0,0.023187648720937,-0.40000000000000213,-2.0294266869609445,2.4353120243531223
2023-10-13,19.16,19.47,19.01,19.32,30116142.0,583875176.0,1516233639.0,0.01986246791085737,0.010000000000001563,0.05178663904712444,2.382185396167775
2023-10-16,19.18,19.28,18.51,18.67,28380597.0,535024247.0,1516233639.0,0.018717825716304398,-0.6499999999999986,-3.3643892339544457,3.9855072463768093
2023-10-17,18.72,19.03,18.48,18.73,20671329.0,389061670.0,1516233639.0,0.013633340184718063,0.05999999999999872,0.32137118371717843,2.9459025174076094
2023-10-18,18.74,19.82,18.71,19.29,55578617.0,1081372638.0,1516233639.0,0.03665570764981557,0.5599999999999987,2.989855846235989,5.926321409503467
2023-10-19,18.96,20.37,18.89,19.91,77724680.0,1548702015.0,1516233639.0,0.05126167762064801,0.620000000000001,3.21410057024365,7.672369103162263
2023-10-20,19.61,19.84,19.22,19.31,43181917.0,843988532.0,1516233639.0,0.028479724950885358,-0.6000000000000014,-3.013561024610756,3.114013058764445
2023-10-23,19.0,19.07,17.92,18.02,42246832.0,772539348.0,1516233639.0,0.02786300931026897,-1.2899999999999991,-6.68047643707923,5.955463490419464
2023-10-24,18.06,18.41,17.05,17.95,44047897.0,783097616.0,1516233639.0,0.029050863842495188,-0.07000000000000028,-0.38845726970033745,7.547169811320751
2023-10-25,18.04,18.59,18.04,18.35,30227009.0,555912880.0,1516233639.0,0.01993558790842788,0.40000000000000213,2.2284122562674202,3.064066852367692
2023-10-26,18.55,19.72,18.51,19.23,60402640.0,1168292391.0,1516233639.0,0.03983729053778103,0.879999999999999,4.795640326975481,6.594005449591266
2023-10-27,19.13,19.86,19.03,19.71,45660436.0,892479273.0,1516233639.0,0.030114380017392556,0.4800000000000004,2.496099843993771,4.316172646905867
2023-10-30,19.43,20.43,19.33,20.31,56704010.0,1146792851.0,1516233639.0,0.03739793692837334,0.5999999999999979,3.0441400304414,5.580923389142574
2023-10-31,20.53,20.73,20.13,20.38,33996801.0,693320745.0,1516233639.0,0.02242187491791956,0.07000000000000028,0.3446578040374293,2.9542097488921786
2023-11-01,20.19,20.67,20.19,20.33,28695771.0,589026754.0,1516233639.0,0.018925692097773065,-0.05000000000000071,-0.2453385672227748,2.3552502453385693
2023-11-02,21.1,21.25,20.28,20.29,55750426.0,1163231037.0,1516233639.0,0.036769020661465486,-0.03999999999999915,-0.1967535661583808,4.7712739793408705
2023-11-03,20.05,21.26,20.04,21.15,49370797.0,1031513401.0,1516233639.0,0.032561470561068326,0.8599999999999994,4.238541153277464,6.012814194184339
2023-11-06,21.57,21.78,21.24,21.67,55034480.0,1191105650.0,1516233639.0,0.036296833538330436,0.5200000000000031,2.4586288416075908,2.553191489361715
2023-11-07,21.42,22.15,21.39,21.8,40406884.0,883904119.0,1516233639.0,0.026649510313364048,0.129999999999999,0.599907706506686,3.507152745731416
2023-11-08,21.45,21.92,21.3,21.5,33183109.0,718535975.0,1516233639.0,0.021885221476741025,-0.3000000000000007,-1.3761467889908285,2.8440366972477107
2023-11-09,21.57,21.74,21.16,21.26,27613788.0,592873482.0,1516233639.0,0.018212092971510704,-0.23999999999999844,-1.116279069767434,2.697674418604643
2023-11-10,21.05,21.41,20.83,20.9,26344013.0,556246880.0,1516233639.0,0.017374639582178535,-0.360000000000003,-1.6933207902163794,2.728127939793047
2023-11-13,21.23,21.92,21.14,21.37,43543335.0,938329970.0,1516233639.0,0.028718090589731335,0.4700000000000024,2.2488038277512112,3.7320574162679483
2023-11-14,21.43,21.52,21.15,21.46,24431716.0,524118341.0,1516233639.0,0.01611342432431022,0.08999999999999986,0.4211511464670137,1.7313991576977117
2023-11-15,21.72,21.72,21.05,21.19,25458466.0,544219914.0,1516233639.0,0.01679059568734446,-0.2699999999999996,-1.2581547064305698,3.1220876048462167
2023-11-16,21.52,21.52,20.81,20.82,19227103.0,405069676.0,1516233639.0,0.012680831308215026,-0.370000000000001,-1.7461066540821135,3.3506370929683853
2023-11-17,20.82,21.15,20.74,21.01,16628042.0,349148372.0,1516233639.0,0.010966675301417712,0.19000000000000128,0.9125840537944407,1.9692603266090305
2023-11-20,21.32,21.46,20.9,21.24,28514804.0,607241487.0,1516233639.0,0.018806339119877554,0.22999999999999687,1.0947168015230657,2.665397429795346
2023-11-21,21.25,22.82,21.25,22.27,97103350.0,2171093196.0,1516233639.0,0.06404247175523851,1.0300000000000011,4.849340866290031,7.391713747645953
2023-11-22,21.94,22.92,21.56,22.55,74022516.0,1660676092.0,1516233639.0,0.048819993235884145,0.28000000000000114,1.2572968118545136,6.106870229007647
2023-11-23,22.3,22.35,21.61,22.2,50255975.0,1110017735.0,1516233639.0,0.033145271089714955,-0.3500000000000014,-1.55210643015522,3.2815964523281687
2023-11-24,22.22,22.48,21.86,22.42,46129516.0,1029126750.0,1516233639.0,0.030423751863481775,0.22000000000000242,0.9909909909910031,2.792792792792797
2023-11-27,22.27,23.02,22.09,22.92,53151149.0,1208612953.0,1516233639.0,0.035054722196412105,0.5,2.2301516503122176,4.14808206958073
2023-11-28,22.63,22.79,22.03,22.5,41544527.0,933751728.0,1516233639.0,0.027399818821721843,-0.4200000000000017,-1.832460732984298,3.315881326352522
2023-11-29,22.34,23.42,22.27,22.53,46175952.0,1062144995.0,1516233639.0,0.030454377750420033,0.030000000000001137,0.13333333333334085,5.1111111111111205
2023-11-30,22.52,23.23,22.19,22.62,37849941.0,858154053.0,1516233639.0,0.024963132347441606,0.08999999999999986,0.3994673768308976,4.616067465601416
2023-12-01,22.47,22.99,22.1,22.38,27767861.0,625641910.0,1516233639.0,0.01831370857746812,-0.240000000000002,-1.0610079575596898,3.934571175950473
2023-12-04,22.57,24.14,22.57,23.05,55417159.0,1306766340.0,1516233639.0,0.03654922142246443,0.6700000000000017,2.993744414655941,7.015192135835568
2023-12-05,22.77,22.86,21.78,21.8,42046545.0,934918687.0,1516233639.0,0.02773091423280314,-1.25,-5.422993492407812,4.685466377440339
2023-12-06,21.69,22.37,21.55,22.07,30984233.0,681037131.0,1516233639.0,0.02043499906810866,0.2699999999999996,1.2385321100917501,3.761467889908258
2023-12-07,22.2,23.36,21.96,22.1,47525240.0,1075624115.0,1516233639.0,0.031344272266208444,0.030000000000001137,0.1359311282283615,6.343452650656994
2023-12-08,23.2,24.03,22.86,23.36,76698875.0,1797788224.0,1516233639.0,0.05058512951248406,1.259999999999998,5.701357466063328,5.294117647058831
2023-12-11,22.92,23.38,22.49,23.3,47017716.0,1081241880.0,1516233639.0,0.031009545488655393,-0.05999999999999872,-0.25684931506848585,3.809931506849318
2023-12-12,23.5,23.96,23.22,23.38,36859340.0,871434222.0,1516233639.0,0.0243098022969005,0.0799999999999983,0.34334763948498104,3.17596566523606
2023-12-13,23.41,23.52,22.92,22.93,18116081.0,420364512.0,1516233639.0,0.011948080120388359,-0.4499999999999993,-1.9247219846022179,2.566295979469623
2023-12-14,22.94,23.14,22.63,22.65,18073915.0,413805363.0,1516233639.0,0.01192027042212325,-0.28000000000000114,-1.2211077191452313,2.2241604884430943
2023-12-15,22.68,22.86,22.35,22.54,15520170.0,351428207.0,1516233639.0,0.010236001629825336,-0.10999999999999943,-0.4856512141280356,2.251655629139064
2023-12-18,22.32,22.59,22.09,22.42,16340561.0,367053129.0,1516233639.0,0.010777073255528794,-0.11999999999999744,-0.5323868677905796,2.218278615794144
2023-12-19,22.39,22.8,22.27,22.61,14731843.0,333094847.0,1516233639.0,0.009716077140800066,0.18999999999999773,0.8474576271186418,2.3639607493309596
2023-12-20,22.56,22.86,22.27,22.43,17867087.0,405081495.0,1516233639.0,0.011783861365708692,-0.17999999999999972,-0.7961079168509522,2.609464838567005
2023-12-21,22.1,22.47,21.88,22.29,15421113.0,343156961.0,1516233639.0,0.01017067066931101,-0.14000000000000057,-0.6241640659830572,2.6304057066428888
2023-12-22,22.36,22.54,21.62,21.69,17771707.0,391133775.0,1516233639.0,0.0117209554931923,-0.5999999999999979,-2.69179004037684,4.127411395244496
2023-12-25,21.55,22.17,21.48,22.13,13161900.0,289774568.0,1516233639.0,0.008680654261622012,0.4399999999999977,2.028584601198702,3.181189488243436
2023-12-26,22.05,22.13,21.48,21.76,15439888.0,337629606.0,1516233639.0,0.010183053325596346,-0.36999999999999744,-1.671938544961582,2.9371893357433283
2023-12-27,21.78,22.97,21.73,22.9,27263830.0,616752594.0,1516233639.0,0.017981285534583762,1.139999999999997,5.238970588235281,5.6985294117646985
2023-12-28,22.9,23.01,22.52,22.9,22327491.0,510939310.0,1516233639.0,0.014725626991580023,0.0,0.0,2.1397379912663843
2023-12-29,22.8,23.22,22.79,23.04,20681855.0,477701467.0,1516233639.0,0.01364028238658541,0.14000000000000057,0.6113537117903967,1.8777292576419202
2024-01-02,23.03,23.42,22.9,22.92,16524705.0,383081258.0,1516659209.0,0.01089546346466024,-0.11999999999999744,-0.5208333333333259,2.256944444444458
2024-01-03,22.68,22.77,21.23,21.62,31121512.0,684186606.0,1516659209.0,0.020519779140443672,-1.3000000000000007,-5.671902268760909,6.719022687609071
2024-01-04,21.58,21.67,21.16,21.27,16182282.0,347023833.0,1516659209.0,0.010669688947901282,-0.3500000000000014,-1.61887141535616,2.358926919518971
2024-01-05,21.32,21.53,20.84,20.97,13936968.0,296026507.0,1516659209.0,0.009189254855208544,-0.3000000000000007,-1.4104372355430272,3.2440056417489482
2024-01-08,20.86,20.9,20.22,20.22,15430206.0,316280592.0,1516659209.0,0.010173812223890305,-0.75,-3.576537911301858,3.2427277062470186
2024-01-09,20.5,21.1,20.5,20.73,22614551.0,472055144.0,1516659209.0,0.014910766285400901,0.5100000000000016,2.522255192878342,2.967359050445111
2024-01-10,20.82,20.89,20.13,20.58,14652680.0,302769606.0,1516659209.0,0.009661155197587964,-0.15000000000000213,-0.7235890014471891,3.666184273999043
2024-01-11,20.58,20.87,20.34,20.43,20981374.0,433431024.0,1516659209.0,0.013833940990497095,-0.14999999999999858,-0.7288629737609242,2.5753158406219687
2024-01-12,20.4,20.55,20.13,20.15,15147269.0,308766976.0,1516659209.0,0.00998725943845174,-0.28000000000000114,-1.3705335291238407,2.0558002936857647
2024-01-15,20.15,21.44,20.15,21.18,35565723.0,751976914.0,1516659209.0,0.023450042559956526,1.0300000000000011,5.11166253101738,6.401985111662545
2024-01-16,21.09,21.18,20.47,20.78,14419174.0,300750183.0,1516659209.0,0.009507194440540927,-0.3999999999999986,-1.888574126534459,3.352219074598682
2024-01-17,21.37,21.72,20.59,20.59,26437282.0,559407251.0,1516659209.0,0.017431260657053776,-0.19000000000000128,-0.9143407122232938,5.4379210779595715
2024-01-18,20.33,20.83,19.96,20.83,23464562.0,479508295.0,1516659209.0,0.01547121585439831,0.23999999999999844,1.1656143759106286,4.225352112676044
2024-01-19,21.34,22.87,21.27,21.94,54773763.0,1224893788.0,1516659209.0,0.03611474659235726,1.110000000000003,5.3288526164186445,7.68122899663947
2024-01-22,22.32,22.96,21.53,21.82,49632388.0,1116597522.0,1516659209.0,0.032724812341148685,-0.120000000000001,-0.5469462169553352,6.5177757520510475
2024-01-23,21.27,21.97,21.19,21.67,31066569.0,673401522.0,1516659209.0,0.02048355280846747,-0.14999999999999858,-0.6874427131072336,3.574702108157642
2024-01-24,21.6,21.67,20.13,20.84,43556302.0,901369359.0,1516659209.0,0.028718582092491684,-0.8300000000000018,-3.8301799723119645,7.106598984771585
2024-01-25,20.57,21.52,20.38,21.5,30325682.0,646283421.0,1516659209.0,0.01999505348336958,0.6600000000000001,3.1669865642994344,5.470249520153554
2024-01-26,20.97,21.03,19.35,19.38,73351143.0,1465849931.0,1516659209.0,0.04836362879988289,-2.120000000000001,-9.860465116279071,7.813953488372091
2024-01-29,19.38,19.52,18.34,18.41,39954825.0,752896871.0,1516659209.0,0.02634397019640554,-0.9699999999999989,-5.005159958720329,6.088751289989679
2024-01-30,18.04,18.48,17.71,17.75,31470474.0,568201164.0,1516659209.0,0.020749865106974075,-0.6600000000000001,-3.585008147745794,4.18250950570342
2024-01-31,17.94,18.98,17.76,18.41,47642473.0,883609576.0,1516659209.0,0.031412774021536964,0.6600000000000001,3.7183098591549335,6.873239436619712
2024-02-01,18.2,19.17,18.08,18.61,33330274.0,625283097.0,1516659209.0,0.021976112894851383,0.1999999999999993,1.086366105377512,5.920695274307461
2024-02-02,18.49,18.81,17.52,18.06,28611478.0,523239633.0,1516659209.0,0.0188648035301647,-0.5500000000000007,-2.955400322407309,6.931757119828045
2024-02-05,17.74,18.89,17.14,18.45,36220347.0,656926816.0,1516659209.0,0.023881664902085462,0.39000000000000057,2.1594684385382035,9.689922480620156
2024-02-06,18.83,19.95,18.45,19.92,39101388.0,758053887.0,1516659209.0,0.025781261715201835,1.4700000000000024,7.9674796747967624,8.130081300813007
2024-02-07,19.75,20.58,19.69,20.37,36169109.0,733345876.0,1516659209.0,0.023847881439264054,0.4499999999999993,2.259036144578319,4.46787148594376
2024-02-08,20.72,22.4,20.54,21.48,39845130.0,864447341.0,1516659209.0,0.026271643467138305,1.1099999999999994,5.449189985272462,9.13107511045655
2024-02-19,22.02,22.07,20.83,21.7,37923224.0,817399534.0,1516659209.0,0.025004446466918857,0.21999999999999886,1.0242085661080091,5.772811918063324
2024-02-20,21.37,21.68,21.07,21.54,24938414.0,534081007.0,1516659209.0,0.016442991182206972,-0.16000000000000014,-0.7373271889400956,2.811059907834099
2024-02-21,21.12,21.7,21.02,21.29,31459068.0,675246710.0,1516659209.0,0.020742344630434378,-0.25,-1.16063138347261,3.156917363045496
2024-02-22,21.51,21.92,21.25,21.57,31530474.0,681420740.0,1516659209.0,0.020789425741059804,0.28000000000000114,1.3151714419915583,3.1470173790512055
2024-02-23,21.86,21.92,21.2,21.42,28429030.0,611831654.0,1516659209.0,0.018744507554036813,-0.14999999999999858,-0.6954102920723182,3.3379694019471597
2024-02-26,21.12,21.55,20.95,21.19,27680153.0,589430754.0,1516659209.0,0.018250740071166508,-0.23000000000000043,-1.073762838468728,2.801120448179278
2024-02-27,21.04,22.28,20.95,22.27,41350915.0,900731708.0,1516659209.0,0.027264473623751295,1.0799999999999983,5.096743747050492,6.276545540349229
2024-02-28,22.03,22.82,21.14,21.16,40957631.0,904029569.0,1516659209.0,0.027005164216821764,-1.1099999999999994,-4.984283789851817,7.543780871127076
2024-02-29,21.03,22.21,21.03,22.12,33534550.0,736134286.0,1516659209.0,0.022110801029659656,0.9600000000000009,4.536862003780717,5.576559546313798
2024-03-01,22.57,23.05,22.41,22.81,49534251.0,1132013483.0,1516659209.0,0.03266010630869416,0.6899999999999977,3.119349005424943,2.8933092224231487
2024-03-04,24.01,25.09,23.39,25.09,100343718.0,2471900512.0,1516659209.0,0.06616101850999277,2.280000000000001,9.995615957913206,7.452871547566854
2024-03-05,24.61,25.7,24.41,24.87,122259595.0,3086639939.0,1516659209.0,0.0806111183544068,-0.21999999999999886,-0.8768433638899897,5.141490633718609
2024-03-06,24.5,24.76,23.6,24.25,72368628.0,1753809344.0,1516659209.0,0.047715813526570554,-0.620000000000001,-2.4929634097305975,4.664254121431444
2024-03-07,24.32,25.01,23.52,23.62,59620674.0,1452364858.0,1516659209.0,0.03931052780097549,-0.629999999999999,-2.597938144329892,6.144329896907225
2024-03-08,24.0,25.98,23.64,25.98,132918803.0,3401360225.0,1516659209.0,0.08763920214326804,2.3599999999999994,9.991532599491947,9.906858594411515
2024-03-11,25.26,25.8,24.82,25.7,95069787.0,2413825345.0,1516659209.0,0.0626836842685864,-0.28000000000000114,-1.0777521170130866,3.7721324095458058
2024-03-12,25.86,27.5,25.6,25.8,115476803.0,3048839107.0,1516659209.0,0.07613892581454665,0.10000000000000142,0.3891050583657574,7.3929961089494105
2024-03-13,26.34,26.63,25.54,25.64,81294090.0,2128263280.0,1516659209.0,0.05360076246370519,-0.16000000000000014,-0.6201550387596955,4.224806201550387
2024-03-14,25.13,25.88,24.86,25.3,59860375.0,1520410036.0,1516659209.0,0.03946857319349188,-0.33999999999999986,-1.3260530421216887,3.978159126365053
2024-03-15,24.96,25.44,24.66,25.41,50787641.0,1275299998.0,1516659209.0,0.033486521361306025,0.10999999999999943,0.43478260869564966,3.0830039525691744
2024-03-18,25.31,26.21,25.27,26.11,76181611.0,1975849201.0,1516659209.0,0.050229880613872305,0.6999999999999993,2.754820936639124,3.6993309720582497
2024-03-19,25.86,26.03,25.43,25.45,51173159.0,1318538728.0,1516659209.0,0.03374071030349706,-0.6600000000000001,-2.5277671390271927,2.2979701263883623
2024-03-20,25.39,25.61,24.67,25.07,54486456.0,1370291710.0,1516659209.0,0.035925312474069444,-0.379999999999999,-1.4931237721021562,3.6935166994106003
2024-03-21,25.47,25.77,24.79,24.92,49355502.0,1248097960.0,1516659209.0,0.03254224924565766,-0.14999999999999858,-0.5983246908655704,3.909054646988434
2024-03-22,24.74,25.67,24.56,24.71,51110379.0,1283109224.0,1516659209.0,0.03369931669336536,-0.21000000000000085,-0.8426966292134908,4.454253611556994
2024-03-25,24.51,24.54,22.69,22.76,91286704.0,2146309976.0,1516659209.0,0.06018933156393738,-1.9499999999999993,-7.891541885876164,7.486847430190198
2024-03-26,22.95,23.52,22.77,22.9,54272700.0,1257333331.0,1516659209.0,0.03578437375907563,0.13999999999999702,0.6151142355008687,3.2952548330404214
2024-03-27,22.93,23.07,21.72,21.72,50754335.0,1126590893.0,1516659209.0,0.03346456125332504,-1.1799999999999997,-5.152838427947593,5.895196506550225
2024-03-28,21.72,22.52,21.53,22.09,55084144.0,1218320270.0,1516659209.0,0.03631939441182663,0.370000000000001,1.7034990791896965,4.55801104972375
2024-03-29,22.09,22.51,21.67,22.41,37321071.0,825050695.0,1516659209.0,0.024607420558641794,0.3200000000000003,1.4486192847442236,3.802625622453598
2024-04-01,22.22,22.78,22.17,22.61,40604932.0,915698409.0,1516659209.0,0.02677261428213172,0.1999999999999993,0.8924587237840287,2.721999107541274
2024-04-02,22.62,22.92,21.94,22.13,44174396.0,993622995.0,1516659209.0,0.029126118601901424,-0.4800000000000004,-2.122954444935876,4.3343653250774015
2024-04-03,22.11,22.52,21.62,22.14,45394876.0,1008224618.0,1516659209.0,0.029930834646717263,0.010000000000001563,0.04518752824220762,4.0668775417984575
2024-04-08,21.96,21.99,21.12,21.16,41689092.0,901545281.0,1516659209.0,0.027487448566304785,-0.9800000000000004,-4.42637759710931,3.929539295392942
2024-04-09,21.12,21.55,20.84,21.48,29136667.0,619618549.0,1516659209.0,0.019211083694412198,0.3200000000000003,1.512287334593565,3.355387523629494
2024-04-10,21.36,21.51,20.6,20.75,34454528.0,725195427.0,1516659209.0,0.022717382913408333,-0.7300000000000004,-3.3985102420856617,4.236499068901304
2024-04-11,20.75,21.47,20.66,20.93,33451001.0,709406353.0,1516659209.0,0.02205571350603918,0.17999999999999972,0.867469879518068,3.903614457831319
2024-04-12,21.07,21.81,20.88,21.26,46524553.0,998646126.0,1516659209.0,0.030675680287251664,0.33000000000000185,1.5766841853798397,4.443382704252268
2024-04-15,20.9,21.17,20.03,20.43,69778020.0,1436146435.0,1516659209.0,0.04600771194077786,-0.8300000000000018,-3.904045155221081,5.362182502351836
2024-04-16,20.24,20.51,19.48,19.58,53219718.0,1062329887.0,1516659209.0,0.035090096499061314,-0.8500000000000014,-4.160548213411652,5.041605482134122
2024-04-17,19.83,20.6,19.83,20.59,48641167.0,991404767.0,1516659209.0,0.032071256819830515,1.0100000000000016,5.158324821246185,3.932584269662938
2024-04-18,20.26,20.81,19.83,20.38,39953912.0,816547737.0,1516659209.0,0.026343368215423536,-0.21000000000000085,-1.019912578921811,4.759592034968434
2024-04-19,20.21,20.39,19.57,19.72,39210731.0,781418984.0,1516659209.0,0.025853356355415767,-0.6600000000000001,-3.238469087340534,4.023552502453388
2024-04-22,18.93,19.19,18.33,19.06,50422693.0,957030639.0,1516659209.0,0.033245895123167384,-0.6600000000000001,-3.346855983772823,4.361054766734295
2024-04-23,19.21,19.33,18.61,18.85,33700519.0,638325409.0,1516659209.0,0.022220231677635895,-0.2099999999999973,-1.1017838405036562,3.7775445960125857
2024-04-24,19.13,19.76,18.84,19.63,46988871.0,912232880.0,1516659209.0,0.03098182552887529,0.7799999999999976,4.137931034482745,4.880636604774544
2024-04-25,19.41,20.39,19.36,19.94,41746187.0,836671804.0,1516659209.0,0.027525093806356864,0.3100000000000023,1.5792154865002628,5.247070809984724
2024-04-26,19.98,21.11,19.98,21.04,59838211.0,1243837864.0,1516659209.0,0.039453959495260614,1.0999999999999979,5.5165496489468335,5.667001003009021
2024-04-29,21.23,21.39,20.68,21.14,107669854.0,2276575921.0,1516659209.0,0.07099146160263087,0.10000000000000142,0.47528517110266844,3.374524714828901
2024-04-30,21.05,21.16,20.6,20.9,55468082.0,1162771081.0,1516659209.0,0.03657254159065341,-0.240000000000002,-1.1352885525071077,2.64900662251655
2024-05-06,21.17,21.25,20.92,21.06,59540219.0,1259543687.0,1516659209.0,0.039257480287386036,0.16000000000000014,0.7655502392344582,1.5789473684210447
2024-05-07,21.04,21.07,20.52,20.64,59774392.0,1243888116.0,1516659209.0,0.03941188082681533,-0.41999999999999815,-1.9943019943019835,2.6115859449192818
2024-05-08,20.63,20.92,20.39,20.42,45243206.0,936708275.0,1516659209.0,0.029830831957187557,-0.21999999999999886,-1.0658914728682078,2.5678294573643465
2024-05-09,20.29,21.06,20.23,20.77,59151043.0,1230687361.0,1516659209.0,0.03900087946520358,0.34999999999999787,1.7140058765915622,4.064642507345731
2024-05-10,20.68,20.72,19.83,19.96,64514219.0,1303581108.0,1516659209.0,0.04253705685309296,-0.8099999999999987,-3.899855560905141,4.285026480500725
2024-05-13,19.74,19.99,19.48,19.58,42915365.0,847223098.0,1516659209.0,0.028295984190341603,-0.38000000000000256,-1.9038076152304684,2.5551102204408718
2024-05-14,19.67,20.19,19.55,19.55,38928603.0,771026825.0,1516659209.0,0.025667336979193458,-0.029999999999997584,-0.1532175689478943,3.2686414708886646
2024-05-15,19.49,21.5,19.36,20.84,178399537.0,3759266772.0,1516659209.0,0.11762664673867418,1.2899999999999991,6.598465473145776,10.946291560102305
2024-05-16,21.07,21.3,20.51,20.69,130921216.0,2754176781.0,1516659209.0,0.08632210533724455,-0.14999999999999858,-0.7197696737044068,3.7907869481765797
2024-05-17,20.43,20.86,20.18,20.75,85560425.0,1765671317.0,1516659209.0,0.056413744427407486,0.05999999999999872,0.2899951667472145,3.2866118898018355
2024-05-20,20.63,21.05,20.49,20.86,76468741.0,1595747792.0,1516659209.0,0.05041919802828956,0.10999999999999943,0.5301204819277094,2.6987951807229025
2024-05-21,20.69,20.86,20.35,20.4,58938228.0,1214471656.0,1516659209.0,0.038860561192821004,-0.46000000000000085,-2.205177372962608,2.444870565675925
2024-05-22,20.81,21.07,20.33,21.01,101342420.0,2110631388.0,1516659209.0,0.06681950658303754,0.610000000000003,2.990196078431384,3.627450980392167
2024-05-23,21.01,21.8,20.76,21.24,144784011.0,3086624628.0,1516659209.0,0.09546245467725242,0.22999999999999687,1.0947168015230657,4.950023798191333
2024-05-24,20.93,21.19,20.53,20.59,86036016.0,1796349885.0,1516659209.0,0.05672732245283192,-0.6499999999999986,-3.0602636534839855,3.1073446327683625
2024-05-27,20.59,21.6,19.71,21.6,132453149.0,2748203084.0,1516659209.0,0.0873321760181921,1.0100000000000016,4.905293831957258,9.179213210296263
2024-05-28,21.77,23.69,21.33,22.21,194177891.0,4343106362.0,1516659209.0,0.1280300082231591,0.6099999999999994,2.824074074074079,10.925925925925938
2024-05-29,21.92,23.27,21.82,23.24,177836350.0,4064898919.0,1516659209.0,0.11725531282486018,1.0299999999999976,4.637550652859068,6.528590724898691
2024-05-30,22.87,24.41,22.65,23.67,186628378.0,4378365184.0,1516659209.0,0.12305228286785157,0.43000000000000327,1.8502581755593939,7.573149741824448
2024-05-31,23.32,24.11,22.79,22.89,152541695.0,3576752487.0,1516659209.0,0.1005774363118643,-0.7800000000000011,-3.2953105196451227,5.576679340937897
2024-06-03,22.82,23.61,22.6,23.42,139006047.0,3237756849.0,1516659209.0,0.09165278935117718,0.5300000000000011,2.31542158147664,4.412407164700734
2024-06-04,23.13,23.27,22.43,22.94,120777323.0,2766169181.0,1516659209.0,0.07963379135094811,-0.4800000000000004,-2.0495303159692613,3.586678052946199
2024-06-05,22.82,23.45,22.61,22.62,107946618.0,2496742562.0,1516659209.0,0.07117394425816591,-0.3200000000000003,-1.3949433304272008,3.6617262423714028
2024-06-06,23.2,24.17,22.71,23.5,194546344.0,4569100072.0,1516659209.0,0.12827294546167226,0.879999999999999,3.89036251105217,6.454465075154733
2024-06-07,23.22,24.57,23.15,24.19,182629278.0,4387033470.0,1516659209.0,0.1204155006716476,0.6900000000000013,2.936170212765954,6.042553191489368
2024-06-11,23.97,24.74,23.92,24.12,186218214.0,4537481695.0,1516659209.0,0.12278184373586591,-0.07000000000000028,-0.2893757751136872,3.3898305084745624
2024-06-12,23.85,24.36,23.6,24.3,152803346.0,3674909286.0,1516659209.0,0.10074995430301706,0.17999999999999972,0.746268656716409,3.1509121061359786
2024-06-13,24.21,24.48,23.42,23.42,149578710.0,3604699339.0,1516659209.0,0.09862381022208926,-0.879999999999999,-3.6213991769547316,4.362139917695468
2024-06-14,23.05,23.32,22.69,23.14,117598280.0,2713481225.0,1516659209.0,0.07753770873651815,-0.28000000000000114,-1.1955593509820672,2.690008539709645
2024-06-17,23.12,24.24,22.9,23.87,136834518.0,3242999367.0,1516659209.0,0.09022100494825136,0.7300000000000004,3.1547104580812446,5.790838375108037
2024-06-18,24.01,24.07,23.62,23.84,101653722.0,2431358407.0,1517430772.0,0.06699068179961755,-0.030000000000001137,-0.12568077084206264,1.8852115626309143
2024-06-19,23.84,24.92,23.27,24.69,192469982.0,4666189797.0,1517430772.0,0.12683938242950038,0.8500000000000014,3.565436241610742,6.921140939597324
2024-06-20,24.23,24.78,23.96,24.0,130674760.0,3196791285.0,1517430772.0,0.08611579678707082,-0.6900000000000013,-2.7946537059538312,3.3211826650465786
2024-06-21,23.42,23.99,23.42,23.71,75213946.0,1792259632.0,1517430772.0,0.04956664079038461,-0.28999999999999915,-1.2083333333333335,2.3749999999999867
2024-06-24,23.58,24.2,22.43,22.76,108749351.0,2570199952.0,1517430772.0,0.07166676266665298,-0.9499999999999993,-4.006748207507382,7.465204555040065
2024-06-25,22.77,22.98,21.73,21.88,113458656.0,2524940217.0,1517430772.0,0.07477023538310056,-0.8800000000000026,-3.8664323374341114,5.492091388400703
2024-06-26,21.99,22.64,21.61,22.49,85417209.0,1893798929.0,1517430772.0,0.05629067933518881,0.6099999999999994,2.7879341864716523,4.707495429616094
2024-06-27,22.18,22.77,21.97,22.0,78078392.0,1749530525.0,1517430772.0,0.051454335473302235,-0.48999999999999844,-2.178746109381946,3.557136505113387
2024-06-28,21.93,22.67,21.83,22.32,76591352.0,1719340569.0,1517430772.0,0.0504743632548398,0.3200000000000003,1.454545454545464,3.818181818181834
2024-07-01,22.4,22.63,21.96,22.5,59980297.0,1344982198.0,1517423272.0,0.039527729742107186,0.17999999999999972,0.8064516129032251,3.001792114695332
2024-07-02,22.48,22.68,22.08,22.13,59534655.0,1337617919.0,1517423272.0,0.03923404635908339,-0.370000000000001,-1.6444444444444484,2.666666666666673
2024-07-03,22.21,22.77,21.82,22.58,80675199.0,1810346395.0,1517423272.0,0.05316591651693081,0.4499999999999993,2.033438770899232,4.292815183009487
2024-07-04,22.25,22.56,21.88,21.96,61268149.0,1363599273.0,1517423272.0,0.04037643954099051,-0.6199999999999974,-2.7457927369353263,3.0115146147032763
2024-07-05,21.95,21.95,20.71,21.14,86071765.0,1829894230.0,1517423272.0,0.05672231775288075,-0.8200000000000003,-3.734061930783239,5.646630236794164
2024-07-08,21.22,21.46,20.71,20.83,59163571.0,1252805737.0,1517423272.0,0.03898949758561499,-0.3100000000000023,-1.466414380321679,3.5477767265846736
2024-07-09,20.97,22.87,20.84,22.74,149688082.0,3311759898.0,1517423272.0,0.09864622795899759,1.9100000000000001,9.16946711473836,9.745559289486325
2024-07-10,22.64,23.12,22.61,22.88,93187923.0,2139366064.0,1517423272.0,0.061411950587245245,0.14000000000000057,0.6156552330694787,2.2427440633245452
2024-07-11,23.29,23.58,22.81,23.26,99157751.0,2305154203.0,1517423272.0,0.06534613830543651,0.38000000000000256,1.660839160839167,3.3653846153846136
2024-07-12,22.96,23.47,22.82,23.33,74123991.0,1722454860.0,1517423272.0,0.048848592457859705,0.06999999999999673,0.3009458297506207,2.7944969905416963
2024-07-15,23.49,23.69,23.16,23.43,90432643.0,2130207787.0,1517423272.0,0.05959618826776501,0.10000000000000142,0.4286326618088365,2.2717531075868034
2024-07-16,23.24,23.78,23.07,23.69,92156425.0,2171976721.0,1517423272.0,0.06073218112605828,0.26000000000000156,1.1096884336321056,3.030303030303034
2024-07-17,23.57,23.86,22.98,23.01,87778304.0,2063206056.0,1517423272.0,0.057846947268909425,-0.6799999999999997,-2.8704094554664383,3.7146475306036257
2024-07-18,22.44,23.02,21.67,22.78,108692293.0,2439895656.0,1517423272.0,0.07162951498479457,-0.23000000000000043,-0.999565406345071,5.867014341590603
2024-07-19,22.72,24.15,22.63,23.63,127617976.0,3016441211.0,1517423272.0,0.08410176537743254,0.8499999999999979,3.731343283582089,6.672519754170322
2024-07-22,23.86,23.89,23.36,23.51,80754808.0,1911032939.0,1517423272.0,0.053218379795614466,-0.11999999999999744,-0.5078290308929256,2.2429115531104578
2024-07-23,23.52,23.7,22.34,22.35,92579132.0,2130384080.0,1517423272.0,0.06101075007105862,-1.1600000000000001,-4.934070608251806,5.784772437260737
2024-07-24,22.32,22.72,21.75,21.91,69961496.0,1560924166.0,1517423272.0,0.04610545870157183,-0.4400000000000013,-1.968680089485464,4.340044742729301
2024-07-25,21.76,21.96,21.33,21.54,55830327.0,1210748524.0,1517423272.0,0.036792850109919756,-0.370000000000001,-1.6887266088544073,2.875399361022376
2024-07-26,21.64,22.02,21.39,21.84,55210442.0,1202221718.0,1517423272.0,0.03638433851566763,0.3000000000000007,1.392757660167132,2.9247910863509703
2024-07-29,21.83,22.11,21.59,21.63,49346755.0,1080083175.0,1517423272.0,0.03252009898000299,-0.21000000000000085,-0.9615384615384692,2.380952380952379
2024-07-30,21.46,22.1,20.91,22.1,71160177.0,1536457984.0,1517423272.0,0.046895403749943276,0.4700000000000024,2.1729079981507304,5.501618122977352
2024-07-31,22.12,22.86,21.87,22.68,96533312.0,2175710796.0,1517423272.0,0.06361660176251732,0.5799999999999983,2.624434389140262,4.479638009049766
2024-08-01,22.78,23.0,22.42,22.65,83683557.0,1908897832.0,1517423272.0,0.05514846025110916,-0.030000000000001137,-0.1322751322751392,2.5573192239858833
2024-08-02,22.07,22.5,21.71,21.71,67646743.0,1494457212.0,1517423272.0,0.04458000891922528,-0.9399999999999977,-4.150110375275928,3.4878587196467956
2024-08-05,21.37,22.05,20.7,20.7,71752631.0,1534185425.0,1517423272.0,0.04728583798865054,-1.0100000000000016,-4.652233993551369,6.2183325656379616
2024-08-06,21.14,21.28,20.58,20.99,44502990.0,930147946.0,1517423272.0,0.029328000183721975,0.28999999999999915,1.400966183574881,3.3816425120773084
2024-08-07,20.98,21.08,20.59,20.63,41118614.0,859766155.0,1517423272.0,0.027097656111339775,-0.35999999999999943,-1.7151024297284434,2.334444973797039
2024-08-08,20.35,21.02,20.04,20.68,46570376.0,960714961.0,1517423272.0,0.03069043216835546,0.05000000000000071,0.2423654871546388,4.750363548230734
2024-08-09,21.1,21.21,20.58,20.6,39621499.0,829095945.0,1517423272.0,0.026111039504342067,-0.0799999999999983,-0.3868471953578201,3.0464216634429526
2024-08-12,20.39,20.67,20.21,20.43,27338966.0,559717692.0,1517423272.0,0.018016704043273695,-0.1700000000000017,-0.825242718446606,2.233009708737868
2024-08-13,20.42,20.72,20.33,20.72,25960926.0,535084776.0,1517423272.0,0.01710855927877189,0.28999999999999915,1.4194811551639708,1.9089574155653477
2024-08-14,20.75,20.83,20.54,20.54,27698200.0,575209915.0,1517423272.0,0.018253443525676993,-0.17999999999999972,-0.8687258687258725,1.3996138996138956
2024-08-15,20.39,20.87,20.32,20.64,33134856.0,685867801.0,1517423272.0,0.021836264548867418,0.10000000000000142,0.48685491723468033,2.677702044790656
2024-08-16,20.67,20.78,20.55,20.59,34577230.0,716308702.0,1517423272.0,0.0227868061852158,-0.05000000000000071,-0.2422480620155043,1.1143410852713198
2024-08-19,20.6,20.96,20.34,20.88,40458941.0,843919392.0,1517423272.0,0.02666292375144224,0.28999999999999915,1.4084507042253502,3.011170471102482
2024-08-20,20.85,20.86,20.25,20.25,34496813.0,709217222.0,1517423272.0,0.02273381042491353,-0.629999999999999,-3.0172413793103425,2.921455938697316
2024-08-21,20.25,20.36,19.29,19.39,69527312.0,1375928750.0,1517423272.0,0.045819326276946674,-0.8599999999999994,-4.246913580246914,5.283950617283952
2024-08-22,19.35,19.44,19.0,19.11,43644145.0,839570669.0,1517423272.0,0.02876201110483562,-0.28000000000000114,-1.4440433212996484,2.269210933470868
2024-08-23,19.0,19.28,19.0,19.18,29544500.0,567639626.0,1517423272.0,0.01947017720445242,0.07000000000000028,0.366300366300365,1.4652014652014713
2024-08-26,19.21,19.56,19.1,19.22,28468350.0,550833262.0,1517423272.0,0.018760981543717883,0.03999999999999915,0.2085505735140769,2.3983315954118734
2024-08-27,19.09,19.12,18.67,18.78,33944003.0,643222034.0,1517423272.0,0.022369502054137468,-0.4399999999999977,-2.289281997918824,2.341311134235168
2024-08-28,18.7,19.04,18.69,19.02,26856924.0,509444205.0,1517423272.0,0.017699032626936013,0.23999999999999844,1.2779552715654896,1.8636847710330025
2024-08-29,18.86,19.49,18.7,19.25,41911086.0,807098347.0,1517423272.0,0.027619904593106835,0.23000000000000043,1.2092534174553027,4.153522607781278
2024-08-30,19.26,20.07,19.19,19.84,59766269.0,1188227721.0,1517423272.0,0.03938668274226916,0.5899999999999999,3.0649350649350593,4.571428571428567
2024-09-02,19.83,19.87,18.92,18.93,48232259.0,934820595.0,1517423272.0,0.03178563284878894,-0.9100000000000001,-4.5866935483871,4.7883064516128995
2024-09-03,18.99,19.26,18.93,19.09,25989038.0,497469335.0,1517423272.0,0.017127085421423535,0.16000000000000014,0.8452192287374594,1.7432646592710082
2024-09-04,18.74,19.12,18.66,18.9,26303204.0,498086305.0,1517423272.0,0.017334124555327103,-0.19000000000000128,-0.9952854897852359,2.409638554216872
2024-09-05,18.91,19.17,18.87,19.0,22494622.0,428971411.0,1517423272.0,0.014824223679100131,0.10000000000000142,0.5291005291005346,1.587301587301591
2024-09-06,19.05,19.07,18.34,18.4,36534606.0,683800493.0,1517423272.0,0.02407674027026521,-0.6000000000000014,-3.157894736842115,3.8421052631578965
2024-09-09,18.27,18.55,18.22,18.44,21096370.0,389847567.0,1517423272.0,0.013902758965990077,0.0400000000000027,0.21739130434783593,1.7934782608695754
2024-09-10,18.49,18.74,18.13,18.63,30379110.0,561100428.0,1517423272.0,0.020020195129839817,0.18999999999999773,1.0303687635574654,3.3080260303687603
2024-09-11,18.44,18.63,18.31,18.44,20457483.0,378811489.0,1517423272.0,0.013481724827533816,-0.18999999999999773,-1.0198604401502775,1.717659688674183
2024-09-12,18.61,18.75,18.41,18.42,27930821.0,520780644.0,1517423272.0,0.018406743533850325,-0.019999999999999574,-0.10845986984815426,1.8438177874186543
2024-09-13,18.41,18.58,18.16,18.18,23381981.0,430810099.0,1517423272.0,0.015409003823423634,-0.240000000000002,-1.302931596091217,2.280130293159599
2024-09-18,18.31,18.37,17.83,18.24,22829470.0,413547936.0,1517423272.0,0.015044892497206936,0.05999999999999872,0.3300330033003229,2.970297029702985
2024-09-19,18.35,18.61,18.06,18.4,37666510.0,694415416.0,1517423272.0,0.02482267848070805,0.16000000000000014,0.8771929824561431,3.0153508771929864
2024-09-20,18.43,18.49,18.07,18.21,29276508.0,534638315.0,1517423272.0,0.019293567286214654,-0.18999999999999773,-1.0326086956521596,2.282608695652164
2024-09-23,18.15,18.58,18.02,18.18,28999300.0,533032543.0,1517423272.0,0.01911088391426753,-0.030000000000001137,-0.16474464579901982,3.075233388248208
2024-09-24,18.29,19.0,18.05,18.99,67824282.0,1265208830.0,1517423272.0,0.04469700923368994,0.8099999999999987,4.455445544554459,5.225522552255222
2024-09-25,19.1,19.52,18.93,19.03,73071748.0,1410331304.0,1517423272.0,0.04815515179471954,0.0400000000000027,0.21063717746183652,3.1068983675618744
2024-09-26,18.96,19.81,18.9,19.8,69271314.0,1348020499.0,1517423272.0,0.04565062054748822,0.7699999999999996,4.046242774566466,4.781923279033106
2024-09-27,20.0,21.15,20.0,20.84,94567542.0,1947248539.0,1517423272.0,0.06232113593154383,1.0399999999999991,5.252525252525242,5.8080808080808
2024-09-30,21.64,22.83,21.12,22.82,147913899.0,3280518021.0,1517423272.0,0.09747702024171935,1.9800000000000004,9.500959692898281,8.205374280230314
2024-10-08,25.1,25.1,23.73,25.1,185866396.0,4651391921.0,1517423272.0,0.12248816755988173,2.280000000000001,9.99123575810692,6.003505696757235
2024-10-09,24.72,27.02,23.86,24.82,227120464.0,5751301664.0,1517423272.0,0.14967508946969676,-0.28000000000000114,-1.1155378486055856,12.58964143426295
2024-10-10,24.75,25.17,23.16,23.67,127196070.0,3062425638.0,1517423272.0,0.08382372430096749,-1.1499999999999986,-4.633360193392422,8.098307816277202
2024-10-11,23.25,23.81,22.0,22.3,86396018.0,1971699946.0,1517423272.0,0.05693600433986227,-1.370000000000001,-5.787917194761305,7.646810308407261
2024-10-14,21.23,22.23,20.64,22.23,159772094.0,3428807908.0,1517423272.0,0.10529171190937159,-0.07000000000000028,-0.3139013452914785,7.130044843049327
2024-10-15,21.81,22.57,21.64,21.65,100250323.0,2217155622.0,1517423272.0,0.06606615625966226,-0.5800000000000018,-2.609086819613149,4.183535762483129
2024-10-16,21.07,21.7,21.06,21.29,58888321.0,1261104663.0,1517423272.0,0.03880810455897634,-0.35999999999999943,-1.6628175519630473,2.9561200923787556
2024-10-17,21.63,21.83,21.23,21.26,61913727.0,1337926865.0,1517423272.0,0.04080188312809796,-0.029999999999997584,-0.14091122592765348,2.8182245185533015
2024-10-18,21.33,23.38,21.33,22.85,147209203.0,3317210914.0,1517423272.0,0.09701261718885777,1.5899999999999999,7.478833490122305,9.64252116650988
2024-10-21,23.19,24.19,22.88,23.48,161971212.0,3823399488.0,1517423272.0,0.10674095685017278,0.629999999999999,2.7571115973741733,5.733041575492351
2024-10-22,23.3,24.0,23.0,23.72,104758278.0,2473183238.0,1517423272.0,0.06903695226838462,0.23999999999999844,1.0221465076660996,4.258943781942079
2024-10-23,23.64,23.72,23.1,23.2,79286411.0,1860115371.0,1517423272.0,0.052250688692482374,-0.5199999999999996,-2.1922428330522714,2.6138279932546267
2024-10-24,23.36,23.63,22.93,23.22,66906397.0,1563312212.0,1517423272.0,0.044092112091977984,0.019999999999999574,0.08620689655172153,3.0172413793103416
2024-10-25,23.32,23.78,23.13,23.46,70117576.0,1646284894.0,1517423272.0,0.046208317279583674,0.240000000000002,1.033591731266159,2.799310938845832
2024-10-28,23.47,23.51,23.01,23.4,65010051.0,1516400181.0,1517423272.0,0.04284239750344359,-0.060000000000002274,-0.2557544757033292,2.131287297527707
2024-10-29,23.43,23.93,23.2,23.28,105168780.0,2485400659.0,1517423272.0,0.06930747797309385,-0.11999999999999744,-0.5128205128204999,3.119658119658122
2024-10-30,23.31,24.82,23.24,24.48,188094576.0,4583380241.0,1517423272.0,0.1239565647046436,1.1999999999999993,5.154639175257736,6.786941580756022
2024-10-31,24.39,26.94,23.73,26.94,195718995.0,4961697841.0,1517423272.0,0.1289811475884627,2.460000000000001,10.049019607843146,13.11274509803922
2024-11-01,29.63,29.63,28.16,29.63,336393481.0,9926188993.0,1517423272.0,0.221687308483562,2.6899999999999977,9.98515219005196,5.456570155902
2024-11-04,29.63,30.79,26.92,28.61,358167304.0,10370117503.0,1517423272.0,0.23603651704110679,-1.0199999999999996,-3.442456969287877,13.061086736415787
2024-11-05,29.15,31.47,28.52,31.47,317065803.0,9598103851.0,1517423272.0,0.20895013860048403,2.8599999999999994,9.99650471862985,10.311080041943374
2024-11-06,31.9,34.62,30.2,34.62,456531875.0,14861804311.0,1517423272.0,0.30085994028434804,3.1499999999999986,10.0095328884652,14.045122338735297
2024-11-07,32.85,36.05,31.9,33.74,337468275.0,11349190162.0,1517423272.0,0.2223956105241544,-0.8799999999999955,-2.541883304448278,11.987290583477755
2024-11-08,34.62,36.55,33.18,33.42,308131674.0,10722952801.0,1517423272.0,0.20306244123557898,-0.3200000000000003,-0.9484291641967957,9.988144635447533
2024-11-11,34.95,36.76,34.29,36.76,304754735.0,11024044939.0,1517423272.0,0.20083699823472853,3.3399999999999963,9.994015559545177,7.390783961699578
2024-11-12,36.77,37.68,34.89,36.49,302805269.0,10991226125.0,1517423272.0,0.19955227693384156,-0.269999999999996,-0.7344940152339441,7.589771490750814
2024-11-13,35.49,36.27,33.79,33.81,232691252.0,8070897851.0,1517423272.0,0.15334630507762503,-2.6799999999999997,-7.3444779391614095,6.796382570567289
2024-11-14,33.2,36.39,32.39,34.48,303945764.0,10429845820.0,1517423272.0,0.20030387671555364,0.6699999999999946,1.9816622301094267,11.830819284235433
2024-11-15,33.81,33.9,31.04,31.06,245516834.0,7943862886.0,1517423272.0,0.1617985162942723,-3.419999999999998,-9.918793503480272,8.294663573085845
2024-11-18,30.57,31.78,29.31,29.61,166902036.0,5065292429.0,1517423272.0,0.10999042856382395,-1.4499999999999993,-4.6683837733419224,7.95235028976176
2024-11-19,29.61,31.13,29.42,31.03,160077635.0,4859829608.0,1517423272.0,0.10549306706560119,1.4200000000000017,4.795677136102672,5.775075987841936
2024-11-20,30.74,32.15,30.46,31.39,151401652.0,4754323231.0,1517423272.0,0.09977549098772488,0.35999999999999943,1.1601675797615174,5.4463422494360225
2024-11-21,31.02,32.5,30.94,31.79,153334027.0,4890681703.0,1517423272.0,0.1010489491161567,0.3999999999999986,1.274291175533615,4.9697355845810725
2024-11-22,31.5,31.88,29.57,29.57,150020636.0,4620107479.0,1517423272.0,0.09886538500379609,-2.219999999999999,-6.9833280905945205,7.266435986159165
2024-11-25,29.62,30.32,28.59,29.33,107792606.0,3172171238.0,1517423272.0,0.07103661054171574,-0.240000000000002,-0.8116334122421409,5.850524179912074
2024-11-26,29.17,29.77,28.84,28.9,67606898.0,1982785009.0,1517423272.0,0.044553750589901325,-0.4299999999999997,-1.4660756904193661,3.1708148653256045
2024-11-27,28.91,29.79,28.24,29.68,108124364.0,3159607258.0,1517423272.0,0.07125524301303848,0.7800000000000011,2.69896193771626,5.363321799307961
2024-11-28,29.7,30.32,29.21,29.54,117153200.0,3500410042.0,1517423272.0,0.07720535341835723,-0.14000000000000057,-0.4716981132075526,3.739892183288408
2024-11-29,29.18,30.51,28.59,29.9,131956239.0,3912622715.0,1517423272.0,0.0869607323381027,0.35999999999999943,1.2186865267433955,6.499661475964799
2024-12-02,29.71,31.6,29.61,31.38,156383289.0,4827968081.0,1517423272.0,0.10305844907326557,1.4800000000000004,4.949832775919738,6.655518394648836
2024-12-03,31.79,31.99,30.31,30.72,121358205.0,3784608071.0,1517423272.0,0.07997650177069382,-0.6600000000000001,-2.103250478011476,5.353728489483746
2024-12-04,31.51,32.6,30.65,30.77,136133865.0,4313231507.0,1517423272.0,0.08971383760351344,0.05000000000000071,0.16276041666667407,6.34765625000001
2024-12-05,30.4,31.2,30.27,30.44,83845413.0,2567409118.0,1517423272.0,0.05525512528187982,-0.3299999999999983,-1.0724731881702865,3.0224244393890145
2024-12-06,30.32,30.79,29.62,30.28,93737689.0,2842248326.0,1517423272.0,0.06177425292578484,-0.16000000000000014,-0.5256241787122251,3.843626806833108
2024-12-09,29.91,30.1,29.25,29.4,75721548.0,2247049361.0,1517423272.0,0.04990140153854185,-0.8800000000000026,-2.9062087186261687,2.807133421400269
2024-12-10,30.51,30.7,29.37,29.4,83554869.0,2511165213.0,1517423272.0,0.055063653327177914,0.0,0.0,4.523809523809518
2024-12-11,29.39,30.21,29.32,29.71,64443963.0,1922927787.0,1517423272.0,0.04246933877260319,0.3100000000000023,1.054421768707492,3.0272108843537437
2024-12-12,29.56,29.91,29.21,29.7,59010079.0,1748353972.0,1517423272.0,0.03888834453041129,-0.010000000000001563,-0.033658700774152894,2.356109054190506
2024-12-13,29.42,29.78,28.83,29.06,72008118.0,2110665847.0,1517423272.0,0.047454206963025936,-0.6400000000000006,-2.154882154882154,3.1986531986532083
2024-12-16,29.07,29.15,28.31,28.41,54288852.0,1560063151.0,1517423272.0,0.03577699973485052,-0.6499999999999986,-2.2367515485202993,2.8905712319339294
2024-12-17,28.24,28.87,28.11,28.17,50787925.0,1450646702.0,1517423272.0,0.03346984716601868,-0.23999999999999844,-0.8447729672650395,2.675114396339323
2024-12-18,28.24,29.01,27.94,28.71,65870297.0,1887330113.0,1517423272.0,0.04340930985800777,0.5399999999999991,1.9169329073482455,3.798367057153
2024-12-19,28.19,29.49,28.11,29.25,83856413.0,2445651609.0,1517423272.0,0.055262374412826325,0.5399999999999991,1.880877742946696,4.806687565308251
2024-12-20,29.1,30.72,28.89,30.09,128334078.0,3853205570.0,1517423272.0,0.08457368512007374,0.8399999999999999,2.871794871794875,6.256410256410251
2024-12-23,29.91,30.28,29.16,29.34,75038793.0,2235208486.0,1517423272.0,0.04945145786587093,-0.75,-2.4925224327018936,3.722166832834832
2024-12-24,29.35,29.9,28.72,29.78,70370750.0,2068058170.0,1517423272.0,0.04637516195942459,0.4400000000000013,1.499659168370826,4.021813224267211
2024-12-25,29.71,30.02,29.18,29.34,50729701.0,1504531477.0,1517423272.0,0.033431476856906936,-0.4400000000000013,-1.4775016789791873,2.820685023505708
2024-12-26,29.16,30.91,29.06,30.81,120733204.0,3675368959.0,1517423272.0,0.07956461867153966,1.4699999999999989,5.0102249488752415,6.305385139740973
2024-12-27,30.65,31.88,30.51,30.71,133146501.0,4151366099.0,1517423272.0,0.08774512916525246,-0.09999999999999787,-0.3245699448231054,4.44660824407659
2024-12-30,30.71,31.9,30.54,31.57,122528886.0,3856860067.0,1517423272.0,0.08074799448574689,0.8599999999999994,2.8003907521979787,4.428524910452619
2024-12-31,31.4,31.42,29.41,29.46,104919974.0,3180768126.0,1517452222.0,0.06914219273521219,-2.1099999999999994,-6.6835603420969285,6.366803927779542
2025-01-02,29.02,29.05,26.92,27.38,103669600.0,2911975970.0,1517452222.0,0.0683181971049893,-2.080000000000002,-7.060420909708087,7.230142566191443
2025-01-03,27.38,27.56,26.07,26.11,67464276.0,1804072214.0,1517452222.0,0.044458912789413677,-1.2699999999999996,-4.638422205989768,5.4419284149013825
2025-01-06,26.02,27.18,25.82,26.34,59782720.0,1580650330.0,1517452222.0,0.03939677251993243,0.23000000000000043,0.8808885484488771,5.208732286480274
2025-01-07,26.46,27.35,26.23,27.34,62574362.0,1683510523.0,1517452222.0,0.041236462731938324,1.0,3.796507213363709,4.252088078967354
2025-01-08,27.04,27.64,26.11,27.07,66871200.0,1801475666.0,1517452222.0,0.04406807610183855,-0.2699999999999996,-0.987564008778341,5.596196049743969
2025-01-09,26.92,28.21,26.84,27.46,65959085.0,1824434626.0,1517452222.0,0.043466992926516006,0.39000000000000057,1.4407092722571235,5.060953084595496
2025-01-10,27.27,29.19,27.11,27.86,123652573.0,3534254356.0,1517452222.0,0.08148696295493645,0.3999999999999986,1.456664238892924,7.57465404224327
2025-01-13,26.9,27.45,26.65,27.11,62297944.0,1687691569.0,1517452222.0,0.04105430345470212,-0.75,-2.6920315865039512,2.8715003589375474
2025-01-14,27.39,28.66,26.82,28.61,88703342.0,2488478292.0,1517452222.0,0.05845544308676099,1.5,5.533013648100327,6.787163408336407
2025-01-15,28.42,28.76,28.11,28.18,61388646.0,1748236959.0,1517452222.0,0.04045507668049663,-0.4299999999999997,-1.5029709891646315,2.2719328905977005
2025-01-16,28.68,29.35,28.01,28.37,69623096.0,2000679941.0,1517452222.0,0.04588157372641153,0.19000000000000128,0.6742370475514514,4.755145493257629
2025-01-17,28.16,29.15,28.08,28.63,70947311.0,2038268816.0,1517452222.0,0.04675423052627749,0.259999999999998,0.9164610504053483,3.7715897074374345
2025-01-20,28.63,29.1,28.42,28.79,65108438.0,1878314450.0,1517452222.0,0.042906417122106924,0.16000000000000014,0.5588543485854025,2.3751309814879487
2025-01-21,28.91,28.96,28.27,28.73,57262010.0,1644951151.0,1517452222.0,0.0377356263148297,-0.05999999999999872,-0.20840569642236462,2.3966655088572466
2025-01-22,28.51,29.25,28.43,28.78,70154220.0,2032660749.0,1517452222.0,0.04623158408739672,0.05000000000000071,0.17403411068570573,2.854159415245389
2025-01-23,29.31,29.6,28.09,28.1,79228233.0,2294213113.0,1517452222.0,0.05221135258912949,-0.6799999999999997,-2.3627519110493433,5.246699096594862
2025-01-24,27.9,28.79,27.82,28.78,60669068.0,1739400880.0,1517452222.0,0.03998087525947819,0.6799999999999997,2.4199288256227636,3.4519572953736617
2025-01-27,29.27,29.41,28.21,28.21,55531801.0,1596800046.0,1517452222.0,0.03659541974033895,-0.5700000000000003,-1.9805420430854759,4.169562195969421
2025-02-05,28.7,29.21,28.36,28.88,60441888.0,1749124673.0,1517452222.0,0.039831163791330226,0.6699999999999982,2.3750443105281738,3.013115916341728
2025-02-06,28.62,29.91,28.57,29.82,93117685.0,2761556765.0,1517452222.0,0.06136449217311832,0.9400000000000013,3.2548476454293596,4.6398891966759
2025-02-07,29.86,30.91,29.47,30.27,126686372.0,3837679615.0,1517452222.0,0.08348623446807935,0.4499999999999993,1.5090543259557387,4.828973843058355
2025-02-10,30.3,30.46,29.81,30.04,83191958.0,2510055661.0,1517452222.0,0.054823444714689674,-0.23000000000000043,-0.7598282127519007,2.1473406012553755
2025-02-11,29.89,29.91,29.12,29.34,67988929.0,2003308264.0,1517452222.0,0.044804658765724224,-0.6999999999999993,-2.3302263648468657,2.6298268974700374
2025-02-12,29.41,30.5,29.33,30.41,109699844.0,3295809144.0,1517452222.0,0.07229212387024335,1.0700000000000003,3.646898432174517,3.9877300613496995
2025-02-13,30.31,30.51,29.56,29.56,75067896.0,2252212031.0,1517452222.0,0.04946969328698904,-0.8500000000000014,-2.7951331798750423,3.123972377507408
2025-02-14,29.71,30.91,29.01,30.75,124506943.0,3778629452.0,1517452222.0,0.082049992213857,1.1900000000000013,4.025710419485806,6.4276048714478975
2025-02-17,30.77,30.98,30.14,30.55,90876802.0,2781323462.0,1517452222.0,0.05988775177397315,-0.1999999999999993,-0.6504065040650375,2.7317073170731705
2025-02-18,30.26,30.89,29.3,29.49,86052337.0,2606270164.0,1517452222.0,0.056708432563750265,-1.0600000000000023,-3.469721767594114,5.204582651391161
2025-02-19,29.36,30.47,29.34,30.34,85192831.0,2575584344.0,1517452222.0,0.05614201868426273,0.8500000000000014,2.882332994235348,3.8318073923363816
2025-02-20,30.11,30.15,29.56,29.79,65326302.0,1952644744.0,1517452222.0,0.0430499893524819,-0.5500000000000007,-1.8127883981542525,1.9446275543836515
2025-02-21,29.85,30.91,29.63,30.79,133356703.0,4082876160.0,1517452222.0,0.08788197813848533,1.0,3.3568311513930915,4.296743873783153
2025-02-24,30.82,32.4,30.69,31.52,147793499.0,4665923121.0,1517452222.0,0.09739581705261756,0.7300000000000004,2.3708996427411533,5.55375121792789
2025-02-25,30.83,31.88,30.72,30.91,99755988.0,3124925823.0,1517452222.0,0.06573912941293251,-0.6099999999999994,-1.9352791878172626,3.6802030456852797
2025-02-26,30.91,31.3,30.28,31.09,85817097.0,2647718523.0,1517452222.0,0.05655340956098979,0.17999999999999972,0.5823358136525458,3.2999029440310563
2025-02-27,31.19,31.24,29.81,30.29,81267420.0,2477761803.0,1517452222.0,0.05355517545909264,-0.8000000000000007,-2.5731746542296596,4.599549694435509
2025-02-28,29.95,30.17,28.28,28.42,77297190.0,2260327471.0,1517452222.0,0.05093879654288055,-1.8699999999999974,-6.173654671508744,6.239683063717401
2025-03-03,28.71,28.89,28.08,28.34,45928055.0,1313709108.0,1517452222.0,0.030266557545691214,-0.08000000000000185,-0.28149190710767824,2.850105559465173
2025-03-04,27.93,29.05,27.85,28.9,48829780.0,1399242354.0,1517452222.0,0.03217879238111525,0.5599999999999987,1.9760056457304165,4.234297812279461
2025-03-05,28.9,29.19,28.5,28.79,35260715.0,1018175173.0,1517452222.0,0.023236787615972795,-0.10999999999999943,-0.38062283737023694,2.3875432525951603
2025-03-06,28.91,29.46,28.91,29.28,53795771.0,1578011277.0,1517452222.0,0.03545137713073908,0.490000000000002,1.7019798541160203,1.9103855505383838
2025-03-07,29.0,29.11,28.61,28.72,43211222.0,1250870941.0,1517452222.0,0.02847616641468136,-0.5600000000000023,-1.9125683060109422,1.7076502732240435
2025-03-10,28.66,28.86,28.36,28.61,28775053.0,823763526.0,1517452222.0,0.01896274069313004,-0.10999999999999943,-0.3830083565459552,1.7409470752089138
2025-03-11,28.21,28.7,28.1,28.46,30661190.0,872456665.0,1517452222.0,0.020205703715395134,-0.14999999999999858,-0.5242922055225363,2.097168822090171
2025-03-12,28.56,28.86,28.43,28.55,34094301.0,979043843.0,1517452222.0,0.02246812156962923,0.08999999999999986,0.3162333099086423,1.51089248067463
2025-03-13,28.55,28.55,27.52,27.7,47064572.0,1316796720.0,1517452222.0,0.031015521489018583,-0.8500000000000014,-2.977232924693529,3.6077057793345046
2025-03-14,27.71,28.51,27.6,28.51,42663504.0,1204455180.0,1517452222.0,0.028115220618787958,0.8100000000000023,2.9241877256317883,3.2851985559566796
2025-03-17,28.54,28.69,28.31,28.49,27431397.0,784935547.0,1517452222.0,0.018077272287258875,-0.020000000000003126,-0.0701508242721971,1.3328656611715277
2025-03-18,28.56,28.87,28.46,28.61,27815675.0,799203125.0,1517452222.0,0.018330511232399118,0.120000000000001,0.42120042120041834,1.4391014391014396
2025-03-19,28.59,28.67,28.19,28.27,23542224.0,669436896.0,1517452222.0,0.015514309879866517,-0.33999999999999986,-1.1883956658511052,1.6777350576721441
2025-03-20,28.28,28.37,27.95,27.99,23581100.0,666001974.0,1517452222.0,0.015539929137880956,-0.28000000000000114,-0.9904492394764763,1.4856738592147212
2025-03-21,27.85,27.99,27.19,27.32,32316781.0,892535278.0,1517452222.0,0.021296737077762175,-0.6699999999999982,-2.393712040014284,2.8581636298678
2025-03-24,27.22,27.51,26.77,27.51,27097980.0,737637472.0,1517452222.0,0.017857550707122034,0.19000000000000128,0.6954612005856564,2.7086383601757027
2025-03-25,27.51,27.53,26.93,27.06,21302573.0,579992494.0,1517452222.0,0.014038381367897855,-0.45000000000000284,-1.6357688113413427,2.1810250817884453
2025-03-26,27.06,27.32,26.96,27.0,16130207.0,438652932.0,1517452222.0,0.010629795631219551,-0.05999999999999872,-0.22172949002217113,1.3303769401330356
2025-03-27,26.92,27.56,26.73,27.19,25263906.0,688869892.0,1517452222.0,0.016648897167056902,0.19000000000000128,0.7037037037037175,3.0740740740740677
2025-03-28,27.18,27.26,26.95,26.95,16600800.0,450984810.0,1517452222.0,0.010939916103664975,-0.240000000000002,-0.8826774549466787,1.1401250459727925
2025-03-31,26.87,26.94,26.33,26.69,22622543.0,603478000.0,1517452222.0,0.014908240715601258,-0.259999999999998,-0.9647495361781,2.2634508348794173
2025-04-01,26.79,27.08,26.71,26.75,17448300.0,469934637.0,1517452222.0,0.011498418037177582,0.05999999999999872,0.22480329711502822,1.3862869988759738
2025-04-02,26.74,27.02,26.69,26.8,14371150.0,386836097.0,1517452222.0,0.009470578244011428,0.05000000000000071,0.18691588785046953,1.2336448598130778
2025-04-03,26.5,27.11,26.2,26.46,22067881.0,589280015.0,1517452222.0,0.014542718828349378,-0.33999999999999986,-1.2686567164179152,3.395522388059702
2025-04-07,23.93,25.1,23.82,23.82,33680411.0,814084122.0,1517452222.0,0.022195368336282287,-2.6400000000000006,-9.977324263038556,4.837490551776271
2025-04-08,23.43,24.04,22.03,22.71,57774216.0,1326839476.0,1517452222.0,0.03807316972646009,-1.1099999999999994,-4.659949622166248,8.438287153652386
2025-04-09,22.13,23.7,21.43,23.41,58387985.0,1341368783.0,1517452222.0,0.03847764308720357,0.6999999999999993,3.082342580361064,9.995596653456625
2025-04-10,24.13,24.52,23.87,23.98,46831368.0,1136058606.0,1517452222.0,0.0308618402088972,0.5700000000000003,2.4348568987612174,2.776591200341728
2025-04-11,23.77,26.38,23.69,26.18,110971465.0,2847867250.0,1517452222.0,0.07313012125926427,2.1999999999999993,9.174311926605494,11.21768140116763
2025-04-14,26.08,26.28,25.87,26.02,77918169.0,2035033200.0,1517452222.0,0.0513480212888047,-0.16000000000000014,-0.6111535523300238,1.5660809778456841
2025-04-15,26.12,26.2,25.52,25.71,38689834.0,1001061506.0,1517452222.0,0.02549657474487523,-0.3099999999999987,-1.191391237509598,2.6133743274404297
2025-04-16,25.67,26.04,25.27,25.69,31889844.0,820460168.0,1517452222.0,0.02101538588013613,-0.019999999999999574,-0.0777907429015956,2.9949436017113946
2025-04-17,25.52,26.11,25.42,25.49,34971300.0,905706143.0,1517452222.0,0.023046063324424063,-0.20000000000000284,-0.7785130400934315,2.6858699883222954
2025-04-18,25.32,25.5,25.1,25.27,23083814.0,584740528.0,1517452222.0,0.015212217996277711,-0.21999999999999886,-0.8630835621812438,1.5692428403295358
2025-04-21,25.31,25.6,25.26,25.56,21238110.0,542391644.0,1517452222.0,0.013995900293986323,0.28999999999999915,1.1476058567471359,1.3454689354966358
2025-04-22,25.52,25.9,25.4,25.54,26562049.0,683055622.0,1517452222.0,0.017504372536349944,-0.019999999999999574,-0.07824726134585402,1.9561815336463224
2025-04-23,25.66,25.94,25.54,25.77,27969878.0,721995116.0,1517452222.0,0.018432130906326488,0.23000000000000043,0.9005481597494036,1.5661707126076827
2025-04-24,25.82,25.82,25.08,25.12,25455968.0,647067726.0,1517452222.0,0.01677546589667849,-0.6499999999999986,-2.5223127667830747,2.871556072953054
2025-04-25,25.22,25.67,25.1,25.35,22280521.0,567879290.0,1517452222.0,0.014682848446216187,0.23000000000000043,0.9156050955414052,2.2691082802547777
2025-04-28,25.35,25.5,25.05,25.07,17922400.0,453632163.0,1517452222.0,0.011810849620278853,-0.28000000000000114,-1.104536489151875,1.7751479289940801
2025-04-29,25.04,25.32,24.88,25.29,16845646.0,425187925.0,1517452222.0,0.011101269454004595,0.21999999999999886,0.8775428799361773,1.7550857598723626
2025-04-30,25.29,25.67,25.16,25.54,23336382.0,597634060.0,1517452222.0,0.015378660139455777,0.25,0.9885330170027684,2.016607354685653
2025-05-06,25.83,26.12,25.69,26.12,31957703.0,832763525.0,1517452222.0,0.021060104915777703,0.5800000000000018,2.2709475332811424,1.6836335160532487
2025-05-07,26.45,26.5,25.72,25.88,31330226.0,817131350.0,1517452222.0,0.02064659799219695,-0.240000000000002,-0.9188361408882129,2.986217457886681
2025-05-08,25.8,26.3,25.78,26.22,28716212.0,750902578.0,1517452222.0,0.018923964513460644,0.33999999999999986,1.3137557959814528,2.009273570324573
2025-05-09,26.17,26.17,25.47,25.61,25138125.0,648238956.0,1517452222.0,0.01656600757213165,-0.6099999999999994,-2.326468344774979,2.669717772692612
2025-05-12,25.85,26.1,25.74,25.98,23387534.0,607638808.0,1517452222.0,0.015412369273264672,0.370000000000001,1.4447481452557698,1.4057008980866965
2025-05-13,26.29,26.29,25.73,25.76,21608048.0,562351530.0,1517452222.0,0.014239689188711735,-0.21999999999999886,-0.8468052347959887,2.155504234026169
2025-05-14,25.78,26.09,25.72,25.86,22328360.0,579777499.0,1517452222.0,0.01471437431523956,0.09999999999999787,0.38819875776396895,1.4363354037267118
2025-05-15,25.92,25.93,25.12,25.12,22974143.0,585622483.0,1517452222.0,0.015139944880584188,-0.7399999999999984,-2.8615622583139877,3.132250580046399
2025-05-16,25.02,25.35,24.97,25.12,13466821.0,340572268.0,1517452222.0,0.008874626037484559,0.0,0.0,1.5127388535031947
2025-05-19,24.11,24.33,23.73,24.25,50705436.0,1221108680.0,1517452222.0,0.03341484843138606,-0.870000000000001,-3.4633757961783473,2.3885350318471255
2025-05-20,24.24,24.54,24.05,24.43,21171046.0,517587222.0,1517452222.0,0.013951705162813357,0.17999999999999972,0.7422680412371152,2.0206185567010246
2025-05-21,24.43,24.43,24.07,24.2,17227724.0,418348655.0,1517452222.0,0.011353058600615367,-0.23000000000000043,-0.9414654113794496,1.4735980352026175
2025-05-22,24.16,24.42,23.94,23.97,17412567.0,421482486.0,1517452222.0,0.011474870014062295,-0.23000000000000043,-0.9504132231405005,1.9834710743801671
2025-05-23,23.94,24.12,23.47,23.48,21658842.0,516938275.0,1517452222.0,0.014273162400759922,-0.48999999999999844,-2.04422194409678,2.7117229870671764
2025-05-26,23.68,24.31,23.63,23.86,17102813.0,408455821.0,1517452222.0,0.01127074233510859,0.379999999999999,1.6183986371379966,2.896081771720612
2025-05-27,23.76,23.8,23.44,23.5,12507004.0,295628385.0,1517452222.0,0.008242107276047074,-0.35999999999999943,-1.5088013411567402,1.5088013411567454
2025-05-28,23.54,23.62,23.23,23.24,13669648.0,320100957.0,1517452222.0,0.00900828889491059,-0.26000000000000156,-1.106382978723408,1.6595744680851086
2025-05-29,23.23,23.87,23.21,23.84,22905619.0,543277057.0,1517452222.0,0.015094787610387116,0.6000000000000014,2.581755593803803,2.8399311531841662
2025-05-30,23.68,23.71,23.34,23.37,14309000.0,336371717.0,1517452222.0,0.009429621435553837,-0.46999999999999886,-1.971476510067105,1.552013422818796
2025-06-03,23.03,23.44,23.01,23.19,13164846.0,307060472.0,1517452222.0,0.008675624714331203,-0.17999999999999972,-0.7702182284980763,1.8399657680787322
2025-06-04,23.19,23.54,23.19,23.44,13999561.0,328744461.0,1517452222.0,0.009225701341389581,0.25,1.0780508840017244,1.5092712376024056
2025-06-05,23.44,23.93,23.33,23.9,23363102.0,556105291.0,1517452222.0,0.01539626860159555,0.4599999999999973,1.9624573378839383,2.5597269624573435
2025-06-06,23.91,23.94,23.7,23.8,14421457.0,344337169.0,1517452222.0,0.009503730523385137,-0.09999999999999787,-0.4184100418409997,1.0041841004184184
2025-06-09,23.8,24.02,23.75,23.91,14446962.0,346314763.0,1517452222.0,0.009520538301337042,0.10999999999999943,0.4621848739495782,1.1344537815126032
2025-06-10,23.93,23.95,23.28,23.43,18756799.0,443195031.0,1517452222.0,0.012360718003548451,-0.4800000000000004,-2.0075282308657516,2.802174822250097
2025-06-11,23.39,23.72,23.39,23.47,14554013.0,343777123.0,1517452222.0,0.00959108483878183,0.03999999999999915,0.17072129748185727,1.408450704225345
2025-06-12,23.37,23.49,23.24,23.26,16520788.0,386597565.0,1517452222.0,0.010887188249146734,-0.2099999999999973,-0.8947592671495364,1.0651896037494675
2025-06-13,23.19,23.42,22.96,23.03,23260534.0,539675008.0,1517452222.0,0.015328676358154228,-0.23000000000000043,-0.9888220120378377,1.9776440240756699
2025-06-16,22.93,23.38,22.83,23.23,15094838.0,351710741.0,1517452222.0,0.009947488152282661,0.1999999999999993,0.8684324793747145,2.388189318280507
2025-06-17,23.37,23.94,23.29,23.58,31470084.0,745536881.0,1517452222.0,0.020738764320712828,0.34999999999999787,1.5066724063710568,2.798105897546286
2025-06-18,23.58,24.32,23.47,24.04,41319161.0,989663230.0,1517452222.0,0.027229299480375994,0.46000000000000085,1.9508057675996726,3.6047497879559014
2025-06-19,23.94,24.16,23.67,23.77,27024800.0,647171489.0,1517452222.0,0.017809325136037134,-0.2699999999999996,-1.1231281198003318,2.038269550748746
2025-06-20,23.79,24.17,23.53,23.56,19466762.0,463171155.0,1517452222.0,0.012828583145993772,-0.21000000000000085,-0.8834665544804388,2.692469499368955
2025-06-23,23.27,24.67,23.25,24.41,56701467.0,1381903926.0,1517452222.0,0.03736622885250881,0.8500000000000014,3.6078098471986397,6.0271646859083265
2025-06-24,24.39,24.72,24.35,24.67,35659569.0,877705978.0,1517452222.0,0.023499632135370124,0.26000000000000156,1.0651372388365443,1.515772224498146
2025-06-25,24.83,24.97,24.58,24.96,40337997.0,1002147967.0,1517452222.0,0.02658271306020731,0.28999999999999915,1.1755168220510814,1.5808674503445501
2025-06-26,25.16,25.21,24.67,24.67,37280261.0,929785266.0,1517452222.0,0.024567667080064415,-0.28999999999999915,-1.1618589743589758,2.1634615384615348
2025-06-27,25.06,25.95,24.82,25.33,73559339.0,1865805871.0,1517452222.0,0.04847555523234128,0.6599999999999966,2.675314146736918,4.58046209971625
2025-06-30,25.5,25.91,25.36,25.59,47381371.0,1216826899.0,1517452222.0,0.031224291818263257,0.26000000000000156,1.02645084879589,2.1713383339913177
2025-07-01,25.48,26.47,25.3,25.87,56965163.0,1477891114.0,1517452222.0,0.03754000434024868,0.28000000000000114,1.0941774130519777,4.5720984759671675
2025-07-02,25.69,25.7,25.12,25.26,35837408.0,909027885.0,1517452222.0,0.023616827917498678,-0.6099999999999994,-2.357943563973708,2.24197912640123
2025-07-03,25.17,25.45,25.11,25.36,23360135.0,591078187.0,1517452222.0,0.015394313350578757,0.09999999999999787,0.39588281868565556,1.3460015835312742
2025-07-04,25.36,25.5,24.97,25.06,26159767.0,658943250.0,1517452222.0,0.017239268967243964,-0.3000000000000007,-1.1829652996845463,2.08990536277603
2025-07-07,24.98,25.16,24.78,24.89,16710143.0,416252482.0,1517452222.0,0.011011973067577742,-0.16999999999999815,-0.6783719074221817,1.5163607342378254
2025-07-08,25.02,25.31,24.97,25.2,22389390.0,564634712.0,1517452222.0,0.014754593044445784,0.3099999999999987,1.2454801124949677,1.3660104459622333
2025-07-09,25.15,25.25,24.83,24.93,20688232.0,518421025.0,1517452222.0,0.013633531059536713,-0.2699999999999996,-1.0714285714285676,1.6666666666666736
2025-07-10,24.83,24.99,24.77,24.88,17998900.0,447990660.0,1517452222.0,0.011861263069144591,-0.05000000000000071,-0.20056157240273542,0.8824709185719971
2025-07-11,24.92,25.73,24.73,25.45,40667078.0,1031659913.0,1517452222.0,0.026799577219242424,0.5700000000000003,2.290996784565924,4.019292604501608
2025-07-14,25.44,25.94,25.25,25.73,34832200.0,896536075.0,1517452222.0,0.022954396517401523,0.28000000000000114,1.1001964636542239,2.7111984282907713
2025-07-15,25.7,25.84,25.35,25.58,25891890.0,662647926.0,1517452222.0,0.017062738203298764,-0.15000000000000213,-0.5829770695686021,1.9043917605907439
2025-07-16,25.74,26.63,25.73,25.88,61571523.0,1610081973.0,1517452222.0,0.040575592501257675,0.3000000000000007,1.1727912431587217,3.518373729476148
2025-07-17,25.58,26.02,25.41,26.02,39158676.0,1010367955.0,1517452222.0,0.025805541309491063,0.14000000000000057,0.5409582689335446,2.357032457496134
2025-07-18,26.02,26.22,25.81,25.93,26932956.0,700150724.0,1517452222.0,0.017748800001427655,-0.08999999999999986,-0.34588777863182596,1.5757109915449659
2025-07-21,25.8,25.95,25.65,25.81,23499558.0,606854230.0,1517452222.0,0.015486193014385398,-0.120000000000001,-0.4627844195912112,1.1569610489780204
2025-07-22,25.77,26.11,25.7,25.97,29180096.0,756830172.0,1517452222.0,0.01922966375939051,0.16000000000000014,0.6199147617202749,1.5885315769081758
2025-07-23,25.87,26.13,25.76,25.85,27834273.0,722500165.0,1517452222.0,0.01834276730196781,-0.11999999999999744,-0.46207162110125655,1.4247208317289082
2025-07-24,25.83,26.43,25.83,26.35,45129811.0,1186267655.0,1517452222.0,0.029740515283254828,0.5,1.934235976789167,2.321083172147007
2025-07-25,26.45,26.61,26.1,26.54,38163073.0,1006953921.0,1517452222.0,0.025149439597973715,0.18999999999999773,0.7210626185958136,1.9354838709677344
2025-07-28,26.67,28.17,26.67,27.47,97899608.0,2684034415.0,1517452222.0,0.0645157762337772,0.9299999999999997,3.504144687264499,5.651846269781462
2025-07-29,27.32,28.07,27.27,27.82,71310082.0,1983170277.0,1517452222.0,0.046993296372793474,0.3500000000000014,1.2741172187841432,2.9122679286494386
2025-07-30,27.83,28.09,27.28,27.85,58950974.0,1635117133.0,1517452222.0,0.0388486524618895,0.030000000000001137,0.10783608914450848,2.911574406901505
2025-07-31,27.78,28.47,27.67,28.09,91686864.0,2580674963.0,1517452222.0,0.06042158209051013,0.23999999999999844,0.8617594254937133,2.8725314183123776
2025-08-01,27.85,28.08,27.0,27.1,61425735.0,1682362859.0,1517452222.0,0.04047951830670554,-0.9899999999999984,-3.524385902456384,3.8447846208615104
2025-08-04,26.79,27.21,26.77,27.08,30041579.0,812252022.0,1517452222.0,0.019797380480556574,-0.020000000000003126,-0.07380073800739018,1.6236162361623663
2025-08-05,27.07,27.21,26.85,27.2,30016144.0,812103428.0,1517452222.0,0.01978061883255788,0.120000000000001,0.4431314623338345,1.329394387001475
2025-08-06,26.97,27.85,26.71,27.7,50460521.0,1380972925.0,1517452222.0,0.033253449610092564,0.5,1.8382352941176405,4.191176470588238
2025-08-07,27.45,27.84,27.3,27.52,48906554.0,1350397828.0,1517452222.0,0.03222938639579784,-0.17999999999999972,-0.6498194945848357,1.9494584837545095
2025-08-08,27.35,27.35,26.76,26.77,40139852.0,1082164046.0,1517452222.0,0.026452135637651728,-0.75,-2.7252906976744207,2.143895348837209
2025-08-11,26.79,27.76,26.78,27.42,44498167.0,1218518666.0,1517452222.0,0.02932426230945939,0.6500000000000021,2.428091146806133,3.6608143444153916
2025-08-12,27.37,28.92,27.1,28.67,107460238.0,3043809655.0,1517452222.0,0.0708162250132446,1.25,4.5587162654996405,6.637490882567469
2025-08-13,28.43,28.64,28.21,28.56,59537760.0,1695777409.0,1517452222.0,0.039235344043669004,-0.11000000000000298,-0.3836763167073709,1.4998256016742229
2025-08-14,28.91,29.47,27.97,28.52,107966929.0,3109084471.0,1517452222.0,0.07115013404356134,-0.03999999999999915,-0.1400560224089631,5.2521008403361344
2025-08-15,28.38,28.78,28.22,28.63,63319840.0,1807771680.0,1517452222.0,0.041727732235644646,0.10999999999999943,0.38569424964935983,1.9635343618513403
2025-08-18,28.94,29.63,28.53,29.52,101556896.0,2955529413.0,1517452222.0,0.06692592658116651,0.8900000000000006,3.108627314006296,3.8421236465246174
2025-08-19,29.51,29.51,28.76,28.77,77045199.0,2237020076.0,1517452222.0,0.0507727346423168,-0.75,-2.5406504065040636,2.540650406504065
2025-08-20,28.56,29.53,28.29,29.27,76574137.0,2208824552.0,1517452222.0,0.05046230509918486,0.5,1.737921445950641,4.310045185957602
2025-08-21,29.26,29.91,28.77,28.84,66374034.0,1946732722.0,1517452222.0,0.04374044404015509,-0.4299999999999997,-1.4690809702767371,3.8947728049197146
2025-08-22,28.84,30.45,28.84,30.2,140909517.0,4225976890.0,1517452222.0,0.09285927751602054,1.3599999999999994,4.715672676837723,5.582524271844658
2025-08-25,30.54,31.02,29.61,29.99,126623901.0,3822770001.0,1517452222.0,0.08344506612083633,-0.21000000000000085,-0.6953642384106007,4.668874172185431
2025-08-26,29.76,30.45,29.52,29.86,80242454.0,2402403454.0,1517452222.0,0.052879723550202165,-0.129999999999999,-0.4334778259419747,3.10103367789263
2025-08-27,29.88,30.83,29.37,29.47,121072874.0,3649725298.0,1517452222.0,0.07978694303826325,-0.39000000000000057,-1.306095110515737,4.889484259879429
2025-08-28,29.45,30.06,29.13,30.05,86794619.0,2582083979.0,1517452222.0,0.05719759590559287,0.5800000000000018,1.9681031557516215,3.155751611808618
2025-08-29,31.69,33.05,31.54,33.05,177962237.0,5795766608.0,1517452222.0,0.1172769952291783,2.9999999999999964,9.983361064891838,5.024958402662223
2025-09-01,35.4,35.96,33.54,34.84,327152969.0,11323892738.0,1517452222.0,0.215593587894855,1.7900000000000063,5.4160363086233065,7.322239031770052
2025-09-02,33.95,36.24,33.93,34.1,259145066.0,9106170070.0,1517452222.0,0.1707764252758134,-0.740000000000002,-2.123995407577506,6.63030998851895
2025-09-03,33.86,37.09,33.21,35.32,258865047.0,9124646986.0,1517452222.0,0.17059189294198418,1.2199999999999989,3.5777126099706624,11.378299120234612
2025-09-04,34.61,34.84,31.78,31.78,205140415.0,6730958321.0,1517452222.0,0.13518739636469423,-3.539999999999999,-10.022650056625137,8.663646659116655
2025-09-05,31.28,32.46,30.23,32.17,171511502.0,5386016254.0,1517452222.0,0.11302596517598958,0.39000000000000057,1.2271869100062949,7.016991818753934
2025-09-08,31.81,33.61,31.3,32.93,167266062.0,5405220097.0,1517452222.0,0.11022822305373381,0.759999999999998,2.3624494870997825,7.180603046316439
2025-09-09,32.3,32.6,31.16,31.17,115228411.0,3657327719.0,1517452222.0,0.07593544582782917,-1.759999999999998,-5.344670513209837,4.372912238080781
2025-09-10,31.55,32.38,31.16,31.39,92847900.0,2949143090.0,1517452222.0,0.06118670403844847,0.21999999999999886,0.7058068655758643,3.914019890920765
2025-09-11,31.19,32.87,31.06,32.86,136054321.0,4397047321.0,1517452222.0,0.08965970659733892,1.4699999999999989,4.683020070086008,5.766167569289578
2025-09-12,32.87,33.87,32.48,33.07,132326571.0,4406804029.0,1517452222.0,0.08720312183904792,0.21000000000000085,0.6390748630553889,4.230066950699941
2025-09-15,33.96,34.07,32.89,32.91,109341917.0,3644732774.0,1517452222.0,0.07205625021648952,-0.1600000000000037,-0.4838221953432198,3.568188690656183
2025-09-16,32.96,33.84,32.84,33.42,99238317.0,3316143646.0,1517452222.0,0.06539798456995505,0.5100000000000051,1.549680948040133,3.038590094196293
2025-09-17,33.31,34.31,33.06,33.71,92270927.0,3116433615.0,1517452222.0,0.06080647921710974,0.28999999999999915,0.8677438659485226,3.7402752842609215
2025-09-18,33.72,36.62,33.56,34.8,200747410.0,7048477709.0,1517452222.0,0.13229240900607414,1.0899999999999963,3.2334618807475346,9.077425096410547
2025-09-19,34.96,35.71,34.09,34.34,133066251.0,4651379871.0,1517452222.0,0.08769057046462976,-0.45999999999999375,-1.3218390804597524,4.655172413793097
2025-09-22,34.14,35.56,33.86,34.92,101949039.0,3557431552.0,1517452222.0,0.06718434855604963,0.5799999999999983,1.6889924286546343,4.9504950495049584
2025-09-23,35.11,35.26,33.32,34.25,108678409.0,3718519666.0,1517452222.0,0.07161899888799267,-0.6700000000000017,-1.91867124856816,5.555555555555549
2025-09-24,35.09,37.68,34.97,37.68,95661931.0,3542582768.0,1517452222.0,0.06304114858648907,3.4299999999999997,10.014598540145991,7.91240875912409
2025-09-25,39.64,39.93,38.36,38.76,272186216.0,10666468175.0,1517452222.0,0.1793705344088257,1.0799999999999983,2.8662420382165488,4.166666666666667
2025-09-26,38.01,38.96,37.67,37.67,137459157.0,5260034611.0,1517452222.0,0.09058549258231605,-1.0899999999999963,-2.812177502579971,3.328173374613001
2025-09-29,37.76,38.66,37.52,38.14,135829592.0,5186486941.0,1517452222.0,0.08951161033655265,0.46999999999999886,1.2476771967082634,3.0262808601008584
2025-09-30,38.64,41.01,38.24,40.12,192032918.0,7603416878.0,1517452222.0,0.1265495646030297,1.9799999999999969,5.191400104876753,7.262716308337692
2025-10-09,44.14,44.14,44.14,44.14,13079998.0,578005112.0,1517452222.0,0.008619709939045449,4.020000000000003,10.019940179461617,0.0
2025-10-10,45.02,47.94,44.57,45.55,328054360.0,15186203156.0,1517452222.0,0.21618760396134568,1.4099999999999966,3.194381513366551,7.634798368826455
2025-10-13,40.99,47.48,40.99,46.92,263373345.0,11547635933.0,1517452222.0,0.17356285831053994,1.3700000000000045,3.007683863885857,14.24807903402853
2025-10-14,46.09,46.09,42.22,42.23,226357817.0,10000017327.0,1517452222.0,0.14916965010052224,-4.690000000000005,-9.995737425404949,8.248081841432233
2025-10-15,41.57,42.83,39.69,42.43,141043771.0,5862736890.0,1517452222.0,0.09294775081228225,0.20000000000000284,0.47359696897939507,7.435472412976559
2025-10-16,43.13,44.98,42.57,42.77,167685855.0,7333696001.0,1517452222.0,0.11050486636013505,0.3400000000000034,0.801319820881452,5.67994343624793
2025-10-17,41.13,41.45,38.64,38.73,172229890.0,6874061388.0,1517452222.0,0.11349938238780344,-4.040000000000006,-9.44587327566052,6.570025718961895
2025-10-20,39.67,40.45,38.84,39.23,108457317.0,4290787204.0,1517452222.0,0.07147329940777536,0.5,1.290988897495482,4.156984249935449
2025-10-21,39.25,40.81,39.24,40.54,103950090.0,4197676021.0,1517452222.0,0.0685030398275037,1.3100000000000023,3.33928116237574,4.002039255671681
2025-10-22,40.54,40.95,39.75,40.32,72790649.0,2939626717.0,1517452222.0,0.04796898903615036,-0.21999999999999886,-0.5426739023186911,2.9600394671929027
2025-10-23,39.86,40.2,38.93,39.67,68006109.0,2679822450.0,1517452222.0,0.04481598037424074,-0.6499999999999986,-1.6121031746031744,3.149801587301595
2025-10-24,40.24,41.89,39.96,41.83,115700649.0,4783378841.0,1517452222.0,0.07624665035417504,2.1599999999999966,5.444920594907976,4.865137383413157
2025-10-27,43.1,44.14,42.61,43.89,142673361.0,6195611074.0,1517452222.0,0.09402164953302893,2.0600000000000023,4.924695194836248,3.6576619650968234
2025-10-28,44.04,45.4,43.8,44.09,149426767.0,6667198124.0,1517452222.0,0.09847213957290578,0.20000000000000284,0.4556846662109981,3.6454773296878593
2025-10-29,44.09,45.2,43.7,44.55,111028602.0,4941878198.0,1517452222.0,0.07316777450407265,0.45999999999999375,1.043320480834642,3.4021320027217055
2025-10-30,44.89,46.29,44.1,44.63,139426710.0,6316141160.0,1517452222.0,0.09188210869416091,0.0800000000000054,0.17957351290684986,4.915824915824911
2025-10-31,43.71,44.03,42.36,42.4,112998448.0,4866222509.0,1517452222.0,0.07446590170138484,-2.230000000000004,-4.996639032041239,3.7418776607663045
2025-11-03,41.95,42.36,40.18,41.69,89585968.0,3689566202.0,1517452222.0,0.059037093030794616,-0.7100000000000009,-1.6745283018867907,5.141509433962264
2025-11-04,41.69,42.43,40.52,40.83,68073834.0,2821192495.0,1517452222.0,0.04486061110397188,-0.8599999999999994,-2.062844806908126,4.581434396737819
2025-11-05,39.47,40.35,39.26,40.11,67311895.0,2679245312.0,1517452222.0,0.044358493812268446,-0.7199999999999989,-1.763409257898596,2.669605682096506
2025-11-06,40.65,41.95,40.32,41.57,82502783.0,3392311036.0,1517452222.0,0.0543692788503492,1.4600000000000009,3.639990027424589,4.063824482672657
2025-11-07,40.45,40.81,39.97,40.13,60431968.0,2439006131.0,1517452222.0,0.039824626517960975,-1.4399999999999977,-3.4640365648303972,2.0206879961510786
2025-11-10,40.25,40.83,39.46,40.09,55280662.0,2216481960.0,1517452222.0,0.0364299193072057,-0.03999999999999915,-0.09967605282830139,3.4139048093695425
2025-11-11,40.51,40.71,38.68,38.76,66916078.0,2634496049.0,1517452222.0,0.04409765067384112,-1.3300000000000054,-3.3175355450237087,5.063606884509856
2025-11-12,38.3,39.04,37.47,38.79,55522752.0,2134733779.0,1517452222.0,0.0365894564553875,0.030000000000001137,0.07739938080495445,4.0505675954592375
2025-11-13,39.46,40.11,39.02,39.26,62037333.0,2458861391.0,1517452222.0,0.040882560979900166,0.46999999999999886,1.2116524877545665,2.810002577984007
2025-11-14,38.29,38.56,37.74,37.74,53050792.0,2023039823.0,1517452222.0,0.03496043646769921,-1.519999999999996,-3.8716250636780303,2.0886398369842087
2025-11-17,37.51,38.19,37.23,37.51,36954448.0,1390840767.0,1517452222.0,0.024352956530844898,-0.23000000000000398,-0.6094329623741457,2.5437201907790166
2025-11-18,37.43,38.24,37.16,37.75,41455940.0,1569078785.0,1517452222.0,0.027319436749949945,0.240000000000002,0.6398293788323128,2.8792322047454157
2025-11-19,37.37,37.9,37.08,37.27,30141908.0,1129394307.0,1517452222.0,0.019863497224494493,-0.4799999999999969,-1.2715231788079429,2.172185430463577
2025-11-20,37.93,38.05,36.61,36.72,34790879.0,1291179458.0,1517452222.0,0.022927166006021373,-0.5500000000000043,-1.475717735444071,3.8636973437080697
2025-11-21,35.96,36.6,35.06,35.21,50861587.0,1813365969.0,1517452222.0,0.03351775183601135,-1.509999999999998,-4.11220043572984,4.193899782135074
2025-11-24,35.38,35.56,34.61,35.27,37941536.0,1330922647.0,1517452222.0,0.025003446863053853,0.060000000000002274,0.17040613462084853,2.698097131496742
2025-11-25,35.77,36.82,35.64,35.93,50163930.0,1816951571.0,1517452222.0,0.03305799633934043,0.6599999999999966,1.8712787071165193,3.345619506662885
2025-11-26,35.5,36.62,35.41,36.09,40227407.0,1456907364.0,1517452222.0,0.026509834324128064,0.1600000000000037,0.44531032563319695,3.367659337600893
2025-11-27,36.32,37.36,36.2,36.32,51583244.0,1901400165.0,1517452222.0,0.033993323316640144,0.22999999999999687,0.6372956497644688,3.2141867553338774
2025-11-28,36.08,36.85,36.08,36.57,35892343.0,1313468733.0,1517452222.0,0.02365303004577893,0.25,0.6883259911894202,2.1200440528634448
2025-12-01,37.23,37.45,36.6,37.45,46715466.0,1734223210.0,1517452222.0,0.030785460868368614,0.8800000000000026,2.4063439978124324,2.3243095433415406
2025-12-02,37.23,37.36,36.48,36.73,37180238.0,1369177376.0,1517452222.0,0.02450175198992196,-0.720000000000006,-1.9225634178905326,2.34979973297731
2025-12-03,36.89,37.2,36.06,36.38,30055929.0,1102713917.0,1517452222.0,0.01980683712096472,-0.3499999999999943,-0.9528995371630655,3.1037299210454687
2025-12-04,36.07,36.9,35.81,36.71,28146908.0,1025508795.0,1517452222.0,0.018548793557995793,0.3299999999999983,0.9070918086860891,2.9961517317207154
2025-12-05,36.71,36.74,36.03,36.55,30485359.0,1113323823.0,1517452222.0,0.02008983120392439,-0.1600000000000037,-0.4358485426314451,1.9340779079269974
2025-12-08,36.76,38.07,36.76,37.59,56267621.0,2109320231.0,1517452222.0,0.03708032462850089,1.0400000000000063,2.8454172366621178,3.5841313269493904
2025-12-09,37.74,38.28,37.44,37.61,49981064.0,1891398746.0,1517452222.0,0.032937487767572035,0.01999999999999602,0.05320563979780424,2.2346368715083886
2025-12-10,37.85,38.39,36.8,37.58,37583034.0,1404949395.0,1517452222.0,0.024767194284684373,-0.030000000000001137,-0.07976601967562003,4.227599042807773
2025-12-11,37.58,37.68,36.64,36.67,35957760.0,1335662767.0,1517452222.0,0.023696139805052786,-0.9099999999999966,-2.4215007982969605,2.7674294837679594
2025-12-12,36.68,37.36,35.97,37.14,43155984.0,1591315144.0,1517452222.0,0.028439764609603638,0.46999999999999886,1.2817016634851353,3.790564494136898
2025-12-15,36.47,36.84,36.28,36.4,29689832.0,1084463590.0,1517452222.0,0.019565579442671902,-0.740000000000002,-1.9924609585352804,1.5078082929456174
2025-12-16,36.15,36.26,34.96,35.25,35563013.0,1259631726.0,1517452222.0,0.02343600179591025,-1.1499999999999986,-3.159340659340659,3.5714285714285636
2025-12-17,35.32,36.34,34.98,36.25,32443395.0,1160367578.0,1517452222.0,0.02138017561913063,1.0,2.8368794326241176,3.8581560283688128
2025-12-18,35.68,36.57,35.56,35.71,25641747.0,924878595.0,1517452222.0,0.016897894133499777,-0.5399999999999991,-1.4896551724137952,2.7862068965517186
2025-12-19,36.14,36.71,35.73,35.73,36465128.0,1321675188.0,1517452222.0,0.024030494977917004,0.01999999999999602,0.056006720806478505,2.744329319518353
2025-12-22,36.08,37.32,36.04,37.15,53861013.0,1989160230.0,1517452222.0,0.03549437156512991,1.4200000000000017,3.9742513294150683,3.5824237335572384
2025-12-23,37.09,37.86,37.01,37.43,48238808.0,1812002807.0,1517452222.0,0.03178934222813376,0.28000000000000114,0.753701211305513,2.288021534320327
2025-12-24,37.51,37.81,37.27,37.69,37672539.0,1416875259.0,1517452222.0,0.024826178019857287,0.259999999999998,0.6946299759551078,1.4426930269837006
2025-12-25,37.71,37.86,37.26,37.58,35498923.0,1334405332.0,1517452222.0,0.0233937665287494,-0.10999999999999943,-0.2918546033430558,1.5919342000530683
2025-12-26,37.47,37.92,37.26,37.47,33698341.0,1267153572.0,1517452222.0,0.022207184194297486,-0.10999999999999943,-0.2927088877062278,1.75625332623737
2025-12-29,37.7,38.07,37.23,37.36,38561353.0,1454420235.0,1517452222.0,0.025411905851754717,-0.10999999999999943,-0.2935681878836416,2.2417934347478075
2025-12-30,37.35,38.68,37.35,38.25,65945508.0,2523712817.0,1517452222.0,0.04345804569259117,0.8900000000000006,2.3822269807280527,3.559957173447533
2025-12-31,38.35,38.55,37.56,37.66,43973982.0,1667613078.0,1517452222.0,0.02897882474483602,-0.5900000000000034,-1.5424836601307224,2.5882352941176334
2026-01-05,38.09,39.57,38.07,39.5,79855401.0,3126684146.0,1517452222.0,0.05262465588191679,1.8400000000000034,4.885820499203408,3.983005841741902
2026-01-06,39.5,40.45,39.15,39.92,78577572.0,3134027105.0,1517452222.0,0.051782567425045424,0.4200000000000017,1.0632911392405076,3.2911392405063395
2026-01-07,40.59,40.74,39.46,40.03,78641574.0,3148210651.0,1517452222.0,0.0518247447002651,0.10999999999999943,0.2755511022044077,3.206412825651305
2026-01-08,39.65,40.95,39.52,39.95,72056153.0,2911109355.0,1517452222.0,0.04748495666310343,-0.0799999999999983,-0.19985011241568928,3.5723207594304265
2026-01-09,40.17,42.82,40.17,41.78,103977115.0,4350936946.0,1517452222.0,0.06852084928443962,1.8299999999999983,4.580725907384231,6.633291614518145
2026-01-12,41.85,43.43,41.49,42.21,118102289.0,5003059154.0,1517452222.0,0.07782932950886674,0.4299999999999997,1.0292005744375388,4.64337003350885
2026-01-13,42.15,42.15,40.07,40.27,81853023.0,3356671297.0,1517452222.0,0.05394108744466289,-1.9399999999999977,-4.596067282634442,4.927742241175073
2026-01-14,41.05,41.88,40.3,40.87,76933384.0,3172166801.0,1517452222.0,0.05069904863205637,0.5999999999999943,1.4899428855227104,3.9235162652098468
2026-01-15,40.46,42.55,40.35,42.55,84101808.0,3506845251.0,1517452222.0,0.055423035256526185,1.6799999999999997,4.110594568142889,5.382921458282349
2026-01-16,43.4,46.81,42.7,46.81,177711950.0,8013739702.0,1517452222.0,0.11711205626347555,4.260000000000005,10.011750881316118,9.659224441833135
2026-01-19,47.45,48.59,45.88,48.14,201159480.0,9549565349.0,1517452222.0,0.1325639628606376,1.3299999999999983,2.8412732322153245,5.789361247596669
2026-01-20,47.65,52.74,47.57,50.95,200667684.0,10099749443.0,1517452222.0,0.13223986962536471,2.8100000000000023,5.837141670128787,10.739509763190696
2026-01-21,50.94,56.05,49.94,56.05,142412678.0,7706564220.0,1517452222.0,0.0938498596102751,5.099999999999994,10.009813542688907,11.99214916584887
2026-01-22,57.88,59.13,54.8,55.94,288494283.0,16247045392.0,1517452222.0,0.19011753966115977,-0.10999999999999943,-0.19625334522747062,7.725245316681545
2026-01-23,54.58,57.28,53.62,56.28,237120619.0,13072191508.0,1517452222.0,0.1562623294244318,0.3400000000000034,0.6077940650697222,6.542724347515201
2026-01-26,55.98,56.89,51.64,51.74,210196175.0,11225066954.0,1517452222.0,0.13851913882531453,-4.539999999999999,-8.066808813077465,9.328358208955223
2026-01-27,51.83,53.6,50.27,53.19,199551055.0,10424967769.0,1517452222.0,0.13150401186074379,1.4499999999999957,2.802473908001546,6.436026285272513
2026-01-28,53.73,55.73,53.3,54.05,183681339.0,9996363761.0,1517452222.0,0.12104587962440638,0.8599999999999994,1.6168452716676107,4.568527918781726
2026-01-29,54.09,55.12,51.22,51.41,155899153.0,8241297805.0,1517452222.0,0.1027374376206225,-2.6400000000000006,-4.884366327474565,7.215541165587417
2026-01-30,50.55,52.64,49.32,52.0,121995340.0,6237666203.0,1517452222.0,0.08039484751566696,0.5900000000000034,1.1476366465668297,6.457887570511575
2026-02-02,50.5,50.89,48.74,48.82,93390621.0,4647905302.0,1517452222.0,0.06154435681468197,-3.1799999999999997,-6.115384615384611,4.1346153846153815
2026-02-03,49.94,50.89,48.78,50.83,95525172.0,4765009325.0,1517452222.0,0.06295102449690175,2.009999999999998,4.117165096272024,4.321999180663661
2026-02-04,49.74,49.89,48.15,48.99,84173879.0,4124405166.0,1517452222.0,0.055470529997352365,-1.8399999999999963,-3.6199095022624417,3.423175290182967
2026-02-05,47.28,47.79,46.16,47.67,85701117.0,4031416301.0,1517452222.0,0.05647697881851334,-1.3200000000000003,-2.6944274341702434,3.327209634619315
2026-02-06,46.72,47.51,46.11,46.85,57760954.0,2707360750.0,1517452222.0,0.0380644300773247,-0.8200000000000003,-1.7201594294105282,2.93685756240822
2026-02-09,47.86,49.32,47.04,48.78,97578539.0,4718913251.0,1517452222.0,0.06430419197738668,1.9299999999999997,4.119530416221995,4.866595517609394
2026-02-10,48.84,49.23,48.03,48.11,60422645.0,2935108497.0,1517452222.0,0.039818482667192664,-0.6700000000000017,-1.373513735137355,2.4600246002459936
2026-02-11,47.95,48.6,47.56,47.72,44519737.0,2139791346.0,1517452222.0,0.02933847692504153,-0.39000000000000057,-0.810642278112661,2.161712741633754
2026-02-12,48.43,49.28,48.01,48.94,81668538.0,3987061444.0,1517452222.0,0.05381951195297666,1.2199999999999989,2.5565800502933778,2.6613579212070477
2026-02-13,48.15,49.61,47.75,48.46,70797104.0,3465249051.0,1517452222.0,0.04665524421367911,-0.4799999999999969,-0.9807928075194039,3.8005721291377186
2026-02-24,48.94,49.74,48.0,49.1,82531224.0,4051653906.0,1517452222.0,0.05438802145033862,0.6400000000000006,1.320676846884039,3.5905901774659554
2026-02-25,51.08,52.44,49.32,50.46,163486193.0,8283856168.0,1517452222.0,0.10773729190928029,1.3599999999999994,2.7698574338085535,6.354378818737265
2026-02-26,50.49,52.77,50.24,52.21,144754945.0,7468447875.0,1517452222.0,0.095393411997653,1.75,3.468093539437178,5.013872374157751
2026-02-27,50.44,52.92,49.54,51.95,117618750.0,6005337369.0,1517452222.0,0.0775106776310747,-0.259999999999998,-0.4979888910170427,6.47385558322161
2026-03-02,50.9,52.79,50.49,50.84,115872900.0,5977193842.0,1517452222.0,0.07636016364803873,-1.1099999999999994,-2.136669874879693,4.427333974975933
2026-03-03,51.04,52.33,47.95,47.99,122816220.0,6111967473.0,1517452222.0,0.08093580688697295,-2.8500000000000014,-5.6058221872541285,8.615263571990548
2026-03-04,47.14,49.72,47.14,48.14,80605819.0,3930341923.0,1517452222.0,0.05311918084232111,0.14999999999999858,0.3125651177328548,5.376120025005206
2026-03-05,49.54,50.12,48.25,48.78,79835838.0,3937919291.0,1517452222.0,0.05261176387799312,0.6400000000000006,1.329455754050679,3.8845035313668412
2026-03-06,48.33,49.3,47.66,47.88,65673292.0,3169672604.0,1517452222.0,0.04327865553054625,-0.8999999999999986,-1.845018450184499,3.3620336203362045
2026-03-09,45.95,46.95,44.45,46.7,85844159.0,3909278393.0,1517452222.0,0.05657124340090096,-1.1799999999999997,-2.4644945697577247,5.221386800334169
2026-03-10,47.73,48.23,47.18,47.86,58689095.0,2806426374.0,1517452222.0,0.038676074375935114,1.1599999999999966,2.483940042826549,2.248394004282649
2026-03-11,47.86,48.6,46.89,47.04,62565429.0,2985684073.0,1517452222.0,0.04123057589090934,-0.8200000000000003,-1.7133305474300031,3.5729210196406203
2026-03-12,46.85,48.21,45.82,46.28,58428205.0,2738249051.0,1517452222.0,0.03850414804031965,-0.759999999999998,-1.6156462585034004,5.080782312925171
2026-03-13,45.89,46.91,45.31,45.81,48571797.0,2240628259.0,1517452222.0,0.03200878175655668,-0.46999999999999886,-1.0155574762316322,3.4572169403629958
2026-03-16,45.63,47.09,44.28,46.75,72685537.0,3332192280.0,1517452222.0,0.0478997202984095,0.9399999999999977,2.0519537218947725,6.1340318707705785
2026-03-17,47.15,47.73,45.14,45.2,56403241.0,2617009939.0,1517452222.0,0.03716969811784954,-1.5499999999999972,-3.3155080213903676,5.54010695187165
2026-03-18,45.86,47.45,45.41,47.35,88155734.0,4126454042.0,1517452222.0,0.05809456978079406,2.1499999999999986,4.756637168141586,4.5132743362831995
2026-03-19,46.33,47.03,45.67,45.9,70009647.0,3234933136.0,1517452222.0,0.046136310577032456,-1.4500000000000028,-3.062302006335804,2.8722280887011604
2026-03-20,46.3,46.43,44.29,44.29,63641845.0,2883188467.0,1517452222.0,0.04193993331540952,-1.6099999999999994,-3.5076252723311496,4.662309368191723
2026-03-23,43.29,43.92,41.23,41.53,67403039.0,2859133374.0,1517452222.0,0.04441855764734581,-2.759999999999998,-6.231655001128922,6.073605780085809
2026-03-24,42.45,42.46,40.49,42.03,49330974.0,2046652612.0,1517452222.0,0.032509078892106295,0.5,1.2039489525644154,4.743558873103777
2026-03-25,42.45,43.99,42.25,43.47,61378662.0,2667506949.0,1517452222.0,0.04044849723117015,1.4399999999999977,3.426124197002145,4.139900071377592
2026-03-26,43.55,44.33,42.48,42.71,39396468.0,1705401766.0,1517452222.0,0.025962246078545727,-0.759999999999998,-1.7483321831147869,4.255808603634694
2026-03-27,41.94,43.11,41.35,42.4,34881108.0,1477237218.0,1517452222.0,0.02298662685671035,-0.3100000000000023,-0.7258253336455245,4.120814797471314
2026-03-30,41.55,42.74,41.32,42.45,33935760.0,1426631771.0,1517452222.0,0.022363643156601474,0.05000000000000426,0.11792452830190481,3.349056603773589
2026-03-31,42.33,42.53,41.16,41.28,33875585.0,1416748933.0,1517452222.0,0.02232398787182375,-1.1700000000000017,-2.7561837455830407,3.2273262661955346
2026-04-01,42.44,42.63,41.8,42.36,38372246.0,1620937793.0,1517452222.0,0.02528728446515794,1.0799999999999983,2.6162790697674465,2.0106589147286953
2026-04-02,42.36,42.36,40.45,40.72,38441856.0,1586530289.0,1517452222.0,0.025333157408629108,-1.6400000000000006,-3.8715769593956617,4.508970727101031
2026-04-03,41.15,41.2,40.35,40.37,28133921.0,1147643160.0,1517452222.0,0.018540235133676586,-0.3500000000000014,-0.8595284872298659,2.0874263261296697
2026-04-07,40.71,41.37,40.6,41.14,35382366.0,1453302832.0,1517452222.0,0.023316955543658625,0.7700000000000031,1.9073569482289,1.9073569482288733
2026-04-08,42.53,44.7,42.36,44.6,73647309.0,3208225141.0,1517452222.0,0.04853352740354022,3.460000000000001,8.41030627126884,5.687894992707835
2026-04-09,43.64,45.22,43.47,44.69,60585804.0,2700837480.0,1517452222.0,0.03992600433913365,0.0899999999999963,0.20179372197308698,3.9237668161434973
2026-04-10,45.19,46.65,45.02,45.18,63710246.0,2904165534.0,1517452222.0,0.041985009528688805,0.490000000000002,1.0964421570821337,3.647348400089496
2026-04-13,44.95,46.34,44.83,45.6,53593019.0,2454426751.0,1517452222.0,0.035317763698262915,0.4200000000000017,0.9296148738379806,3.3421868083222774
2026-04-14,46.3,47.07,45.77,46.7,71784133.0,3343261610.0,1517452222.0,0.0473056956649275,1.1000000000000014,2.412280701754388,2.8508771929824497
2026-04-15,46.8,48.67,46.57,46.94,88574326.0,4215644231.0,1517452222.0,0.05837042162899808,0.23999999999999488,0.5139186295503029,4.496788008565313
2026-04-16,47.44,48.31,46.4,47.97,76726874.0,3653768020.0,1517452222.0,0.050562958680092134,1.0300000000000011,2.1942905837239124,4.069024286322973
2026-04-17,48.26,49.11,47.84,48.13,95030758.0,4604930157.0,1517452222.0,0.0626252060013788,0.1600000000000037,0.33354179695643804,2.647488013341664
2026-04-20,48.18,49.18,47.48,48.44,73121062.0,3555898408.0,1517452222.0,0.04818673098229514,0.30999999999999517,0.6440889258258808,3.532100560980683
2026-04-21,48.17,48.2,46.25,47.18,75585201.0,3556155709.0,1517452222.0,0.04981059693621115,-1.259999999999998,-2.6011560693641633,4.025598678777875
2026-04-22,47.75,48.86,46.56,48.83,93017751.0,4459870924.0,1517452222.0,0.06129863573391637,1.6499999999999986,3.497244595167448,4.874947011445522
2026-04-23,49.15,49.29,46.84,47.19,79445856.0,3802572532.0,1517452222.0,0.052354766000665555,-1.6400000000000006,-3.358591030104441,5.017407331558459
2026-04-24,48.71,51.12,48.34,48.37,124671688.0,6144200870.0,1517452222.0,0.08215855905873787,1.1799999999999997,2.500529773257054,5.891078618351333
2026-04-27,50.8,51.99,49.78,51.14,157788112.0,8016654568.0,1517452222.0,0.1039822603390013,2.770000000000003,5.726690097167664,4.568947694852183
2026-04-28,50.79,52.04,49.65,50.19,115934440.0,5871848532.0,1517452222.0,0.07640071846690406,-0.9500000000000028,-1.8576456785295292,4.673445443879547
2026-04-29,49.24,49.78,48.06,49.44,92504640.0,4554674541.0,1517452222.0,0.0609604959278909,-0.75,-1.494321578003588,3.426977485554889
2026-04-30,50.92,52.83,50.17,51.71,132036280.0,6822472051.0,1517452222.0,0.08701182026408473,2.270000000000003,4.591423948220075,5.380258899676369
2026-05-06,56.89,56.89,56.88,56.89,44978515.0,2561526193.0,1517452222.0,0.02964081132038436,5.18,10.01740475730033,0.01933861922258366
2026-05-07,60.73,60.73,57.53,59.01,251739664.0,14841287080.0,1517452222.0,0.16589627030774481,2.1199999999999974,3.7264897169977163,5.624890138864467
2026-05-08,58.24,58.53,56.33,57.1,162379020.0,9293491887.0,1517452222.0,0.10700766564233875,-1.9099999999999966,-3.2367395356719175,3.728181664124729
2026-05-11,59.94,62.16,59.34,61.15,201583243.0,12253539057.0,1517452222.0,0.1328432223943852,4.049999999999997,7.092819614711021,4.938704028021004
2026-05-12,61.15,61.21,58.93,59.41,137959346.0,8233296836.0,1517452222.0,0.09091511679897886,-1.740000000000002,-2.845461978740804,3.7285363859362244
2026-05-13,57.82,60.93,56.87,60.79,149735805.0,8842054656.0,1517452222.0,0.09867579540833807,1.3800000000000026,2.3228412725130543,6.833866352465918
2026-05-14,60.86,61.13,57.33,57.33,130148166.0,7642167458.0,1517452222.0,0.08576755440014111,-3.460000000000001,-5.691725612765264,6.25102812962659
2026-05-15,57.93,60.05,55.18,56.96,158313119.0,9163755332.0,1517452222.0,0.10432823960107523,-0.36999999999999744,-0.6453863596720733,8.494679923251347
2026-05-18,57.53,60.04,57.0,58.0,134776639.0,7914135837.0,1517452222.0,0.0888177150133693,1.0399999999999991,1.8258426966292207,5.337078651685392
2026-05-19,56.82,59.09,54.95,58.79,138211974.0,7898020774.0,1517452222.0,0.09108159848211682,0.7899999999999991,1.362068965517249,7.13793103448276
2026-05-20,58.51,63.77,58.48,62.21,198689180.0,12287863810.0,1517452222.0,0.13093603681183974,3.4200000000000017,5.817315870045925,8.9981289334921
2026-05-21,63.93,66.8,61.34,61.69,239668006.0,15366192795.0,1517452222.0,0.15794105575470302,-0.5200000000000031,-0.8358784761292481,8.776723999357007
2026-05-22,61.74,64.27,60.06,63.37,200825154.0,12527684548.0,1517452222.0,0.13234364225010836,1.6799999999999997,2.723293888798839,6.824444804668493
2026-05-25,64.2,69.7,62.73,69.7,227939691.0,15342505904.0,1517452222.0,0.15021210400916332,6.330000000000005,9.988953763610553,10.998895376361064
2026-05-26,72.94,76.67,69.85,75.3,339104117.0,24820944303.0,1517452222.0,0.22346938643844827,5.599999999999994,8.034433285509323,9.784791965566725
2026-05-27,72.89,78.47,71.35,71.44,283496432.0,21114037309.0,1517452222.0,0.18682395919283185,-3.8599999999999994,-5.126162018592295,9.455511288180617
2026-05-28,69.5,70.88,67.6,69.3,196069725.0,13569689526.0,1517452222.0,0.12920981771774032,-2.1400000000000006,-2.9955207166853293,4.591265397536396
2026-05-29,70.11,70.9,64.63,66.0,193985192.0,13115525271.0,1517452222.0,0.12783611186408742,-3.299999999999997,-4.761904761904756,9.047619047619063
2026-06-01,65.0,66.0,60.96,61.39,158786298.0,10013725182.0,1517452222.0,0.10464006424579211,-4.609999999999999,-6.984848484848483,7.636363636363636
2026-06-02,61.39,64.69,59.4,63.84,162998142.0,10193057481.0,1517452222.0,0.10741566662650417,2.450000000000003,3.9908779931584926,8.617038605636097
2026-06-03,67.69,70.22,66.18,70.22,176502468.0,12284088708.0,1517452222.0,0.11631500843391958,6.3799999999999955,9.993734335839587,6.328320802005
2026-06-04,70.01,72.5,69.2,71.1,202609151.0,14462315474.0,1517452222.0,0.13351929508064603,0.8799999999999955,1.253204215323267,4.699515807462258
2026-06-05,70.8,71.01,66.37,66.84,147987895.0,10162891081.0,1517452222.0,0.09752392388667905,-4.259999999999991,-5.991561181434591,6.526019690576653
2026-06-08,63.0,64.58,61.08,62.26,121568182.0,7660776891.0,1517452222.0,0.08011335067918864,-4.580000000000005,-6.852184320766019,5.23638539796529
2026-06-09,63.88,64.8,61.76,64.43,128026548.0,8141827754.0,1517452222.0,0.08436940955627663,2.170000000000009,3.485383874076464,4.882749759074846
2026-06-10,62.0,63.67,60.16,61.44,111972871.0,6922186995.0,1517452222.0,0.07379004714390276,-2.990000000000009,-4.640695328263245,5.447772776656844
2026-06-11,60.99,61.49,59.23,60.09,91814093.0,5519914641.0,1517452222.0,0.0605054259164675,-1.3499999999999943,-2.197265624999989,3.6783854166666754
2026-06-12,62.69,62.96,57.08,57.22,145541639.0,8685952437.0,1517452222.0,0.09591184281780965,-2.8700000000000045,-4.776169079713766,9.785322016974542
2026-06-15,58.66,61.58,56.68,61.54,125544435.0,7513083871.0,1517452222.0,0.08273369874837483,4.32,7.5498077595246516,8.563439356868226
2026-06-16,62.41,63.5,61.74,62.93,124742380.0,7820788722.0,1517452222.0,0.0822051450394858,1.3900000000000006,2.258693532661682,2.859928501787452
2026-06-17,62.72,69.0,62.01,67.22,179471718.0,11841057604.0,1517452222.0,0.11827174219920843,4.289999999999999,6.817098363260765,11.107579850627685
2026-06-18,66.99,69.35,66.39,68.27,163341799.0,11133168549.0,1517452222.0,0.10764213635979637,1.0499999999999972,1.562035108598625,4.403451353763751
