date,open,high,low,close,volume,amount,outstanding_share,turnover,change,pct_chg,amplitude
2023-03-06,10.68,10.68,10.23,10.55,6595677.0,69983729.0,397706400.0,0.016584286800514148,,,
2023-03-07,10.67,10.71,10.21,10.22,6016813.0,62722136.0,397706400.0,0.01512878092985177,-0.33000000000000007,-3.127962085308056,4.739336492890995
2023-03-08,10.38,10.56,10.22,10.53,5710781.0,59765497.0,397706400.0,0.014359288661183224,0.3099999999999987,3.033268101761233,3.326810176125243
2023-03-09,10.68,10.75,10.35,10.62,7791305.0,82585630.0,397706400.0,0.019590594971566965,0.08999999999999986,0.8547008547008517,3.7986704653371355
2023-03-10,10.51,10.61,10.26,10.31,6175788.0,64480528.0,397706400.0,0.015528510479087085,-0.3099999999999987,-2.919020715630871,3.295668549905835
2023-03-13,10.34,10.4,10.08,10.4,4451240.0,45844752.0,397706400.0,0.011192276513528573,0.08999999999999986,0.8729388942773975,3.103782735208538
2023-03-14,10.36,10.51,10.15,10.21,3333404.0,34472062.0,397706400.0,0.00838156992193236,-0.1899999999999995,-1.8269230769230704,3.4615384615384563
2023-03-15,10.3,10.57,10.14,10.45,4382920.0,45654140.0,397706400.0,0.01102049149825097,0.23999999999999844,2.3506366307541438,4.211557296767872
2023-03-16,10.4,10.4,10.16,10.22,2821100.0,29000488.0,397706400.0,0.0070934236914467555,-0.22999999999999865,-2.2009569377990257,2.2966507177033515
2023-03-17,10.37,10.68,10.24,10.59,6494940.0,68523693.0,397706400.0,0.016330991907598166,0.3699999999999992,3.6203522504892227,4.305283757338547
2023-03-20,10.66,10.87,10.54,10.76,8229361.0,88449752.0,397706400.0,0.020692050718821724,0.16999999999999993,1.6052880075543063,3.1161473087818705
2023-03-21,10.76,11.01,10.64,10.88,7172265.0,78077894.0,397706400.0,0.018034069856557502,0.120000000000001,1.115241635687747,3.438661710037168
2023-03-22,10.88,11.01,10.76,10.98,6885551.0,75305071.0,397706400.0,0.017313151108455885,0.09999999999999964,0.9191176470588092,2.2977941176470584
2023-03-23,11.01,11.01,10.8,10.88,5049485.0,55157242.0,397706400.0,0.01269651431307115,-0.09999999999999964,-0.910746812386154,1.9125683060109204
2023-03-24,10.88,11.01,10.76,10.89,4954848.0,54093841.0,397706400.0,0.012458557367947813,0.009999999999999787,0.09191176470588758,2.2977941176470584
2023-03-27,10.91,11.0,10.74,10.95,5217285.0,56980876.0,397706400.0,0.013118433598252379,0.05999999999999872,0.550964187327807,2.387511478420567
2023-03-28,10.9,11.04,10.73,10.83,4400670.0,48072730.0,397706400.0,0.011065122411909892,-0.11999999999999922,-1.0958904109588996,2.831050228310491
2023-03-29,10.82,11.0,10.61,10.83,4535400.0,49196380.0,397706400.0,0.011403889904713627,0.0,0.0,3.6011080332410024
2023-03-30,10.86,10.9,10.57,10.64,3763801.0,40441901.0,397706400.0,0.009463767744245503,-0.1899999999999995,-1.754385964912275,3.047091412742383
2023-03-31,10.64,11.23,10.58,11.15,6195340.0,68244217.0,397706400.0,0.015577672373389013,0.5099999999999998,4.79323308270676,6.109022556390981
2023-04-03,11.09,11.36,10.97,11.35,7265460.0,81792214.0,397706400.0,0.018268401011399364,0.1999999999999993,1.7937219730941534,3.497757847533621
2023-04-04,11.3,11.51,11.14,11.23,4995691.0,56609764.0,397706400.0,0.012561253728881406,-0.11999999999999922,-1.057268722466953,3.259911894273121
2023-04-06,11.16,11.22,10.86,10.91,5344832.0,58909396.0,397706400.0,0.01343914002892586,-0.3200000000000003,-2.849510240427433,3.2056990204808655
2023-04-07,11.01,11.2,10.77,11.16,4551561.0,50464530.0,397706400.0,0.011444525408693448,0.25,2.29147571035746,3.941338221814846
2023-04-10,11.15,11.34,10.8,10.87,5663932.0,62848064.0,397706400.0,0.014241490707718055,-0.2900000000000009,-2.5985663082437327,4.838709677419347
2023-04-11,10.83,11.61,10.76,11.51,8807230.0,100099649.0,397706400.0,0.02214505474390153,0.6400000000000006,5.887764489420433,7.819687212511497
2023-04-12,11.51,11.89,11.35,11.88,11702902.0,137046279.0,397706400.0,0.029425983589904513,0.370000000000001,3.214596003475245,4.6915725456125195
2023-04-13,11.72,12.24,11.68,11.83,16020150.0,192483590.0,397706400.0,0.04028134825087049,-0.05000000000000071,-0.42087542087542174,4.713804713804718
2023-04-14,11.84,11.93,11.37,11.58,10641248.0,124173434.0,397706400.0,0.026756542011896214,-0.25,-2.1132713440405793,4.733727810650891
2023-04-17,11.59,11.59,11.01,11.18,8250084.0,92780759.0,397706400.0,0.020744156996216304,-0.40000000000000036,-3.4542314335060498,5.008635578583766
2023-04-18,11.21,11.25,10.8,10.99,6516939.0,71659407.0,397706400.0,0.01638630658194085,-0.1899999999999995,-1.6994633273702986,4.0250447227191355
2023-04-19,11.02,11.51,10.97,11.35,9637061.0,109693838.0,397706400.0,0.024231596474182965,0.35999999999999943,3.2757051865332176,4.9135577797998105
2023-04-20,11.23,11.49,11.18,11.49,8012500.0,91579901.0,397706400.0,0.02014677158828724,0.14000000000000057,1.2334801762114544,2.731277533039652
2023-04-21,11.56,12.18,11.29,11.43,15706797.0,184642671.0,397706400.0,0.039493447930433107,-0.0600000000000005,-0.5221932114882533,7.7458659704090564
2023-04-24,11.72,11.95,11.4,11.72,15890904.0,186743725.0,397706400.0,0.03995636982457411,0.2900000000000009,2.5371828521434825,4.811898512685905
2023-04-25,11.58,11.72,11.11,11.48,15011433.0,171734360.0,397706400.0,0.037745012401107954,-0.2400000000000002,-2.0477815699658675,5.204778156996597
2023-04-26,11.46,11.46,10.68,11.04,12380637.0,137144410.0,397706400.0,0.031130092450108924,-0.4400000000000013,-3.832752613240431,6.794425087108023
2023-04-27,11.16,12.05,10.86,11.3,15705115.0,180813032.0,397706400.0,0.039489218679910607,0.26000000000000156,2.3550724637681375,10.77898550724639
2023-04-28,11.15,11.96,11.09,11.83,16436121.0,193735325.0,397706400.0,0.04132727308386287,0.5299999999999994,4.690265486725664,7.6991150442477965
2023-05-04,11.98,13.01,11.97,13.01,22166896.0,278406685.0,397706400.0,0.05573683501195857,1.1799999999999997,9.974640743871511,8.791208791208783
2023-05-05,13.73,13.74,12.69,13.06,41884485.0,553412648.0,397706400.0,0.10531508922159663,0.05000000000000071,0.3843197540353671,8.07071483474251
2023-05-08,12.98,14.37,12.86,14.37,33618650.0,463029594.0,397706400.0,0.08453132763264559,1.3099999999999987,10.03062787136293,11.562021439509952
2023-05-09,14.65,15.8,14.65,15.8,17188316.0,264666629.0,397706400.0,0.04321860548384436,1.4300000000000015,9.951287404314545,8.002783576896315
2023-05-10,16.33,17.39,16.1,17.39,26042261.0,443337325.0,397706400.0,0.06548112124924316,1.5899999999999999,10.063291139240516,8.16455696202531
2023-05-11,19.13,19.13,16.75,16.97,77506482.0,1405363388.0,397706400.0,0.194883667952037,-0.4200000000000017,-2.4151811385853983,13.686026451983894
2023-05-12,15.46,18.66,15.46,18.66,73206884.0,1270231927.0,397706400.0,0.18407268276296282,1.6900000000000013,9.958750736594002,18.85680612846199
2023-05-15,19.23,20.53,17.64,19.95,84622061.0,1658594874.0,397706400.0,0.21277520552850043,1.2899999999999991,6.913183279742752,15.487674169346196
2023-05-16,18.46,21.05,17.96,19.34,78792413.0,1536238332.0,397706400.0,0.19811703558202734,-0.6099999999999994,-3.0576441102756813,15.488721804511277
2023-05-17,18.45,19.23,17.41,17.41,46519798.0,848951963.0,397706400.0,0.11697020213906541,-1.9299999999999997,-9.979317476732163,9.4105480868666
2023-05-18,16.74,16.83,15.74,15.86,66796606.0,1083747785.0,397706400.0,0.16795456648422052,-1.5500000000000007,-8.90292935094773,6.260769672601942
2023-05-19,15.49,15.67,14.91,14.98,47141262.0,717739315.0,397706400.0,0.11853282220250919,-0.879999999999999,-5.548549810844882,4.791929382093316
2023-05-22,14.91,15.27,14.66,15.19,37601756.0,565442528.0,397706400.0,0.09454651974421333,0.20999999999999908,1.4018691588784993,4.072096128170891
2023-05-23,14.98,15.1,14.06,14.08,37620798.0,543645764.0,397706400.0,0.09459439928550308,-1.1099999999999994,-7.307439104674129,6.8466096115865644
2023-05-24,14.08,14.47,13.93,14.14,27092395.0,385198845.0,397706400.0,0.0681215967356824,0.0600000000000005,0.42613636363637575,3.835227272727279
2023-05-25,13.84,14.07,13.39,13.68,29632040.0,406269269.0,397706400.0,0.07450732500155893,-0.46000000000000085,-3.2531824611032545,4.809052333804807
2023-05-26,13.58,14.14,13.45,13.99,26581281.0,369865592.0,397706400.0,0.0668364426622252,0.3100000000000005,2.266081871345027,5.043859649122816
2023-05-29,13.93,14.09,13.75,13.98,22961245.0,320994275.0,397706400.0,0.05773416017444024,-0.009999999999999787,-0.07147962830592602,2.4303073624017144
2023-05-30,13.97,14.45,13.46,14.39,35552560.0,503761257.0,397706400.0,0.08939398511062432,0.41000000000000014,2.9327610872675214,7.081545064377671
2023-05-31,14.15,14.84,14.13,14.26,32199107.0,467496997.0,397706400.0,0.08096200362880758,-0.13000000000000078,-0.9034051424600453,4.933981931897144
2023-06-01,14.13,15.5,13.98,15.34,50822784.0,761649843.0,397706400.0,0.12778970617520866,1.08,7.573632538569419,10.659186535764373
2023-06-02,15.07,15.29,14.75,14.86,32486380.0,487028518.0,397706400.0,0.08168432793638725,-0.4800000000000004,-3.1290743155150014,3.520208604954362
2023-06-05,14.68,15.52,14.47,15.35,35774972.0,544983623.0,397706400.0,0.08995322177365012,0.4900000000000002,3.2974427994616473,7.065948855989227
2023-06-06,15.1,16.88,15.05,16.88,69117691.0,1139554451.0,397706400.0,0.17379074362393968,1.5299999999999994,9.967426710097715,11.921824104234517
2023-06-07,16.44,18.53,16.21,18.43,69083722.0,1204389968.0,397706400.0,0.17370533137007602,1.5500000000000007,9.182464454976301,13.74407582938389
2023-06-08,17.6,17.64,16.59,16.59,45428180.0,772222641.0,397706400.0,0.1142254185499655,-1.8399999999999999,-9.983722192078137,5.697232772653287
2023-06-09,16.3,17.24,15.91,16.3,38373468.0,639270852.0,397706400.0,0.09648692603387826,-0.28999999999999915,-1.748040988547317,8.016877637130792
2023-06-12,16.29,16.44,15.74,15.97,28093183.0,450314865.0,397706400.0,0.07063799576773218,-0.33000000000000007,-2.024539877300613,4.294478527607368
2023-06-13,15.9,16.61,15.69,16.43,29477368.0,479269874.0,397706400.0,0.07411841499156162,0.4599999999999991,2.880400751408896,5.760801502817783
2023-06-14,16.29,16.92,16.06,16.11,26290308.0,433560530.0,397706400.0,0.06610481500926312,-0.3200000000000003,-1.9476567255021338,5.234327449786994
2023-06-15,16.04,17.23,16.01,16.76,39694972.0,666778176.0,397706400.0,0.09980973904367645,0.6500000000000021,4.034761018001265,7.57293606455617
2023-06-16,16.5,16.59,15.59,16.42,27426559.0,445277718.0,397706400.0,0.0689618246022694,-0.33999999999999986,-2.028639618138428,5.966587112171838
2023-06-19,16.26,16.62,15.97,16.02,23322022.0,379634684.0,397706400.0,0.058641304238503576,-0.40000000000000213,-2.436053593179066,3.9585870889159582
2023-06-20,16.03,16.39,15.7,15.77,20047421.0,320754954.0,397706400.0,0.05040758961887463,-0.25,-1.560549313358306,4.307116104868922
2023-06-21,15.64,15.68,14.38,14.4,26252350.0,391510365.0,397706400.0,0.06600937274331015,-1.3699999999999992,-8.687381103360803,8.243500317057698
2023-06-26,14.41,14.49,13.4,13.53,18766929.0,259128598.0,397706400.0,0.04718789790659642,-0.870000000000001,-6.0416666666666785,7.569444444444444
2023-06-27,13.53,13.86,13.3,13.82,14052476.0,192580014.0,397706400.0,0.03533379397465065,0.2900000000000009,2.143385070214343,4.138950480413886
2023-06-28,13.64,13.77,13.04,13.49,14191233.0,189971076.0,397706400.0,0.0356826870274152,-0.33000000000000007,-2.387843704775683,5.282199710564402
2023-06-29,13.47,13.73,13.37,13.63,11245466.0,153139474.0,397706400.0,0.028275798428187227,0.14000000000000057,1.0378057820607856,2.6686434395848866
2023-06-30,13.61,13.75,13.33,13.69,10434877.0,142187226.0,397706400.0,0.026237639122729733,0.05999999999999872,0.44020542920029104,3.0814380044020537
2023-07-03,13.96,14.29,13.65,14.1,24700820.0,347868329.0,397706400.0,0.06210817829433975,0.41000000000000014,2.994886778670569,4.674945215485747
2023-07-04,13.93,14.12,13.75,14.0,12123004.0,169085170.0,397706400.0,0.03048229548229548,-0.09999999999999964,-0.7092198581560294,2.624113475177299
2023-07-05,13.88,13.97,13.52,13.55,12326616.0,169412865.0,397706400.0,0.03099426109310788,-0.4499999999999993,-3.214285714285714,3.2142857142857215
2023-07-06,13.53,13.79,13.39,13.41,9840800.0,133702240.0,397706400.0,0.02474388141603957,-0.14000000000000057,-1.0332103321033292,2.9520295202951923
2023-07-07,13.49,13.51,12.97,13.23,11195076.0,148133367.0,397706400.0,0.02814909692174931,-0.17999999999999972,-1.342281879194629,4.026845637583886
2023-07-10,13.31,13.62,13.25,13.49,8706334.0,117718478.0,397706400.0,0.021891360058575875,0.2599999999999998,1.9652305366591127,2.796674225245648
2023-07-11,13.45,13.54,13.2,13.31,7430122.0,99562319.0,397706400.0,0.01868243005392923,-0.17999999999999972,-1.3343217197924417,2.52038547071905
2023-07-12,13.39,13.44,12.93,12.95,10022782.0,132301253.0,397706400.0,0.02520146017262986,-0.3600000000000012,-2.704733283245686,3.8317054845980447
2023-07-13,13.0,14.25,12.97,13.95,28475231.0,392997392.0,397706400.0,0.07159862401007376,1.0,7.722007722007729,9.88416988416988
2023-07-14,13.83,14.5,13.75,14.1,26827345.0,381054528.0,397706400.0,0.06745515033200371,0.15000000000000036,1.0752688172043001,5.376344086021505
2023-07-17,14.7,15.51,14.33,14.69,34579753.0,513462470.0,397706400.0,0.0869479419994247,0.5899999999999999,4.184397163120557,8.368794326241133
2023-07-18,14.72,14.75,13.95,14.06,20264527.0,287971740.0,397706400.0,0.05095348478173849,-0.629999999999999,-4.288631722260039,5.445881552076248
2023-07-19,14.0,14.84,13.87,14.66,23803802.0,343897469.0,397706400.0,0.05985270038400187,0.5999999999999996,4.267425320056906,6.899004267425324
2023-07-20,14.49,14.57,14.07,14.1,15615666.0,223946501.0,397706400.0,0.03926430653366403,-0.5600000000000005,-3.8199181446111896,3.4106412005457027
2023-07-21,14.1,14.63,13.72,14.29,17118462.0,243130539.0,397706400.0,0.043042963351859566,0.1899999999999995,1.3475177304964614,6.453900709219859
2023-07-24,14.11,14.44,13.95,14.08,10439548.0,148739126.0,397706400.0,0.026249383967670622,-0.20999999999999908,-1.4695591322603119,3.4289713086074194
2023-07-25,14.28,15.49,14.06,15.49,41995252.0,640428213.0,397706400.0,0.105593603723752,1.4100000000000001,10.014204545454541,10.156249999999998
2023-07-26,15.15,15.58,14.82,14.96,37641064.0,571251047.0,397706400.0,0.09464535647402204,-0.5299999999999994,-3.4215622982569305,4.906391220142026
2023-07-27,14.85,15.23,14.63,14.68,22451882.0,337511786.0,397706400.0,0.056453408846324826,-0.28000000000000114,-1.8716577540107027,4.010695187165773
2023-07-28,14.59,14.68,13.54,13.95,26931108.0,377092941.0,397706400.0,0.0677160538527919,-0.7300000000000004,-4.972752043596729,7.765667574931884
2023-07-31,13.88,14.23,13.66,14.06,17601874.0,246847510.0,397706400.0,0.0442584630269968,0.11000000000000121,0.7885304659498216,4.086021505376347
2023-08-01,14.12,14.19,13.73,13.85,11578390.0,160870937.0,397706400.0,0.029112908416862288,-0.21000000000000085,-1.493598862019918,3.2716927453769493
2023-08-02,13.76,13.92,13.5,13.85,12712789.0,174678607.0,397706400.0,0.031965261308342034,0.0,0.0,3.0324909747292415
2023-08-03,13.68,13.7,13.5,13.53,9506000.0,129412069.0,397706400.0,0.023902054379813853,-0.3200000000000003,-2.310469314079422,1.4440433212996338
2023-08-04,13.54,14.05,13.52,13.94,15535142.0,216404852.0,397706400.0,0.03906183556513046,0.41000000000000014,3.0303030303030276,3.9172209903917308
2023-08-07,13.94,14.6,13.87,14.5,19554429.0,281233207.0,397706400.0,0.04916800182244993,0.5600000000000005,4.017216642754673,5.236728837876617
2023-08-08,14.33,15.05,14.22,14.75,27693784.0,411938149.0,397706400.0,0.06963373986438237,0.25,1.724137931034475,5.724137931034483
2023-08-09,14.47,14.74,13.9,13.93,16874425.0,241070948.0,397706400.0,0.04242935240670002,-0.8200000000000003,-5.559322033898306,5.694915254237287
2023-08-10,14.03,14.23,13.79,13.85,8947718.0,125319084.0,397706400.0,0.022498300253654454,-0.08000000000000007,-0.5743000717875146,3.1586503948313083
2023-08-11,13.85,14.01,13.55,13.6,7953132.0,109691756.0,397706400.0,0.01999749563999976,-0.25,-1.8050541516245522,3.3212996389891627
2023-08-14,13.35,13.95,13.35,13.93,8403152.0,115716154.0,397706400.0,0.021129033880269463,0.33000000000000007,2.4264705882352855,4.411764705882351
2023-08-15,13.92,13.93,13.5,13.58,6678989.0,91383490.0,397706400.0,0.01679376796551426,-0.34999999999999964,-2.5125628140703515,3.086862885857859
2023-08-16,13.53,13.58,13.06,13.2,7415200.0,98912937.0,397706400.0,0.018644909913443686,-0.3800000000000008,-2.798232695139913,3.8291605301914546
2023-08-17,13.16,13.5,13.08,13.38,6516818.0,87467290.0,397706400.0,0.01638600233740267,0.1800000000000015,1.3636363636363669,3.1818181818181817
2023-08-18,13.35,13.59,13.04,13.04,6676840.0,88827014.0,397706400.0,0.01678836448193944,-0.34000000000000163,-2.5411061285500858,4.110612855007479
2023-08-21,13.04,13.27,12.98,13.05,4183364.0,55186367.0,397706400.0,0.010518724365511845,0.010000000000001563,0.07668711656443339,2.2239263803680918
2023-08-22,13.1,13.79,13.0,13.76,15067149.0,203943738.0,397706400.0,0.03788510569606122,0.7099999999999991,5.440613026819907,6.053639846743288
2023-08-23,13.62,13.79,13.42,13.47,8400440.0,114466332.0,397706400.0,0.021122214779545918,-0.28999999999999915,-2.107558139534882,2.6889534883720874
2023-08-24,13.57,14.1,13.52,13.86,14104227.0,196200487.0,397706400.0,0.03546391760353869,0.3899999999999988,2.8953229398663627,4.305864884929473
2023-08-25,13.64,13.87,13.13,13.25,12001320.0,162198516.0,397706400.0,0.030176331082426636,-0.6099999999999994,-4.401154401154395,5.339105339105328
2023-08-28,13.85,14.08,13.32,13.52,13109016.0,179034086.0,397706400.0,0.032961541478839666,0.2699999999999996,2.037735849056599,5.735849056603772
2023-08-29,13.49,14.36,13.41,14.29,17133176.0,241070210.0,397706400.0,0.04307996049346956,0.7699999999999996,5.695266272189348,7.026627218934907
2023-08-30,14.31,14.53,13.84,14.42,21415152.0,305228197.0,397706400.0,0.05384663661434667,0.13000000000000078,0.9097270818754444,4.828551434569626
2023-08-31,14.4,14.4,13.95,14.02,10350458.0,146235792.0,397706400.0,0.026025374497367908,-0.40000000000000036,-2.77392510402219,3.120665742024973
2023-09-01,14.02,14.12,13.75,13.82,8544221.0,119175108.0,397706400.0,0.021483740266689196,-0.1999999999999993,-1.4265335235377985,2.63908701854493
2023-09-04,13.83,13.9,13.67,13.89,7431929.0,102897518.0,397706400.0,0.018686973606660592,0.07000000000000028,0.5065123010130179,1.6642547033285124
2023-09-05,13.83,13.83,13.21,13.33,12420724.0,167169680.0,397706400.0,0.031230887911283298,-0.5600000000000005,-4.031677465802741,4.463642908567309
2023-09-06,13.25,13.28,13.11,13.2,6506157.0,86085428.0,397706400.0,0.016359196130612933,-0.13000000000000078,-0.9752438109527417,1.2753188297074263
2023-09-07,13.17,13.29,13.05,13.07,6346214.0,83803525.0,397706400.0,0.015957032625072164,-0.129999999999999,-0.9848484848484773,1.8181818181818064
2023-09-08,13.06,13.06,12.54,12.77,8579549.0,109706702.0,397706400.0,0.021572569614167637,-0.3000000000000007,-2.2953328232593773,3.9785768936495893
2023-09-11,12.9,13.04,12.78,13.02,5324776.0,69081860.0,397706400.0,0.013388710868117788,0.25,1.9577133907595856,2.036021926389975
2023-09-12,12.96,12.98,12.86,12.87,3652943.0,47314982.0,397706400.0,0.009185024430082091,-0.15000000000000036,-1.1520737327188946,0.9216589861751229
2023-09-13,12.89,13.29,12.83,13.03,7288489.0,95587171.0,397706400.0,0.018326305535943097,0.16000000000000014,1.243201243201253,3.5742035742035676
2023-09-14,12.95,13.14,12.77,13.09,6104334.0,79165458.0,397706400.0,0.015348845278828804,0.0600000000000005,0.46047582501917983,2.839600920951658
2023-09-15,13.06,13.22,13.03,13.06,4423233.0,58273030.0,397706400.0,0.011121855217818975,-0.02999999999999936,-0.22918258212375475,1.4514896867838143
2023-09-18,13.06,13.45,12.87,13.28,7824221.0,103870525.0,397706400.0,0.019673359543623134,0.21999999999999886,1.6845329249617125,4.44104134762634
2023-09-19,13.17,13.4,12.83,12.86,7954049.0,103876577.0,397706400.0,0.019999801361004,-0.41999999999999993,-3.1626506024096335,4.2921686746987975
2023-09-20,12.85,12.87,12.61,12.68,4352509.0,55651353.0,397706400.0,0.010944025542460468,-0.17999999999999972,-1.3996889580093264,2.02177293934681
2023-09-21,12.6,12.7,12.35,12.39,4760747.0,59588178.0,397706400.0,0.011970506383603583,-0.28999999999999915,-2.287066246056779,2.760252365930597
2023-09-22,12.28,12.82,12.27,12.8,6467956.0,82090250.0,397706400.0,0.016263142861165925,0.41000000000000014,3.3091202582727908,4.439063761097665
2023-09-25,12.77,12.84,12.51,12.54,5158066.0,65272828.0,397706400.0,0.012969532298197866,-0.26000000000000156,-2.0312500000000067,2.5781250000000004
2023-09-26,12.58,12.78,12.46,12.7,5176389.0,65888729.0,397706400.0,0.013015603973182226,0.16000000000000014,1.2759170653907415,2.5518341307814874
2023-09-27,12.61,12.86,12.61,12.65,3972932.0,50751234.0,397706400.0,0.009989610426183737,-0.049999999999998934,-0.393700787401563,1.968503937007874
2023-09-28,12.7,12.79,12.67,12.72,2627700.0,33531693.0,397706400.0,0.006607135313889845,0.07000000000000028,0.5533596837944632,0.9486166007905077
2023-10-09,12.71,12.71,12.15,12.41,5697680.0,70758456.0,397706400.0,0.014326347275276435,-0.3100000000000005,-2.437106918238996,4.402515723270444
2023-10-10,12.4,12.58,12.34,12.39,4035531.0,50316343.0,397706400.0,0.010147010457965977,-0.019999999999999574,-0.16116035455278066,1.933924254633362
2023-10-11,12.47,12.74,12.38,12.59,4944319.0,62509256.0,397706400.0,0.012432083064290642,0.1999999999999993,1.6142050040355072,2.9055690072639178
2023-10-12,12.56,12.64,12.44,12.53,3687898.0,46272669.0,397706400.0,0.009272915899769278,-0.0600000000000005,-0.4765687053216894,1.5885623510722882
2023-10-13,12.51,12.53,12.24,12.3,4060091.0,50381705.0,397706400.0,0.010208764555963897,-0.22999999999999865,-1.8355945730247347,2.3144453312051008
2023-10-16,12.3,12.31,12.0,12.06,3906439.0,47394633.0,397706400.0,0.009822419251990917,-0.2400000000000002,-1.9512195121951237,2.5203252032520362
2023-10-17,12.06,12.14,11.93,12.0,2932045.0,35270707.0,397706400.0,0.007372385759947539,-0.0600000000000005,-0.4975124378109541,1.7412935323383154
2023-10-18,12.12,12.16,11.75,11.78,3612225.0,42943371.0,397706400.0,0.009082642371357363,-0.22000000000000064,-1.8333333333333424,3.416666666666668
2023-10-19,11.73,12.06,11.71,11.83,3877875.0,46391193.0,397706400.0,0.009750597425638613,0.05000000000000071,0.4244482173174857,2.971137521222408
2023-10-20,11.83,11.91,11.6,11.62,2916423.0,34221893.0,397706400.0,0.0073331055270923476,-0.21000000000000085,-1.775147928994092,2.620456466610317
2023-10-23,11.6,11.66,11.29,11.33,3850697.0,44235343.0,397706400.0,0.00968226058217821,-0.28999999999999915,-2.495697074010317,3.184165232358012
2023-10-24,11.36,11.8,11.36,11.78,5053361.0,59207078.0,397706400.0,0.012706260195963655,0.4499999999999993,3.971756398940851,3.8834951456310796
2023-10-25,11.78,11.93,11.7,11.81,2925635.0,34749089.0,397706400.0,0.007356268342676909,0.030000000000001137,0.2546689303905003,1.9524617996604452
2023-10-26,11.7,11.87,11.69,11.87,2768337.0,32754094.0,397706400.0,0.006960755471875735,0.05999999999999872,0.508044030482635,1.5241320914479228
2023-10-27,11.8,12.01,11.71,11.97,3044173.0,36306769.0,397706400.0,0.007654322384553027,0.10000000000000142,0.8424599831508228,2.527379949452392
2023-10-30,11.72,11.94,11.29,11.9,7893723.0,92268911.0,397706400.0,0.01984811660058777,-0.07000000000000028,-0.5847953216374324,5.430242272347538
2023-10-31,11.9,12.38,11.81,12.15,10222171.0,124547633.0,397706400.0,0.02570280739761794,0.25,2.1008403361344463,4.789915966386557
2023-11-01,12.12,12.44,12.02,12.15,7393250.0,90961146.0,397706400.0,0.01858971844556688,0.0,0.0,3.456790123456789
2023-11-02,12.26,12.56,12.18,12.37,11133368.0,138789103.0,397706400.0,0.027993937236111866,0.21999999999999886,1.8106995884773491,3.127572016460912
2023-11-03,12.24,12.56,12.1,12.44,7639661.0,94518987.0,397706400.0,0.0192092986182772,0.07000000000000028,0.5658852061438902,3.7186742118027554
2023-11-06,12.46,12.92,12.46,12.89,8971609.0,115007285.0,397706400.0,0.022558372206230526,0.45000000000000107,3.6173633440514497,3.697749196141472
2023-11-07,12.93,13.13,12.77,13.07,10023074.0,130251880.0,397706400.0,0.02520219438258977,0.17999999999999972,1.3964313421256813,2.7928626842513666
2023-11-08,13.01,13.81,12.95,13.63,20175023.0,274492987.0,397706400.0,0.05072843434252001,0.5600000000000005,4.284621270084177,6.579954093343544
2023-11-09,13.6,13.66,13.25,13.3,11403152.0,153618590.0,397706400.0,0.02867228689304472,-0.33000000000000007,-2.421129860601612,3.008070432868673
2023-11-10,13.16,13.29,12.87,12.99,8565900.0,112215563.0,397706400.0,0.02153825032737718,-0.3100000000000005,-2.3308270676691722,3.157894736842105
2023-11-13,12.98,13.18,12.91,12.98,6676950.0,87249499.0,397706400.0,0.016788641067883244,-0.009999999999999787,-0.07698229407235857,2.0785219399538075
2023-11-14,12.97,13.04,12.87,12.97,5885264.0,76442882.0,397706400.0,0.014798011799659247,-0.009999999999999787,-0.07704160246533309,1.3097072419106313
2023-11-15,13.0,13.09,12.85,12.88,5782182.0,75097635.0,397706400.0,0.014538820597304946,-0.08999999999999986,-0.6939090208172738,1.8504240555127232
2023-11-16,12.88,13.13,12.72,13.02,7577052.0,99161094.0,397706400.0,0.019051873442318252,0.1399999999999988,1.086956521739113,3.1832298136645973
2023-11-17,13.0,13.19,12.92,13.07,7009387.0,91924738.0,397706400.0,0.017624526535152566,0.05000000000000071,0.38402457757296116,2.0737327188940062
2023-11-20,12.95,13.3,12.95,13.16,6684994.0,88359350.0,397706400.0,0.016808867043628165,0.08999999999999986,0.6885998469777999,2.6778882938026123
2023-11-21,13.14,13.65,13.12,13.41,12840625.0,172900337.0,397706400.0,0.03228669440572241,0.25,1.8996960486322267,4.027355623100313
2023-11-22,13.35,13.95,13.31,13.92,22473500.0,309658735.0,397706400.0,0.056507765527534885,0.5099999999999998,3.803131991051445,4.7725577926920115
2023-11-23,13.88,13.88,13.16,13.52,15386027.0,207860813.0,397706400.0,0.038686898174130464,-0.40000000000000036,-2.8735632183908066,5.172413793103453
2023-11-24,13.45,13.8,13.25,13.3,12072592.0,163954792.0,397706400.0,0.03035553865866881,-0.21999999999999886,-1.6272189349112343,4.068047337278112
2023-11-27,13.23,13.27,12.93,13.03,9869155.0,129308429.0,397706400.0,0.02481517772909865,-0.27000000000000135,-2.0300751879699375,2.5563909774436078
2023-11-28,12.93,13.03,12.76,12.89,5544700.0,71559213.0,397706400.0,0.013941691659978316,-0.1399999999999988,-1.074443591711427,2.072141212586336
2023-11-29,12.89,12.92,12.64,12.65,4443907.0,56804195.0,397706400.0,0.011173838288747679,-0.2400000000000002,-1.8619084561675714,2.1722265321954954
2023-11-30,12.7,12.79,12.54,12.65,4181048.0,53063808.0,397706400.0,0.010512900974185982,0.0,0.0,1.9762845849802373
2023-12-01,12.65,13.5,12.65,13.41,12749798.0,168667350.0,397706400.0,0.0320583173919253,0.7599999999999998,6.0079051383399085,6.719367588932804
2023-12-04,13.48,14.76,13.48,14.76,23431912.0,340767660.0,397706400.0,0.05891761359636154,1.3499999999999996,10.067114093959727,9.545115585384037
2023-12-05,15.25,16.14,14.73,15.25,58482697.0,896969383.0,397706400.0,0.14704992678015744,0.4900000000000002,3.3197831978319714,9.552845528455284
2023-12-06,14.94,16.42,14.61,15.19,49837675.0,774496987.0,397706400.0,0.1253127306978213,-0.0600000000000005,-0.39344262295082366,11.86885245901641
2023-12-07,14.95,16.12,14.95,15.73,45683012.0,714248954.0,397706400.0,0.11486617263388268,0.5400000000000009,3.5549703752468798,7.702435813034903
2023-12-08,15.43,15.68,14.96,15.03,36220272.0,555516779.0,397706400.0,0.09107289196251304,-0.7000000000000011,-4.450095359186279,4.577240940877298
2023-12-11,14.9,15.4,14.86,15.29,26191351.0,397893642.0,397706400.0,0.06585599577980138,0.2599999999999998,1.7298735861610126,3.592814371257491
2023-12-12,15.46,15.62,15.13,15.38,23162312.0,356919366.0,397706400.0,0.05823972659228013,0.09000000000000163,0.5886200130804653,3.2047089601046337
2023-12-13,15.28,15.81,15.07,15.48,28202355.0,438592816.0,397706400.0,0.07091249977370241,0.09999999999999964,0.6501950585175553,4.811443433029909
2023-12-14,15.34,16.3,15.21,15.84,41688280.0,664333076.0,397706400.0,0.10482174790247278,0.35999999999999943,2.3255813953488413,7.0413436692506455
2023-12-15,15.51,16.0,15.05,15.64,29480365.0,459947987.0,397706400.0,0.07412595070132137,-0.1999999999999993,-1.262626262626254,5.997474747474743
2023-12-18,15.57,15.59,15.02,15.11,17828434.0,272528013.0,397706400.0,0.044828129494521585,-0.5300000000000011,-3.388746803069065,3.6445012787723803
2023-12-19,15.24,15.7,14.96,15.19,14615020.0,223692204.0,397706400.0,0.03674826454892353,0.08000000000000007,0.5294506949040434,4.897418927862333
2023-12-20,15.19,15.28,14.28,14.32,22074393.0,324872050.0,397706400.0,0.055504243834144984,-0.8699999999999992,-5.727452271231071,6.583278472679395
2023-12-21,14.17,14.5,13.87,14.27,15208453.0,216348660.0,397706400.0,0.038240402970633615,-0.05000000000000071,-0.34916201117318746,4.399441340782128
2023-12-22,14.25,14.32,12.93,13.07,19747598.0,265840628.0,397706400.0,0.04965370936952485,-1.1999999999999993,-8.409250175192707,9.740714786264896
2023-12-25,12.98,13.33,12.72,12.95,10177665.0,132201173.0,397706400.0,0.025590900724755748,-0.120000000000001,-0.9181331293037553,4.6671767406273865
2023-12-26,13.03,13.07,12.52,12.58,8566825.0,109147252.0,397706400.0,0.021540576163722788,-0.3699999999999992,-2.857142857142847,4.247104247104253
2023-12-27,12.58,12.66,12.21,12.3,9121782.0,112687251.0,397706400.0,0.022935969851126357,-0.27999999999999936,-2.225755166931631,3.5771065182829833
2023-12-28,12.26,12.46,12.01,12.36,10413830.0,128652964.0,397706400.0,0.02618471817400977,0.05999999999999872,0.4878048780487809,3.6585365853658622
2023-12-29,12.34,12.95,12.18,12.79,13641023.0,174052654.0,397706400.0,0.03429922928069551,0.4299999999999997,3.478964401294493,6.229773462783168
2024-01-02,13.21,14.07,13.14,14.07,5475900.0,75508697.0,397706400.0,0.01376869972421867,1.2800000000000011,10.007818608287744,7.271305707584048
2024-01-03,15.34,15.48,14.64,15.48,11044780.0,169038621.0,397706400.0,0.027771190003479954,1.4100000000000001,10.021321961620465,5.970149253731343
2024-01-04,16.94,16.94,15.54,15.96,59992788.0,969684587.0,397706400.0,0.15084692627526236,0.4800000000000004,3.100775193798455,9.043927648578826
2024-01-05,15.6,16.18,14.88,15.3,36026498.0,556383418.0,397706400.0,0.09058566319274722,-0.6600000000000001,-4.135338345864659,8.145363408521296
2024-01-08,15.38,15.69,14.83,15.19,24438131.0,377207206.0,397706400.0,0.0614476684307821,-0.11000000000000121,-0.7189542483660216,5.620915032679735
2024-01-09,15.17,15.57,15.0,15.26,19267480.0,294857265.0,397706400.0,0.04844649218619564,0.07000000000000028,0.4608294930875667,3.7524687294272567
2024-01-10,15.05,15.07,13.85,14.0,27746141.0,396130123.0,397706400.0,0.06976538723037899,-1.2599999999999998,-8.25688073394495,7.994757536041944
2024-01-11,14.04,14.68,14.04,14.39,13030463.0,187707529.0,397706400.0,0.03276402642753549,0.39000000000000057,2.7857142857142803,4.571428571428576
2024-01-12,14.37,14.6,13.61,13.63,13936092.0,194401393.0,397706400.0,0.035041155988437704,-0.7599999999999998,-5.28144544822794,6.87977762334955
2024-01-15,13.63,14.26,13.56,13.88,12564907.0,175487371.0,397706400.0,0.03159342419433029,0.25,1.8341892883345645,5.135730007336751
2024-01-16,13.88,13.92,13.35,13.59,10469605.0,142680777.0,397706400.0,0.026324959819605618,-0.2900000000000009,-2.089337175792516,4.10662824207493
2024-01-17,13.6,13.64,13.04,13.11,7457334.0,99593600.0,397706400.0,0.018750852387590444,-0.4800000000000004,-3.532008830022082,4.415011037527605
2024-01-18,13.11,13.15,12.52,12.97,10233995.0,131346131.0,397706400.0,0.02573253787215896,-0.1399999999999988,-1.0678871090770259,4.805491990846688
2024-01-19,12.93,14.27,12.88,14.27,25467079.0,351258043.0,397706400.0,0.06403487346444513,1.299999999999999,10.023130300693905,10.71703932151117
2024-01-22,14.26,14.63,13.36,13.45,31686904.0,446788459.0,397706400.0,0.07967411135450674,-0.8200000000000003,-5.746320953048356,8.899789768745629
2024-01-23,13.56,14.8,13.39,14.8,12610458.0,180692667.0,397706400.0,0.031707958433658597,1.3500000000000014,10.037174721189611,10.483271375464685
2024-01-24,15.78,16.28,14.8,16.28,44535276.0,688678603.0,397706400.0,0.11198028495392581,1.4800000000000004,10.000000000000009,10.000000000000002
2024-01-25,17.91,17.91,17.91,17.91,5762131.0,103545494.0,397706400.0,0.014488404008585228,1.629999999999999,10.012285012285016,0.0
2024-01-26,19.7,19.7,19.7,19.7,3023911.0,59782720.0,397706400.0,0.007603375253704743,1.7899999999999991,9.994416527079842,0.0
2024-01-29,21.67,21.67,21.67,21.67,2567120.0,55834860.0,397706400.0,0.006454811891385203,1.9700000000000024,10.000000000000009,0.0
2024-01-30,23.52,23.85,22.94,23.85,58256099.0,1381394465.0,397706400.0,0.14648016476476114,2.1799999999999997,10.059990770650673,4.199353945546839
2024-01-31,25.21,26.23,24.71,26.23,24394277.0,631205508.0,397706400.0,0.06133740115824136,2.379999999999999,9.979035639413002,6.373165618448636
2024-02-01,28.85,28.85,26.01,28.85,79701472.0,2251018652.0,397706400.0,0.20040278959554084,2.620000000000001,9.9885627144491,10.827296988181471
2024-02-02,30.47,31.74,25.97,25.97,68467869.0,2037178875.0,397706400.0,0.17215681970418378,-2.8800000000000026,-9.982668977469677,20.0
2024-02-05,23.37,23.37,23.37,23.37,3625300.0,85013285.0,397706400.0,0.009115518382404708,-2.599999999999998,-10.011551790527529,0.0
2024-02-06,21.04,22.5,21.04,21.04,77474391.0,1653068467.0,397706400.0,0.19480297777455932,-2.330000000000002,-9.970047068891752,6.247325631151051
2024-02-07,21.29,22.03,19.21,19.31,82514704.0,1725124132.0,397706400.0,0.20747642984875275,-1.7300000000000004,-8.22243346007605,13.403041825095057
2024-02-08,17.94,19.13,17.38,18.48,69935991.0,1270748806.0,397706400.0,0.17584829160405765,-0.8299999999999983,-4.298291040911439,9.062661833247022
2024-02-19,18.9,20.34,18.8,20.34,56871997.0,1115099848.0,397706400.0,0.1429999542375984,1.8599999999999994,10.064935064935066,8.333333333333329
2024-02-20,20.9,22.37,20.14,21.5,83617573.0,1827008616.0,397706400.0,0.21024950315106822,1.1600000000000001,5.703048180924286,10.963618485742382
2024-02-21,20.8,23.61,19.81,22.37,81052706.0,1735288702.0,397706400.0,0.20380035624269563,0.870000000000001,4.04651162790699,17.674418604651166
2024-02-22,21.8,23.04,21.61,22.63,65354552.0,1465060303.0,397706400.0,0.16432864042419232,0.259999999999998,1.1622708985248087,6.392489941886454
2024-02-23,23.13,24.89,23.13,24.89,74607039.0,1815247112.0,397706400.0,0.18759325723699694,2.2600000000000016,9.98674326115776,7.777286787450295
2024-02-26,24.51,26.06,23.19,25.63,74742201.0,1835577077.0,397706400.0,0.1879331109582345,0.7399999999999984,2.973081558858981,11.53073523503414
2024-02-27,23.93,25.41,23.92,25.04,58915841.0,1466185523.0,397706400.0,0.1481390317078126,-0.5899999999999999,-2.3019898556379204,5.813499804916108
2024-02-28,24.81,25.39,22.54,22.54,60309450.0,1470148469.0,397706400.0,0.15164314680377283,-2.5,-9.984025559105437,11.381789137380197
2024-02-29,21.92,23.23,21.76,23.11,41806328.0,953858416.0,397706400.0,0.10511856987969015,0.5700000000000003,2.528837622005331,6.521739130434778
2024-03-01,22.72,23.27,22.19,22.81,42204970.0,959159756.0,397706400.0,0.10612092236886306,-0.3000000000000007,-1.2981393336218172,4.673301601038505
2024-03-04,22.78,22.99,21.95,22.68,30384135.0,687582161.0,397706400.0,0.07639840595977335,-0.129999999999999,-0.5699254712845159,4.559403770276192
2024-03-05,22.54,24.95,22.26,24.95,81259547.0,1974593962.0,397706400.0,0.20432044090816742,2.2699999999999996,10.008818342151681,11.860670194003516
2024-03-06,24.66,25.09,23.59,24.3,65367757.0,1597797456.0,397706400.0,0.16436184330953688,-0.6499999999999986,-2.605210420841675,6.012024048096193
2024-03-07,23.94,24.19,22.22,22.47,49936225.0,1158153961.0,397706400.0,0.12556052655929098,-1.8300000000000018,-7.530864197530873,8.106995884773673
2024-03-08,22.15,22.36,21.6,22.15,32010641.0,704871654.0,397706400.0,0.08048812138803901,-0.3200000000000003,-1.4241210502892732,3.3822874944370183
2024-03-11,22.12,22.55,21.77,22.39,27408266.0,612715416.0,397706400.0,0.06891582835981518,0.240000000000002,1.083521444695279,3.521444695259599
2024-03-12,22.5,22.54,21.65,21.88,28804355.0,636346888.0,397706400.0,0.07242617921159931,-0.5100000000000016,-2.2778025904421684,3.97498883430103
2024-03-13,21.8,22.89,21.72,22.3,36459425.0,816255629.0,397706400.0,0.09167422249176779,0.4200000000000017,1.9195612431444298,5.347349177330904
2024-03-14,21.92,21.99,20.78,21.25,32681556.0,702865979.0,397706400.0,0.08217508191972772,-1.0500000000000007,-4.7085201793722,5.426008968609853
2024-03-15,21.28,21.42,20.66,21.11,18955683.0,397981016.0,397706400.0,0.04766250429965422,-0.14000000000000057,-0.6588235294117673,3.576470588235302
2024-03-18,21.46,22.11,21.33,22.07,30836601.0,675172876.0,397706400.0,0.07753609446566613,0.9600000000000009,4.547607768829942,3.694931312174331
2024-03-19,22.07,22.84,22.02,22.03,33320684.0,748311698.0,397706400.0,0.08378211665691072,-0.03999999999999915,-0.1812415043044857,3.7154508382419587
2024-03-20,22.0,22.77,21.85,22.56,32839468.0,739390812.0,397706400.0,0.08257213864297884,0.5299999999999976,2.4058102587380725,4.176123467998176
2024-03-21,22.82,24.71,22.42,24.09,61745828.0,1461968882.0,397706400.0,0.15525480102910086,1.5300000000000011,6.781914893617036,10.150709219858154
2024-03-22,23.71,25.29,22.72,24.22,59771157.0,1430916487.0,397706400.0,0.15028965337243755,0.129999999999999,0.5396430053964174,10.668327106683273
2024-03-25,23.72,23.81,21.8,21.8,39870830.0,910105139.0,397706400.0,0.10025191950644999,-2.419999999999998,-9.991742361684553,8.298926507018985
2024-03-26,21.38,21.99,20.67,20.98,26955316.0,574226932.0,397706400.0,0.06777692287576967,-0.8200000000000003,-3.7614678899082543,6.055045871559618
2024-03-27,20.71,21.12,19.83,19.83,20299656.0,411916611.0,397706400.0,0.05104181376010042,-1.1500000000000021,-5.481410867492864,6.14871306005721
2024-03-28,19.62,20.73,19.62,20.54,17350593.0,354426528.0,397706400.0,0.043626637640229074,0.7100000000000009,3.5804336863338504,5.597579425113462
2024-03-29,20.33,21.71,20.23,21.16,23727429.0,502612440.0,397706400.0,0.05966066676322031,0.620000000000001,3.018500486854925,7.205452775073031
2024-04-01,21.05,21.42,20.86,21.32,15702155.0,334037983.0,397706400.0,0.03948177600360467,0.16000000000000014,0.7561436672967936,2.646502835538763
2024-04-02,21.22,21.3,20.28,20.43,17455540.0,361146869.0,397706400.0,0.043890518231539645,-0.8900000000000006,-4.174484052532835,4.784240150093807
2024-04-03,20.48,20.56,19.75,19.93,11602459.0,232624055.0,397706400.0,0.029173427935783786,-0.5,-2.447381302006857,3.9647577092510953
2024-04-08,19.87,20.06,19.33,19.51,10438727.0,206271544.0,397706400.0,0.026247319630762794,-0.41999999999999815,-2.107375815353729,3.662819869543404
2024-04-09,19.61,19.81,19.45,19.69,7338674.0,144415334.0,397706400.0,0.018452491586758473,0.17999999999999972,0.9226037929267017,1.8452075858534054
2024-04-10,19.66,19.66,18.95,19.06,9931652.0,190783172.0,397706400.0,0.024972321290278456,-0.6300000000000026,-3.199593702387016,3.6058913153885266
2024-04-11,18.94,19.78,18.88,19.56,13988602.0,274070268.0,397706400.0,0.03517318806033798,0.5,2.6232948583420734,4.721930745015751
2024-04-12,19.4,19.54,18.96,19.02,10225494.0,196864728.0,397706400.0,0.025711162807538424,-0.5399999999999991,-2.7607361963190136,2.965235173824122
2024-04-15,18.97,20.67,18.21,19.75,24340524.0,478246985.0,397706400.0,0.06120224366517612,0.7300000000000004,3.83806519453207,12.93375394321767
2024-04-16,19.35,21.44,19.31,20.99,42520686.0,887179478.0,397706400.0,0.10691476425825684,1.2399999999999984,6.278481012658221,10.784810126582292
2024-04-17,21.15,22.16,19.82,22.07,44083655.0,942589071.0,397706400.0,0.11084472113096495,1.0800000000000018,5.145307289185341,11.148165793234874
2024-04-18,21.62,22.24,21.36,21.37,34136404.0,743711510.0,397706400.0,0.08583317743943773,-0.6999999999999993,-3.1717263253284944,3.9873130946986817
2024-04-19,21.14,21.71,21.09,21.15,19691260.0,421800778.0,397706400.0,0.04951205210678028,-0.22000000000000242,-1.0294805802527063,2.9012634534394057
2024-04-22,21.03,21.11,19.23,19.71,19256108.0,385397120.0,397706400.0,0.048417898228441884,-1.4399999999999977,-6.80851063829786,8.888888888888886
2024-04-23,19.55,20.02,19.53,19.56,13295742.0,262788407.0,397706400.0,0.033431048632860824,-0.15000000000000213,-0.7610350076103556,2.4860476915271357
2024-04-24,19.43,20.1,19.23,19.8,14942046.0,295915540.0,397706400.0,0.03757054450217547,0.240000000000002,1.22699386503069,4.447852760736202
2024-04-25,19.65,19.77,19.33,19.36,12826025.0,251016793.0,397706400.0,0.032249983907726903,-0.4400000000000013,-2.2222222222222254,2.2222222222222285
2024-04-26,19.28,19.98,19.23,19.83,15454765.0,306017751.0,397706400.0,0.038859734215994514,0.46999999999999886,2.4276859504132275,3.8739669421487606
2024-04-29,19.92,20.66,19.92,20.63,17414534.0,357281048.0,397706400.0,0.0437874120205257,0.8000000000000007,4.034291477559249,3.7317196167423026
2024-04-30,20.51,20.71,19.66,19.99,15674740.0,317045785.0,397706400.0,0.039412843243156255,-0.6400000000000006,-3.102278235579259,5.089675230247217
2024-05-06,20.32,20.76,20.03,20.19,13056996.0,266456489.0,397706400.0,0.032830741471598146,0.20000000000000284,1.0005002501250804,3.6518259129564807
2024-05-07,20.33,20.98,20.33,20.88,25922644.0,539767037.0,397706400.0,0.06518035415070011,0.6899999999999977,3.4175334323922613,3.2194155522536008
2024-05-08,20.64,21.42,20.23,21.27,31709389.0,665011395.0,397706400.0,0.07973064803583749,0.39000000000000057,1.8678160919540332,5.699233716475102
2024-05-09,21.11,21.11,20.65,20.89,17170898.0,359352131.0,397706400.0,0.04317480935685219,-0.379999999999999,-1.7865538316878204,2.162670427832632
2024-05-10,20.88,21.06,20.33,20.39,12269411.0,253037211.0,397706400.0,0.030850423830242613,-0.5,-2.3934897079942563,3.494494973671615
2024-05-13,20.15,20.16,19.44,19.5,14210696.0,280404906.0,397706400.0,0.035731625138544415,-0.8900000000000006,-4.364884747425213,3.5311427170181404
2024-05-14,19.5,19.84,19.41,19.65,8301029.0,163361478.0,397706400.0,0.020872254004461584,0.14999999999999858,0.7692307692307665,2.2051282051282035
2024-05-15,19.58,19.83,19.41,19.46,8014306.0,157434721.0,397706400.0,0.02015131262660093,-0.18999999999999773,-0.9669211195928673,2.1374045801526624
2024-05-16,19.46,19.69,19.29,19.57,8015070.0,156814529.0,397706400.0,0.020153233641701518,0.10999999999999943,0.5652620760534299,2.055498458376167
2024-05-17,19.46,19.46,19.02,19.23,9741822.0,187413112.0,397706400.0,0.02449500938380675,-0.33999999999999986,-1.7373530914665314,2.2483392948390457
2024-05-20,19.12,19.42,18.83,19.16,10220401.0,196779656.0,397706400.0,0.025698356878340402,-0.07000000000000028,-0.3640145605824263,3.068122724909014
2024-05-21,19.2,19.31,19.03,19.07,7707298.0,148216975.0,397706400.0,0.01937936628628556,-0.08999999999999986,-0.46972860125260585,1.4613778705636618
2024-05-22,19.03,19.12,18.8,18.97,7231780.0,137491589.0,397706400.0,0.018183715424242606,-0.10000000000000142,-0.524383848977461,1.6780283167278462
2024-05-23,18.92,18.95,18.12,18.2,12102614.0,223626160.0,397706400.0,0.03043102650598532,-0.7699999999999996,-4.059040590405905,4.375329467580381
2024-05-24,18.21,18.35,17.89,17.91,7777469.0,140895805.0,397706400.0,0.019555805488672046,-0.28999999999999915,-1.5934065934065877,2.5274725274725323
2024-05-27,17.99,18.14,17.55,18.14,7289332.0,130191707.0,397706400.0,0.018328425190039688,0.23000000000000043,1.2841987716359693,3.294249022892238
2024-05-28,18.22,18.22,17.59,17.61,5912615.0,105645803.0,397706400.0,0.014866783637376719,-0.5300000000000011,-2.921719955898572,3.472987872105838
2024-05-29,17.61,17.8,17.55,17.69,4575803.0,81122604.0,397706400.0,0.011505479921872014,0.08000000000000185,0.4542873367404887,1.4196479273140261
2024-05-30,17.72,18.2,17.46,17.99,10187865.0,183745923.0,397706400.0,0.025616547784999184,0.29999999999999716,1.695873374788004,4.183154324477097
2024-05-31,17.96,18.12,17.87,18.0,6123895.0,110521237.0,397706400.0,0.01539802980288977,0.010000000000001563,0.05558643690939391,1.3896609227348529
2024-06-03,17.8,18.43,17.79,18.15,9274420.0,169152482.0,397706400.0,0.023319765535581023,0.14999999999999858,0.8333333333333304,3.555555555555559
2024-06-04,18.17,18.31,17.89,18.22,7428104.0,135044292.0,397706400.0,0.018677355959069303,0.07000000000000028,0.38567493112948714,2.3140495867768496
2024-06-05,18.19,18.22,17.44,17.51,8709777.0,155099188.0,397706400.0,0.02190001719861687,-0.7099999999999973,-3.896816684961568,4.2810098792535545
2024-06-06,17.46,17.48,16.14,16.34,14318954.0,237815139.0,397706400.0,0.03600383096676342,-1.1700000000000017,-6.681896059394643,7.652769845802397
2024-06-07,16.34,16.7,16.23,16.64,8627033.0,142744257.0,397706400.0,0.021691964222853844,0.3000000000000007,1.8359853121175052,2.8763769889840813
2024-06-11,16.57,16.67,16.18,16.62,5409398.0,89540710.0,397706400.0,0.01360148592026681,-0.019999999999999574,-0.12019230769230171,2.9447115384615503
2024-06-12,16.5,17.21,16.49,17.17,9372181.0,159995799.0,397706400.0,0.02356557752150833,0.5500000000000007,3.3092659446450012,4.3321299638989315
2024-06-13,17.14,17.21,16.87,16.95,5903859.0,100608440.0,397706400.0,0.014844767396250099,-0.22000000000000242,-1.2813046010483498,1.9801980198019793
2024-06-14,17.05,17.13,16.95,17.05,4236208.0,72376862.0,397706400.0,0.01065159625291421,0.10000000000000142,0.5899705014749346,1.0619469026548656
2024-06-17,17.04,17.08,16.74,16.82,3903216.0,66189508.0,397706400.0,0.009814315283837525,-0.23000000000000043,-1.3489736070381286,1.994134897360703
2024-06-18,16.93,17.08,16.83,16.88,4177501.0,71073970.0,397706400.0,0.010503982334707212,0.05999999999999872,0.356718192627814,1.4863258026159334
2024-06-19,16.99,16.99,16.68,16.69,4185688.0,70502167.0,397706400.0,0.010524567872179074,-0.18999999999999773,-1.1255924170615939,1.8364928909952534
2024-06-20,16.59,16.87,16.4,16.42,5062023.0,84398632.0,397706400.0,0.012728040081829208,-0.2699999999999996,-1.6177351707609366,2.8160575194727526
2024-06-21,16.45,16.56,16.15,16.24,4152535.0,67963273.0,397706400.0,0.010441207383134896,-0.18000000000000327,-1.0962241169305886,2.496954933008527
2024-06-24,16.13,16.13,15.62,15.63,6036241.0,95650261.0,397706400.0,0.015177631036362502,-0.6099999999999977,-3.7561576354679715,3.1403940886699497
2024-06-25,15.63,16.13,15.55,15.9,7843944.0,124273051.0,397706400.0,0.01972295140334679,0.2699999999999996,1.7274472168905985,3.7108125399871934
2024-06-26,15.82,16.62,15.74,16.62,12063617.0,196555532.0,397706400.0,0.030332971760072255,0.7200000000000006,4.528301886792452,5.5345911949685584
2024-06-27,16.35,16.92,16.34,16.45,10296600.0,171376334.0,397706400.0,0.025889952990447225,-0.1700000000000017,-1.0228640192539218,3.489771359807472
2024-06-28,16.4,16.79,16.27,16.31,7152200.0,118155189.0,397706400.0,0.01798361806599039,-0.14000000000000057,-0.8510638297872353,3.1610942249240095
2024-07-01,16.19,16.6,16.04,16.51,6539713.0,107139430.0,397706400.0,0.016443569929978495,0.20000000000000284,1.226241569589237,3.4334763948497993
2024-07-02,16.5,16.76,16.44,16.49,5292503.0,88220553.0,397706400.0,0.013307563066624022,-0.020000000000003126,-0.12113870381589287,1.9382192610539084
2024-07-03,16.49,16.53,16.06,16.09,4161700.0,67831558.0,397706400.0,0.010464252021088924,-0.3999999999999986,-2.4257125530624535,2.8502122498484077
2024-07-04,16.11,16.2,15.57,15.62,4859501.0,76972038.0,397706400.0,0.012218815186278119,-0.47000000000000064,-2.9210689869484163,3.915475450590423
2024-07-05,15.62,15.86,15.39,15.82,4322200.0,68016728.0,397706400.0,0.0108678160572724,0.20000000000000107,1.2804097311139628,3.0089628681177905
2024-07-08,15.71,15.74,15.02,15.1,5411239.0,82811784.0,397706400.0,0.013606114963198983,-0.7200000000000006,-4.551201011378003,4.551201011378007
2024-07-09,15.09,15.56,14.84,15.53,6458552.0,98770537.0,397706400.0,0.016239497277388545,0.4299999999999997,2.847682119205297,4.768211920529806
2024-07-10,15.19,15.19,14.63,14.66,10330542.0,153528690.0,397706400.0,0.025975297355033764,-0.8699999999999992,-5.6020605280103,3.605924018029612
2024-07-11,14.85,15.12,14.85,15.06,7355702.0,110780224.0,397706400.0,0.018495307090858986,0.40000000000000036,2.7285129604365688,1.8417462482946765
2024-07-12,15.05,15.2,14.76,14.84,5364200.0,80456261.0,397706400.0,0.013487839270376337,-0.22000000000000064,-1.4608233731739695,2.921646746347938
2024-07-15,14.87,15.12,14.77,14.78,5820804.0,87020460.0,397706400.0,0.014635932436591415,-0.0600000000000005,-0.40431266846361336,2.3584905660377338
2024-07-16,14.72,14.83,14.49,14.69,4846088.0,71117031.0,397706400.0,0.012185089302058,-0.08999999999999986,-0.6089309878213767,2.30040595399188
2024-07-17,14.65,14.88,14.59,14.64,4478100.0,66187856.0,397706400.0,0.01125981377216962,-0.049999999999998934,-0.3403675970047537,1.9741320626276444
2024-07-18,14.56,14.59,14.15,14.55,5943102.0,85677440.0,397706400.0,0.01494344068891021,-0.08999999999999986,-0.6147540983606592,3.005464480874313
2024-07-19,14.51,14.84,14.4,14.69,5363520.0,78988584.0,397706400.0,0.01348612946636011,0.1399999999999988,0.9621993127147732,3.0240549828178658
2024-07-22,14.69,14.79,14.5,14.79,4092700.0,60205801.0,397706400.0,0.010290757201795094,0.09999999999999964,0.6807351940095296,1.9741320626276322
2024-07-23,14.81,14.85,14.31,14.31,4346600.0,63609459.0,397706400.0,0.010929167848442972,-0.47999999999999865,-3.2454361054766623,3.651115618661252
2024-07-24,14.32,14.49,14.09,14.14,4044500.0,57839531.0,397706400.0,0.010169562270056503,-0.16999999999999993,-1.187980433263447,2.7952480782669484
2024-07-25,14.03,14.33,13.88,14.18,4036501.0,57159813.0,397706400.0,0.010149449443106775,0.03999999999999915,0.28288543140027045,3.182461103253177
2024-07-26,14.17,14.49,14.14,14.46,4732000.0,68035941.0,397706400.0,0.011898224418817499,0.28000000000000114,1.9746121297602448,2.4682651622002796
2024-07-29,14.48,14.56,14.12,14.42,4680000.0,67355941.0,397706400.0,0.011767474699929396,-0.040000000000000924,-0.2766251728907432,3.0428769017980724
2024-07-30,14.4,14.51,14.24,14.44,3286960.0,47375010.0,397706400.0,0.008264790307623915,0.019999999999999574,0.1386962552011095,1.8723994452149764
2024-07-31,14.5,15.05,14.45,15.03,9101960.0,135476560.0,397706400.0,0.02288612906405328,0.5899999999999999,4.085872576177274,4.155124653739622
2024-08-01,14.98,15.14,14.81,15.05,6838300.0,102477324.0,397706400.0,0.017194342359087005,0.02000000000000135,0.13306719893546592,2.19560878243513
2024-08-02,14.94,15.34,14.89,14.98,7241200.0,109800922.0,397706400.0,0.018207401238702722,-0.07000000000000028,-0.46511627906976605,2.9900332225913573
2024-08-05,14.76,15.39,14.67,14.67,7471700.0,112300763.0,397706400.0,0.018786974511850952,-0.3100000000000005,-2.0694259012016047,4.806408544726306
2024-08-06,14.69,15.06,14.69,15.03,6204506.0,92781936.0,397706400.0,0.015600719525760712,0.35999999999999943,2.4539877300613355,2.5221540558963937
2024-08-07,15.03,15.16,14.82,14.89,4894686.0,73498746.0,397706400.0,0.012307284972029618,-0.1399999999999988,-0.9314703925482282,2.26214238190286
2024-08-08,14.78,15.06,14.49,14.96,5665600.0,84063573.0,397706400.0,0.014245684756393158,0.07000000000000028,0.4701141705842904,3.828072531900606
2024-08-09,14.97,14.99,14.42,14.43,5668400.0,83222812.0,397706400.0,0.014252725125871748,-0.5300000000000011,-3.54278074866311,3.810160427807488
2024-08-12,14.43,14.6,14.22,14.4,3375760.0,48672298.0,397706400.0,0.008488070596802063,-0.02999999999999936,-0.20790020790020236,2.6334026334026266
2024-08-13,14.32,14.48,14.14,14.33,2706880.0,38761885.0,397706400.0,0.0068062269050736925,-0.07000000000000028,-0.4861111111111094,2.36111111111111
2024-08-14,14.41,14.62,14.29,14.46,4145620.0,60046960.0,397706400.0,0.010423820184940449,0.13000000000000078,0.9071877180739651,2.3028611304954647
2024-08-15,14.32,14.99,14.17,14.72,6907917.0,101622965.0,397706400.0,0.017369388574083797,0.2599999999999998,1.7980636237897585,5.670816044260029
2024-08-16,14.59,14.86,14.57,14.61,4913800.0,72331745.0,397706400.0,0.012355345551391679,-0.11000000000000121,-0.7472826086956652,1.970108695652168
2024-08-19,14.59,14.87,14.57,14.69,4379400.0,64449329.0,397706400.0,0.011011640748049315,0.08000000000000007,0.5475701574264136,2.0533880903490687
2024-08-20,14.64,14.9,14.37,14.59,6461201.0,94518094.0,397706400.0,0.016246157969798825,-0.09999999999999964,-0.6807351940095296,3.607896528250518
2024-08-21,14.62,14.82,14.15,14.16,6444514.0,93055526.0,397706400.0,0.0162041998821241,-0.4299999999999997,-2.947224126113779,4.592186429061
2024-08-22,14.16,14.21,13.59,13.65,6636865.0,91915465.0,397706400.0,0.01668785063554421,-0.5099999999999998,-3.601694915254239,4.378531073446334
2024-08-23,13.62,13.71,13.37,13.46,3685600.0,49969261.0,397706400.0,0.009267137767961491,-0.1899999999999995,-1.391941391941387,2.490842490842503
2024-08-26,13.42,13.56,13.19,13.41,3202001.0,43073574.0,397706400.0,0.008051167896719792,-0.05000000000000071,-0.3714710252600395,2.748885586924227
2024-08-27,13.33,13.45,13.17,13.2,2955140.0,39321690.0,397706400.0,0.007430456236057554,-0.21000000000000085,-1.5659955257270708,2.0879940343027545
2024-08-28,13.2,13.36,13.06,13.26,3174100.0,42075200.0,397706400.0,0.00798101312928331,0.0600000000000005,0.454545454545463,2.272727272727265
2024-08-29,13.23,13.37,13.1,13.33,2800844.0,37310095.0,397706400.0,0.007042491647104497,0.07000000000000028,0.5279034690799378,2.036199095022621
2024-08-30,13.3,14.02,13.27,13.8,6926410.0,95511754.0,397706400.0,0.017415887700072213,0.47000000000000064,3.5258814703675867,5.626406601650412
2024-09-02,13.77,13.87,13.35,13.35,4534967.0,61788228.0,397706400.0,0.011402801161862118,-0.45000000000000107,-3.2608695652173947,3.7681159420289823
2024-09-03,13.37,13.63,13.3,13.52,3254766.0,44053706.0,397706400.0,0.008183841145126153,0.16999999999999993,1.2734082397003688,2.4719101123595513
2024-09-04,13.33,13.68,13.33,13.57,3237501.0,44020625.0,397706400.0,0.008140429724037631,0.05000000000000071,0.36982248520711636,2.5887573964497017
2024-09-05,13.52,13.91,13.52,13.78,3621075.0,49988563.0,397706400.0,0.00910489496774505,0.20999999999999908,1.547531319086204,2.8739867354458406
2024-09-06,13.85,13.87,13.47,13.48,3252386.0,44378987.0,397706400.0,0.008177856831069351,-0.29999999999999893,-2.1770682148040565,2.9027576197387415
2024-09-09,13.38,13.61,13.29,13.51,2436500.0,32910297.0,397706400.0,0.006126378655208968,0.02999999999999936,0.2225519287833766,2.373887240356085
2024-09-10,13.67,13.73,13.19,13.57,4189900.0,56326839.0,397706400.0,0.010535158599409011,0.0600000000000005,0.4441154700222105,3.9970392301998587
2024-09-11,13.45,13.56,13.3,13.36,2458541.0,32986163.0,397706400.0,0.006181798935093828,-0.21000000000000085,-1.547531319086226,1.9159911569638894
2024-09-12,13.36,13.65,13.3,13.32,2783620.0,37537934.0,397706400.0,0.006999183317140483,-0.03999999999999915,-0.29940119760478723,2.6197604790419136
2024-09-13,13.35,13.47,13.2,13.21,3478040.0,46376886.0,397706400.0,0.008745245236184281,-0.10999999999999943,-0.8258258258258211,2.0270270270270374
2024-09-18,13.1,13.3,12.86,13.05,3681237.0,48046735.0,397706400.0,0.009256167363663245,-0.16000000000000014,-1.2112036336109022,3.3308099924299865
2024-09-19,13.13,13.44,13.01,13.4,4563000.0,60800089.0,397706400.0,0.011473287832431161,0.34999999999999964,2.6819923371647514,3.29501915708812
2024-09-20,13.46,13.62,13.19,13.49,5642204.0,75991868.0,397706400.0,0.014186857440564195,0.08999999999999986,0.6716417910447747,3.208955223880595
2024-09-23,13.47,13.75,13.46,13.57,4395004.0,59894146.0,397706400.0,0.01105087572138643,0.08000000000000007,0.5930318754633124,2.1497405485544787
2024-09-24,13.57,14.12,13.44,14.08,7538539.0,104585693.0,397706400.0,0.018955035674557915,0.5099999999999998,3.7582903463522443,5.011053795136328
2024-09-25,14.09,14.97,14.09,14.61,12505939.0,183683107.0,397706400.0,0.03144515401311118,0.5299999999999994,3.7642045454545414,6.250000000000005
2024-09-26,14.4,14.87,14.36,14.86,8818180.0,129317660.0,397706400.0,0.02217258761739816,0.25,1.7111567419575646,3.4907597535934283
2024-09-27,15.02,15.74,14.89,15.57,8912060.0,136257961.0,397706400.0,0.022408641148344607,0.7100000000000009,4.777927321668907,5.7200538358008055
2024-09-30,16.38,17.06,15.77,16.96,20661189.0,341231859.0,397706400.0,0.05195085872392297,1.3900000000000006,8.92742453436095,8.28516377649325
2024-10-08,18.65,18.65,16.54,17.34,24628298.0,431689061.0,397706400.0,0.06192582769600891,0.379999999999999,2.240566037735836,12.441037735849052
2024-10-09,16.97,16.97,15.6,15.6,16454963.0,265337630.0,397706400.0,0.04137464974161844,-1.7400000000000002,-10.034602076124566,7.900807381776236
2024-10-10,15.47,17.07,15.01,16.64,24301790.0,397725104.0,397706400.0,0.061104850211110506,1.040000000000001,6.666666666666665,13.205128205128208
2024-10-11,16.03,16.13,14.98,15.13,17720234.0,276409583.0,397706400.0,0.044556069502527496,-1.5099999999999998,-9.07451923076923,6.911057692307683
2024-10-14,15.17,15.75,14.93,15.66,11554381.0,178301378.0,397706400.0,0.029052539763001047,0.5299999999999994,3.502974223397226,5.419695968274952
2024-10-15,15.45,15.96,15.44,15.52,8385080.0,131851435.0,397706400.0,0.021083593324120506,-0.14000000000000057,-0.8939974457215838,3.3205619412516048
2024-10-16,15.45,15.82,15.09,15.54,6954657.0,108575228.0,397706400.0,0.017486912456022834,0.019999999999999574,0.12886597938144284,4.703608247422683
2024-10-17,15.55,16.1,15.55,15.73,8528087.0,135852566.0,397706400.0,0.02144317265198649,0.19000000000000128,1.2226512226512387,3.5392535392535436
2024-10-18,15.57,16.21,15.41,15.81,10984918.0,174582560.0,397706400.0,0.027620671932863036,0.08000000000000007,0.5085823267641398,5.085823267641453
2024-10-21,15.83,16.9,15.83,16.49,15006401.0,247982321.0,397706400.0,0.037732359851387856,0.6799999999999979,4.3010752688172005,6.76786843769765
2024-10-22,16.48,17.73,16.45,17.03,22925435.0,393957541.0,397706400.0,0.05764411887764441,0.5400000000000027,3.2747119466343344,7.762280169799886
2024-10-23,17.12,17.13,16.44,16.57,14978133.0,251450648.0,397706400.0,0.037661282292666146,-0.46000000000000085,-2.701115678214916,4.051673517322358
2024-10-24,16.38,16.72,16.25,16.46,7752653.0,127770717.0,397706400.0,0.01949340769975037,-0.10999999999999943,-0.6638503319251643,2.8364514182257023
2024-10-25,16.42,17.94,16.42,17.68,26328401.0,458715985.0,397706400.0,0.06620059672160167,1.2199999999999989,7.411907654921013,9.234507897934384
2024-10-28,17.95,19.35,17.76,18.92,25643747.0,476596401.0,397706400.0,0.06447909060553213,1.240000000000002,7.013574660633504,8.993212669683258
2024-10-29,18.96,18.96,17.47,17.58,24788198.0,444079649.0,397706400.0,0.06232788308158983,-1.3400000000000034,-7.082452431289655,7.875264270613118
2024-10-30,17.58,17.96,17.37,17.87,13433564.0,238532396.0,397706400.0,0.03377759070510306,0.2900000000000027,1.6496018202502905,3.356086461888509
2024-10-31,17.78,18.3,17.35,18.11,16000117.0,285940192.0,397706400.0,0.04023097692166885,0.23999999999999844,1.3430330162283122,5.316172355903745
2024-11-01,17.91,18.03,16.87,16.97,13450955.0,233311225.0,397706400.0,0.03382131894281812,-1.1400000000000006,-6.294864715626725,6.405300938707898
2024-11-04,16.85,17.84,16.85,17.49,9876599.0,171392431.0,397706400.0,0.02483389505424102,0.5199999999999996,3.0642309958750724,5.833824395992919
2024-11-05,17.45,17.86,17.27,17.78,11523574.0,203397014.0,397706400.0,0.02897507809781286,0.2900000000000027,1.6580903373356382,3.3733562035448825
2024-11-06,17.92,18.14,17.59,17.78,11546678.0,206840003.0,397706400.0,0.02903317120368191,0.0,0.0,3.0933633295838057
2024-11-07,17.66,18.08,17.42,18.06,10569990.0,188718897.0,397706400.0,0.026577369637501434,0.2799999999999976,1.5748031496062964,3.7120359955005426
2024-11-08,18.07,18.34,17.83,17.93,11971883.0,216893482.0,397706400.0,0.030102314169447614,-0.129999999999999,-0.7198228128460604,2.82392026578074
2024-11-11,17.76,18.86,17.69,18.86,21037215.0,391078849.0,397706400.0,0.05289634514305025,0.9299999999999997,5.186837702175118,6.525376464026761
2024-11-12,19.06,19.34,18.09,18.36,16277594.0,304797746.0,397706400.0,0.04092866999374413,-0.5,-2.6511134676564185,6.6277836691410394
2024-11-13,18.31,19.51,18.11,19.31,30265801.0,577474061.0,397706400.0,0.07610086485910209,0.9499999999999993,5.17429193899781,7.625272331154696
2024-11-14,19.15,19.3,18.29,18.45,21232103.0,400042063.0,397706400.0,0.0533863749741015,-0.8599999999999994,-4.453650958052824,5.230450543759718
2024-11-15,18.27,19.46,18.24,18.54,21395512.0,403447675.0,397706400.0,0.053797253451289696,0.08999999999999986,0.4878048780487809,6.6124661246612595
2024-11-18,18.56,18.72,16.88,17.19,19588078.0,342010340.0,397706400.0,0.049252609462658886,-1.3499999999999979,-7.281553398058238,9.924487594390506
2024-11-19,17.07,17.47,16.82,17.45,10774545.0,185000378.0,397706400.0,0.027091706344177513,0.259999999999998,1.512507271669561,3.7812681791739298
2024-11-20,17.45,17.91,17.35,17.69,11703076.0,206885923.0,397706400.0,0.029426421098579254,0.240000000000002,1.3753581661891223,3.2091690544412534
2024-11-21,17.57,18.09,17.3,17.54,11516520.0,204656869.0,397706400.0,0.028957341395562154,-0.15000000000000213,-0.8479366873940242,4.46579988694177
2024-11-22,17.52,19.29,17.15,17.74,35222052.0,651825853.0,397706400.0,0.08856294995504221,0.1999999999999993,1.1402508551881407,12.200684150513116
2024-11-25,17.74,17.92,16.68,17.54,20725627.0,358873905.0,397706400.0,0.05211288276980205,-0.1999999999999993,-1.1273957158962733,6.989853438556945
2024-11-26,17.54,18.61,17.27,17.78,18016599.0,325860778.0,397706400.0,0.04530125489557121,0.240000000000002,1.3683010262257822,7.6396807297605465
2024-11-27,17.37,18.53,16.89,18.51,19429728.0,344594735.0,397706400.0,0.0488544514244679,0.7300000000000004,4.105736782902136,9.223847019122612
2024-11-28,18.27,18.85,18.11,18.26,14810749.0,273387563.0,397706400.0,0.03724040900523602,-0.25,-1.3506212857914646,3.997839005942744
2024-11-29,18.29,18.58,17.75,18.35,15602721.0,284961122.0,397706400.0,0.039231757396913904,0.08999999999999986,0.4928806133625452,4.545454545454536
2024-12-02,18.35,18.81,18.28,18.54,12564840.0,232989914.0,397706400.0,0.031593255728346335,0.18999999999999773,1.0354223433242327,2.8882833787465803
2024-12-03,18.45,18.6,18.08,18.43,10702781.0,196781600.0,397706400.0,0.026911261674441245,-0.10999999999999943,-0.5933117583603043,2.8047464940668996
2024-12-04,18.32,18.41,17.58,17.7,10841440.0,194597934.0,397706400.0,0.027259908314274047,-0.7300000000000004,-3.9609332609875203,4.503526858383081
2024-12-05,17.66,18.41,17.47,18.37,12046702.0,219388912.0,397706400.0,0.030290440385168555,0.6700000000000017,3.7853107344632875,5.310734463276844
2024-12-06,18.37,19.35,18.23,19.16,23188880.0,437401511.0,397706400.0,0.05830652964096127,0.7899999999999991,4.300489929232443,6.096897114861192
2024-12-09,19.02,19.21,18.67,19.01,14221877.0,269301926.0,397706400.0,0.03575973884252303,-0.14999999999999858,-0.7828810020876764,2.8183716075156533
2024-12-10,19.47,19.95,18.96,19.38,26237111.0,512299733.0,397706400.0,0.06597105553242291,0.36999999999999744,1.946344029458169,5.207785376117824
2024-12-11,19.24,19.58,19.02,19.34,16112008.0,311194233.0,397706400.0,0.04051231762928633,-0.03999999999999915,-0.20639834881320818,2.8895768833849265
2024-12-12,19.36,19.43,18.72,19.14,14066039.0,268138578.0,397706400.0,0.035367897021521405,-0.1999999999999993,-1.0341261633919352,3.671147880041369
2024-12-13,19.04,20.45,18.93,20.07,35185715.0,694198879.0,397706400.0,0.0884715835601338,0.9299999999999997,4.858934169279006,7.941483803552766
2024-12-16,19.96,22.08,19.26,20.95,50139084.0,1037183538.0,397706400.0,0.12607059881359717,0.879999999999999,4.384653712007958,14.050822122570986
2024-12-17,20.2,20.65,18.96,19.0,30699464.0,605028526.0,397706400.0,0.07719127476952847,-1.9499999999999993,-9.30787589498806,8.066825775656314
2024-12-18,19.04,20.9,18.91,20.9,35898746.0,740582540.0,397706400.0,0.09026444130645118,1.8999999999999986,9.999999999999986,10.473684210526308
2024-12-19,20.78,21.92,20.4,20.62,51606193.0,1086923636.0,397706400.0,0.1297595236083704,-0.2799999999999976,-1.339712918660274,7.272727272727288
2024-12-20,19.9,20.41,19.74,20.09,28198492.0,564708479.0,397706400.0,0.07090278657823963,-0.5300000000000011,-2.570320077594579,3.2492725509214435
2024-12-23,19.87,21.8,19.17,20.91,37684473.0,773636720.0,397706400.0,0.09475450483069923,0.8200000000000003,4.081632653061229,13.091090094574408
2024-12-24,20.43,20.9,19.87,20.51,23553431.0,477771660.0,397706400.0,0.05922316311731468,-0.3999999999999986,-1.912960306073641,4.9258727881396345
2024-12-25,20.31,20.66,19.66,20.13,15078457.0,304102470.0,397706400.0,0.03791353873108404,-0.38000000000000256,-1.8527547537786515,4.875670404680643
2024-12-26,19.96,20.19,19.54,19.79,16883871.0,335372853.0,397706400.0,0.04245310359601957,-0.33999999999999986,-1.6890213611525096,3.229011425732748
2024-12-27,19.66,20.04,19.45,19.48,13209761.0,261381221.0,397706400.0,0.033214856487097016,-0.3099999999999987,-1.5664477008590083,2.9813036887316824
2024-12-30,19.35,19.48,18.59,18.66,13705204.0,259582068.0,397706400.0,0.03446060712123315,-0.8200000000000003,-4.20944558521561,4.568788501026696
2024-12-31,18.83,18.85,17.56,17.82,14835885.0,269524875.0,397706400.0,0.037303611407812395,-0.8399999999999999,-4.5016077170418,6.913183279742779
2025-01-02,17.65,17.99,17.39,17.74,11666422.0,208041457.0,397706400.0,0.029334257633269165,-0.08000000000000185,-0.44893378226712466,3.3670033670033552
2025-01-03,17.79,18.16,17.05,18.03,14056382.0,249269328.0,397706400.0,0.03534361529007328,0.2900000000000027,1.6347237880496301,6.25704622322435
2025-01-06,17.76,18.07,17.2,17.42,10691200.0,188908823.0,397706400.0,0.02688214220339426,-0.6099999999999994,-3.3832501386577896,4.825291181364398
2025-01-07,17.35,17.76,17.12,17.7,8679140.0,151543993.0,397706400.0,0.021822982984432738,0.2799999999999976,1.6073478760045834,3.673938002296214
2025-01-08,17.57,18.22,17.44,17.94,9701332.0,173617045.0,397706400.0,0.02439320061231099,0.240000000000002,1.3559322033898313,4.406779661016936
2025-01-09,17.95,18.09,17.78,17.84,6650001.0,119510676.0,397706400.0,0.016720880026069484,-0.10000000000000142,-0.5574136008918651,1.7279821627647642
2025-01-10,17.71,17.83,16.62,16.62,8912880.0,153901989.0,397706400.0,0.022410702970834768,-1.2199999999999989,-6.838565022421516,6.7825112107623164
2025-01-13,16.39,16.41,15.78,16.12,5905350.0,95480888.0,397706400.0,0.014848516392997448,-0.5,-3.008423586040909,3.790613718411557
2025-01-14,16.28,16.95,16.26,16.92,7681530.0,128231354.0,397706400.0,0.019314574771741165,0.8000000000000007,4.962779156327546,4.280397022332492
2025-01-15,16.93,17.34,16.93,17.03,6934302.0,119008941.0,397706400.0,0.017435731484331154,0.10999999999999943,0.6501182033096908,2.423167848699764
2025-01-16,17.03,17.44,16.81,17.02,6685229.0,114833689.0,397706400.0,0.016809457931780833,-0.010000000000001563,-0.05871990604815469,3.6993540810334853
2025-01-17,16.65,17.06,16.49,16.87,5212712.0,87875700.0,397706400.0,0.013106935166243238,-0.14999999999999858,-0.8813160987073965,3.3490011750881337
2025-01-20,17.06,17.42,16.9,17.02,6144202.0,105571089.0,397706400.0,0.015449090082533246,0.14999999999999858,0.889152341434496,3.0823947836396153
2025-01-21,17.12,17.29,16.77,17.06,4849515.0,82449643.0,397706400.0,0.012193706211416262,0.03999999999999915,0.235017626321965,3.055229142185661
2025-01-22,16.9,16.96,16.65,16.69,3643520.0,61313151.0,397706400.0,0.009161331072368963,-0.36999999999999744,-2.1688159437280086,1.8171160609613264
2025-01-23,16.86,17.22,16.69,16.7,6145901.0,104619877.0,397706400.0,0.015453362078156146,0.00999999999999801,0.05991611743558778,3.1755542240862646
2025-01-24,16.66,17.41,16.55,17.39,9038193.0,154658710.0,397706400.0,0.022725792192431402,0.6900000000000013,4.131736526946117,5.149700598802392
2025-01-27,17.68,17.68,17.07,17.17,5685368.0,98787139.0,397706400.0,0.014295389764912006,-0.21999999999999886,-1.2650948821161467,3.5077630822311643
2025-02-05,17.35,17.35,16.66,16.97,6754946.0,114513505.0,397706400.0,0.016984755588544717,-0.20000000000000284,-1.164822364589413,4.018637157833437
2025-02-06,16.87,17.23,16.68,17.2,7765363.0,132825905.0,397706400.0,0.019525365948347827,0.23000000000000043,1.3553329404832004,3.241013553329409
2025-02-07,17.12,17.59,17.01,17.28,8926383.0,154944498.0,397706400.0,0.02244465515264527,0.08000000000000185,0.46511627906977715,3.372093023255804
2025-02-10,17.26,17.77,17.26,17.74,10233840.0,180047475.0,397706400.0,0.025732148137419968,0.4599999999999973,2.662037037037024,2.951388888888877
2025-02-11,17.76,18.01,17.44,17.91,10696148.0,190085436.0,397706400.0,0.02689458354203,0.1700000000000017,0.9582863585118506,3.2130777903043986
2025-02-12,17.91,18.36,17.82,18.15,12116037.0,220140804.0,397706400.0,0.030464777534382148,0.23999999999999844,1.340033500837512,3.0150753768844174
2025-02-13,18.13,19.43,17.87,18.85,21422901.0,399637033.0,397706400.0,0.05386612083687866,0.7000000000000028,3.8567493112947826,8.595041322314042
2025-02-14,18.62,18.8,18.11,18.7,14683173.0,271739153.0,397706400.0,0.036919629656450084,-0.15000000000000213,-0.7957559681697757,3.6604774535809086
2025-02-17,18.66,18.66,18.03,18.13,10967268.0,200794200.0,397706400.0,0.027576292460971208,-0.5700000000000003,-3.0481283422459926,3.368983957219246
2025-02-18,18.13,18.15,17.63,17.68,7758968.0,138880296.0,397706400.0,0.019509286247342262,-0.4499999999999993,-2.4820739106453327,2.8681742967457233
2025-02-19,17.67,17.86,17.61,17.69,7148570.0,126872594.0,397706400.0,0.01797449072984493,0.010000000000001563,0.05656108597285048,1.414027149321267
2025-02-20,17.67,18.02,17.57,17.85,7272325.0,130083210.0,397706400.0,0.018285662488710264,0.16000000000000014,0.9044657998869443,2.543810062182019
2025-02-21,17.86,18.38,17.69,18.34,10008046.0,181268614.0,397706400.0,0.02516440771383111,0.48999999999999844,2.7450980392156765,3.865546218487382
2025-02-24,18.32,18.58,18.06,18.21,9133920.0,167941211.0,397706400.0,0.022966489852816047,-0.129999999999999,-0.7088331515812341,2.8353326063249704
2025-02-25,18.08,18.13,17.71,17.74,6506701.0,116694462.0,397706400.0,0.016360563973825917,-0.4700000000000024,-2.5809994508511958,2.3064250411861513
2025-02-26,17.75,17.88,17.52,17.64,6311081.0,111579230.0,397706400.0,0.015868693589039553,-0.09999999999999787,-0.5636978579481311,2.0293122886133004
2025-02-27,17.63,17.74,17.19,17.35,6736011.0,117417631.0,397706400.0,0.01693714508994575,-0.28999999999999915,-1.643990929705208,3.1179138321995303
2025-02-28,17.27,17.37,16.47,16.57,5982340.0,101388320.0,397706400.0,0.01504210140948197,-0.7800000000000011,-4.4956772334293955,5.187319884726237
2025-03-03,16.57,16.84,16.48,16.61,4251200.0,71006104.0,397706400.0,0.010689292402636719,0.03999999999999915,0.24140012070006378,2.17260108630054
2025-03-04,16.61,16.79,16.49,16.75,3428520.0,57220570.0,397706400.0,0.008620731273120071,0.14000000000000057,0.8428657435280096,1.8061408789885653
2025-03-05,16.77,16.77,16.48,16.65,3404920.0,56612725.0,397706400.0,0.008561391016086238,-0.10000000000000142,-0.5970149253731405,1.7313432835820843
2025-03-06,16.75,17.32,16.67,17.09,6442731.0,109633869.0,397706400.0,0.01619971667541684,0.4400000000000013,2.6426426426426453,3.903903903903896
2025-03-07,16.98,17.12,16.8,16.93,5604619.0,95107719.0,397706400.0,0.014092353052402477,-0.16000000000000014,-0.9362200117027486,1.872440023405502
2025-03-10,16.74,16.94,16.73,16.86,3147220.0,52932117.0,397706400.0,0.007913425582288844,-0.07000000000000028,-0.41346721795628705,1.240401653868877
2025-03-11,16.6,16.87,16.57,16.87,2843700.0,47759659.0,397706400.0,0.007150249530809663,0.010000000000001563,0.059311981020182536,1.7793594306049865
2025-03-12,16.96,17.47,16.92,17.17,7826644.0,135270372.0,397706400.0,0.019679451977639786,0.3000000000000007,1.778304682868992,3.26022525192648
2025-03-13,17.12,17.17,16.58,16.74,5250222.0,88527264.0,397706400.0,0.013201250973079639,-0.43000000000000327,-2.5043680838672255,3.43622597553875
2025-03-14,16.75,17.02,16.67,16.97,3572954.0,60499055.0,397706400.0,0.008983898675002464,0.23000000000000043,1.3739545997610625,2.0908004778972393
2025-03-17,17.17,17.17,16.92,17.0,3440501.0,58654559.0,397706400.0,0.008650856511235424,0.030000000000001137,0.1767825574543469,1.4731879787860933
2025-03-18,16.97,17.08,16.91,16.99,2800667.0,47647546.0,397706400.0,0.0070420465951767435,-0.010000000000001563,-0.05882352941177782,0.9999999999999891
2025-03-19,16.97,17.12,16.87,16.88,3295753.0,56073211.0,397706400.0,0.00828689958220436,-0.10999999999999943,-0.6474396703943452,1.4714537963507948
2025-03-20,16.87,16.94,16.77,16.78,3060204.0,51639431.0,397706400.0,0.007694631014235627,-0.09999999999999787,-0.5924170616113611,1.0071090047393467
2025-03-21,16.74,16.84,16.55,16.61,3316053.0,55400426.0,397706400.0,0.00833794226092414,-0.1700000000000017,-1.0131108462455352,1.7282479141835467
2025-03-24,16.57,16.69,15.93,16.26,4894860.0,79835516.0,397706400.0,0.012307722480704358,-0.34999999999999787,-2.1071643588199795,4.575556893437698
2025-03-25,16.37,16.38,16.07,16.21,2508080.0,40756314.0,397706400.0,0.006306360672093786,-0.05000000000000071,-0.30750307503075724,1.9065190651906438
2025-03-26,16.17,17.62,16.17,16.86,11017618.0,187800494.0,397706400.0,0.027702893390702286,0.6499999999999986,4.009870450339292,8.945095619987658
2025-03-27,16.54,16.87,16.53,16.55,5504601.0,91981978.0,397706400.0,0.013840866025791891,-0.3099999999999987,-1.8386714116251368,2.016607354685646
2025-03-28,16.47,16.66,16.32,16.55,3927580.0,65003576.0,397706400.0,0.009875576555971943,0.0,0.0,2.0543806646525673
2025-03-31,16.49,17.12,15.98,17.06,7633596.0,126405783.0,397706400.0,0.01919404867510304,0.509999999999998,3.081570996978833,6.888217522658612
2025-04-01,16.87,17.19,16.79,17.15,5456377.0,93160886.0,397706400.0,0.0137196107480292,0.08999999999999986,0.5275498241500642,2.344665885111384
2025-04-02,17.07,17.26,16.98,17.08,4094800.0,70294568.0,397706400.0,0.010296037478904035,-0.07000000000000028,-0.40816326530612734,1.6326530612244965
2025-04-03,17.01,17.34,16.83,17.15,4914840.0,84108082.0,397706400.0,0.012357960545769441,0.07000000000000028,0.4098360655737654,2.985948477751766
2025-04-07,16.37,16.37,15.43,15.43,5599501.0,88224554.0,397706400.0,0.014079484262762681,-1.7199999999999989,-10.029154518950435,5.481049562682223
2025-04-08,14.96,15.85,14.96,15.67,6832158.0,105363692.0,397706400.0,0.01717889880575218,0.2400000000000002,1.555411535968898,5.7679844458846325
2025-04-09,15.37,17.24,14.97,17.04,16300140.0,271104624.0,397706400.0,0.040985360054552805,1.3699999999999992,8.742820676451824,14.486279514996795
2025-04-10,16.39,17.47,16.39,17.3,17185854.0,294231223.0,397706400.0,0.04321241498753855,0.26000000000000156,1.525821596244148,6.338028169014074
2025-04-11,17.4,17.53,16.97,17.13,10286860.0,178006063.0,397706400.0,0.025865462562332416,-0.1700000000000017,-0.9826589595375856,3.2369942196531922
2025-04-14,16.99,17.28,16.99,17.24,6679700.0,114875813.0,397706400.0,0.016795555716478287,0.10999999999999943,0.6421482778750764,1.69293636894339
2025-04-15,17.25,17.41,16.98,16.99,4774795.0,81995122.0,397706400.0,0.01200582892304474,-0.25,-1.4501160092807441,2.4941995359628755
2025-04-16,17.01,17.14,16.53,16.79,5145775.0,86827949.0,397706400.0,0.012938627590604527,-0.1999999999999993,-1.1771630370806307,3.590347263095936
2025-04-17,16.62,16.87,16.57,16.59,3778100.0,63195322.0,397706400.0,0.009499721402522062,-0.1999999999999993,-1.1911852293031489,1.7867778439547393
2025-04-18,16.56,16.62,16.25,16.37,3536522.0,57975127.0,397706400.0,0.008892293410415322,-0.21999999999999886,-1.3261000602772688,2.2302591922845147
2025-04-21,16.37,16.62,16.25,16.57,2961320.0,48864393.0,397706400.0,0.007445995337263871,0.1999999999999993,1.221747098350634,2.2602321319486927
2025-04-22,16.51,16.68,16.46,16.53,2352340.0,39044960.0,397706400.0,0.005914765264023913,-0.03999999999999915,-0.24140012070005268,1.327700663850325
2025-04-23,16.63,16.64,16.42,16.51,2135400.0,35321003.0,397706400.0,0.005369287494493425,-0.019999999999999574,-0.1209921355111887,1.3309134906231024
2025-04-24,16.49,16.54,16.24,16.4,2294958.0,37670275.0,397706400.0,0.00577048294923089,-0.11000000000000298,-0.6662628709872997,1.8170805572380415
2025-04-25,16.57,16.71,16.4,16.46,2979462.0,49318269.0,397706400.0,0.007491611902649794,0.060000000000002274,0.3658536585366079,1.8902439024390385
2025-04-28,16.36,16.62,16.27,16.47,2529300.0,41650583.0,397706400.0,0.006359716615070816,0.00999999999999801,0.06075334143376132,2.126366950182269
2025-04-29,16.08,16.49,16.08,16.38,2811502.0,46041766.0,397706400.0,0.0070692903106412165,-0.08999999999999986,-0.5464480874316946,2.4893746205221627
2025-04-30,16.38,16.67,16.33,16.47,3052538.0,50590330.0,397706400.0,0.007675355488370316,0.08999999999999986,0.5494505494505475,2.0757020757020967
2025-05-06,16.57,16.59,16.42,16.59,2946535.0,48811404.0,397706400.0,0.007408819671999244,0.120000000000001,0.7285974499089409,1.0321797207042998
2025-05-07,16.71,16.8,16.56,16.66,3350793.0,55907602.0,397706400.0,0.008425293130812077,0.07000000000000028,0.42194092827003704,1.4466546112115852
2025-05-08,16.62,16.97,16.57,16.85,4310300.0,72534959.0,397706400.0,0.010837894486988391,0.19000000000000128,1.1404561824730042,2.400960384153653
2025-05-09,16.77,16.87,16.43,16.43,3219200.0,53415814.0,397706400.0,0.008094413366242031,-0.4200000000000017,-2.4925816023739,2.611275964391699
2025-05-12,16.42,16.57,16.42,16.55,1875380.0,31024176.0,397706400.0,0.004715488611699485,0.120000000000001,0.7303712720633015,0.9129640900791149
2025-05-13,16.66,16.74,16.43,16.53,3326286.0,55214884.0,397706400.0,0.008363672296950715,-0.019999999999999574,-0.12084592145015227,1.8731117824773336
2025-05-14,16.51,16.59,16.37,16.49,2377080.0,39224221.0,397706400.0,0.0059769719572025995,-0.0400000000000027,-0.2419842710223996,1.3309134906231024
2025-05-15,16.51,16.51,16.33,16.34,1894080.0,31071034.0,397706400.0,0.004762508222145784,-0.14999999999999858,-0.90964220739842,1.0915706488781278
2025-05-16,16.35,16.4,16.27,16.34,1528200.0,25010929.0,397706400.0,0.003842533084707714,0.0,0.0,0.795593635250912
2025-05-19,16.27,16.66,16.24,16.63,3289800.0,54460104.0,397706400.0,0.008271931253809343,0.28999999999999915,1.7747858017135743,2.5703794369645148
2025-05-20,16.62,16.85,16.62,16.71,2985960.0,50002326.0,397706400.0,0.007507950588675465,0.08000000000000185,0.48105832832232576,1.3830426939266414
2025-05-21,16.63,16.7,16.5,16.52,1605300.0,26636946.0,397706400.0,0.004036394687136038,-0.19000000000000128,-1.1370436864153288,1.1968880909634907
2025-05-22,16.52,16.59,16.29,16.3,2288815.0,37572923.0,397706400.0,0.005755036881478397,-0.21999999999999886,-1.3317191283292895,1.8159806295399559
2025-05-23,16.3,16.4,15.99,16.03,2650241.0,43009973.0,397706400.0,0.0066638128026101666,-0.2699999999999996,-1.6564417177914126,2.5153374233128734
2025-05-26,16.03,16.32,16.03,16.27,2096980.0,34053156.0,397706400.0,0.0052726835675764834,0.23999999999999844,1.4971927635683002,1.809107922645035
2025-05-27,16.25,16.26,16.12,16.21,1172400.0,19013569.0,397706400.0,0.002947903277392569,-0.05999999999999872,-0.368776889981548,0.8604794099569796
2025-05-28,16.23,16.3,16.11,16.18,1483537.0,24036822.0,397706400.0,0.003730231648271187,-0.030000000000001137,-0.18507094386182033,1.1721159777914947
2025-05-29,16.12,16.34,16.12,16.33,2202700.0,35890139.0,397706400.0,0.005538507803746684,0.14999999999999858,0.9270704573547395,1.3597033374536394
2025-05-30,16.33,16.33,16.08,16.13,1700040.0,27548749.0,397706400.0,0.004274610617279481,-0.1999999999999993,-1.224739742804648,1.5309246785058177
2025-06-03,15.94,16.31,15.94,16.25,1660561.0,26995042.0,397706400.0,0.004175343922049029,0.120000000000001,0.7439553626782391,2.2938623682579
2025-06-04,16.28,16.4,16.16,16.28,2122972.0,34653963.0,397706400.0,0.005338038311679168,0.030000000000001137,0.18461538461538307,1.4769230769230672
2025-06-05,16.28,16.35,16.14,16.26,2836127.0,46163186.0,397706400.0,0.007131207845787747,-0.019999999999999574,-0.12285012285011554,1.289926289926295
2025-06-06,16.27,16.45,16.1,16.17,4000749.0,64983867.0,397706400.0,0.01005955398253586,-0.08999999999999986,-0.5535055350553542,2.152521525215239
2025-06-09,16.15,16.53,16.12,16.49,5308420.0,86993864.0,397706400.0,0.013347585052692137,0.31999999999999673,1.9789734075448262,2.535559678416822
2025-06-10,16.45,16.62,16.15,16.46,4537720.0,74588717.0,397706400.0,0.011409723353710174,-0.029999999999997584,-0.1819284414796729,2.8502122498484077
2025-06-11,16.37,16.62,16.33,16.4,2691720.0,44307464.0,397706400.0,0.006768108333182469,-0.060000000000002274,-0.36452004860269005,1.7618469015796032
2025-06-12,16.37,16.7,16.29,16.59,5235755.0,86860067.0,397706400.0,0.013164874892634366,0.19000000000000128,1.1585365853658658,2.5000000000000013
2025-06-13,16.5,16.5,15.98,16.03,5917500.0,95828215.0,397706400.0,0.014879066567699188,-0.5599999999999987,-3.3755274261603296,3.1344183242917394
2025-06-16,15.97,16.26,15.96,16.11,3110141.0,50267783.0,397706400.0,0.007820193489468613,0.0799999999999983,0.49906425452275194,1.8714909544603913
2025-06-17,16.06,16.18,15.76,15.79,5873840.0,93592087.0,397706400.0,0.014769287092186598,-0.3200000000000003,-1.9863438857852245,2.6070763500931093
2025-06-18,15.79,15.8,15.56,15.67,2542400.0,39855928.0,397706400.0,0.006392655486559934,-0.11999999999999922,-0.7599746675110763,1.5199493350221673
2025-06-19,15.67,15.81,15.48,15.65,2846060.0,44626357.0,397706400.0,0.007156183556513046,-0.019999999999999574,-0.12763241863432695,2.105934907466497
2025-06-20,15.63,15.67,15.44,15.47,2185940.0,33994870.0,397706400.0,0.0054963661635819795,-0.17999999999999972,-1.1501597444089406,1.4696485623003221
2025-06-23,15.46,15.68,15.39,15.64,1772750.0,27683087.0,397706400.0,0.0044574339261324435,0.16999999999999993,1.098901098901095,1.8745959922430455
2025-06-24,15.73,15.86,15.64,15.84,2194272.0,34710197.0,397706400.0,0.005517316291616127,0.1999999999999993,1.2787723785166127,1.4066496163682791
2025-06-25,15.77,15.89,15.75,15.87,2784000.0,44127625.0,397706400.0,0.007000138795855435,0.02999999999999936,0.18939393939394478,0.8838383838383874
2025-06-26,15.93,16.32,15.78,16.11,4713841.0,76122560.0,397706400.0,0.011852565108331171,0.2400000000000002,1.512287334593565,3.402646502835545
2025-06-27,16.1,16.27,15.97,16.11,4731443.0,76333003.0,397706400.0,0.011896823888174795,0.0,0.0,1.8621973929236435
2025-06-30,16.11,16.17,16.05,16.11,3003085.0,48451669.0,397706400.0,0.007551009991290057,0.0,0.0,0.7448789571694662
2025-07-01,16.11,16.13,15.89,15.97,2717440.0,43526594.0,397706400.0,0.0068327791556786616,-0.1399999999999988,-0.8690254500310246,1.4897579143389101
2025-07-02,15.97,15.97,15.8,15.89,2010740.0,31956353.0,397706400.0,0.005055840187635904,-0.08000000000000007,-0.5009392611145858,1.0644959298685028
2025-07-03,15.91,16.06,15.85,15.88,1613302.0,25742370.0,397706400.0,0.0040565150573387805,-0.009999999999999787,-0.06293266205160686,1.3215859030836945
2025-07-04,15.87,15.99,15.78,15.86,1907001.0,30347942.0,397706400.0,0.0047949970128718065,-0.02000000000000135,-0.12594458438287548,1.3224181360201563
2025-07-07,15.87,15.96,15.79,15.86,1476160.0,23512390.0,397706400.0,0.0037116827891127725,0.0,0.0,1.0718789407314104
2025-07-08,15.84,15.96,15.81,15.92,1802440.0,28742266.0,397706400.0,0.004532086986782209,0.0600000000000005,0.3783102143757988,0.9457755359394726
2025-07-09,15.94,16.14,15.9,15.92,3574800.0,57407999.0,397706400.0,0.008988540290022991,0.0,0.0,1.5075376884422125
2025-07-10,15.88,16.33,15.8,16.05,7435140.0,119504491.0,397706400.0,0.01869504740180193,0.13000000000000078,0.816582914572872,3.3291457286432005
2025-07-11,16.04,16.11,15.89,16.05,3864613.0,61969957.0,397706400.0,0.009717251218486803,0.0,0.0,1.3707165109034196
2025-07-14,16.04,16.07,15.89,15.95,2755288.0,44078093.0,397706400.0,0.006927944835687834,-0.10000000000000142,-0.6230529595015688,1.1214953271028019
2025-07-15,16.03,16.06,15.76,15.89,3182751.0,50648744.0,397706400.0,0.008002765356554484,-0.05999999999999872,-0.37617554858933033,1.880877742946702
2025-07-16,15.86,16.07,15.86,16.03,3127360.0,50145021.0,397706400.0,0.007863489247344271,0.14000000000000057,0.8810572687224738,1.3215859030837056
2025-07-17,15.95,16.2,15.94,16.11,4788012.0,77088409.0,397706400.0,0.012039061981401356,0.0799999999999983,0.49906425452275194,1.6219588271990004
2025-07-18,16.07,16.18,16.07,16.15,2751992.0,44470137.0,397706400.0,0.0069196573150444645,0.03999999999999915,0.24829298572315306,0.6828057107386681
2025-07-21,16.14,16.34,16.12,16.3,5283111.0,86035979.0,397706400.0,0.013283947655858695,0.15000000000000213,0.9287925696594534,1.3622291021671757
2025-07-22,16.31,16.44,16.23,16.3,4432212.0,72500340.0,397706400.0,0.01114443217408621,0.0,0.0,1.2883435582822138
2025-07-23,16.3,16.37,16.17,16.18,3451500.0,56305915.0,397706400.0,0.008678512591197928,-0.120000000000001,-0.7361963190184118,1.2269938650306704
2025-07-24,16.19,16.45,16.15,16.45,5749741.0,94251599.0,397706400.0,0.014457250373642466,0.2699999999999996,1.6687268232385533,1.8541409147095222
2025-07-25,16.47,16.63,16.45,16.58,5763280.0,95599261.0,397706400.0,0.01449129307448912,0.129999999999999,0.7902735562310026,1.0942249240121564
2025-07-28,16.61,16.83,16.55,16.7,4939812.0,82536575.0,397706400.0,0.012420750583847784,0.120000000000001,0.7237635705669598,1.6887816646561977
2025-07-29,16.7,17.32,16.47,17.2,10725557.0,181478507.0,397706400.0,0.026968530051314235,0.5,2.9940119760478945,5.089820359281446
2025-07-30,17.2,17.3,16.95,17.08,7673361.0,131748913.0,397706400.0,0.019294034493787377,-0.120000000000001,-0.6976744186046546,2.034883720930241
2025-07-31,17.07,17.13,16.69,16.79,5553917.0,93811765.0,397706400.0,0.013964867047651233,-0.28999999999999915,-1.6978922716627598,2.576112412177973
2025-08-01,16.79,17.23,16.66,16.9,5639787.0,95355038.0,397706400.0,0.014180780093053569,0.10999999999999943,0.655151876116733,3.394877903513998
2025-08-04,16.8,16.95,16.74,16.89,3692700.0,62238902.0,397706400.0,0.009284990133425059,-0.00999999999999801,-0.059171597633123074,1.2426035502958632
2025-08-05,16.95,17.05,16.81,16.99,4025588.0,68227202.0,397706400.0,0.010122009603063968,0.09999999999999787,0.5920663114268754,1.4209591474245231
2025-08-06,16.97,17.04,16.86,16.95,2906000.0,49206570.0,397706400.0,0.007306897751708295,-0.03999999999999915,-0.2354326074161195,1.0594467333725706
2025-08-07,16.91,16.96,16.82,16.88,2796641.0,47208952.0,397706400.0,0.007031923549633599,-0.07000000000000028,-0.41297935103244976,0.8259587020649002
2025-08-08,16.89,16.89,16.64,16.67,4740704.0,79244086.0,397706400.0,0.011920109910225232,-0.2099999999999973,-1.2440758293838727,1.481042654028436
2025-08-11,16.67,16.86,16.63,16.85,3689087.0,61963140.0,397706400.0,0.009275905542380006,0.17999999999999972,1.0797840431913563,1.3797240551889645
2025-08-12,16.8,17.27,16.73,17.0,6818679.0,115814861.0,397706400.0,0.017145006969965782,0.14999999999999858,0.8902077151335286,3.204747774480707
2025-08-13,17.02,17.82,16.91,17.27,14726380.0,257393298.0,397706400.0,0.037028270100757744,0.2699999999999996,1.5882352941176459,5.352941176470589
2025-08-14,17.34,17.4,16.77,16.77,9122178.0,155442174.0,397706400.0,0.022936965560524044,-0.5,-2.895193977996524,3.6479444122756166
2025-08-15,16.73,16.96,16.73,16.95,4615701.0,77665903.0,397706400.0,0.011605800158106583,0.17999999999999972,1.073345259391778,1.3714967203339323
2025-08-18,16.98,17.55,16.93,17.26,10031373.0,173965732.0,397706400.0,0.025223061534840777,0.3100000000000023,1.828908554572295,3.657817109144549
2025-08-19,17.27,17.49,17.07,17.3,7358782.0,127238296.0,397706400.0,0.018503051497285435,0.03999999999999915,0.2317497103128563,2.433371958285041
2025-08-20,17.24,17.42,17.1,17.29,5473601.0,94325538.0,397706400.0,0.013762919077993213,-0.010000000000001563,-0.057803468208106334,1.849710982658961
2025-08-21,17.3,17.62,17.23,17.55,9884778.0,172329546.0,397706400.0,0.024854460476371514,0.26000000000000156,1.5037593984962516,2.255639097744364
2025-08-22,17.56,17.72,17.32,17.48,7744728.0,135037035.0,397706400.0,0.019473480939708288,-0.07000000000000028,-0.39886039886040114,2.279202279202271
2025-08-25,17.43,17.65,17.34,17.65,9867904.0,173053000.0,397706400.0,0.024812032192592325,0.16999999999999815,0.97254004576659,1.7734553775743633
2025-08-26,17.59,19.35,17.56,18.42,20081147.0,368562008.0,397706400.0,0.050492390869244244,0.7700000000000031,4.36260623229463,10.1416430594901
2025-08-27,18.12,18.87,18.08,18.1,15974600.0,294969956.0,397706400.0,0.04016681652595985,-0.3200000000000003,-1.7372421281216077,4.2888165038002315
2025-08-28,18.16,18.62,17.63,18.12,11305759.0,204303040.0,397706400.0,0.028427400212820312,0.019999999999999574,0.11049723756906271,5.4696132596685185
2025-08-29,18.25,18.88,18.0,18.33,14081277.0,259335535.0,397706400.0,0.03540621171799096,0.2099999999999973,1.1589403973509826,4.856512141280348
2025-09-01,18.37,19.17,18.04,19.12,18480074.0,345478456.0,397706400.0,0.046466624625603206,0.7900000000000027,4.309874522640489,6.16475722858703
2025-09-02,18.97,19.05,18.12,18.22,13030174.0,241112085.0,397706400.0,0.03276329976082859,-0.9000000000000021,-4.7071129707113135,4.8640167364016715
2025-09-03,18.5,18.88,17.41,17.45,11126403.0,201612738.0,397706400.0,0.02797642431703387,-0.7699999999999996,-4.226125137211856,8.068057080131718
2025-09-04,17.47,17.59,16.88,17.16,8612521.0,149090888.0,397706400.0,0.02165547499361338,-0.28999999999999915,-1.661891117478509,4.068767908309461
2025-09-05,17.3,17.4,16.95,17.38,5425330.0,93394997.0,397706400.0,0.013641545622599989,0.21999999999999886,1.2820512820512775,2.622377622377618
2025-09-08,17.36,17.86,17.35,17.75,5778523.0,101974552.0,397706400.0,0.014529620343047032,0.370000000000001,2.128883774453394,2.9344073647871003
2025-09-09,17.84,17.87,17.35,17.42,5009623.0,87869037.0,397706400.0,0.012596284595872734,-0.3299999999999983,-1.8591549295774557,2.92957746478873
2025-09-10,17.47,18.03,17.37,17.9,8859849.0,157860401.0,397706400.0,0.02227736088732794,0.4799999999999969,2.7554535017221493,3.7887485648679684
2025-09-11,17.75,17.87,17.4,17.84,6326600.0,111821819.0,397706400.0,0.01590771483687464,-0.05999999999999872,-0.3351955307262511,2.62569832402236
2025-09-12,17.85,18.16,17.73,18.04,7865459.0,141297677.0,397706400.0,0.019777049099536745,0.1999999999999993,1.1210762331838486,2.41031390134529
2025-09-15,17.9,18.1,17.62,17.92,6007322.0,107253877.0,397706400.0,0.01510491659173702,-0.11999999999999744,-0.6651884700665023,2.660753880266078
2025-09-16,17.92,17.99,17.57,17.74,5732547.0,101546548.0,397706400.0,0.01441401747620858,-0.18000000000000327,-1.0044642857143016,2.34374999999999
2025-09-17,17.63,17.72,17.34,17.37,5344957.0,93153971.0,397706400.0,0.013439454331134727,-0.36999999999999744,-2.0856820744081017,2.142051860202926
2025-09-18,17.35,17.5,16.73,16.84,7818002.0,133788584.0,397706400.0,0.01965772238012765,-0.5300000000000011,-3.0512377662636814,4.432930339666089
2025-09-19,16.78,17.05,16.55,17.01,5761306.0,97206347.0,397706400.0,0.014486329614006714,0.1700000000000017,1.009501187648465,2.969121140142518
2025-09-22,16.89,16.9,16.5,16.7,3941755.0,65536712.0,397706400.0,0.009911218426457306,-0.3100000000000023,-1.8224573780129427,2.3515579071134542
2025-09-23,16.75,16.75,16.12,16.42,4357461.0,71143130.0,397706400.0,0.010956476938766889,-0.2799999999999976,-1.6766467065868151,3.7724550898203537
2025-09-24,16.3,16.64,16.28,16.61,3358121.0,55403597.0,397706400.0,0.008443718783504615,0.18999999999999773,1.157125456760033,2.1924482338611413
2025-09-25,16.55,16.84,16.45,16.65,4239603.0,70698059.0,397706400.0,0.010660132700907,0.03999999999999915,0.24081878386512656,2.3479831426851328
2025-09-26,16.6,16.67,16.35,16.57,3670288.0,60746092.0,397706400.0,0.009228637004584286,-0.0799999999999983,-0.48048048048047187,1.921921921921924
2025-09-29,16.56,16.56,16.35,16.48,2935669.0,48333310.0,397706400.0,0.007381498009586972,-0.08999999999999986,-0.5431502715751324,1.2673506336753004
2025-09-30,16.48,16.76,16.48,16.66,3227460.0,53689860.0,397706400.0,0.008115182456203874,0.17999999999999972,1.0922330097087318,1.699029126213599
2025-10-09,16.6,16.65,16.31,16.45,4774149.0,78386096.0,397706400.0,0.01200420460922932,-0.21000000000000085,-1.260504201680679,2.0408163265306114
2025-10-10,16.46,16.58,16.41,16.54,3282985.0,54203302.0,397706400.0,0.008254795497381989,0.08999999999999986,0.5471124620060719,1.0334346504559158
2025-10-13,16.15,16.32,15.9,16.25,3736581.0,60356723.0,397706400.0,0.009395325295242923,-0.28999999999999915,-1.7533252720677073,2.539298669891173
2025-10-14,16.26,16.42,16.22,16.27,3382138.0,55230236.0,397706400.0,0.008504107552707224,0.019999999999999574,0.12307692307691465,1.2307692307692484
2025-10-15,16.28,16.4,16.14,16.35,2855021.0,46505265.0,397706400.0,0.007178715253262205,0.08000000000000185,0.49170251997543435,1.598033189920086
2025-10-16,16.35,16.45,16.21,16.25,2246689.0,36646545.0,397706400.0,0.005649114522673007,-0.10000000000000142,-0.6116207951070374,1.467889908256871
2025-10-17,16.24,16.31,15.98,15.99,2622704.0,42262722.0,397706400.0,0.006594573283205903,-0.2599999999999998,-1.6000000000000014,2.0307692307692204
2025-10-20,16.05,16.17,16.04,16.15,1784600.0,28744187.0,397706400.0,0.004487229775532906,0.15999999999999837,1.000625390869292,0.8130081300813169
2025-10-21,16.15,16.46,16.11,16.42,3152477.0,51445948.0,397706400.0,0.007926643875984898,0.2700000000000031,1.6718266253870073,2.1671826625387087
2025-10-22,16.4,16.77,16.33,16.52,4034879.0,66955053.0,397706400.0,0.010145371057644533,0.09999999999999787,0.6090133982947554,2.6796589524969625
2025-10-23,16.52,16.7,16.4,16.6,2947700.0,48713020.0,397706400.0,0.007411748968585871,0.08000000000000185,0.4842615012106588,1.8159806295399559
2025-10-24,16.68,16.69,16.43,16.5,2753800.0,45535660.0,397706400.0,0.006924203382193498,-0.10000000000000142,-0.6024096385542244,1.566265060240973
2025-10-27,16.5,16.55,16.27,16.4,3627720.0,59360945.0,397706400.0,0.009121603273168348,-0.10000000000000142,-0.60606060606061,1.6969696969697037
2025-10-28,16.38,16.66,16.3,16.53,3415960.0,56364712.0,397706400.0,0.008589150187173251,0.13000000000000256,0.7926829268292801,2.195121951219509
2025-10-29,16.48,16.48,16.17,16.29,3568336.0,58014896.0,397706400.0,0.008972287094198133,-0.240000000000002,-1.4519056261343088,1.8753781004234644
2025-10-30,16.19,16.19,15.72,15.72,6267083.0,99859842.0,397706400.0,0.01575806424035419,-0.5699999999999985,-3.4990791896869156,2.885205647636591
2025-10-31,15.78,16.12,15.78,15.97,4703459.0,75293558.0,397706400.0,0.011826460424071627,0.25,1.5903307888040619,2.1628498727735472
2025-11-03,15.96,17.47,15.9,17.0,12671953.0,212216927.0,397706400.0,0.03186258254833214,1.0299999999999994,6.44959298685035,9.830932999373816
2025-11-04,16.8,17.29,16.73,17.0,9592276.0,162082109.0,397706400.0,0.024118988278790585,0.0,0.0,3.2941176470588163
2025-11-05,16.92,17.19,16.79,16.88,5522776.0,93590014.0,397706400.0,0.013886565566960954,-0.120000000000001,-0.7058823529411784,2.3529411764706007
2025-11-06,16.83,16.95,16.56,16.67,4657450.0,77624030.0,397706400.0,0.011710774581450034,-0.2099999999999973,-1.2440758293838727,2.3104265402843636
2025-11-07,16.59,16.79,16.48,16.48,3934023.0,65411041.0,397706400.0,0.009891776949025714,-0.19000000000000128,-1.1397720455908922,1.859628074385115
2025-11-10,16.45,16.8,16.45,16.62,4221964.0,70395338.0,397706400.0,0.010615780887609554,0.14000000000000057,0.8495145631068013,2.123786407766999
2025-11-11,16.64,16.65,16.45,16.57,2894668.0,47876203.0,397706400.0,0.007278404370661373,-0.05000000000000071,-0.30084235860409203,1.2033694344163615
2025-11-12,16.5,16.59,16.3,16.43,3136312.0,51518717.0,397706400.0,0.007885998314334394,-0.14000000000000057,-0.8449004224502121,1.7501508750754322
2025-11-13,16.41,16.47,16.26,16.43,2553360.0,41849727.0,397706400.0,0.006420213504233273,0.0,0.0,1.2781497261107566
2025-11-14,16.4,16.52,16.26,16.27,2108300.0,34597502.0,397706400.0,0.005301146775611355,-0.16000000000000014,-0.9738283627510613,1.5824710894704688
2025-11-17,16.28,16.4,16.12,16.36,2115483.0,34411967.0,397706400.0,0.005319207837741611,0.08999999999999986,0.5531653349723387,1.7209588199139374
2025-11-18,16.36,16.6,16.28,16.51,3996003.0,65713328.0,397706400.0,0.01004762055626965,0.15000000000000213,0.9168704156479413,1.9559902200489014
2025-11-19,16.49,16.59,16.11,16.16,3304400.0,53695690.0,397706400.0,0.00830864175180485,-0.3500000000000014,-2.1199273167777144,2.907328891580862
2025-11-20,16.19,16.26,15.98,16.0,2836809.0,45620204.0,397706400.0,0.007132922678639318,-0.16000000000000014,-0.990099009900991,1.7326732673267398
2025-11-21,15.9,16.24,15.6,16.09,5398529.0,85888704.0,397706400.0,0.013574156714601526,0.08999999999999986,0.5624999999999991,3.9999999999999925
2025-11-24,16.04,16.6,15.98,16.41,7218992.0,118154365.0,397706400.0,0.018151561051066818,0.3200000000000003,1.9888129272840338,3.853325046612809
2025-11-25,16.45,17.45,16.35,16.79,12338468.0,209661815.0,397706400.0,0.031024061971343685,0.379999999999999,2.3156611822059636,6.703229737964643
2025-11-26,16.95,17.44,16.79,17.05,11254637.0,192781868.0,397706400.0,0.02829885815264728,0.26000000000000156,1.5485407980941224,3.8713519952352717
2025-11-27,17.05,17.2,16.92,17.08,5980232.0,102201377.0,397706400.0,0.01503680101703166,0.029999999999997584,0.17595307917888103,1.6422287390029182
2025-11-28,17.18,17.18,16.93,17.13,4253004.0,72662681.0,397706400.0,0.010693828412115068,0.05000000000000071,0.29274004683841337,1.4637002341920375
2025-12-01,17.29,17.77,17.25,17.7,10671360.0,186661590.0,397706400.0,0.026832256156803107,0.5700000000000003,3.327495621716281,3.035610040863979
2025-12-02,17.56,17.78,17.18,17.2,8466520.0,147078595.0,397706400.0,0.021288367499240644,-0.5,-2.824858757062143,3.3898305084745846
2025-12-03,17.19,17.57,16.95,17.41,9261348.0,159892195.0,397706400.0,0.02328689706778669,0.21000000000000085,1.2209302325581373,3.6046511627907036
2025-12-04,17.27,17.65,17.1,17.4,8213488.0,142262629.0,397706400.0,0.02065213936713113,-0.010000000000001563,-0.05743825387709567,3.1591039632395015
2025-12-05,17.2,17.37,17.05,17.26,7387524.0,127120504.0,397706400.0,0.018575320889983163,-0.13999999999999702,-0.8045977011494121,1.8390804597701167
2025-12-08,16.86,17.1,16.51,16.67,9243675.0,155489101.0,397706400.0,0.02324245976428843,-0.5899999999999999,-3.418308227114719,3.418308227114715
2025-12-09,16.71,16.94,16.45,16.47,4595337.0,76589575.0,397706400.0,0.011554596556655864,-0.20000000000000284,-1.199760047990417,2.9394121175764965
2025-12-10,16.44,16.69,16.3,16.54,3579823.0,59000423.0,397706400.0,0.009001170209984049,0.07000000000000028,0.4250151791135526,2.367941712204011
2025-12-11,16.54,16.54,16.14,16.14,3944400.0,64181937.0,397706400.0,0.009917869061196903,-0.3999999999999986,-2.4183796856106277,2.4183796856106325
2025-12-12,16.14,16.44,16.06,16.28,2956022.0,48166296.0,397706400.0,0.00743267395244331,0.14000000000000057,0.867410161090465,2.3543990086741173
2025-12-15,16.26,16.41,16.0,16.37,3286321.0,53294449.0,397706400.0,0.008263183594732194,0.08999999999999986,0.5528255528255421,2.518427518427519
2025-12-16,16.3,16.47,15.94,16.06,4310908.0,69628929.0,397706400.0,0.010839423252932313,-0.3100000000000023,-1.893708002443506,3.237629810629196
2025-12-17,16.06,16.12,15.86,16.08,2628295.0,42020528.0,397706400.0,0.006608631392404044,0.019999999999999574,0.12453300124533051,1.6189290161893002
2025-12-18,16.06,16.34,16.0,16.16,2805080.0,45405176.0,397706400.0,0.007053142720358536,0.08000000000000185,0.4975124378109541,2.114427860696517
2025-12-19,16.17,16.28,16.05,16.28,2845300.0,46000527.0,397706400.0,0.007154272599083143,0.120000000000001,0.7425742574257432,1.4232673267326759
2025-12-22,16.25,16.27,16.1,16.12,3568796.0,57652409.0,397706400.0,0.008973443726326757,-0.16000000000000014,-0.9828009828009798,1.0442260442260327
2025-12-23,16.16,16.17,15.91,15.96,2667570.0,42723181.0,397706400.0,0.006707385146429628,-0.16000000000000014,-0.992555831265507,1.6129032258064613
2025-12-24,15.96,16.11,15.91,16.08,2537421.0,40664455.0,397706400.0,0.0063801362009763985,0.11999999999999744,0.7518796992481036,1.253132832080196
2025-12-25,16.06,16.1,16.0,16.08,2096100.0,33627845.0,397706400.0,0.00527047088002607,0.0,0.0,0.6218905472636904
2025-12-26,16.09,16.15,16.0,16.02,2906824.0,46733787.0,397706400.0,0.007308969631869138,-0.05999999999999872,-0.3731343283582045,0.9328358208955136
2025-12-29,16.05,16.38,15.94,16.19,9053240.0,145760055.0,397706400.0,0.02276362663512581,0.1700000000000017,1.0611735330836591,2.7465667915106087
2025-12-30,16.18,16.25,16.0,16.09,4483432.0,72251101.0,397706400.0,0.011273220647190994,-0.10000000000000142,-0.6176652254478165,1.544163063619518
2025-12-31,16.01,16.25,16.01,16.18,4074393.0,65773789.0,397706400.0,0.010244725757493467,0.08999999999999986,0.5593536357986428,1.4916096954630107
2026-01-05,16.15,16.29,16.05,16.29,5168663.0,83692315.0,397706400.0,0.012996177582256659,0.10999999999999943,0.6798516687268163,1.4833127317676047
2026-01-06,16.26,16.41,16.21,16.41,5235783.0,85554718.0,397706400.0,0.013164945296329151,0.120000000000001,0.7366482504604033,1.227747084100671
2026-01-07,16.38,16.53,16.29,16.33,3970849.0,65055142.0,397706400.0,0.009984372894175201,-0.08000000000000185,-0.48750761730652625,1.4625228519195734
2026-01-08,16.25,16.6,16.22,16.52,5255047.0,86522244.0,397706400.0,0.013213383038341853,0.19000000000000128,1.1635027556644362,2.3270055113288586
2026-01-09,16.47,16.91,16.47,16.9,7013869.0,116986377.0,397706400.0,0.017635796155153653,0.379999999999999,2.300242130750596,2.6634382566586035
2026-01-12,17.1,18.59,17.09,18.34,24454646.0,440040568.0,397706400.0,0.06148919403861743,1.4400000000000013,8.52071005917161,8.875739644970416
2026-01-13,18.56,18.74,17.94,17.95,21217644.0,389456407.0,397706400.0,0.05335001900899759,-0.39000000000000057,-2.1264994547437355,4.362050163576866
2026-01-14,17.91,19.46,17.91,18.52,21899330.0,406590635.0,397706400.0,0.05506406233341983,0.5700000000000003,3.1754874651810594,8.635097493036216
2026-01-15,18.42,18.63,18.02,18.28,11068986.0,202336606.0,397706400.0,0.027832053997622366,-0.23999999999999844,-1.295896328293733,3.293736501079911
2026-01-16,18.15,18.27,17.27,17.55,11264522.0,197671424.0,397706400.0,0.028323713171324375,-0.7300000000000004,-3.993435448577687,5.470459518599562
2026-01-19,17.36,17.36,16.98,17.04,7756207.0,132843250.0,397706400.0,0.019502343940152836,-0.5100000000000016,-2.905982905982918,2.1652421652421596
2026-01-20,17.18,17.34,16.97,17.12,7386226.0,126462112.0,397706400.0,0.018572057175846302,0.08000000000000185,0.46948356807512415,2.1713615023474238
2026-01-21,16.94,17.15,16.84,17.06,4937688.0,84044356.0,397706400.0,0.012415409960714737,-0.060000000000002274,-0.3504672897196359,1.8107476635513944
2026-01-22,17.0,17.19,16.97,17.1,4311686.0,73690415.0,397706400.0,0.010841379469880294,0.0400000000000027,0.23446658851116187,1.2895662368112686
2026-01-23,17.1,17.52,17.0,17.37,9178724.0,158860826.0,397706400.0,0.023079145822144174,0.2699999999999996,1.5789473684210575,3.040935672514617
2026-01-26,17.53,18.43,17.29,17.55,11430746.0,202435118.0,397706400.0,0.028741669734256226,0.17999999999999972,1.0362694300518172,6.563039723661489
2026-01-27,17.55,17.86,17.32,17.81,7870038.0,138542279.0,397706400.0,0.01978856261805191,0.259999999999998,1.4814814814814614,3.0769230769230718
2026-01-28,17.75,17.99,17.5,17.59,6584600.0,116848041.0,397706400.0,0.01655643459597331,-0.21999999999999886,-1.2352610892756855,2.7512633352049325
2026-01-29,17.42,18.28,17.2,17.91,10510029.0,188474116.0,397706400.0,0.026426602639535095,0.3200000000000003,1.8192154633314361,6.139852188743615
2026-01-30,17.8,17.95,17.5,17.82,6856230.0,122037562.0,397706400.0,0.01723942586792669,-0.08999999999999986,-0.5025125628140725,2.5125628140703475
2026-02-02,17.68,18.4,17.68,17.84,9112633.0,165085219.0,397706400.0,0.022912965443855064,0.019999999999999574,0.11223344556676729,4.040404040404034
2026-02-03,17.95,18.25,17.9,18.18,8422508.0,152186278.0,397706400.0,0.02117770294870789,0.33999999999999986,1.905829596412545,1.9618834080717569
2026-02-04,18.16,18.16,17.47,17.73,7454469.0,132104425.0,397706400.0,0.018743648580963244,-0.4499999999999993,-2.4752475247524663,3.7953795379538025
2026-02-05,18.0,18.28,17.73,18.03,10049770.0,181655154.0,397706400.0,0.025269319276732784,0.3000000000000007,1.6920473773265776,3.10208685843204
2026-02-06,17.99,18.0,17.3,17.79,7330794.0,129956252.0,397706400.0,0.018432677975511583,-0.240000000000002,-1.3311148086522562,3.8824181919023806
2026-02-09,17.98,18.53,17.93,18.19,6726273.0,122159929.0,397706400.0,0.01691265969066628,0.40000000000000213,2.2484541877459296,3.3726812816188954
2026-02-10,18.35,20.01,18.21,20.01,28237887.0,545170907.0,397706400.0,0.07100184206238572,1.8200000000000003,10.00549752611326,9.895547003848272
2026-02-11,19.65,19.67,18.6,18.66,27888512.0,526398643.0,397706400.0,0.07012336738860626,-1.3500000000000014,-6.7466266866566755,5.347326336831585
2026-02-12,18.59,18.84,18.05,18.08,14917207.0,272734647.0,397706400.0,0.03750808888164737,-0.5800000000000018,-3.1082529474812493,4.233654876741689
2026-02-13,18.13,18.47,17.79,17.79,11323713.0,204819137.0,397706400.0,0.0284725440676841,-0.28999999999999915,-1.603982300884954,3.761061946902654
2026-02-24,17.8,17.81,16.78,16.86,11932613.0,202780373.0,397706400.0,0.030003572987510385,-0.9299999999999997,-5.227655986509272,5.789769533445742
2026-02-25,16.78,16.93,16.71,16.88,6456400.0,108769331.0,397706400.0,0.016234086250560716,0.019999999999999574,0.11862396204032066,1.304863582443647
2026-02-26,16.83,16.87,16.41,16.53,7370230.0,122095673.0,397706400.0,0.018531836550782187,-0.34999999999999787,-2.0734597156398027,2.7251184834123277
2026-02-27,16.53,16.64,16.39,16.44,7091680.0,116805551.0,397706400.0,0.017831445508546002,-0.08999999999999986,-0.5444646098003658,1.5124016938898972
2026-03-02,16.24,16.24,15.72,15.8,8507417.0,135351191.0,397706400.0,0.02139119963872847,-0.6400000000000006,-3.8929440389294467,3.1630170316301567
2026-03-03,15.81,15.87,15.17,15.22,7975207.0,123584032.0,397706400.0,0.02005300141008543,-0.5800000000000001,-3.6708860759493644,4.430379746835438
2026-03-04,15.13,15.32,14.96,15.03,5680689.0,85899431.0,397706400.0,0.014283624804629746,-0.19000000000000128,-1.2483574244415374,2.36530880420499
2026-03-05,15.26,15.34,15.12,15.2,4743860.0,72206398.0,397706400.0,0.01192804541239467,0.16999999999999993,1.1310711909514382,1.4637391882900908
2026-03-06,15.15,15.43,15.11,15.43,4280701.0,65590068.0,397706400.0,0.01076347023834668,0.23000000000000043,1.5131578947368496,2.105263157894739
2026-03-09,15.18,15.35,15.01,15.3,3929221.0,59592820.0,397706400.0,0.00987970271536993,-0.129999999999999,-0.8425145819831448,2.2034996759559293
2026-03-10,15.4,15.53,15.34,15.42,3543914.0,54660222.0,397706400.0,0.0089108799858388,0.11999999999999922,0.7843137254901933,1.2418300653594738
2026-03-11,15.43,15.48,15.24,15.3,3103838.0,47600486.0,397706400.0,0.007804345114888772,-0.11999999999999922,-0.7782101167315147,1.5564202334630364
2026-03-12,15.2,15.33,15.15,15.21,2998599.0,45655969.0,397706400.0,0.007539730313618287,-0.08999999999999986,-0.588235294117645,1.1764705882352922
2026-03-13,15.18,15.28,15.08,15.08,2989661.0,45369888.0,397706400.0,0.007517256448475559,-0.13000000000000078,-0.8547008547008628,1.314924391847464
2026-03-16,15.08,15.22,15.03,15.15,2666159.0,40311499.0,397706400.0,0.006703837303095952,0.07000000000000028,0.46419098143235527,1.2599469496021305
2026-03-17,15.17,15.33,15.04,15.07,3201097.0,48571043.0,397706400.0,0.008048894863145275,-0.08000000000000007,-0.5280528052805322,1.9141914191419203
2026-03-18,15.05,15.12,14.83,15.07,3190629.0,47717785.0,397706400.0,0.008022573938966032,0.0,0.0,1.9243530192435248
2026-03-19,14.93,14.99,14.7,14.72,2736255.0,40590119.0,397706400.0,0.006880087924157117,-0.34999999999999964,-2.3224950232249464,1.9243530192435365
2026-03-20,14.8,14.8,14.33,14.35,3015300.0,43866619.0,397706400.0,0.007581723603140407,-0.370000000000001,-2.5135869565217406,3.1929347826087002
2026-03-23,14.09,14.2,13.54,13.57,4853165.0,67192139.0,397706400.0,0.012202883835915137,-0.7799999999999994,-5.4355400696864065,4.599303135888503
2026-03-24,13.87,14.06,13.65,14.04,4743061.0,65817639.0,397706400.0,0.011926036392675601,0.46999999999999886,3.463522476050107,3.021370670596906
2026-03-25,14.03,14.38,14.03,14.33,3458765.0,49296995.0,397706400.0,0.0086967798355772,0.2900000000000009,2.065527065527073,2.492877492877503
2026-03-26,14.3,14.44,13.99,14.03,3836368.0,54295782.0,397706400.0,0.009646231491371525,-0.3000000000000007,-2.093510118632247,3.140265177948355
2026-03-27,13.93,14.23,13.9,14.19,2728788.0,38557564.0,397706400.0,0.00686131276740832,0.16000000000000014,1.1404133998574428,2.3521026372059874
2026-03-30,14.03,14.36,14.01,14.29,2345300.0,33336766.0,397706400.0,0.005897063763620601,0.09999999999999964,0.7047216349541863,2.4665257223396733
2026-03-31,14.19,14.64,14.19,14.34,2876105.0,41501074.0,397706400.0,0.00723172923543599,0.05000000000000071,0.3498950314905658,3.149055283414983
2026-04-01,14.5,14.58,14.27,14.34,2398508.0,34440441.0,397706400.0,0.006030850899055183,0.0,0.0,2.1617852161785254
2026-04-02,14.31,14.43,14.12,14.29,3076805.0,43900985.0,397706400.0,0.007736372861990654,-0.05000000000000071,-0.34867503486750717,2.1617852161785254
2026-04-03,14.27,14.32,13.92,13.94,2783649.0,39078316.0,397706400.0,0.00699925623525294,-0.34999999999999964,-2.4492652204338716,2.7991602519244254
2026-04-07,13.94,14.09,13.88,13.98,2342754.0,32780410.0,397706400.0,0.005890662056230425,0.040000000000000924,0.2869440459110528,1.506456241032992
2026-04-08,14.27,14.49,14.1,14.48,4245032.0,61070294.0,397706400.0,0.010673783474442453,0.5,3.576537911301858,2.7896995708154546
2026-04-09,14.42,14.84,14.35,14.58,4811100.0,70244217.0,397706400.0,0.012097114856587673,0.09999999999999964,0.6906077348066253,3.3839779005524875
2026-04-10,14.62,14.88,14.59,14.65,3305844.0,48660544.0,397706400.0,0.008312272570921665,0.07000000000000028,0.4801097393690057,1.9890260631001435
2026-04-13,14.65,14.79,14.47,14.74,3035500.0,44602481.0,397706400.0,0.007632514840093094,0.08999999999999986,0.6143344709897525,2.1843003412969177
2026-04-14,14.81,14.87,14.65,14.78,2296227.0,33837190.0,397706400.0,0.005773673745255294,0.03999999999999915,0.27137042062415073,1.4925373134328281
2026-04-15,14.8,14.83,14.49,14.49,2689520.0,39336541.0,397706400.0,0.006762576614306433,-0.28999999999999915,-1.9621109607577791,2.30040595399188
2026-04-16,14.57,14.7,14.45,14.69,3065600.0,44694223.0,397706400.0,0.007708198811987939,0.1999999999999993,1.3802622498274575,1.725327812284334
2026-04-17,14.59,14.82,14.5,14.66,2748001.0,40242410.0,397706400.0,0.006909622274119803,-0.02999999999999936,-0.20422055820285,2.178352620830499
2026-04-20,14.61,14.81,14.57,14.71,3144247.0,46153059.0,397706400.0,0.007905950218553184,0.05000000000000071,0.3410641200545683,1.6371077762619386
2026-04-21,14.65,14.8,14.54,14.65,3047447.0,44620619.0,397706400.0,0.007662554588007636,-0.0600000000000005,-0.40788579197824637,1.7675050985724103
2026-04-22,14.59,14.6,14.28,14.3,3947081.0,56676196.0,397706400.0,0.009924610214972653,-0.34999999999999964,-2.3890784982935176,2.18430034129693
2026-04-23,14.21,14.39,14.05,14.16,2828602.0,40101024.0,397706400.0,0.007112286852814035,-0.14000000000000057,-0.9790209790209836,2.3776223776223766
2026-04-24,14.06,14.2,13.86,14.1,2145000.0,30054077.0,397706400.0,0.005393425904134306,-0.0600000000000005,-0.4237288135593209,2.401129943502824
2026-04-27,13.98,14.11,13.83,14.04,2525761.0,35333285.0,397706400.0,0.006350818090933412,-0.0600000000000005,-0.42553191489361764,1.985815602836875
2026-04-28,14.0,14.09,13.65,13.72,3424789.0,47314464.0,397706400.0,0.00861134998078985,-0.3199999999999985,-2.2792022792022637,3.1339031339031305
2026-04-29,13.83,14.28,13.8,14.24,4441453.0,62914612.0,397706400.0,0.01116766790778323,0.5199999999999996,3.790087463556846,3.498542274052468
2026-04-30,14.1,14.75,14.1,14.61,5026751.0,73192921.0,397706400.0,0.012639351541740338,0.3699999999999992,2.5983146067415586,4.564606741573036
2026-05-06,14.72,15.42,14.65,15.12,10751193.0,162480364.0,397706400.0,0.027032989662726072,0.5099999999999998,3.490759753593431,5.270362765229293
2026-05-07,15.12,15.39,14.87,15.36,8219347.0,124230048.0,397706400.0,0.02066687134026508,0.2400000000000002,1.5873015873015817,3.439153439153448
2026-05-08,15.36,16.12,15.31,16.01,13622338.0,214597516.0,397706400.0,0.03425224738651427,0.6500000000000021,4.231770833333348,5.2734375000000036
2026-05-11,16.49,17.1,16.21,16.89,22347479.0,373321037.0,397706400.0,0.056190896098227236,0.879999999999999,5.496564647095559,5.559025608994381
2026-05-12,16.88,17.36,16.35,16.85,16419054.0,277211498.0,397706400.0,0.04128435951747319,-0.03999999999999915,-0.2368265245707435,5.979869745411475
2026-05-13,16.98,17.43,16.45,16.69,16439481.0,278321838.0,397706400.0,0.041335721527237176,-0.16000000000000014,-0.9495548961424349,5.816023738872405
2026-05-14,16.7,17.3,16.6,16.95,17023009.0,289965715.0,397706400.0,0.04280295464191675,0.259999999999998,1.5578190533253267,4.194128220491308
2026-05-15,17.24,18.65,17.1,18.65,34840037.0,630946208.0,397706400.0,0.08760240468848376,1.6999999999999993,10.029498525073732,9.14454277286134
2026-05-18,18.65,19.5,16.79,17.2,40456036.0,719158426.0,397706400.0,0.10172337181398138,-1.4499999999999993,-7.774798927613935,14.530831099195716
2026-05-19,17.03,17.2,15.89,15.92,27794387.0,455479740.0,397706400.0,0.06988669782533044,-1.2799999999999994,-7.441860465116279,7.616279069767434
2026-05-20,15.92,16.54,15.91,16.1,19659898.0,318494634.0,397706400.0,0.04943319493978473,0.1800000000000015,1.1306532663316604,3.9572864321607977
2026-05-21,16.08,16.16,15.38,15.38,18112672.0,285339541.0,397706400.0,0.045542822544469994,-0.7200000000000006,-4.472049689440993,4.844720496894405
2026-05-22,15.47,16.36,15.36,15.68,14807610.0,232668538.0,397706400.0,0.03723251624816699,0.29999999999999893,1.950585175552666,6.5019505851755515
2026-05-25,15.55,16.05,14.98,15.2,15978092.0,245509840.0,397706400.0,0.040175596872466725,-0.4800000000000004,-3.0612244897959218,6.823979591836736
2026-05-26,15.05,15.82,14.68,15.24,20006533.0,306480632.0,397706400.0,0.050304780109145845,0.040000000000000924,0.263157894736854,7.5000000000000036
2026-05-27,15.27,15.57,14.89,15.15,14315076.0,218606481.0,397706400.0,0.03599408005503557,-0.08999999999999986,-0.5905511811023612,4.461942257217846
2026-05-28,14.95,15.52,14.95,15.34,13199154.0,201718310.0,397706400.0,0.033188186058861514,0.1899999999999995,1.2541254125412404,3.7623762376237644
2026-05-29,15.4,15.93,15.28,15.53,13106556.0,202714851.0,397706400.0,0.03295535601136919,0.1899999999999995,1.2385919165580184,4.237288135593223
2026-06-01,15.17,15.95,14.88,15.46,16069068.0,248627698.0,397706400.0,0.04040434853449681,-0.06999999999999851,-0.4507405022536881,6.889890534449443
2026-06-02,15.36,15.46,14.01,14.26,17544459.0,253189571.0,397706400.0,0.04411409773642064,-1.200000000000001,-7.761966364812423,9.379042690815014
2026-06-03,14.1,14.17,13.8,13.94,10245229.0,142982891.0,397706400.0,0.025760784840274133,-0.3200000000000003,-2.244039270687237,2.5946704067321127
2026-06-04,13.8,14.38,13.72,14.07,8668779.0,121853115.0,397706400.0,0.021796931102944284,0.13000000000000078,0.9325681492108995,4.734576757532282
2026-06-05,14.03,14.28,13.65,14.24,9982587.0,139272228.0,397706400.0,0.025100393154347027,0.16999999999999993,1.2082444918265711,4.4776119402985
2026-06-08,14.06,14.93,13.9,14.04,13090290.0,187681100.0,397706400.0,0.032914456493533924,-0.20000000000000107,-1.404494382022481,7.233146067415726
2026-06-09,14.04,14.17,13.7,13.87,9252270.0,128502413.0,397706400.0,0.02326407118417003,-0.16999999999999993,-1.2108262108262102,3.3475783475783527
2026-06-10,13.78,15.26,13.76,15.26,18661117.0,279313491.0,397706400.0,0.0469218423440005,1.3900000000000006,10.021629416005773,10.814708002883924
2026-06-11,14.97,15.16,14.06,14.16,21169294.0,303155816.0,397706400.0,0.05322844691460837,-1.0999999999999996,-7.2083879423328945,7.2083879423328945
2026-06-12,14.16,14.79,13.9,14.22,14888141.0,212508334.0,397706400.0,0.03743500481762426,0.0600000000000005,0.4237288135593209,6.285310734463269
2026-06-15,14.14,14.2,13.82,13.93,12468861.0,173857625.0,397706400.0,0.03135192443470862,-0.2900000000000009,-2.0393811533052086,2.67229254571026
2026-06-16,13.8,13.8,13.0,13.24,13646019.0,180815214.0,397706400.0,0.03431179131137945,-0.6899999999999995,-4.953338119167261,5.743000717875095
2026-06-17,13.07,13.18,12.45,12.49,13216415.0,167598184.0,397706400.0,0.03323158742227935,-0.75,-5.664652567975825,5.513595166163145
2026-06-18,12.48,12.48,12.06,12.17,7882224.0,96459685.0,397706400.0,0.019819203311789803,-0.3200000000000003,-2.562049639711772,3.3626901521216968
