date,open,high,low,close,volume,amount,outstanding_share,turnover,change,pct_chg,amplitude
2023-03-06,35.52,35.96,35.1,35.94,8440944.0,311895428.0,785375950.0,0.010747647671156725,,,
2023-03-07,35.71,35.84,34.81,34.82,9999388.0,365181751.0,785375950.0,0.012731976322931712,-1.1199999999999974,-3.116304952698934,2.8658875904284953
2023-03-08,34.86,35.08,34.44,34.74,6071356.0,218746226.0,785375950.0,0.007730509191171438,-0.0799999999999983,-0.22975301550832716,1.8380241240666302
2023-03-09,34.66,35.17,34.42,34.69,5161951.0,186232179.0,785375950.0,0.006572586033478616,-0.05000000000000426,-0.14392630972943632,2.158894645941278
2023-03-10,34.42,35.1,34.38,34.79,6706472.0,241751726.0,785375950.0,0.008539186869676873,0.10000000000000142,0.28826751225137226,2.0755260882098554
2023-03-13,34.71,35.84,34.57,35.67,9434556.0,345944706.0,785375950.0,0.012012789543657403,0.8800000000000026,2.529462489221057,3.650474274216738
2023-03-14,35.53,35.69,34.88,35.4,6788195.0,248200244.0,785375950.0,0.008643242768001744,-0.2700000000000031,-0.7569386038688064,2.2708158116063784
2023-03-15,35.4,35.71,34.71,35.04,6490336.0,236642278.0,785375950.0,0.008263986183941589,-0.35999999999999943,-1.016949152542368,2.824858757062147
2023-03-16,34.86,35.33,34.43,34.8,5165626.0,187058661.0,785375950.0,0.006577265321149699,-0.240000000000002,-0.6849315068493178,2.5684931506849273
2023-03-17,35.02,35.67,34.71,35.0,8399268.0,305756793.0,785375950.0,0.01069458263905331,0.20000000000000284,0.5747126436781658,2.7586206896551753
2023-03-20,34.95,34.95,33.76,34.07,14884060.0,528130264.0,785375950.0,0.018951509783308236,-0.9299999999999997,-2.657142857142858,3.400000000000014
2023-03-21,33.75,34.66,33.64,34.07,11706880.0,414284245.0,785375950.0,0.014906084149890253,0.0,0.0,2.993836219547978
2023-03-22,34.19,37.27,34.06,36.13,28600503.0,1066164013.0,785375950.0,0.036416321380862246,2.0600000000000023,6.0463751100675145,9.42177869093044
2023-03-23,36.45,37.07,35.64,36.16,11977715.0,450908774.0,785375950.0,0.0152509317353046,0.02999999999999403,0.08303349017435568,3.957929698311651
2023-03-24,36.16,36.98,35.96,36.23,10007675.0,378083578.0,785375950.0,0.01274252795747056,0.07000000000000028,0.19358407079645978,2.82079646017698
2023-03-27,36.24,36.47,34.64,35.16,11768698.0,432322924.0,785375950.0,0.014984795498257873,-1.0700000000000003,-2.953353574385864,5.051062655258069
2023-03-28,35.17,35.41,34.69,35.16,8622181.0,313242398.0,785375950.0,0.010978412313236737,0.0,0.0,2.047781569965867
2023-03-29,35.0,35.84,34.38,34.7,9065766.0,326958599.0,785375950.0,0.0115432182510809,-0.45999999999999375,-1.3083048919226181,4.152445961319684
2023-03-30,34.59,35.59,34.57,35.42,8225261.0,300135131.0,785375950.0,0.010473023779248651,0.7199999999999989,2.074927953890482,2.9394812680115363
2023-03-31,35.91,36.36,35.27,35.77,10852937.0,404054292.0,785375950.0,0.013818779401126302,0.3500000000000014,0.9881422924901129,3.0773574251835014
2023-04-03,35.66,36.64,35.41,35.93,9488528.0,355140923.0,785375950.0,0.012081510772006705,0.1599999999999966,0.4473022085546452,3.438635728263919
2023-04-04,35.97,36.29,35.26,36.21,7575726.0,281037185.0,785375950.0,0.009645986740490334,0.28000000000000114,0.7792930698580669,2.866685221263571
2023-04-06,35.92,36.06,35.4,35.53,6701125.0,247965635.0,785375950.0,0.008532378665274891,-0.6799999999999997,-1.8779342723004633,1.822700911350466
2023-04-07,35.34,36.0,35.15,35.64,5297191.0,195500235.0,785375950.0,0.006744783819774466,0.10999999999999943,0.3095975232198178,2.392344497607659
2023-04-10,35.48,36.52,35.14,35.69,10117442.0,373392953.0,785375950.0,0.012882291595509132,0.04999999999999716,0.1402918069584702,3.8720538720538795
2023-04-11,36.01,36.21,35.04,35.25,8274907.0,305345853.0,785375950.0,0.010536236817539422,-0.4399999999999977,-1.232838330064434,3.278229195853185
2023-04-12,35.1,35.39,33.65,33.89,18517812.0,657056351.0,785375950.0,0.023578277384225986,-1.3599999999999994,-3.8581560283687977,4.936170212765964
2023-04-13,33.89,34.71,33.12,34.53,15087016.0,533321433.0,785375950.0,0.019209928697205458,0.6400000000000006,1.8884626733549625,4.691649454116269
2023-04-14,35.0,36.14,34.15,35.08,22271568.0,808252994.0,785375950.0,0.028357843145056835,0.5499999999999972,1.5928178395598014,5.763104546770929
2023-04-17,34.47,34.87,33.75,34.71,14545676.0,516938452.0,785375950.0,0.018520653707310493,-0.36999999999999744,-1.0547320410490224,3.192702394526789
2023-04-18,34.87,35.66,34.47,35.19,10130555.0,368462146.0,785375950.0,0.01289898805788489,0.4799999999999969,1.382886776145198,3.428406799193309
2023-04-19,35.2,35.6,34.76,35.04,8801377.0,320574232.0,785375950.0,0.011206578199905408,-0.14999999999999858,-0.4262574595055413,2.3870417732310414
2023-04-20,34.75,34.95,33.89,34.28,13723056.0,487738790.0,785375950.0,0.017473231768810847,-0.759999999999998,-2.168949771689488,3.025114155251148
2023-04-21,34.08,34.58,33.75,33.84,9078626.0,320659672.0,785375950.0,0.011559592574740797,-0.4399999999999977,-1.2835472578763052,2.4212368728121305
2023-04-24,33.84,34.06,32.78,33.26,10569530.0,363993766.0,785375950.0,0.013457924195412401,-0.5800000000000054,-1.7139479905437516,3.7825059101654874
2023-04-25,33.34,33.89,33.07,33.6,7111657.0,246599438.0,785375950.0,0.009055099026141556,0.3400000000000034,1.0222489476849228,2.4654239326518352
2023-04-26,33.35,34.09,32.3,33.72,12207733.0,419788046.0,785375950.0,0.01554380803231879,0.11999999999999744,0.3571428571428559,5.327380952380971
2023-04-27,34.39,35.66,34.23,34.89,16259842.0,589627060.0,785375950.0,0.02070325937533483,1.1700000000000017,3.4697508896797125,4.240806642941874
2023-04-28,34.89,35.76,34.42,35.43,13183685.0,481905938.0,785375950.0,0.016786463858487137,0.5399999999999991,1.5477214101461634,3.840642017770124
2023-05-04,35.39,35.85,35.0,35.54,7376540.0,271725983.0,785375950.0,0.009392368075442087,0.10999999999999943,0.31047135196160536,2.3990968106124795
2023-05-05,35.24,36.08,35.03,35.63,8555499.0,315515235.0,785375950.0,0.01089350775256105,0.09000000000000341,0.2532357906584126,2.9544175576814777
2023-05-08,35.62,35.72,35.07,35.39,7067703.0,259113234.0,785375950.0,0.00899913347231985,-0.240000000000002,-0.6735896716250411,1.8243053606511326
2023-05-09,35.28,35.46,34.7,35.19,12530249.0,456080499.0,785375950.0,0.01595445977178191,-0.20000000000000284,-0.5651313930488899,2.147499293585753
2023-05-10,35.14,35.76,34.9,35.56,8512382.0,312978664.0,785375950.0,0.01083860793038035,0.37000000000000455,1.0514350667803374,2.4438761011651025
2023-05-11,35.58,35.87,34.84,35.04,8983663.0,328403518.0,785375950.0,0.01143867850804446,-0.5200000000000031,-1.462317210348718,2.8965129358829977
2023-05-12,35.04,35.26,34.71,34.89,5065550.0,183527307.0,785375950.0,0.006449840996531661,-0.14999999999999858,-0.42808219178082085,1.569634703196339
2023-05-15,35.03,35.26,34.41,35.08,6796382.0,245964728.0,785375950.0,0.008653667074984916,0.18999999999999773,0.5445686443106945,2.4362281456004626
2023-05-16,35.06,35.08,34.61,35.03,5911005.0,213757546.0,785375950.0,0.0075263381823698575,-0.04999999999999716,-0.14253135689851204,1.339794754846063
2023-05-17,34.79,35.28,34.61,34.74,7388393.0,267574299.0,785375950.0,0.00940746021061633,-0.28999999999999915,-0.8278618327148157,1.9126463031687173
2023-05-18,34.77,34.86,33.91,34.38,8657978.0,308224843.0,785375950.0,0.011023991758341976,-0.35999999999999943,-1.0362694300518172,2.73459988485896
2023-05-19,34.24,35.67,33.61,34.91,7805900.0,282926109.0,785375950.0,0.009939061668491376,0.529999999999994,1.5415939499708875,5.991855730075631
2023-05-22,35.11,35.87,34.66,35.64,6924457.0,255151120.0,785375950.0,0.0088167418419166,0.730000000000004,2.0910913778287243,3.466055571469496
2023-05-23,35.64,35.74,35.26,35.58,6104139.0,225240522.0,785375950.0,0.007772250983748611,-0.060000000000002274,-0.16835016835017313,1.346801346801358
2023-05-24,35.39,35.93,34.98,35.2,6515649.0,239363198.0,785375950.0,0.008296216608109785,-0.37999999999999545,-1.0680157391793066,2.6700393479482933
2023-05-25,35.22,35.46,34.92,35.38,4074844.0,148792167.0,785375950.0,0.005188399262798918,0.17999999999999972,0.5113636363636376,1.5340909090909065
2023-05-26,35.57,36.66,35.46,36.31,8418497.0,314952478.0,785375950.0,0.010719066454734194,0.9299999999999997,2.6286037309214194,3.39174674957602
2023-05-29,36.27,36.64,35.7,36.09,5803700.0,217431351.0,785375950.0,0.007389709348752022,-0.21999999999999886,-0.6058936931974679,2.588818507298259
2023-05-30,36.25,36.25,34.91,35.26,7671644.0,280868379.0,785375950.0,0.009768116785343376,-0.8300000000000054,-2.299806040454433,3.712939872540879
2023-05-31,34.97,35.17,34.55,35.05,5934810.0,214428750.0,785375950.0,0.007556648506998463,-0.21000000000000085,-0.5955757231990932,1.758366420873524
2023-06-01,34.71,35.57,34.33,34.71,9593842.0,346387843.0,785375950.0,0.012215604513991039,-0.3399999999999963,-0.970042796005699,3.537803138373758
2023-06-02,34.78,34.94,34.14,34.67,8567723.0,307904677.0,785375950.0,0.010909072272966851,-0.03999999999999915,-0.11524056467876465,2.30481129357533
2023-06-05,34.52,34.82,34.2,34.61,6755831.0,241836291.0,785375950.0,0.008602034477882853,-0.060000000000002274,-0.1730602826651384,1.7882895875396523
2023-06-06,34.52,34.86,34.2,34.52,8317631.0,297848643.0,785375950.0,0.010590636242426319,-0.0899999999999963,-0.26004045073677595,1.9069633054030528
2023-06-07,34.52,35.54,34.35,34.52,7755988.0,280516674.0,785375950.0,0.009875509938902509,0.0,0.0,3.447276940903817
2023-06-08,34.45,34.67,33.92,34.47,7134576.0,254069864.0,785375950.0,0.009084281228626876,-0.05000000000000426,-0.14484356894555184,2.172653534183082
2023-06-09,34.32,34.55,34.08,34.29,4160502.0,147964305.0,785375950.0,0.00529746550043963,-0.17999999999999972,-0.5221932114882533,1.3635044966637624
2023-06-12,34.28,35.38,34.13,35.02,8684179.0,313795141.0,785375950.0,0.011057352851204573,0.730000000000004,2.1289005540974237,3.6453776611256927
2023-06-13,34.88,35.57,34.76,35.33,4588975.0,167862280.0,785375950.0,0.005843029698070077,0.30999999999999517,0.8852084523129466,2.3129640205596864
2023-06-14,35.36,36.83,35.22,36.03,11149479.0,416563709.0,785375950.0,0.014196359081278209,0.7000000000000028,1.9813189923577834,4.557033682422869
2023-06-15,36.4,38.15,36.09,37.82,18367226.0,710233277.0,785375950.0,0.02338653991123614,1.7899999999999991,4.9680821537607445,5.717457674160408
2023-06-16,37.91,38.5,37.6,37.85,10717071.0,422499509.0,785375950.0,0.013645784544331921,0.030000000000001137,0.07932310946590082,2.379693283976728
2023-06-19,37.89,38.94,37.5,37.75,11423224.0,450001249.0,785375950.0,0.01454491189856272,-0.10000000000000142,-0.26420079260238705,3.804491413474234
2023-06-20,37.49,38.4,36.93,37.05,10683773.0,413415478.0,785375950.0,0.013603387014843019,-0.7000000000000028,-1.8543046357615944,3.8940397350993345
2023-06-21,37.19,37.29,36.54,36.8,6111640.0,233726455.0,785375950.0,0.0077818018236998476,-0.25,-0.6747638326585648,2.0242914979757085
2023-06-26,36.65,37.08,35.66,35.77,8913774.0,333787512.0,785375950.0,0.011349690552658252,-1.029999999999994,-2.798913043478246,3.858695652173918
2023-06-27,35.78,35.94,35.39,35.4,6333102.0,233519756.0,785375950.0,0.00806378397505042,-0.37000000000000455,-1.0343863572826462,1.5376013419066175
2023-06-28,35.48,36.13,34.9,35.82,7198937.0,266549715.0,785375950.0,0.009166230516735329,0.4200000000000017,1.1864406779661163,3.474576271186452
2023-06-29,35.74,35.75,35.11,35.48,6048651.0,222083508.0,785375950.0,0.007701599469655265,-0.3400000000000034,-0.9491903964265913,1.7867113344500294
2023-06-30,35.54,35.77,35.26,35.47,7631750.0,281153958.0,785375950.0,0.009717320730282102,-0.00999999999999801,-0.028184892897398228,1.437429537767771
2023-07-03,35.67,36.35,35.4,36.03,7227546.0,268925636.0,785375950.0,0.009202657657138597,0.5600000000000023,1.5787989850577944,2.678319706794482
2023-07-04,36.12,36.31,35.86,36.16,4537542.0,169814859.0,785375950.0,0.005777541316359382,0.12999999999999545,0.36081043574798244,1.2489592006661194
2023-07-05,36.21,36.22,34.84,35.07,8397981.0,307096146.0,785375950.0,0.010692943933411763,-1.0899999999999963,-3.0143805309734373,3.816371681415917
2023-07-06,35.2,36.29,35.19,35.67,11857146.0,440976139.0,785375950.0,0.015097414174701937,0.6000000000000014,1.7108639863130826,3.1365839749073325
2023-07-07,35.47,36.15,35.37,35.71,6939679.0,257577135.0,785375950.0,0.00883612364244156,0.03999999999999915,0.11213905242499767,2.1867115222876397
2023-07-10,35.87,35.93,35.28,35.74,6751344.0,249176196.0,785375950.0,0.008596321290459683,0.030000000000001137,0.08401008120975106,1.8202184262111412
2023-07-11,35.94,36.24,35.51,35.85,3801829.0,141123849.0,785375950.0,0.004840775936670839,0.10999999999999943,0.30777839955231645,2.0425293788472407
2023-07-12,35.75,35.84,34.56,34.59,11116419.0,404289142.0,785375950.0,0.014154264591371814,-1.259999999999998,-3.5146443514644243,3.5704323570432384
2023-07-13,34.59,34.59,31.82,33.8,23655058.0,822071327.0,785375950.0,0.030119407145074915,-0.7900000000000063,-2.2838970800809655,8.008094825093966
2023-07-14,33.69,33.9,32.47,32.6,18580125.0,633135877.0,785375950.0,0.023657619003994202,-1.1999999999999957,-3.5502958579881505,4.23076923076923
2023-07-17,32.31,33.84,32.12,33.35,10285613.0,355100362.0,785375950.0,0.013096419619164554,0.75,2.300613496932513,5.27607361963192
2023-07-18,33.76,33.76,32.83,33.17,5199647.0,178552178.0,785375950.0,0.006620583428866137,-0.17999999999999972,-0.5397301349325367,2.7886056971514233
2023-07-19,33.25,33.36,32.94,33.05,3763138.0,129037486.0,785375950.0,0.004791511632104345,-0.12000000000000455,-0.3617726861622095,1.2662044015676868
2023-07-20,32.96,33.68,32.96,33.39,5170965.0,179377282.0,785375950.0,0.006584063339347226,0.3400000000000034,1.0287443267776197,2.178517397881994
2023-07-21,33.31,34.4,33.31,33.57,7649789.0,268242665.0,785375950.0,0.009740289348050447,0.17999999999999972,0.5390835579514919,3.264450434261744
2023-07-24,34.05,34.05,32.59,33.41,14336953.0,493535296.0,785375950.0,0.01825489181327745,-0.1600000000000037,-0.4766160262138941,4.34912123920165
2023-07-25,33.94,35.19,33.75,34.87,16069042.0,572980123.0,785375950.0,0.02046031839910555,1.4600000000000009,4.369949117030836,4.3100868003591675
2023-07-26,34.7,35.05,34.04,34.28,8030449.0,286469981.0,785375950.0,0.010224974421485658,-0.5899999999999963,-1.6919988528821261,2.8964726125609355
2023-07-27,34.23,34.57,33.77,33.94,5463517.0,193204537.0,785375950.0,0.006956562650027672,-0.3400000000000034,-0.9918319719953383,2.333722287047833
2023-07-28,33.75,34.98,33.75,34.66,7410668.0,264595946.0,785375950.0,0.009435822423643098,0.7199999999999989,2.121390689451963,3.6240424278137797
2023-07-31,34.63,34.96,33.58,33.79,12451346.0,440036039.0,785375950.0,0.015853994510527093,-0.8699999999999974,-2.5100980957876495,3.9815349105597306
2023-08-01,33.85,34.01,33.43,33.69,4130943.0,144489316.0,785375950.0,0.005259828748257443,-0.10000000000000142,-0.29594554601953815,1.7164841669132829
2023-08-02,33.6,33.87,33.25,33.51,4139161.0,143680188.0,785375950.0,0.005270292526782874,-0.17999999999999972,-0.5342831700801409,1.8403086969427056
2023-08-03,33.27,34.18,33.25,33.93,5278409.0,185519490.0,785375950.0,0.006720869158267451,0.4200000000000017,1.2533572068039511,2.775290957923007
2023-08-04,33.96,34.59,33.75,33.93,3293826.0,116294278.0,785375950.0,0.004193948134011488,0.0,0.0,2.475685234305934
2023-08-07,34.0,34.07,33.6,34.04,3407572.0,119661601.0,785375950.0,0.004338778135490398,0.10999999999999943,0.3241968759210012,1.3852048334806921
2023-08-08,33.97,34.4,33.76,33.98,2998941.0,105798108.0,785375950.0,0.003818478271457128,-0.060000000000002274,-0.1762632197414904,1.880141010575795
2023-08-09,33.76,33.94,33.55,33.83,2624946.0,91934987.0,785375950.0,0.0033422795796077026,-0.14999999999999858,-0.4414361389052379,1.1477339611536215
2023-08-10,33.84,34.13,33.6,33.71,2605550.0,91335674.0,785375950.0,0.003317583126908839,-0.11999999999999744,-0.3547147502216852,1.5666568134791639
2023-08-11,33.73,33.79,32.94,32.98,5398838.0,185508792.0,785375950.0,0.0068742084602921695,-0.730000000000004,-2.165529516463971,2.52150697122516
2023-08-14,32.88,32.88,32.17,32.42,4475430.0,150180498.0,785375950.0,0.005698455624978076,-0.5599999999999952,-1.6979987871437063,2.1528198908429377
2023-08-15,32.42,32.45,31.68,32.23,4335376.0,144118009.0,785375950.0,0.005520128290151997,-0.19000000000000483,-0.5860579888957607,2.3750771128932855
2023-08-16,31.94,32.18,31.72,31.84,2735389.0,90582914.0,785375950.0,0.003482903951922643,-0.389999999999997,-1.210052745888912,1.427241700279246
2023-08-17,31.74,32.51,31.48,32.26,4486376.0,149819572.0,785375950.0,0.005712392899222341,0.41999999999999815,1.3190954773869334,3.23492462311557
2023-08-18,32.3,32.32,31.49,31.61,3053980.0,100664444.0,785375950.0,0.0038885580848254902,-0.6499999999999986,-2.0148791072535643,2.5728456292622504
2023-08-21,31.61,32.29,31.33,31.55,3803838.0,125340996.0,785375950.0,0.004843333947264364,-0.05999999999999872,-0.1898133502056254,3.0370136032901005
2023-08-22,31.67,32.06,31.17,31.73,4413209.0,144758305.0,785375950.0,0.005619231146561083,0.17999999999999972,0.5705229793977695,2.820919175911254
2023-08-23,31.8,31.91,31.16,31.33,3502366.0,113808347.0,785375950.0,0.004459477018617644,-0.40000000000000213,-1.2606366214938602,2.363693665300977
2023-08-24,30.95,31.67,30.94,31.36,3835258.0,124828118.0,785375950.0,0.004883340265257677,0.030000000000001137,0.09575486753909956,2.330035110118099
2023-08-25,31.23,31.45,30.86,31.09,5190344.0,167497706.0,785375950.0,0.0066087381463616245,-0.2699999999999996,-0.8609693877551061,1.8813775510204078
2023-08-28,33.02,33.17,30.66,30.9,7079063.0,231882403.0,785375950.0,0.009013597882644612,-0.19000000000000128,-0.6111289803795494,8.07333547764555
2023-08-29,30.93,31.75,30.77,31.52,5137215.0,167420471.0,785375950.0,0.006541090289306669,0.620000000000001,2.0064724919093946,3.1715210355987065
2023-08-30,31.51,32.13,31.24,31.73,4605140.0,151385615.0,785375950.0,0.005863612197445058,0.21000000000000085,0.6662436548223294,2.8236040609137185
2023-08-31,31.82,33.07,31.62,32.59,9892738.0,333183951.0,785375950.0,0.012596181484803551,0.860000000000003,2.710368736211799,4.56980775291522
2023-09-01,32.4,34.03,32.4,33.65,8572131.0,297623856.0,785375950.0,0.010914684871621037,1.0599999999999952,3.252531451365437,5.001534212948765
2023-09-04,34.42,34.9,33.7,34.42,12698566.0,454122223.0,785375950.0,0.016168773693668616,0.7700000000000031,2.288261515601797,3.5661218424962726
2023-09-05,34.49,34.84,34.32,34.59,6165602.0,221464189.0,785375950.0,0.007850510319293581,0.1700000000000017,0.4938988959907187,1.5107495642068656
2023-09-06,34.59,34.59,34.13,34.35,3154864.0,112400701.0,785375950.0,0.004017011216093388,-0.240000000000002,-0.6938421509106729,1.3298641225787824
2023-09-07,34.23,34.6,33.94,34.04,3479952.0,123252566.0,785375950.0,0.0044309378202884876,-0.3100000000000023,-0.9024745269286871,1.9213973799126742
2023-09-08,34.09,34.18,33.51,33.75,3078500.0,107744723.0,785375950.0,0.003919778801477178,-0.28999999999999915,-0.8519388954171592,1.9682726204465386
2023-09-11,33.69,34.08,33.4,33.72,5435545.0,190276279.0,785375950.0,0.0069209465861540575,-0.030000000000001137,-0.0888888888888939,2.014814814814814
2023-09-12,33.75,34.52,33.57,34.13,3822366.0,135515847.0,785375950.0,0.004866925196779962,0.4100000000000037,1.21589561091342,2.8173190984578973
2023-09-13,33.76,34.13,33.58,33.82,2664394.0,93344514.0,785375950.0,0.003392507753770662,-0.3100000000000023,-0.908291825373575,1.6114854966305425
2023-09-14,33.8,33.81,33.26,33.6,2581022.0,89696461.0,785375950.0,0.003286352224052697,-0.21999999999999886,-0.6505026611472453,1.626256652868138
2023-09-15,33.65,33.84,33.23,33.42,3075851.0,106785082.0,785375950.0,0.003916405894527328,-0.17999999999999972,-0.5357142857142838,1.8154761904762098
2023-09-18,33.42,34.2,33.13,33.7,4464596.0,156493773.0,785375950.0,0.0056846609575961675,0.28000000000000114,0.837821663674454,3.2016756433273494
2023-09-19,33.7,33.75,32.92,33.66,4647620.0,160697251.0,785375950.0,0.005917700943096106,-0.04000000000000625,-0.1186943620178238,2.462908011869431
2023-09-20,33.66,33.76,33.12,33.3,4145540.0,143194911.0,785375950.0,0.005278414751559428,-0.35999999999999943,-1.0695187165775333,1.9013666072489621
2023-09-21,33.17,33.26,32.73,32.96,3354394.0,114480904.0,785375950.0,0.004271067887933161,-0.3399999999999963,-1.021021021021007,1.591591591591595
2023-09-22,33.12,33.47,32.73,33.25,5845083.0,201327119.0,785375950.0,0.007442401311117306,0.28999999999999915,0.8798543689320315,2.245145631067967
2023-09-25,33.07,33.52,33.03,33.37,3225764.0,111428079.0,785375950.0,0.004107286453067477,0.11999999999999744,0.36090225563909506,1.473684210526322
2023-09-26,33.17,33.51,33.0,33.36,2666452.0,91819895.0,785375950.0,0.003395128154866469,-0.00999999999999801,-0.02996703626010344,1.5283188492658017
2023-09-27,33.29,33.67,33.05,33.26,2573656.0,88871370.0,785375950.0,0.0032769732763016234,-0.10000000000000142,-0.299760191846532,1.858513189448455
2023-09-28,33.28,33.36,32.93,33.3,3304987.0,113661680.0,785375950.0,0.004208159162500456,0.03999999999999915,0.12026458208056479,1.292844257366205
2023-10-09,33.3,33.31,32.85,33.17,2900194.0,99724478.0,785375950.0,0.0036927461300540207,-0.12999999999999545,-0.3903903903903716,1.381381381381384
2023-10-10,33.33,33.53,32.92,33.01,2463100.0,84657623.0,785375950.0,0.0031362050238487693,-0.1600000000000037,-0.48236358154960524,1.8390111546578214
2023-10-11,33.01,33.44,32.98,33.22,3876913.0,133730474.0,785375950.0,0.0049363785585744,0.21000000000000085,0.6361708573159763,1.3935171160254496
2023-10-12,33.22,33.51,32.22,32.6,5910237.0,200287700.0,785375950.0,0.007525360306742268,-0.6199999999999974,-1.8663455749548419,3.883202889825404
2023-10-13,32.49,32.59,31.95,32.41,5078106.0,169337085.0,785375950.0,0.006465828244422305,-0.19000000000000483,-0.5828220858895894,1.9631901840490924
2023-10-16,32.4,32.53,31.6,31.9,5286306.0,174721786.0,785375950.0,0.006730924215339163,-0.509999999999998,-1.5735883986423893,2.8694847269361303
2023-10-17,31.9,32.1,31.6,32.01,3225293.0,106497393.0,785375950.0,0.004106686740280244,0.10999999999999943,0.34482758620688614,1.5673981191222572
2023-10-18,31.93,32.1,31.49,31.63,3881541.0,127540203.0,785375950.0,0.004942271277851073,-0.379999999999999,-1.1871290221805664,1.9056544829740802
2023-10-19,32.49,33.32,32.15,32.35,13456142.0,454970105.0,785375950.0,0.017133376696854545,0.7200000000000024,2.2763199494151287,3.699019917799563
2023-10-20,32.47,33.25,32.02,32.22,7314984.0,246359195.0,785375950.0,0.009313990325270338,-0.13000000000000256,-0.4018547140649198,3.8021638330757246
2023-10-23,31.88,32.01,31.17,31.43,5983700.0,195746780.0,785375950.0,0.007618898948968326,-0.7899999999999991,-2.4518932340161337,2.6070763500930982
2023-10-24,31.82,31.83,30.82,31.07,4397563.0,141896588.0,785375950.0,0.005599309477200059,-0.35999999999999943,-1.145402481705371,3.2134902958956344
2023-10-25,31.24,31.92,31.24,31.54,6514702.0,213792677.0,785375950.0,0.008295010816157536,0.46999999999999886,1.5127132281943956,2.188606372706802
2023-10-26,31.43,31.8,31.09,31.36,2875636.0,93615370.0,785375950.0,0.0036614770289311763,-0.17999999999999972,-0.5707038681039944,2.2511097019657607
2023-10-27,30.95,32.09,30.95,31.86,5418866.0,178526824.0,785375950.0,0.006899709623142904,0.5,1.5943877551020336,3.6352040816326663
2023-10-30,31.82,32.55,31.68,32.3,5438365.0,181984412.0,785375950.0,0.006924537223224113,0.4399999999999977,1.381042059008153,2.7306967984934007
2023-10-31,32.08,32.89,31.89,32.4,4557911.0,152849954.0,785375950.0,0.00580347666617497,0.10000000000000142,0.3095975232198178,3.0959752321981426
2023-11-01,32.56,33.11,32.47,32.88,5738993.0,195352003.0,785375950.0,0.00730731950730093,0.480000000000004,1.4814814814814836,1.9753086419753103
2023-11-02,32.7,32.98,32.43,32.61,2604010.0,88148434.0,785375950.0,0.003315622282551433,-0.2700000000000031,-0.8211678832116931,1.6727493917274854
2023-11-03,32.58,33.32,32.52,33.01,4485500.0,153804950.0,785375950.0,0.005711277509834621,0.3999999999999986,1.2266176019625874,2.4532352039251677
2023-11-06,33.01,33.26,32.59,32.82,4892467.0,166497844.0,785375950.0,0.006229458643341447,-0.18999999999999773,-0.5755831566191971,2.0296879733413955
2023-11-07,32.69,33.4,32.63,33.02,5082404.0,174451525.0,785375950.0,0.006471300782765248,0.20000000000000284,0.6093845216331495,2.3461304082876175
2023-11-08,33.06,33.55,32.88,33.03,4397255.0,151228742.0,785375950.0,0.005598917308328578,0.00999999999999801,0.030284675953962115,2.029073288915792
2023-11-09,32.99,33.54,32.79,33.26,4100511.0,141098119.0,785375950.0,0.005221080426514206,0.22999999999999687,0.6963366636391077,2.2706630336058127
2023-11-10,33.17,33.4,32.83,33.16,4066000.0,139463912.0,785375950.0,0.005177138413774957,-0.10000000000000142,-0.30066145520144527,1.7137702946482272
2023-11-13,33.11,33.3,32.84,33.0,3507229.0,119915004.0,785375950.0,0.004465668957650154,-0.1599999999999966,-0.4825090470446214,1.3872135102532985
2023-11-14,33.18,33.18,32.61,32.8,2835932.0,96374272.0,785375950.0,0.0036109228962256865,-0.20000000000000284,-0.60606060606061,1.727272727272728
2023-11-15,32.8,33.11,32.55,32.71,3653589.0,124313886.0,785375950.0,0.004652025568137145,-0.0899999999999963,-0.2743902439024226,1.7073170731707388
2023-11-16,32.72,32.78,32.28,32.42,2396251.0,80707552.0,785375950.0,0.0030510878261551045,-0.28999999999999915,-0.8865790278202335,1.5285845307245491
2023-11-17,32.42,32.58,32.17,32.51,2886830.0,97045686.0,785375950.0,0.0036757300755135168,0.0899999999999963,0.2776064157927083,1.2646514497223829
2023-11-20,32.49,32.85,32.11,32.49,3858097.0,129700965.0,785375950.0,0.004912420605698456,-0.01999999999999602,-0.061519532451537184,2.276222700707481
2023-11-21,32.58,32.78,32.31,32.49,4894801.0,165073490.0,785375950.0,0.0062324304684909185,0.0,0.0,1.4465989535241577
2023-11-22,32.3,32.39,31.75,32.05,3931961.0,130640291.0,785375950.0,0.005006469831422773,-0.44000000000000483,-1.3542628501077347,1.969836872883966
2023-11-23,32.04,32.24,31.83,32.09,3166850.0,105054298.0,785375950.0,0.0040322726969166806,0.04000000000000625,0.12480499219971186,1.2792511700468134
2023-11-24,32.1,32.1,31.78,31.9,2170140.0,71809197.0,785375950.0,0.002763186216741167,-0.19000000000000483,-0.5920847616079916,0.9971953879713314
2023-11-27,31.9,31.91,31.32,31.62,5174820.0,169260420.0,785375950.0,0.006588971816618525,-0.2799999999999976,-0.8777429467084596,1.849529780564263
2023-11-28,31.52,31.87,31.36,31.66,5618539.0,184024616.0,785375950.0,0.007153948373387293,0.03999999999999915,0.12650221378873727,1.6129032258064564
2023-11-29,31.55,31.55,31.17,31.38,4299852.0,139675412.0,785375950.0,0.005474896449273753,-0.28000000000000114,-0.8843967150979237,1.200252684775739
2023-11-30,31.43,31.63,31.05,31.52,4671114.0,152392261.0,785375950.0,0.00594761527902656,0.14000000000000057,0.44614404079030834,1.8483110261312885
2023-12-01,31.35,31.52,30.64,31.21,8645739.0,278206954.0,785375950.0,0.011008408138802824,-0.3099999999999987,-0.9835025380710571,2.7918781725888295
2023-12-04,31.05,31.18,30.29,30.31,8057027.0,254930758.0,785375950.0,0.010258815539233154,-0.9000000000000021,-2.8836911246395425,2.8516501121435454
2023-12-05,30.28,30.31,29.42,29.64,9256222.0,285974540.0,785375950.0,0.011785721220518658,-0.6699999999999982,-2.210491586935004,2.936324645331564
2023-12-06,29.52,29.72,29.04,29.3,6181908.0,187633961.0,785375950.0,0.007871272350522065,-0.33999999999999986,-1.1470985155195623,2.2941970310391353
2023-12-07,29.28,29.28,28.66,28.72,8342878.0,249197758.0,785375950.0,0.010622782630407768,-0.5800000000000018,-1.979522184300353,2.116040955631403
2023-12-08,28.89,28.95,28.43,28.53,7134253.0,211587968.0,785375950.0,0.009083869960622043,-0.18999999999999773,-0.6615598885793772,1.8105849582172688
2023-12-11,28.14,28.45,27.38,28.0,13956248.0,402380773.0,785375950.0,0.017770149442442183,-0.5300000000000011,-1.8576936558009183,3.7504381352961804
2023-12-12,28.12,28.14,27.19,27.85,11829969.0,338491603.0,785375950.0,0.015062810364895946,-0.14999999999999858,-0.5357142857142838,3.3928571428571406
2023-12-13,27.58,27.77,26.65,26.67,13825048.0,386503347.0,785375950.0,0.017603095689395633,-1.1799999999999997,-4.236983842010766,4.021543985637346
2023-12-14,26.88,27.14,25.87,26.14,14772623.0,401522785.0,785375950.0,0.018809619775089877,-0.5300000000000011,-1.9872515935508095,4.76190476190476
2023-12-15,26.1,26.47,25.64,25.82,7824531.0,210296617.0,785375950.0,0.009962784065389321,-0.3200000000000003,-1.224177505738333,3.175210405508792
2023-12-18,25.76,25.76,24.86,24.89,11602706.0,303309839.0,785375950.0,0.014773441942040624,-0.9299999999999997,-3.601859024012388,3.485670023237809
2023-12-19,25.08,25.48,24.7,25.41,9803818.0,255959930.0,785375950.0,0.012482961822296697,0.5199999999999996,2.089192446765775,3.133788670148659
2023-12-20,25.59,25.63,24.14,24.14,11213048.0,286357144.0,785375950.0,0.01427729993514571,-1.2699999999999996,-4.998032270759545,5.863833136560403
2023-12-21,24.15,24.52,23.95,24.2,11034669.0,276777673.0,785375950.0,0.014050174314606909,0.05999999999999872,0.24855012427504874,2.3612261806130914
2023-12-22,24.2,24.49,23.79,24.23,9609456.0,240432865.0,785375950.0,0.012235485438534246,0.030000000000001137,0.12396694214875659,2.892561983471072
2023-12-25,24.25,25.34,24.1,24.95,9894372.0,255420363.0,785375950.0,0.012598262017063292,0.7199999999999989,2.9715229054890546,5.117622781675602
2023-12-26,24.79,24.9,24.36,24.44,4763755.0,121356344.0,785375950.0,0.006065572799880108,-0.509999999999998,-2.0440881763526986,2.1643286573146256
2023-12-27,24.52,25.4,24.41,25.21,10036006.0,260034897.0,785375950.0,0.012778601127269048,0.7699999999999996,3.1505728314239034,4.050736497545001
2023-12-28,26.72,27.33,25.65,26.82,28461553.0,780312488.0,785375950.0,0.03623939974225083,1.6099999999999994,6.3863546211820665,6.664022213407376
2023-12-29,26.55,27.3,26.55,27.09,11612588.0,325813015.0,785375950.0,0.014786024451092498,0.2699999999999996,1.0067114093959662,2.796420581655481
2024-01-02,26.91,27.19,26.52,26.65,8527499.0,236556400.0,785375950.0,0.010857856036971848,-0.4400000000000013,-1.624215577703958,2.4732373569582933
2024-01-03,26.52,26.8,26.34,26.7,7786216.0,214991740.0,785375950.0,0.009913998512432166,0.05000000000000071,0.18761726078799779,1.7260787992495343
2024-01-04,26.67,26.7,26.03,26.37,11149324.0,303867371.0,785375950.0,0.01419616172356691,-0.3299999999999983,-1.2359550561797716,2.5093632958801426
2024-01-05,26.21,26.55,25.27,25.39,10871358.0,290635529.0,785375950.0,0.013842234410157327,-0.9800000000000004,-3.7163443306788,4.854000758437622
2024-01-08,25.39,25.6,24.89,24.99,7698250.0,200030943.0,785375950.0,0.00980199355480646,-0.40000000000000213,-1.575423395037423,2.796376526191417
2024-01-09,24.97,25.24,24.49,24.84,9446096.0,243374056.0,785375950.0,0.012027483143582382,-0.14999999999999858,-0.6002400960384069,3.001200480192077
2024-01-10,24.68,26.13,24.39,25.55,14670004.0,389855750.0,785375950.0,0.018678957510731006,0.7100000000000009,2.8582930756843927,7.00483091787439
2024-01-11,25.44,25.73,24.97,25.06,9519300.0,249692953.0,785375950.0,0.012120692007439239,-0.490000000000002,-1.9178082191780854,2.97455968688846
2024-01-12,25.02,26.18,25.02,25.59,13547154.0,360768905.0,785375950.0,0.017249260051826136,0.5300000000000011,2.1149241819632847,4.628890662410217
2024-01-15,25.36,26.23,25.36,25.96,8705791.0,234414659.0,785375950.0,0.01108487088253721,0.370000000000001,1.4458772958186872,3.3997655334114927
2024-01-16,25.96,26.18,25.74,26.09,7523139.0,202532976.0,785375950.0,0.009579028998787141,0.129999999999999,0.500770416024654,1.694915254237293
2024-01-17,26.03,26.13,25.0,25.07,9526147.0,251858390.0,785375950.0,0.012129410125176357,-1.0199999999999996,-3.9095438865465626,4.33116136450747
2024-01-18,24.97,25.24,24.23,25.21,13037370.0,332380715.0,785375950.0,0.0166001645454002,0.14000000000000057,0.5584363781412138,4.028719585161539
2024-01-19,25.02,25.35,24.91,25.12,6762415.0,176166645.0,785375950.0,0.008610417724148544,-0.08999999999999986,-0.35700119000396935,1.7453391511305087
2024-01-22,25.07,25.12,23.24,23.24,17954417.0,445764867.0,785375950.0,0.02286092030192674,-1.8800000000000026,-7.484076433121034,7.484076433121029
2024-01-23,23.17,23.79,23.06,23.53,10738363.0,261210534.0,785375950.0,0.013672895127486397,0.2900000000000027,1.2478485370051695,3.1411359724612757
2024-01-24,23.64,24.21,22.8,23.57,12302935.0,299226064.0,785375950.0,0.015665026411873194,0.03999999999999915,0.16999575010623325,5.99235019124522
2024-01-25,23.47,23.81,23.45,23.67,16615705.0,407264171.0,785375950.0,0.021156371034789134,0.10000000000000142,0.42426813746287984,1.5273652948663532
2024-01-26,23.57,23.81,22.86,23.52,13351449.0,324307339.0,785375950.0,0.01700007365899096,-0.15000000000000213,-0.6337135614702283,4.013519222644694
2024-01-29,23.52,23.69,22.54,22.65,14131454.0,336168106.0,785375950.0,0.017993234959639393,-0.870000000000001,-3.6989795918367374,4.889455782312934
2024-01-30,22.56,22.62,21.65,21.78,11893849.0,273062622.0,785375950.0,0.015144147207461598,-0.8699999999999974,-3.8410596026489996,4.282560706401777
2024-01-31,22.18,22.57,21.17,21.18,13357105.0,300796388.0,785375950.0,0.017007275305539978,-0.6000000000000014,-2.754820936639124,6.427915518824603
2024-02-01,20.99,21.63,20.9,21.03,12419913.0,273180672.0,785375950.0,0.015813971639951543,-0.14999999999999858,-0.7082152974504208,3.4466477809254035
2024-02-02,21.23,22.42,20.28,21.11,22935615.0,510174497.0,785375950.0,0.029203357958694814,0.0799999999999983,0.3804089396100663,10.175939134569663
2024-02-05,21.02,21.18,19.77,20.54,19771647.0,420408780.0,785375950.0,0.025174754841932708,-0.5700000000000003,-2.700142112742776,6.679298910468972
2024-02-06,20.13,22.28,20.13,22.12,18435268.0,411962738.0,785375950.0,0.023473176126669017,1.5800000000000018,7.692307692307709,10.467380720545288
2024-02-07,22.22,23.22,22.2,22.88,21002761.0,497328655.0,785375950.0,0.026742302205714347,0.759999999999998,3.435804701627476,4.611211573236887
2024-02-08,22.8,24.1,22.8,23.81,18466267.0,452344886.0,785375950.0,0.023512646395652936,0.9299999999999997,4.064685314685312,5.681818181818185
2024-02-19,24.09,24.18,22.91,23.43,17846133.0,432943291.0,785375950.0,0.022723044931538837,-0.379999999999999,-1.595968080638388,5.333893322133556
2024-02-20,23.52,23.64,22.85,23.23,11282720.0,270522437.0,785375950.0,0.0143660115897361,-0.1999999999999993,-0.8536064874092975,3.3717456252667484
2024-02-21,23.24,24.74,23.01,24.09,12904408.0,322343068.0,785375950.0,0.016430867280822645,0.8599999999999994,3.70210934136892,7.447266465776998
2024-02-22,24.02,24.29,23.86,24.25,7789738.0,194633452.0,785375950.0,0.009918482988943066,0.16000000000000014,0.6641760066417701,1.7849730178497292
2024-02-23,24.2,24.52,23.86,24.52,9101810.0,228551926.0,785375950.0,0.011589112195248658,0.2699999999999996,1.1134020618556617,2.721649484536083
2024-02-26,24.53,24.63,23.95,24.01,10279701.0,258041860.0,785375950.0,0.013088892014073006,-0.509999999999998,-2.0799347471451846,2.7732463295269154
2024-02-27,23.96,24.12,23.6,24.12,11211871.0,277853185.0,785375950.0,0.014275801289815405,0.10999999999999943,0.45814244064972254,2.1657642648896274
2024-02-28,24.24,24.57,23.72,23.73,12983606.0,325096625.0,785375950.0,0.016531708158366704,-0.39000000000000057,-1.6169154228855787,3.5240464344942013
2024-02-29,23.48,24.41,23.43,24.4,10136101.0,253070531.0,785375950.0,0.012906049644122664,0.6699999999999982,2.8234302570585568,4.129793510324486
2024-03-01,24.25,24.76,24.03,24.37,10897727.0,275808219.0,785375950.0,0.01387580941331346,-0.029999999999997584,-0.12295081967211852,2.9918032786885265
2024-03-04,23.09,23.57,22.63,23.24,32255244.0,769792613.0,785375950.0,0.04106981376244078,-1.1300000000000026,-4.636848584325004,3.857201477226103
2024-03-05,23.24,23.86,23.18,23.62,12975622.0,317218671.0,785375950.0,0.016521542326321553,0.38000000000000256,1.6351118760757455,2.925989672977624
2024-03-06,23.4,23.72,23.07,23.46,9093763.0,220201560.0,785375950.0,0.011578866146843432,-0.16000000000000014,-0.6773920406435208,2.751905165114304
2024-03-07,23.47,23.58,22.92,22.92,7213702.0,173289657.0,785375950.0,0.00918503043033085,-0.5399999999999991,-2.3017902813299185,2.8132992327365582
2024-03-08,23.03,23.08,22.47,22.82,7363454.0,173397896.0,785375950.0,0.009375705991506361,-0.10000000000000142,-0.43630017452007674,2.6614310645724233
2024-03-11,22.8,23.77,22.66,23.61,10866430.0,263222259.0,785375950.0,0.013835959708213627,0.7899999999999991,3.461875547765114,4.864154250657315
2024-03-12,23.51,24.52,23.5,24.46,11202917.0,281043061.0,785375950.0,0.014264400380480201,0.8500000000000014,3.600169419737398,4.3202033036848775
2024-03-13,24.49,25.13,24.28,24.37,9166757.0,234062603.0,785375950.0,0.011671807622833371,-0.08999999999999986,-0.3679476696647588,3.475061324611602
2024-03-14,24.26,24.58,23.8,23.95,6517517.0,162998592.0,785375950.0,0.008298595086849807,-0.4200000000000017,-1.7234304472712458,3.2006565449322837
2024-03-15,23.92,24.14,23.63,23.96,5123731.0,126900522.0,785375950.0,0.006523921441699354,0.010000000000001563,0.041753653444676075,2.1294363256785034
2024-03-18,23.82,24.3,23.48,24.29,9279007.0,230260249.0,785375950.0,0.01181473280407937,0.3299999999999983,1.3772954924874625,3.4223706176961612
2024-03-19,24.09,24.67,24.09,24.33,7505966.0,190067657.0,785375950.0,0.009557163037650949,0.03999999999999915,0.16467682173733067,2.387813915191445
2024-03-20,24.3,24.47,24.11,24.19,6215679.0,156217628.0,785375950.0,0.007914272139349313,-0.13999999999999702,-0.5754212905877409,1.4796547472256452
2024-03-21,24.22,24.66,24.12,24.59,6527659.0,165344523.0,785375950.0,0.008311508647546439,0.3999999999999986,1.6535758577924664,2.2323274080198394
2024-03-22,24.59,24.59,23.67,23.96,9562900.0,238277021.0,785375950.0,0.012176206821713855,-0.629999999999999,-2.5620170801138653,3.741358275721831
2024-03-25,23.83,24.1,23.56,23.57,6856392.0,169471420.0,785375950.0,0.008730076341145919,-0.39000000000000057,-1.6277128547579345,2.2537562604340677
2024-03-26,23.58,23.72,23.24,23.49,7416162.0,180295367.0,785375950.0,0.009442817799551922,-0.08000000000000185,-0.33941450997030387,2.0364870598218094
2024-03-27,23.54,24.08,23.31,23.31,10464778.0,257048079.0,785375950.0,0.013324546034290966,-0.17999999999999972,-0.7662835249042099,3.277990634312472
2024-03-28,23.43,24.14,23.28,23.99,9375687.0,231890017.0,785375950.0,0.011937833084906662,0.6799999999999997,2.9172029172029212,3.689403689403687
2024-03-29,23.92,25.66,23.92,25.44,18967334.0,495749900.0,785375950.0,0.024150642759050617,1.4500000000000028,6.044185077115483,7.253022092538551
2024-04-01,26.76,27.27,26.35,27.06,27882699.0,775601595.0,785375950.0,0.03550235909311967,1.6199999999999974,6.367924528301883,3.616352201257854
2024-04-02,26.88,27.05,26.49,26.78,17448354.0,482852149.0,785375950.0,0.0222165626538475,-0.2799999999999976,-1.0347376201034653,2.0694752402069563
2024-04-03,26.79,27.4,26.55,27.28,15324939.0,428049854.0,785375950.0,0.019512870237495813,0.5,1.8670649738610878,3.1740104555638458
2024-04-08,27.28,27.33,26.41,26.45,10860059.0,302259396.0,785375950.0,0.013827847669641527,-0.8300000000000018,-3.0425219941349058,3.372434017595301
2024-04-09,26.23,26.44,25.7,26.06,11800269.0,317946980.0,785375950.0,0.015024994080860256,-0.39000000000000057,-1.4744801512287409,2.7977315689981173
2024-04-10,26.03,26.38,25.66,26.22,9213501.0,248800207.0,785375950.0,0.011731325615458432,0.16000000000000014,0.6139677666922472,2.7628549501151145
2024-04-11,26.03,26.61,25.92,26.15,11157347.0,304152415.0,785375950.0,0.014206377213358774,-0.07000000000000028,-0.2669717772692648,2.6315789473684124
2024-04-12,26.05,26.25,25.71,25.77,6595864.0,177397762.0,785375950.0,0.008398352406895068,-0.379999999999999,-1.453154875717011,2.0650095602294423
2024-04-15,25.98,26.7,25.72,26.19,10352701.0,280644932.0,785375950.0,0.013181841129716284,0.4200000000000017,1.6298020954598424,3.802871556072955
2024-04-16,26.13,26.21,25.22,25.27,10935304.0,291949463.0,785375950.0,0.013923655288909726,-0.9200000000000017,-3.5127911416571234,3.780068728522344
2024-04-17,25.25,25.7,24.93,25.2,11417473.0,298842454.0,785375950.0,0.014537589290835809,-0.07000000000000028,-0.27700831024930483,3.0470914127423807
2024-04-18,25.25,25.63,24.88,25.25,10845188.0,284599719.0,785375950.0,0.01380891278883699,0.05000000000000071,0.1984126984126977,2.9761904761904763
2024-04-19,25.08,25.41,24.57,25.26,13010114.0,337222410.0,785375950.0,0.016565460146825223,0.010000000000001563,0.03960396039603964,3.326732673267326
2024-04-22,25.17,26.49,25.07,26.09,13259779.0,358546638.0,785375950.0,0.016883352488703023,0.8299999999999983,3.2858273950910455,5.621536025336493
2024-04-23,26.67,27.12,26.11,26.56,17284292.0,477174354.0,785375950.0,0.02200766651945479,0.46999999999999886,1.8014564967420377,3.8712150249137665
2024-04-24,27.95,28.63,27.24,28.25,42455404.0,1236129945.0,785375950.0,0.05405742816545375,1.6900000000000013,6.362951807228923,5.233433734939761
2024-04-25,28.23,28.45,27.86,28.09,18872099.0,551031988.0,785375950.0,0.02402938236140284,-0.16000000000000014,-0.5663716814159336,2.088495575221238
2024-04-26,27.95,28.54,27.95,28.38,12931584.0,379823069.0,785375950.0,0.016465469817353078,0.28999999999999915,1.0323958704165248,2.100391598433606
2024-04-29,28.31,28.59,27.77,28.42,13658727.0,400465984.0,785375950.0,0.01739132322552021,0.0400000000000027,0.14094432699085502,2.8893587033121926
2024-04-30,28.39,29.02,28.17,28.44,11182106.0,332206456.0,785375950.0,0.014237902242868528,0.019999999999999574,0.07037297677692234,2.990851513018993
2024-05-06,28.58,29.53,28.58,28.85,14753140.0,445028879.0,785375950.0,0.018784812547417578,0.41000000000000014,1.441631504922647,3.3403656821378442
2024-05-07,28.71,29.04,28.4,28.54,8517502.0,253435635.0,785375950.0,0.010845127101230945,-0.3100000000000023,-1.0745233968804224,2.2183708838821508
2024-05-08,28.56,28.56,27.65,27.75,14428589.0,417838277.0,785375950.0,0.018371569692196457,-0.7899999999999991,-2.7680448493342613,3.188507358093904
2024-05-09,27.75,28.59,27.69,28.52,13261410.0,387817031.0,785375950.0,0.016885429201136094,0.7699999999999996,2.7747747747747686,3.2432432432432377
2024-05-10,28.63,28.81,27.89,28.32,8361441.0,245679016.0,785375950.0,0.010646418444567853,-0.1999999999999993,-0.7012622720897643,3.225806451612897
2024-05-13,28.15,28.15,27.36,27.43,12411485.0,354815125.0,785375950.0,0.01580324047355919,-0.8900000000000006,-3.1426553672316393,2.7895480225988667
2024-05-14,27.58,27.85,27.3,27.43,9501435.0,271501988.0,785375950.0,0.012097944939617772,0.0,0.0,2.0051039008385008
2024-05-15,27.45,27.57,27.06,27.1,6490000.0,183757651.0,785375950.0,0.008263558363354519,-0.3299999999999983,-1.2030623405030916,1.8592781625957038
2024-05-16,27.28,27.36,26.82,27.11,8562408.0,240815865.0,785375950.0,0.010902304813382686,0.00999999999999801,0.036900369003678435,1.9926199261992585
2024-05-17,27.11,27.29,26.37,27.11,11126746.0,309122129.0,785375950.0,0.014167413708046446,0.0,0.0,3.393581704168197
2024-05-20,27.17,27.6,26.83,27.01,10530385.0,296655820.0,785375950.0,0.013408081823743138,-0.09999999999999787,-0.3688675765400107,2.840280339358182
2024-05-21,26.89,27.3,26.61,26.98,6825950.0,190817660.0,785375950.0,0.008691315286647114,-0.030000000000001137,-0.11106997408367736,2.554609403924477
2024-05-22,27.11,27.26,26.8,27.17,6570585.0,181736718.0,785375950.0,0.008366165274095802,0.19000000000000128,0.7042253521126751,1.7049666419570082
2024-05-23,26.99,27.11,26.31,26.41,9596735.0,260259449.0,785375950.0,0.012219288100176737,-0.7600000000000016,-2.7972027972028024,2.9444239970555786
2024-05-24,26.23,26.54,26.02,26.21,6288986.0,169200141.0,785375950.0,0.008007612150588518,-0.1999999999999993,-0.7572889057175236,1.9689511548655794
2024-05-27,26.46,26.96,26.24,26.87,7154963.0,194611318.0,785375950.0,0.009110239497402486,0.6600000000000001,2.518122853872562,2.7470431133155375
2024-05-28,26.61,26.99,26.46,26.57,4968367.0,135207225.0,785375950.0,0.006326100258099322,-0.3000000000000007,-1.116486788239679,1.9724599925567459
2024-05-29,26.42,26.57,26.08,26.25,6349124.0,170564042.0,785375950.0,0.008084184396020785,-0.3200000000000003,-1.20436582611968,1.8441851712457733
2024-05-30,26.25,26.36,25.78,25.98,8941272.0,237560056.0,785375950.0,0.011384703083917962,-0.2699999999999996,-1.0285714285714231,2.209523809523803
2024-05-31,25.86,26.25,25.81,25.83,5260399.0,139797168.0,785375950.0,0.006697937465490253,-0.15000000000000213,-0.5773672055427337,1.693610469591999
2024-06-03,25.86,26.05,25.36,25.63,10040659.0,262985287.0,785375950.0,0.01278452567843464,-0.1999999999999993,-0.7742934572202875,2.6713124274099935
2024-06-04,25.72,26.94,25.53,26.84,14936228.0,404800214.0,785375950.0,0.019017934022553147,1.2100000000000009,4.7210300429184615,5.501365587202498
2024-06-05,26.77,27.33,26.53,26.59,6504368.0,178542445.0,785375950.0,0.008281852786554007,-0.25,-0.9314456035767527,2.980625931445593
2024-06-06,26.46,26.69,26.16,26.4,7663397.0,206603472.0,785375950.0,0.009757616081826799,-0.19000000000000128,-0.7145543437382496,1.9932305377961683
2024-06-07,26.6,26.78,25.86,26.13,6312100.0,169465941.0,785375950.0,0.008037042641807405,-0.2699999999999996,-1.0227272727272751,3.4848484848484915
2024-06-11,26.25,26.49,25.67,26.4,7523833.0,200597464.0,785375950.0,0.00957991265202353,0.2699999999999996,1.0332950631458004,3.1381553769613344
2024-06-12,26.29,26.47,25.9,26.11,6071127.0,162261306.0,785375950.0,0.007730217611068941,-0.28999999999999915,-1.0984848484848486,2.15909090909091
2024-06-13,26.11,26.67,25.68,25.81,9918173.0,264149061.0,785375950.0,0.012628567248589672,-0.3000000000000007,-1.1489850631941856,3.791650708540797
2024-06-14,25.81,26.23,25.34,25.82,23939199.0,628861291.0,785375950.0,0.030481196935047476,0.010000000000001563,0.038744672607515795,3.4482758620689675
2024-06-17,25.52,25.69,25.05,25.62,11510018.0,299686552.0,785375950.0,0.014655424577235909,-0.1999999999999993,-0.774593338497287,2.4786986831913267
2024-06-18,25.62,25.81,24.82,24.89,12962359.0,334335868.0,785375950.0,0.01650465487261228,-0.7300000000000004,-2.849336455893836,3.864168618266973
2024-06-19,24.9,25.0,24.58,24.74,6783947.0,172002375.0,785375950.0,0.00863783389343664,-0.15000000000000213,-0.6026516673362847,1.6874246685415897
2024-06-20,24.76,24.85,24.13,24.22,9345975.0,232618362.0,785375950.0,0.01190000152156429,-0.5199999999999996,-2.1018593371059047,2.910266774454335
2024-06-21,24.42,24.48,23.95,24.23,4992136.0,123411899.0,773141528.0,0.006456949755258781,0.010000000000001563,0.041288191577204536,2.1882741535920776
2024-06-24,23.9,23.96,23.5,23.66,7914805.0,191770822.0,773141528.0,0.010237200710812161,-0.5700000000000003,-2.352455633512174,1.8984729673957936
2024-06-25,23.6,23.69,22.62,23.03,18379932.0,431463701.0,773141528.0,0.02377304973844323,-0.629999999999999,-2.6627218934911157,4.522400676246831
2024-06-26,23.03,23.08,22.29,22.4,14292171.0,329023809.0,773141528.0,0.018485840538111673,-0.6300000000000026,-2.735562310030404,3.4303082935301745
2024-06-27,23.03,23.12,22.25,22.56,20234565.0,469342864.0,773141528.0,0.02617187703310124,0.16000000000000014,0.7142857142857117,3.8839285714285765
2024-06-28,22.56,22.87,22.16,22.19,12624249.0,290299070.0,770987950.0,0.016374119725217497,-0.36999999999999744,-1.6400709219858034,3.1471631205673796
2024-07-01,22.28,22.48,21.61,21.88,11492427.0,257999529.0,770987950.0,0.014906104563631636,-0.3100000000000023,-1.3970256872465225,3.9206849932402026
2024-07-02,21.81,22.56,21.54,22.2,11549231.0,262692688.0,770987950.0,0.014979781460916478,0.3200000000000003,1.4625228519195677,4.6617915904936
2024-07-03,22.15,22.26,21.83,21.9,6630441.0,149209172.0,770987950.0,0.008599928183053964,-0.3000000000000007,-1.3513513513513598,1.9369369369369518
2024-07-04,21.89,22.0,20.93,21.01,15156834.0,328732085.0,770987950.0,0.019658976511889713,-0.889999999999997,-4.06392694063925,4.8858447488584495
2024-07-05,21.02,21.07,20.44,20.95,11385167.0,241282730.0,770987950.0,0.014766984360780217,-0.060000000000002274,-0.2855782960495157,2.998572108519747
2024-07-08,20.89,21.01,20.54,20.7,7083791.0,150317845.0,770987950.0,0.00918793996715513,-0.25,-1.1933174224343701,2.2434367541766225
2024-07-09,20.6,21.1,20.56,20.97,9428583.0,201415389.0,770987950.0,0.012229222259569687,0.2699999999999996,1.304347826086949,2.608695652173926
2024-07-10,19.17,19.69,18.88,19.24,48044969.0,945109254.0,770987950.0,0.062316108831532324,-1.7300000000000004,-8.24988078206963,3.862660944206019
2024-07-11,19.21,19.3,18.53,19.04,31316753.0,605063818.0,770987950.0,0.040618991516015265,-0.1999999999999993,-1.039501039501034,4.002079002079
2024-07-12,19.0,19.47,18.8,19.29,17270792.0,337484313.0,770987950.0,0.022400858534818865,0.25,1.313025210084029,3.5189075630252002
2024-07-15,19.24,19.31,18.71,18.82,11914941.0,230022966.0,770987950.0,0.015454120910709435,-0.46999999999999886,-2.436495593571797,3.1104199066873917
2024-07-16,18.87,18.91,18.52,18.64,13561921.0,258175800.0,770987950.0,0.017590315127493237,-0.17999999999999972,-0.9564293304994642,2.0722635494155184
2024-07-17,18.59,19.36,18.58,19.19,15994238.0,311391731.0,770987950.0,0.020745120594945744,0.5500000000000007,2.9506437768240357,4.184549356223182
2024-07-18,19.16,19.22,18.88,19.2,9707885.0,189480416.0,770987950.0,0.012591487324801899,0.00999999999999801,0.05211047420530246,1.7717561229807184
2024-07-19,19.17,19.68,19.04,19.35,17283813.0,343680438.0,770987950.0,0.02241774725532351,0.15000000000000213,0.7812500000000222,3.3333333333333366
2024-07-22,19.32,19.43,18.97,19.13,9740215.0,191346909.0,770987950.0,0.012633420535301492,-0.22000000000000242,-1.136950904392775,2.377260981912149
2024-07-23,19.03,19.12,17.93,18.1,19376916.0,365202041.0,770987950.0,0.02513257956885059,-1.0299999999999976,-5.384213277574479,6.220595922634612
2024-07-24,18.14,18.19,17.66,17.68,14771797.0,269668174.0,770987950.0,0.01915956922543342,-0.4200000000000017,-2.3204419889502836,2.9281767955801166
2024-07-25,17.67,18.07,17.49,17.79,8766213.0,159632038.0,770987950.0,0.01137010377399543,0.10999999999999943,0.6221719457013553,3.28054298642535
2024-07-26,17.87,18.2,17.81,17.98,7319140.0,134466461.0,770987950.0,0.009493196359294591,0.19000000000000128,1.0680157391793177,2.19224283305228
2024-07-29,17.96,17.98,17.63,17.64,6995168.0,126758211.0,770987950.0,0.009072992645345494,-0.33999999999999986,-1.8909899888765236,1.9466073414905531
2024-07-30,17.63,18.0,17.36,17.96,8761891.0,159090936.0,770987950.0,0.011364497979507981,0.3200000000000003,1.8140589569161092,3.6281179138322024
2024-07-31,17.97,19.39,17.9,19.22,18282152.0,352626435.0,770987950.0,0.02371263000932764,1.259999999999998,7.015590200445421,8.296213808463262
2024-08-01,19.16,19.26,18.46,18.56,16516987.0,315807769.0,770987950.0,0.021423145459017873,-0.6600000000000001,-3.433922996878258,4.162330905306976
2024-08-02,18.36,18.83,18.31,18.41,9291571.0,176593747.0,770987950.0,0.012051512607946726,-0.14999999999999858,-0.8081896551724088,2.8017241379310325
2024-08-05,18.5,19.21,18.46,18.61,15659831.0,301079887.0,770987950.0,0.020311382298517117,0.1999999999999993,1.086366105377512,4.073872895165671
2024-08-06,18.77,19.24,18.77,19.23,19470944.0,380123557.0,770987950.0,0.02525453737636237,0.620000000000001,3.331542181622793,2.5255239118753297
2024-08-07,19.23,19.46,19.04,19.27,12247532.0,241259187.0,770987950.0,0.01588550378770511,0.03999999999999915,0.2080083203328087,2.1840873634945486
2024-08-08,19.24,19.64,19.03,19.36,12175474.0,240731278.0,770987950.0,0.015792041885998347,0.08999999999999986,0.4670472236637302,3.165542293720806
2024-08-09,19.37,19.46,18.72,18.77,17878519.0,345984053.0,770987950.0,0.023189103020352004,-0.5899999999999999,-3.0475206611570216,3.822314049586787
2024-08-12,18.68,18.77,18.5,18.65,7335334.0,139702073.0,770987950.0,0.009514200578621235,-0.120000000000001,-0.6393180607352167,1.4384656366542332
2024-08-13,18.66,18.72,18.01,18.31,11007657.0,204750970.0,770987950.0,0.014277339872821619,-0.33999999999999986,-1.8230563002681,3.8069705093833637
2024-08-14,18.26,18.31,17.66,17.67,13306719.0,242275087.0,770987950.0,0.017259308657158648,-0.639999999999997,-3.4953577280174564,3.549972692517742
2024-08-15,17.62,18.02,17.45,17.61,14571329.0,262948743.0,770987950.0,0.01889955478551902,-0.060000000000002274,-0.3395585738540041,3.2258064516129044
2024-08-16,17.52,17.6,17.29,17.32,11369500.0,202408406.0,770987950.0,0.014746663680022495,-0.28999999999999915,-1.6467915956842605,1.7603634298694053
2024-08-19,17.38,17.71,17.08,17.14,10343138.0,182887733.0,770987950.0,0.01341543405444923,-0.17999999999999972,-1.0392609699769073,3.637413394919183
2024-08-20,17.19,17.19,16.72,16.77,8956724.0,154450834.0,770987950.0,0.01161720361517972,-0.370000000000001,-2.1586931155192612,2.7421236872812274
2024-08-21,16.72,16.8,16.57,16.61,6098600.0,103969354.0,770987950.0,0.007910110657371494,-0.16000000000000014,-0.9540846750149101,1.3714967203339323
2024-08-22,16.64,16.77,16.42,16.47,8280316.0,140104422.0,770987950.0,0.01073987732233688,-0.14000000000000057,-0.8428657435279985,2.107164358819975
2024-08-23,16.36,16.82,16.31,16.78,10534958.0,178555319.0,770987950.0,0.013664231717240198,0.3100000000000023,1.8822100789314122,3.0965391621129426
2024-08-26,16.78,16.91,16.57,16.7,7359033.0,125667121.0,770987950.0,0.009544939061628654,-0.08000000000000185,-0.47675804529202503,2.02622169249106
2024-08-27,16.62,16.66,16.21,16.35,9186704.0,153683367.0,770987950.0,0.011915496214953813,-0.34999999999999787,-2.0958083832335217,2.6946107784431095
2024-08-28,16.27,16.45,16.04,16.33,7227064.0,120133526.0,770987950.0,0.009373770368265807,-0.020000000000003126,-0.12232415902142524,2.5076452599388386
2024-08-29,16.24,16.9,16.15,16.8,11128800.0,189692566.0,770987950.0,0.014434466842186055,0.4700000000000024,2.8781383955909456,4.592774035517453
2024-08-30,16.79,17.67,16.58,17.18,20365021.0,358904972.0,770987950.0,0.02641418844483886,0.379999999999999,2.261904761904754,6.488095238095258
2024-09-02,17.18,17.19,16.4,16.4,12805403.0,218723404.0,770987950.0,0.016609083189951284,-0.7800000000000011,-4.54016298020955,4.598370197904556
2024-09-03,16.39,16.94,16.36,16.76,8980158.0,153707205.0,770987950.0,0.011647598383346978,0.360000000000003,2.1951219512195363,3.53658536585367
2024-09-04,16.65,16.86,16.48,16.53,7294167.0,123865333.0,770987950.0,0.009460805450980136,-0.23000000000000043,-1.3723150357995206,2.2673031026252923
2024-09-05,16.46,16.99,16.46,16.69,8975000.0,154196825.0,770987950.0,0.011640908265816605,0.16000000000000014,0.9679370840895318,3.2062915910465675
2024-09-06,16.72,16.77,16.38,16.39,6370811.0,107532186.0,770987950.0,0.008263178432295862,-0.3000000000000007,-1.797483523067711,2.3367285799880197
2024-09-09,16.23,16.49,16.15,16.28,6823529.0,114061459.0,770987950.0,0.008850370488929171,-0.10999999999999943,-0.6711409395973145,2.0744356314826105
2024-09-10,16.36,16.6,15.89,16.52,11040277.0,183354363.0,770987950.0,0.01431964922408969,0.23999999999999844,1.4742014742014753,4.361179361179366
2024-09-11,16.36,16.84,16.22,16.7,9242112.0,156956592.0,770987950.0,0.01198736244840143,0.17999999999999972,1.0895883777239712,3.7530266343825724
2024-09-12,16.61,16.89,16.33,16.33,7390276.0,125275061.0,770987950.0,0.009585462392765023,-0.370000000000001,-2.215568862275452,3.3532934131736662
2024-09-13,16.48,16.5,15.89,15.89,10008400.0,164651676.0,770987950.0,0.012981266438729685,-0.4399999999999977,-2.6944274341702212,3.7354562155541915
2024-09-18,15.9,16.01,15.72,15.97,5644000.0,91485663.0,770987950.0,0.007320477576854476,0.08000000000000007,0.5034612964128327,1.8250471994965445
2024-09-19,16.05,17.0,15.97,16.72,19076452.0,324694790.0,770987950.0,0.024742866603816572,0.7499999999999982,4.696305572949266,6.44959298685034
2024-09-20,16.62,16.91,16.51,16.78,8572613.0,146433854.0,770987950.0,0.01111899738510829,0.060000000000002274,0.3588516746411585,2.392344497607647
2024-09-23,16.76,17.04,16.53,16.63,8734779.0,149739850.0,770987950.0,0.01132933270876672,-0.15000000000000213,-0.8939213349225428,3.0393325387365793
2024-09-24,16.85,17.46,16.64,17.46,17299515.0,303112239.0,770987950.0,0.022438113332380875,0.8300000000000018,4.99098015634396,4.9308478653036705
2024-09-25,17.66,17.94,17.61,17.61,19867604.0,361139735.0,770987950.0,0.025769020125411816,0.14999999999999858,0.8591065292096189,1.890034364261179
2024-09-26,17.51,19.37,17.48,19.37,37193599.0,708862240.0,770987950.0,0.0482414790010661,1.7600000000000016,9.994321408290752,10.732538330494041
2024-09-27,20.05,20.91,19.64,20.88,22557554.0,469669450.0,770987950.0,0.02925798516046846,1.509999999999998,7.795560144553426,6.556530717604541
2024-09-30,22.16,22.97,21.58,22.81,53237797.0,1220031074.0,770987950.0,0.06905139957116062,1.9299999999999997,9.243295019157083,6.6570881226053675
2024-10-08,25.09,25.09,21.85,23.04,61946261.0,1490863426.0,770987950.0,0.08034660074778081,0.23000000000000043,1.0083296799649366,14.204296361245062
2024-10-09,22.49,22.49,20.88,20.89,40168268.0,887836519.0,770987950.0,0.052099735151502694,-2.1499999999999986,-9.331597222222221,6.98784722222222
2024-10-10,21.13,21.89,20.61,21.46,27043011.0,591167230.0,770987950.0,0.035075789446514696,0.5700000000000003,2.7285782671134573,6.1273336524653
2024-10-11,21.46,21.85,20.53,21.55,24787792.0,537975049.0,770987950.0,0.03215068666118582,0.08999999999999986,0.41938490214352697,6.150978564771669
2024-10-14,21.57,22.33,21.3,21.58,24788798.0,551575032.0,770987950.0,0.0321519914805413,0.029999999999997584,0.13921113689094877,4.779582366589316
2024-10-15,21.48,21.54,20.74,20.81,17170247.0,371957238.0,770987950.0,0.0222704479363134,-0.7699999999999996,-3.5681186283595956,3.707136237256723
2024-10-16,20.68,20.99,20.33,20.55,13479881.0,284366933.0,770987950.0,0.017483906201128045,-0.259999999999998,-1.2493993272465032,3.1715521383950036
2024-10-17,20.71,20.73,20.1,20.14,12024100.0,250938035.0,770987950.0,0.015595704187075817,-0.41000000000000014,-1.9951338199513335,3.0656934306569292
2024-10-18,20.14,21.0,19.93,20.55,20868115.0,435098098.0,770987950.0,0.027066720044068134,0.41000000000000014,2.0357497517378365,5.3128103277060585
2024-10-21,20.63,21.04,20.31,20.82,15942742.0,338181719.0,770987950.0,0.020678328370761178,0.2699999999999996,1.3138686131386912,3.5523114355231167
2024-10-22,20.73,21.67,20.73,21.66,20674375.0,452561795.0,770987950.0,0.026815432069982416,0.8399999999999999,4.034582132564846,4.514889529298757
2024-10-23,21.66,22.42,21.39,22.1,19190477.0,432734937.0,770987950.0,0.02489076126287058,0.4400000000000013,2.031394275161591,4.755309325946451
2024-10-24,22.0,22.78,21.93,22.43,17766004.0,407462623.0,770987950.0,0.023043166887368342,0.3299999999999983,1.4932126696832526,3.8461538461538525
2024-10-25,22.87,23.5,22.31,23.34,25619159.0,602769417.0,770987950.0,0.033229000531071855,0.9100000000000001,4.057066428889877,5.305394560856002
2024-10-28,22.88,23.12,22.1,22.95,35625230.0,822727848.0,770987950.0,0.04620724617031952,-0.39000000000000057,-1.6709511568123392,4.370179948586117
2024-10-29,22.92,23.07,22.1,22.15,20294749.0,469293881.0,770987950.0,0.026323043051451063,-0.8000000000000007,-3.4858387799564294,4.226579520697163
2024-10-30,22.19,22.55,21.9,22.11,10616689.0,240703564.0,770987950.0,0.013770239859131391,-0.03999999999999915,-0.18058690744920947,2.934537246049671
2024-10-31,21.94,22.49,21.85,22.36,14317327.0,325717824.0,770987950.0,0.01857010475974365,0.25,1.1307100859339725,2.8946178199909407
2024-11-01,22.2,22.49,21.71,21.84,15506512.0,350214174.0,770987950.0,0.02011252186237152,-0.5199999999999996,-2.3255813953488302,3.488372093023245
2024-11-04,21.89,22.63,21.89,22.55,15189149.0,347424918.0,770987950.0,0.019700890266832315,0.7100000000000009,3.2509157509157616,3.388278388278381
2024-11-05,22.46,23.15,22.1,22.87,22823691.0,530489953.0,770987950.0,0.02960317473184892,0.3200000000000003,1.419068736141904,4.656319290465619
2024-11-06,22.88,22.92,22.16,22.56,28592994.0,657091319.0,770987950.0,0.03708617495253979,-0.3100000000000023,-1.3554875382597364,3.323130738959342
2024-11-07,22.28,24.25,22.28,23.99,35658741.0,858927732.0,770987950.0,0.046250711181672816,1.4299999999999997,6.338652482269502,8.732269503546094
2024-11-08,24.15,24.32,23.57,23.66,23017228.0,561871845.0,770987950.0,0.029854199407396705,-0.3299999999999983,-1.3755731554814465,3.1263026260942057
2024-11-11,23.17,23.61,22.99,23.47,19642913.0,468731779.0,770987950.0,0.025477587555032474,-0.19000000000000128,-0.8030431107354241,2.620456466610317
2024-11-12,23.47,23.91,22.92,23.21,17885701.0,428500940.0,770987950.0,0.02319841834103892,-0.259999999999998,-1.1077971878994397,4.218150830847884
2024-11-13,23.03,23.19,22.81,23.12,10530001.0,247630178.0,770987950.0,0.013657802304173496,-0.08999999999999986,-0.38776389487289453,1.637225333907809
2024-11-14,23.12,23.17,22.59,22.68,11227097.0,262954480.0,770987950.0,0.01456196170121725,-0.4400000000000013,-1.903114186851218,2.50865051903115
2024-11-15,22.64,23.03,22.48,22.48,10594580.0,246450196.0,770987950.0,0.013741563665164935,-0.1999999999999993,-0.8818342151675429,2.425044091710762
2024-11-18,22.49,22.66,21.21,21.4,22065678.0,492272832.0,770987950.0,0.028620003723793606,-1.0800000000000018,-4.804270462633465,6.450177935943058
2024-11-19,21.4,21.86,21.28,21.84,12862431.0,283003882.0,770987950.0,0.016683050623553845,0.4400000000000013,2.0560747663551426,2.710280373831768
2024-11-20,21.79,21.9,21.61,21.75,9498800.0,211151473.0,770987950.0,0.012320296315915184,-0.08999999999999986,-0.4120879120879106,1.327838827838824
2024-11-21,21.92,22.18,21.66,21.84,9213218.0,205925641.0,770987950.0,0.01194988585748973,0.08999999999999986,0.4137931034482678,2.3908045977011474
2024-11-22,21.79,21.95,21.01,21.02,10196446.0,223949295.0,770987950.0,0.013225169083381913,-0.8200000000000003,-3.7545787545787523,4.304029304029293
2024-11-25,21.03,21.2,20.63,20.89,10457534.0,223437566.0,770987950.0,0.013563809914279464,-0.129999999999999,-0.618458610846806,2.711703139866795
2024-11-26,20.55,21.44,20.55,20.98,10136545.0,219107416.0,770987950.0,0.013147475262097157,0.08999999999999986,0.43082814743895526,4.260411680229778
2024-11-27,20.91,21.73,20.69,21.71,12650470.0,276379270.0,770987950.0,0.016408129335873538,0.7300000000000004,3.4795042897998174,4.9571020019065735
2024-11-28,21.6,21.83,21.35,21.4,8223785.0,181213637.0,770987950.0,0.010666554516189261,-0.3100000000000023,-1.4279134039613228,2.2109626900045916
2024-11-29,21.41,23.16,21.4,23.01,34001210.0,782087722.0,770987950.0,0.04410083192610209,1.610000000000003,7.523364485981321,8.224299065420569
2024-12-02,22.96,23.36,22.64,23.11,14700685.0,347183946.0,770987950.0,0.01906733432085417,0.09999999999999787,0.4345936549326357,3.129074315514988
2024-12-03,22.98,23.26,22.69,22.98,12459062.0,292949469.0,770987950.0,0.016159866052381233,-0.129999999999999,-0.5625270445694497,2.466464733881438
2024-12-04,22.98,22.99,22.29,22.49,13826848.0,319262545.0,770987950.0,0.017933935283943155,-0.490000000000002,-2.1322889469103656,3.046127067014792
2024-12-05,22.39,22.64,22.15,22.43,9380046.0,215011301.0,770987950.0,0.012166267968260723,-0.05999999999999872,-0.2667852378834934,2.1787461093819562
2024-12-06,22.37,22.98,22.29,22.7,11030407.0,256062024.0,770987950.0,0.014306847467590122,0.2699999999999996,1.2037449843959047,3.0762371823450794
2024-12-09,23.47,24.3,23.01,23.1,20002351.0,479645522.0,770987950.0,0.025943791987929253,0.40000000000000213,1.7621145374449476,5.6828193832599085
2024-12-10,24.23,24.4,23.57,23.6,25860101.0,636389236.0,770987950.0,0.033541511251894404,0.5,2.164502164502169,3.5930735930735853
2024-12-11,23.57,24.52,23.46,24.01,19521696.0,481578255.0,770987950.0,0.02532036460492022,0.41000000000000014,1.737288135593218,4.491525423728808
2024-12-12,24.01,24.6,23.66,24.46,21662141.0,534952503.0,770987950.0,0.028096601250382706,0.4499999999999993,1.8742190753852528,3.9150354019158735
2024-12-13,24.45,24.53,23.81,23.89,17561461.0,432985938.0,770987950.0,0.02277786702113827,-0.5700000000000003,-2.3303352412101352,2.94358135731808
2024-12-16,23.89,23.89,23.22,23.57,14514380.0,349227695.0,770987950.0,0.01882568981784994,-0.3200000000000003,-1.3394725826705756,2.8045207199665203
2024-12-17,23.54,23.68,23.11,23.19,9438480.0,225439650.0,770987950.0,0.012242059036071834,-0.379999999999999,-1.6122189223589212,2.4183283835383973
2024-12-18,23.35,23.53,23.09,23.12,6338580.0,150645226.0,770987950.0,0.008221373628472403,-0.07000000000000028,-0.3018542475204833,1.8973695558430412
2024-12-19,22.93,23.27,22.73,23.17,7848224.0,184610363.0,770987950.0,0.010179437953602257,0.05000000000000071,0.21626297577854725,2.3356401384083005
2024-12-20,23.07,23.47,23.01,23.17,7230441.0,171674872.0,770987950.0,0.009378150462662873,0.0,0.0,1.9853258523953268
2024-12-23,23.01,23.17,22.69,22.74,7261101.0,170295899.0,770987950.0,0.009417917621150889,-0.43000000000000327,-1.8558480794130472,2.071644367716877
2024-12-24,22.69,23.14,22.66,22.92,7145800.0,167394779.0,770987950.0,0.009268367942715577,0.18000000000000327,0.7915567282322122,2.110817941952509
2024-12-25,22.89,22.94,22.34,22.61,8031000.0,185503398.0,770987950.0,0.010416505212565255,-0.3100000000000023,-1.3525305410122312,2.617801047120425
2024-12-26,22.6,22.77,22.43,22.75,5858800.0,135420593.0,770987950.0,0.007599081152954466,0.14000000000000057,0.6191950464396356,1.50375939849624
2024-12-27,22.79,22.91,22.47,22.74,8735600.0,202761922.0,770987950.0,0.01133039757625265,-0.010000000000001563,-0.04395604395605046,1.9340659340659396
2024-12-30,22.75,22.84,22.25,22.37,11397932.0,261826508.0,770987950.0,0.014783541039778896,-0.36999999999999744,-1.6270888302550413,2.5945470536499555
2024-12-31,22.39,22.44,21.48,21.53,12821861.0,286369862.0,770987950.0,0.016630429827080954,-0.8399999999999999,-3.755029056772463,4.291461779168533
2025-01-02,21.51,21.99,21.02,21.24,12212586.0,269287177.0,770987950.0,0.015840177528066424,-0.2900000000000027,-1.346957733395271,4.505341384115183
2025-01-03,21.39,21.54,20.65,20.79,12083759.0,260208952.0,770987950.0,0.01567308412537446,-0.4499999999999993,-2.1186440677966045,4.190207156308854
2025-01-06,20.79,21.02,20.32,20.47,8860460.0,186651566.0,770987950.0,0.011492345632639265,-0.3200000000000003,-1.5392015392015401,3.3670033670033637
2025-01-07,20.34,20.68,20.3,20.58,7337084.0,153839941.0,770987950.0,0.009516470393603428,0.10999999999999943,0.5373717635564157,1.8563751831949145
2025-01-08,20.51,20.68,19.86,20.59,11333766.0,235687196.0,770987950.0,0.014700315355123254,0.010000000000001563,0.04859086491739717,3.9844509232264356
2025-01-09,20.41,21.22,20.35,21.12,10513489.0,225962635.0,770987950.0,0.013636385627038658,0.5300000000000011,2.574065080136001,4.225352112676044
2025-01-10,21.2,21.4,20.85,20.92,9247700.0,199696675.0,770987950.0,0.011994610291898855,-0.1999999999999993,-0.9469696969696906,2.604166666666653
2025-01-13,20.92,21.3,20.7,20.81,8614871.0,184178838.0,770987950.0,0.011173807580261144,-0.11000000000000298,-0.5258126195028856,2.868068833652014
2025-01-14,20.93,21.49,20.65,21.25,8231400.0,178239085.0,770987950.0,0.010676431453954631,0.4400000000000013,2.11436809226333,4.03652090341182
2025-01-15,21.28,21.28,20.62,20.76,10917983.0,232287643.0,770987950.0,0.014161029364985535,-0.48999999999999844,-2.3058823529411687,3.105882352941177
2025-01-16,20.79,21.11,20.53,20.61,7901851.0,168071539.0,770987950.0,0.01024899416391657,-0.15000000000000213,-0.7225433526011682,2.7938342967244614
2025-01-17,20.59,21.89,20.47,21.56,18211693.0,396704528.0,770987950.0,0.023621242069996034,0.9499999999999993,4.609412906356125,6.889859291606025
2025-01-20,21.6,21.79,21.08,21.19,11212450.0,245331329.0,770987950.0,0.014542963998334863,-0.36999999999999744,-1.7161410018552758,3.293135435992583
2025-01-21,21.37,21.4,20.88,21.27,7442196.0,160667317.0,770987950.0,0.009652804560693848,0.0799999999999983,0.3775365738555747,2.4539877300613475
2025-01-22,21.25,21.53,21.15,21.38,7749025.0,169080793.0,770987950.0,0.010050773167077384,0.10999999999999943,0.5171603196991059,1.7865538316878353
2025-01-23,21.61,21.76,21.22,21.23,6833407.0,150048395.0,770987950.0,0.0088631826217258,-0.14999999999999858,-0.7015902712815603,2.5257249766136707
2025-01-24,21.23,21.38,20.5,20.57,19540854.0,415491568.0,770987950.0,0.025345213242308134,-0.6600000000000001,-3.1088082901554404,4.145077720207249
2025-01-27,20.59,21.08,20.58,20.65,10424244.0,222175293.0,770987950.0,0.013520631548132496,0.0799999999999983,0.3889158969372808,2.4307243558580454
2025-02-05,20.7,20.8,20.2,20.32,9121611.0,189894029.0,770987950.0,0.011831068176876175,-0.3299999999999983,-1.5980629539951496,2.9055690072639297
2025-02-06,20.34,20.81,20.26,20.66,9165051.0,192695453.0,770987950.0,0.01188741146991986,0.33999999999999986,1.67322834645669,2.7066929133858126
2025-02-07,20.66,20.95,20.51,20.73,11934960.0,252935667.0,770987950.0,0.015480086297068586,0.07000000000000028,0.33881897386254245,2.1297192642787883
2025-02-10,20.77,20.84,20.6,20.75,9443000.0,200206209.0,770987950.0,0.012247921643911554,0.019999999999999574,0.09647853352627855,1.1577424023154772
2025-02-11,20.75,20.86,20.21,20.27,12099602.0,252020818.0,770987950.0,0.015693633084667535,-0.4800000000000004,-2.3132530120481998,3.132530120481921
2025-02-12,20.2,20.35,20.03,20.35,11592325.0,239093850.0,770987950.0,0.015035675979112255,0.08000000000000185,0.3946719289590561,1.5786877158362127
2025-02-13,20.36,20.55,20.26,20.4,10369636.0,216550566.0,770987950.0,0.013449802944391024,0.04999999999999716,0.24570024570023108,1.4250614250614209
2025-02-14,20.29,20.46,20.14,20.26,10383902.0,215207390.0,770987950.0,0.013468306476125859,-0.13999999999999702,-0.686274509803908,1.5686274509803935
2025-02-17,20.29,20.44,20.05,20.12,11267141.0,232654806.0,770987950.0,0.014613900256158349,-0.14000000000000057,-0.691016781836129,1.9249753208292228
2025-02-18,20.1,20.12,19.48,19.56,15403902.0,311307749.0,770987950.0,0.01997943288218707,-0.5600000000000023,-2.7833001988071704,3.1809145129224676
2025-02-19,19.59,19.78,19.55,19.74,8210270.0,165168163.0,770987950.0,0.01064902505934107,0.17999999999999972,0.9202453987730008,1.175869120654399
2025-02-20,19.75,19.96,19.66,19.79,7747660.0,156786587.0,770987950.0,0.010049002711391274,0.05000000000000071,0.2532928064842954,1.5197568389057787
2025-02-21,19.83,20.01,19.6,19.72,10479510.0,211439716.0,770987950.0,0.013592313602307273,-0.07000000000000028,-0.3537139969681635,2.071753410813543
2025-02-24,19.65,19.87,19.63,19.73,10938021.0,220606371.0,770987950.0,0.014187019395050208,0.010000000000001563,0.05070993914808586,1.2170385395537628
2025-02-25,19.65,19.81,19.44,19.59,12535516.0,250985735.0,770987950.0,0.016259029729323266,-0.14000000000000057,-0.7095793208312218,1.875316776482501
2025-02-26,19.6,19.73,19.48,19.73,10027312.0,201023961.0,770987950.0,0.013005796004982957,0.14000000000000057,0.7146503318019359,1.2761613067891782
2025-02-27,19.74,20.17,19.69,20.03,17519284.0,358017760.0,770987950.0,0.02272316188599316,0.3000000000000007,1.5205271160669165,2.4328433857070473
2025-02-28,19.9,20.27,19.69,19.72,12756370.0,261072887.0,770987950.0,0.01654548556822451,-0.3100000000000023,-1.5476784822765932,2.8956565152271505
2025-03-03,19.67,20.07,19.67,19.83,9567807.0,194881279.0,770987950.0,0.012409800957330137,0.10999999999999943,0.5578093306288112,2.028397565922914
2025-03-04,19.83,19.91,19.65,19.83,6411311.0,129680381.0,770987950.0,0.008315708436169463,0.0,0.0,1.3111447302067654
2025-03-05,19.8,19.85,19.63,19.75,6118575.0,123266596.0,770987950.0,0.007936018974096806,-0.0799999999999983,-0.4034291477559182,1.109430156328807
2025-03-06,19.85,20.09,19.7,20.01,12140574.0,247220013.0,770987950.0,0.015746775290067763,0.26000000000000156,1.3164556962025342,1.9746835443038002
2025-03-07,19.86,20.39,19.76,20.2,12608502.0,258776519.0,770987950.0,0.01635369528148916,0.18999999999999773,0.949525237381299,3.148425787106442
2025-03-10,20.1,20.26,19.9,20.24,8718648.0,178929208.0,770987950.0,0.011308410202779434,0.03999999999999915,0.1980198019801982,1.7821782178217969
2025-03-11,20.02,20.89,20.0,20.82,15338874.0,322591584.0,770987950.0,0.019895089151523056,0.5800000000000018,2.8656126482213606,4.397233201581031
2025-03-12,20.83,20.93,20.57,20.58,9560079.0,202403976.0,770987950.0,0.012399777454368774,-0.240000000000002,-1.1527377521613924,1.7291066282420724
2025-03-13,20.53,20.78,20.39,20.58,7757083.0,163182315.0,770987950.0,0.010061224692292531,0.0,0.0,1.8950437317784286
2025-03-14,20.73,21.41,20.68,21.32,18907667.0,409129637.0,770987950.0,0.024523946191376923,0.740000000000002,3.5957240038872795,3.547133138969876
2025-03-17,21.6,21.77,21.31,21.33,12919300.0,283758999.0,770987950.0,0.01675681182825231,0.00999999999999801,0.04690431519698279,2.1575984990619177
2025-03-18,21.51,21.56,21.22,21.34,9128431.0,199329395.0,770987950.0,0.011839913970121064,0.010000000000001563,0.046882325363339916,1.5939990623534923
2025-03-19,21.27,21.48,21.12,21.21,7459153.0,162404209.0,770987950.0,0.009674798419352728,-0.129999999999999,-0.6091846298031833,1.686972820993437
2025-03-20,21.23,21.31,20.84,20.85,8222885.0,176581052.0,770987950.0,0.010665387182769848,-0.35999999999999943,-1.6973125884016893,2.21593587930221
2025-03-21,20.84,20.96,20.58,20.64,6994354.0,148461730.0,770987950.0,0.009071936857119493,-0.21000000000000085,-1.0071942446043258,1.8225419664268705
2025-03-24,20.51,20.83,20.19,20.42,10219275.0,213512417.0,770987950.0,0.013254779144083899,-0.21999999999999886,-1.0658914728682078,3.100775193798435
2025-03-25,20.4,20.68,20.13,20.67,7496310.0,156427949.0,770987950.0,0.009722992428091775,0.25,1.2242899118511286,2.693437806072481
2025-03-26,20.62,20.69,20.5,20.54,6041000.0,127030841.0,770987950.0,0.007835401318529039,-0.13000000000000256,-0.6289308176100739,0.9192065795839442
2025-03-27,20.51,20.68,20.29,20.55,6353778.0,133326023.0,770987950.0,0.008241085998814898,0.010000000000001563,0.048685491723476915,1.8987341772151927
2025-03-28,20.62,20.64,20.21,20.24,7479732.0,156116387.0,770987950.0,0.00970149014650618,-0.3100000000000023,-1.5085158150851652,2.0924574209245725
2025-03-31,20.21,20.34,20.03,20.16,6072912.0,125209240.0,770987950.0,0.007876792367507171,-0.0799999999999983,-0.39525691699603405,1.5316205533596776
2025-04-01,20.16,20.53,20.1,20.48,7222091.0,150574960.0,770987950.0,0.009367320202604982,0.3200000000000003,1.5873015873015817,2.1329365079365066
2025-04-02,20.38,20.56,20.25,20.35,5329659.0,111194393.0,770987950.0,0.006912765627530236,-0.129999999999999,-0.634765625,1.5136718749999938
2025-04-03,20.14,20.6,20.12,20.5,6606381.0,138151387.0,770987950.0,0.008568721469641646,0.14999999999999858,0.7371007371007376,2.358722358722361
2025-04-07,19.07,19.73,18.44,18.44,18915084.0,369538533.0,770987950.0,0.02453356631579002,-2.0599999999999987,-10.048780487804876,6.292682926829264
2025-04-08,18.68,19.45,18.65,19.45,15944918.0,312105225.0,770987950.0,0.020681150723561893,1.009999999999998,5.477223427331879,4.338394793926251
2025-04-09,19.43,21.04,19.13,20.74,25708813.0,530518307.0,770987950.0,0.033345285098165284,1.2899999999999991,6.632390745501282,9.82005141388175
2025-04-10,20.86,21.07,20.36,20.93,16661017.0,355013597.0,770987950.0,0.021609957717237994,0.19000000000000128,0.9161041465766795,3.423336547733852
2025-04-11,20.91,21.28,20.53,20.93,15492000.0,332709217.0,770987950.0,0.020093699259502044,0.0,0.0,3.58337314859054
2025-04-14,20.94,21.05,20.69,20.88,13176927.0,281305610.0,770987950.0,0.01709096361363365,-0.05000000000000071,-0.23889154323937234,1.7200191113234564
2025-04-15,20.87,21.06,20.64,20.88,8800890.0,188034361.0,770987950.0,0.011415081130645427,0.0,0.0,2.0114942528735544
2025-04-16,20.81,20.97,20.58,20.95,10108008.0,214980892.0,770987950.0,0.013110461713441825,0.07000000000000028,0.33524904214559115,1.8678160919540259
2025-04-17,20.77,21.43,20.72,21.28,15134600.0,327994230.0,770987950.0,0.01963013818828167,0.33000000000000185,1.575178997613369,3.389021479713608
2025-04-18,21.18,21.31,20.81,20.85,8104368.0,173912356.0,770987950.0,0.010511666232915832,-0.4299999999999997,-2.0206766917293173,2.3496240601503757
2025-04-21,20.81,20.96,20.73,20.92,7050000.0,150251456.0,770987950.0,0.009144111785404687,0.07000000000000028,0.3357314148681123,1.1031175059952059
2025-04-22,20.79,20.9,20.71,20.76,5791942.0,123212835.0,770987950.0,0.007512363844337645,-0.16000000000000014,-0.7648183556405397,0.9082217973231247
2025-04-23,20.83,20.86,20.59,20.69,7623364.0,161410239.0,770987950.0,0.009887786183947492,-0.07000000000000028,-0.337186897880537,1.3005780346820788
2025-04-24,20.74,20.8,20.34,20.47,8005048.0,168231252.0,770987950.0,0.010382844504897903,-0.22000000000000242,-1.0633156114064901,2.223296278395364
2025-04-25,20.5,20.55,20.04,20.07,11303554.0,234489097.0,770987950.0,0.01466112926927068,-0.3999999999999986,-1.9540791402051672,2.4914509037616104
2025-04-28,20.04,20.05,19.58,19.6,7900501.0,159677396.0,770987950.0,0.01024724316378745,-0.46999999999999886,-2.3418036870951564,2.341803687095179
2025-04-29,19.66,19.72,19.33,19.33,10401026.0,207486638.0,770987950.0,0.013490516939985897,-0.2700000000000031,-1.3775510204081742,1.9897959183673497
2025-04-30,18.63,19.06,18.58,18.86,17442314.0,336085399.0,770987950.0,0.022623328937890663,-0.46999999999999886,-2.4314536989135993,2.483186756337302
2025-05-06,18.93,19.01,18.66,18.83,15804383.0,303566646.0,770987950.0,0.020498871610120494,-0.030000000000001137,-0.15906680805939377,1.8557794273594985
2025-05-07,18.99,19.36,18.85,19.06,12571790.0,245056894.0,770987950.0,0.016306078454274155,0.23000000000000043,1.221455124800852,2.7084439723844826
2025-05-08,19.06,19.14,18.89,19.03,8618208.0,167614036.0,770987950.0,0.011178135793172903,-0.029999999999997584,-0.15739769150051597,1.311647429171039
2025-05-09,18.97,19.03,18.73,18.77,9963300.0,192057599.0,770987950.0,0.012922770064045748,-0.26000000000000156,-1.3662637940094702,1.5764582238570715
2025-05-12,18.9,18.95,18.74,18.91,8176535.0,157544446.0,770987950.0,0.01060526951167006,0.14000000000000057,0.745871070857751,1.1188066062866322
2025-05-13,19.04,19.12,18.88,19.05,10554686.0,205091762.0,770987950.0,0.013689819665793738,0.14000000000000057,0.7403490216816522,1.2691697514542677
2025-05-14,19.04,19.21,18.78,19.12,13494491.0,262295829.0,770987950.0,0.017502855913636522,0.07000000000000028,0.3674540682414795,2.2572178477690272
2025-05-15,19.12,19.2,18.97,19.0,10966918.0,213921318.0,770987950.0,0.014224499877073306,-0.120000000000001,-0.6276150627615107,1.202928870292889
2025-05-16,19.0,19.0,18.86,18.93,6578150.0,127269132.0,770987950.0,0.008532104814348915,-0.07000000000000028,-0.36842105263158453,0.736842105263161
2025-05-19,18.83,19.06,18.83,19.03,6017450.0,116787990.0,770987950.0,0.007804856094054388,0.10000000000000142,0.5282620179609232,1.215002641310092
2025-05-20,19.03,19.35,18.94,19.21,12004124.0,235416972.0,770987950.0,0.01556979457331337,0.17999999999999972,0.9458749343142392,2.1544929059379934
2025-05-21,19.22,19.29,19.05,19.14,6866506.0,134322195.0,770987950.0,0.008906113253780426,-0.07000000000000028,-0.36439354502862953,1.249349297241012
2025-05-22,19.09,19.17,18.88,18.88,6684400.0,129752386.0,770987950.0,0.008669915009696326,-0.26000000000000156,-1.3584117032392928,1.5151515151515293
2025-05-23,18.9,18.99,18.72,18.73,7972970.0,153699145.0,770987950.0,0.010341238147755746,-0.14999999999999858,-0.7944915254237239,1.4300847457627097
2025-05-26,18.6,18.63,18.33,18.48,13385228.0,252967759.0,770987950.0,0.01736113774540834,-0.25,-1.3347570742124892,1.6017084890549957
2025-05-27,18.47,18.58,18.41,18.46,6931847.0,130947735.0,770987950.0,0.008990862957066968,-0.019999999999999574,-0.10822510822510178,0.9199134199134099
2025-05-28,18.45,18.71,18.43,18.66,7633016.0,145231268.0,770987950.0,0.009900305186352135,0.1999999999999993,1.0834236186348933,1.516793066088847
2025-05-29,18.62,18.66,18.48,18.58,9071667.0,172346530.0,770987950.0,0.01176628895432153,-0.08000000000000185,-0.4287245444801857,0.9646302250803843
2025-05-30,18.56,18.61,18.25,18.26,11084362.0,208401467.0,770987950.0,0.014376829106083953,-0.31999999999999673,-1.7222820236813652,1.9375672766415473
2025-06-03,18.2,18.41,18.14,18.37,5902961.0,110507029.0,770987950.0,0.007656359609770814,0.10999999999999943,0.6024096385542244,1.478641840087621
2025-06-04,18.41,18.73,18.36,18.66,8933237.0,169789295.0,770987950.0,0.011586740104044427,0.28999999999999915,1.5786608600979912,2.0141535111595044
2025-06-05,18.61,18.7,18.26,18.3,13187000.0,248462378.0,770987950.0,0.01710402866867115,-0.35999999999999943,-1.9292604501607635,2.357984994640931
2025-06-06,18.35,18.4,18.23,18.24,7511377.0,140534789.0,770987950.0,0.009742534886569888,-0.060000000000002274,-0.3278688524590234,0.9289617486338697
2025-06-09,18.3,18.35,18.21,18.33,7871614.0,147288054.0,770987950.0,0.010209775652135678,0.08999999999999986,0.49342105263157077,0.767543859649126
2025-06-10,18.34,18.38,18.06,18.14,12252659.0,228251241.0,770987950.0,0.015892153697084372,-0.18999999999999773,-1.0365521003818712,1.7457719585379177
2025-06-11,18.18,18.36,18.13,18.29,9504600.0,177566781.0,770987950.0,0.012327819131284737,0.14999999999999858,0.8269018743109147,1.267916207276739
2025-06-12,18.23,19.65,18.11,19.28,41772819.0,805858901.0,770987950.0,0.05418089737978395,0.990000000000002,5.412793876435229,8.419901585565878
2025-06-13,19.28,19.64,18.68,18.74,23232697.0,454106572.0,770987950.0,0.030133670701338457,-0.5400000000000027,-2.8008298755186845,4.979253112033199
2025-06-16,18.94,18.94,18.39,18.48,15913993.0,301539391.0,770987950.0,0.020641039850233717,-0.259999999999998,-1.387406616862319,2.934898612593387
2025-06-17,18.49,18.75,18.43,18.67,10755254.0,204367078.0,770987950.0,0.013949963809421406,0.19000000000000128,1.0281385281385447,1.731601731601733
2025-06-18,18.76,18.9,18.61,18.62,12144047.0,232772756.0,770987950.0,0.015751279900029565,-0.05000000000000071,-0.26780931976433386,1.5532940546330964
2025-06-19,18.63,18.67,18.19,18.27,12428500.0,233436252.0,770987950.0,0.01612022600353222,-0.3500000000000014,-1.8796992481203034,2.5778732545649863
2025-06-20,18.28,18.33,18.19,18.2,6756510.0,126105374.0,770987950.0,0.00876344435733399,-0.07000000000000028,-0.3831417624521105,0.7662835249041983
2025-06-23,18.14,18.2,18.0,18.17,7203754.0,133259197.0,770987950.0,0.009343536432703001,-0.029999999999997584,-0.16483516483515315,1.098901098901095
2025-06-24,18.2,18.38,18.19,18.36,8589402.0,160948736.0,770987950.0,0.01114077334152888,0.18999999999999773,1.0456796917996503,1.0456796917996571
2025-06-25,18.51,18.62,18.31,18.6,9906836.0,187336047.0,770987950.0,0.01284953415938602,0.240000000000002,1.3071895424836777,1.6884531590414067
2025-06-26,18.58,18.62,18.39,18.39,7686367.0,145332367.0,770987950.0,0.009969503414417826,-0.21000000000000085,-1.1290322580645218,1.2365591397849485
2025-06-27,18.44,18.53,18.38,18.48,6529661.0,123378432.0,770987950.0,0.00846921278082232,0.08999999999999986,0.4893964110929794,0.8156606851549871
2025-06-30,18.48,18.61,18.43,18.58,7774721.0,147451962.0,770987950.0,0.010084101833238768,0.09999999999999787,0.5411255411255311,0.9740259740259725
2025-07-01,18.58,18.6,18.43,18.57,7252175.0,137387865.0,770987950.0,0.009406340267704573,-0.00999999999999801,-0.053821313240032254,0.9149623250807413
2025-07-02,18.6,18.63,18.52,18.62,7216071.0,137092442.0,770987950.0,0.00935951203906624,0.05000000000000071,0.2692514808831481,0.5923532579429156
2025-07-03,18.62,18.7,18.53,18.56,8433971.0,160297228.0,770987950.0,0.010939173562959058,-0.060000000000002274,-0.3222341568206333,0.9129967776584218
2025-07-04,18.58,18.62,18.42,18.43,8889816.0,168055486.0,770987950.0,0.011530421454706263,-0.129999999999999,-0.7004310344827513,1.077586206896548
2025-07-07,18.51,18.61,18.41,18.55,5014400.0,92834054.0,770987950.0,0.006503862998118194,0.120000000000001,0.6511123168746691,1.0851871947910976
2025-07-08,18.53,18.69,18.51,18.66,8483499.0,157990220.0,770987950.0,0.011003413218066508,0.10999999999999943,0.5929919137466211,0.9703504043126668
2025-07-09,18.62,18.77,18.56,18.61,8062501.0,150480914.0,770987950.0,0.010457363179281856,-0.05000000000000071,-0.2679528403001119,1.1254019292604547
2025-07-10,18.6,18.78,18.56,18.74,8665954.0,161722988.0,770987950.0,0.011240064128109914,0.129999999999999,0.6985491671144484,1.1821601289629362
2025-07-11,18.9,19.15,18.89,18.98,15707751.0,298353062.0,770987950.0,0.020373536317915216,0.240000000000002,1.2806830309498585,1.3874066168623163
2025-07-14,19.0,19.59,18.9,19.0,12577456.0,240756050.0,770987950.0,0.01631342746666793,0.019999999999999574,0.10537407797681642,3.635405690200218
2025-07-15,19.0,19.16,18.75,18.77,14945358.0,282562904.0,770987950.0,0.019384684287218755,-0.23000000000000043,-1.210526315789473,2.1578947368421058
2025-07-16,18.79,18.95,18.78,18.94,7307904.0,138013929.0,770987950.0,0.009478622850071781,0.1700000000000017,0.9057005860415579,0.9057005860415459
2025-07-17,18.96,19.05,18.89,18.96,7726319.0,146429109.0,770987950.0,0.010021322641942719,0.019999999999999574,0.10559662090812161,0.8447729672650481
2025-07-18,18.99,19.08,18.93,19.03,10815505.0,205640219.0,770987950.0,0.014028111593702599,0.07000000000000028,0.3691983122362963,0.7911392405063216
2025-07-21,19.03,19.07,18.96,19.05,11163387.0,212398981.0,770987950.0,0.01447932746549411,0.019999999999999574,0.10509721492379942,0.5780346820809218
2025-07-22,19.06,19.26,18.98,19.23,16112093.0,308040473.0,770987950.0,0.020897982906217926,0.17999999999999972,0.9448818897637823,1.4698162729658852
2025-07-23,19.25,19.37,19.13,19.16,14306687.0,275903621.0,770987950.0,0.01855630428465192,-0.07000000000000028,-0.3640145605824263,1.2480499219968901
2025-07-24,19.19,19.57,19.13,19.53,17133399.0,331348633.0,770987950.0,0.022222654712048352,0.370000000000001,1.9311064718162907,2.296450939457209
2025-07-25,19.52,19.56,19.28,19.33,12893511.0,250168960.0,770987950.0,0.016723362537637586,-0.20000000000000284,-1.0240655401945853,1.433691756272389
2025-07-28,19.32,19.36,19.09,19.17,12888444.0,247175018.0,770987950.0,0.01671679045048629,-0.1599999999999966,-0.8277289187790804,1.396792550439729
2025-07-29,19.18,19.21,18.99,19.12,11440691.0,217871649.0,770987950.0,0.014839001050535226,-0.05000000000000071,-0.2608242044861764,1.1476264997391883
2025-07-30,19.06,19.23,18.99,19.12,12082331.0,231163342.0,770987950.0,0.015671231956348994,0.0,0.0,1.255230125523023
2025-07-31,19.11,19.11,18.79,18.81,16556893.0,313066578.0,770987950.0,0.021474905022834664,-0.3100000000000023,-1.6213389121339072,1.673640167364018
2025-08-01,18.75,18.93,18.7,18.8,7787287.0,146547853.0,770987950.0,0.010100400401848045,-0.00999999999999801,-0.05316321105793831,1.222753854332804
2025-08-04,18.73,18.87,18.7,18.87,6799552.0,127570349.0,770987950.0,0.008819271429598867,0.07000000000000028,0.37234042553191404,0.9042553191489453
2025-08-05,18.89,18.94,18.81,18.93,6756163.0,127494146.0,770987950.0,0.008762994285448949,0.05999999999999872,0.31796502384737746,0.6889242183359966
2025-08-06,18.93,18.95,18.82,18.93,4991674.0,94283980.0,770987950.0,0.006474386532240873,0.0,0.0,0.686740623349176
2025-08-07,19.0,19.01,18.9,18.93,6841775.0,129691797.0,770987950.0,0.008874036228452079,0.0,0.0,0.5810882197570153
2025-08-08,18.93,18.94,18.8,18.8,7325244.0,137983970.0,770987950.0,0.009501113473952478,-0.129999999999999,-0.6867406233491802,0.739566825145275
2025-08-11,18.79,18.92,18.73,18.92,7951387.0,149886412.0,770987950.0,0.010313244195321081,0.120000000000001,0.6382978723404209,1.0106382978723472
2025-08-12,18.93,18.98,18.81,18.86,8104128.0,153036821.0,770987950.0,0.010511354944003988,-0.060000000000002274,-0.3171247357294016,0.8985200845666051
2025-08-13,18.88,18.95,18.77,18.88,11283190.0,212727142.0,770987950.0,0.014634716405100754,0.019999999999999574,0.10604453870626251,0.9544008483563081
2025-08-14,18.88,19.16,18.79,18.84,17478148.0,331575525.0,770987950.0,0.022669806966503173,-0.03999999999999915,-0.21186440677966045,1.95974576271187
2025-08-15,18.79,18.96,18.76,18.94,13479617.0,254462282.0,770987950.0,0.017483563783325017,0.10000000000000142,0.5307855626327074,1.061571125265389
2025-08-18,18.97,19.41,18.92,19.15,20196497.0,386467481.0,770987950.0,0.02619560655909084,0.2099999999999973,1.1087645195353657,2.5871172122491997
2025-08-19,19.2,19.22,19.03,19.12,14429051.0,276110994.0,770987950.0,0.01871501493635536,-0.029999999999997584,-0.15665796344646044,0.9921671018276644
2025-08-20,19.15,19.32,19.05,19.24,15040753.0,288911605.0,770987950.0,0.01950841514449091,0.11999999999999744,0.6276150627614996,1.4121338912133867
2025-08-21,19.28,19.34,19.13,19.2,13880828.0,266895197.0,770987950.0,0.018003949348365304,-0.03999999999999915,-0.20790020790020236,1.0914760914760961
2025-08-22,19.19,19.19,19.04,19.15,14947232.0,285593484.0,770987950.0,0.0193871149348054,-0.05000000000000071,-0.26041666666667407,0.7812500000000111
2025-08-25,19.2,19.85,19.18,19.78,38339221.0,749025036.0,770987950.0,0.049727393275082965,0.6300000000000026,3.289817232376002,3.498694516971289
2025-08-26,19.77,20.03,19.61,19.87,23312975.0,462961860.0,770987950.0,0.030237794248275864,0.08999999999999986,0.45500505561173465,2.123356926188077
2025-08-27,19.85,19.89,19.52,19.53,20656327.0,407120192.0,770987950.0,0.02679202314381178,-0.33999999999999986,-1.7111222949169558,1.8621036738802264
2025-08-28,19.2,19.29,18.76,19.02,34799413.0,661161862.0,770987950.0,0.04513613085651987,-0.5100000000000016,-2.611367127496167,2.7137736815156046
2025-08-29,19.01,19.28,18.97,19.12,15444337.0,295676476.0,770987950.0,0.020031878578647046,0.10000000000000142,0.525762355415349,1.629863301787604
2025-09-01,19.25,19.47,19.11,19.2,14262147.0,274510390.0,770987950.0,0.018498534250762286,0.0799999999999983,0.4184100418409997,1.8828451882845159
2025-09-02,19.19,19.3,19.02,19.12,15158933.0,289995876.0,770987950.0,0.01966169899283121,-0.0799999999999983,-0.4166666666666541,1.4583333333333393
2025-09-03,19.09,19.23,18.91,18.94,12435462.0,236509857.0,770987950.0,0.01612925597604995,-0.17999999999999972,-0.9414225941422605,1.673640167364018
2025-09-04,19.0,19.04,18.76,18.97,11918244.0,225695294.0,770987950.0,0.015458405024358681,0.029999999999997584,0.1583949313621824,1.4783526927138202
2025-09-05,18.92,19.2,18.84,19.15,11634844.0,220715787.0,770987950.0,0.01509082470095674,0.17999999999999972,0.9488666315234484,1.897733263046913
2025-09-08,19.11,19.5,19.06,19.4,15836399.0,305507344.0,770987950.0,0.02054039755096043,0.25,1.305483028720622,2.29765013054831
2025-09-09,19.38,19.45,19.19,19.3,10157539.0,196301909.0,770987950.0,0.013174705259660673,-0.09999999999999787,-0.5154639175257603,1.3402061855670002
2025-09-10,19.26,19.3,19.11,19.14,6692611.0,128345131.0,770987950.0,0.008680564981592774,-0.16000000000000014,-0.8290155440414559,0.9844559585492294
2025-09-11,19.13,19.29,19.03,19.26,8796020.0,168386132.0,770987950.0,0.011408764559809268,0.120000000000001,0.6269592476489061,1.358411703239279
2025-09-12,19.26,19.31,19.02,19.04,11045687.0,211356559.0,770987950.0,0.014326666194977496,-0.22000000000000242,-1.142263759086204,1.5057113187954263
2025-09-15,19.04,19.08,18.96,18.97,7682557.0,145984259.0,770987950.0,0.009964561702942309,-0.07000000000000028,-0.3676470588235281,0.6302521008403227
2025-09-16,18.94,19.02,18.86,19.0,7793368.0,147531702.0,770987950.0,0.01010828768465188,0.030000000000001137,0.1581444385872599,0.8434370057986301
2025-09-17,19.01,19.02,18.91,18.97,6360594.0,120661003.0,770987950.0,0.008249926603911254,-0.030000000000001137,-0.15789473684211242,0.5789473684210497
2025-09-18,18.95,18.96,18.65,18.69,12419820.0,233574823.0,770987950.0,0.016108967721220547,-0.2799999999999976,-1.4760147601475926,1.6341591987348567
2025-09-19,18.67,18.81,18.61,18.8,7374862.0,137945603.0,770987950.0,0.00956546986240187,0.10999999999999943,0.5885500267522659,1.0700909577314033
2025-09-22,18.8,18.84,18.58,18.66,7334919.0,136856715.0,770987950.0,0.009513662308211173,-0.14000000000000057,-0.7446808510638281,1.3829787234042636
2025-09-23,18.7,18.73,18.38,18.67,9260767.0,172036535.0,770987950.0,0.012011558676111605,0.010000000000001563,0.0535905680600246,1.875669882100758
2025-09-24,18.64,18.69,18.56,18.64,5900165.0,109806428.0,770987950.0,0.007652733093947837,-0.030000000000001137,-0.16068559185860032,0.6963042313872658
2025-09-25,18.62,18.64,18.44,18.47,8003126.0,148103283.0,770987950.0,0.01038035159952889,-0.1700000000000017,-0.9120171673819844,1.072961373390554
2025-09-26,18.44,18.55,18.42,18.44,6867489.0,126800703.0,770987950.0,0.00890738824128185,-0.029999999999997584,-0.16242555495397104,0.7038440714672388
2025-09-29,18.42,18.59,18.2,18.42,8387491.0,153786730.0,770987950.0,0.01087888727703202,-0.019999999999999574,-0.10845986984815426,2.1149674620390484
2025-09-30,18.44,18.47,18.2,18.36,6423226.0,118251224.0,770987950.0,0.008331162633605364,-0.060000000000002274,-0.32573289902281255,1.4657980456026034
2025-10-09,18.35,18.43,18.2,18.41,8889026.0,162657640.0,770987950.0,0.011529396795371445,0.05000000000000071,0.2723311546841023,1.2527233115468435
2025-10-10,18.36,18.63,18.34,18.53,8455100.0,156517825.0,770987950.0,0.010966578660535485,0.120000000000001,0.6518196632265161,1.575230852797388
2025-10-13,18.29,18.49,18.23,18.42,8433461.0,154877015.0,770987950.0,0.01093851207402139,-0.10999999999999943,-0.5936319481921193,1.403130059363184
2025-10-14,18.39,18.73,18.36,18.54,9895800.0,184001624.0,770987950.0,0.012835220057589745,0.11999999999999744,0.6514657980455807,2.008686210640613
2025-10-15,18.52,18.69,18.45,18.61,6613300.0,122747429.0,770987950.0,0.008577695669562669,0.07000000000000028,0.3775620280474623,1.2944983818770335
2025-10-16,18.56,18.63,18.47,18.63,5797797.0,107587215.0,770987950.0,0.007519957996749495,0.019999999999999574,0.10746910263299547,0.8597528210639449
2025-10-17,18.61,18.66,18.38,18.4,6506417.0,120352725.0,770987950.0,0.00843906444971027,-0.23000000000000043,-1.2345679012345734,1.502952227589915
2025-10-20,18.44,18.49,18.32,18.35,3866978.0,71092216.0,770987950.0,0.005015614057262504,-0.04999999999999716,-0.27173913043476716,0.9239130434782509
2025-10-21,18.35,18.43,18.33,18.41,4390791.0,80694135.0,770987950.0,0.005695018968843806,0.05999999999999872,0.3269754768392197,0.5449591280654028
2025-10-22,18.43,18.49,18.37,18.44,4154074.0,76506364.0,770987950.0,0.0053879882299068356,0.030000000000001137,0.16295491580662347,0.6518196632264934
2025-10-23,18.38,18.45,18.24,18.42,5478040.0,100539544.0,770987950.0,0.007105221294314652,-0.019999999999999574,-0.10845986984815426,1.1388286334056446
2025-10-24,18.45,18.47,18.35,18.39,5265557.0,96866738.0,770987950.0,0.006829622953251085,-0.030000000000001137,-0.16286644951141183,0.6514657980455887
2025-10-27,18.18,18.23,18.1,18.14,14829948.0,269284349.0,770987950.0,0.019234993231735983,-0.25,-1.359434475258292,0.7069059271343067
2025-10-28,18.15,18.15,17.99,18.02,8951041.0,161574031.0,770987950.0,0.01160983255315469,-0.120000000000001,-0.6615214994487362,0.8820286659316435
2025-10-29,18.0,18.06,17.92,18.06,7404511.0,133257578.0,770987950.0,0.009603925716348745,0.03999999999999915,0.2219755826859071,0.7769145394006494
2025-10-30,18.06,18.07,17.93,17.95,6705337.0,120576681.0,770987950.0,0.008697071076143278,-0.10999999999999943,-0.6090808416389759,0.7751937984496156
2025-10-31,17.92,18.35,17.91,18.23,9414461.0,170871619.0,770987950.0,0.012210905501181958,0.28000000000000114,1.559888579387203,2.451253481894158
2025-11-03,18.23,18.24,18.1,18.23,5060170.0,91934526.0,770987950.0,0.006563228387681027,0.0,0.0,0.767964893033445
2025-11-04,18.25,18.25,18.0,18.01,6737570.0,122058124.0,770987950.0,0.008738878474041001,-0.21999999999999886,-1.206801974766858,1.3713658804168951
2025-11-05,18.02,18.19,17.99,18.14,6278180.0,113690166.0,770987950.0,0.00814303258565844,0.129999999999999,0.7218212104386446,1.1104941699056237
2025-11-06,18.13,18.24,18.11,18.18,5999909.0,109137487.0,770987950.0,0.007782104765710022,0.03999999999999915,0.22050716648289725,0.7166482910694543
2025-11-07,18.15,18.36,18.15,18.27,6471585.0,118270726.0,770987950.0,0.008393886052304709,0.08999999999999986,0.4950495049504955,1.15511551155116
2025-11-10,18.22,18.7,18.22,18.64,12942813.0,240269669.0,770987950.0,0.01678730906235305,0.370000000000001,2.025177887246854,2.627257799671595
2025-11-11,18.63,18.63,18.46,18.55,6817322.0,126426745.0,770987950.0,0.008842319779446618,-0.08999999999999986,-0.4828326180257525,0.9120171673819643
2025-11-12,18.53,18.68,18.48,18.48,7960588.0,148029222.0,770987950.0,0.010325178233978884,-0.07000000000000028,-0.37735849056603765,1.078167115902961
2025-11-13,18.48,18.7,18.39,18.68,9675261.0,179495098.0,770987950.0,0.012549172785385298,0.1999999999999993,1.0822510822510845,1.6774891774891707
2025-11-14,18.68,18.8,18.64,18.67,8271484.0,154693218.0,770987950.0,0.010728421890381036,-0.00999999999999801,-0.05353319057814776,0.856531049250536
2025-11-17,18.64,18.67,18.48,18.65,5062264.0,94087368.0,770987950.0,0.006565944383436862,-0.020000000000003126,-0.10712372790574465,1.0176754151044525
2025-11-18,18.6,18.65,18.41,18.42,4976711.0,92096331.0,770987950.0,0.0064549789656245605,-0.22999999999999687,-1.2332439678284013,1.2868632707774716
2025-11-19,18.42,18.5,18.23,18.26,4521369.0,82807202.0,770987950.0,0.0058643834835550935,-0.16000000000000014,-0.8686210640608039,1.4657980456026034
2025-11-20,18.3,18.34,18.15,18.15,4951500.0,90190550.0,770987950.0,0.006422279362472526,-0.11000000000000298,-0.6024096385542355,1.040525739320927
2025-11-21,18.06,18.21,17.78,17.78,10742777.0,193024369.0,770987950.0,0.013933780677116939,-0.36999999999999744,-2.0385674931129305,2.3691460055096405
2025-11-24,17.79,17.96,17.76,17.86,6715378.0,119753205.0,770987950.0,0.008710094625992534,0.0799999999999983,0.4499437570303577,1.124859392575924
2025-11-25,17.88,17.95,17.78,17.83,7354233.0,131103623.0,770987950.0,0.009538713283391783,-0.030000000000001137,-0.16797312430011369,0.951847704367291
2025-11-26,17.78,17.85,17.6,17.71,5262112.0,93578879.0,770987950.0,0.006825154660328997,-0.11999999999999744,-0.6730229949523103,1.4021312394840157
2025-11-27,17.77,17.8,17.61,17.63,5429867.0,96095359.0,770987950.0,0.007042739124521985,-0.08000000000000185,-0.45172219085263254,1.072840203274993
2025-11-28,17.62,17.68,17.58,17.65,4747800.0,83679097.0,770987950.0,0.006158072898545301,0.019999999999999574,0.11344299489506326,0.5672149744753343
2025-12-01,17.65,17.68,17.61,17.65,4549604.0,80278855.0,770987950.0,0.005901005326996356,0.0,0.0,0.39660056657223963
2025-12-02,17.67,17.72,17.6,17.62,5564300.0,98215836.0,770987950.0,0.00721710371737976,-0.029999999999997584,-0.16997167138809166,0.6798866855523935
2025-12-03,17.62,17.64,17.29,17.35,9975903.0,173802294.0,770987950.0,0.012939116623028933,-0.2699999999999996,-1.53234960272417,1.9863791146424596
2025-12-04,17.36,17.38,17.13,17.38,6839643.0,118092376.0,770987950.0,0.008871270945285201,0.029999999999997584,0.17291066282418832,1.440922190201729
2025-12-05,17.36,17.48,17.27,17.47,5024286.0,87425824.0,770987950.0,0.006516685507211883,0.08999999999999986,0.5178365937859697,1.2082853855005804
2025-12-08,17.56,17.57,17.39,17.49,6419480.0,112266576.0,770987950.0,0.008326303932506338,0.019999999999999574,0.11448196908987462,1.0303377218088134
2025-12-09,17.49,17.59,17.4,17.4,6703569.0,117263592.0,770987950.0,0.008694777914492698,-0.08999999999999986,-0.5145797598627766,1.086335048599207
2025-12-10,17.42,17.42,17.08,17.18,8644734.0,148731038.0,770987950.0,0.011212541000154412,-0.21999999999999886,-1.2643678160919491,1.954022988505767
2025-12-11,17.17,17.22,16.88,16.9,10895049.0,185581365.0,770987950.0,0.014131283115384618,-0.28000000000000114,-1.6298020954598424,1.9790454016298014
2025-12-12,16.96,17.28,16.72,17.04,23671979.0,401168629.0,770987950.0,0.03070343576705706,0.14000000000000057,0.8284023668639007,3.313609467455635
2025-12-15,17.01,17.31,16.92,17.04,13456764.0,230947890.0,770987950.0,0.01745392259373185,0.0,0.0,2.2887323943661797
2025-12-16,17.04,17.2,16.93,17.0,10177154.0,173828058.0,770987950.0,0.013200146643018221,-0.03999999999999915,-0.23474178403755097,1.5845070422535186
2025-12-17,17.03,17.23,16.92,17.17,7933945.0,135664509.0,770987950.0,0.01029062127365285,0.1700000000000017,1.0000000000000009,1.8235294117646985
2025-12-18,17.15,17.31,17.09,17.17,5632965.0,96933632.0,770987950.0,0.007306164772095336,0.0,0.0,1.2813046010483335
2025-12-19,17.19,17.4,17.1,17.39,7131380.0,123313779.0,770987950.0,0.009249664667262309,0.21999999999999886,1.2813046010483387,1.7472335468840834
2025-12-22,17.42,17.45,17.27,17.34,5107000.0,88444025.0,770987950.0,0.006623968636604502,-0.05000000000000071,-0.2875215641173101,1.03507763082231
2025-12-23,17.32,17.37,17.12,17.18,6683460.0,115002945.0,770987950.0,0.008668695794791605,-0.16000000000000014,-0.9227220299884653,1.441753171856978
2025-12-24,17.13,17.22,17.08,17.2,4147675.0,71104864.0,770987950.0,0.005379688489294807,0.019999999999999574,0.11641443538998875,0.8149010477299219
2025-12-25,17.22,17.28,17.17,17.23,3551700.0,61187077.0,770987950.0,0.00460668678414494,0.030000000000001137,0.17441860465117198,0.6395348837209269
2025-12-26,17.2,17.37,17.2,17.27,4167840.0,72068044.0,770987950.0,0.005405843243075329,0.03999999999999915,0.2321532211259303,0.9866511897852681
2025-12-29,17.26,17.36,17.17,17.2,6054910.0,104482986.0,770987950.0,0.007853443105044638,-0.07000000000000028,-0.4053271569195105,1.1001737116386667
2025-12-30,17.26,17.56,17.21,17.29,7367145.0,127942914.0,770987950.0,0.009555460626848967,0.08999999999999986,0.5232558139534937,2.03488372093022
2025-12-31,17.7,17.87,17.53,17.55,15173582.0,268577767.0,770987950.0,0.019680699289787863,0.26000000000000156,1.5037593984962516,1.9664545980335446
2026-01-05,17.55,17.9,17.36,17.82,12921224.0,228157827.0,770987950.0,0.016759307327695587,0.2699999999999996,1.538461538461533,3.0769230769230718
2026-01-06,17.85,17.96,17.73,17.95,9151274.0,163229247.0,770987950.0,0.011869542189342908,0.129999999999999,0.729517396184054,1.2906846240179597
2026-01-07,18.06,18.23,17.91,17.92,10370300.0,187067703.0,770987950.0,0.013450664177047125,-0.029999999999997584,-0.16713091922003764,1.7827298050139293
2026-01-08,17.92,18.08,17.9,17.93,6552376.0,117701849.0,770987950.0,0.00849867497929118,0.00999999999999801,0.05580357142855874,1.004464285714284
2026-01-09,18.0,18.12,17.9,18.01,7758295.0,139782550.0,770987950.0,0.010062796701297342,0.08000000000000185,0.4461795872839014,1.2269938650306884
2026-01-12,18.0,18.12,17.94,18.08,10138419.0,182666302.0,770987950.0,0.013149905909683802,0.06999999999999673,0.38867295946694025,0.9994447529150456
2026-01-13,18.07,18.07,17.91,17.92,8457522.0,152062158.0,770987950.0,0.01096972008447084,-0.1599999999999966,-0.8849557522123686,0.8849557522123902
2026-01-14,17.93,18.16,17.78,17.84,11859834.0,213489695.0,770987950.0,0.015382645085438754,-0.08000000000000185,-0.44642857142858094,2.1205357142857086
2026-01-15,17.9,18.22,17.83,18.14,12394551.0,224461029.0,770987950.0,0.016076192889914815,0.3000000000000007,1.681614349775784,2.1860986547085233
2026-01-16,18.2,18.22,17.94,18.06,7778400.0,140386627.0,770987950.0,0.010088873632849904,-0.08000000000000185,-0.4410143329658278,1.5435501653803614
2026-01-19,17.98,18.26,17.97,18.12,8000400.0,144932082.0,770987950.0,0.0103768158763052,0.060000000000002274,0.33222591362127574,1.6057585825027836
2026-01-20,18.15,18.18,18.03,18.1,6681464.0,120900973.0,770987950.0,0.008666106908674772,-0.019999999999999574,-0.11037527593819041,0.827814569536416
2026-01-21,18.07,18.07,17.73,17.8,10204760.0,182396049.0,770987950.0,0.013235952650103027,-0.3000000000000007,-1.6574585635359185,1.8784530386740321
2026-01-22,17.82,18.09,17.82,17.98,10572436.0,189738918.0,770987950.0,0.013712842074898837,0.17999999999999972,1.011235955056189,1.5168539325842672
2026-01-23,17.91,18.08,17.9,17.97,7228914.0,129882071.0,770987950.0,0.009376169886961268,-0.010000000000001563,-0.05561735261402356,1.0011123470522787
2026-01-26,17.92,17.99,17.75,17.84,12270577.0,219076827.0,770987950.0,0.015915394008427758,-0.129999999999999,-0.7234279354479622,1.3355592654423953
2026-01-27,17.84,17.9,17.44,17.57,9948586.0,174989514.0,770987950.0,0.012903685459675473,-0.2699999999999996,-1.5134529147982079,2.578475336322855
2026-01-28,17.7,17.87,17.58,17.69,9767585.0,172872340.0,770987950.0,0.012668920441622985,0.120000000000001,0.6829823562891413,1.650540694365411
2026-01-29,17.68,18.16,17.58,18.16,15208557.0,273557559.0,770987950.0,0.019726063163503397,0.46999999999999886,2.6568682871678906,3.278688524590174
2026-01-30,18.16,18.16,17.75,17.85,11535647.0,206635194.0,770987950.0,0.014962162508506132,-0.3099999999999987,-1.7070484581497736,2.2577092511013226
2026-02-02,17.83,18.14,17.71,17.75,8960607.0,160868828.0,770987950.0,0.01162224001036592,-0.10000000000000142,-0.5602240896358635,2.408963585434172
2026-02-03,17.75,17.99,17.73,17.89,6484733.0,115749498.0,770987950.0,0.008410939496525206,0.14000000000000057,0.7887323943662095,1.464788732394355
2026-02-04,17.95,18.49,17.91,18.31,16477745.0,301011038.0,770987950.0,0.021372247127857187,0.41999999999999815,2.347680268306296,3.2420346562325224
2026-02-05,18.31,19.16,18.27,18.84,26482921.0,498055395.0,770987950.0,0.03434933191887111,0.5300000000000011,2.894593118514477,4.860731840524307
2026-02-06,18.75,18.82,18.44,18.44,13413900.0,249341055.0,770987950.0,0.017398326394076586,-0.3999999999999986,-2.123142250530774,2.016985138004241
2026-02-09,18.46,18.74,18.36,18.73,10012329.0,186090757.0,770987950.0,0.01298636249762399,0.28999999999999915,1.572668112798259,2.060737527114962
2026-02-10,18.75,18.75,18.45,18.49,6793610.0,125806061.0,770987950.0,0.008811564434956475,-0.240000000000002,-1.2813667912440097,1.6017084890549957
2026-02-11,18.47,18.64,18.41,18.59,6233410.0,115674128.0,770987950.0,0.00808496423322829,0.10000000000000142,0.5408328826392639,1.2439156300703107
2026-02-12,18.87,18.99,18.49,18.7,12695756.0,236887264.0,770987950.0,0.016466866959464154,0.10999999999999943,0.591715976331364,2.6896180742334588
2026-02-13,18.73,19.26,18.69,18.73,13875006.0,262710765.0,770987950.0,0.01799639799817883,0.030000000000001137,0.16042780748664054,3.048128342245991
2026-02-24,18.87,19.1,18.7,18.9,11028429.0,208827331.0,770987950.0,0.014304281928141678,0.16999999999999815,0.9076348104644749,2.135611318740001
2026-02-25,18.88,19.21,18.8,18.97,9603900.0,182778057.0,770987950.0,0.01245661491856001,0.07000000000000028,0.37037037037037646,2.16931216931217
2026-02-26,19.0,19.19,18.77,18.88,8623402.0,163005042.0,770987950.0,0.01118487260404005,-0.08999999999999986,-0.4744333157617242,2.2140221402214113
2026-02-27,18.83,18.95,18.71,18.73,7162276.0,134612176.0,770987950.0,0.009289737926513638,-0.14999999999999858,-0.7944915254237239,1.2711864406779578
2026-03-02,18.56,18.86,18.48,18.62,8155969.0,151884103.0,770987950.0,0.01057859464599933,-0.10999999999999943,-0.5872931126534975,2.0288307528029845
2026-03-03,18.67,18.82,18.45,18.54,10349286.0,192727969.0,770987950.0,0.013423408238740955,-0.08000000000000185,-0.42964554242750363,1.9871106337271804
2026-03-04,18.46,18.59,18.19,18.3,9497573.0,174080126.0,770987950.0,0.012318704851353383,-0.23999999999999844,-1.2944983818770184,2.1574973031283635
2026-03-05,18.38,18.43,17.95,18.06,9625453.0,174845767.0,770987950.0,0.012484569959880697,-0.240000000000002,-1.3114754098360715,2.622950819672133
2026-03-06,18.03,18.92,17.99,18.85,12269176.0,227329788.0,770987950.0,0.015913576859404872,0.7900000000000027,4.37430786267996,5.1495016611295865
2026-03-09,18.78,19.15,18.54,18.59,19501201.0,366972096.0,770987950.0,0.025293781828885913,-0.26000000000000156,-1.379310344827589,3.236074270557026
2026-03-10,18.65,18.79,18.39,18.49,9500988.0,175958325.0,770987950.0,0.012323134233161491,-0.10000000000000142,-0.5379236148467026,2.1516944593867593
2026-03-11,18.52,18.54,18.34,18.4,6047206.0,111207483.0,770987950.0,0.00784345073097446,-0.08999999999999986,-0.48674959437533527,1.081665765278525
2026-03-12,18.36,18.39,18.09,18.23,6840780.0,124605928.0,770987950.0,0.008872745676505062,-0.16999999999999815,-0.9239130434782528,1.6304347826086998
2026-03-13,18.28,18.85,18.15,18.54,11713818.0,217586835.0,770987950.0,0.01519325691147313,0.3099999999999987,1.7004936917169422,3.839824465167322
2026-03-16,18.54,19.15,18.51,19.05,18863514.0,357552080.0,770987950.0,0.024466678110857634,0.5100000000000016,2.7508090614886793,3.4519956850053775
2026-03-17,19.0,19.46,19.0,19.14,23153301.0,446253214.0,770987950.0,0.030030691141152078,0.08999999999999986,0.47244094488188004,2.414698162729663
2026-03-18,19.13,19.2,18.89,19.02,12768739.0,243162488.0,770987950.0,0.016561528620518646,-0.120000000000001,-0.6269592476489061,1.6196447230929925
2026-03-19,18.97,19.0,18.57,18.68,9796009.0,183434380.0,770987950.0,0.012705787425082325,-0.33999999999999986,-1.7875920084121977,2.260778128286013
2026-03-20,18.69,18.88,18.5,18.53,8381966.0,156691423.0,770987950.0,0.010871721146873955,-0.14999999999999858,-0.8029978586723718,2.034261241970016
2026-03-23,18.28,18.37,17.65,17.74,16372300.0,294098059.0,770987950.0,0.021235481047401583,-0.7900000000000027,-4.263356718834332,3.8855909336211676
2026-03-24,17.95,18.08,17.69,17.98,7141167.0,127882515.0,770987950.0,0.009262358769679863,0.240000000000002,1.3528748590755368,2.198421645997729
2026-03-25,18.0,18.33,17.91,18.29,6517211.0,118447176.0,770987950.0,0.008453064668520435,0.3099999999999987,1.724137931034475,2.3359288097886437
2026-03-26,18.27,18.55,18.11,18.17,5176100.0,94662010.0,770987950.0,0.006713593902472795,-0.11999999999999744,-0.6560962274466786,2.405686167304545
2026-03-27,17.99,19.04,17.94,18.86,15540753.0,292559745.0,770987950.0,0.020156933710831666,0.6899999999999977,3.797468354430378,6.05393505778755
2026-03-30,18.7,19.29,18.65,19.14,13439419.0,255905664.0,770987950.0,0.017431425484665485,0.28000000000000114,1.4846235418876086,3.3934252386002153
2026-03-31,19.11,19.37,19.05,19.06,9210995.0,176685957.0,770987950.0,0.01194700254394378,-0.08000000000000185,-0.4179728317659448,1.6718913270637423
2026-04-01,19.16,19.55,19.09,19.48,15101740.0,293155980.0,770987950.0,0.019587517548101757,0.4200000000000017,2.203567681007357,2.413431269674716
2026-04-02,19.4,19.6,19.3,19.36,11396354.0,221382167.0,770987950.0,0.014781494315183526,-0.120000000000001,-0.6160164271047264,1.5400410677618106
2026-04-03,19.39,19.43,18.99,19.05,8538795.0,163736398.0,770987950.0,0.011075134183355265,-0.3099999999999987,-1.6012396694214837,2.2727272727272796
2026-04-07,19.04,19.31,19.0,19.1,6046125.0,115857335.0,770987950.0,0.007842048633834031,0.05000000000000071,0.2624671916010568,1.6272965879265027
2026-04-08,19.29,19.5,19.17,19.38,11586801.0,223992188.0,770987950.0,0.015028511145991321,0.2799999999999976,1.4659685863874117,1.7277486910994673
2026-04-09,19.36,19.62,19.23,19.31,7734346.0,150055159.0,770987950.0,0.010031733959006752,-0.07000000000000028,-0.3611971104231171,2.012383900928796
2026-04-10,19.5,19.8,19.33,19.59,12420005.0,243915902.0,770987950.0,0.01610920767309009,0.28000000000000114,1.4500258933195287,2.433972035214927
2026-04-13,19.53,19.78,19.46,19.66,7788255.0,152847042.0,770987950.0,0.01010165593379248,0.07000000000000028,0.35732516590096797,1.6334864726901495
2026-04-14,19.65,19.71,19.15,19.39,14890783.0,287403056.0,770987950.0,0.01931389848570266,-0.2699999999999996,-1.3733468972533025,2.848423194303165
2026-04-15,19.47,19.64,19.29,19.57,8645739.0,168336845.0,770987950.0,0.011213844522472757,0.17999999999999972,0.9283135636926287,1.805054151624556
2026-04-16,19.57,19.85,19.57,19.82,9527654.0,188211958.0,770987950.0,0.012357721025341576,0.25,1.2774655084312636,1.4307613694430308
2026-04-17,19.95,19.95,19.42,19.52,9484491.0,185299766.0,770987950.0,0.012301737011583644,-0.3000000000000007,-1.5136226034308864,2.6740665993945387
2026-04-20,20.84,21.47,20.41,21.47,72664007.0,1546387760.0,770987950.0,0.0942479152884296,1.9499999999999993,9.989754098360649,5.430327868852452
2026-04-21,21.6,22.21,21.48,21.73,73508272.0,1602310187.0,770987950.0,0.09534295834325296,0.26000000000000156,1.2109920819748599,3.4000931532370773
2026-04-22,21.68,21.88,21.04,21.15,38309058.0,814832190.0,770987950.0,0.04968827074404989,-0.5800000000000018,-2.669121030832955,3.8656235618959958
2026-04-23,21.14,21.48,20.99,21.2,26342880.0,558893914.0,770987950.0,0.03416769354177325,0.05000000000000071,0.23640661938535423,2.316784869976369
2026-04-24,21.0,21.2,20.63,20.78,24529537.0,511445542.0,770987950.0,0.03181572033648516,-0.41999999999999815,-1.9811320754716921,2.68867924528302
2026-04-27,20.76,21.12,20.5,20.93,23685336.0,493484565.0,770987950.0,0.030720760292038286,0.14999999999999858,0.7218479307026016,2.9836381135707457
2026-04-28,20.92,21.12,20.68,20.82,20644445.0,430770532.0,770987950.0,0.02677661174860126,-0.10999999999999943,-0.5255613951266058,2.102245580506456
2026-04-29,20.82,21.66,20.75,21.34,27934176.0,594767133.0,770987950.0,0.036231663542860816,0.5199999999999996,2.4975984630163373,4.370797310278579
2026-04-30,21.15,21.49,20.75,20.78,25527206.0,537066902.0,770987950.0,0.03310973407561039,-0.5599999999999987,-2.6241799437675684,3.467666354264285
2026-05-06,20.8,21.13,20.42,20.95,20512775.0,428877762.0,770987950.0,0.026605830869341082,0.16999999999999815,0.8180943214629366,3.416746871992287
2026-05-07,20.9,21.23,20.68,20.75,14378895.0,299276266.0,770987950.0,0.018649960741928588,-0.1999999999999993,-0.9546539379474916,2.625298329355612
2026-05-08,20.73,21.17,20.55,20.68,18417010.0,383290832.0,770987950.0,0.023887545842966807,-0.07000000000000028,-0.33734939759035854,2.9879518072289204
2026-05-11,20.67,20.88,20.47,20.73,16112190.0,332582822.0,770987950.0,0.020898108718819794,0.05000000000000071,0.24177949709864865,1.9825918762088983
2026-05-12,20.67,20.87,20.22,20.83,23384374.0,480229401.0,770987950.0,0.030330401402512194,0.09999999999999787,0.4823926676314372,3.1355523396044487
2026-05-13,20.75,21.15,20.59,20.98,19780964.0,413557367.0,770987950.0,0.02565664482823629,0.15000000000000213,0.720115218434958,2.688430148823806
2026-05-14,21.15,21.2,20.66,20.7,18022550.0,376538784.0,770987950.0,0.023375916575609255,-0.28000000000000114,-1.3346043851287015,2.573879885605334
2026-05-15,20.61,20.67,20.22,20.43,15549779.0,317371888.0,770987950.0,0.020168640767991252,-0.2699999999999996,-1.304347826086949,2.1739130434782745
2026-05-18,20.3,20.41,19.98,20.06,11050304.0,222311748.0,770987950.0,0.014332654615419087,-0.370000000000001,-1.8110621634850776,2.104747919725892
2026-05-19,19.99,20.25,19.87,20.0,8169586.0,163415146.0,770987950.0,0.010596256400635055,-0.05999999999999872,-0.29910269192422456,1.8943170488534347
2026-05-20,20.11,20.5,19.98,20.22,13074824.0,265181902.0,770987950.0,0.01695853223127547,0.21999999999999886,1.0999999999999899,2.599999999999998
2026-05-21,20.22,20.41,19.75,19.82,11759340.0,235608027.0,770987950.0,0.015252300635827058,-0.3999999999999986,-1.9782393669633969,3.264094955489615
2026-05-22,19.9,19.93,19.37,19.59,11158633.0,218520288.0,770987950.0,0.014473161350965342,-0.23000000000000043,-1.160443995963678,2.8254288597376322
2026-05-25,19.5,19.79,18.97,19.15,23559351.0,454580910.0,770987950.0,0.030557353068877406,-0.4400000000000013,-2.2460438999489574,4.185809086268506
2026-05-26,19.22,19.27,18.9,19.0,13604701.0,259167033.0,770987950.0,0.017645802376029352,-0.14999999999999858,-0.7832898172323688,1.9321148825065328
2026-05-27,19.0,19.72,18.75,19.36,19233535.0,369419566.0,770987950.0,0.024946609087729582,0.35999999999999943,1.8947368421052602,5.105263157894731
2026-05-28,19.47,19.65,19.05,19.2,12263612.0,236829610.0,770987950.0,0.015906360144798633,-0.16000000000000014,-0.8264462809917328,3.0991735537189973
2026-05-29,19.13,19.9,19.1,19.63,16865342.0,329790740.0,770987950.0,0.021874974829373145,0.4299999999999997,2.2395833333333393,4.166666666666652
2026-06-01,19.64,19.69,19.3,19.61,11337112.0,221127009.0,770987950.0,0.014704655241369206,-0.019999999999999574,-0.10188487009679115,1.98675496688742
2026-06-02,19.51,19.68,18.95,18.97,10788568.0,206761077.0,770987950.0,0.013993173304459558,-0.6400000000000006,-3.2636409994900584,3.7225905150433474
2026-06-03,18.97,19.0,18.54,18.76,13164481.0,246929071.0,770987950.0,0.017074820689480297,-0.2099999999999973,-1.1070110701106861,2.424881391671064
2026-06-04,18.81,18.93,18.27,18.34,11349808.0,209212315.0,770987950.0,0.014721122424805732,-0.4200000000000017,-2.23880597014926,3.5181236673773992
2026-06-05,18.4,18.6,17.8,17.97,18230919.0,330746229.0,770987950.0,0.02364617890590897,-0.370000000000001,-2.017448200654315,4.362050163576885
2026-06-08,17.79,18.08,17.18,17.5,18338157.0,321701873.0,770987950.0,0.02378527057394347,-0.46999999999999886,-2.6154702281580344,5.008347245409007
2026-06-09,17.52,17.74,17.36,17.68,10579150.0,185450752.0,770987950.0,0.01372155038220766,0.17999999999999972,1.0285714285714231,2.171428571428566
2026-06-10,17.62,18.0,17.56,17.88,9573587.0,170738307.0,770987950.0,0.012417297831957037,0.1999999999999993,1.1312217194570096,2.488687782805437
2026-06-11,17.94,17.94,17.4,17.52,8715635.0,152954357.0,770987950.0,0.011304502229898664,-0.35999999999999943,-2.0134228187919434,3.020134228187935
2026-06-12,17.56,17.92,17.53,17.82,9596896.0,170656133.0,770987950.0,0.01244753047048271,0.3000000000000007,1.7123287671232834,2.2260273972602773
2026-06-15,17.95,17.99,17.75,17.86,12653812.0,225999730.0,770987950.0,0.01641246403397096,0.03999999999999915,0.22446689113355678,1.346801346801338
2026-06-16,17.78,17.82,17.41,17.71,13110918.0,230919840.0,770987950.0,0.017005347489542477,-0.14999999999999858,-0.8398656215005573,2.295632698768198
2026-06-17,17.69,17.69,17.27,17.43,8693797.0,151797655.0,770987950.0,0.011276177532995165,-0.28000000000000114,-1.5810276679841917,2.371541501976294
2026-06-18,17.43,17.61,17.11,17.45,8929098.0,155261094.0,770987950.0,0.011581371667352259,0.019999999999999574,0.11474469305794432,2.8686173264486516
