date,open,high,low,close,volume,amount,outstanding_share,turnover,change,pct_chg,amplitude
2023-03-06,14.57,14.59,14.2,14.38,20307508.0,291800791.0,1205738450.0,0.01684238235912606,,,
2023-03-07,14.3,14.45,13.92,13.92,23546708.0,331955941.0,1205738450.0,0.019528868802350958,-0.46000000000000085,-3.198887343532686,3.685674547983306
2023-03-08,13.75,14.18,13.75,14.17,14675428.0,205904071.0,1205738450.0,0.012171319575982668,0.25,1.7959770114942541,3.0890804597701127
2023-03-09,14.17,14.17,13.65,13.88,18744275.0,259839772.0,1205738450.0,0.015545888082112666,-0.28999999999999915,-2.0465772759350687,3.6697247706421985
2023-03-10,13.68,13.82,13.39,13.48,17932902.0,243353760.0,1205738450.0,0.014872961876599358,-0.40000000000000036,-2.8818443804034644,3.0979827089337153
2023-03-13,13.24,13.68,13.13,13.64,19472916.0,261299874.0,1205738450.0,0.01615019907509792,0.16000000000000014,1.1869436201780381,4.080118694362009
2023-03-14,13.55,13.75,13.03,13.16,20474408.0,272496304.0,1205738450.0,0.016980803755574023,-0.4800000000000004,-3.5190615835777206,5.278592375366573
2023-03-15,13.2,13.5,13.17,13.29,15979127.0,213065585.0,1205738450.0,0.013252564849366792,0.129999999999999,0.9878419452887366,2.507598784194529
2023-03-16,13.18,13.5,13.09,13.28,14682985.0,195119012.0,1205738450.0,0.012177587104400627,-0.009999999999999787,-0.07524454477050302,3.085026335590671
2023-03-17,13.45,13.48,13.28,13.45,14587248.0,195472219.0,1205738450.0,0.01209818597059752,0.16999999999999993,1.2801204819277157,1.5060240963855502
2023-03-20,13.0,13.2,12.65,12.94,27954975.0,361519858.0,1205738450.0,0.023184941145403468,-0.5099999999999998,-3.7918215613382933,4.089219330855011
2023-03-21,12.98,13.26,12.84,13.24,16587818.0,216879765.0,1205738450.0,0.01375739323897318,0.3000000000000007,2.3183925811437467,3.2457496136012365
2023-03-22,13.2,13.32,13.1,13.3,12490365.0,165298135.0,1205738450.0,0.010359099852874394,0.0600000000000005,0.45317220543807935,1.6616314199395819
2023-03-23,13.2,13.31,13.05,13.3,13265001.0,174639194.0,1205738450.0,0.011001557593191127,0.0,0.0,1.9548872180451111
2023-03-24,13.28,13.53,13.11,13.29,19027882.0,253234731.0,1205738450.0,0.015781102443900664,-0.010000000000001563,-0.07518796992482812,3.157894736842105
2023-03-27,13.17,13.33,12.95,13.1,16430182.0,215716028.0,1205738450.0,0.013626655100863708,-0.1899999999999995,-1.4296463506395796,2.859292701279163
2023-03-28,13.03,13.04,12.68,12.7,22429550.0,288078349.0,1205738450.0,0.018602334527857183,-0.40000000000000036,-3.053435114503822,2.748091603053431
2023-03-29,12.67,12.79,12.4,12.62,20748818.0,261515379.0,1205738450.0,0.017208390426630252,-0.08000000000000007,-0.6299212598425252,3.070866141732274
2023-03-30,12.68,12.68,12.1,12.16,20889335.0,256715178.0,1205738450.0,0.017324930626538452,-0.4599999999999991,-3.6450079239302657,4.595879556259906
2023-03-31,12.2,12.96,12.15,12.85,29192396.0,368220870.0,1207547762.0,0.0241749410819578,0.6899999999999995,5.674342105263164,6.6611842105263195
2023-04-03,12.76,12.76,12.36,12.55,23180451.0,289778894.0,1207547762.0,0.01919630157038873,-0.29999999999999893,-2.3346303501945442,3.1128404669260727
2023-04-04,12.92,13.81,12.89,13.34,64324088.0,869418723.0,1207547762.0,0.0532683592518637,0.7899999999999991,6.294820717131477,7.330677290836653
2023-04-06,13.05,13.06,12.62,12.69,39712999.0,506472273.0,1207547762.0,0.03288731116873206,-0.6500000000000004,-4.872563718140932,3.298350824587716
2023-04-07,12.57,12.89,12.54,12.67,20407941.0,259612246.0,1207547762.0,0.0169003178526035,-0.019999999999999574,-0.1576044129235621,2.7580772261623436
2023-04-10,12.4,12.55,11.89,11.91,34233039.0,416304979.0,1207547762.0,0.028349221519239583,-0.7599999999999998,-5.998421468034731,5.20915548539858
2023-04-11,11.98,12.55,11.59,12.14,33456178.0,404573856.0,1207547762.0,0.027705883819111415,0.23000000000000043,1.9311502938706981,8.060453400503786
2023-04-12,11.91,12.32,11.9,12.2,24773312.0,300948229.0,1207547762.0,0.020515388939125044,0.05999999999999872,0.49423393739702615,3.459637561779241
2023-04-13,12.17,12.35,12.1,12.15,19307680.0,236073819.0,1207547762.0,0.01598916465881372,-0.049999999999998934,-0.4098360655737654,2.0491803278688527
2023-04-14,12.13,12.22,11.75,11.89,20378746.0,242490235.0,1207547762.0,0.016876140755085096,-0.2599999999999998,-2.139917695473248,3.8683127572016516
2023-04-17,11.84,11.85,11.47,11.58,18547109.0,214930544.0,1207547762.0,0.015359317108319894,-0.3100000000000005,-2.607232968881412,3.195962994112691
2023-04-18,11.49,11.59,11.34,11.5,16046910.0,184171561.0,1207547762.0,0.013288840826819403,-0.08000000000000007,-0.6908462867012077,2.158894645941278
2023-04-19,11.47,11.74,11.46,11.49,16412886.0,190148924.0,1207547762.0,0.013591914553190153,-0.009999999999999787,-0.08695652173912327,2.4347826086956466
2023-04-20,11.43,11.74,11.4,11.74,17424513.0,201010284.0,1207547762.0,0.01442966775172575,0.25,2.1758050478677182,2.9590948651000857
2023-04-21,11.73,11.75,10.99,11.02,26113103.0,294199593.0,1207547762.0,0.021624902816887503,-0.7200000000000006,-6.132879045996598,6.473594548551957
2023-04-24,10.86,11.14,10.76,11.01,16632614.0,183048242.0,1207547762.0,0.013773876713954773,-0.009999999999999787,-0.09074410163338875,3.4482758620689724
2023-04-25,10.95,11.06,10.59,10.77,20561523.0,221803076.0,1207547762.0,0.017027502883981162,-0.2400000000000002,-2.1798365122615793,4.268846503178934
2023-04-26,10.77,11.12,10.74,10.98,21043631.0,230072531.0,1207547762.0,0.01742674837568868,0.21000000000000085,1.9498607242339983,3.5283194057567226
2023-04-27,10.89,11.19,10.81,10.98,16537487.0,181511155.0,1207547762.0,0.01369509970571251,0.0,0.0,3.4608378870673864
2023-04-28,11.2,11.54,11.14,11.4,24883247.0,282818706.0,1207547762.0,0.02060642881635352,0.41999999999999993,3.825136612021862,3.6429872495446136
2023-05-04,11.15,11.44,11.15,11.36,19526024.0,220264677.0,1207547762.0,0.016169980695140404,-0.040000000000000924,-0.35087719298246833,2.5438596491227994
2023-05-05,11.42,11.42,11.15,11.3,15496905.0,174493069.0,1207547762.0,0.012833368159561046,-0.05999999999999872,-0.5281690140845008,2.376760563380278
2023-05-08,11.15,11.39,11.08,11.32,16856843.0,189172023.0,1207547762.0,0.013959566263516457,0.019999999999999574,0.1769911504424737,2.7433628318584113
2023-05-09,11.32,11.54,11.17,11.19,20843059.0,236873741.0,1207547762.0,0.017260649769644473,-0.13000000000000078,-1.148409893992941,3.268551236749109
2023-05-10,11.1,11.36,11.09,11.22,15101178.0,169643593.0,1207547762.0,0.012505656898397697,0.030000000000001137,0.2680965147453085,2.412868632707771
2023-05-11,11.25,11.67,11.25,11.47,26170080.0,300689967.0,1207547762.0,0.021672086871873147,0.25,2.2281639928698693,3.7433155080213893
2023-05-12,11.42,11.42,11.02,11.02,19800817.0,221158037.0,1207547762.0,0.016397543536667166,-0.45000000000000107,-3.923278116826512,3.487358326068006
2023-05-15,10.97,11.04,10.65,10.89,17329323.0,187559513.0,1207547762.0,0.014350838571634071,-0.129999999999999,-1.1796733212341093,3.5390199637023487
2023-05-16,10.96,10.97,10.45,10.51,17406338.0,184214649.0,1207547762.0,0.014414616587231935,-0.3800000000000008,-3.489439853076226,4.775022956841151
2023-05-17,10.95,11.56,10.85,10.92,49302572.0,553497223.0,1207547762.0,0.04082867241486387,0.41000000000000014,3.9010466222645146,6.755470980019037
2023-05-18,10.68,11.56,10.3,11.06,60321478.0,652245765.0,1207547762.0,0.049953699471143566,0.14000000000000057,1.2820512820512775,11.538461538461537
2023-05-19,10.91,11.09,10.62,10.69,29559661.0,318386269.0,1207547762.0,0.024479082260930065,-0.370000000000001,-3.345388788426773,4.249547920434002
2023-05-22,10.6,10.66,10.37,10.4,18349188.0,191527683.0,1207547762.0,0.015195413860574072,-0.28999999999999915,-2.7128157156220634,2.7128157156220856
2023-05-23,10.4,10.43,10.06,10.07,17629943.0,179739226.0,1207547762.0,0.014599789387047035,-0.33000000000000007,-3.173076923076923,3.5576923076923
2023-05-24,9.99,10.29,9.78,10.09,28170766.0,282300998.0,1207547762.0,0.0233289041531096,0.019999999999999574,0.19860973187686426,5.064548162859977
2023-05-25,10.36,10.43,9.88,10.01,21123266.0,213468264.0,1207547762.0,0.017492696077722514,-0.08000000000000007,-0.7928642220019877,5.450941526263617
2023-05-26,9.89,10.0,9.75,9.89,16229178.0,160450674.0,1207547762.0,0.013439781440297184,-0.11999999999999922,-1.1988011988011915,2.4975024975024978
2023-05-29,9.86,9.93,9.59,9.64,19332461.0,187266087.0,1207547762.0,0.01600968641437472,-0.25,-2.5278058645096024,3.437815975733062
2023-05-30,9.6,9.75,9.47,9.74,15800214.0,152111328.0,1207547762.0,0.01308454580200696,0.09999999999999964,1.0373443983402453,2.9045643153526903
2023-05-31,9.7,9.83,9.66,9.67,11110848.0,108199222.0,1207547762.0,0.009201166487690447,-0.07000000000000028,-0.7186858316221789,1.7453798767967137
2023-06-01,9.69,10.08,9.58,9.93,25669349.0,254872223.0,1207547762.0,0.021257419215853758,0.2599999999999998,2.6887280248190315,5.170630816959669
2023-06-02,9.92,10.11,9.89,10.05,14917081.0,149659043.0,1207547762.0,0.012353201645037705,0.120000000000001,1.2084592145015227,2.215508559919425
2023-06-05,9.98,10.23,9.93,10.08,16787948.0,169524779.0,1207547762.0,0.013902512619620921,0.02999999999999936,0.29850746268655914,2.9850746268656785
2023-06-06,10.14,10.21,9.81,9.86,16722183.0,167646289.0,1207547762.0,0.013848051005704236,-0.22000000000000064,-2.182539682539686,3.9682539682539715
2023-06-07,9.84,10.27,9.71,10.06,18508446.0,185976107.0,1207547762.0,0.015327299327146614,0.20000000000000107,2.0283975659229236,5.679513184584166
2023-06-08,10.02,10.11,9.84,10.03,14268150.0,142345812.0,1207547762.0,0.011815805924204927,-0.030000000000001137,-0.29821073558649047,2.683896620278326
2023-06-09,10.17,10.32,10.06,10.23,21620681.0,220492530.0,1207547762.0,0.01790461767258859,0.20000000000000107,1.9940179461615193,2.592223330009968
2023-06-12,10.26,10.35,10.08,10.09,15355788.0,156067392.0,1207547762.0,0.012716505701246127,-0.14000000000000057,-1.3685239491691203,2.63929618768328
2023-06-13,10.13,10.68,10.09,10.4,33391507.0,349133804.0,1207547762.0,0.027652328173500437,0.3100000000000005,3.07234886025769,5.847373637264617
2023-06-14,10.53,11.18,10.45,11.0,55350927.0,603180913.0,1207547762.0,0.0458374639428962,0.5999999999999996,5.769230769230771,7.019230769230774
2023-06-15,10.8,10.88,10.59,10.61,31985057.0,341608935.0,1207547762.0,0.02648761233843436,-0.39000000000000057,-3.5454545454545516,2.6363636363636447
2023-06-16,10.57,10.71,10.39,10.62,19853400.0,209760144.0,1207547762.0,0.01644108881218729,0.009999999999999787,0.09425070688029447,3.016022620169654
2023-06-19,10.49,10.8,10.42,10.43,20293084.0,214006820.0,1207547762.0,0.01680520194612393,-0.1899999999999995,-1.7890772128060228,3.5781544256120603
2023-06-20,10.4,10.62,10.29,10.34,16560519.0,172284158.0,1207547762.0,0.013714173071358813,-0.08999999999999986,-0.8628954937679789,3.1639501438159163
2023-06-21,10.33,10.35,9.97,10.01,18129128.0,183000257.0,1207547762.0,0.015013176762444283,-0.33000000000000007,-3.1914893617021267,3.6750483558994103
2023-06-26,9.87,9.97,9.53,9.56,17675145.0,171320414.0,1207547762.0,0.014637222274939713,-0.4499999999999993,-4.495504495504488,4.395604395604408
2023-06-27,9.58,10.02,9.54,9.84,15975707.0,156780749.0,1207547762.0,0.013229875871361187,0.27999999999999936,2.9288702928870203,5.020920502092054
2023-06-28,9.88,9.9,9.56,9.72,14433002.0,139715087.0,1207547762.0,0.011952323919755647,-0.11999999999999922,-1.2195121951219412,3.455284552845527
2023-06-29,9.65,9.76,9.63,9.68,9195200.0,89055442.0,1207547762.0,0.007614771265668579,-0.040000000000000924,-0.4115226337448652,1.3374485596707717
2023-06-30,9.65,9.84,9.62,9.82,11912512.0,116347673.0,1207653527.0,0.009864180192138833,0.14000000000000057,1.446280991735538,2.2727272727272796
2023-07-03,9.77,9.91,9.71,9.83,11623260.0,113905965.0,1207653527.0,0.009624664475475837,0.009999999999999787,0.10183299389001643,2.0366598778004
2023-07-04,9.84,9.86,9.73,9.78,8620368.0,84192084.0,1207653527.0,0.0071381135460386064,-0.05000000000000071,-0.5086469989827092,1.3224821973550256
2023-07-05,9.79,10.3,9.6,10.09,27161281.0,270777935.0,1207653527.0,0.02249095489123678,0.3100000000000005,3.16973415132924,7.157464212678947
2023-07-06,9.99,10.05,9.83,9.83,15136473.0,150307399.0,1207653527.0,0.012533787764112578,-0.2599999999999998,-2.5768087215064406,2.180376610505457
2023-07-07,9.73,10.17,9.66,10.01,19977853.0,199516477.0,1207653527.0,0.016542702483242945,0.17999999999999972,1.831129196337744,5.188199389623599
2023-07-10,9.92,10.1,9.89,9.95,11633696.0,115998953.0,1207653527.0,0.009633306026853512,-0.0600000000000005,-0.5994005994006013,2.0979020979020886
2023-07-11,9.95,10.09,9.84,9.98,10741044.0,106973315.0,1207653527.0,0.008894143692589075,0.030000000000001137,0.3015075376884502,2.512562814070352
2023-07-12,9.96,10.11,9.91,10.0,13358390.0,133637415.0,1207653527.0,0.011061442459563984,0.019999999999999574,0.2004008016031955,2.004008016032057
2023-07-13,10.0,10.16,10.0,10.09,16138780.0,162648048.0,1207653527.0,0.013363750147851803,0.08999999999999986,0.8999999999999897,1.6000000000000014
2023-07-14,10.08,10.15,10.02,10.13,13991058.0,141140542.0,1207653527.0,0.011585324505080504,0.040000000000000924,0.3964321110009994,1.2884043607532287
2023-07-17,9.93,9.93,9.61,9.79,14282066.0,139596842.0,1207653527.0,0.01182629428117424,-0.34000000000000163,-3.3563672260612187,3.1589338598223127
2023-07-18,9.85,9.88,9.67,9.7,9709224.0,94442678.0,1207653527.0,0.008039743008178205,-0.08999999999999986,-0.9193054136874323,2.1450459652706932
2023-07-19,9.65,9.85,9.65,9.73,8616917.0,84146970.0,1207653527.0,0.007135255938353253,0.030000000000001137,0.309278350515485,2.0618556701030855
2023-07-20,9.74,9.83,9.68,9.68,9115150.0,88698698.0,1207653527.0,0.007547818804159382,-0.05000000000000071,-0.5138746145940454,1.5416238437821206
2023-07-21,9.7,9.98,9.65,9.85,15062745.0,148327075.0,1207653527.0,0.012472737141271149,0.16999999999999993,1.7561983471074294,3.40909090909091
2023-07-24,9.76,10.39,9.68,10.16,24581121.0,247296048.0,1207653527.0,0.020354448068448362,0.3100000000000005,3.1472081218274273,7.208121827411176
2023-07-25,10.11,10.27,10.06,10.14,19192331.0,194759719.0,1207653527.0,0.015892249366982556,-0.019999999999999574,-0.19685039370078705,2.0669291338582587
2023-07-26,10.19,10.66,10.03,10.36,33883676.0,352769757.0,1207653527.0,0.028057447970339922,0.21999999999999886,2.1696252465483123,6.213017751479297
2023-07-27,10.25,10.53,10.17,10.22,20692100.0,213170338.0,1207653527.0,0.01713413618838377,-0.1399999999999988,-1.3513513513513375,3.4749034749034693
2023-07-28,10.22,10.23,10.01,10.11,15738689.0,158935487.0,1207653527.0,0.013032453968065958,-0.11000000000000121,-1.0763209393346518,2.1526418786692822
2023-07-31,10.1,10.2,10.0,10.11,14638399.0,148100057.0,1207653527.0,0.0121213565585852,0.0,0.0,1.9782393669633958
2023-08-01,10.15,10.31,10.01,10.18,19248975.0,195477923.0,1207653527.0,0.015939153548300777,0.07000000000000028,0.6923837784371889,2.967359050445111
2023-08-02,10.18,10.34,10.05,10.08,12825959.0,129973392.0,1207653527.0,0.010620561869149413,-0.09999999999999964,-0.9823182711198419,2.8487229862475356
2023-08-03,10.01,10.65,9.89,10.25,26376761.0,269465941.0,1207653527.0,0.021841331483148145,0.16999999999999993,1.6865079365079305,7.539682539682538
2023-08-04,10.16,10.65,10.13,10.37,33244639.0,346050170.0,1207653527.0,0.027528292061204735,0.11999999999999922,1.1707317073170742,5.073170731707314
2023-08-07,10.3,10.5,10.28,10.4,19399000.0,201593965.0,1207653527.0,0.016063382059745352,0.030000000000001137,0.2892960462873795,2.1215043394407007
2023-08-08,10.66,11.43,10.66,10.89,64610204.0,714613651.0,1207653527.0,0.05350061301149994,0.4900000000000002,4.711538461538467,7.40384615384615
2023-08-09,10.83,11.11,10.61,10.67,34061847.0,368846843.0,1207653527.0,0.02820498283527971,-0.22000000000000064,-2.020202020202022,4.591368227731864
2023-08-10,10.68,11.54,10.48,11.23,55161693.0,608753026.0,1207653527.0,0.04567675394202695,0.5600000000000005,5.248359887535159,9.934395501405799
2023-08-11,11.14,11.6,10.97,11.4,48147236.0,542639888.0,1207653527.0,0.039868418319950805,0.16999999999999993,1.513802315227064,5.609973285841487
2023-08-14,11.11,11.67,11.1,11.4,38101169.0,435692049.0,1207653527.0,0.031549751769159536,0.0,0.0,5.000000000000003
2023-08-15,11.4,11.4,10.78,10.82,34738812.0,382167358.0,1207653527.0,0.02876554510323556,-0.5800000000000001,-5.087719298245618,5.438596491228079
2023-08-16,10.82,11.28,10.68,11.02,28728998.0,315193296.0,1207653527.0,0.02378910619452859,0.1999999999999993,1.8484288354898348,5.545286506469497
2023-08-17,10.96,11.99,10.73,11.58,45903759.0,522403222.0,1207653527.0,0.038010702551444626,0.5600000000000005,5.081669691470059,11.43375680580762
2023-08-18,11.45,11.89,11.4,11.48,44972059.0,524598027.0,1207653527.0,0.03723920644004379,-0.09999999999999964,-0.8635578583765069,4.231433506044907
2023-08-21,11.31,11.75,11.25,11.37,24246988.0,278118304.0,1207653527.0,0.020077768546938546,-0.11000000000000121,-0.9581881533101133,4.355400696864111
2023-08-22,11.3,11.63,11.17,11.58,33936345.0,389134309.0,1207653527.0,0.02810106064468936,0.21000000000000085,1.8469656992084582,4.0457343887423125
2023-08-23,11.52,11.95,11.43,11.72,40763242.0,478015725.0,1207653527.0,0.03375408682096285,0.14000000000000057,1.2089810017271274,4.4905008635578545
2023-08-24,11.6,11.97,11.11,11.13,42549769.0,492422161.0,1207653527.0,0.03523342419717042,-0.5899999999999999,-5.034129692832767,7.337883959044378
2023-08-25,10.98,11.27,10.63,10.76,31793373.0,347930110.0,1207653527.0,0.026326568249239252,-0.370000000000001,-3.324348607367489,5.750224618149135
2023-08-28,11.15,11.26,10.28,10.33,37145204.0,397467850.0,1207653527.0,0.03075816297433792,-0.4299999999999997,-3.9962825278810343,9.107806691449818
2023-08-29,10.2,10.59,10.15,10.54,22774109.0,237806930.0,1207653527.0,0.018858148045635608,0.20999999999999908,2.0329138431752103,4.259438528557594
2023-08-30,10.5,10.64,10.39,10.43,17172310.0,180190279.0,1207653527.0,0.0142195668012983,-0.10999999999999943,-1.0436432637571103,2.3719165085388996
2023-08-31,10.36,10.4,10.18,10.26,14470827.0,148585526.0,1207653527.0,0.011982598217510113,-0.16999999999999993,-1.6299137104506256,2.109300095877283
2023-09-01,10.33,10.6,10.27,10.45,15349779.0,159927086.0,1207653527.0,0.012710416238448166,0.1899999999999995,1.8518518518518379,3.2163742690058483
2023-09-04,10.45,10.71,10.21,10.54,21038773.0,219909926.0,1207653527.0,0.01742119948282153,0.08999999999999986,0.8612440191387627,4.784688995215311
2023-09-05,10.52,10.52,10.27,10.28,15746464.0,162876182.0,1207653527.0,0.013038892072891698,-0.2599999999999998,-2.4667931688804545,2.3719165085388996
2023-09-06,10.22,10.28,10.12,10.17,11413778.0,116265949.0,1207653527.0,0.009451202472246827,-0.10999999999999943,-1.0700389105058328,1.5564202334630364
2023-09-07,10.16,10.34,10.12,10.18,10575839.0,108078880.0,1207653527.0,0.00875734535075804,0.009999999999999787,0.0983284169124854,2.163225172074736
2023-09-08,10.13,10.29,10.11,10.17,9723326.0,99171800.0,1207653527.0,0.008051420198435771,-0.009999999999999787,-0.09823182711198308,1.7681728880157142
2023-09-11,10.11,10.11,9.86,10.01,15372099.0,153628834.0,1207653527.0,0.012728898360597426,-0.16000000000000014,-1.5732546705997996,2.4582104228121926
2023-09-12,9.93,10.03,9.88,9.99,9513682.0,94639085.0,1207653527.0,0.007877824050771807,-0.019999999999999574,-0.19980019980019303,1.4985014985014844
2023-09-13,9.95,9.96,9.76,9.81,12407886.0,122414227.0,1207653527.0,0.01027437565708364,-0.17999999999999972,-1.8018018018017945,2.002002002002013
2023-09-14,9.92,10.2,9.84,10.11,20586861.0,207545142.0,1207653527.0,0.017046992816839593,0.29999999999999893,3.0581039755351647,3.669724770642196
2023-09-15,10.12,10.12,10.0,10.11,9639061.0,96849427.0,1207653527.0,0.007981644390957839,0.0,0.0,1.186943620178034
2023-09-18,9.96,10.07,9.88,10.0,8665192.0,86456494.0,1207653527.0,0.007175230151917571,-0.10999999999999943,-1.0880316518298683,1.8793273986152277
2023-09-19,9.99,11.0,9.93,11.0,26269769.0,277757551.0,1207653527.0,0.02175273653632943,1.0,10.000000000000009,10.700000000000003
2023-09-20,10.84,11.57,10.73,11.02,58169915.0,650508060.0,1207653527.0,0.04816771838898459,0.019999999999999574,0.1818181818181719,7.636363636363636
2023-09-21,10.95,11.4,10.91,11.07,37317117.0,414548876.0,1207653527.0,0.030900515889438544,0.05000000000000071,0.45372050816696596,4.4464609800363
2023-09-22,11.0,11.18,10.81,11.01,29011946.0,318583140.0,1207653527.0,0.024023401870957313,-0.0600000000000005,-0.5420054200542035,3.342366757000896
2023-09-25,10.94,11.5,10.9,11.33,40601415.0,454787692.0,1207653527.0,0.03362008563901623,0.3200000000000003,2.906448683015439,5.449591280653948
2023-09-26,11.21,11.27,10.88,10.9,26272599.0,290102265.0,1207653527.0,0.02175507992368079,-0.4299999999999997,-3.7952338923212703,3.4421888790820727
2023-09-27,10.9,11.49,10.88,11.16,32711548.0,367024119.0,1207653527.0,0.027086864956425535,0.2599999999999998,2.3853211009174258,5.596330275229352
2023-09-28,11.21,11.48,11.11,11.23,26916594.0,302988808.0,1207667997.0,0.022288074261191174,0.07000000000000028,0.6272401433691677,3.3154121863799375
2023-10-09,11.04,11.07,10.7,10.76,26434439.0,285758477.0,1207667997.0,0.021888829600243187,-0.47000000000000064,-4.185218165627791,3.2947462154942206
2023-10-10,10.78,10.96,10.68,10.72,17701583.0,191143026.0,1207667997.0,0.014657656776508916,-0.03999999999999915,-0.3717472118959009,2.602230483271386
2023-10-11,10.63,10.78,10.56,10.6,18976679.0,201983155.0,1207667997.0,0.015713490004819593,-0.120000000000001,-1.1194029850746356,2.0522388059701386
2023-10-12,10.65,10.75,10.3,10.36,20323772.0,211761090.0,1207667997.0,0.016828939783522307,-0.2400000000000002,-2.264150943396226,4.245283018867918
2023-10-13,10.36,10.5,10.3,10.3,13261132.0,137566069.0,1207667997.0,0.010980776200861768,-0.05999999999999872,-0.5791505791505669,1.930501930501924
2023-10-16,10.26,10.7,10.11,10.41,25187574.0,261463817.0,1207667997.0,0.020856372829758774,0.10999999999999943,1.0679611650485477,5.728155339805824
2023-10-17,10.4,10.42,10.13,10.18,18153717.0,185313506.0,1207667997.0,0.015032042784189138,-0.23000000000000043,-2.2094140249759864,2.785782901056668
2023-10-18,10.1,10.36,10.0,10.21,15487526.0,157834663.0,1207667997.0,0.012824324266663498,0.030000000000001137,0.29469548133596035,3.5363457760314283
2023-10-19,10.16,10.6,10.09,10.3,24424121.0,252514140.0,1207667997.0,0.020224201569199983,0.08999999999999986,0.8814887365328206,4.995102840352593
2023-10-20,10.1,10.49,10.06,10.33,17899924.0,184279746.0,1207667997.0,0.014821891483806538,0.02999999999999936,0.2912621359223211,4.174757281553395
2023-10-23,10.16,10.55,10.16,10.22,19054728.0,197089451.0,1207667997.0,0.015778117866279768,-0.10999999999999943,-1.0648596321393922,3.775411423039696
2023-10-24,10.19,10.38,9.75,10.21,22662372.0,229578096.0,1207667997.0,0.018765399146368204,-0.009999999999999787,-0.09784735812132794,6.1643835616438425
2023-10-25,10.24,10.49,10.21,10.41,22453843.0,232999626.0,1207667997.0,0.01859272834568622,0.1999999999999993,1.9588638589618013,2.7424094025465164
2023-10-26,10.35,10.39,10.1,10.15,19560906.0,199348482.0,1207667997.0,0.01619725458370327,-0.2599999999999998,-2.497598463016326,2.785782901056685
2023-10-27,10.08,10.28,10.08,10.23,13946658.0,142467339.0,1207667997.0,0.011548420621102208,0.08000000000000007,0.7881773399014858,1.9704433497536877
2023-10-30,10.11,10.41,10.06,10.37,18387986.0,189082588.0,1207667997.0,0.015226027389711478,0.1399999999999988,1.3685239491691092,3.421309872922772
2023-10-31,10.37,10.5,10.23,10.31,13724744.0,142104252.0,1207667997.0,0.01136466647629481,-0.05999999999999872,-0.5785920925747257,2.6036644165863025
2023-11-01,10.48,10.6,10.28,10.34,16507936.0,171838345.0,1207667997.0,0.013669266752955118,0.02999999999999936,0.29097963142579175,3.103782735208538
2023-11-02,10.36,10.5,10.3,10.38,17096822.0,177963572.0,1207667997.0,0.014156889180197429,0.040000000000000924,0.3868471953578423,1.9342359767891615
2023-11-03,10.31,10.65,10.1,10.56,27918506.0,290317009.0,1207667997.0,0.02311769962386442,0.17999999999999972,1.7341040462427681,5.298651252408485
2023-11-06,10.47,10.97,10.42,10.93,37733650.0,406742272.0,1207667997.0,0.031245052525806064,0.3699999999999992,3.5037878787878673,5.20833333333334
2023-11-07,10.93,11.09,10.89,10.98,35899333.0,394460932.0,1207667997.0,0.029726160740516833,0.05000000000000071,0.45745654162854255,1.8298261665141746
2023-11-08,10.89,11.33,10.83,11.15,38069199.0,423331116.0,1207667997.0,0.03152290123988439,0.16999999999999993,1.5482695810564717,4.553734061930783
2023-11-09,11.18,11.2,10.95,10.98,26871277.0,296802351.0,1207667997.0,0.022250549875256816,-0.16999999999999993,-1.5246636771300448,2.242152466367713
2023-11-10,10.76,10.93,10.71,10.86,21365756.0,231200281.0,1207667997.0,0.017691746451073673,-0.120000000000001,-1.0928961748634003,2.0036429872495343
2023-11-13,10.89,10.92,10.77,10.79,14164944.0,153314141.0,1207667997.0,0.011729170629003593,-0.07000000000000028,-0.6445672191528584,1.381215469613263
2023-11-14,10.72,10.86,10.65,10.79,16661158.0,178681873.0,1207667997.0,0.013796141026663307,0.0,0.0,1.9462465245597693
2023-11-15,10.79,10.88,10.72,10.8,16122565.0,173962915.0,1207667997.0,0.013350163323074296,0.010000000000001563,0.0926784059314345,1.4828544949026892
2023-11-16,10.72,10.99,10.68,10.82,18483719.0,200787634.0,1207667997.0,0.015305298348483105,0.019999999999999574,0.18518518518517713,2.8703703703703747
2023-11-17,10.8,11.06,10.77,10.98,20692609.0,226320841.0,1207667997.0,0.01713435236455968,0.16000000000000014,1.4787430683918634,2.6802218114602674
2023-11-20,10.93,11.07,10.79,10.81,18885448.0,205333700.0,1207667997.0,0.015637946891789666,-0.16999999999999993,-1.5482695810564606,2.550091074681249
2023-11-21,10.8,11.05,10.74,10.85,23787877.0,259226048.0,1207667997.0,0.019697364722003147,0.03999999999999915,0.37002775208139216,2.867715078630902
2023-11-22,10.81,11.22,10.81,10.96,29242305.0,323033910.0,1207667997.0,0.024213860988816116,0.11000000000000121,1.0138248847926468,3.7788018433179733
2023-11-23,10.91,10.96,10.68,10.75,17661316.0,190111481.0,1207667997.0,0.014624314003412313,-0.21000000000000085,-1.9160583941605913,2.5547445255474552
2023-11-24,10.7,10.93,10.51,10.61,18458447.0,198076364.0,1207667997.0,0.015284372067367121,-0.14000000000000057,-1.3023255813953583,3.9069767441860455
2023-11-27,10.51,10.61,10.36,10.38,14055535.0,146703400.0,1207667997.0,0.01163857536584204,-0.22999999999999865,-2.167766258246928,2.35626767200754
2023-11-28,10.47,10.49,10.26,10.38,10909205.0,112911094.0,1207667997.0,0.00903328152033493,0.0,0.0,2.215799614643549
2023-11-29,10.34,10.41,10.27,10.3,7533578.0,77827517.0,1207667997.0,0.006238120094855838,-0.08000000000000007,-0.770712909441229,1.3487475915221634
2023-11-30,10.28,10.37,10.21,10.28,9016698.0,92807924.0,1207667997.0,0.007466205962564726,-0.02000000000000135,-0.1941747572815622,1.5533980582524112
2023-12-01,10.32,10.51,10.3,10.49,12564883.0,130913415.0,1207667997.0,0.010404252684688803,0.21000000000000085,2.0428015564202484,2.0428015564202244
2023-12-04,10.41,10.54,10.41,10.41,10477918.0,109513957.0,1207667997.0,0.008676157707274245,-0.08000000000000007,-0.7626310772164024,1.239275500476635
2023-12-05,10.48,10.48,10.12,10.12,11398671.0,116672675.0,1207667997.0,0.009438579997412981,-0.2900000000000009,-2.785782901056688,3.4582132564841612
2023-12-06,10.12,10.3,10.0,10.22,10705200.0,109001711.0,1207667997.0,0.008864356782321855,0.10000000000000142,0.9881422924901351,2.964426877470363
2023-12-07,10.26,10.39,10.13,10.37,13338738.0,136982495.0,1207667997.0,0.011045037239651221,0.14999999999999858,1.4677103718199414,2.5440313111545967
2023-12-08,10.36,10.37,10.15,10.16,10541410.0,107830130.0,1207667997.0,0.008728731759213787,-0.20999999999999908,-2.0250723240115676,2.121504339440684
2023-12-11,10.08,10.39,10.05,10.37,17141498.0,176091215.0,1207667997.0,0.014193882791116141,0.20999999999999908,2.066929133858264,3.346456692913384
2023-12-12,10.32,10.47,10.3,10.38,9026825.0,93782903.0,1207667997.0,0.007474591545378179,0.010000000000001563,0.0964320154291265,1.6393442622950813
2023-12-13,10.38,10.48,10.27,10.27,10849774.0,112749671.0,1207667997.0,0.00898407014755066,-0.11000000000000121,-1.0597302504817052,2.023121387283245
2023-12-14,10.3,10.55,10.28,10.4,17400294.0,181346581.0,1207667997.0,0.01440817678635563,0.13000000000000078,1.2658227848101333,2.629016553067199
2023-12-15,10.38,10.46,10.26,10.32,12146581.0,125839648.0,1207667997.0,0.010057880998895097,-0.08000000000000007,-0.7692307692307665,1.9230769230769333
2023-12-18,10.28,10.3,9.94,9.95,15691500.0,157988885.0,1207667997.0,0.012993223335370044,-0.370000000000001,-3.5852713178294637,3.4883720930232673
2023-12-19,9.94,10.07,9.87,9.95,9619397.0,95908601.0,1207667997.0,0.007965266135970978,0.0,0.0,2.0100502512562923
2023-12-20,9.96,10.01,9.65,9.65,12636306.0,123488157.0,1207667997.0,0.010463393938888984,-0.29999999999999893,-3.015075376884413,3.618090452261301
2023-12-21,9.6,9.74,9.57,9.61,10034933.0,96879879.0,1207667997.0,0.0083093474571886,-0.040000000000000924,-0.4145077720207335,1.761658031088082
2023-12-22,9.6,9.62,9.09,9.15,24107674.0,223766398.0,1207667997.0,0.019962170116196266,-0.4599999999999991,-4.786680541103006,5.515088449531731
2023-12-25,9.15,9.22,8.81,8.84,17455373.0,156463605.0,1207667997.0,0.014453784519720117,-0.3100000000000005,-3.3879781420765087,4.480874316939892
2023-12-26,8.96,8.98,8.58,8.6,14362601.0,124745253.0,1207667997.0,0.01189283895547329,-0.2400000000000002,-2.714932126696834,4.524886877828059
2023-12-27,8.6,9.18,8.57,8.83,20405401.0,181034244.0,1207667997.0,0.016896532035865483,0.23000000000000043,2.674418604651163,7.093023255813947
2023-12-28,8.8,8.95,8.68,8.86,13903176.0,122866075.0,1207667997.0,0.011512415692505926,0.02999999999999936,0.3397508493771184,3.057757644394106
2023-12-29,8.87,9.01,8.85,8.96,11013435.0,98598578.0,1210684345.0,0.009096867441529526,0.10000000000000142,1.1286681715575675,1.8058690744921009
2024-01-02,8.9,9.02,8.88,8.9,8318705.0,74523092.0,1210684345.0,0.006871076704968874,-0.0600000000000005,-0.6696428571428603,1.5624999999999862
2024-01-03,8.87,9.15,8.82,9.1,15569910.0,140436445.0,1210684345.0,0.012860420690415387,0.1999999999999993,2.2471910112359383,3.707865168539327
2024-01-04,9.02,9.05,8.9,8.94,9051549.0,80972457.0,1210684345.0,0.0074763905533114005,-0.16000000000000014,-1.758241758241763,1.6483516483516523
2024-01-05,8.9,8.92,8.7,8.74,8208889.0,72426919.0,1210684345.0,0.006780370981009092,-0.1999999999999993,-2.237136465324374,2.4608501118568307
2024-01-08,8.7,8.81,8.67,8.69,6634986.0,57963385.0,1210684345.0,0.00548035995294876,-0.05000000000000071,-0.5720823798627039,1.601830663615567
2024-01-09,8.71,8.75,8.58,8.62,7201152.0,62270400.0,1210684345.0,0.0059480012521348,-0.07000000000000028,-0.8055235903337232,1.9562715765247405
2024-01-10,8.62,8.62,8.34,8.36,12179703.0,102788081.0,1210684345.0,0.010060180467601569,-0.2599999999999998,-3.0162412993039456,3.248259860788856
2024-01-11,8.36,8.5,8.32,8.47,8318305.0,70191292.0,1210684345.0,0.006870746313317531,0.11000000000000121,1.3157894736842257,2.1531100478468868
2024-01-12,8.48,8.53,8.38,8.39,6881100.0,58099679.0,1210684345.0,0.005683644980145506,-0.08000000000000007,-0.9445100354191216,1.770956316410845
2024-01-15,8.31,8.38,8.17,8.18,9221344.0,76146358.0,1210684345.0,0.007616637679410978,-0.21000000000000085,-2.5029797377830842,2.502979737783085
2024-01-16,8.18,8.2,7.87,8.03,17284604.0,137690722.0,1210684345.0,0.014276722145936395,-0.15000000000000036,-1.8337408312958492,4.034229828850846
2024-01-17,8.02,8.02,7.7,7.73,11173551.0,87813153.0,1210684345.0,0.009229119915645725,-0.29999999999999893,-3.735990037359882,3.9850560398505532
2024-01-18,7.62,7.71,7.37,7.69,21153779.0,159257475.0,1210684345.0,0.017472579939901676,-0.040000000000000036,-0.5174644243208237,4.398447606727036
2024-01-19,7.69,7.89,7.66,7.74,13878062.0,107837186.0,1210684345.0,0.011462989554060847,0.04999999999999982,0.6501950585175553,2.9908972691807483
2024-01-22,7.74,7.78,7.19,7.23,15108093.0,112556987.0,1210684345.0,0.012478969487294395,-0.5099999999999998,-6.5891472868217065,7.622739018087852
2024-01-23,7.16,7.45,7.11,7.39,13967264.0,102162079.0,1210684345.0,0.011536668544268654,0.15999999999999925,2.2130013831258566,4.7026279391424595
2024-01-24,7.39,7.49,7.2,7.47,11931017.0,87833145.0,1210684345.0,0.009854771022086687,0.08000000000000007,1.0825439783491264,3.9242219215155623
2024-01-25,7.47,7.91,7.4,7.89,16412726.0,126777983.0,1210684345.0,0.01355656911546172,0.41999999999999993,5.622489959839361,6.827309236947789
2024-01-26,7.9,8.08,7.86,7.96,12508397.0,99753516.0,1210684345.0,0.010331674851218135,0.07000000000000028,0.8871989860583129,2.788339670468945
2024-01-29,8.01,8.21,7.77,7.83,19063100.0,151172961.0,1210684345.0,0.015745722721804915,-0.1299999999999999,-1.6331658291457218,5.52763819095479
2024-01-30,7.67,7.81,7.43,7.51,11129497.0,84847972.0,1210684345.0,0.009192732231125034,-0.3200000000000003,-4.08684546615582,4.853128991060024
2024-01-31,7.27,7.49,6.99,7.03,17536641.0,126030804.0,1210684345.0,0.014484899447510408,-0.47999999999999954,-6.391478029294273,6.657789613848203
2024-02-01,6.94,7.48,6.85,7.07,17951836.0,128688257.0,1210684345.0,0.014827841851709085,0.040000000000000036,0.5689900426742556,8.9615931721195
2024-02-02,7.1,7.28,6.44,6.74,18939405.0,129785847.0,1210684345.0,0.01564355323352265,-0.33000000000000007,-4.667609618104674,11.88118811881188
2024-02-05,6.68,6.68,6.07,6.07,20072242.0,123958728.0,1210684345.0,0.01657925295135455,-0.6699999999999999,-9.940652818991092,9.050445103857559
2024-02-06,5.84,6.55,5.61,6.34,23361092.0,141618718.0,1210684345.0,0.019295774407655366,0.2699999999999996,4.448105436573302,15.485996705107075
2024-02-07,6.34,6.91,6.28,6.65,26880415.0,179225947.0,1210684345.0,0.02220266175160628,0.3100000000000005,4.88958990536279,9.936908517350156
2024-02-08,6.7,7.14,6.7,7.11,23770289.0,165625228.0,1210684345.0,0.01963376258904215,0.45999999999999996,6.9172932330827,6.616541353383451
2024-02-19,7.15,7.29,7.08,7.22,17422258.0,125295892.0,1210684345.0,0.014390421476871414,0.10999999999999943,1.5471167369901506,2.953586497890295
2024-02-20,7.26,7.28,7.08,7.24,14876600.0,106964316.0,1210684345.0,0.012287761100933374,0.020000000000000462,0.27700831024930483,2.7700831024930777
2024-02-21,7.21,7.54,7.1,7.34,17118309.0,126114386.0,1210684345.0,0.014139365946786072,0.09999999999999964,1.3812154696132506,6.077348066298348
2024-02-22,7.48,8.07,7.4,7.83,40143470.0,314783851.0,1210684345.0,0.033157668359872945,0.4900000000000002,6.675749318801083,9.128065395095367
2024-02-23,7.87,7.92,7.67,7.86,26757018.0,209026249.0,1210684345.0,0.022100738405104264,0.03000000000000025,0.3831417624521105,3.1928480204342273
2024-02-26,7.85,7.98,7.76,7.85,17526747.0,137554431.0,1210684345.0,0.014476727210014431,-0.010000000000000675,-0.12722646310433516,2.7989821882951733
2024-02-27,7.85,8.06,7.77,8.06,15382504.0,122194476.0,1210684345.0,0.012705627245886293,0.21000000000000085,2.6751592356688114,3.6942675159235785
2024-02-28,8.06,8.26,7.6,7.6,24155327.0,192730814.0,1210684345.0,0.019951795940666928,-0.46000000000000085,-5.707196029776684,8.188585607940448
2024-02-29,7.65,7.96,7.6,7.94,15470050.0,120913582.0,1210684345.0,0.012777938414657538,0.34000000000000075,4.473684210526319,4.736842105263162
2024-03-01,8.36,8.73,8.36,8.56,47949112.0,412684639.0,1210684345.0,0.039604965735308986,0.6200000000000001,7.8085642317380355,4.659949622166259
2024-03-04,8.47,8.91,8.18,8.89,49073950.0,419437575.0,1210684345.0,0.040534058446093146,0.33000000000000007,3.855140186915884,8.528037383177574
2024-03-05,8.71,9.05,8.57,8.66,32634103.0,287567734.0,1210684345.0,0.026955087950691226,-0.23000000000000043,-2.5871766029246346,5.39932508436446
2024-03-06,8.5,8.84,8.3,8.47,25700222.0,218865334.0,1210684345.0,0.021227846966171846,-0.1899999999999995,-2.1939953810623525,6.235565819861422
2024-03-07,8.46,8.55,8.28,8.28,13757002.0,115669043.0,1210684345.0,0.011362996520781807,-0.19000000000000128,-2.243211334120443,3.187721369539567
2024-03-08,8.25,8.44,8.14,8.36,13686518.0,113507606.0,1210684345.0,0.011304778207898608,0.08000000000000007,0.9661835748792313,3.623188405797089
2024-03-11,8.28,8.55,8.26,8.49,13179262.0,111324690.0,1210684345.0,0.010885795339164148,0.13000000000000078,1.5550239234449759,3.4688995215311116
2024-03-12,8.44,8.51,8.3,8.41,14055955.0,118066864.0,1210684345.0,0.01160992545914187,-0.08000000000000007,-0.9422850412249661,2.473498233215537
2024-03-13,8.44,8.46,8.31,8.38,14837300.0,124523229.0,1210684345.0,0.012255300121188896,-0.02999999999999936,-0.356718192627814,1.7835909631391242
2024-03-14,8.4,8.4,8.11,8.22,12480000.0,103055258.0,1210684345.0,0.010308219521910147,-0.16000000000000014,-1.9093078758949944,3.4606205250596767
2024-03-15,8.23,8.45,8.17,8.35,12654968.0,105024267.0,1210684345.0,0.010452739438040723,0.129999999999999,1.5815085158150666,3.406326034063252
2024-03-18,8.45,8.45,8.23,8.37,12447408.0,103495187.0,1210684345.0,0.010281299210158697,0.019999999999999574,0.23952095808381646,2.634730538922142
2024-03-19,8.39,8.51,8.33,8.33,14228412.0,119760172.0,1210684345.0,0.011752371341681138,-0.03999999999999915,-0.4778972520907865,2.150537634408599
2024-03-20,8.33,8.49,8.33,8.44,12000249.0,101011662.0,1210684345.0,0.00991195520910118,0.10999999999999943,1.3205282112844996,1.9207683073229307
2024-03-21,8.42,8.54,8.32,8.36,14542263.0,122441240.0,1210684345.0,0.012011605717095484,-0.08000000000000007,-0.9478672985781977,2.606635071090034
2024-03-22,8.32,8.51,8.2,8.42,20686557.0,173869734.0,1210684345.0,0.017086664319591906,0.0600000000000005,0.7177033492822948,3.7081339712918724
2024-03-25,8.35,8.42,7.98,7.98,17893374.0,146267955.0,1210684345.0,0.014779553459907007,-0.4399999999999995,-5.2256532066508266,5.225653206650825
2024-03-26,7.86,8.08,7.7,7.8,13072225.0,103077253.0,1210684345.0,0.010797385011202074,-0.1800000000000006,-2.2556390977443663,4.76190476190476
2024-03-27,7.8,7.89,7.41,7.43,13088293.0,99778652.0,1210684345.0,0.010810656843836532,-0.3700000000000001,-4.743589743589749,6.153846153846148
2024-03-28,7.45,7.6,7.36,7.51,12418696.0,93293615.0,1210684345.0,0.010257583697425278,0.08000000000000007,1.076716016150736,3.230148048452212
2024-03-29,7.48,7.84,7.48,7.81,16973599.0,130756489.0,1210693530.0,0.014019732144764993,0.2999999999999998,3.9946737683089095,4.7936085219706985
2024-04-01,7.81,8.47,7.81,8.19,22356069.0,182331927.0,1210693530.0,0.01846550629538757,0.3799999999999999,4.865556978233032,8.450704225352126
2024-04-02,8.14,8.14,7.81,7.87,16872034.0,134388839.0,1210693530.0,0.0139358422110342,-0.3199999999999994,-3.9072039072039044,4.029304029304042
2024-04-03,7.83,7.86,7.64,7.69,9982292.0,77053827.0,1210693530.0,0.008245102292732993,-0.17999999999999972,-2.2871664548919868,2.795425667090224
2024-04-08,7.6,7.61,7.35,7.35,11165154.0,83173912.0,1210693530.0,0.009222114204244571,-0.34000000000000075,-4.4213263979193895,3.3810143042912957
2024-04-09,7.38,7.46,7.31,7.41,6352417.0,46933734.0,1210693530.0,0.005246924050217729,0.0600000000000005,0.8163265306122547,2.040816326530617
2024-04-10,7.38,7.39,7.09,7.14,9629928.0,69272492.0,1210693530.0,0.007954059191181107,-0.27000000000000046,-3.6437246963562764,4.048582995951414
2024-04-11,7.19,7.35,7.16,7.23,7467036.0,54189195.0,1210693530.0,0.0061675690957066565,0.09000000000000075,1.26050420168069,2.6610644257703013
2024-04-12,7.23,7.33,7.1,7.13,8393989.0,60411200.0,1210693530.0,0.0069332071180722345,-0.10000000000000053,-1.3831258644536715,3.181189488243436
2024-04-15,7.01,7.1,6.68,6.79,15981174.0,109396824.0,1210693530.0,0.013200016027177415,-0.33999999999999986,-4.768583450210373,5.890603085553996
2024-04-16,6.77,6.83,6.2,6.28,16415963.0,106593150.0,1210693530.0,0.01355913994188108,-0.5099999999999998,-7.511045655375548,9.278350515463917
2024-04-17,6.39,6.82,6.38,6.8,15712971.0,104773608.0,1210693530.0,0.012978487627665772,0.5199999999999996,8.280254777070063,7.006369426751598
2024-04-18,6.85,6.86,6.66,6.71,9576591.0,64646815.0,1210693530.0,0.007910004276639687,-0.08999999999999986,-1.3235294117647012,2.941176470588238
2024-04-19,6.67,6.73,6.51,6.54,10013598.0,66029954.0,1210693530.0,0.008270960199151307,-0.16999999999999993,-2.533532041728759,3.278688524590174
2024-04-22,6.43,6.62,6.33,6.53,8579589.0,55687281.0,1210693530.0,0.007086507681262656,-0.009999999999999787,-0.1529051987767538,4.434250764525995
2024-04-23,6.58,6.7,6.55,6.57,8099759.0,53580110.0,1210693530.0,0.006690181122880867,0.040000000000000036,0.6125574272588086,2.297090352220526
2024-04-24,6.68,6.68,6.52,6.63,7685902.0,50808131.0,1210693530.0,0.006348346472124948,0.05999999999999961,0.9132420091324089,2.4353120243531223
2024-04-25,6.71,6.77,6.59,6.66,8264767.0,55287474.0,1210693530.0,0.006826473252896627,0.03000000000000025,0.4524886877828038,2.7149321266968283
2024-04-26,6.65,6.92,6.61,6.9,13631500.0,93029001.0,1210693530.0,0.011259249068589636,0.2400000000000002,3.603603603603611,4.654654654654649
2024-04-29,6.81,7.2,6.79,7.18,14860333.0,105528946.0,1210693530.0,0.012274231778541015,0.27999999999999936,4.057971014492745,5.942028985507248
2024-04-30,7.45,7.45,7.2,7.42,19170485.0,140560675.0,1210693530.0,0.01583430036171086,0.2400000000000002,3.342618384401108,3.4818941504178276
2024-05-06,7.42,7.5,7.3,7.32,15409796.0,113849173.0,1210693530.0,0.01272807330522366,-0.09999999999999964,-1.3477088948786964,2.695417789757415
2024-05-07,7.31,7.44,7.28,7.33,8593650.0,63264996.0,1210693530.0,0.007098121685675482,0.009999999999999787,0.1366120218579292,2.1857923497267775
2024-05-08,7.34,7.35,7.17,7.19,8485000.0,61175167.0,1210693530.0,0.007008379734217296,-0.13999999999999968,-1.9099590723055893,2.455661664392902
2024-05-09,7.19,7.29,7.19,7.26,6548618.0,47493504.0,1210693530.0,0.0054089807517183975,0.0699999999999994,0.9735744089012455,1.3908205841446404
2024-05-10,7.27,7.3,7.11,7.16,6797600.0,48769346.0,1210693530.0,0.005614633126849204,-0.09999999999999964,-1.377410468319551,2.6170798898071554
2024-05-13,7.07,7.13,6.8,6.87,12959300.0,90066025.0,1210693530.0,0.010704030110741568,-0.29000000000000004,-4.050279329608941,4.6089385474860345
2024-05-14,6.94,7.03,6.82,6.88,7243500.0,50090557.0,1210693530.0,0.0059829344260227445,0.009999999999999787,0.14556040756914523,3.0567685589519646
2024-05-15,6.89,6.94,6.8,6.83,6680700.0,45774350.0,1210693530.0,0.005518076899279374,-0.04999999999999982,-0.7267441860465129,2.0348837209302406
2024-05-16,6.83,7.04,6.83,6.98,8963459.0,62502041.0,1210693530.0,0.00740357388380526,0.15000000000000036,2.196193265007329,3.074670571010248
2024-05-17,7.0,7.22,6.91,7.18,12751682.0,90739294.0,1210693530.0,0.010532543277075248,0.1999999999999993,2.865329512893977,4.441260744985668
2024-05-20,7.1,7.18,6.92,6.93,12991787.0,91155753.0,1210693530.0,0.010730863491109926,-0.25,-3.4818941504178302,3.6211699164345377
2024-05-21,6.96,7.01,6.88,6.94,7208382.0,49971152.0,1210693530.0,0.005953927911054419,0.010000000000000675,0.14430014430015792,1.8759018759018746
2024-05-22,6.96,7.12,6.9,7.07,9547816.0,67321098.0,1210693530.0,0.007886236907535139,0.1299999999999999,1.8731988472622474,3.1700288184438
2024-05-23,7.06,7.07,6.82,6.85,8739687.0,60259757.0,1210693530.0,0.0072187442845259115,-0.22000000000000064,-3.1117397454031193,3.536067892503536
2024-05-24,6.84,6.95,6.75,6.76,6901940.0,47259360.0,1210693530.0,0.0057008151352720944,-0.08999999999999986,-1.31386861313868,2.919708029197083
2024-05-27,6.75,6.8,6.6,6.78,7372600.0,49230347.0,1210693530.0,0.006089567522509185,0.020000000000000462,0.2958579881656931,2.9585798816568074
2024-05-28,6.72,6.76,6.56,6.58,7337812.0,48735143.0,1210693530.0,0.006060833578585325,-0.20000000000000018,-2.9498525073746285,2.949852507374634
2024-05-29,6.57,6.66,6.45,6.54,6217175.0,40796236.0,1210693530.0,0.005135217828412778,-0.040000000000000036,-0.6079027355623157,3.1914893617021276
2024-05-30,6.7,7.19,6.5,7.19,33505169.0,234405697.0,1210693530.0,0.027674360331305315,0.6500000000000004,9.938837920489307,10.550458715596337
2024-05-31,7.6,7.91,7.27,7.91,54833707.0,421450961.0,1210693530.0,0.04529115390581132,0.7199999999999998,10.01390820584145,8.901251738525739
2024-06-03,8.0,8.7,7.91,8.7,67016440.0,572440306.0,1210693530.0,0.05535376074901466,0.7899999999999991,9.987357774968375,9.987357774968384
2024-06-04,9.1,9.36,8.53,8.65,95264503.0,854257352.0,1210693530.0,0.07868589419157133,-0.049999999999998934,-0.5747126436781436,9.540229885057473
2024-06-05,8.8,9.38,8.61,8.99,72405621.0,647279094.0,1210693530.0,0.059805078003514235,0.33999999999999986,3.930635838150298,8.901734104046257
2024-06-06,8.88,9.25,8.62,8.76,57348325.0,512838241.0,1210693530.0,0.04736816013215169,-0.23000000000000043,-2.5583982202447175,7.0077864293659715
2024-06-07,8.8,9.24,8.37,9.01,68447472.0,601479190.0,1210693530.0,0.056535754345693086,0.25,2.8538812785388057,9.931506849315081
2024-06-11,8.71,8.97,8.51,8.6,45690992.0,395940016.0,1210693530.0,0.037739519430652284,-0.41000000000000014,-4.550499445061041,5.105438401775815
2024-06-12,8.58,8.76,8.5,8.63,28243568.0,243679807.0,1210693530.0,0.023328420694541913,0.030000000000001137,0.34883720930234396,3.0232558139534857
2024-06-13,8.37,8.48,7.93,8.01,43162936.0,352112377.0,1210693530.0,0.035651413780992125,-0.620000000000001,-7.184241019698733,6.373117033603716
2024-06-14,7.96,8.8,7.91,8.56,51056694.0,429510338.0,1210693530.0,0.04217144366832455,0.5500000000000007,6.866416978776546,11.11111111111112
2024-06-17,8.47,8.54,8.29,8.38,26400605.0,221644765.0,1210693530.0,0.021806183270839812,-0.17999999999999972,-2.102803738317749,2.9205607476635516
2024-06-18,8.4,8.61,8.28,8.32,21708218.0,182697584.0,1210693530.0,0.01793039895075676,-0.0600000000000005,-0.7159904534606243,3.9379474940334136
2024-06-19,8.36,8.5,8.15,8.2,21623435.0,179600428.0,1210693530.0,0.017860370493596345,-0.120000000000001,-1.4423076923077094,4.206730769230765
2024-06-20,8.18,8.22,7.88,7.88,21808053.0,174103442.0,1210693530.0,0.018012859951436266,-0.3199999999999994,-3.9024390243902363,4.146341463414643
2024-06-21,7.82,7.95,7.72,7.74,14451900.0,112678877.0,1210693530.0,0.01193687720458868,-0.13999999999999968,-1.7766497461928932,2.91878172588833
2024-06-24,7.61,7.64,7.3,7.36,19361554.0,143755702.0,1210693530.0,0.015992118170483658,-0.3799999999999999,-4.909560723514206,4.392764857881136
2024-06-25,7.39,8.06,7.29,7.9,33209479.0,256714199.0,1210693530.0,0.027430128415735403,0.54,7.336956521739135,10.461956521739136
2024-06-26,7.87,7.88,7.62,7.79,22551235.0,174514264.0,1210693530.0,0.018626708114976052,-0.11000000000000032,-1.3924050632911467,3.2911392405063267
2024-06-27,7.76,7.95,7.69,7.69,15744021.0,122591066.0,1210693530.0,0.013004134085031411,-0.09999999999999964,-1.2836970474967901,3.337612323491653
2024-06-28,7.64,7.86,7.63,7.68,13948666.0,108088989.0,1210806620.0,0.011520143489139496,-0.010000000000000675,-0.13003901170351995,2.99089726918076
2024-07-01,7.55,7.7,7.47,7.67,14401837.0,109048799.0,1210806620.0,0.01189441547651928,-0.009999999999999787,-0.13020833333332593,2.9947916666666723
2024-07-02,7.69,8.21,7.67,7.91,27742136.0,219735818.0,1210806620.0,0.022912111266785114,0.2400000000000002,3.1290743155149903,7.040417209908748
2024-07-03,7.9,7.92,7.7,7.7,13652763.0,106108662.0,1210806620.0,0.011275758469176523,-0.20999999999999996,-2.6548672566371723,2.781289506953221
2024-07-04,7.72,7.95,7.69,7.71,15272992.0,118866150.0,1210806620.0,0.012613898658730492,0.009999999999999787,0.12987012987013546,3.3766233766233738
2024-07-05,7.7,7.81,7.59,7.68,11196500.0,85962094.0,1210806620.0,0.009247141380842467,-0.03000000000000025,-0.3891050583657574,2.853437094682228
2024-07-08,7.58,7.64,7.33,7.33,15088670.0,112371973.0,1210806620.0,0.012461667908621113,-0.34999999999999964,-4.5572916666666625,4.036458333333329
2024-07-09,7.32,7.44,7.12,7.4,15321600.0,111975323.0,1210806620.0,0.01265404379767927,0.07000000000000028,0.9549795361528002,4.365620736698503
2024-07-10,7.32,7.47,7.29,7.32,9444077.0,69591563.0,1210806620.0,0.007799822733047165,-0.08000000000000007,-1.0810810810810811,2.4324324324324285
2024-07-11,7.42,7.78,7.34,7.52,14878198.0,112356574.0,1210806620.0,0.012287839985546164,0.1999999999999993,2.7322404371584508,6.010928961748639
2024-07-12,7.53,7.85,7.49,7.64,14487200.0,111140925.0,1210806620.0,0.011964916412498637,0.1200000000000001,1.5957446808510634,4.787234042553185
2024-07-15,7.59,7.6,7.38,7.4,10665900.0,79740794.0,1210806620.0,0.008808921114091695,-0.23999999999999932,-3.141361256544495,2.8795811518324577
2024-07-16,7.41,7.61,7.29,7.51,10455281.0,77822406.0,1210806620.0,0.008634971784346537,0.10999999999999943,1.4864864864864824,4.324324324324328
2024-07-17,7.45,7.76,7.43,7.53,13411100.0,101684957.0,1210806620.0,0.011076170032833154,0.020000000000000462,0.26631158455392434,4.394141145139815
2024-07-18,7.5,7.5,7.24,7.34,11039000.0,81196545.0,1210806620.0,0.009117062805619613,-0.1900000000000004,-2.5232403718459584,3.452855245683928
2024-07-19,7.26,7.52,7.23,7.37,9116524.0,67268897.0,1210806620.0,0.007529298113682266,0.03000000000000025,0.4087193460490468,3.950953678474103
2024-07-22,7.3,7.58,7.3,7.47,10425614.0,77680810.0,1210806620.0,0.008610469936148847,0.09999999999999964,1.3568521031207537,3.799185888738131
2024-07-23,7.49,7.65,7.37,7.37,9508105.0,71369187.0,1210806620.0,0.007852703183932047,-0.09999999999999964,-1.338688085676032,3.7483266398929085
2024-07-24,7.34,7.43,7.18,7.18,9669302.0,70665040.0,1210806620.0,0.007985835095615847,-0.1900000000000004,-2.578018995929454,3.3921302578018993
2024-07-25,7.18,7.26,7.06,7.16,7559637.0,54121071.0,1210806620.0,0.006243471810552208,-0.019999999999999574,-0.278551532033422,2.7855153203342646
2024-07-26,7.15,7.36,7.15,7.32,8511500.0,61970448.0,1210806620.0,0.007029611384186188,0.16000000000000014,2.2346368715083775,2.932960893854748
2024-07-29,7.32,7.45,7.21,7.3,9715593.0,70893286.0,1210806620.0,0.008024066634191345,-0.020000000000000462,-0.2732240437158584,3.2786885245901667
2024-07-30,7.24,7.63,7.19,7.5,13789401.0,102242486.0,1210806620.0,0.01138860720797843,0.20000000000000018,2.7397260273972712,6.027397260273966
2024-07-31,7.41,7.68,7.4,7.68,14047581.0,106559042.0,1210806620.0,0.011601836963858027,0.17999999999999972,2.400000000000002,3.7333333333333245
2024-08-01,7.67,7.96,7.64,7.82,15937100.0,124526311.0,1210806620.0,0.013162382610693028,0.14000000000000057,1.822916666666674,4.1666666666666705
2024-08-02,7.74,7.95,7.66,7.79,13346500.0,104732331.0,1210806620.0,0.011022817169598891,-0.03000000000000025,-0.38363171355498826,3.70843989769821
2024-08-05,7.7,7.87,7.49,7.51,13013500.0,100050172.0,1210806620.0,0.01074779389627057,-0.28000000000000025,-3.594351732991019,4.878048780487804
2024-08-06,7.6,7.72,7.48,7.59,7948303.0,60311850.0,1210806620.0,0.0065644693947907225,0.08000000000000007,1.0652463382157196,3.195739014647128
2024-08-07,7.65,8.11,7.61,7.89,22918540.0,181365727.0,1210806620.0,0.01892832399611426,0.2999999999999998,3.9525691699604737,6.587615283267445
2024-08-08,7.78,7.84,7.6,7.78,13273407.0,102566383.0,1210806620.0,0.010962449974051183,-0.10999999999999943,-1.3941698352344711,3.041825095057037
2024-08-09,7.8,7.92,7.68,7.7,9099800.0,70692329.0,1210806620.0,0.007515485833732888,-0.08000000000000007,-1.0282776349614386,3.0848329048843217
2024-08-12,7.6,7.65,7.42,7.45,9386400.0,70173876.0,1210806620.0,0.007752187545852698,-0.25,-3.2467532467532423,2.9870129870129927
2024-08-13,7.46,7.65,7.39,7.58,8266029.0,62464207.0,1210806620.0,0.006826877936957431,0.1299999999999999,1.744966442953011,3.489932885906049
2024-08-14,7.58,7.68,7.55,7.61,6185100.0,47053075.0,1210806620.0,0.005108247591180167,0.03000000000000025,0.3957783641161061,1.71503957783641
2024-08-15,7.55,7.88,7.55,7.85,12896600.0,100440319.0,1210806620.0,0.010651246687105162,0.23999999999999932,3.1537450722733062,4.336399474375821
2024-08-16,7.81,7.95,7.79,7.84,8545400.0,67050769.0,1210806620.0,0.00705760924894844,-0.009999999999999787,-0.1273885350318471,2.038216560509556
2024-08-19,7.77,7.82,7.62,7.64,8733700.0,67248660.0,1210806620.0,0.007213125412214875,-0.20000000000000018,-2.5510204081632626,2.551020408163268
2024-08-20,7.62,7.74,7.52,7.56,7524555.0,57308407.0,1210806620.0,0.006214497737053998,-0.08000000000000007,-1.0471204188481686,2.879581151832469
2024-08-21,7.57,7.68,7.45,7.55,8965565.0,67750487.0,1210806620.0,0.007404621722335809,-0.009999999999999787,-0.1322751322751281,3.042328042328036
2024-08-22,7.57,7.74,7.41,7.67,13589101.0,102858110.0,1210806620.0,0.011223180296123587,0.1200000000000001,1.5894039735099286,4.370860927152319
2024-08-23,7.57,7.79,7.57,7.77,9394998.0,72333375.0,1210806620.0,0.007759288597216292,0.09999999999999964,1.303780964797907,2.8683181225554075
2024-08-26,7.71,7.76,7.51,7.54,8387300.0,63765457.0,1210806620.0,0.006927035136296166,-0.22999999999999954,-2.9601029601029505,3.2175032175032174
2024-08-27,7.45,7.51,7.35,7.42,7375609.0,54755795.0,1210806620.0,0.006091483873783247,-0.1200000000000001,-1.5915119363395291,2.1220159151193654
2024-08-28,7.43,8.0,7.38,7.6,18676058.0,144809525.0,1210806620.0,0.015424476288377082,0.17999999999999972,2.425876010781658,8.35579514824798
2024-08-29,7.52,7.65,7.44,7.47,14694891.0,110453579.0,1210806620.0,0.012136447519588223,-0.1299999999999999,-1.7105263157894735,2.7631578947368416
2024-08-30,7.45,7.8,7.45,7.75,16859150.0,129836471.0,1210806620.0,0.013923899755354822,0.28000000000000025,3.748326639892907,4.685408299866126
2024-09-02,7.71,7.75,7.41,7.42,13288624.0,100193152.0,1210806620.0,0.010975017629157,-0.33000000000000007,-4.258064516129034,4.387096774193547
2024-09-03,7.39,7.51,7.33,7.44,8825943.0,65356467.0,1210806620.0,0.007289308510718252,0.020000000000000462,0.26954177897575704,2.4258760107816673
2024-09-04,7.38,7.54,7.28,7.39,7353793.0,54244398.0,1210806620.0,0.006073466132849522,-0.05000000000000071,-0.6720430107526987,3.4946236559139754
2024-09-05,7.39,7.79,7.39,7.58,14453463.0,110149147.0,1210806620.0,0.011937053168738044,0.1900000000000004,2.571041948579156,5.412719891745607
2024-09-06,7.57,7.6,7.48,7.49,6799785.0,51142466.0,1210806620.0,0.005615913299185629,-0.08999999999999986,-1.187335092348285,1.5831134564643696
2024-09-09,7.45,7.57,7.38,7.41,7193126.0,53656228.0,1210806620.0,0.005940771945895043,-0.08000000000000007,-1.0680907877169576,2.5367156208277755
2024-09-10,7.44,7.48,7.25,7.39,7827700.0,57544067.0,1210806620.0,0.006464863893790075,-0.020000000000000462,-0.26990553306343035,3.1039136302294255
2024-09-11,7.37,7.4,7.29,7.34,4431416.0,32507530.0,1210806620.0,0.0036598874888873665,-0.04999999999999982,-0.6765899864682012,1.488497970230045
2024-09-12,7.36,7.53,7.36,7.42,7820100.0,58397294.0,1210806620.0,0.00645858708635075,0.08000000000000007,1.089918256130784,2.3160762942779285
2024-09-13,7.44,7.74,7.39,7.57,15937242.0,121599764.0,1210806620.0,0.013162499887884656,0.15000000000000036,2.021563342318067,4.716981132075479
2024-09-18,7.49,7.52,7.36,7.41,8218218.0,60912521.0,1210806620.0,0.006787391036894066,-0.16000000000000014,-2.1136063408190298,2.1136063408190124
2024-09-19,7.45,7.55,7.39,7.5,9332764.0,69808022.0,1210806620.0,0.007707889803245377,0.08999999999999986,1.2145748987854255,2.1592442645074246
2024-09-20,7.5,7.75,7.47,7.57,11358600.0,86542486.0,1210806620.0,0.009381019076357544,0.07000000000000028,0.9333333333333416,3.7333333333333365
2024-09-23,7.48,7.62,7.48,7.51,7440694.0,56095402.0,1210806620.0,0.006145237296439625,-0.0600000000000005,-0.7926023778071389,1.8494055482166403
2024-09-24,7.57,7.8,7.54,7.8,18580981.0,143533279.0,1210806620.0,0.01534595260141541,0.29000000000000004,3.8615179760319585,3.462050599201062
2024-09-25,7.84,8.05,7.84,7.86,18698056.0,148639918.0,1210806620.0,0.015442644342331065,0.0600000000000005,0.7692307692307665,2.692307692307703
2024-09-26,7.86,8.25,7.81,8.24,20116915.0,162016947.0,1210806620.0,0.016614473911614393,0.3799999999999999,4.834605597964381,5.597964376590336
2024-09-27,8.3,8.49,8.17,8.48,17546442.0,146090539.0,1210806620.0,0.014491531273590163,0.2400000000000002,2.9126213592232997,3.883495145631071
2024-09-30,8.8,9.2,8.56,9.19,38969731.0,347732410.0,1210809927.0,0.032184845970460896,0.7099999999999991,8.372641509433954,7.547169811320741
2024-10-08,10.09,10.09,9.16,9.53,44793400.0,429665648.0,1210809927.0,0.036994576110706105,0.33999999999999986,3.699673558215455,10.119695321001085
2024-10-09,9.36,9.37,8.58,8.58,35295930.0,312750671.0,1210809927.0,0.02915067775125699,-0.9499999999999993,-9.968520461699892,8.289611752360956
2024-10-10,8.34,8.89,8.34,8.6,30512059.0,265534473.0,1210809927.0,0.025199709978922232,0.019999999999999574,0.2331002331002363,6.410256410256418
2024-10-11,8.75,8.93,8.35,8.54,22911053.0,198961571.0,1210809927.0,0.018922088834179174,-0.0600000000000005,-0.6976744186046546,6.744186046511628
2024-10-14,8.3,8.56,8.23,8.48,20702346.0,173369553.0,1210809927.0,0.017097932167845532,-0.05999999999999872,-0.7025761124121677,3.8641686182669805
2024-10-15,8.4,8.96,8.33,8.58,29202930.0,252891570.0,1210809927.0,0.024118508899539277,0.09999999999999964,1.1792452830188704,7.4292452830188775
2024-10-16,8.46,8.94,8.37,8.68,22596874.0,195262390.0,1210809927.0,0.018662610452813044,0.09999999999999964,1.1655011655011593,6.643356643356646
2024-10-17,8.67,8.89,8.6,8.65,23011258.0,200654159.0,1210809927.0,0.01900484748833745,-0.02999999999999936,-0.3456221198156584,3.3410138248848034
2024-10-18,8.54,8.9,8.5,8.79,25772429.0,225011200.0,1210809927.0,0.021285280559150882,0.1399999999999988,1.6184971098265777,4.624277456647403
2024-10-21,8.7,8.98,8.7,8.8,25153608.0,222235379.0,1210809927.0,0.02077420034234655,0.010000000000001563,0.11376564277589818,3.1854379977247
2024-10-22,8.72,8.94,8.72,8.77,21144960.0,185882365.0,1210809927.0,0.017463484175745447,-0.030000000000001137,-0.3409090909091028,2.499999999999987
2024-10-23,8.74,8.97,8.67,8.88,25435027.0,225279023.0,1210809927.0,0.02100662245396341,0.11000000000000121,1.2542759407069726,3.4207525655644324
2024-10-24,8.8,9.23,8.8,9.12,32464420.0,294577894.0,1210809927.0,0.026812152160361334,0.23999999999999844,2.702702702702675,4.842342342342339
2024-10-25,9.1,10.03,9.1,9.82,68923234.0,674639313.0,1210809927.0,0.056923248201945074,0.7000000000000011,7.675438596491246,10.19736842105263
2024-10-28,9.65,9.82,9.51,9.75,42060069.0,407013945.0,1210809927.0,0.03473713591381879,-0.07000000000000028,-0.7128309572301483,3.1568228105906364
2024-10-29,9.7,9.78,9.34,9.42,31068616.0,295580530.0,1210809927.0,0.025659366765333765,-0.33000000000000007,-3.384615384615386,4.5128205128205074
2024-10-30,9.33,10.16,9.19,9.95,50517622.0,494220710.0,1210809927.0,0.041722173624035706,0.5299999999999994,5.626326963906569,10.297239915074318
2024-10-31,9.9,10.23,9.77,9.94,36335645.0,360840862.0,1210809927.0,0.03000937157001026,-0.009999999999999787,-0.10050251256281673,4.623115577889457
2024-11-01,10.08,10.59,9.72,9.72,44482714.0,451607705.0,1210809927.0,0.03673798257519572,-0.21999999999999886,-2.2132796780684028,8.752515090543252
2024-11-04,9.46,9.96,9.4,9.85,23791602.0,231462684.0,1210809927.0,0.01964932849447971,0.129999999999999,1.337448559670773,5.761316872427988
2024-11-05,9.78,10.21,9.78,10.11,28640146.0,288675263.0,1210809927.0,0.02365370927455239,0.2599999999999998,2.639593908629445,4.365482233502553
2024-11-06,10.05,10.74,10.05,10.47,38029536.0,396864512.0,1210809927.0,0.03140834506884581,0.3600000000000012,3.5608308605341366,6.824925816023734
2024-11-07,10.39,10.65,10.29,10.47,27150873.0,283919775.0,1210809927.0,0.022423728443713032,0.0,0.0,3.4383954154727907
2024-11-08,10.48,10.84,10.46,10.69,29183269.0,311277044.0,1210809927.0,0.024102271008222417,0.21999999999999886,2.101241642788909,3.6294173829990353
2024-11-11,10.6,10.69,10.36,10.59,27292124.0,287502464.0,1210809927.0,0.022540386720830047,-0.09999999999999964,-0.9354536950420878,3.086997193638916
2024-11-12,10.57,10.71,10.25,10.39,24652853.0,258645973.0,1210809927.0,0.02036063006278937,-0.1999999999999993,-1.888574126534459,4.3437204910292815
2024-11-13,10.34,10.57,10.3,10.51,19084675.0,199667405.0,1210809927.0,0.015761908268530408,0.11999999999999922,1.1549566891241536,2.598652550529351
2024-11-14,10.57,10.65,10.16,10.18,18659420.0,192794574.0,1210809927.0,0.015410692945202455,-0.33000000000000007,-3.1398667935299773,4.66222645099905
2024-11-15,10.07,10.3,9.79,9.81,23576874.0,236413657.0,1210809927.0,0.019471986043603028,-0.3699999999999992,-3.6345776031434074,5.009823182711214
2024-11-18,9.87,9.89,9.13,9.22,29257172.0,274468369.0,1210809927.0,0.02416330701259604,-0.5899999999999999,-6.014271151885831,7.747196738022423
2024-11-19,9.24,9.33,8.99,9.28,20707518.0,189755612.0,1210809927.0,0.017102203688820598,0.05999999999999872,0.6507592190889255,3.6876355748373086
2024-11-20,9.25,9.83,9.22,9.72,26678536.0,256222508.0,1210809927.0,0.02203362840450184,0.4400000000000013,4.74137931034484,6.57327586206896
2024-11-21,9.67,9.98,9.62,9.81,21421592.0,209391643.0,1210809927.0,0.01769195273536934,0.08999999999999986,0.92592592592593,3.703703703703716
2024-11-22,9.74,10.07,9.48,9.52,22116310.0,216274611.0,1210809927.0,0.018265715788106516,-0.2900000000000009,-2.956167176350677,6.014271151885829
2024-11-25,9.5,9.67,9.21,9.58,15437158.0,145999895.0,1210809927.0,0.012749447833028874,0.0600000000000005,0.6302521008403339,4.8319327731092345
2024-11-26,9.67,9.78,9.4,9.44,12408741.0,118930407.0,1210809927.0,0.010248298038607013,-0.14000000000000057,-1.4613778705636848,3.9665970772442485
2024-11-27,9.41,9.7,9.21,9.69,16221969.0,153091131.0,1210809927.0,0.013397618105256913,0.25,2.648305084745761,5.190677966101679
2024-11-28,9.71,9.93,9.65,9.67,15450991.0,150884039.0,1210809927.0,0.012760872417260913,-0.019999999999999574,-0.20639834881320818,2.8895768833849265
2024-11-29,9.68,9.9,9.6,9.84,18551207.0,181635548.0,1210809927.0,0.015321320536216581,0.16999999999999993,1.7580144777662898,3.1023784901758087
2024-12-02,9.79,9.94,9.73,9.82,13743100.0,135519149.0,1210809927.0,0.011350336409985512,-0.019999999999999574,-0.20325203252031798,2.1341463414634054
2024-12-03,9.85,9.96,9.7,9.82,13480544.0,132200390.0,1210809927.0,0.011133493126704436,0.0,0.0,2.6476578411405454
2024-12-04,9.82,9.84,9.45,9.53,14221223.0,136835030.0,1210809927.0,0.011745215068756204,-0.2900000000000009,-2.9531568228105987,3.9714867617108
2024-12-05,9.53,9.74,9.48,9.72,12346695.0,119263808.0,1210809927.0,0.010197054652988487,0.19000000000000128,1.9937040923399874,2.728226652675759
2024-12-06,9.74,10.48,9.65,10.28,37389285.0,378329817.0,1210809927.0,0.03087956595519389,0.5599999999999987,5.7613168724279795,8.539094650205762
2024-12-09,10.1,10.18,9.86,9.95,21392292.0,213316804.0,1210809927.0,0.017667754056991638,-0.33000000000000007,-3.2101167315175094,3.1128404669260727
2024-12-10,10.16,10.2,9.91,9.91,18034754.0,181002523.0,1210809927.0,0.014894785381124482,-0.03999999999999915,-0.4020100502512447,2.9145728643216
2024-12-11,9.92,10.18,9.88,10.13,18491334.0,186139496.0,1210809927.0,0.015271871817086613,0.22000000000000064,2.219979818365303,3.0272452068617453
2024-12-12,10.18,10.24,10.02,10.21,17315350.0,175596072.0,1210809927.0,0.014300634322433996,0.08000000000000007,0.7897334649555887,2.1717670286278445
2024-12-13,10.1,10.55,10.08,10.25,25090511.0,259561007.0,1210809927.0,0.020722088942701573,0.03999999999999915,0.3917727717923425,4.603330068560241
2024-12-16,10.1,10.28,9.9,9.98,18279765.0,183058677.0,1210809927.0,0.015097138363650037,-0.2699999999999996,-2.634146341463406,3.7073170731707217
2024-12-17,9.96,10.0,9.52,9.55,17693176.0,171333247.0,1210809927.0,0.014612678344848093,-0.4299999999999997,-4.308617234468937,4.809619238476958
2024-12-18,9.6,9.75,9.43,9.62,11957665.0,115162357.0,1210809927.0,0.009875757320248663,0.06999999999999851,0.7329842931937058,3.3507853403141388
2024-12-19,9.5,9.76,9.41,9.73,12731529.0,122082428.0,1210809927.0,0.010514886536770194,0.11000000000000121,1.1434511434511574,3.638253638253635
2024-12-20,9.7,10.14,9.6,9.85,21399073.0,211619953.0,1210809927.0,0.01767335444054383,0.11999999999999922,1.2332990750256956,5.5498458376156306
2024-12-23,9.7,9.7,9.02,9.07,24734565.0,230319157.0,1210809927.0,0.020428115469192053,-0.7799999999999994,-7.918781725888325,6.903553299492383
2024-12-24,9.11,9.15,8.78,8.92,21185493.0,189002109.0,1210809927.0,0.017496960115359214,-0.15000000000000036,-1.6538037486218293,4.079382579933859
2024-12-25,8.91,8.93,8.49,8.75,14547782.0,126268712.0,1210809927.0,0.012014918011157007,-0.16999999999999993,-1.905829596412556,4.932735426008963
2024-12-26,8.78,8.9,8.72,8.81,8338129.0,73630885.0,1210809927.0,0.006886406209651104,0.0600000000000005,0.6857142857142895,2.057142857142854
2024-12-27,8.81,9.02,8.71,8.82,11161929.0,99355387.0,1210809927.0,0.009218564161970238,0.009999999999999787,0.11350737797957144,3.518728717366614
2024-12-30,8.74,8.8,8.48,8.65,11838003.0,102308011.0,1210809927.0,0.009776929257039367,-0.16999999999999993,-1.9274376417233507,3.6281179138322024
2024-12-31,8.65,8.81,8.53,8.55,11827918.0,102518794.0,1224023831.0,0.009663143560151813,-0.09999999999999964,-1.1560693641618491,3.2369942196531922
2025-01-02,8.59,8.6,8.1,8.21,15996907.0,133901495.0,1224023831.0,0.013069114011392153,-0.33999999999999986,-3.9766081871345005,5.847953216374268
2025-01-03,8.27,8.31,7.88,7.92,18540003.0,149625803.0,1224023831.0,0.015146766370433518,-0.2900000000000009,-3.5322777101096325,5.237515225334964
2025-01-06,7.93,7.95,7.65,7.76,13160855.0,102623263.0,1224023831.0,0.010752123174961289,-0.16000000000000014,-2.020202020202022,3.787878787878786
2025-01-07,7.78,8.06,7.71,8.03,14672260.0,116143296.0,1224023831.0,0.011986907140535893,0.2699999999999996,3.4793814432989567,4.5103092783505225
2025-01-08,8.01,8.04,7.7,7.86,13178194.0,103593034.0,1224023831.0,0.01076628874883401,-0.16999999999999904,-2.1170610211705965,4.234122042341208
2025-01-09,7.85,7.92,7.78,7.84,8690446.0,68266335.0,1224023831.0,0.0070998993482831955,-0.020000000000000462,-0.2544529262086592,1.7811704834605555
2025-01-10,7.87,7.99,7.63,7.65,10757646.0,84052280.0,1224023831.0,0.008788755355531962,-0.1899999999999995,-2.423469387755095,4.5918367346938815
2025-01-13,7.5,7.67,7.32,7.62,10555464.0,79371213.0,1224023831.0,0.008623577198963865,-0.03000000000000025,-0.39215686274509665,4.575163398692805
2025-01-14,7.68,8.2,7.64,8.08,17143142.0,135651558.0,1224023831.0,0.014005562282226514,0.45999999999999996,6.036745406824151,7.349081364829391
2025-01-15,7.95,8.1,7.81,7.98,13071153.0,103627993.0,1224023831.0,0.010678838654081728,-0.09999999999999964,-1.2376237623762387,3.5891089108910896
2025-01-16,8.2,8.45,8.1,8.12,17791561.0,146656346.0,1224023831.0,0.014535306053203795,0.1399999999999988,1.754385964912264,4.385964912280698
2025-01-17,8.12,8.17,7.96,8.01,9532895.0,76519237.0,1224023831.0,0.007788161274778317,-0.10999999999999943,-1.3546798029556606,2.586206896551724
2025-01-20,7.99,8.37,7.99,8.16,14033006.0,115425237.0,1224023831.0,0.011464650968874805,0.15000000000000036,1.8726591760299671,4.744069912609226
2025-01-21,8.31,8.39,8.08,8.18,10606600.0,86994014.0,1224023831.0,0.008665354163353704,0.019999999999999574,0.2450980392156854,3.7990196078431433
2025-01-22,8.13,8.2,7.98,8.04,9699082.0,78200937.0,1224023831.0,0.007923932324157503,-0.14000000000000057,-1.7114914425427896,2.689486552567223
2025-01-23,8.12,8.27,7.97,7.98,12396560.0,100922010.0,1224023831.0,0.010127711312509568,-0.05999999999999872,-0.7462686567163979,3.731343283582088
2025-01-24,8.05,8.12,7.92,8.08,10234700.0,82274947.0,1224023831.0,0.008361520209650232,0.09999999999999964,1.2531328320801949,2.506265664160392
2025-01-27,8.12,8.26,8.05,8.07,11303767.0,91965518.0,1224023831.0,0.00923492395631307,-0.009999999999999787,-0.12376237623762387,2.5990099009900876
2025-02-05,8.07,8.26,8.06,8.17,11211237.0,91815609.0,1224023831.0,0.009159329022900372,0.09999999999999964,1.2391573729863659,2.4783147459727295
2025-02-06,8.18,8.25,8.07,8.2,13886300.0,113651689.0,1224023831.0,0.011344795459296904,0.02999999999999936,0.3671970624234966,2.2031823745410004
2025-02-07,8.2,8.5,8.19,8.41,21862029.0,183342672.0,1224023831.0,0.01786078705848334,0.21000000000000085,2.5609756097561,3.780487804878055
2025-02-10,8.46,9.25,8.38,9.25,33953295.0,300293033.0,1224023831.0,0.02773908002449668,0.8399999999999999,9.98810939357908,10.344827586206886
2025-02-11,9.2,9.33,8.9,9.08,31598503.0,286532823.0,1224023831.0,0.025815267807477844,-0.16999999999999993,-1.8378378378378413,4.648648648648646
2025-02-12,9.25,9.99,9.25,9.87,63297207.0,620501204.0,1224023831.0,0.051712397583213394,0.7899999999999991,8.700440528634346,8.149779735682822
2025-02-13,9.7,9.73,9.39,9.48,42578074.0,405725420.0,1224023831.0,0.0347853309074993,-0.3899999999999988,-3.951367781155002,3.444782168186422
2025-02-14,9.62,9.65,9.3,9.51,24084459.0,228195800.0,1224023831.0,0.019676462492011725,0.02999999999999936,0.31645569620253333,3.691983122362865
2025-02-17,9.54,9.73,9.31,9.36,24739000.0,234086877.0,1224023831.0,0.020211207799597165,-0.15000000000000036,-1.577287066246058,4.416403785488958
2025-02-18,9.3,9.39,8.91,8.94,20408668.0,185743089.0,1224023831.0,0.01667342373826707,-0.41999999999999993,-4.487179487179482,5.128205128205133
2025-02-19,9.0,9.01,8.83,8.94,14762337.0,131615320.0,1224023831.0,0.012060498027999586,0.0,0.0,2.0134228187919434
2025-02-20,8.88,9.29,8.82,9.19,23275796.0,212185552.0,1224023831.0,0.019015802969280588,0.25,2.796420581655479,5.257270693512292
2025-02-21,9.81,10.09,9.43,9.47,42593003.0,412402212.0,1224023831.0,0.034797527565457995,0.28000000000000114,3.0467899891186256,7.18171926006529
2025-02-24,9.4,9.45,9.05,9.09,28487486.0,261347864.0,1224023831.0,0.023273636736897814,-0.3800000000000008,-4.012671594508987,4.223864836325222
2025-02-25,8.98,10.0,8.89,10.0,40775250.0,394378405.0,1224023831.0,0.03331246415904136,0.9100000000000001,10.011001100110018,12.211221122112205
2025-02-26,9.97,10.2,9.69,9.83,61950320.0,611744670.0,1224023831.0,0.05061202113147419,-0.16999999999999993,-1.7000000000000015,5.099999999999998
2025-02-27,9.84,10.05,9.66,9.67,40520977.0,398373052.0,1224023831.0,0.03310472882451584,-0.16000000000000014,-1.6276703967446626,3.9674465920651123
2025-02-28,9.62,9.76,9.41,9.48,26645539.0,254813234.0,1224023831.0,0.02176880737545052,-0.1899999999999995,-1.9648397104446658,3.6194415718717647
2025-03-03,9.53,9.86,9.22,9.72,33319337.0,317587988.0,1224023831.0,0.027221150565981095,0.2400000000000002,2.5316455696202445,6.751054852320662
2025-03-04,9.59,9.85,9.41,9.66,21353974.0,204545675.0,1246799854.0,0.017127026387989935,-0.0600000000000005,-0.6172839506172867,4.526748971193411
2025-03-05,9.66,9.83,9.6,9.72,22874326.0,222292916.0,1246799854.0,0.01834642980315909,0.0600000000000005,0.6211180124223725,2.3809523809523854
2025-03-06,9.72,9.92,9.66,9.77,24739697.0,242981933.0,1246799854.0,0.019842556863180382,0.049999999999998934,0.5144032921810648,2.674897119341561
2025-03-07,9.76,10.49,9.67,10.06,45459238.0,456078929.0,1246799854.0,0.036460734138007045,0.2900000000000009,2.9682702149437246,8.393039918116688
2025-03-10,9.87,9.96,9.62,9.64,24747342.0,241623809.0,1246799854.0,0.019848688561043094,-0.41999999999999993,-4.174950298210733,3.3797216699801353
2025-03-11,9.49,10.07,9.46,9.81,25922963.0,254694857.0,1246799854.0,0.020791599322724976,0.16999999999999993,1.763485477178417,6.327800829875513
2025-03-12,10.49,10.79,10.21,10.79,38323270.0,409332992.0,1246799854.0,0.030737307096283955,0.9799999999999986,9.989806320081529,5.912334352701308
2025-03-13,10.69,10.69,10.1,10.16,55233267.0,569693984.0,1246799854.0,0.04430002684296112,-0.629999999999999,-5.8387395736793195,5.4680259499536605
2025-03-14,10.13,10.47,10.13,10.29,34764337.0,357340039.0,1246799854.0,0.027882852960295582,0.129999999999999,1.2795275590551158,3.346456692913384
2025-03-17,10.28,10.51,10.11,10.4,30812821.0,318039750.0,1246799854.0,0.024713526313903465,0.11000000000000121,1.0689990281827155,3.8872691933916457
2025-03-18,10.4,11.2,10.31,10.73,46924670.0,504361227.0,1246799854.0,0.03763608878318011,0.33000000000000007,3.173076923076934,8.557692307692296
2025-03-19,10.55,10.89,10.29,10.39,32933513.0,347532970.0,1246799854.0,0.0264144344373656,-0.33999999999999986,-3.1686859273066137,5.591798695246984
2025-03-20,10.36,10.54,9.96,10.04,31563905.0,324091999.0,1246799854.0,0.02531593575242751,-0.3500000000000014,-3.368623676612137,5.582290664100079
2025-03-21,10.07,10.24,9.77,9.87,25227137.0,250838389.0,1246799854.0,0.020233509748229406,-0.16999999999999993,-1.6932270916334646,4.681274900398414
2025-03-24,9.8,9.95,9.4,9.59,20680745.0,199514550.0,1246799854.0,0.01658706081305011,-0.27999999999999936,-2.8368794326241065,5.572441742654498
2025-03-25,9.59,9.88,9.41,9.75,23391166.0,224783251.0,1246799854.0,0.018760963056705653,0.16000000000000014,1.6684045881126153,4.90093847758082
2025-03-26,9.64,9.76,9.6,9.63,12622683.0,122211101.0,1246799854.0,0.010124065189375616,-0.11999999999999922,-1.2307692307692242,1.6410256410256423
2025-03-27,9.63,9.93,9.42,9.82,22305920.0,216706338.0,1246799854.0,0.0178905378665532,0.1899999999999995,1.9730010384215957,5.295950155763237
2025-03-28,9.72,10.09,9.65,9.8,21822147.0,216042649.0,1246799854.0,0.017502526111139567,-0.019999999999999574,-0.20366598778003286,4.480651731160891
2025-03-31,9.61,9.73,9.5,9.65,13221656.0,127108849.0,1246799854.0,0.010604473490738795,-0.15000000000000036,-1.5306122448979664,2.3469387755102082
2025-04-01,9.78,9.82,9.55,9.6,10079989.0,97214501.0,1246799854.0,0.008084688947998546,-0.05000000000000071,-0.5181347150259086,2.797927461139892
2025-04-02,9.54,9.69,9.54,9.63,9399842.0,90435550.0,1246799854.0,0.007539174767981646,0.030000000000001137,0.31250000000000444,1.5625000000000038
2025-04-03,9.49,9.84,9.45,9.62,11879091.0,114584752.0,1246799854.0,0.009527664734551694,-0.010000000000001563,-0.10384215991694479,4.04984423676013
2025-04-07,9.0,9.2,8.66,8.66,16296118.0,143003373.0,1246799854.0,0.013070356038075057,-0.9599999999999991,-9.979209979209969,5.613305613305605
2025-04-08,8.38,8.71,7.93,8.26,26802390.0,221973341.0,1246799854.0,0.02149694669438099,-0.40000000000000036,-4.618937644341803,9.006928406466526
2025-04-09,8.07,8.4,7.56,8.35,26007203.0,207698402.0,1246799854.0,0.02085916429695058,0.08999999999999986,1.0895883777239712,10.169491525423737
2025-04-10,8.4,8.68,8.4,8.52,19356759.0,165703925.0,1246799854.0,0.015525153406057425,0.16999999999999993,2.0359281437125842,3.353293413173645
2025-04-11,8.51,8.83,8.44,8.62,14678267.0,127157015.0,1246799854.0,0.011772753223309248,0.09999999999999964,1.1737089201877993,4.577464788732401
2025-04-14,8.76,8.88,8.62,8.82,15190050.0,132948922.0,1246799854.0,0.012183230493063564,0.20000000000000107,2.3201856148491906,3.0162412993039625
2025-04-15,8.79,8.96,8.76,8.79,10373975.0,91822823.0,1246799854.0,0.008320481404227049,-0.030000000000001137,-0.3401360544217802,2.2675736961451367
2025-04-16,8.79,8.87,8.51,8.7,12765205.0,111197318.0,1246799854.0,0.010238375436960871,-0.08999999999999986,-1.0238907849829282,4.095563139931734
2025-04-17,8.63,8.73,8.63,8.64,7432523.0,64554055.0,1246799854.0,0.005961279973008402,-0.05999999999999872,-0.6896551724137834,1.1494252873563178
2025-04-18,8.68,8.73,8.55,8.73,8160705.0,70554081.0,1246799854.0,0.006545320785704872,0.08999999999999986,1.041666666666674,2.08333333333333
2025-04-21,8.69,8.79,8.63,8.74,8153862.0,71169560.0,1246799854.0,0.006539832334629067,0.009999999999999787,0.11454753722794919,1.8327605956471749
2025-04-22,8.72,8.77,8.67,8.7,8117642.0,70730285.0,1246799854.0,0.006510781962282777,-0.040000000000000924,-0.4576659038901698,1.1441647597253963
2025-04-23,8.7,8.79,8.65,8.66,7596637.0,66123237.0,1246799854.0,0.006092908156532396,-0.03999999999999915,-0.45977011494251485,1.6091954022988366
2025-04-24,8.66,8.67,8.28,8.29,14245815.0,120004507.0,1246799854.0,0.01142590364788413,-0.370000000000001,-4.272517321016178,4.503464203233263
2025-04-25,8.22,8.31,8.01,8.21,15116313.0,123499429.0,1246799854.0,0.012124089485175701,-0.0799999999999983,-0.9650180940892428,3.61881785283475
2025-04-28,8.18,8.36,8.13,8.23,9802956.0,80813108.0,1246799854.0,0.007862493702216939,0.019999999999999574,0.24360535931788885,2.8014616321558905
2025-04-29,8.22,8.49,8.15,8.45,11227900.0,94270579.0,1246799854.0,0.009005374811344821,0.21999999999999886,2.673147023086253,4.131227217496961
2025-04-30,8.45,8.69,8.44,8.56,11911984.0,102147258.0,1246799854.0,0.00955404667540168,0.11000000000000121,1.3017751479290185,2.9585798816568047
2025-05-06,8.56,9.13,8.56,8.94,19391714.0,171821286.0,1246799854.0,0.01555318918091564,0.379999999999999,4.439252336448596,6.6588785046729
2025-05-07,8.94,9.0,8.75,8.83,15200459.0,134474772.0,1246799854.0,0.012191579066386384,-0.10999999999999943,-1.230425055928408,2.796420581655481
2025-05-08,8.83,8.9,8.79,8.88,8303509.0,73440418.0,1246799854.0,0.0066598572123349,0.05000000000000071,0.5662514156285381,1.2457531143827996
2025-05-09,8.88,8.94,8.69,8.72,8971542.0,78691568.0,1246799854.0,0.007195655318066792,-0.16000000000000014,-1.8018018018018056,2.815315315315315
2025-05-12,8.79,8.82,8.68,8.76,8948474.0,78228407.0,1246799854.0,0.007177153551383076,0.03999999999999915,0.4587155963302614,1.6055045871559697
2025-05-13,8.85,8.89,8.65,8.66,8645988.0,75811794.0,1246799854.0,0.006934543641677391,-0.09999999999999964,-1.1415525114155223,2.739726027397263
2025-05-14,8.66,8.77,8.57,8.66,9531100.0,82464117.0,1246799854.0,0.007644450686629612,0.0,0.0,2.3094688221708926
2025-05-15,8.65,8.83,8.45,8.51,11951730.0,102555226.0,1246799854.0,0.009585925087860974,-0.15000000000000036,-1.7321016166281789,4.38799076212472
2025-05-16,8.52,8.78,8.45,8.65,10757197.0,92956965.0,1246799854.0,0.00862784589321904,0.14000000000000057,1.6451233842538215,3.877790834312574
2025-05-19,8.8,8.96,8.71,8.84,16876801.0,149393004.0,1246799854.0,0.013536094783662045,0.1899999999999995,2.196531791907508,2.8901734104046244
2025-05-20,8.88,8.88,8.71,8.81,10413298.0,91650057.0,1246799854.0,0.008352020548119185,-0.02999999999999936,-0.33936651583709176,1.9230769230769222
2025-05-21,8.79,8.87,8.66,8.69,10908744.0,95316686.0,1246799854.0,0.008749394672290361,-0.120000000000001,-1.3620885357548351,2.3836549375709315
2025-05-22,8.67,8.72,8.47,8.48,10033551.0,85819401.0,1246799854.0,0.008047443194519334,-0.20999999999999908,-2.4165707710011364,2.8768699654775607
2025-05-23,8.45,8.69,8.19,8.19,16923000.0,142907662.0,1246799854.0,0.013573148846390545,-0.2900000000000009,-3.4198113207547287,5.896226415094339
2025-05-26,8.18,8.41,8.18,8.35,10978647.0,91035492.0,1246799854.0,0.00880546060763334,0.16000000000000014,1.9536019536019467,2.8083028083028134
2025-05-27,8.36,8.37,8.2,8.31,6613925.0,54704776.0,1246799854.0,0.0053047207045951415,-0.03999999999999915,-0.4790419161676551,2.035928143712574
2025-05-28,8.3,8.62,8.2,8.24,18836072.0,157186194.0,1246799854.0,0.015107534653272425,-0.07000000000000028,-0.8423586040914643,5.0541516245487355
2025-05-29,8.16,8.47,8.15,8.43,14626700.0,121742602.0,1246799854.0,0.011731393738196571,0.1899999999999995,2.305825242718451,3.883495145631071
2025-05-30,8.45,8.66,8.32,8.39,17616500.0,148909554.0,1246799854.0,0.014129372844793419,-0.03999999999999915,-0.47449584816131596,4.033214709371292
2025-06-03,8.25,8.45,8.2,8.26,12449169.0,103611704.0,1246799854.0,0.009984897704359211,-0.13000000000000078,-1.5494636471990564,2.9797377830750893
2025-06-04,8.22,8.68,8.22,8.37,22333889.0,188627770.0,1246799854.0,0.017912970496706523,0.10999999999999943,1.3317191283293006,5.569007263922507
2025-06-05,8.37,8.76,8.36,8.52,17020142.0,144803000.0,1246799854.0,0.013651061912941161,0.15000000000000036,1.7921146953405076,4.77897252090801
2025-06-06,8.51,8.64,8.43,8.55,11436385.0,97370333.0,1246799854.0,0.009172590904073045,0.030000000000001137,0.35211267605634866,2.4647887323943762
2025-06-09,8.51,8.6,8.48,8.56,9587900.0,81930050.0,1246799854.0,0.007690007316924181,0.009999999999999787,0.11695906432749315,1.4035087719298152
2025-06-10,8.59,8.59,8.29,8.41,15068372.0,127144092.0,1246799854.0,0.012085638245511055,-0.15000000000000036,-1.7523364485981352,3.5046728971962695
2025-06-11,8.4,8.55,8.37,8.41,9908340.0,83625735.0,1246799854.0,0.007947017292480369,0.0,0.0,2.140309155766962
2025-06-12,8.43,8.53,8.32,8.51,12736732.0,107667257.0,1246799854.0,0.010215538571919017,0.09999999999999964,1.189060642092743,2.497027348394757
2025-06-13,8.48,8.48,8.28,8.28,16796562.0,140148535.0,1246799854.0,0.013471738824890816,-0.23000000000000043,-2.7027027027027084,2.350176263219754
2025-06-16,8.2,8.4,8.2,8.27,11526000.0,95959639.0,1246799854.0,0.00924446691505628,-0.009999999999999787,-0.12077294685990392,2.4154589371980806
2025-06-17,8.27,8.38,8.16,8.2,10565056.0,86900972.0,1246799854.0,0.008473738560447409,-0.07000000000000028,-0.846432889963733,2.6602176541717126
2025-06-18,8.2,8.22,8.03,8.14,13944540.0,113432727.0,1246799854.0,0.011184265024785606,-0.05999999999999872,-0.7317073170731603,2.317073170731723
2025-06-19,8.11,8.22,8.05,8.07,11481420.0,93202393.0,1246799854.0,0.009208711376701845,-0.07000000000000028,-0.8599508599508643,2.088452088452087
2025-06-20,8.01,8.12,7.96,8.09,9713820.0,78124693.0,1246799854.0,0.007791001874788477,0.019999999999999574,0.24783147459725985,1.9826517967781814
2025-06-23,8.02,8.11,7.9,8.02,11179704.0,89463606.0,1246799854.0,0.008966719048075859,-0.07000000000000028,-0.8652657601977753,2.5957972805933136
2025-06-24,8.05,8.32,8.03,8.28,16209091.0,132938686.0,1246799854.0,0.013000555741162287,0.2599999999999998,3.2418952618453734,3.6159600997506347
2025-06-25,8.28,8.32,8.17,8.29,12078682.0,99575169.0,1246799854.0,0.009687747364782735,0.009999999999999787,0.12077294685990392,1.8115942028985552
2025-06-26,8.29,8.36,8.21,8.22,13521513.0,112031796.0,1246799854.0,0.010844974802186654,-0.06999999999999851,-0.8443908323280902,1.8094089264173534
2025-06-27,8.22,8.34,8.18,8.24,12500741.0,103087420.0,1246799854.0,0.010026261199738639,0.019999999999999574,0.24330900243307862,1.9464720194647216
2025-06-30,8.24,8.48,8.21,8.34,17896128.0,149404295.0,1246799854.0,0.01435364941901894,0.09999999999999964,1.213592233009697,3.276699029126209
2025-07-01,8.39,8.46,8.25,8.28,14942876.0,124162505.0,1246799854.0,0.011984983758267268,-0.0600000000000005,-0.7194244604316613,2.517985611510802
2025-07-02,8.23,8.38,8.16,8.27,17871446.0,147489523.0,1246799854.0,0.01433385313822791,-0.009999999999999787,-0.12077294685990392,2.657004830917882
2025-07-03,8.25,8.33,8.16,8.18,14222300.0,116907582.0,1246799854.0,0.011407043363352848,-0.08999999999999986,-1.0882708585247869,2.055622732769044
2025-07-04,8.19,8.3,8.12,8.15,13462409.0,110405971.0,1246799854.0,0.010797570240973095,-0.02999999999999936,-0.3667481662591565,2.2004889975550306
2025-07-07,8.1,8.19,7.95,8.16,12626674.0,102063488.0,1246799854.0,0.010127266184296489,0.009999999999999787,0.12269938650306678,2.9447852760736115
2025-07-08,8.16,8.75,8.12,8.53,32374919.0,274653131.0,1246799854.0,0.025966412248232425,0.3699999999999992,4.53431372549018,7.7205882352941275
2025-07-09,8.54,8.87,8.52,8.6,25268602.0,218846450.0,1246799854.0,0.020266766890397792,0.07000000000000028,0.8206330597889888,4.103165298944896
2025-07-10,8.55,8.6,8.37,8.43,14786930.0,125258829.0,1246799854.0,0.01185990674650817,-0.16999999999999993,-1.9767441860465085,2.674418604651168
2025-07-11,8.4,8.43,8.28,8.35,12208400.0,101747331.0,1246799854.0,0.009791788121271306,-0.08000000000000007,-0.9489916963226541,1.7793594306049865
2025-07-14,8.34,8.4,8.27,8.33,11976818.0,99882452.0,1246799854.0,0.009606047002312209,-0.019999999999999574,-0.23952095808382756,1.5568862275449196
2025-07-15,8.3,8.32,8.11,8.17,16601762.0,135593646.0,1246799854.0,0.01331549883226085,-0.16000000000000014,-1.9207683073229287,2.5210084033613547
2025-07-16,8.18,8.27,8.15,8.18,10393751.0,85297533.0,1246799854.0,0.008336342811281722,0.009999999999999787,0.1223990208078396,1.468788249693993
2025-07-17,8.18,8.22,8.15,8.2,9935139.0,81302915.0,1246799854.0,0.007968511520213894,0.019999999999999574,0.24449877750609694,0.855745721271397
2025-07-18,8.23,8.27,8.18,8.21,9105554.0,74771182.0,1246799854.0,0.007303140091641364,0.010000000000001563,0.12195121951221743,1.0975609756097544
2025-07-21,8.21,8.27,8.15,8.27,12651032.0,104047082.0,1246799854.0,0.010146802599802036,0.05999999999999872,0.7308160779536887,1.4616321559074203
2025-07-22,8.27,8.3,8.24,8.27,12276800.0,101450783.0,1246799854.0,0.009846648570428851,0.0,0.0,0.7255139056831983
2025-07-23,8.25,8.3,8.14,8.15,14762959.0,121411571.0,1246799854.0,0.01184068072564917,-0.11999999999999922,-1.4510278113663788,1.9347037484885148
2025-07-24,8.18,8.25,8.15,8.25,11627685.0,95543951.0,1246799854.0,0.009326023709977111,0.09999999999999964,1.2269938650306678,1.2269938650306704
2025-07-25,8.26,8.49,8.22,8.34,22409507.0,187314764.0,1246799854.0,0.017973620166946216,0.08999999999999986,1.090909090909098,3.2727272727272676
2025-07-28,8.34,8.39,8.22,8.23,14247933.0,117781948.0,1246799854.0,0.011427602396879972,-0.10999999999999943,-1.318944844124692,2.0383693045563542
2025-07-29,8.21,8.25,8.13,8.2,13601451.0,111124939.0,1246799854.0,0.010909089342899457,-0.030000000000001137,-0.36452004860269005,1.458080194410683
2025-07-30,8.19,8.21,8.05,8.12,12545907.0,102114684.0,1246799854.0,0.010062486741356324,-0.08000000000000007,-0.9756097560975618,1.9512195121951237
2025-07-31,8.11,8.6,8.05,8.25,35261068.0,293678713.0,1246799854.0,0.028281257723021837,0.13000000000000078,1.6009852216748888,6.773399014778312
2025-08-01,8.25,8.32,8.12,8.2,16892124.0,138416493.0,1246799854.0,0.013548384647148026,-0.05000000000000071,-0.60606060606061,2.424242424242437
2025-08-04,8.11,8.23,8.07,8.23,12855195.0,104612233.0,1246799854.0,0.010310552217950452,0.030000000000001137,0.3658536585366079,1.9512195121951237
2025-08-05,8.2,8.35,8.15,8.26,14377837.0,118642714.0,1246799854.0,0.011531792335291691,0.02999999999999936,0.36452004860265674,2.4301336573511456
2025-08-06,8.25,8.27,8.17,8.23,14312949.0,117425589.0,1246799854.0,0.011479748697500248,-0.02999999999999936,-0.363196125907983,1.2106537530266301
2025-08-07,8.26,8.38,8.22,8.24,18862489.0,156062191.0,1246799854.0,0.01512872249662615,0.009999999999999787,0.12150668286754485,1.944106925880925
2025-08-08,8.26,8.53,8.13,8.5,28749718.0,239019145.0,1246799854.0,0.023058807640829255,0.2599999999999998,3.15533980582523,4.854368932038818
2025-08-11,8.33,8.57,8.27,8.39,26854176.0,225775438.0,1246799854.0,0.02153848182917737,-0.10999999999999943,-1.2941176470588123,3.5294117647058907
2025-08-12,8.4,8.53,8.33,8.35,15855092.0,132960718.0,1246799854.0,0.012716629657224839,-0.040000000000000924,-0.47675804529202503,2.3837902264600626
2025-08-13,8.36,8.62,8.32,8.44,27245059.0,231162116.0,1246799854.0,0.02185199084888568,0.08999999999999986,1.0778443113772518,3.5928143712574725
2025-08-14,8.46,8.47,8.19,8.24,24272454.0,201835828.0,1246799854.0,0.01946780304964649,-0.1999999999999993,-2.369668246445489,3.31753554502371
2025-08-15,8.24,8.87,8.21,8.59,40580878.0,346979130.0,1246799854.0,0.032548029156249804,0.34999999999999964,4.247572815533984,8.009708737864058
2025-08-18,8.51,8.75,8.5,8.57,28939659.0,249158727.0,1246799854.0,0.023211150456230324,-0.019999999999999574,-0.2328288707799664,2.910360884749709
2025-08-19,8.59,8.73,8.5,8.57,20344107.0,174717415.0,1246799854.0,0.016317059177326468,0.0,0.0,2.6837806301050224
2025-08-20,8.57,8.61,8.43,8.53,19996699.0,169985876.0,1246799854.0,0.016038419427020563,-0.040000000000000924,-0.4667444574095736,2.1003500583430537
2025-08-21,8.53,8.57,8.44,8.48,18544789.0,157390739.0,1246799854.0,0.014873910147249664,-0.049999999999998934,-0.586166471277827,1.524032825322401
2025-08-22,8.49,8.64,8.45,8.57,24335995.0,207665333.0,1246799854.0,0.019518766321575138,0.08999999999999986,1.0613207547169878,2.240566037735864
2025-08-25,8.61,8.87,8.57,8.7,32137724.0,279816972.0,1246799854.0,0.02577616920381834,0.129999999999999,1.516919486581081,3.500583430571749
2025-08-26,8.66,8.94,8.63,8.92,34240060.0,302059001.0,1246799854.0,0.027462354835983162,0.22000000000000064,2.5287356321839205,3.563218390804583
2025-08-27,8.92,8.99,8.6,8.63,31298274.0,275868586.0,1246799854.0,0.02510288551894553,-0.28999999999999915,-3.2511210762331766,4.3721973094170465
2025-08-28,8.6,8.89,8.43,8.64,31617076.0,272726583.0,1246799854.0,0.025358581731113997,0.009999999999999787,0.11587485515642815,5.330243337195838
2025-08-29,8.64,8.66,8.38,8.41,25071411.0,213210882.0,1246799854.0,0.020108609188207362,-0.23000000000000043,-2.662037037037046,3.240740740740733
2025-09-01,8.35,8.53,8.35,8.5,21644533.0,182750112.0,1246799854.0,0.017360070207387113,0.08999999999999986,1.0701545778834642,2.1403091557669405
2025-09-02,8.47,8.48,8.15,8.24,26077400.0,215835681.0,1246799854.0,0.020915466035978537,-0.2599999999999998,-3.0588235294117583,3.8823529411764715
2025-09-03,8.24,8.36,8.13,8.18,17491629.0,143934965.0,1246799854.0,0.014029219640893542,-0.0600000000000005,-0.728155339805836,2.7912621359223135
2025-09-04,8.19,8.44,8.09,8.19,24881279.0,205003905.0,1246799854.0,0.019956113180616398,0.009999999999999787,0.12224938875304847,4.278728606356965
2025-09-05,8.21,8.25,8.07,8.23,16551440.0,135178255.0,1246799854.0,0.013275137903569245,0.040000000000000924,0.48840048840050887,2.1978021978021944
2025-09-08,8.17,8.42,8.16,8.37,23461540.0,195001228.0,1246799854.0,0.018817406759176602,0.1399999999999988,1.7010935601457833,3.1591737545564977
2025-09-09,8.3,8.35,8.2,8.24,16688896.0,137668662.0,1246799854.0,0.0133853849488821,-0.129999999999999,-1.5531660692950866,1.7921146953405063
2025-09-10,8.24,8.29,8.18,8.23,14627190.0,120469169.0,1246799854.0,0.011731786744338198,-0.009999999999999787,-0.12135922330096527,1.3349514563106726
2025-09-11,8.2,8.38,8.09,8.28,20803941.0,170813866.0,1246799854.0,0.01668587057758831,0.049999999999998934,0.6075334143377686,3.523693803159185
2025-09-12,8.27,8.32,8.21,8.25,13432562.0,110848840.0,1246799854.0,0.01077363135462799,-0.02999999999999936,-0.36231884057970065,1.3285024154589304
2025-09-15,8.18,8.64,8.12,8.33,38809659.0,324626076.0,1246799854.0,0.03112741702326186,0.08000000000000007,0.9696969696969759,6.30303030303032
2025-09-16,8.27,8.35,8.18,8.28,20697800.0,170889329.0,1246799854.0,0.016600739832938735,-0.05000000000000071,-0.6002400960384291,2.0408163265306114
2025-09-17,8.25,8.33,8.23,8.27,14039306.0,116220544.0,1246799854.0,0.011260272412576012,-0.009999999999999787,-0.12077294685990392,1.2077294685990296
2025-09-18,8.28,8.33,8.13,8.17,20642159.0,170063673.0,1246799854.0,0.016556112782477116,-0.09999999999999964,-1.2091898428053138,2.4183796856106325
2025-09-19,8.39,8.99,8.39,8.99,67786031.0,601416739.0,1246799854.0,0.05436801326414015,0.8200000000000003,10.036719706242359,7.343941248470008
2025-09-22,9.33,9.89,9.18,9.89,53011272.0,509856285.0,1246799854.0,0.04251786830895795,0.9000000000000004,10.011123470522797,7.897664071190221
2025-09-23,10.88,10.88,10.51,10.88,76530381.0,829005228.0,1246799854.0,0.06138144847745547,0.9900000000000002,10.01011122345803,3.7411526794742267
2025-09-24,10.8,10.88,9.79,9.79,111790355.0,1123705709.0,1246799854.0,0.08966182875411212,-1.0900000000000016,-10.018382352941192,10.018382352941192
2025-09-25,9.55,10.48,9.4,10.0,101221717.0,1012089138.0,1246799854.0,0.0811852172385641,0.21000000000000085,2.1450459652706977,11.031664964249236
2025-09-26,9.71,9.85,9.24,9.29,69085793.0,653210513.0,1246799854.0,0.055410491730776223,-0.7100000000000009,-7.100000000000007,6.099999999999994
2025-09-29,9.3,9.53,9.03,9.3,41560490.0,386483554.0,1246799854.0,0.033333730242801264,0.010000000000001563,0.10764262648010892,5.382131324004306
2025-09-30,9.35,10.12,9.22,9.79,56891173.0,543993770.0,1246799854.0,0.04562975590467145,0.48999999999999844,5.268817204301057,9.677419354838694
2025-10-09,9.95,9.99,9.62,9.77,36720276.0,358185831.0,1246799854.0,0.029451620388142908,-0.019999999999999574,-0.20429009193053682,3.7793667007150256
2025-10-10,9.8,9.83,9.52,9.69,28872586.0,278694709.0,1246799854.0,0.02315735433186857,-0.08000000000000007,-0.8188331627430934,3.1729785056294832
2025-10-13,9.37,9.53,9.2,9.45,27987340.0,262925706.0,1246799854.0,0.022447339811767414,-0.2400000000000002,-2.4767801857585203,3.405572755417958
2025-10-14,9.54,9.56,9.17,9.19,29831333.0,279270546.0,1246799854.0,0.023926320575266925,-0.2599999999999998,-2.751322751322749,4.126984126984133
2025-10-15,9.21,9.45,9.15,9.32,19600785.0,182568392.0,1246799854.0,0.015720875276907114,0.13000000000000078,1.414581066376508,3.2644178454842105
2025-10-16,9.26,10.02,9.26,9.69,47178406.0,454964651.0,1246799854.0,0.03783959859206079,0.3699999999999992,3.9699570815450613,8.154506437768237
2025-10-17,9.69,9.73,9.37,9.38,28375913.0,269755995.0,1246799854.0,0.02275899608823663,-0.3099999999999987,-3.1991744066047323,3.715170278637783
2025-10-20,9.45,9.99,9.3,9.8,42079111.0,407300794.0,1246799854.0,0.033749691953364636,0.41999999999999993,4.477611940298498,7.3560767590618275
2025-10-21,9.73,9.88,9.57,9.79,28335910.0,275915027.0,1246799854.0,0.022726911548066317,-0.010000000000001563,-0.10204081632654294,3.1632653061224536
2025-10-22,9.7,9.87,9.58,9.61,21808398.0,211230390.0,1246799854.0,0.01749149867962689,-0.17999999999999972,-1.8386108273748647,2.9622063329928414
2025-10-23,9.75,9.84,9.35,9.45,24432414.0,232048715.0,1246799854.0,0.01959609950355352,-0.16000000000000014,-1.6649323621227952,5.098855359001043
2025-10-24,9.45,9.74,9.41,9.68,28822789.0,276782383.0,1246799854.0,0.023117414481185847,0.23000000000000043,2.4338624338624326,3.492063492063493
2025-10-27,9.75,9.95,9.62,9.77,32358031.0,316995593.0,1246799854.0,0.025952867171253294,0.08999999999999986,0.9297520661156966,3.40909090909091
2025-10-28,9.71,9.79,9.62,9.65,17525851.0,169470048.0,1246799854.0,0.014056667510646019,-0.11999999999999922,-1.228249744114629,1.7400204708290679
2025-10-29,9.6,9.81,9.47,9.58,18492100.0,177670860.0,1246799854.0,0.014831650758278,-0.07000000000000028,-0.7253886010362698,3.523316062176164
2025-10-30,9.54,9.7,9.47,9.6,17341440.0,165987396.0,1246799854.0,0.01390876005027187,0.019999999999999574,0.20876826722338038,2.4008350730688797
2025-10-31,9.6,9.83,9.6,9.77,24277455.0,237005839.0,1246799854.0,0.019471814118451124,0.16999999999999993,1.7708333333333437,2.395833333333338
2025-11-03,9.72,10.18,9.65,10.02,34575987.0,342006480.0,1246799854.0,0.027731786211774773,0.25,2.5588536335721557,5.424769703172972
2025-11-04,9.98,9.98,9.69,9.79,21620794.0,212358085.0,1246799854.0,0.01734103026290537,-0.23000000000000043,-2.2954091816367317,2.894211576846317
2025-11-05,9.7,9.97,9.66,9.8,19160865.0,187939441.0,1246799854.0,0.01536803596706228,0.010000000000001563,0.10214504596528506,3.1664964249233964
2025-11-06,9.81,9.87,9.66,9.7,18293943.0,178075761.0,1246799854.0,0.014672718272551226,-0.10000000000000142,-1.0204081632653184,2.142857142857133
2025-11-07,9.69,9.98,9.55,9.66,27329401.0,267645428.0,1246799854.0,0.021919637632553012,-0.03999999999999915,-0.412371134020606,4.432989690721647
2025-11-10,9.66,9.74,9.35,9.36,26225057.0,248115216.0,1246799854.0,0.02103389482751736,-0.3000000000000007,-3.105590062111807,4.037267080745347
2025-11-11,9.35,9.41,9.22,9.23,16177601.0,150343690.0,1246799854.0,0.01297529908116271,-0.129999999999999,-1.3888888888888729,2.029914529914525
2025-11-12,9.23,10.15,9.19,9.86,73774663.0,734664532.0,1246799854.0,0.05917121562319336,0.629999999999999,6.8255687973997725,10.400866738894916
2025-11-13,9.85,10.27,9.85,9.98,52202784.0,523199956.0,1246799854.0,0.041869417799915785,0.120000000000001,1.217038539553772,4.259634888438133
2025-11-14,9.96,10.05,9.76,9.85,31956429.0,315744651.0,1246799854.0,0.025630760941683588,-0.13000000000000078,-1.3026052104208485,2.9058116232465023
2025-11-17,9.77,10.04,9.77,10.02,27816323.0,277138068.0,1246799854.0,0.0223101750539666,0.16999999999999993,1.7258883248731038,2.7411167512690313
2025-11-18,10.03,10.18,9.88,10.04,26094140.0,261160224.0,1246799854.0,0.02092889240906183,0.019999999999999574,0.1996007984031989,2.9940119760478936
2025-11-19,10.0,10.02,9.49,9.56,27256194.0,263797339.0,1246799854.0,0.021860921712940785,-0.47999999999999865,-4.7808764940238895,5.278884462151388
2025-11-20,9.72,10.52,9.55,10.52,48577596.0,482174137.0,1246799854.0,0.038961823619206165,0.9599999999999991,10.041841004184082,10.14644351464434
2025-11-21,10.5,11.57,10.41,11.57,116430248.0,1298646746.0,1246799854.0,0.09338327047959376,1.0500000000000007,9.980988593155903,11.02661596958175
2025-11-24,12.13,12.19,10.53,11.18,116037509.0,1288203629.0,1246799854.0,0.09306827284886737,-0.39000000000000057,-3.370786516853941,14.347450302506484
2025-11-25,11.16,11.88,10.9,11.6,95132689.0,1079593633.0,1246799854.0,0.07630149193135853,0.41999999999999993,3.75670840787119,8.765652951699469
2025-11-26,11.28,11.97,11.23,11.75,78448151.0,918413654.0,1246799854.0,0.06291960233097685,0.15000000000000036,1.2931034482758674,6.379310344827588
2025-11-27,11.57,12.92,11.57,12.6,100438127.0,1255444898.0,1246799854.0,0.08055673625383662,0.8499999999999996,7.234042553191489,11.489361702127656
2025-11-28,12.38,12.69,12.03,12.11,64867167.0,793155696.0,1246799854.0,0.052026928613997096,-0.4900000000000002,-3.888888888888886,5.23809523809524
2025-12-01,12.1,12.53,11.88,11.88,51545682.0,622872837.0,1246799854.0,0.04134238693935555,-0.22999999999999865,-1.8992568125515974,5.3674649050371475
2025-12-02,11.9,12.07,11.75,11.92,35093927.0,417856526.0,1246799854.0,0.02814720172400662,0.03999999999999915,0.33670033670032407,2.693602693602696
2025-12-03,11.98,12.0,11.25,11.33,44624462.0,513972277.0,1246799854.0,0.03579119925049334,-0.5899999999999999,-4.949664429530198,6.291946308724833
2025-12-04,11.4,11.48,10.95,10.98,35206881.0,391640222.0,1246799854.0,0.02823779685813149,-0.34999999999999964,-3.0891438658428916,4.6778464254192516
2025-12-05,11.1,11.73,11.03,11.5,43815162.0,502664177.0,1246799854.0,0.03514209747413076,0.5199999999999996,4.735883424408005,6.375227686703106
2025-12-08,11.6,11.72,11.27,11.32,27833124.0,317081394.0,1246799854.0,0.02232365035230426,-0.17999999999999972,-1.565217391304341,3.913043478260879
2025-12-09,11.22,11.69,11.22,11.37,24330662.0,278560280.0,1246799854.0,0.01951448897105822,0.049999999999998934,0.4416961130741859,4.151943462897516
2025-12-10,11.45,11.53,11.19,11.3,21274508.0,241342637.0,1246799854.0,0.017063290416458453,-0.06999999999999851,-0.6156552330694676,2.9903254177660497
2025-12-11,11.31,11.6,11.18,11.2,24455078.0,276698999.0,1246799854.0,0.019614277240683733,-0.10000000000000142,-0.8849557522124019,3.7168141592920345
2025-12-12,11.2,11.31,11.03,11.15,18771967.0,209821976.0,1246799854.0,0.015056119023254233,-0.049999999999998934,-0.44642857142855874,2.50000000000001
2025-12-15,11.15,11.21,10.8,10.96,20161554.0,221379741.0,1246799854.0,0.016170641932077096,-0.1899999999999995,-1.704035874439458,3.6771300448430506
2025-12-16,10.91,10.99,10.39,10.45,31659951.0,334973596.0,1246799854.0,0.025392969768506246,-0.5100000000000016,-4.653284671532864,5.474452554744522
2025-12-17,10.46,10.49,10.18,10.34,20623118.0,212739097.0,1246799854.0,0.01654084088463488,-0.10999999999999943,-1.0526315789473606,2.9665071770334976
2025-12-18,10.25,10.45,10.14,10.15,15927159.0,164385375.0,1246799854.0,0.012774431236017774,-0.1899999999999995,-1.837524177949701,2.9980657640231985
2025-12-19,10.25,10.53,10.14,10.42,25655413.0,265406010.0,1246799854.0,0.020577009948863852,0.2699999999999996,2.6600985221674867,3.842364532019692
2025-12-22,10.37,10.55,10.29,10.52,21372959.0,222996503.0,1246799854.0,0.017142253370844556,0.09999999999999964,0.9596928982725572,2.4952015355086523
2025-12-23,10.5,10.65,10.31,10.36,17927277.0,187322260.0,1246799854.0,0.01437863257882608,-0.16000000000000014,-1.520912547528519,3.2319391634980974
2025-12-24,10.32,10.83,10.32,10.66,24137816.0,257250077.0,1246799854.0,0.01935981619067466,0.3000000000000007,2.895752895752901,4.922779922779921
2025-12-25,10.66,11.26,10.62,10.94,29100569.0,320860057.0,1246799854.0,0.023340208860820093,0.27999999999999936,2.62664165103188,6.003752345215766
2025-12-26,10.99,11.15,10.62,10.74,23497956.0,253978648.0,1246799854.0,0.018846614333979543,-0.1999999999999993,-1.8281535648994485,4.844606946983557
2025-12-29,10.73,10.95,10.31,10.32,27120200.0,285942240.0,1246799854.0,0.021751847269626003,-0.41999999999999993,-3.9106145251396662,5.959031657355669
2025-12-30,10.32,10.46,9.87,9.94,29198000.0,295939524.0,1246799854.0,0.023418353720788935,-0.3800000000000008,-3.6821705426356655,5.717054263565907
2025-12-31,10.0,10.31,9.75,10.04,26557907.0,265709094.0,1246799854.0,0.021300858285150232,0.09999999999999964,1.0060362173038184,5.633802816901413
2026-01-05,10.0,10.04,9.79,9.92,26800570.0,264728051.0,1246799854.0,0.02149548695728352,-0.11999999999999922,-1.195219123505964,2.49003984063745
2026-01-06,9.98,10.18,9.88,9.96,23139680.0,231213715.0,1246799854.0,0.018559257867863048,0.040000000000000924,0.40322580645162365,3.0241935483870863
2026-01-07,9.88,10.07,9.79,9.87,20007823.0,198119442.0,1246799854.0,0.016047341468488813,-0.09000000000000163,-0.9036144578313365,2.8112449799196897
2026-01-08,9.86,10.25,9.86,10.05,30173350.0,303190621.0,1246799854.0,0.0242006364559616,0.1800000000000015,1.823708206686936,3.9513677811550214
2026-01-09,10.14,10.37,10.07,10.22,30532370.0,312533781.0,1246799854.0,0.024488589649770683,0.16999999999999993,1.691542288557213,2.9850746268656607
2026-01-12,10.33,10.4,10.08,10.3,40268653.0,411646073.0,1246799854.0,0.032297608048965976,0.08000000000000007,0.7827788649706457,3.1311154598825857
2026-01-13,10.33,10.4,10.02,10.05,41190600.0,420339774.0,1246799854.0,0.03303705872907489,-0.25,-2.4271844660194164,3.6893203883495223
2026-01-14,10.05,10.35,9.98,10.15,41273351.0,419975414.0,1246799854.0,0.03310342944586197,0.09999999999999964,0.995024875621886,3.681592039800987
2026-01-15,10.13,10.13,9.7,9.81,32699085.0,321469130.0,1246799854.0,0.02622641067457167,-0.33999999999999986,-3.349753694581281,4.236453201970458
2026-01-16,9.81,9.95,9.52,9.63,30976436.0,300194908.0,1246799854.0,0.02484475427280568,-0.17999999999999972,-1.834862385321101,4.383282364933738
2026-01-19,9.4,9.55,9.1,9.47,24418100.0,229319352.0,1246799854.0,0.019584618911897948,-0.16000000000000014,-1.6614745586708168,4.672897196261693
2026-01-20,9.5,9.67,9.17,9.41,28638677.0,268443498.0,1246799854.0,0.022969746834763424,-0.0600000000000005,-0.6335797254487963,5.279831045406547
2026-01-21,9.37,9.95,9.32,9.48,46172028.0,446005751.0,1246799854.0,0.03703242974553637,0.07000000000000028,0.7438894792773709,6.69500531349627
2026-01-22,9.46,9.55,9.38,9.48,23895935.0,225845958.0,1246799854.0,0.01916581472426127,0.0,0.0,1.7932489451476785
2026-01-23,9.49,9.85,9.46,9.56,30571266.0,294438604.0,1246799854.0,0.024519786316882262,0.08000000000000007,0.8438818565400741,4.113924050632899
2026-01-26,9.5,9.55,9.0,9.16,40132004.0,369452081.0,1246799854.0,0.03218800826070677,-0.40000000000000036,-4.184100418410042,5.753138075313815
2026-01-27,9.26,9.26,8.84,8.96,27475443.0,246521130.0,1246799854.0,0.022036771107931168,-0.1999999999999993,-2.183406113537112,4.5851528384279465
2026-01-28,8.96,9.03,8.77,8.84,20707675.0,183762587.0,1246799854.0,0.016608660109772518,-0.120000000000001,-1.3392857142857206,2.9017857142857117
2026-01-29,8.8,8.98,8.66,8.84,24660985.0,218451679.0,1246799854.0,0.019779425639874993,0.0,0.0,3.6199095022624466
2026-01-30,8.84,9.27,8.8,8.84,32827535.0,294491982.0,1246799854.0,0.026329434427412115,0.0,0.0,5.316742081447951
2026-02-02,8.8,9.04,8.71,8.75,26998649.0,239677293.0,1246799854.0,0.021654356882848978,-0.08999999999999986,-1.0180995475113086,3.7330316742081253
2026-02-03,8.79,8.89,8.74,8.88,18400994.0,162332831.0,1246799854.0,0.014758578885749532,0.13000000000000078,1.4857142857142902,1.7142857142857182
2026-02-04,8.87,9.01,8.8,8.94,18084373.0,160704061.0,1246799854.0,0.014504631951937973,0.05999999999999872,0.6756756756756577,2.3648648648648543
2026-02-05,8.88,9.01,8.84,8.89,17898220.0,159784119.0,1246799854.0,0.014355327314627677,-0.049999999999998934,-0.5592841163310824,1.9015659955257262
2026-02-06,8.81,8.95,8.69,8.83,17136849.0,151494948.0,1246799854.0,0.013744667153289545,-0.0600000000000005,-0.6749156355455588,2.92463442069741
2026-02-09,8.98,9.23,8.97,9.13,26710615.0,243503312.0,1246799854.0,0.0214233382481612,0.3000000000000007,3.3975084937712507,2.9445073612684007
2026-02-10,9.15,9.62,9.13,9.5,46120159.0,433584862.0,1246799854.0,0.03699082804031192,0.3699999999999992,4.052573932091996,5.366922234392097
2026-02-11,9.4,9.4,9.18,9.24,25062866.0,232085767.0,1246799854.0,0.02010175564232942,-0.2599999999999998,-2.7368421052631597,2.3157894736842173
2026-02-12,9.24,9.26,8.97,9.1,22048300.0,200365354.0,1246799854.0,0.017683912882460122,-0.14000000000000057,-1.515151515151525,3.1385281385281294
2026-02-13,9.08,9.19,9.02,9.02,14181400.0,129023033.0,1246799854.0,0.011374239381327358,-0.08000000000000007,-0.879120879120876,1.8681318681318675
2026-02-24,9.09,9.1,8.73,8.77,21541983.0,189796745.0,1246799854.0,0.017277819636318307,-0.25,-2.7716186252771613,4.101995565410191
2026-02-25,8.75,8.86,8.71,8.76,15081800.0,132589614.0,1246799854.0,0.0120964082178983,-0.009999999999999787,-0.11402508551880963,1.7103762827821958
2026-02-26,8.77,8.8,8.48,8.53,24099507.0,206822091.0,1246799854.0,0.019329090328879684,-0.23000000000000043,-2.6255707762557146,3.6529680365296837
2026-02-27,8.54,8.72,8.5,8.64,17875936.0,154227964.0,1246799854.0,0.014337454357770561,0.11000000000000121,1.2895662368112681,2.5791324736225163
2026-03-02,8.48,8.49,8.2,8.26,23954141.0,199072827.0,1246799854.0,0.019212499041566296,-0.3800000000000008,-4.398148148148162,3.356481481481492
2026-03-03,8.26,8.28,7.85,7.88,27701380.0,221390959.0,1246799854.0,0.02221798463572807,-0.3799999999999999,-4.600484261501214,5.205811138014525
2026-03-04,7.85,7.93,7.7,7.79,19113421.0,149404068.0,1246799854.0,0.015329983347912711,-0.08999999999999986,-1.1421319796954266,2.918781725888319
2026-03-05,7.88,8.29,7.86,8.06,29019892.0,235412579.0,1246799854.0,0.02327550160268145,0.27000000000000046,3.4659820282413323,5.519897304236185
2026-03-06,8.08,8.2,8.0,8.13,15521475.0,125985404.0,1246799854.0,0.01244905102467232,0.07000000000000028,0.8684863523573227,2.4813895781637627
2026-03-09,8.11,8.15,7.86,8.13,20794236.0,165857904.0,1246799854.0,0.01667808664982407,0.0,0.0,3.5670356703567037
2026-03-10,8.19,8.51,8.18,8.27,28647396.0,238110505.0,1246799854.0,0.02297673993792431,0.1399999999999988,1.7220172201721784,4.059040590405905
2026-03-11,8.32,8.38,8.19,8.3,21739864.0,179921725.0,1246799854.0,0.017436530755320413,0.030000000000001137,0.36275695284160303,2.2974607013301243
2026-03-12,8.29,8.32,7.99,8.1,19544735.0,158765595.0,1246799854.0,0.01567592018662524,-0.20000000000000107,-2.4096385542168752,3.975903614457832
2026-03-13,8.11,8.23,8.07,8.13,15718595.0,128143365.0,1246799854.0,0.012607151781074879,0.030000000000001137,0.37037037037037646,1.9753086419753103
2026-03-16,8.1,8.94,8.05,8.65,66135755.0,572021000.0,1246799854.0,0.053044403869492274,0.5199999999999996,6.396063960639609,10.947109471094695
2026-03-17,8.37,8.58,8.26,8.27,37752452.0,316660837.0,1246799854.0,0.03027948060699725,-0.3800000000000008,-4.393063583815038,3.699421965317922
2026-03-18,8.27,8.92,8.13,8.64,44053606.0,372447818.0,1246799854.0,0.03533334228317932,0.370000000000001,4.474002418379697,9.552599758162021
2026-03-19,8.53,9.5,8.53,9.5,73953483.0,686126600.0,1246799854.0,0.059314638803286225,0.8599999999999994,9.953703703703699,11.226851851851858
2026-03-20,9.39,9.7,9.3,9.31,86797529.0,822115729.0,1246799854.0,0.06961624892843467,-0.1899999999999995,-1.9999999999999907,4.210526315789459
2026-03-23,9.1,9.66,8.88,9.24,66175553.0,612842293.0,1246799854.0,0.053076323988725777,-0.07000000000000028,-0.7518796992481258,8.37808807733619
2026-03-24,9.37,9.49,9.11,9.37,51349792.0,478533411.0,1246799854.0,0.0411852727085738,0.129999999999999,1.4069264069263898,4.112554112554121
2026-03-25,9.35,9.62,9.3,9.57,57436896.0,545069898.0,1246799854.0,0.04606745486513347,0.20000000000000107,2.134471718249742,3.4151547491995573
2026-03-26,9.43,9.43,9.06,9.11,41755148.0,383102250.0,1246799854.0,0.03348985634385549,-0.46000000000000085,-4.806687565308265,3.8662486938348923
2026-03-27,10.02,10.02,10.02,10.02,16163906.0,161962338.0,1246799854.0,0.012964314960530946,0.9100000000000001,9.989023051591662,0.0
2026-03-30,10.2,11.02,10.02,11.02,100914868.0,1074647555.0,1246799854.0,0.08093910797009124,1.0,9.980039920159678,9.980039920159681
2026-03-31,10.5,11.1,10.31,10.34,109210543.0,1158373033.0,1246799854.0,0.08759268189648023,-0.6799999999999997,-6.17059891107078,7.168784029038106
2026-04-01,10.38,10.89,10.04,10.27,92647836.0,965070076.0,1246799854.0,0.07430850725781366,-0.07000000000000028,-0.6769825918762074,8.22050290135398
2026-04-02,10.0,10.13,9.25,9.62,87786777.0,842004717.0,1246799854.0,0.0704096786010692,-0.6500000000000004,-6.329113924050633,8.568646543330095
2026-04-03,9.62,9.93,9.3,9.43,53883372.0,517924318.0,1246799854.0,0.04321733903571663,-0.1899999999999995,-1.9750519750519668,6.54885654885654
2026-04-07,9.23,9.49,8.99,9.35,47670599.0,441485400.0,1246799854.0,0.03823436363668358,-0.08000000000000007,-0.8483563096500557,5.302226935312832
2026-04-08,9.49,9.8,9.44,9.64,51074525.0,491835994.0,1246799854.0,0.040964493889008746,0.2900000000000009,3.1016042780748654,3.850267379679157
2026-04-09,9.48,9.64,9.34,9.41,39430697.0,373916920.0,1246799854.0,0.03162552263179845,-0.23000000000000043,-2.3858921161825752,3.112033195020754
2026-04-10,9.45,9.48,9.27,9.27,31224382.0,292532921.0,1246799854.0,0.025043620192788378,-0.14000000000000057,-1.4877789585547307,2.2316684378321026
2026-04-13,9.12,9.48,9.11,9.35,23418668.0,218531977.0,1246799854.0,0.018783021127944406,0.08000000000000007,0.8629989212513456,3.9913700107874974
2026-04-14,9.45,9.6,9.11,9.25,35133820.0,327805799.0,1246799854.0,0.0281791980383084,-0.09999999999999964,-1.0695187165775333,5.24064171122995
2026-04-15,9.27,9.42,9.08,9.14,26773400.0,246339526.0,1246799854.0,0.021473695167757052,-0.10999999999999943,-1.1891891891891881,3.675675675675674
2026-04-16,9.13,9.58,9.11,9.44,47115023.0,441462322.0,1246799854.0,0.03778876204456148,0.29999999999999893,3.2822757111597323,5.142231947483595
2026-04-17,9.8,9.83,9.16,9.4,59543185.0,559779635.0,1246799854.0,0.04775681101419186,-0.03999999999999915,-0.4237288135593098,7.097457627118644
2026-04-20,9.28,9.33,9.07,9.08,47748299.0,437206023.0,1246799854.0,0.03829668318199851,-0.3200000000000003,-3.404255319148941,2.765957446808508
2026-04-21,8.94,8.94,8.58,8.67,40619834.0,353546740.0,1246799854.0,0.0325792739465624,-0.41000000000000014,-4.515418502202639,3.9647577092510953
2026-04-22,8.64,8.69,8.44,8.66,30257660.0,259153900.0,1246799854.0,0.024268257573921724,-0.009999999999999787,-0.11534025374855261,2.883506343713956
2026-04-23,8.64,8.71,8.49,8.58,20206600.0,173320606.0,1246799854.0,0.01620677122729275,-0.08000000000000007,-0.9237875288683584,2.540415704387998
2026-04-24,8.54,8.59,8.33,8.38,22752625.0,191406824.0,1246799854.0,0.018248819108379524,-0.1999999999999993,-2.3310023310023187,3.030303030303028
2026-04-27,8.31,8.63,8.29,8.43,21613997.0,183109259.0,1246799854.0,0.017335578706283678,0.049999999999998934,0.5966587112171684,4.057279236276869
2026-04-28,8.4,8.5,8.15,8.2,19904837.0,164736618.0,1246799854.0,0.0159647412021593,-0.23000000000000043,-2.7283511269276417,4.151838671411621
2026-04-29,8.2,8.77,8.17,8.38,41410437.0,352109957.0,1246799854.0,0.033213379731435226,0.1800000000000015,2.1951219512195363,7.317073170731704
2026-04-30,8.45,8.78,8.43,8.45,27191447.0,232274718.0,1246799854.0,0.021808991164671727,0.06999999999999851,0.8353221957040358,4.176610978520282
2026-05-06,8.52,8.88,8.52,8.75,33304321.0,291096293.0,1246799854.0,0.026711842236067505,0.3000000000000007,3.550295857988184,4.2603550295858135
2026-05-07,8.77,8.84,8.68,8.73,23569381.0,206523342.0,1246799854.0,0.018903900994521612,-0.019999999999999574,-0.22857142857142243,1.82857142857143
2026-05-08,8.73,9.02,8.63,8.89,31746048.0,281161795.0,1246799854.0,0.025462024155803276,0.16000000000000014,1.832760595647187,4.46735395189002
2026-05-11,8.84,8.84,8.48,8.53,37990500.0,326372026.0,1246799854.0,0.030470407802919104,-0.3600000000000012,-4.049493813273353,4.049493813273334
2026-05-12,8.53,8.54,8.32,8.4,23007011.0,193166831.0,1246799854.0,0.01845285025193787,-0.129999999999999,-1.5240328253223745,2.579132473622496
2026-05-13,8.4,8.53,8.3,8.44,22088100.0,185949382.0,1246799854.0,0.01771583460580033,0.03999999999999915,0.4761904761904745,2.7380952380952217
2026-05-14,8.47,8.57,8.29,8.37,28560568.0,240456731.0,1246799854.0,0.022907099249628242,-0.07000000000000028,-0.82938388625593,3.31753554502371
2026-05-15,8.39,8.52,8.21,8.27,24424258.0,204190941.0,1246799854.0,0.019589557956428826,-0.09999999999999964,-1.194743130226994,3.703703703703689
2026-05-18,8.27,9.1,8.27,9.1,37346446.0,333648950.0,1246799854.0,0.029953842134473014,0.8300000000000001,10.036275695284157,10.03627569528416
2026-05-19,9.19,9.89,9.05,9.56,108797145.0,1025269642.0,1246799854.0,0.0872611146455909,0.46000000000000085,5.054945054945059,9.23076923076923
2026-05-20,9.37,9.43,9.15,9.17,62460455.0,577482242.0,1246799854.0,0.0500966171912946,-0.39000000000000057,-4.079497907949792,2.9288702928870225
2026-05-21,9.1,9.35,8.8,8.89,51237962.0,466428873.0,1246799854.0,0.04109557908241462,-0.27999999999999936,-3.0534351145038108,5.9978189749182
2026-05-22,8.96,9.02,8.62,8.75,39311708.0,344277811.0,1246799854.0,0.03153008710570478,-0.14000000000000057,-1.5748031496063075,4.499437570303716
2026-05-25,8.65,9.63,8.65,9.63,46279363.0,434013640.0,1246799854.0,0.037118518141886145,0.8800000000000008,10.057142857142875,11.200000000000005
2026-05-26,9.48,9.79,9.22,9.51,84437243.0,806562826.0,1246799854.0,0.06772317363457118,-0.120000000000001,-1.2461059190031265,5.919003115264782
2026-05-27,9.52,9.69,9.37,9.41,53926196.0,513544309.0,1246799854.0,0.043251686168388016,-0.09999999999999964,-1.051524710830698,3.364879074658258
2026-05-28,9.56,9.86,9.2,9.41,54046781.0,510708403.0,1246799854.0,0.04334840177162869,0.0,0.0,7.013815090329438
2026-05-29,9.38,9.46,9.08,9.25,43639225.0,402831306.0,1246799854.0,0.03500098661384669,-0.16000000000000014,-1.7003188097768351,4.038257173219987
2026-06-01,9.17,9.47,9.08,9.44,51846762.0,483227768.0,1246799854.0,0.04158386916205077,0.1899999999999995,2.0540540540540553,4.216216216216222
2026-06-02,9.35,9.35,8.92,9.08,40011196.0,363941856.0,1246799854.0,0.03209111379956899,-0.35999999999999943,-3.813559322033888,4.555084745762708
2026-06-03,9.0,9.14,8.5,8.75,43794751.0,386465420.0,1246799854.0,0.035125726763198674,-0.33000000000000007,-3.6343612334801767,7.048458149779742
2026-06-04,8.69,8.87,8.47,8.53,31648518.0,273014716.0,1246799854.0,0.025383799892552763,-0.22000000000000064,-2.5142857142857244,4.571428571428555
2026-06-05,8.54,9.38,8.38,9.38,56698815.0,509900769.0,1246799854.0,0.045475474526322814,0.8500000000000014,9.964830011723347,11.723329425556859
2026-06-08,9.27,9.64,8.9,8.94,55933891.0,512584283.0,1246799854.0,0.044861964669431216,-0.4400000000000013,-4.690831556503216,7.889125799573563
2026-06-09,9.02,9.18,8.72,8.83,40275747.0,358777115.0,1246799854.0,0.032303297815432695,-0.10999999999999943,-1.230425055928408,5.145413870246076
2026-06-10,8.83,8.94,8.52,8.86,35520139.0,310352857.0,1246799854.0,0.028489046486526136,0.02999999999999936,0.3397508493771184,4.756511891279727
2026-06-11,8.7,9.02,8.5,8.8,36438423.0,318971065.0,1246799854.0,0.029225559245213067,-0.05999999999999872,-0.6772009029345272,5.869074492099318
2026-06-12,8.81,9.14,8.7,8.86,38419349.0,342554706.0,1246799854.0,0.03081436758012325,0.05999999999999872,0.6818181818181612,5.000000000000014
2026-06-15,8.8,9.14,8.78,9.03,34022347.0,306438152.0,1246799854.0,0.027287737394938772,0.16999999999999993,1.9187358916478603,4.063205417607238
2026-06-16,8.9,9.92,8.65,9.58,71936429.0,671958186.0,1246799854.0,0.057696853884937976,0.5500000000000007,6.090808416389826,14.064230343300107
2026-06-17,9.48,9.94,9.47,9.65,64099496.0,622779834.0,1246799854.0,0.051411215516552346,0.07000000000000028,0.7306889352818313,4.9060542797494655
2026-06-18,9.65,9.92,8.94,8.99,64407658.0,598453447.0,1246799854.0,0.05165837788107409,-0.6600000000000001,-6.8393782383419754,10.155440414507776
