date,open,high,low,close,volume,amount,outstanding_share,turnover,change,pct_chg,amplitude
2023-03-06,11.07,11.23,10.97,11.04,3871063.0,45997931.0,887615937.0,0.004361191410198846,,,
2023-03-07,11.1,11.1,10.77,10.87,6438000.0,75338569.0,887615937.0,0.007253137006259049,-0.16999999999999993,-1.5398550724637694,2.9891304347826093
2023-03-08,10.81,10.94,10.66,10.72,4744902.0,54865330.0,887615937.0,0.00534567012849838,-0.14999999999999858,-1.3799448022078997,2.575896964121429
2023-03-09,10.72,10.87,10.53,10.55,3299899.0,37666735.0,887615937.0,0.003717710399785217,-0.16999999999999993,-1.585820895522383,3.1716417910447747
2023-03-10,10.55,10.59,10.22,10.39,6332031.0,70423325.0,887615937.0,0.007133750911910452,-0.16000000000000014,-1.516587677725123,3.507109004739329
2023-03-13,10.32,10.54,10.25,10.35,4959560.0,55069509.0,887615937.0,0.005587506705616981,-0.040000000000000924,-0.38498556304139564,2.7911453320500397
2023-03-14,10.34,10.37,9.97,10.1,3890118.0,42228480.0,887615937.0,0.004382659028349555,-0.25,-2.4154589371980673,3.8647342995168947
2023-03-15,10.31,10.83,10.19,10.55,6999523.0,79566526.0,887615937.0,0.007885756336977532,0.45000000000000107,4.455445544554459,6.336633663366342
2023-03-16,10.53,10.62,10.35,10.35,3309007.0,37049350.0,887615937.0,0.003727971594543373,-0.20000000000000107,-1.8957345971564066,2.5592417061611332
2023-03-17,10.4,10.53,10.23,10.36,3882511.0,43208293.0,887615937.0,0.004374088880290125,0.009999999999999787,0.09661835748790981,2.898550724637671
2023-03-20,10.4,10.42,10.09,10.18,3091560.0,33807574.0,887615937.0,0.003482992892679438,-0.17999999999999972,-1.737451737451734,3.185328185328186
2023-03-21,10.23,10.72,10.14,10.63,5177813.0,58444664.0,887615937.0,0.005833393457873436,0.45000000000000107,4.420432220039294,5.69744597249509
2023-03-22,10.66,10.86,10.56,10.8,3957668.0,45529851.0,887615937.0,0.004458761762859155,0.16999999999999993,1.5992474129821188,2.822201317027271
2023-03-23,10.81,11.17,10.67,11.0,7627093.0,90074023.0,887615937.0,0.00859278510228011,0.1999999999999993,1.8518518518518379,4.62962962962963
2023-03-24,10.98,10.98,10.74,10.87,3199457.0,37221016.0,887615937.0,0.0036045510976443857,-0.13000000000000078,-1.1818181818181839,2.181818181818184
2023-03-27,10.91,10.91,10.39,10.56,5261600.0,59583034.0,887615937.0,0.005927789014000095,-0.3099999999999987,-2.8518859245630024,4.783808647654091
2023-03-28,10.61,10.61,10.3,10.32,3936305.0,43899175.0,887615937.0,0.004434693921003809,-0.2400000000000002,-2.2727272727272707,2.935606060606048
2023-03-29,10.3,10.44,10.11,10.18,3247934.0,35716432.0,887615937.0,0.0036591659349622515,-0.14000000000000057,-1.3565891472868241,3.197674418604652
2023-03-30,10.23,10.53,10.08,10.52,6220729.0,68649107.0,887615937.0,0.007008356588351793,0.33999999999999986,3.3398821218074692,4.420432220039286
2023-03-31,10.53,10.56,10.3,10.39,2982769.0,33316696.0,887616174.0,0.003360426598084951,-0.129999999999999,-1.2357414448669113,2.4714828897338386
2023-04-03,10.53,10.53,10.02,10.09,6696520.0,72961628.0,887616174.0,0.007544387085492653,-0.3000000000000007,-2.8873917228104062,4.908565928777668
2023-04-04,10.07,10.09,9.42,9.71,15335487.0,159720966.0,887616174.0,0.017277160386669564,-0.379999999999999,-3.7661050545094055,6.6402378592666
2023-04-06,9.7,9.99,9.68,9.88,5110445.0,53938340.0,887616174.0,0.005757494229707446,0.16999999999999993,1.750772399588052,3.192584963954691
2023-04-07,9.93,10.87,9.8,10.86,16161522.0,182707436.0,887616174.0,0.01820778222997996,0.9799999999999986,9.91902834008096,10.829959514170024
2023-04-10,10.66,10.93,10.23,10.42,14016467.0,159122292.0,887616174.0,0.015791135189476616,-0.4399999999999995,-4.05156537753223,6.445672191528538
2023-04-11,10.42,10.49,10.2,10.25,5115338.0,56553835.0,887616174.0,0.005763006747553926,-0.16999999999999993,-1.6314779270633406,2.783109404990412
2023-04-12,10.24,10.31,10.14,10.16,4395816.0,48139204.0,887616174.0,0.004952383844235808,-0.08999999999999986,-0.8780487804878057,1.6585365853658531
2023-04-13,10.18,10.4,10.16,10.31,3194847.0,35188565.0,887616174.0,0.003599356448860744,0.15000000000000036,1.476377952755903,2.362204724409451
2023-04-14,10.2,10.3,10.05,10.12,4194333.0,45611559.0,887616174.0,0.0047253904591423096,-0.19000000000000128,-1.8428709990300773,2.424830261881668
2023-04-17,10.07,10.5,10.07,10.31,4392099.0,48737184.0,887616174.0,0.004948196223382473,0.19000000000000128,1.8774703557312478,4.249011857707508
2023-04-18,10.33,10.41,10.16,10.17,2220044.0,24411535.0,887616174.0,0.0025011306294650732,-0.14000000000000057,-1.357904946653743,2.424830261881668
2023-04-19,10.1,10.19,9.98,10.02,2364935.0,25552873.0,887616174.0,0.002664366726602708,-0.15000000000000036,-1.4749262536873142,2.064896755162233
2023-04-20,10.01,10.03,9.73,9.81,2522113.0,26552214.0,887616174.0,0.0028414455187699183,-0.20999999999999908,-2.0958083832335217,2.9940119760478936
2023-04-21,9.77,9.84,9.5,9.52,3367350.0,34795977.0,887616174.0,0.0037937005866231547,-0.2900000000000009,-2.956167176350677,3.4658511722731893
2023-04-24,9.55,9.86,9.35,9.62,4953200.0,50604102.0,887616174.0,0.0055803399544632456,0.09999999999999964,1.0504201680672232,5.357142857142856
2023-04-25,9.57,9.59,9.17,9.2,4153316.0,41410994.0,887616174.0,0.004679180170053999,-0.41999999999999993,-4.365904365904361,4.365904365904365
2023-04-26,9.31,9.64,9.26,9.46,4862127.0,49269293.0,887616174.0,0.005477735920571452,0.26000000000000156,2.826086956521756,4.130434782608704
2023-04-27,9.44,9.48,9.13,9.14,4788224.0,47676348.0,887616174.0,0.00539447583342482,-0.3200000000000003,-3.382663847780132,3.69978858350951
2023-04-28,9.3,9.68,9.21,9.32,5825229.0,58668017.0,887616174.0,0.006562779240207942,0.17999999999999972,1.969365426695835,5.142231947483576
2023-05-04,9.32,9.51,9.25,9.32,4243888.0,42607164.0,887616174.0,0.004781219770787998,0.0,0.0,2.7896995708154484
2023-05-05,9.35,9.43,9.09,9.18,3706842.0,36557532.0,887616174.0,0.004176176717572972,-0.14000000000000057,-1.5021459227467893,3.648068669527895
2023-05-08,9.13,9.25,8.95,8.98,5472440.0,53148109.0,887616174.0,0.006165322535008245,-0.1999999999999993,-2.178649237472763,3.2679738562091583
2023-05-09,8.95,9.12,8.86,8.86,4459729.0,42743058.0,887616174.0,0.0050243890666192385,-0.120000000000001,-1.3363028953229494,2.895322939866367
2023-05-10,8.8,9.16,8.8,9.01,3630675.0,35069276.0,887616174.0,0.004090365978391917,0.15000000000000036,1.6930022573363512,4.063205417607217
2023-05-11,9.07,9.14,8.79,8.9,4866978.0,46505823.0,887616174.0,0.005483201120668178,-0.10999999999999943,-1.220865704772467,3.884572697003345
2023-05-12,8.86,9.25,8.86,8.95,4607994.0,44612436.0,887616174.0,0.0051914263563205415,0.049999999999998934,0.561797752808979,4.382022471910119
2023-05-15,8.88,8.94,8.68,8.74,5494491.0,51622247.0,887616174.0,0.006190165480242815,-0.20999999999999908,-2.346368715083791,2.9050279329608917
2023-05-16,8.74,8.74,8.53,8.63,4893700.0,45170457.0,887616174.0,0.005513306475643379,-0.10999999999999943,-1.258581235697931,2.4027459954233508
2023-05-17,8.6,8.86,8.53,8.78,4078162.0,38298537.0,887616174.0,0.004594510689932516,0.14999999999999858,1.7381228273464444,3.823870220162225
2023-05-18,8.83,8.88,8.71,8.81,3253891.0,30711794.0,887616174.0,0.0036658761921118397,0.030000000000001137,0.3416856492027387,1.9362186788154891
2023-05-19,8.83,9.1,8.72,9.04,3975300.0,38209020.0,887616174.0,0.004478625014329674,0.22999999999999865,2.6106696935300544,4.3132803632235985
2023-05-22,8.97,9.22,8.97,9.19,2966668.0,29013165.0,887616174.0,0.0033422870007323684,0.15000000000000036,1.65929203539823,2.765486725663717
2023-05-23,9.12,9.32,9.11,9.25,2911257.0,28957638.0,887616174.0,0.0032798602428350974,0.0600000000000005,0.6528835690968515,2.285092491838965
2023-05-24,9.18,9.23,9.03,9.06,3096870.0,30298704.0,887616174.0,0.003488974278199667,-0.1899999999999995,-2.054054054054044,2.162162162162174
2023-05-25,9.05,9.17,8.89,9.16,3599770.0,34911139.0,887616174.0,0.004055548000863715,0.09999999999999964,1.103752759381904,3.0905077262693084
2023-05-26,9.14,9.2,8.92,9.1,3501157.0,33863323.0,887616174.0,0.003944449304277774,-0.0600000000000005,-0.6550218340611424,3.056768558951958
2023-05-29,9.07,9.13,8.86,8.94,3986868.0,38316632.0,887616174.0,0.004491657674547963,-0.16000000000000014,-1.758241758241763,2.967032967032982
2023-05-30,8.99,9.05,8.82,9.03,3340669.0,31949316.0,887616174.0,0.0037636414227846192,0.08999999999999986,1.0067114093959662,2.572706935123047
2023-05-31,9.06,9.06,8.73,8.8,3280541.0,31146562.0,887616174.0,0.003695900430944603,-0.22999999999999865,-2.5470653377629993,3.654485049833888
2023-06-01,8.76,8.89,8.59,8.77,3617898.0,33992421.0,887616174.0,0.004075971242948531,-0.030000000000001137,-0.3409090909091028,3.409090909090917
2023-06-02,8.82,9.01,8.71,8.95,4197968.0,40000756.0,887616174.0,0.004729485697722313,0.17999999999999972,2.052451539338662,3.4207525655644124
2023-06-05,9.0,9.58,8.92,9.47,15243688.0,151838250.0,887616174.0,0.01717373843167486,0.5200000000000014,5.810055865921804,7.374301675977655
2023-06-06,9.41,9.41,9.14,9.21,8143684.0,80646093.0,887616174.0,0.009174780990414895,-0.2599999999999998,-2.745512143611406,2.8511087645195308
2023-06-07,9.13,9.27,8.86,8.9,7654678.0,73830309.0,887616174.0,0.008623860430015102,-0.3100000000000005,-3.365906623235615,4.451682953311619
2023-06-08,8.86,9.03,8.68,8.9,6209154.0,58698628.0,887616174.0,0.006995314170559493,0.0,0.0,3.932584269662917
2023-06-09,8.9,8.95,8.76,8.9,3217450.0,30597336.0,887616174.0,0.0036248212845206673,0.0,0.0,2.1348314606741514
2023-06-12,8.9,9.39,8.86,9.3,6293666.0,62007064.0,887616174.0,0.00709052649597167,0.40000000000000036,4.494382022471921,5.955056179775293
2023-06-13,9.29,9.33,9.03,9.21,3516737.0,34531784.0,887616174.0,0.003962001936210774,-0.08999999999999986,-0.9677419354838679,3.2258064516129106
2023-06-14,9.21,9.32,9.09,9.12,2302033.0,22621235.0,887616174.0,0.0025935005100526706,-0.09000000000000163,-0.9771986970684265,2.497285559174814
2023-06-15,9.13,9.41,9.03,9.31,4165151.0,41564871.0,887616174.0,0.004692513635967161,0.19000000000000128,2.083333333333348,4.166666666666676
2023-06-16,9.32,9.69,9.27,9.53,5316430.0,54465258.0,887616233.0000001,0.005989559228802431,0.21999999999999886,2.3630504833512145,4.511278195488721
2023-06-19,9.52,9.8,9.43,9.68,7099290.0,73299943.0,887616233.0000001,0.00799815250787555,0.15000000000000036,1.5739769150052485,3.882476390346286
2023-06-20,9.69,10.06,9.63,9.77,7610551.0,80408492.0,887616233.0000001,0.00857414580429378,0.08999999999999986,0.9297520661156966,4.442148760330576
2023-06-21,9.75,9.79,9.43,9.47,4217500.0,43356746.0,887616233.0000001,0.004751490388752275,-0.29999999999999893,-3.070624360286578,3.684749232343904
2023-06-26,9.46,9.62,9.37,9.5,4681271.0,47759519.0,887616233.0000001,0.005273980833110788,0.02999999999999936,0.31678986272438703,2.6399155227032733
2023-06-27,9.44,9.78,9.4,9.74,3647653.0,37914570.0,887616233.0000001,0.004109493342265181,0.2400000000000002,2.5263157894736876,3.99999999999999
2023-06-28,9.78,9.98,9.59,9.62,7033920.0,73614021.0,887616233.0000001,0.007924505815116159,-0.120000000000001,-1.2320328542094527,4.004106776180704
2023-06-29,9.58,10.22,9.51,9.93,6037721.0,64560517.0,887616233.0000001,0.006802175056661001,0.3100000000000005,3.2224532224532254,7.380457380457391
2023-06-30,9.88,10.49,9.84,10.36,7293408.0,80730663.0,887616233.0000001,0.008216848373028796,0.4299999999999997,4.330312185297069,6.54582074521652
2023-07-03,10.45,10.49,10.08,10.1,5458330.0,59060523.0,887616233.0000001,0.0061494256155632965,-0.2599999999999998,-2.5096525096525046,3.957528957528959
2023-07-04,10.1,10.32,9.99,10.21,3969992.0,42884860.0,887616233.0000001,0.004472644654753627,0.11000000000000121,1.08910891089109,3.267326732673268
2023-07-05,10.21,10.21,9.97,10.02,2742862.0,29271378.0,887616233.0000001,0.003090144026241575,-0.19000000000000128,-1.8609206660137212,2.3506366307541646
2023-07-06,10.02,10.03,9.78,9.89,3728768.0,39208368.0,887616233.0000001,0.004200878556938244,-0.129999999999999,-1.2974051896207484,2.4950099800399204
2023-07-07,9.89,10.22,9.78,10.1,4347963.0,46596084.0,887616233.0000001,0.004898471702466036,0.20999999999999908,2.123356926188058,4.448938321536919
2023-07-10,10.02,10.37,10.02,10.15,3328439.0,36094148.0,887616233.0000001,0.0037498626954471205,0.05000000000000071,0.4950495049504955,3.465346534653462
2023-07-11,10.09,10.29,10.08,10.21,2097512.0,22771670.0,887616233.0000001,0.002363084317318924,0.0600000000000005,0.5911330049261032,2.06896551724137
2023-07-12,10.25,10.33,10.08,10.29,2783305.0,30288005.0,887616233.0000001,0.003135707636387943,0.0799999999999983,0.7835455435847072,2.4485798237022527
2023-07-13,10.31,10.52,10.22,10.44,4571287.0,50526458.0,887616233.0000001,0.005150071427321451,0.15000000000000036,1.4577259475218707,2.9154518950437214
2023-07-14,10.47,10.51,10.25,10.32,3528342.0,38825864.0,887616233.0000001,0.003975076016889384,-0.11999999999999922,-1.1494252873563093,2.4904214559386952
2023-07-17,10.3,10.39,10.16,10.31,3129100.0,34048585.0,887616233.0000001,0.0035252847837450485,-0.009999999999999787,-0.09689922480620172,2.2286821705426396
2023-07-18,10.33,10.33,10.18,10.28,1773419.0,19308567.0,887616233.0000001,0.001997956925603004,-0.030000000000001137,-0.29097963142581396,1.4548981571290043
2023-07-19,10.35,10.37,10.2,10.24,1883420.0,20562919.0,887616233.0000001,0.002121885483813588,-0.03999999999999915,-0.38910505836574627,1.653696498054474
2023-07-20,10.24,10.43,10.15,10.18,4119311.0,44997444.0,887616233.0000001,0.0046408693834692405,-0.0600000000000005,-0.5859375,2.734374999999994
2023-07-21,10.19,10.49,10.19,10.31,3116970.0,34275339.0,887616233.0000001,0.00351161896787888,0.13000000000000078,1.2770137524558134,2.9469548133595356
2023-07-24,10.3,10.53,10.3,10.37,3519737.0,38879810.0,887616233.0000001,0.0039653815118994105,0.05999999999999872,0.5819592628515835,2.2308438409311218
2023-07-25,10.51,10.61,10.38,10.48,2568872.0,28590842.0,887616233.0000001,0.0028941246278446553,0.11000000000000121,1.0607521697203692,2.2179363548698037
2023-07-26,10.51,10.76,10.41,10.74,4166415.0,47246199.0,887616233.0000001,0.004693937362905349,0.2599999999999998,2.4809160305343525,3.3396946564885464
2023-07-27,10.8,10.8,10.57,10.62,2106800.0,23876648.0,887616233.0000001,0.0023735482989978166,-0.120000000000001,-1.1173184357541999,2.1415270018622015
2023-07-28,10.54,10.87,10.54,10.75,4083199.0,46680673.0,887616233.0000001,0.0046001851342887725,0.13000000000000078,1.2241054613935987,3.1073446327683625
2023-07-31,10.82,10.88,10.57,10.63,3582902.0,40629734.0,887616233.0000001,0.004036544022961779,-0.11999999999999922,-1.116279069767434,2.883720930232563
2023-08-01,10.65,10.76,10.57,10.66,2016063.0,22831259.0,887616233.0000001,0.0022713228138990104,0.02999999999999936,0.2822201317027151,1.7873941674506066
2023-08-02,10.74,10.74,10.46,10.53,3171735.0,35513830.0,887616233.0000001,0.003573317929619252,-0.13000000000000078,-1.2195121951219634,2.626641651031889
2023-08-03,10.48,10.56,10.41,10.44,2157200.0,23993139.0,887616233.0000001,0.002430329594929794,-0.08999999999999986,-0.8547008547008517,1.424501424501428
2023-08-04,10.53,10.61,10.26,10.34,2873520.0,31772594.0,887616233.0000001,0.003237345029493168,-0.09999999999999964,-0.9578544061302652,3.352490421455936
2023-08-07,10.28,10.4,10.11,10.16,4418000.0,48041345.0,887616233.0000001,0.004977376298164208,-0.17999999999999972,-1.7408123791102459,2.8046421663443026
2023-08-08,10.16,10.48,10.16,10.4,3678905.0,40408218.0,887616233.0000001,0.004144702252195065,0.2400000000000002,2.3622047244094446,3.1496062992126013
2023-08-09,10.47,10.47,10.17,10.19,2402202.0,26214492.0,887616233.0000001,0.0027063520367140467,-0.21000000000000085,-2.019230769230773,2.8846153846153912
2023-08-10,10.15,10.28,10.11,10.23,1178000.0,12790098.0,887616233.0000001,0.001327150131108519,0.040000000000000924,0.39254170755642637,1.668302257114818
2023-08-11,10.32,10.37,9.98,10.01,4192733.0,45162950.0,887616233.0000001,0.004723587564221574,-0.22000000000000064,-2.1505376344086113,3.81231671554251
2023-08-14,10.15,10.15,9.89,9.94,2660082.0,28211117.0,887616233.0000001,0.0029968830008993306,-0.07000000000000028,-0.6993006993006978,2.5974025974025956
2023-08-15,9.93,10.16,9.93,10.06,2966525.0,31711586.0,887616233.0000001,0.003342125672908913,0.120000000000001,1.2072434607645954,2.313883299798797
2023-08-16,10.05,10.22,10.01,10.08,1861000.0,20011548.0,887616233.0000001,0.0020966268200279746,0.019999999999999574,0.1988071570576455,2.087475149105376
2023-08-17,10.08,10.28,10.01,10.25,2157194.0,23335803.0,887616233.0000001,0.0024303228352517067,0.16999999999999993,1.6865079365079305,2.6785714285714244
2023-08-18,10.35,10.38,10.17,10.18,1568640.0,17135412.0,887616233.0000001,0.0017672502391019248,-0.07000000000000028,-0.6829268292682933,2.0487804878048865
2023-08-21,10.13,10.29,9.98,9.99,1899099.0,20376536.0,887616233.0000001,0.0021395496492683003,-0.1899999999999995,-1.8664047151277008,3.0451866404715
2023-08-22,10.18,10.21,9.96,10.07,3926383.0,42037623.0,887616233.0000001,0.004423514187803277,0.08000000000000007,0.800800800800805,2.5025025025025025
2023-08-23,10.09,10.12,9.88,9.95,2305225.0,24494450.0,887616233.0000001,0.0025970964864046146,-0.120000000000001,-1.1916583912611856,2.383316782522328
2023-08-24,9.95,10.04,9.68,9.73,4494809.0,46718661.0,887616233.0000001,0.005063910317196733,-0.21999999999999886,-2.2110552763819014,3.618090452261301
2023-08-25,9.74,9.76,9.28,9.33,5677157.0,57093615.0,887616233.0000001,0.0063959589616923995,-0.40000000000000036,-4.110996916752319,4.933196300102779
2023-08-28,9.7,9.92,9.22,9.24,6270571.0,62688575.0,887616233.0000001,0.0070645068970927654,-0.08999999999999986,-0.9646302250803873,7.502679528402993
2023-08-29,9.17,9.56,9.14,9.53,5170193.0,51512380.0,887616233.0000001,0.005824806721397579,0.28999999999999915,3.1385281385281294,4.545454545454545
2023-08-30,9.61,9.72,9.4,9.59,4577274.0,46512210.0,887616233.0000001,0.005156816459439402,0.0600000000000005,0.6295907660021083,3.3578174186778624
2023-08-31,9.58,9.76,9.58,9.68,2538346.0,26089798.0,887616233.0000001,0.002859733638963315,0.08999999999999986,0.938477580813335,1.8769551616266915
2023-09-01,9.67,9.93,9.63,9.82,2726800.0,28374225.0,887616233.0000001,0.0030720483680023005,0.14000000000000057,1.446280991735538,3.0991735537189973
2023-09-04,9.92,10.21,9.79,10.18,4384993.0,47089963.0,887616233.0000001,0.004940190182393836,0.35999999999999943,3.665987780040725,4.276985743380872
2023-09-05,10.21,10.21,10.02,10.12,3112477.0,33407533.0,887616233.0000001,0.0035065570956046266,-0.0600000000000005,-0.5893909626719096,1.8664047151277139
2023-09-06,10.12,10.15,9.89,9.93,2811100.0,29902507.0,887616233.0000001,0.0031670218451266196,-0.1899999999999995,-1.8774703557312256,2.5691699604743063
2023-09-07,9.93,10.01,9.78,9.78,2449095.0,25661301.0,887616233.0000001,0.0027591823008040906,-0.15000000000000036,-1.5105740181268867,2.316213494461233
2023-09-08,9.74,9.88,9.63,9.76,3386706.0,35086352.0,887616233.0000001,0.0038155070559643535,-0.019999999999999574,-0.2044989775051076,2.556237218813906
2023-09-11,9.72,10.04,9.67,9.94,3302920.0,34725286.0,887616233.0000001,0.003721112657929499,0.17999999999999972,1.8442622950819665,3.7909836065573694
2023-09-12,9.94,10.05,9.8,9.85,2612138.0,27392609.0,887616233.0000001,0.0029428686665310226,-0.08999999999999986,-0.905432595573441,2.5150905432595576
2023-09-13,9.84,9.91,9.69,9.78,2582489.0,26818387.0,887616233.0000001,0.0029094657172634196,-0.07000000000000028,-0.7106598984771617,2.2335025380710727
2023-09-14,9.87,10.13,9.71,9.77,5923582.0,61998360.0,887616233.0000001,0.006673584573796319,-0.009999999999999787,-0.10224948875255935,4.294478527607361
2023-09-15,9.69,10.16,9.66,10.12,6863988.0,72662462.0,887616233.0000001,0.0077330582123321745,0.34999999999999964,3.5823950870010224,5.117707267144319
2023-09-18,10.08,10.42,9.97,10.27,4737972.0,51503134.0,887616233.0000001,0.0053378609176472774,0.15000000000000036,1.4822134387351804,4.446640316205527
2023-09-19,10.26,10.42,10.21,10.29,3342384.0,36631099.0,887616233.0000001,0.003765573313934649,0.019999999999999574,0.19474196689386325,2.04479065238558
2023-09-20,10.27,10.28,10.14,10.16,2809100.0,30441036.0,887616233.0000001,0.003164768619097573,-0.129999999999999,-1.263362487852271,1.3605442176870632
2023-09-21,10.16,10.32,9.97,10.0,3323679.0,35712862.0,887616233.0000001,0.0037445000174979896,-0.16000000000000014,-1.5748031496062964,3.444881889763776
2023-09-22,10.01,10.16,9.89,10.13,2847900.0,30535273.0,887616233.0000001,0.0032084812040610792,0.13000000000000078,1.3000000000000123,2.6999999999999957
2023-09-25,10.1,10.37,10.1,10.36,3299382.0,35992278.0,887616233.0000001,0.0037171267010841155,0.22999999999999865,2.270483711747273,2.6653504442250697
2023-09-26,10.36,10.36,10.11,10.14,2821033.0,30640836.0,887616233.0000001,0.0031782124921998804,-0.21999999999999886,-2.123552123552108,2.413127413127413
2023-09-27,10.21,10.37,10.06,10.24,2872120.0,31291851.0,887616233.0000001,0.003235767771272835,0.09999999999999964,0.9861932938856066,3.057199211045352
2023-09-28,10.21,10.39,10.16,10.31,2911101.0,31824375.0,887616233.0000001,0.0032796842731919705,0.07000000000000028,0.68359375,2.246093750000004
2023-10-09,10.4,10.4,10.08,10.21,3773582.0,40812219.0,887616233.0000001,0.004251366592571093,-0.09999999999999964,-0.9699321047526688,3.103782735208538
2023-10-10,10.21,10.25,10.09,10.12,2527528.0,27314391.0,887616233.0000001,0.002847545939372201,-0.09000000000000163,-0.8814887365328317,1.5670910871694428
2023-10-11,10.15,10.21,10.06,10.09,2052600.0,22090671.0,887616233.0000001,0.0023124858736106504,-0.02999999999999936,-0.29644268774703386,1.4822134387351815
2023-10-12,10.14,10.19,10.05,10.17,2184994.0,23508255.0,887616233.0000001,0.0024616426770554564,0.08000000000000007,0.7928642220019766,1.3875123885034568
2023-10-13,10.11,10.22,10.05,10.21,2048651.0,22127067.0,887616233.0000001,0.002308036878816298,0.040000000000000924,0.3933136676499638,1.6715830875122901
2023-10-16,10.17,10.32,10.1,10.24,2676940.0,29086347.0,887616233.0000001,0.0030158754430981657,0.02999999999999936,0.2938295788442735,2.1547502448579885
2023-10-17,10.36,10.63,10.18,10.58,5298454.0,59215224.0,887616233.0000001,0.005969307233253359,0.33999999999999986,3.3203125,4.394531250000011
2023-10-18,10.48,10.51,10.19,10.25,4528264.0,49676541.0,887616233.0000001,0.005101601155597612,-0.33000000000000007,-3.1190926275992403,3.0245746691871482
2023-10-19,10.21,10.21,10.0,10.04,2753287.0,29579030.0,887616233.0000001,0.0031018889669179807,-0.21000000000000085,-2.048780487804891,2.0487804878048865
2023-10-20,10.05,10.14,9.98,10.01,1921502.0,20532217.0,887616233.0000001,0.0021647891606326668,-0.02999999999999936,-0.29880478087648266,1.5936254980079698
2023-10-23,9.94,10.05,9.58,9.66,3078400.0,31849551.0,887616233.0000001,0.0034681655039087143,-0.34999999999999964,-3.496503496503489,4.695304695304701
2023-10-24,9.76,10.1,9.69,10.06,4161198.0,44052422.0,887616233.0000001,0.0046880598228085804,0.40000000000000036,4.140786749482395,4.244306418219463
2023-10-25,10.05,10.25,9.91,10.21,4021381.0,43228436.0,887616233.0000001,0.004530540170956968,0.15000000000000036,1.491053677932408,3.379721669980118
2023-10-26,10.13,10.31,10.07,10.28,2817852.0,30598849.0,887616233.0000001,0.0031746287362006817,0.06999999999999851,0.685602350636616,2.3506366307541646
2023-10-27,10.27,10.68,10.24,10.63,5706163.0,64142020.0,887616233.0000001,0.006428637498791664,0.3500000000000014,3.404669260700399,4.280155642023342
2023-10-30,10.63,10.83,10.62,10.77,4096362.0,46738356.0,887616233.0000001,0.004615014741398944,0.1399999999999988,1.3170272812793815,1.975540921919105
2023-10-31,10.72,11.63,10.63,11.42,15278534.0,183655988.0,887616233.0000001,0.017212995247237663,0.6500000000000004,6.035283194057572,9.285051067780874
2023-11-01,11.42,11.87,11.35,11.74,12384372.0,153469306.0,887616233.0000001,0.013952394671898703,0.3200000000000003,2.8021015761821477,4.5534150612959685
2023-11-02,11.79,11.79,11.44,11.51,7695624.0,94472856.0,887616233.0000001,0.008669990153278325,-0.23000000000000043,-1.9591141396933631,2.9812606473594516
2023-11-03,11.53,11.76,11.45,11.7,7415194.0,91799340.0,887616233.0000001,0.008354054065615539,0.1899999999999995,1.650738488271064,2.6933101650738536
2023-11-06,11.72,11.99,11.63,11.9,8126810.0,102491614.0,887616233.0000001,0.009155769912558594,0.20000000000000107,1.7094017094017255,3.076923076923072
2023-11-07,11.9,11.95,11.66,11.69,5508575.0,68856452.0,887616233.0000001,0.006206032286478023,-0.21000000000000085,-1.764705882352946,2.436974789915959
2023-11-08,11.7,11.71,11.57,11.65,4384569.0,54321940.0,887616233.0000001,0.004939712498475678,-0.03999999999999915,-0.34217279726260763,1.1976047904191667
2023-11-09,11.64,11.73,11.48,11.6,3131886.0,38575098.0,887616233.0000001,0.0035284235276035105,-0.05000000000000071,-0.42918454935623185,2.1459227467811157
2023-11-10,11.62,11.75,11.46,11.58,4952631.0,60976754.0,887616233.0000001,0.0055796985407318474,-0.019999999999999574,-0.17241379310344307,2.499999999999993
2023-11-13,11.58,11.7,11.46,11.63,4166651.0,51368170.0,887616233.0000001,0.004694203243576776,0.05000000000000071,0.43177892918826455,2.0725388601036134
2023-11-14,11.57,11.7,11.42,11.49,5792725.0,70931838.0,887616233.0000001,0.006526159374554835,-0.14000000000000057,-1.2037833190025826,2.4075666380051532
2023-11-15,11.53,11.64,11.42,11.54,3327835.0,40712600.0,887616233.0000001,0.0037491822211863485,0.049999999999998934,0.4351610095735259,1.9147084421235911
2023-11-16,11.52,11.66,11.43,11.53,3501414.0,43036789.0,887616233.0000001,0.0039447385816342995,-0.009999999999999787,-0.08665511265164572,1.9930675909878723
2023-11-17,11.48,11.6,11.42,11.46,2401414.0,29339407.0,887616233.0000001,0.002705464265658602,-0.06999999999999851,-0.607111882046818,1.5611448395490002
2023-11-20,11.5,11.55,11.33,11.47,3038189.0,36891227.0,887616233.0000001,0.0034228632679817153,0.009999999999999787,0.08726003490400203,1.9197207678883128
2023-11-21,11.47,11.58,11.44,11.48,3169588.0,38789299.0,887616233.0000001,0.0035708990914770705,0.009999999999999787,0.08718395815170421,1.220575414123806
2023-11-22,11.46,11.6,11.42,11.48,2470433.0,30236118.0,887616233.0000001,0.00278322196930799,0.0,0.0,1.5679442508710777
2023-11-23,11.44,11.78,11.43,11.74,4939360.0,61214547.0,887616233.0000001,0.005564747259416108,0.2599999999999998,2.2648083623693305,3.048780487804875
2023-11-24,11.78,11.85,11.66,11.77,3169876.0,39576532.0,887616233.0000001,0.003571223556025253,0.02999999999999936,0.25553662691650825,1.6183986371379855
2023-11-27,11.77,12.02,11.07,11.25,13686921.0,165332095.0,887616233.0000001,0.015419863327353093,-0.5199999999999996,-4.4180118946474,8.071367884451991
2023-11-28,11.25,11.49,11.16,11.43,9292989.0,112046070.0,887616233.0000001,0.010469602351222433,0.17999999999999972,1.6000000000000014,2.933333333333334
2023-11-29,11.32,11.6,11.28,11.55,5069478.0,61925991.0,887616233.0000001,0.0057113398916398585,0.120000000000001,1.049868766404205,2.7996500437445344
2023-11-30,11.47,11.5,11.32,11.45,2675400.0,32426610.0,887616233.0000001,0.0030141404590557997,-0.10000000000000142,-0.8658008658008809,1.5584415584415559
2023-12-01,11.5,11.5,11.23,11.24,3207912.0,38696741.0,887616233.0000001,0.0036140754086456638,-0.20999999999999908,-1.8340611353711678,2.3580786026200835
2023-12-04,11.38,11.4,11.16,11.32,4001524.0,47991867.0,887616233.0000001,0.004508169016327577,0.08000000000000007,0.7117437722419906,2.1352313167259807
2023-12-05,11.33,11.89,11.31,11.64,11930236.0,147711501.0,887616233.0000001,0.013440759143935123,0.3200000000000003,2.8268551236749095,5.123674911660777
2023-12-06,11.56,11.84,11.52,11.72,5879551.0,73279232.0,887616233.0000001,0.006623978676153841,0.08000000000000007,0.6872852233676952,2.7491408934707926
2023-12-07,11.72,11.8,11.52,11.63,3072837.0,38037202.0,887616233.0000001,0.0034618981557089207,-0.08999999999999986,-0.7679180887371961,2.3890784982935247
2023-12-08,11.69,11.69,11.4,11.48,5163500.0,63192447.0,887616233.0000001,0.005817266300491374,-0.15000000000000036,-1.2897678417884806,2.49355116079105
2023-12-11,11.4,11.73,11.4,11.59,5128821.0,63450342.0,887616233.0000001,0.005778196487760718,0.10999999999999943,0.9581881533101022,2.874564459930314
2023-12-12,11.67,11.67,11.29,11.34,6067424.0,73532171.0,887616233.0000001,0.006835638843031388,-0.25,-2.1570319240724722,3.278688524590171
2023-12-13,11.35,11.43,11.15,11.19,4638921.0,55392643.0,887616233.0000001,0.0052262687719457235,-0.15000000000000036,-1.3227513227513255,2.46913580246913
2023-12-14,11.22,11.32,11.16,11.16,2960411.0,35330982.0,887616233.0000001,0.003335237560938117,-0.02999999999999936,-0.2680965147452974,1.4298480786416456
2023-12-15,11.16,11.51,11.16,11.39,4413087.0,53302147.0,887616233.0000001,0.004971841248423855,0.23000000000000043,2.0609318996415826,3.136200716845875
2023-12-18,11.33,11.41,11.21,11.25,3097465.0,37275857.0,887616233.0000001,0.003489644381030602,-0.14000000000000057,-1.2291483757682187,1.7559262510974478
2023-12-19,11.41,11.41,11.15,11.21,2891466.0,34459872.0,887616233.0000001,0.0032575632266518043,-0.03999999999999915,-0.3555555555555534,2.311111111111109
2023-12-20,11.25,11.27,11.0,11.03,2520900.0,29826300.0,887616233.0000001,0.0028400787483119404,-0.1800000000000015,-1.6057091882248131,2.408563782337195
2023-12-21,11.04,11.26,10.91,11.24,3655647.0,43083953.0,887616233.0000001,0.00411849948670328,0.21000000000000085,1.903898458748876,3.173164097914775
2023-12-22,11.24,11.35,10.87,10.97,4838662.0,57172323.0,887616233.0000001,0.005451299582079634,-0.2699999999999996,-2.4021352313167266,4.270462633451961
2023-12-25,11.0,11.22,10.9,11.15,4319769.0,50889076.0,887616233.0000001,0.004866707975134564,0.17999999999999972,1.6408386508659945,2.9170464904284437
2023-12-26,11.16,11.22,10.87,10.95,2984480.0,35003135.0,887616233.0000001,0.00336235400958468,-0.20000000000000107,-1.7937219730941756,3.139013452914811
2023-12-27,10.95,11.21,10.9,11.17,3247968.0,38329675.0,887616233.0000001,0.0036592030195554113,0.22000000000000064,2.0091324200913308,2.831050228310507
2023-12-28,11.2,11.29,11.06,11.16,4734428.0,56231999.0,887616233.0000001,0.005333868201123806,-0.009999999999999787,-0.08952551477170445,2.0590868397493165
2023-12-29,11.14,11.38,10.93,11.32,4439200.0,53078455.0,887616293.0,0.005001260156003017,0.16000000000000014,1.4336917562723928,4.032258064516139
2024-01-02,11.25,11.52,11.19,11.43,7572523.0,91596068.0,887616293.0,0.008531302387888908,0.10999999999999943,0.9717314487632356,2.9151943462897534
2024-01-03,11.37,11.4,10.35,10.59,22564858.0,254278223.0,887616293.0,0.025421860975235612,-0.8399999999999999,-7.349081364829391,9.186351706036753
2024-01-04,10.57,11.0,10.57,10.96,15759851.0,180421674.0,887616293.0,0.017755252043351124,0.370000000000001,3.4938621340887765,4.0604343720491
2024-01-05,10.86,11.0,10.67,10.71,7402000.0,84935096.0,887616293.0,0.008339188969799589,-0.25,-2.2810218978102204,3.0109489051094895
2024-01-08,10.68,10.73,10.53,10.55,5704259.0,64438101.0,887616293.0,0.006426491993201841,-0.16000000000000014,-1.4939309056956174,1.867413632119524
2024-01-09,10.55,10.86,10.52,10.69,5039792.0,57272279.0,887616293.0,0.005677894873883303,0.1399999999999988,1.3270142180094702,3.2227488151658754
2024-01-10,10.54,10.77,10.54,10.59,4363003.0,49287716.0,887616293.0,0.004915415629938195,-0.09999999999999964,-0.9354536950420878,2.1515434985968236
2024-01-11,10.54,10.62,10.36,10.55,7126700.0,79332209.0,887616293.0,0.008029032427866891,-0.03999999999999915,-0.37771482530688516,2.4551463644948046
2024-01-12,10.6,10.7,10.46,10.54,4128248.0,46517226.0,887616293.0,0.004650937609591625,-0.010000000000001563,-0.09478672985783199,2.2748815165876626
2024-01-15,10.44,10.7,10.44,10.57,4670898.0,52681510.0,887616293.0,0.005262294120596996,0.030000000000001137,0.2846299810246755,2.4667931688804536
2024-01-16,10.63,10.64,10.29,10.47,4304783.0,47830056.0,887616293.0,0.004849824224666412,-0.09999999999999964,-0.9460737937559083,3.3112582781457087
2024-01-17,10.5,10.5,10.22,10.25,3902619.0,42936226.0,887616293.0,0.004396741058920603,-0.22000000000000064,-2.1012416427889313,2.674307545367711
2024-01-18,10.12,10.21,9.79,10.1,7292759.0,77499627.0,887616293.0,0.008216116645799335,-0.15000000000000036,-1.4634146341463428,4.097560975609773
2024-01-19,10.05,10.27,9.93,10.1,6005440.0,64557872.0,887616293.0,0.00676580640459244,0.0,0.0,3.3663366336633653
2024-01-22,9.96,10.18,9.29,9.38,12373613.0,126472965.0,887616293.0,0.013940272500157903,-0.7199999999999989,-7.128712871287113,8.811881188118818
2024-01-23,9.24,9.47,8.99,9.39,8298386.0,82125826.0,887616293.0,0.009349069035171485,0.009999999999999787,0.10660980810235365,5.117270788912584
2024-01-24,9.45,9.59,9.14,9.41,7162317.0,71412201.0,887616293.0,0.008069159000892744,0.019999999999999574,0.21299254526090383,4.7923322683706
2024-01-25,9.55,9.65,9.26,9.59,6060494.0,61221662.0,887616293.0,0.006827830953301349,0.17999999999999972,1.9128586609989284,4.144527098831037
2024-01-26,9.55,9.66,9.11,9.19,7722507.0,76821341.0,887616293.0,0.008700276302837087,-0.40000000000000036,-4.171011470281549,5.73514077163713
2024-01-29,9.37,9.37,8.99,9.05,7062540.0,68450461.0,887616293.0,0.007956748941741204,-0.1399999999999988,-1.5233949945592906,4.13492927094667
2024-01-30,8.87,9.01,8.65,8.69,5743186.0,54185802.0,887616293.0,0.006470347655053691,-0.3600000000000012,-3.977900552486202,3.9779005524861812
2024-01-31,8.79,9.24,8.67,8.74,17889702.0,170984602.0,887616293.0,0.020154769736747048,0.05000000000000071,0.5753739930955293,6.559263521288841
2024-02-01,8.73,8.74,8.43,8.61,11893232.0,108613657.0,887616293.0,0.013399069050211768,-0.13000000000000078,-1.4874141876430325,3.5469107551487475
2024-02-02,8.53,8.68,7.75,8.09,12357404.0,107860872.0,887616293.0,0.013922011231039897,-0.5199999999999996,-6.039488966318229,10.801393728222994
2024-02-05,7.86,7.98,7.36,7.59,15721764.0,127014812.0,887616293.0,0.017712342736367504,-0.5,-6.180469715698389,7.663782447466009
2024-02-06,7.62,8.25,7.32,7.99,12455009.0,103109357.0,887616293.0,0.014031974286889301,0.40000000000000036,5.270092226613965,12.252964426877465
2024-02-07,7.98,8.69,7.91,8.34,13475961.0,119998231.0,887616293.0,0.01518219201954194,0.34999999999999964,4.380475594493105,9.762202753441795
2024-02-08,8.56,8.69,7.99,8.53,14318579.0,128513385.0,887616293.0,0.016131496360443667,0.1899999999999995,2.278177458033559,8.39328537170263
2024-02-19,8.69,9.0,8.64,8.86,11230273.0,105416800.0,887616293.0,0.012652170863204288,0.33000000000000007,3.86869871043376,4.220398593200462
2024-02-20,8.74,8.94,8.56,8.77,5682490.0,52686547.0,887622317.0,0.006401923308108982,-0.08999999999999986,-1.0158013544018019,4.2889390519187245
2024-02-21,8.72,9.1,8.62,8.88,6835406.0,64789997.0,887622317.0,0.007700804575421688,0.11000000000000121,1.2542759407069726,5.4732041049030835
2024-02-22,8.83,9.03,8.79,8.89,3909958.0,36966039.0,887622317.0,0.004404979375929774,0.009999999999999787,0.11261261261261701,2.702702702702705
2024-02-23,8.94,8.98,8.76,8.94,5752018.0,54279817.0,887622317.0,0.00648025392088018,0.049999999999998934,0.5624296962879471,2.4746906636670487
2024-02-26,8.95,9.03,8.74,8.86,7042500.0,66480976.0,887622317.0,0.007934117771849578,-0.08000000000000007,-0.8948545861297563,3.2438478747203487
2024-02-27,8.86,9.08,8.76,9.08,7334200.0,69995800.0,887622317.0,0.008262748535647735,0.22000000000000064,2.483069977426644,3.6117381489842018
2024-02-28,8.96,9.28,8.59,8.61,8982187.0,85421741.0,887622317.0,0.010119379411682818,-0.47000000000000064,-5.176211453744505,7.5991189427312715
2024-02-29,8.43,8.83,8.43,8.82,8273449.0,76709477.0,887622317.0,0.009320911429945492,0.21000000000000085,2.4390243902439046,4.645760743321723
2024-03-01,8.83,8.95,8.67,8.82,7265600.0,67790678.0,887622317.0,0.008185463412587902,0.0,0.0,3.1746031746031673
2024-03-04,8.8,8.83,8.47,8.68,9135355.0,83201926.0,887622317.0,0.010291939291111808,-0.14000000000000057,-1.5873015873015928,4.081632653061218
2024-03-05,8.61,8.78,8.47,8.64,6989942.0,64187516.0,887622317.0,0.007874905650890704,-0.03999999999999915,-0.4608294930875445,3.5714285714285565
2024-03-06,8.63,9.11,8.62,9.05,9700124.0,91790771.0,887622317.0,0.010928211035505094,0.41000000000000014,4.745370370370372,5.6712962962962985
2024-03-07,9.05,9.11,8.81,8.9,6328450.0,60268495.0,887622317.0,0.00712966526279893,-0.15000000000000036,-1.6574585635359185,3.314917127071811
2024-03-08,8.85,9.26,8.82,9.24,7229355.0,69872875.0,887622317.0,0.008144629603764232,0.33999999999999986,3.8202247191011285,4.943820224719095
2024-03-11,9.13,9.26,8.91,9.11,9418167.0,90753703.0,887622317.0,0.010610556787070959,-0.13000000000000078,-1.406926406926412,3.7878787878787836
2024-03-12,9.07,9.25,9.04,9.14,6614613.0,64415119.0,887622317.0,0.007452058013092972,0.030000000000001137,0.3293084522502765,2.3051591657519306
2024-03-13,9.4,9.57,9.12,9.38,7136976.0,70795304.0,887622317.0,0.008040554933456005,0.2400000000000002,2.6258205689277947,4.923413566739617
2024-03-14,9.41,9.58,9.32,9.55,6296230.0,63393656.0,887622317.0,0.007093366040277241,0.16999999999999993,1.8123667377398789,2.7718550106609783
2024-03-15,9.47,9.76,9.46,9.68,5355596.0,54843050.0,887622317.0,0.006033642797649487,0.129999999999999,1.3612565445026092,3.1413612565444913
2024-03-18,9.69,9.78,9.6,9.75,5666496.0,58425557.0,887622317.0,0.006383904383062059,0.07000000000000028,0.723140495867769,1.8595041322314023
2024-03-19,8.79,9.14,8.78,8.93,49148497.0,462499966.0,887622317.0,0.055370956834560975,-0.8200000000000003,-8.410256410256412,3.6923076923077045
2024-03-20,8.78,8.96,8.75,8.81,26954966.0,253541405.0,887622317.0,0.030367607352531224,-0.11999999999999922,-1.3437849944008873,2.3516237402015774
2024-03-21,8.86,8.92,8.75,8.84,13868818.0,130180032.0,887622317.0,0.015624683758373777,0.02999999999999936,0.34052213393869213,1.9296254256526666
2024-03-22,8.85,8.95,8.65,8.88,12393079.0,116469234.0,887622317.0,0.013962108390747007,0.040000000000000924,0.452488687782826,3.3936651583710287
2024-03-25,8.76,8.87,8.59,8.62,9054268.0,84352169.0,887622317.0,0.010200586247765557,-0.26000000000000156,-2.9279279279279424,3.153153153153146
2024-03-26,8.6,8.7,8.43,8.54,6642751.0,60442606.0,887622317.0,0.007483758432811013,-0.08000000000000007,-0.9280742459396807,3.132250580046399
2024-03-27,8.52,8.55,8.3,8.31,5893214.0,52953253.0,887622317.0,0.006639326081748348,-0.22999999999999865,-2.6932084309133297,2.927400468384075
2024-03-28,8.29,8.63,8.29,8.57,6259566.0,56673807.0,887622317.0,0.0070520601838360494,0.2599999999999998,3.128760529482544,4.091456077015663
2024-03-29,8.5,8.71,8.47,8.7,4948682.0,45190557.0,887622317.0,0.005575211331690751,0.129999999999999,1.516919486581081,2.8004667444574123
2024-04-01,8.62,9.19,8.62,9.14,10070949.0,96067290.0,887622317.0,0.011345984443065777,0.4400000000000013,5.057471264367841,6.551724137931038
2024-04-02,9.14,9.43,9.05,9.35,9299897.0,91942141.0,887622317.0,0.010477313179136753,0.20999999999999908,2.2975929978118037,4.157549234135656
2024-04-03,9.35,9.5,9.24,9.45,7889027.0,78469182.0,887622317.0,0.008887819570223807,0.09999999999999964,1.0695187165775444,2.780748663101602
2024-04-08,9.63,9.66,9.26,9.29,6942813.0,69714432.0,887622317.0,0.007821809870064365,-0.16000000000000014,-1.6931216931216908,4.232804232804237
2024-04-09,9.26,9.7,9.22,9.6,11213287.0,113078630.0,887622317.0,0.012632948479595292,0.3100000000000005,3.336921420882666,5.1668460710441195
2024-04-10,9.6,9.75,9.48,9.69,8345300.0,85180789.0,887622317.0,0.009401859146810973,0.08999999999999986,0.9374999999999911,2.8124999999999956
2024-04-11,9.67,9.89,9.64,9.78,6847987.0,71095086.0,887622317.0,0.007714978396605591,0.08999999999999986,0.9287925696594312,2.579979360165119
2024-04-12,9.72,9.89,9.7,9.75,4767900.0,49518075.0,887622317.0,0.005371541373716948,-0.02999999999999936,-0.30674846625766694,1.9427402862985819
2024-04-15,9.75,9.83,9.45,9.6,8272084.0,84810735.0,887622317.0,0.009319373613721342,-0.15000000000000036,-1.538461538461544,3.8974358974359053
2024-04-16,9.6,9.73,9.3,9.31,8085515.0,81368381.0,887622317.0,0.009109183990920318,-0.28999999999999915,-3.020833333333328,4.479166666666664
2024-04-17,9.43,9.68,9.43,9.61,6860376.0,69621571.0,887622317.0,0.007728935909573351,0.29999999999999893,3.2223415682062218,2.685284640171858
2024-04-18,9.6,9.78,9.5,9.67,5912569.0,60873680.0,887622317.0,0.006661131527183087,0.0600000000000005,0.624349635796051,2.913631633714874
2024-04-19,9.59,9.63,9.42,9.47,5214703.0,52717880.0,887622317.0,0.005874911998184922,-0.1999999999999993,-2.0682523267838593,2.1716649431230697
2024-04-22,9.55,9.71,9.46,9.61,4920700.0,50143663.0,887622317.0,0.005543686662398327,0.1399999999999988,1.4783526927138135,2.6399155227032733
2024-04-23,9.59,9.71,9.47,9.49,3794900.0,38531042.0,887622317.0,0.004275354424194812,-0.11999999999999922,-1.2486992715920797,2.4973985431841856
2024-04-24,9.49,9.65,9.45,9.64,3889300.0,39487318.0,887622317.0,0.004381705963799015,0.15000000000000036,1.5806111696522684,2.107481559536365
2024-04-25,9.65,9.77,9.58,9.74,3470343.0,35721806.0,887622317.0,0.003909706790303696,0.09999999999999964,1.0373443983402453,1.9709543568464678
2024-04-26,9.68,9.88,9.65,9.74,5959390.0,61770804.0,887622317.0,0.006713880313579362,0.0,0.0,2.361396303901442
2024-04-29,9.81,10.53,9.78,10.4,13693812.0,150545972.0,887622317.0,0.015427521072568976,0.6600000000000001,6.776180698151957,7.7002053388090355
2024-04-30,10.5,10.57,10.29,10.47,9364501.0,104173201.0,887622317.0,0.010550096387448086,0.07000000000000028,0.6730769230769207,2.692307692307703
2024-05-06,10.63,10.72,10.49,10.62,7619300.0,85777767.0,887622317.0,0.008583943704515937,0.14999999999999858,1.4326647564469885,2.1967526265520574
2024-05-07,10.61,11.04,10.61,10.83,9947260.0,114770963.0,887622317.0,0.01120663576105196,0.21000000000000085,1.9774011299435124,4.048964218455742
2024-05-08,10.8,10.99,10.8,10.89,5587431.0,64653206.0,887622317.0,0.006294829335617077,0.0600000000000005,0.5540166204986097,1.7543859649122762
2024-05-09,10.89,11.02,10.79,10.84,5770200.0,66794460.0,887622317.0,0.006500737858306913,-0.05000000000000071,-0.45913682277319845,2.1120293847566614
2024-05-10,10.94,10.94,10.63,10.84,6332320.0,72641268.0,887622317.0,0.007134025225280585,0.0,0.0,2.859778597785966
2024-05-13,10.85,11.93,10.67,11.93,22829230.0,280576930.0,887622317.0,0.025719531339814205,1.0899999999999999,10.055350553505527,11.62361623616236
2024-05-14,11.88,12.27,11.58,12.1,20880004.0,266412048.0,887622317.0,0.023523523012096596,0.16999999999999993,1.4249790444258226,5.7837384744341955
2024-05-15,12.12,12.23,11.79,11.89,10950200.0,139416681.0,887622317.0,0.012336553273029073,-0.20999999999999908,-1.7355371900826366,3.6363636363636473
2024-05-16,11.91,12.0,11.44,11.54,12778919.0,158313802.0,887622317.0,0.01439679777677334,-0.3500000000000014,-2.9436501261564496,4.709840201850298
2024-05-17,11.46,11.58,11.26,11.41,6584593.0,79700439.0,887622317.0,0.007418237322214602,-0.129999999999999,-1.1265164644713943,2.772963604852689
2024-05-20,11.45,11.53,11.19,11.27,8472600.0,101933431.0,887622317.0,0.00954527600053571,-0.14000000000000057,-1.2269938650306789,2.9798422436459235
2024-05-21,11.27,11.48,11.2,11.27,6670082.0,80226047.0,887622317.0,0.007514549682058073,0.0,0.0,2.484472049689451
2024-05-22,11.21,11.43,10.85,10.94,12293272.0,143564463.0,887622317.0,0.013849665296326703,-0.33000000000000007,-2.9281277728482658,5.146406388642414
2024-05-23,10.93,11.0,10.74,10.84,5855500.0,67576887.0,887622317.0,0.0065968372897501175,-0.09999999999999964,-0.9140767824497242,2.3765996343692852
2024-05-24,10.82,10.95,10.7,10.71,4119800.0,47341330.0,887622317.0,0.004641388483701227,-0.129999999999999,-1.1992619926199155,2.3062730627306274
2024-05-27,10.74,10.84,10.55,10.72,5937300.0,67199395.0,887622317.0,0.006688993602669862,0.009999999999999787,0.09337068160597539,2.7077497665732877
2024-05-28,10.72,10.91,10.58,10.78,7655485.0,87701520.0,887623098.9999999,0.008624702318613276,0.05999999999999872,0.5597014925373012,3.0783582089552244
2024-05-29,10.77,10.84,10.54,10.69,6726500.0,76580996.0,887623098.9999999,0.007578103823095754,-0.08999999999999986,-0.8348794063079756,2.7829313543599326
2024-05-30,10.69,10.93,10.59,10.83,6295407.0,72554509.0,887623098.9999999,0.007092432595650602,0.14000000000000057,1.3096351730589317,3.1805425631431232
2024-05-31,10.77,10.99,10.77,10.84,4275707.0,49418771.0,887623098.9999999,0.0048170298911970975,0.009999999999999787,0.09233610341643494,2.031394275161594
2024-06-03,10.84,11.03,10.68,10.77,4315800.0,49770607.0,887623098.9999999,0.004862198837391906,-0.07000000000000028,-0.6457564575645836,3.2287822878228747
2024-06-04,10.78,11.38,10.75,11.35,10771600.0,127740968.0,887623098.9999999,0.012135330876512038,0.5800000000000001,5.385329619312906,5.8495821727019575
2024-06-05,11.33,11.37,11.03,11.08,6463200.0,76734354.0,887623098.9999999,0.007281468910939192,-0.2699999999999996,-2.3788546255506526,2.9955947136563865
2024-06-06,11.2,11.22,10.68,10.78,7826400.0,89389411.0,887623098.9999999,0.00881725589252607,-0.3000000000000007,-2.7075812274368283,4.87364620938629
2024-06-07,10.84,11.02,10.62,10.96,5778800.0,65683023.0,887623098.9999999,0.006510420928106109,0.1800000000000015,1.6697588126159735,3.710575139146571
2024-06-11,10.92,10.96,10.55,10.7,6636022.0,74202894.0,887623098.9999999,0.007476170919251845,-0.26000000000000156,-2.3722627737226443,3.74087591240876
2024-06-12,10.74,10.88,10.6,10.76,4725351.0,53364257.0,887623098.9999999,0.0053236007550091944,0.0600000000000005,0.5607476635514086,2.616822429906553
2024-06-13,10.61,10.79,10.47,10.55,4518504.0,50072842.0,887623098.9999999,0.005090566035393363,-0.20999999999999908,-1.951672862453524,2.9739776951672727
2024-06-14,10.55,10.61,10.36,10.55,4916060.0,54147391.0,887623098.9999999,0.005538454334433674,0.0,0.0,2.3696682464454977
2024-06-17,10.43,10.55,10.37,10.5,5424182.0,59475916.0,887623098.9999999,0.0061109067644937445,-0.05000000000000071,-0.4739336492891044,1.7061611374407724
2024-06-18,10.56,10.56,10.35,10.43,5104429.0,55833435.0,887623098.9999999,0.0057506716597964525,-0.07000000000000028,-0.666666666666671,2.000000000000008
2024-06-19,10.36,10.54,10.06,10.11,6693278.0,71708226.0,887623098.9999999,0.007540675775045373,-0.3200000000000003,-3.0680728667305868,4.602109300095864
2024-06-20,10.24,10.24,9.92,9.94,3603000.0,37815529.0,887623098.9999999,0.00405915529244243,-0.16999999999999993,-1.6815034619188873,3.165182987141447
2024-06-21,9.9,10.06,9.86,9.97,3718900.0,38851661.0,887623098.9999999,0.004189728730797711,0.030000000000001137,0.3018108651911655,2.012072434607657
2024-06-24,9.9,10.04,9.65,9.67,5866577.0,60354943.0,887623098.9999999,0.006609310873736062,-0.3000000000000007,-3.0090270812437425,3.9117352056168384
2024-06-25,9.62,9.94,9.62,9.77,4083034.0,41969399.0,887623098.9999999,0.004599963660927666,0.09999999999999964,1.0341261633919352,3.3092037228541913
2024-06-26,9.78,9.92,9.74,9.86,3455700.0,35581905.0,887623098.9999999,0.0038932064790711362,0.08999999999999986,0.9211873080859689,1.842374616171952
2024-06-27,9.93,9.93,9.6,9.62,3277100.0,33292419.0,887623098.9999999,0.0036919949511138176,-0.2400000000000002,-2.4340770791075106,3.3468559837728202
2024-06-28,9.63,9.76,9.53,9.66,4979400.0,50520025.0,887623098.9999999,0.00560981345078763,0.040000000000000924,0.4158004158004269,2.3908523908523955
2024-07-01,9.62,9.91,9.5,9.87,5039600.0,51424149.0,887623098.9999999,0.005677635029639985,0.20999999999999908,2.1739130434782483,4.244306418219463
2024-07-02,9.82,9.9,9.44,9.48,4589529.0,46167759.0,887623098.9999999,0.0051705831057918435,-0.3899999999999988,-3.951367781155002,4.660587639311053
2024-07-03,9.47,9.57,9.34,9.38,3973600.0,39388734.0,887623098.9999999,0.004476674845975364,-0.09999999999999964,-1.0548523206751037,2.426160337552747
2024-07-04,9.34,9.46,9.25,9.3,5947040.0,58202602.0,887623098.9999999,0.006699960835516743,-0.08000000000000007,-0.8528784648187626,2.2388059701492624
2024-07-05,9.26,9.64,9.2,9.54,7363118.0,72983051.0,887623098.9999999,0.008295320399272305,0.23999999999999844,2.580645161290307,4.731182795698938
2024-07-08,9.56,9.82,9.22,9.45,6932100.0,68339733.0,887623098.9999999,0.007809733667149643,-0.08999999999999986,-0.9433962264150941,6.289308176100626
2024-07-09,9.14,9.73,9.14,9.6,8561500.0,85943162.0,887623098.9999999,0.009645422713362715,0.15000000000000036,1.5873015873015817,6.243386243386243
2024-07-10,9.66,9.85,9.5,9.73,8948100.0,91395670.0,887623098.9999999,0.010080967935693618,0.13000000000000078,1.3541666666666785,3.64583333333333
2024-07-11,9.73,10.17,9.73,10.09,5694880.0,59921747.0,887623098.9999999,0.006415876295260766,0.35999999999999943,3.6998972250770645,4.522096608427539
2024-07-12,10.09,10.27,9.94,10.22,5676600.0,60202770.0,887623098.9999999,0.006395281968659088,0.13000000000000078,1.288404360753237,3.270564915758177
2024-07-15,11.24,11.24,10.73,11.24,29103879.0,338038169.0,887623098.9999999,0.03278855522438359,1.0199999999999996,9.980430528375738,4.9902152641878645
2024-07-16,11.25,11.32,10.84,10.96,20283364.0,234010126.0,887623098.9999999,0.02285132509828927,-0.27999999999999936,-2.491103202846967,4.270462633451961
2024-07-17,10.96,11.0,10.63,10.71,12268654.0,138414944.0,887623098.9999999,0.013821918350054117,-0.25,-2.2810218978102204,3.3759124087591164
2024-07-18,10.64,11.16,10.56,11.02,11744971.0,134180459.0,887623098.9999999,0.013231934830483722,0.3099999999999987,2.894491129785237,5.6022408963585395
2024-07-19,10.96,11.14,10.92,11.1,8339031.0,96660433.0,887623098.9999999,0.009394788181374267,0.08000000000000007,0.7259528130671544,1.9963702359346702
2024-07-22,11.11,11.18,10.98,11.06,5900675.0,68547185.0,887623098.9999999,0.006647725827153132,-0.03999999999999915,-0.3603603603603567,1.8018018018017956
2024-07-23,11.15,11.15,10.58,10.68,6627813.0,75564520.0,887623098.9999999,0.007466922624554187,-0.3800000000000008,-3.4358047016274984,5.1537070524412325
2024-07-24,10.66,10.73,10.43,10.48,6149820.0,68150171.0,887623098.9999999,0.00692841365544499,-0.1999999999999993,-1.872659176029956,2.8089887640449507
2024-07-25,10.35,10.51,10.22,10.31,6777714.0,73446969.0,887623098.9999999,0.00763580173570945,-0.16999999999999993,-1.6221374045801484,2.7671755725190756
2024-07-26,10.46,10.55,10.21,10.46,5444740.0,59610941.0,887623098.9999999,0.006134067495690534,0.15000000000000036,1.4548981571290032,3.297769156159067
2024-07-29,10.38,10.47,10.23,10.32,5053607.0,54550693.0,887623098.9999999,0.005693415376068306,-0.14000000000000057,-1.3384321223709472,2.294455066921608
2024-07-30,10.32,10.36,9.86,9.9,6289311.0,65929637.0,887623098.9999999,0.0070855648158385754,-0.41999999999999993,-4.069767441860462,4.844961240310077
2024-07-31,9.84,10.33,9.77,10.23,7491900.0,79641713.0,887623098.9999999,0.00844040675421855,0.33000000000000007,3.3333333333333437,5.656565656565661
2024-08-01,10.23,10.33,9.92,10.1,7701509.0,81624444.0,887623098.9999999,0.008676553154910631,-0.13000000000000078,-1.270772238514184,4.007820136852396
2024-08-02,10.07,10.25,9.91,10.08,4889495.0,51876127.0,887623098.9999999,0.005508526091207548,-0.019999999999999574,-0.1980198019801982,3.3663366336633653
2024-08-05,10.08,10.28,9.94,10.09,6819441.0,72302432.0,887623098.9999999,0.007682811553330251,0.009999999999999787,0.09920634920634885,3.3730158730158712
2024-08-06,10.1,10.28,10.03,10.2,4912872.0,52305051.0,887623098.9999999,0.00553486271992568,0.10999999999999943,1.090188305252715,2.4777006937561943
2024-08-07,10.13,10.18,10.0,10.09,4043800.0,42772594.0,887623098.9999999,0.004555762467826449,-0.10999999999999943,-1.0784313725490158,1.7647058823529385
2024-08-08,10.08,10.55,10.05,10.39,7180160.0,77826951.0,887623098.9999999,0.008089199129776141,0.3000000000000007,2.973240832507451,4.955401387512389
2024-08-09,10.3,10.49,10.22,10.22,4357511.0,47306410.0,883293098.9999999,0.004933256022189301,-0.16999999999999993,-1.6361886429258843,2.598652550529351
2024-08-12,10.18,10.46,10.14,10.44,4546200.0,49237585.0,883293098.9999999,0.005146875940893093,0.21999999999999886,2.152641878669259,3.1311154598825857
2024-08-13,10.3,10.68,10.3,10.63,5005141.0,55352568.0,883293098.9999999,0.005666455455914301,0.19000000000000128,1.8199233716475138,3.6398467432950095
2024-08-14,10.63,10.65,10.43,10.5,2929360.0,32272325.0,883293098.9999999,0.003316407660510886,-0.13000000000000078,-1.2229539040451654,2.0696142991533453
2024-08-15,10.5,10.6,10.28,10.4,4417617.0,48245323.0,883293098.9999999,0.00500130364994508,-0.09999999999999964,-0.952380952380949,3.0476190476190506
2024-08-16,10.37,10.42,10.19,10.24,3062521.0,33046906.0,883293098.9999999,0.0034671628290396054,-0.16000000000000014,-1.538461538461544,2.2115384615384657
2024-08-19,10.21,10.37,10.14,10.3,2289092.0,24713806.0,883293098.9999999,0.0025915429460408364,0.0600000000000005,0.5859375,2.2460937499999867
2024-08-20,10.25,10.28,10.03,10.08,2401677.0,25460303.0,883293098.9999999,0.00271900346863233,-0.22000000000000064,-2.1359223300970953,2.4271844660194173
2024-08-21,10.01,10.07,9.9,10.02,2037200.0,21322399.0,883293098.9999999,0.0023063692021440783,-0.0600000000000005,-0.5952380952381042,1.6865079365079356
2024-08-22,9.97,10.17,9.96,10.11,2304400.0,24373900.0,883293098.9999999,0.002608873546741024,0.08999999999999986,0.8982035928143617,2.095808383233524
2024-08-23,10.06,10.23,9.93,10.15,2236800.0,23761528.0,883293098.9999999,0.0025323417589612576,0.040000000000000924,0.3956478733926794,2.967359050445111
2024-08-26,10.09,10.24,10.08,10.19,1861719.0,19831083.0,883293098.9999999,0.0021077024173603333,0.03999999999999915,0.39408866995072067,1.5763546798029568
2024-08-27,10.01,10.05,9.59,9.78,6021897.0,61748230.0,883293098.9999999,0.006817552414727969,-0.41000000000000014,-4.023552502453387,4.5142296368989285
2024-08-28,9.7,9.89,9.43,9.57,6332262.0,63564643.0,883293098.9999999,0.007168925022927187,-0.20999999999999908,-2.1472392638036686,4.703476482617596
2024-08-29,9.48,9.84,9.44,9.79,4121300.0,41769411.0,883293098.9999999,0.0046658351623779645,0.21999999999999886,2.298850574712641,4.179728317659356
2024-08-30,9.8,10.15,9.64,10.01,4675640.0,48960623.0,883293098.9999999,0.005293418464712811,0.22000000000000064,2.2471910112359605,5.209397344228804
2024-09-02,10.08,10.13,9.89,9.94,5026071.0,52598721.0,883293098.9999999,0.005690150874823036,-0.07000000000000028,-0.6993006993006978,2.3976023976024
2024-09-03,9.86,10.07,9.78,9.88,3449900.0,35862732.0,883293098.9999999,0.003905725068955849,-0.05999999999999872,-0.6036217303822755,2.917505030181096
2024-09-04,9.86,10.05,9.73,9.91,2932100.0,30541916.0,883293098.9999999,0.0033195096885954506,0.02999999999999936,0.30364372469635637,3.2388663967611366
2024-09-05,9.94,9.96,9.77,9.84,2405800.0,24833419.0,883293098.9999999,0.002723671228410673,-0.07000000000000028,-0.7063572149344166,1.9172552976791248
2024-09-06,9.89,9.89,9.63,9.68,2215000.0,22598167.0,883293098.9999999,0.002507661389529321,-0.16000000000000014,-1.6260162601625994,2.6422764227642253
2024-09-09,9.59,9.73,9.48,9.53,2618600.0,26295179.0,883293098.9999999,0.002964587862131594,-0.15000000000000036,-1.5495867768595128,2.5826446280991737
2024-09-10,9.81,9.81,9.25,9.46,5004130.0,49216734.0,883293098.9999999,0.005665310875478719,-0.06999999999999851,-0.7345225603357708,5.87618048268626
2024-09-11,9.51,9.6,9.39,9.51,2429500.0,24218579.0,883293098.9999999,0.0027505026392151176,0.049999999999998934,0.5285412262156397,2.2198731501056983
2024-09-12,9.52,9.59,9.27,9.28,3361433.0,32986135.0,883293098.9999999,0.003805569186270752,-0.23000000000000043,-2.4185068349106276,3.364879074658258
2024-09-13,9.28,9.34,9.12,9.12,3074966.0,29709328.0,883293098.9999999,0.0034812521500295346,-0.16000000000000014,-1.7241379310344862,2.370689655172421
2024-09-18,9.16,9.23,8.99,9.11,2389719.0,22815035.0,883293098.9999999,0.0027054654935099866,-0.009999999999999787,-0.10964912280702066,2.631578947368424
2024-09-19,9.18,9.44,9.06,9.28,3659925.0,35504088.0,883293098.9999999,0.00414350005014587,0.16999999999999993,1.866081229418226,4.171240395170131
2024-09-20,9.28,9.32,9.03,9.09,3741900.0,35753235.0,883293098.9999999,0.004236306164099217,-0.1899999999999995,-2.0474137931034475,3.12500000000001
2024-09-23,9.15,9.23,9.04,9.11,2457060.0,23535403.0,883293098.9999999,0.0027817040603868685,0.019999999999999574,0.22002200220021528,2.0902090209021043
2024-09-24,9.19,9.68,9.03,9.54,5282396.0,52011573.0,883293098.9999999,0.005980343337879968,0.4299999999999997,4.720087815587259,7.135016465422616
2024-09-25,9.87,9.94,9.58,9.71,5556800.0,56992946.0,885570299.0,0.006274826522834863,0.1700000000000017,1.7819706498952037,3.7735849056603716
2024-09-26,9.73,10.34,9.61,10.34,5483962.0,57730867.0,885570299.0,0.006192576700226483,0.629999999999999,6.488156539649825,7.518022657054586
2024-09-27,10.41,10.75,10.41,10.71,4025117.0,44734296.0,885570299.0,0.0045452258330538255,0.370000000000001,3.578336557059969,3.2882011605415844
2024-09-30,11.11,11.77,10.84,11.76,11714331.0,139968157.0,885570359.0,0.013228007104063428,1.049999999999999,9.803921568627437,8.68347338935574
2024-10-08,12.93,12.93,12.1,12.49,13349463.0,175338504.0,885570359.0,0.015074423917117578,0.7300000000000004,6.207482993197289,7.057823129251702
2024-10-09,12.31,12.49,11.53,11.58,10905655.0,136818394.0,885570359.0,0.012314837425582804,-0.9100000000000001,-7.285828662930349,7.686148919135315
2024-10-10,11.56,12.09,11.49,11.6,8405735.0,103662730.0,885570359.0,0.00949188837970129,0.019999999999999574,0.17271157167528806,5.1813471502590644
2024-10-11,11.44,11.61,10.85,11.01,8375400.0,97476318.0,885570359.0,0.009457633619826248,-0.5899999999999999,-5.086206896551726,6.551724137931032
2024-10-14,11.27,11.31,10.86,11.3,6429100.0,75040753.0,885570359.0,0.007259840999262713,0.2900000000000009,2.6339691189827485,4.0871934604904725
2024-10-15,11.25,11.42,10.97,10.98,5428217.0,63755718.0,885570359.0,0.006129628148495878,-0.3200000000000003,-2.831858407079646,3.982300884955746
2024-10-16,10.88,10.97,10.61,10.75,7532000.0,85041203.0,885570359.0,0.00850525305352954,-0.23000000000000043,-2.0947176684881663,3.2786885245901747
2024-10-17,10.84,10.93,10.55,10.56,4252900.0,47703197.0,885962453.0,0.004800316295119563,-0.1899999999999995,-1.7674418604651132,3.5348837209302237
2024-10-18,10.56,11.06,10.49,10.8,8348279.0,94246390.0,885962453.0,0.009422836116509781,0.2400000000000002,2.2727272727272707,5.397727272727275
2024-10-21,10.86,10.96,10.52,10.69,9306499.0,104928305.0,885962453.0,0.010504394366247482,-0.11000000000000121,-1.0185185185185297,4.074074074074085
2024-10-22,10.81,11.04,10.69,10.92,6383400.0,72740156.0,885962453.0,0.007205045742497171,0.23000000000000043,2.1515434985968307,3.2740879326473307
2024-10-23,10.9,11.22,10.83,11.06,6491521.0,75081236.0,885452453.0,0.007331303875217792,0.14000000000000057,1.2820512820512775,3.571428571428577
2024-10-24,10.93,11.06,10.76,10.86,4955854.0,56419300.0,885452453.0,0.005596973596051464,-0.20000000000000107,-1.8083182640144746,2.712477396021706
2024-10-25,10.82,11.14,10.78,11.12,5937600.0,68439480.0,885452453.0,0.006705724265467702,0.2599999999999998,2.3941068139963217,3.3149171270718343
2024-10-28,11.16,11.62,11.09,11.53,9043600.0,108089951.0,885452453.0,0.01021353542966581,0.41000000000000014,3.6870503597122406,4.766187050359707
2024-10-29,11.64,11.64,11.12,11.22,6269108.0,74137064.0,885452453.0,0.007080118168694033,-0.3099999999999987,-2.6886383347788256,4.509973980919353
2024-10-30,11.14,11.31,10.92,11.24,7565325.0,88276572.0,885452453.0,0.008544021730774967,0.019999999999999574,0.17825311942958333,3.4759358288770104
2024-10-31,11.06,11.13,10.74,10.93,10653678.0,121751514.0,885452453.0,0.012031902971079126,-0.3100000000000005,-2.758007117437722,3.46975088967972
2024-11-01,10.81,11.2,10.76,11.0,9441968.0,108579759.0,885452453.0,0.010663438751578002,0.07000000000000028,0.6404391582799596,4.025617566331194
2024-11-04,10.88,11.04,10.73,10.81,10417800.0,118282270.0,885452453.0,0.01176551034976917,-0.1899999999999995,-1.7272727272727217,2.8181818181818064
2024-11-05,10.78,10.92,10.57,10.88,9637794.0,109067600.0,885452453.0,0.010884598001108027,0.07000000000000028,0.647548566142464,3.2377428307123
2024-11-06,10.89,10.93,10.68,10.76,7874403.0,89123397.0,885452453.0,0.008893083951962354,-0.120000000000001,-1.1029411764705954,2.2977941176470584
2024-11-07,10.73,11.04,10.59,11.04,8408699.0,95756462.0,885452453.0,0.009496499751636014,0.27999999999999936,2.6022304832713727,4.18215613382899
2024-11-08,11.2,11.68,11.07,11.52,15450313.0,184277502.0,885452453.0,0.01744906002310211,0.4800000000000004,4.347826086956519,5.525362318840575
2024-11-11,11.52,12.06,11.24,11.87,14538747.0,178944935.0,885452453.0,0.0164195682678853,0.34999999999999964,3.038194444444442,7.118055555555558
2024-11-12,11.86,11.92,11.42,11.54,8446593.0,103361479.0,885452453.0,0.009539295951332126,-0.33000000000000007,-2.780117944397642,4.212299915754001
2024-11-13,11.49,11.72,11.2,11.7,7515681.0,90672726.0,885452453.0,0.008487955479185962,0.16000000000000014,1.3864818024263537,4.506065857885627
2024-11-14,11.62,11.89,11.57,11.62,7343438.0,90359392.0,885452453.0,0.008293430070829562,-0.08000000000000007,-0.6837606837606813,2.7350427350427373
2024-11-15,11.62,11.72,11.13,11.16,5468464.0,65507932.0,885452453.0,0.0061758979620783775,-0.4599999999999991,-3.9586919104991347,5.0774526678141125
2024-11-18,11.24,11.3,10.91,11.12,6266867.0,73008457.0,885452453.0,0.007077587259222376,-0.040000000000000924,-0.35842293906810374,3.494623655913984
2024-11-19,11.18,11.32,11.09,11.31,3868659.0,45530334.0,885452453.0,0.004369132398800865,0.19000000000000128,1.7086330935252025,2.068345323741011
2024-11-20,11.32,11.4,11.18,11.38,3918700.0,46392413.0,885452453.0,0.004425647008738932,0.07000000000000028,0.6189213085764811,1.9451812555260888
2024-11-21,11.34,11.48,11.2,11.3,4227080.0,50263066.0,885452453.0,0.004773920932375575,-0.08000000000000007,-0.702987697715296,2.4604569420035247
2024-11-22,11.23,11.29,10.67,10.68,5530300.0,63523630.0,885452453.0,0.0062457334453846726,-0.620000000000001,-5.486725663716818,5.486725663716808
2024-11-25,10.68,10.89,10.66,10.87,4854126.0,54870893.0,885452453.0,0.005482085439544206,0.1899999999999995,1.7790262172284521,2.153558052434461
2024-11-26,10.84,11.01,10.74,10.83,3198842.0,36491997.0,885452453.0,0.003612663773375983,-0.03999999999999915,-0.36798528058876734,2.4839006439742373
2024-11-27,10.74,11.11,10.66,11.09,3832626.0,43757816.0,885452453.0,0.004328437949451364,0.2599999999999998,2.4007386888273308,4.155124653739605
2024-11-28,11.11,11.2,10.97,11.06,2963593.0,34510014.0,885452453.0,0.0033469815233545916,-0.02999999999999936,-0.2705139765554532,2.0739404869251454
2024-11-29,11.01,11.36,11.01,11.25,4443600.0,52294251.0,885452453.0,0.005018451284362753,0.1899999999999995,1.7179023508137492,3.1645569620253133
2024-12-02,11.25,11.31,11.03,11.22,6970900.0,81982861.0,885452453.0,0.007872698275759364,-0.02999999999999936,-0.2666666666666595,2.488888888888899
2024-12-03,11.21,11.24,10.93,10.98,6054731.0,69948693.0,885452453.0,0.006838008048298896,-0.2400000000000002,-2.1390374331550777,2.7629233511586495
2024-12-04,10.93,11.01,10.83,10.9,3669725.0,42061279.0,885452453.0,0.004144463079374404,-0.08000000000000007,-0.7285974499089298,1.6393442622950793
2024-12-05,10.87,11.07,10.8,10.99,3653148.0,42026483.0,885452453.0,0.004125741577227298,0.08999999999999986,0.8256880733944927,2.477064220183482
2024-12-06,11.04,11.28,10.92,11.24,6001630.0,69996337.0,885452453.0,0.006778037578038083,0.25,2.2747952684258443,3.2757051865332065
2024-12-09,11.26,11.58,11.2,11.39,6419793.0,76895539.0,885452453.0,0.007250296702266858,0.15000000000000036,1.3345195729537407,3.3807829181494733
2024-12-10,11.72,11.85,11.35,11.38,7033531.0,85545463.0,885452453.0,0.007943431605129904,-0.009999999999999787,-0.08779631255486642,4.389815627743634
2024-12-11,11.37,11.57,11.36,11.43,4220100.0,50797775.0,885452453.0,0.004766037956868137,0.049999999999998934,0.4393673110720364,1.8453427065026438
2024-12-12,11.45,11.63,11.37,11.63,4269640.0,51703617.0,885452453.0,0.004821986754380813,0.20000000000000107,1.7497812773403343,2.2747156605424457
2024-12-13,11.57,11.65,11.36,11.37,4741800.0,56909015.0,885452453.0,0.005355228260912616,-0.26000000000000156,-2.2355975924333804,2.4935511607910654
2024-12-16,11.37,11.48,11.25,11.3,4386140.0,52079804.0,885452453.0,0.004953557907191207,-0.06999999999999851,-0.6156552330694676,2.0228671943711563
2024-12-17,11.31,11.36,11.07,11.09,4724460.0,55473415.0,885452453.0,0.005335645052417061,-0.21000000000000085,-1.8584070796460295,2.5663716814159216
2024-12-18,11.1,11.17,10.93,10.97,5360064.0,62143576.0,885452453.0,0.006053474674828192,-0.11999999999999922,-1.0820559062218127,2.164111812443645
2024-12-19,10.91,11.08,10.77,11.06,3836599.0,43920445.0,885452453.0,0.00433292492104034,0.08999999999999986,0.8204193254329972,2.825888787602557
2024-12-20,11.06,11.23,11.02,11.08,3117678.0,36390030.0,885452453.0,0.003520999901730466,0.019999999999999574,0.1808318264014508,1.8987341772151975
2024-12-23,11.09,11.12,10.82,10.86,3426540.0,39428384.0,885452453.0,0.003869818179836247,-0.22000000000000064,-1.9855595667870096,2.707581227436813
2024-12-24,10.84,10.95,10.79,10.85,4274436.0,48660042.0,885452453.0,0.004827403194285352,-0.009999999999999787,-0.09208103130754486,1.4732965009208117
2024-12-25,10.87,10.92,10.62,10.75,3727338.0,42000325.0,885452453.0,0.004209529249562088,-0.09999999999999964,-0.9216589861751112,2.7649769585253523
2024-12-26,10.76,10.85,10.64,10.73,4479768.0,50422696.0,885452453.0,0.005059298198138257,-0.019999999999999574,-0.18604651162790198,1.9534883720930147
2024-12-27,10.76,10.77,10.61,10.73,3876047.0,43575478.0,885452453.0,0.004377476155684669,0.0,0.0,1.491146318732527
2024-12-30,10.69,10.86,10.62,10.71,3283900.0,36994161.0,885452453.0,0.0037087253966871106,-0.019999999999999574,-0.18639328984155767,2.2367194780987902
2024-12-31,10.73,10.88,10.56,10.56,4410008.0,49637956.0,885452573.0,0.004980512942729909,-0.15000000000000036,-1.400560224089642,2.987861811391226
2025-01-02,10.55,10.68,10.14,10.27,5165818.0,56730485.0,885452573.0,0.005834099033105413,-0.2900000000000009,-2.7462121212121327,5.113636363636355
2025-01-03,10.31,10.49,10.01,10.14,5855978.0,62985672.0,885452573.0,0.006613542247846628,-0.129999999999999,-1.2658227848101222,4.67380720545278
2025-01-06,10.09,10.4,9.95,10.23,4934152.0,52775808.0,885452573.0,0.005572463337344664,0.08999999999999986,0.8875739644970349,4.437869822485217
2025-01-07,10.16,10.33,10.09,10.2,3248535.0,34734246.0,885452573.0,0.0036687848666966377,-0.030000000000001137,-0.2932551319648202,2.346041055718477
2025-01-08,10.2,10.2,9.78,10.0,6136700.0,64283382.0,885452573.0,0.006930580120410357,-0.1999999999999993,-1.9607843137254832,4.117647058823529
2025-01-09,10.01,10.15,9.89,10.06,4793334.0,50225611.0,885452573.0,0.005413428280816572,0.0600000000000005,0.6000000000000005,2.599999999999998
2025-01-10,10.05,10.13,9.76,9.78,3406069.0,35460115.0,885452573.0,0.003846698404703828,-0.28000000000000114,-2.7833001988071704,3.67793240556661
2025-01-13,9.73,9.8,9.59,9.73,3385000.0,34474543.0,885452573.0,0.003822903793176961,-0.049999999999998934,-0.5112474437627745,2.14723926380369
2025-01-14,9.76,9.97,9.71,9.95,4450425.0,45993140.0,885452573.0,0.005026158526957039,0.21999999999999886,2.261048304213764,2.672147995889001
2025-01-15,9.96,10.18,9.86,10.11,5134160.0,54054461.0,885452573.0,0.005798345565369993,0.16000000000000014,1.6080402010050232,3.2160804020100535
2025-01-16,10.12,10.48,10.12,10.26,4718182.0,51019234.0,885452573.0,0.005328554169778216,0.15000000000000036,1.4836795252225476,3.5608308605341366
2025-01-17,10.25,10.29,10.08,10.25,3658273.0,39109836.0,885452573.0,0.004131529018663769,-0.009999999999999787,-0.09746588693957392,2.0467836257309853
2025-01-20,10.34,10.48,10.2,10.28,4104490.0,44593092.0,885452573.0,0.00463547131168594,0.02999999999999936,0.29268292682926855,2.731707317073182
2025-01-21,10.29,10.39,10.18,10.26,2728060.0,29335272.0,885452573.0,0.0030809781158092587,-0.019999999999999574,-0.1945525291828787,2.0428015564202417
2025-01-22,10.21,10.29,10.13,10.21,2630600.0,28143537.0,885452573.0,0.002970910108812796,-0.049999999999998934,-0.4873294346978474,1.5594541910331225
2025-01-23,10.22,10.31,9.87,10.02,7182314.0,76085460.0,885452573.0,0.008111460985048152,-0.19000000000000128,-1.8609206660137212,4.309500489715977
2025-01-24,10.0,10.16,9.9,10.1,3852359.0,40666521.0,885452573.0,0.004350723141441478,0.08000000000000007,0.7984031936127733,2.594810379241515
2025-01-27,10.1,10.41,10.09,10.35,5798074.0,62684920.0,885452573.0,0.006548147440981009,0.25,2.4752475247524774,3.168316831683171
2025-02-05,10.48,10.48,10.11,10.12,4604533.0,49392103.0,885452573.0,0.005200202857166467,-0.23000000000000043,-2.2222222222222254,3.57487922705315
2025-02-06,10.12,10.17,9.97,10.16,4480144.0,47320408.0,885452573.0,0.005059722154085377,0.040000000000000924,0.39525691699606735,1.9762845849802302
2025-02-07,10.16,10.35,10.12,10.28,5651954.0,60707548.0,885452573.0,0.006383124486103899,0.11999999999999922,1.1811023622047223,2.2637795275590595
2025-02-10,10.28,10.31,10.09,10.12,6489740.0,68994470.0,885452573.0,0.007329291480866249,-0.16000000000000014,-1.5564202334630406,2.1400778210116793
2025-02-11,10.14,10.21,10.03,10.2,6124920.0,65070325.0,885452573.0,0.006917276189336907,0.08000000000000007,0.7905138339920903,1.778656126482228
2025-02-12,10.16,10.23,10.02,10.14,5330380.0,56610983.0,885452573.0,0.006019949755118053,-0.05999999999999872,-0.5882352941176339,2.0588235294117734
2025-02-13,10.18,10.22,9.96,9.97,5458376.0,57551870.0,885452573.0,0.006164504081236658,-0.16999999999999993,-1.6765285996055201,2.564102564102562
2025-02-14,9.96,10.03,9.82,9.87,5667440.0,58789671.0,885452573.0,0.006400613847445447,-0.10000000000000142,-1.0030090270812586,2.106318956870602
2025-02-17,9.89,9.91,9.7,9.89,6725877.0,69094907.0,885452573.0,0.007595976571858694,0.02000000000000135,0.20263424518744966,2.127659574468094
2025-02-18,9.92,10.02,9.68,9.73,5408176.0,55838468.0,885452573.0,0.006107809909769159,-0.16000000000000014,-1.6177957532861442,3.437815975733062
2025-02-19,9.73,9.86,9.68,9.82,4068862.0,41597057.0,885452573.0,0.004595234261067532,0.08999999999999986,0.9249743062692772,1.8499486125385374
2025-02-20,9.82,10.09,9.75,9.98,6838940.0,71394908.0,885452573.0,0.0077236660760146665,0.16000000000000014,1.6293279022403295,3.462321792260691
2025-02-21,9.96,10.04,9.76,9.87,6025379.0,62258486.0,885452573.0,0.006804857971766264,-0.11000000000000121,-1.102204408817642,2.8056112224448833
2025-02-24,10.08,10.86,10.08,10.47,34149675.0,382134694.0,885452573.0,0.038567480677477235,0.6000000000000014,6.079027355623112,7.902735562310024
2025-02-25,10.27,11.17,10.13,10.75,36192893.0,410347865.0,885452573.0,0.04087502154674974,0.27999999999999936,2.6743075453677045,9.933142311365799
2025-02-26,10.88,11.24,10.82,10.86,27054891.0,311666651.0,885452573.0,0.03055487309538825,0.10999999999999943,1.023255813953483,3.9069767441860455
2025-02-27,11.04,11.11,10.64,10.79,18711737.0,213239085.0,885452573.0,0.02113239892296298,-0.07000000000000028,-0.6445672191528584,4.32780847145487
2025-02-28,10.74,10.82,10.5,10.55,12638767.0,140922400.0,885452633.0000001,0.01427379232831306,-0.23999999999999844,-2.2242817423540173,2.9657089898053783
2025-03-03,10.55,10.63,10.46,10.55,10785800.0,119339316.0,885452633.0000001,0.012181114605144552,0.0,0.0,1.6113744075829377
2025-03-04,10.55,10.67,10.45,10.55,7952770.0,88146751.0,885452633.0000001,0.008981587160744259,0.0,0.0,2.085308056872044
2025-03-05,10.56,10.57,10.24,10.3,12965574.0,140539312.0,885452633.0000001,0.014642877006386402,-0.25,-2.3696682464455,3.127962085308057
2025-03-06,10.31,10.87,10.27,10.69,16947303.0,187770808.0,885452633.0000001,0.019139705918069135,0.3899999999999988,3.786407766990285,5.825242718446598
2025-03-07,10.71,10.92,10.59,10.87,15289752.0,172831609.0,885452633.0000001,0.017267724359457632,0.17999999999999972,1.6838166510757757,3.086997193638916
2025-03-10,10.87,10.91,10.75,10.76,7323100.0,82865983.0,885452633.0000001,0.00827045934144283,-0.10999999999999943,-1.0119595216191324,1.471941122355107
2025-03-11,10.73,11.07,10.59,10.94,12436892.0,141248460.0,885452633.0000001,0.014045801589479262,0.17999999999999972,1.6728624535315983,4.460966542750933
2025-03-12,10.89,11.04,10.68,10.7,11874600.0,134201836.0,885452633.0000001,0.013410768185044178,-0.2400000000000002,-2.1937842778793404,3.2906764168190077
2025-03-13,10.7,10.75,10.53,10.62,8007531.0,89238222.0,885452633.0000001,0.009043432366189597,-0.08000000000000007,-0.747663551401867,2.0560747663551466
2025-03-14,10.67,10.77,10.54,10.74,9228631.0,103468493.0,885452633.0000001,0.010422501053198628,0.120000000000001,1.1299435028248705,2.1657250470809837
2025-03-17,10.77,10.94,10.76,10.8,9209050.0,104590107.0,885452633.0000001,0.010400386939726903,0.0600000000000005,0.5586592178770999,1.675977653631282
2025-03-18,10.85,10.88,10.74,10.85,6516065.0,73907352.0,885452633.0000001,0.007359021541246012,0.049999999999998934,0.4629629629629539,1.2962962962963014
2025-03-19,10.86,10.93,10.79,10.88,8025051.0,91536560.0,885452633.0000001,0.009063218856564175,0.030000000000001137,0.27649769585254,1.2903225806451666
2025-03-20,10.86,11.24,10.86,10.98,13833683.0,160705690.0,885452633.0000001,0.015623289698885563,0.09999999999999964,0.9191176470588092,3.4926470588235365
2025-03-21,11.0,11.04,10.75,10.75,9889800.0,112591396.0,885452633.0000001,0.01116920276863641,-0.23000000000000043,-2.0947176684881663,2.6411657559198463
2025-03-24,10.75,11.1,10.69,10.93,11128811.0,127528312.0,885452633.0000001,0.012568499528082604,0.17999999999999972,1.6744186046511622,3.8139534883720945
2025-03-25,10.9,10.95,10.73,10.8,7134647.0,80909237.0,885452633.0000001,0.008057626951570654,-0.129999999999999,-1.1893870082342106,2.012808783165589
2025-03-26,10.82,11.17,10.73,11.08,15306521.0,177344715.0,885452633.0000001,0.0172866626960496,0.27999999999999936,2.592592592592591,4.07407407407407
2025-03-27,11.1,11.3,11.04,11.06,12823459.0,150030640.0,885452633.0000001,0.014482377173076856,-0.019999999999999574,-0.18050541516244634,2.3465703971119276
2025-03-28,11.01,11.15,10.88,10.88,9072574.0,104405207.0,885452633.0000001,0.0102462556006652,-0.17999999999999972,-1.6274864376130127,2.441229656419526
2025-03-31,10.85,10.97,10.81,10.92,7304302.0,83391087.0,885452633.0000001,0.00824922952146216,0.03999999999999915,0.3676470588235281,1.4705882352941189
2025-04-01,10.96,11.17,10.94,11.06,8979799.0,104422903.0,885452633.0000001,0.010141478680316939,0.14000000000000057,1.2820512820512775,2.1062271062271103
2025-04-02,11.06,11.21,10.99,11.07,7301900.0,85177080.0,885452633.0000001,0.008246516784596878,0.009999999999999787,0.09041591320071429,1.9891500904159187
2025-04-03,10.97,11.0,10.65,10.7,10046840.0,114012914.0,885452633.0000001,0.011346558387838684,-0.370000000000001,-3.342366757000914,3.1616982836495
2025-04-07,9.68,10.06,9.63,9.63,8685625.0,88341206.0,885452633.0000001,0.009809248599298026,-1.0699999999999985,-9.999999999999986,4.018691588785044
2025-04-08,9.09,9.42,8.67,8.68,20305516.0,188546742.0,885452633.0000001,0.022932357128131096,-0.9500000000000011,-9.865005192108,7.78816199376947
2025-04-09,8.48,8.76,8.03,8.67,13710269.0,121512584.0,885452633.0000001,0.015483910137065455,-0.009999999999999787,-0.11520737327188613,8.410138248847932
2025-04-10,9.01,9.25,8.93,9.04,11235129.0,107187709.0,885452633.0000001,0.01268857145066505,0.3699999999999992,4.2675893886966465,3.6908881199538675
2025-04-11,9.19,9.25,8.91,9.03,9483705.0,90010415.0,885452633.0000001,0.010710572927959206,-0.009999999999999787,-0.11061946902655162,3.761061946902654
2025-04-14,9.18,9.34,9.14,9.19,8021073.0,77723401.0,885452633.0000001,0.009058726239057893,0.16000000000000014,1.7718715393133966,2.2148394241417417
2025-04-15,9.2,9.22,9.04,9.08,5490339.0,52385354.0,885452633.0000001,0.006200601585426647,-0.10999999999999943,-1.196953210010876,1.9586507072905495
2025-04-16,9.12,9.12,8.78,8.91,4906600.0,45912140.0,885452633.0000001,0.005541346670771038,-0.16999999999999993,-1.8722466960352402,3.744493392070483
2025-04-17,8.91,8.99,8.86,8.96,3689700.0,34632945.0,885452633.0000001,0.004167021320495638,0.05000000000000071,0.561167227833903,1.4590347923681346
2025-04-18,8.97,9.04,8.83,8.91,3695000.0,34493847.0,885452633.0000001,0.004173006959707126,-0.05000000000000071,-0.5580357142857206,2.34374999999999
2025-04-21,8.92,9.06,8.86,9.04,4272300.0,40270539.0,885452633.0000001,0.004824989887403723,0.129999999999999,1.459034792368108,2.24466891133559
2025-04-22,9.1,9.19,9.04,9.12,5245900.0,50221348.0,885452633.0000001,0.0059245405168951585,0.08000000000000007,0.8849557522123908,1.659292035398234
2025-04-23,9.23,9.63,9.19,9.5,9907340.0,98187597.0,885452633.0000001,0.011189011846328768,0.3800000000000008,4.166666666666674,4.8245614035087865
2025-04-24,9.57,9.85,9.47,9.48,7661200.0,77247433.0,885452633.0000001,0.008652297948500198,-0.019999999999999574,-0.21052631578947212,3.99999999999999
2025-04-25,9.48,9.72,9.44,9.54,6860921.0,68963568.0,885452633.0000001,0.007748490144249194,0.05999999999999872,0.6329113924050445,2.9535864978903072
2025-04-28,9.58,9.58,9.2,9.2,6391183.0,62357250.0,885452633.0000001,0.007217984070300911,-0.33999999999999986,-3.563941299790352,3.983228511530407
2025-04-29,9.32,9.33,9.03,9.12,7260931.0,69604527.0,885452633.0000001,0.008200247793492077,-0.08000000000000007,-0.8695652173913104,3.2608695652173996
2025-04-30,9.08,9.22,9.08,9.08,4926300.0,47171281.0,885452633.0000001,0.005563595178783549,-0.03999999999999915,-0.43859649122806044,1.535087719298252
2025-05-06,9.22,9.56,9.2,9.32,9739900.0,95250607.0,885452633.0000001,0.01099991082188131,0.2400000000000002,2.643171806167399,3.964757709251115
2025-05-07,9.44,9.53,9.28,9.39,9216100.0,90934424.0,885452633.0000001,0.010408348969244072,0.07000000000000028,0.7510729613734002,2.682403433476395
2025-05-08,9.37,9.45,9.28,9.4,6639700.0,65439716.0,885452633.0000001,0.007498650692927579,0.009999999999999787,0.10649627263046302,1.8104366347177838
2025-05-09,9.44,9.56,9.35,9.43,7764200.0,77048607.0,885452633.0000001,0.008768622635063077,0.02999999999999936,0.31914893617019935,2.2340425531914985
2025-05-12,9.6,9.71,9.4,9.49,8564000.0,85442840.0,885452633.0000001,0.009671889473053268,0.0600000000000005,0.6362672322375529,3.287380699893961
2025-05-13,9.66,9.76,9.49,9.51,10262449.0,103141129.0,885452633.0000001,0.011590059837791458,0.019999999999999574,0.21074815595363283,2.8451001053740734
2025-05-14,9.63,10.08,9.53,9.74,17735358.0,181907311.0,885452633.0000001,0.02002970835369349,0.23000000000000043,2.4185068349106276,5.783385909568882
2025-05-15,9.77,10.06,9.66,9.66,12754129.0,131299654.0,885452633.0000001,0.01440407823599526,-0.08000000000000007,-0.8213552361396315,4.106776180698155
2025-05-16,9.7,10.3,9.47,10.11,20317229.0,212191792.0,885452633.0000001,0.022945585390788486,0.4499999999999993,4.658385093167694,8.592132505175984
2025-05-19,10.05,10.05,9.68,9.75,14993773.0,153348855.0,885452633.0000001,0.016933455773009146,-0.35999999999999943,-3.5608308605341144,3.659742828882305
2025-05-20,9.76,9.77,9.61,9.69,9517390.0,96672560.0,885452633.0000001,0.010748615617928824,-0.0600000000000005,-0.6153846153846176,1.6410256410256423
2025-05-21,9.69,9.74,9.6,9.68,6539199.0,66245889.0,885452633.0000001,0.007385148291721212,-0.009999999999999787,-0.10319917440659854,1.4447884416924723
2025-05-22,9.7,9.72,9.51,9.51,6864000.0,68961754.0,885452633.0000001,0.007751967461821302,-0.16999999999999993,-1.7561983471074405,2.1694214876033144
2025-05-23,9.56,9.58,9.32,9.32,10857900.0,107479572.0,885452633.0000001,0.012262541885738566,-0.1899999999999995,-1.9978969505783373,2.73396424815983
2025-05-26,9.32,9.34,9.2,9.28,4454300.0,43343877.0,885452633.0000001,0.005030534479194439,-0.040000000000000924,-0.42918454935623185,1.5021459227467873
2025-05-27,9.28,9.3,9.18,9.23,5887994.0,57005179.0,885452633.0000001,0.006649699578001028,-0.049999999999998934,-0.5387931034482651,1.2931034482758728
2025-05-28,9.3,9.37,9.22,9.28,4892300.0,47651355.0,885452633.0000001,0.00552519673855891,0.049999999999998934,0.5417118093174356,1.625135427952314
2025-05-29,9.32,9.36,9.26,9.33,4733824.0,46342337.0,885452633.0000001,0.005346219349940088,0.05000000000000071,0.5387931034482873,1.077586206896548
2025-05-30,9.34,9.34,9.19,9.2,3992894.0,38697403.0,885452633.0000001,0.00450943828183297,-0.13000000000000078,-1.393354769560562,1.6077170418006468
2025-06-03,9.2,9.22,9.13,9.19,4626738.0,44507890.0,885452633.0000001,0.0052252800743549195,-0.009999999999999787,-0.10869565217390686,0.978260869565216
2025-06-04,9.24,9.26,9.13,9.18,6481400.0,62416028.0,885452633.0000001,0.007319872072705214,-0.009999999999999787,-0.10881392818280489,1.4145810663764853
2025-06-05,9.19,9.19,9.08,9.1,6796100.0,64985380.0,885452633.0000001,0.00767528351796092,-0.08000000000000007,-0.8714596949891074,1.1982570806100157
2025-06-06,9.12,9.13,9.01,9.04,7254156.0,68958807.0,885452633.0000001,0.008192596339594372,-0.0600000000000005,-0.6593406593406681,1.3186813186813295
2025-06-09,9.04,9.79,9.02,9.54,17236556.0,168638876.0,885452633.0000001,0.019466378389548476,0.5,5.530973451327426,8.517699115044245
2025-06-10,9.34,9.4,9.07,9.15,17413663.0,168476542.0,885452633.0000001,0.019666396994044513,-0.3899999999999988,-4.088050314465397,3.4591194968553474
2025-06-11,9.14,9.19,9.09,9.16,7002049.0,67212805.0,885452633.0000001,0.007907875293426339,0.009999999999999787,0.10928961748633004,1.092896174863384
2025-06-12,9.19,9.19,9.03,9.1,6542215.0,60753117.0,885452633.0000001,0.0073885544592423155,-0.0600000000000005,-0.6550218340611424,1.746724890829696
2025-06-13,9.08,9.08,8.88,8.9,7710060.0,70494416.0,885452633.0000001,0.008707478765834782,-0.1999999999999993,-2.19780219780219,2.19780219780219
2025-06-16,8.9,8.95,8.83,8.92,3832038.0,34882684.0,885452633.0000001,0.0043277730023984235,0.019999999999999574,0.22471910112358273,1.3483146067415641
2025-06-17,8.93,8.95,8.88,8.92,3160965.0,28768382.0,885452633.0000001,0.003569886047196383,0.0,0.0,0.7847533632286829
2025-06-18,8.89,8.92,8.83,8.89,2912100.0,26384867.0,885452633.0000001,0.0032888264052403577,-0.02999999999999936,-0.33632286995515237,1.0089686098654693
2025-06-19,8.91,8.91,8.73,8.75,4343725.0,39029942.0,885452633.0000001,0.004905654846022689,-0.14000000000000057,-1.5748031496063075,2.024746906636667
2025-06-20,8.77,8.85,8.74,8.74,2862288.0,25736139.0,885452633.0000001,0.0032325704315794832,-0.009999999999999787,-0.11428571428571122,1.2571428571428507
2025-06-23,8.69,8.73,8.54,8.69,6175465.0,54420181.0,885452633.0000001,0.006974359519466243,-0.05000000000000071,-0.5720823798627039,2.1739130434782754
2025-06-24,8.72,8.84,8.71,8.83,4507705.0,40522803.0,885452633.0000001,0.005090848264494346,0.14000000000000057,1.6110471806674465,1.49597238204832
2025-06-25,8.86,8.91,8.8,8.91,4936731.0,44667943.0,885452633.0000001,0.0055753755943712905,0.08000000000000007,0.9060022650056565,1.2457531143827794
2025-06-26,8.91,8.92,8.78,8.8,6289776.0,56820987.0,885452633.0000001,0.007103458463599147,-0.10999999999999943,-1.2345679012345623,1.571268237934911
2025-06-27,8.8,8.95,8.8,8.9,5302885.0,48109735.0,885452633.0000001,0.005988897432077543,0.09999999999999964,1.1363636363636243,1.7045454545454382
2025-06-30,8.91,8.97,8.89,8.94,4281000.0,39060421.0,885452633.0000001,0.004834815370637674,0.03999999999999915,0.44943820224718767,0.8988764044943828
2025-07-01,8.97,9.0,8.9,8.99,4488040.0,41031864.0,885452633.0000001,0.005068639284287948,0.05000000000000071,0.5592841163311046,1.1185682326621884
2025-07-02,8.98,9.02,8.93,8.98,3927480.0,36003908.0,885452633.0000001,0.004435561941572542,-0.009999999999999787,-0.11123470522802492,1.0011123470522787
2025-07-03,8.98,9.06,8.98,9.04,4804900.0,44333291.0,885452633.0000001,0.005426490159863808,0.05999999999999872,0.6681514476614581,0.8908685968819607
2025-07-04,9.06,9.06,8.9,8.9,7578300.0,69299544.0,885452633.0000001,0.008558673516305416,-0.1399999999999988,-1.5486725663716672,1.7699115044247804
2025-07-07,8.93,9.09,8.92,8.97,5231740.0,48084357.0,885452633.0000001,0.005908548695907486,0.07000000000000028,0.786516853932584,1.9101123595505607
2025-07-08,9.02,9.15,9.0,9.14,8833435.0,82217623.0,885452633.0000001,0.0099761801713452,0.16999999999999993,1.8952062430323213,1.672240802675589
2025-07-09,9.16,9.16,9.02,9.05,6761794.0,62663352.0,885452633.0000001,0.007636539491774259,-0.08999999999999986,-0.9846827133479175,1.5317286652078836
2025-07-10,9.04,9.06,8.97,9.06,6406997.0,59004667.0,885452633.0000001,0.007235843862468925,0.009999999999999787,0.11049723756906271,0.9944751381215453
2025-07-11,9.05,9.09,9.0,9.02,6021657.0,55630357.0,885452633.0000001,0.006800654010817086,-0.040000000000000924,-0.44150110375277274,0.9933774834437069
2025-07-14,9.04,9.07,8.99,9.02,4821721.0,44476592.0,885452633.0000001,0.0054454872234820035,0.0,0.0,0.8869179600886926
2025-07-15,9.02,9.04,8.87,8.95,6989025.0,63756580.0,885452633.0000001,0.007893166432088523,-0.07000000000000028,-0.77605321507761,1.8847006651884695
2025-07-16,8.95,9.06,8.94,8.98,7553121.0,69482710.0,885452633.0000001,0.008530237212587293,0.030000000000001137,0.3351955307262733,1.3407821229050392
2025-07-17,8.99,9.02,8.92,8.97,7502140.0,68633273.0,885452633.0000001,0.008472661010202224,-0.009999999999999787,-0.11135857461024301,1.1135857461024459
2025-07-18,8.99,9.0,8.9,8.98,7850740.0,71666629.0,885452633.0000001,0.008866357959093673,0.009999999999999787,0.11148272017837968,1.1148272017837195
2025-07-21,8.98,9.18,8.96,9.13,12779437.0,118720236.0,885452633.0000001,0.01443266022791306,0.15000000000000036,1.6703786191536896,2.4498886414253773
2025-07-22,9.14,9.24,9.05,9.19,11112902.0,104112342.0,885452633.0000001,0.012550532446155139,0.05999999999999872,0.6571741511500306,2.0810514786418346
2025-07-23,9.2,9.67,9.2,9.34,20892560.0,201125317.0,885452633.0000001,0.02359534459704972,0.15000000000000036,1.6322089227421177,5.114254624591955
2025-07-24,9.31,9.44,9.27,9.42,10095520.0,96464241.0,885452633.0000001,0.011401535919313257,0.08000000000000007,0.8565310492505418,1.8201284796573867
2025-07-25,9.5,10.13,9.45,10.01,41447156.0,418096972.0,885452633.0000001,0.046809004180802964,0.5899999999999999,6.263269639065805,7.218683651804687
2025-07-28,10.02,10.03,9.7,9.78,17591314.0,175969179.0,885452633.0000001,0.01986702997358414,-0.23000000000000043,-2.2977022977022976,3.2967032967032974
2025-07-29,9.78,9.94,9.62,9.94,11065880.0,110722426.0,885452633.0000001,0.012497427403324463,0.16000000000000014,1.6359918200409052,3.2719836400818028
2025-07-30,9.89,9.95,9.7,9.77,9950920.0,99676721.0,885452633.0000001,0.011238229611769644,-0.16999999999999993,-1.7102615694164935,2.5150905432595576
2025-07-31,9.69,9.78,9.35,9.44,15185014.0,147682074.0,885452633.0000001,0.017149436834979742,-0.33000000000000007,-3.377686796315249,4.401228249744111
2025-08-01,9.43,9.54,9.42,9.48,6807778.0,65882874.0,885452633.0000001,0.007688472252812194,0.040000000000000924,0.4237288135593209,1.2711864406779578
2025-08-04,9.41,9.51,9.34,9.51,7079799.0,68242931.0,885452633.0000001,0.007995683491292977,0.02999999999999936,0.31645569620253333,1.7932489451476785
2025-08-05,9.51,9.54,9.46,9.51,5421381.0,52585238.0,885452633.0000001,0.006122722772455745,0.0,0.0,0.8412197686645457
2025-08-06,9.52,9.76,9.46,9.67,8270281.0,81258288.0,885452633.0000001,0.009340173253513832,0.16000000000000014,1.682439537329139,3.1545741324921024
2025-08-07,9.64,9.68,9.55,9.56,7111960.0,69754222.0,885452633.0000001,0.008032005027647818,-0.10999999999999943,-1.1375387797311176,1.3443640124095035
2025-08-08,9.55,9.86,9.48,9.68,10561340.0,104430043.0,885452633.0000001,0.011927617137708594,0.11999999999999922,1.2552301255229992,3.9748953974895294
2025-08-11,9.69,9.85,9.62,9.81,7436079.0,74261587.0,885452633.0000001,0.00839805397021164,0.13000000000000078,1.342975206611574,2.3760330578512443
2025-08-12,9.82,9.84,9.73,9.8,6328200.0,63254005.0,885452633.0000001,0.007146853218516545,-0.009999999999999787,-0.10193679918449883,1.1213047910295557
2025-08-13,9.83,9.83,9.69,9.71,6545200.0,65080380.0,885452633.0000001,0.00739192561642086,-0.08999999999999986,-0.9183673469387754,1.4285714285714342
2025-08-14,9.71,9.74,9.48,9.52,7358020.0,72094707.0,885452633.0000001,0.008309896798285312,-0.19000000000000128,-1.9567456230690117,2.677651905252315
2025-08-15,9.5,9.67,9.48,9.64,5090028.0,50023259.0,885452633.0000001,0.005748503997051188,0.120000000000001,1.26050420168069,1.995798319327726
2025-08-18,9.65,9.69,9.54,9.57,12970500.0,127494823.0,885452633.0000001,0.01464844026275542,-0.07000000000000028,-0.7261410788381717,1.556016597510377
2025-08-19,9.59,9.6,9.47,9.54,8173465.0,79570778.0,885452633.0000001,0.009230832565608282,-0.030000000000001137,-0.31347962382446415,1.358411703239279
2025-08-20,9.53,9.71,9.5,9.71,8173365.0,80369790.0,885452633.0000001,0.009230719629019387,0.1700000000000017,1.7819706498952037,2.2012578616352294
2025-08-21,9.71,9.81,9.66,9.76,8856132.0,88023565.0,885452633.0000001,0.010001813388926925,0.049999999999998934,0.5149330587023604,1.5447991761071096
2025-08-22,9.78,9.79,9.62,9.72,9453400.0,93531840.0,885452633.0000001,0.010676347494694274,-0.03999999999999915,-0.4098360655737654,1.7418032786885238
2025-08-25,9.74,9.77,9.61,9.7,11515952.0,113946164.0,885452633.0000001,0.013005723367700459,-0.02000000000000135,-0.2057613168724437,1.646090534979425
2025-08-26,9.69,9.96,9.61,9.91,13938752.0,140220570.0,885452633.0000001,0.015741951043472698,0.21000000000000085,2.164948453608262,3.608247422680427
2025-08-27,9.92,9.92,9.62,9.63,11397360.0,114071273.0,885452633.0000001,0.012871789608196916,-0.27999999999999936,-2.825428859737633,3.027245206861763
2025-08-28,9.65,9.74,9.37,9.62,9825300.0,96188053.0,885452633.0000001,0.011096358668798491,-0.010000000000001563,-0.10384215991694479,3.842159916926282
2025-08-29,9.5,9.52,9.21,9.28,16120459.0,153513191.0,886881533.0,0.01817656406202338,-0.33999999999999986,-3.534303534303529,3.2224532224532094
2025-09-01,9.27,9.33,9.2,9.22,7836200.0,73976531.0,886881533.0,0.008835678394940713,-0.05999999999999872,-0.6465517241379226,1.4008620689655258
2025-09-02,9.24,9.24,9.06,9.2,11168656.0,104158671.0,886881533.0,0.012593176861198666,-0.02000000000000135,-0.21691973969633072,1.9522776572668081
2025-09-03,9.22,9.24,9.0,9.14,8339763.0,77820956.0,886881533.0,0.009403468997476577,-0.05999999999999872,-0.6521739130434634,2.6086956521739157
2025-09-04,9.07,9.2,9.05,9.14,6180534.0,57679754.0,886881533.0,0.006968838305938658,0.0,0.0,1.641137855579853
2025-09-05,9.16,9.25,9.08,9.24,5497824.0,51670180.0,886881533.0,0.006199051164593366,0.09999999999999964,1.0940919037199182,1.8599562363238502
2025-09-08,9.26,9.34,9.2,9.3,5284210.0,50127565.0,886881533.0,0.0059581914871148865,0.0600000000000005,0.6493506493506551,1.5151515151515214
2025-09-09,9.31,9.32,9.16,9.2,4030900.0,37947575.0,886881533.0,0.004545026421245824,-0.10000000000000142,-1.0752688172043112,1.720430107526883
2025-09-10,9.2,9.22,9.08,9.13,7187539.0,67151481.0,886881533.0,0.008104283077906867,-0.06999999999999851,-0.7608695652173703,1.521739130434789
2025-09-11,9.12,9.21,9.02,9.2,6778831.0,62986800.0,886881533.0,0.007643445880612332,0.06999999999999851,0.7667031763417098,2.081051478641854
2025-09-12,9.1,9.19,9.03,9.12,10340900.0,96162457.0,886881533.0,0.011659843637763512,-0.08000000000000007,-0.8695652173913104,1.7391304347826104
2025-09-15,9.12,9.12,9.02,9.06,5113000.0,47302847.0,886881533.0,0.005765144283368453,-0.05999999999999872,-0.6578947368420907,1.0964912280701715
2025-09-16,9.07,9.08,9.02,9.07,3447025.0,31880384.0,886881533.0,0.0038866803194559244,0.009999999999999787,0.1103752759381793,0.6622516556291446
2025-09-17,9.07,9.12,9.05,9.1,3757040.0,34883172.0,886881533.0,0.004236236588771096,0.02999999999999936,0.330760749724357,0.7717750826901709
2025-09-18,9.11,9.14,9.02,9.05,7393500.0,68671322.0,886881533.0,0.00833651364347441,-0.049999999999998934,-0.5494505494505364,1.3186813186813295
2025-09-19,9.05,9.16,8.96,9.08,13056668.0,120528092.0,886881533.0,0.014721997825159362,0.02999999999999936,0.33149171270716593,2.2099447513812076
2025-09-22,9.08,9.08,8.89,9.02,6859300.0,62749972.0,886881533.0,0.007734178404637048,-0.0600000000000005,-0.6607929515418554,2.0925110132158533
2025-09-23,9.02,9.02,8.81,8.93,5613640.0,50965341.0,886881533.0,0.006329639068039993,-0.08999999999999986,-0.9977827050997812,2.3281596452328057
2025-09-24,8.89,9.0,8.82,8.93,4421900.0,40310456.0,886881533.0,0.004985897028481706,0.0,0.0,2.0156774916013407
2025-09-25,8.91,8.93,8.77,8.79,5362500.0,48368538.0,886881533.0,0.006046467087729969,-0.14000000000000057,-1.5677491601343796,1.7917133258678628
2025-09-26,8.71,8.83,8.66,8.72,3991660.0,35695565.0,886881533.0,0.004500781504038826,-0.06999999999999851,-0.796359499431154,1.934015927189988
2025-09-29,8.72,8.77,8.61,8.72,4505500.0,39958547.0,886881533.0,0.005080159900003239,0.0,0.0,1.8348623853211024
2025-09-30,8.72,8.83,8.66,8.78,5603147.0,50147734.0,886881594.0,0.00631780729006763,0.05999999999999872,0.6880733944953921,1.9495412844036688
2025-10-09,8.83,8.83,8.71,8.74,4369100.0,39008559.0,886881594.0,0.004926362244473415,-0.03999999999999915,-0.4555808656036331,1.366742596810925
2025-10-10,8.74,9.0,8.74,8.82,7869050.0,71120564.0,886881594.0,0.008872717680957983,0.08000000000000007,0.9153318077803174,2.9748283752860387
2025-10-13,8.61,8.72,8.57,8.71,6264014.0,55268995.0,886881594.0,0.00706296538610993,-0.10999999999999943,-1.2471655328798126,1.7006802721088474
2025-10-14,8.69,8.75,8.66,8.69,6105700.0,54320124.0,886881594.0,0.006884459031855836,-0.02000000000000135,-0.22962112514353095,1.0332950631458078
2025-10-15,8.72,8.72,8.65,8.71,4199240.0,37275442.0,886881594.0,0.004734837241418723,0.02000000000000135,0.23014959723821615,0.8055235903337202
2025-10-16,8.68,8.71,8.61,8.63,4494600.0,39742055.0,886881594.0,0.005067869296653821,-0.08000000000000007,-0.9184845005740572,1.1481056257175821
2025-10-17,8.64,8.64,8.5,8.51,4250500.0,37181428.0,886881594.0,0.00479263526129735,-0.120000000000001,-1.3904982618771822,1.6222479721900411
2025-10-20,8.58,8.59,8.46,8.47,3404909.0,29558868.0,886881594.0,0.003839192315000282,-0.03999999999999915,-0.4700352526439411,1.5276145710928204
2025-10-21,8.52,8.59,8.49,8.56,3790593.0,33090401.0,886881594.0,0.004274068856140902,0.08999999999999986,1.0625737898465104,1.1806375442739037
2025-10-22,8.54,8.64,8.52,8.56,4202664.0,36868445.0,886881594.0,0.004738697959718849,0.0,0.0,1.4018691588785164
2025-10-23,8.57,8.68,8.54,8.66,3931189.0,34616771.0,886881594.0,0.004432597346247328,0.09999999999999964,1.1682242990654235,1.6355140186915953
2025-10-24,8.66,8.69,8.6,8.64,3516769.0,31041615.0,886881594.0,0.003965319636569208,-0.019999999999999574,-0.2309468822170868,1.0392609699769038
2025-10-27,8.67,8.69,8.59,8.62,3688300.0,32552399.0,886881594.0,0.0041587287693784294,-0.02000000000000135,-0.23148148148149916,1.1574074074074032
2025-10-28,8.62,8.67,8.59,8.63,3131680.0,27582686.0,886881594.0,0.0035311139854369332,0.010000000000001563,0.11600928074246841,0.928074245939676
2025-10-29,8.63,8.66,8.54,8.55,3380791.0,29579496.0,886881594.0,0.0038119981549645287,-0.08000000000000007,-0.9269988412514474,1.3904982618771842
2025-10-30,8.55,8.62,8.49,8.58,4945530.0,43175150.0,886881594.0,0.005576313719280998,0.02999999999999936,0.35087719298245723,1.520467836257298
2025-10-31,8.59,8.66,8.55,8.65,4688289.0,41316632.0,886881594.0,0.005286262598883071,0.07000000000000028,0.8158508158508271,1.2820512820512755
2025-11-03,8.69,8.7,8.62,8.66,4294940.0,37959576.0,886881594.0,0.004842743415870236,0.009999999999999787,0.11560693641619046,0.9248554913294805
2025-11-04,8.64,8.7,8.59,8.63,5103091.0,45052519.0,886881594.0,0.00575397103122201,-0.02999999999999936,-0.34642032332562467,1.2702078521939888
2025-11-05,8.61,8.68,8.56,8.66,3693846.0,32629601.0,886881594.0,0.004164982140783948,0.02999999999999936,0.34762456546928444,1.3904982618771635
2025-11-06,8.67,8.76,8.63,8.71,4356600.0,38756719.0,886881594.0,0.004912267916567,0.05000000000000071,0.5773672055427337,1.501154734411074
2025-11-07,8.71,8.96,8.68,8.93,10062978.0,90877906.0,887049894.0,0.011344320165151838,0.21999999999999886,2.5258323765786406,3.2146957520091974
2025-11-10,8.93,9.09,8.9,9.0,9072169.0,83394226.0,887049894.0,0.010227349173213475,0.07000000000000028,0.7838745800671898,2.1276595744680793
2025-11-11,8.97,9.0,8.93,8.98,4674000.0,42764174.0,887049894.0,0.005269151184859958,-0.019999999999999574,-0.22222222222221255,0.777777777777781
2025-11-12,8.98,9.2,8.95,9.09,8372804.0,77652900.0,887049894.0,0.009438932417030423,0.10999999999999943,1.2249443207126953,2.7839643652561246
2025-11-13,9.06,9.11,8.98,9.07,5017700.0,46372032.0,887049894.0,0.005656615297447969,-0.019999999999999574,-0.22002200220021528,1.4301430143014193
2025-11-14,9.06,9.17,8.98,8.99,5607840.0,51928508.0,887049894.0,0.006321899182820939,-0.08000000000000007,-0.8820286659316445,2.094818081587646
2025-11-17,9.06,9.13,8.93,9.07,7378431.0,68140293.0,887049894.0,0.008317943612763681,0.08000000000000007,0.8898776418242438,2.2246941045606348
2025-11-18,9.07,9.17,8.99,9.06,7889962.0,73075715.0,887049894.0,0.008894609033119392,-0.009999999999999787,-0.11025358324144863,1.984564498346193
2025-11-19,9.09,9.09,8.93,8.95,4850740.0,44426374.0,887049894.0,0.005468395896116301,-0.11000000000000121,-1.2141280353201056,1.766004415011039
2025-11-20,8.95,8.99,8.82,8.97,5288362.0,48143097.0,887049894.0,0.005961741313279498,0.02000000000000135,0.22346368715084886,1.8994413407821222
2025-11-21,8.93,8.95,8.67,8.71,7712080.0,68972801.0,887049894.0,0.008694076908372868,-0.2599999999999998,-2.898550724637683,3.1215161649944183
2025-11-24,8.71,8.79,8.69,8.69,5411040.0,48282592.0,887049894.0,0.0061000401855636766,-0.02000000000000135,-0.22962112514353095,1.1481056257175617
2025-11-25,8.75,8.81,8.69,8.73,5307140.0,47556714.0,887049894.0,0.005982910359267795,0.040000000000000924,0.4602991944764101,1.3808975834292405
2025-11-26,8.77,8.79,8.67,8.69,3377800.0,30097709.0,887049894.0,0.0038079030535344387,-0.040000000000000924,-0.45819014891180787,1.374570446735386
2025-11-27,8.7,9.03,8.61,8.85,7863500.0,71041728.0,887049894.0,0.008864777565713794,0.16000000000000014,1.8411967779056404,4.833141542002301
2025-11-28,8.83,8.85,8.75,8.8,2998000.0,26930765.0,887049894.0,0.0033797422448031992,-0.049999999999998934,-0.5649717514124131,1.1299435028248548
2025-12-01,8.81,8.94,8.8,8.9,4482300.0,40658991.0,887049894.0,0.005053041582348692,0.09999999999999964,1.1363636363636243,1.5909090909090773
2025-12-02,8.9,9.0,8.86,8.94,3477000.0,31794879.0,887049894.0,0.003919734418005578,0.03999999999999915,0.44943820224718767,1.5730337078651748
2025-12-03,8.98,9.04,8.9,8.98,4696018.0,43046630.0,887049894.0,0.005293972787510417,0.040000000000000924,0.4474272930648837,1.565995525727056
2025-12-04,8.94,8.99,8.83,8.84,3097156.0,28131511.0,887049894.0,0.0034915240066530013,-0.14000000000000057,-1.5590200445434355,1.7817371937639215
2025-12-05,8.83,8.91,8.79,8.87,2435018.0,22005896.0,887049894.0,0.0027450744501188113,0.02999999999999936,0.33936651583710287,1.3574660633484277
2025-12-08,8.9,8.92,8.78,8.85,3878869.0,35079973.0,887049894.0,0.004372774323334737,-0.019999999999999574,-0.22547914317925244,1.578354002254798
2025-12-09,8.85,8.85,8.71,8.72,3564281.0,31915503.0,887049894.0,0.004018129108755634,-0.129999999999999,-1.4689265536723006,1.5819209039547886
2025-12-10,8.74,9.0,8.72,8.96,6280661.0,57062261.0,887049894.0,0.007080392030349535,0.2400000000000002,2.752293577981657,3.2110091743119193
2025-12-11,8.99,8.99,8.76,8.8,4205700.0,37974159.0,887049894.0,0.004741221467301139,-0.16000000000000014,-1.7857142857142905,2.56696428571429
2025-12-12,8.81,8.82,8.72,8.73,3640889.0,32584444.0,887049894.0,0.004104491781834314,-0.07000000000000028,-0.7954545454545436,1.1363636363636322
2025-12-15,8.72,8.8,8.67,8.76,2278300.0,20341836.0,887049894.0,0.002568401186235867,0.02999999999999936,0.3436426116838476,1.4891179839633537
2025-12-16,8.76,8.77,8.63,8.66,2255900.0,20013391.0,887049894.0,0.0025431489426456094,-0.09999999999999964,-1.1415525114155223,1.5981735159817216
2025-12-17,8.65,8.86,8.57,8.76,3951180.0,34940943.0,887049894.0,0.004454292849506839,0.09999999999999964,1.1547344110854452,3.3487297921477963
2025-12-18,8.74,8.93,8.71,8.86,5757000.0,52123699.0,887049894.0,0.006490052069156777,0.09999999999999964,1.1415525114155223,2.5114155251141423
2025-12-19,8.88,8.94,8.82,8.88,3545900.0,32250454.0,887049894.0,0.003997407613691682,0.02000000000000135,0.22573363431153126,1.354401805869066
2025-12-22,8.89,8.94,8.86,8.89,3031074.0,27553839.0,887049894.0,0.0034170276333971355,0.009999999999999787,0.11261261261261701,0.9009009009009016
2025-12-23,8.89,8.96,8.87,8.91,2887342.0,26307558.0,887049894.0,0.0032549939068027213,0.019999999999999574,0.22497187851517886,1.0123734533183537
2025-12-24,8.92,8.94,8.88,8.9,3300800.0,30023079.0,887049894.0,0.003721098466192929,-0.009999999999999787,-0.11223344556677839,0.673400673400659
2025-12-25,8.88,9.03,8.88,8.99,5230615.0,47976504.0,887049894.0,0.005896641254770275,0.08999999999999986,1.011235955056189,1.6853932584269502
2025-12-26,8.96,9.03,8.88,8.88,4188500.0,38320577.0,887049894.0,0.004721831351687192,-0.10999999999999943,-1.2235817575083408,1.668520578420451
2025-12-29,8.86,8.92,8.82,8.82,2826900.0,25633916.0,887049894.0,0.003186855687736546,-0.0600000000000005,-0.6756756756756799,1.1261261261261222
2025-12-30,8.82,8.9,8.75,8.83,4249840.0,38361906.0,887049894.0,0.004790981915161584,0.009999999999999787,0.11337868480725266,1.7006802721088474
2025-12-31,8.86,9.3,8.83,9.24,12980380.0,119922598.0,887050388.0,0.01463319353172979,0.41000000000000014,4.643261608154026,5.322763306908274
2026-01-05,9.2,9.2,8.97,9.06,11753880.0,108342172.0,887050388.0,0.013250521231946071,-0.17999999999999972,-1.9480519480519431,2.4891774891774747
2026-01-06,9.03,9.69,9.0,9.49,25342108.0,243950875.0,887050388.0,0.028568961067857623,0.4299999999999997,4.746136865342154,7.615894039735094
2026-01-07,9.46,9.46,9.26,9.32,10443465.0,99601733.0,887050388.0,0.011773248894627619,-0.16999999999999993,-1.7913593256059013,2.107481559536365
2026-01-08,9.29,9.42,9.2,9.29,8146856.0,77384453.0,887050388.0,0.009184208823095627,-0.030000000000001137,-0.32188841201717944,2.3605150214592343
2026-01-09,9.32,9.38,9.26,9.34,7233803.0,68840959.0,887050388.0,0.008154895254946892,0.05000000000000071,0.5382131324004336,1.291711517761044
2026-01-12,9.35,9.36,9.18,9.25,9603452.0,90564269.0,887050388.0,0.010826275632044479,-0.08999999999999986,-0.9635974304068484,1.9271948608137013
2026-01-13,9.29,9.31,9.16,9.17,7232928.0,68208831.0,887050388.0,0.008153908839730986,-0.08000000000000007,-0.8648648648648671,1.6216216216216255
2026-01-14,9.16,9.24,9.05,9.09,8665870.0,81144941.0,887050388.0,0.009769309745231745,-0.08000000000000007,-0.8724100327153761,2.071973827699013
2026-01-15,9.11,9.14,9.04,9.08,5187573.0,48160473.0,887050388.0,0.0058481153609506115,-0.009999999999999787,-0.11001100110010764,1.1001100110011157
2026-01-16,9.09,9.13,8.98,9.0,7296933.0,67326879.0,887050388.0,0.008226063703610037,-0.08000000000000007,-0.8810572687224627,1.6519823788546293
2026-01-19,9.01,9.23,9.01,9.19,7566170.0,70605382.0,887050388.0,0.008529583101878988,0.1899999999999995,2.111111111111108,2.4444444444444513
2026-01-20,9.21,9.24,9.13,9.24,4805423.0,45111192.0,887050388.0,0.0054173055612259085,0.05000000000000071,0.5440696409140466,1.1969532100108753
2026-01-21,9.23,9.24,9.14,9.19,4823988.0,45226832.0,887050388.0,0.005438234473778281,-0.05000000000000071,-0.5411255411255533,1.0822510822510785
2026-01-22,9.16,9.23,9.13,9.17,6118538.0,57388990.0,887050388.0,0.0068976216940677335,-0.019999999999999574,-0.21762785636560977,1.0881392818280702
2026-01-23,9.19,9.22,9.14,9.21,6979193.0,65526771.0,887050388.0,0.007867865337092892,0.040000000000000924,0.4362050163577047,0.872410032715377
2026-01-26,9.23,9.24,9.03,9.22,9469379.0,88322602.0,887050388.0,0.010675130892338892,0.009999999999999787,0.10857763300760048,2.280130293159618
2026-01-27,9.22,9.22,9.03,9.17,7209653.0,67192051.0,887050388.0,0.00812767019498784,-0.05000000000000071,-0.5422993492407935,2.060737527114981
2026-01-28,9.16,9.22,9.05,9.11,5716827.0,53288212.0,887050388.0,0.006444760159442036,-0.0600000000000005,-0.6543075245365348,1.853871319520174
2026-01-29,9.07,9.19,8.97,9.05,8091749.0,74952915.0,887050388.0,0.0091220849564636,-0.05999999999999872,-0.6586169045005308,2.4149286498353333
2026-01-30,9.01,9.12,8.93,9.08,5891848.0,54405301.0,887050388.0,0.0066420668765887515,0.02999999999999936,0.33149171270716593,2.0994475138121493
2026-02-02,9.05,9.09,8.77,8.77,7474520.0,68223367.0,887050388.0,0.008426263153835632,-0.3100000000000005,-3.4140969162995694,3.524229074889871
2026-02-03,8.81,8.95,8.81,8.93,4510197.0,40949949.0,887050388.0,0.005084487940046986,0.16000000000000014,1.8244013683010207,1.5963511972633841
2026-02-04,8.91,9.12,8.87,9.09,6419980.0,59385548.0,887050388.0,0.007237446808940464,0.16000000000000014,1.791713325867872,2.799552071668533
2026-02-05,9.08,9.22,9.05,9.14,6282601.0,58745865.0,887050388.0,0.007082575110716258,0.05000000000000071,0.5500550055005604,1.8701870187018694
2026-02-06,9.07,9.26,9.05,9.15,5755333.0,54044583.0,887050388.0,0.006488169192932026,0.009999999999999787,0.1094091903719896,2.297592997811806
2026-02-09,9.26,9.26,9.11,9.14,4997719.0,46690595.0,887050388.0,0.005634086933063829,-0.009999999999999787,-0.10928961748634114,1.6393442622950858
2026-02-10,9.17,9.19,9.08,9.12,3928425.0,36719386.0,887050388.0,0.004428637936630946,-0.02000000000000135,-0.2188183807440014,1.2035010940918973
2026-02-11,9.11,9.24,9.08,9.21,3864450.0,36297193.0,887050388.0,0.004356516892702154,0.09000000000000163,0.9868421052631859,1.7543859649122824
2026-02-12,9.21,9.21,9.06,9.06,4154600.0,38723012.0,887050388.0,0.004683612178297137,-0.15000000000000036,-1.6286644951140072,1.6286644951140103
2026-02-13,9.08,9.09,8.95,8.95,3283600.0,30269176.0,887050388.0,0.0037017062890907612,-0.11000000000000121,-1.2141280353201056,1.545253863134664
2026-02-24,9.01,9.08,9.01,9.04,2921827.0,27009074.0,887050388.0,0.003293868126914116,0.08999999999999986,1.0055865921787754,0.7821229050279361
2026-02-25,9.04,9.85,9.03,9.67,29030841.0,284289762.0,887050388.0,0.03272738662056704,0.6300000000000008,6.969026548672574,9.070796460176995
2026-02-26,9.67,9.85,9.4,9.76,28636450.0,282016010.0,887050388.0,0.032282777153804704,0.08999999999999986,0.9307135470527417,4.653567735263695
2026-02-27,9.69,9.75,9.52,9.62,11684817.0,114758965.0,887050388.0,0.013172664324453236,-0.14000000000000057,-1.434426229508201,2.3565573770491848
2026-03-02,9.41,9.53,9.34,9.46,10964951.0,105858380.0,887050388.0,0.012361136580665134,-0.15999999999999837,-1.663201663201641,1.97505197505197
2026-03-03,9.5,9.71,9.32,9.41,11572480.0,112155711.0,887050388.0,0.01304602326604247,-0.05000000000000071,-0.5285412262156508,4.122621564482035
2026-03-04,9.31,9.4,9.12,9.17,9337842.0,88092925.0,887050388.0,0.010526845065761924,-0.2400000000000002,-2.5504782146652527,2.9755579171094704
2026-03-05,9.29,9.43,9.29,9.35,8850118.0,84669153.0,887050388.0,0.009977018351746665,0.17999999999999972,1.9629225736095934,1.5267175572519145
2026-03-06,9.35,9.52,9.32,9.52,8485296.0,81893929.0,887050388.0,0.00956574295529196,0.16999999999999993,1.8181818181818077,2.1390374331550728
2026-03-09,9.48,10.1,9.46,9.71,26495027.0,266218542.0,887050388.0,0.0298686831756394,0.19000000000000128,1.9957983193277462,6.722689075630239
2026-03-10,9.77,9.81,9.56,9.6,9567040.0,94157636.0,887050388.0,0.010785227231082616,-0.11000000000000121,-1.1328527291452284,2.5746652935118433
2026-03-11,9.6,9.73,9.51,9.7,8835017.0,87019496.0,887050388.0,0.009959994516117612,0.09999999999999964,1.041666666666674,2.2916666666666736
2026-03-12,9.73,10.18,9.71,10.06,26433601.0,268081404.0,887050388.0,0.029799435700151006,0.3600000000000012,3.711340206185576,4.845360824742256
2026-03-13,10.28,11.05,9.89,9.95,47683978.0,507758923.0,887050388.0,0.05375565880480738,-0.11000000000000121,-1.0934393638171058,11.530815109343937
2026-03-16,9.95,10.57,9.95,10.31,37482136.0,395598557.0,887050388.0,0.04225479917156634,0.3600000000000012,3.6180904522613133,6.231155778894483
2026-03-17,10.18,10.33,9.92,9.95,16028634.0,165147945.0,887050388.0,0.018069586820359973,-0.3600000000000012,-3.491755577109612,3.9767216294859375
2026-03-18,9.92,10.02,9.6,9.77,14945521.0,149081064.0,887050388.0,0.0168485592275058,-0.17999999999999972,-1.8090452261306456,4.221105527638191
2026-03-19,9.75,9.87,9.57,9.68,11577608.0,114533952.0,887050388.0,0.013051804222873527,-0.08999999999999986,-0.92118730808598,3.0706243602865806
2026-03-20,9.74,9.78,9.36,9.36,10432621.0,101522365.0,887050388.0,0.011761024109940415,-0.3200000000000003,-3.3057851239669422,4.338842975206611
2026-03-23,9.3,9.3,8.73,8.85,15454500.0,141728884.0,887050388.0,0.01742234737628005,-0.5099999999999998,-5.448717948717952,6.089743589743593
2026-03-24,8.96,9.28,8.68,9.23,12578140.0,115604012.0,887050388.0,0.014179735638647847,0.3800000000000008,4.293785310734477,6.779661016949149
2026-03-25,9.22,9.73,9.1,9.6,12983400.0,125932709.0,887050388.0,0.014636598073389266,0.3699999999999992,4.008667388949072,6.825568797399792
2026-03-26,9.61,9.65,9.33,9.38,7007200.0,67703934.0,887050388.0,0.007899438515323664,-0.21999999999999886,-2.2916666666666585,3.3333333333333366
2026-03-27,9.3,9.41,9.25,9.36,5380314.0,51312409.0,887050388.0,0.0060653983953840515,-0.02000000000000135,-0.2132196162047073,1.705756929637528
2026-03-30,9.23,9.68,9.17,9.5,10410969.0,100942799.0,887050388.0,0.01173661512450632,0.14000000000000057,1.4957264957265126,5.448717948717947
2026-03-31,9.52,9.58,9.18,9.19,7652300.0,72834017.0,887050448.9999999,0.008626679585841686,-0.3100000000000005,-3.2631578947368456,4.210526315789478
2026-04-01,9.34,9.43,9.11,9.17,9242245.0,87276969.0,887050448.9999999,0.01041907482310513,-0.019999999999999574,-0.21762785636560977,3.4820457018498403
2026-04-02,9.17,9.2,8.64,8.84,16711883.0,150900032.0,887050448.9999999,0.01883983376462955,-0.33000000000000007,-3.598691384950925,6.10687022900762
2026-04-03,8.81,9.05,8.66,8.77,10383562.0,94074781.0,887050448.9999999,0.011705717540310948,-0.07000000000000028,-0.7918552036199178,4.4117647058823595
2026-04-07,8.79,9.39,8.79,9.32,18396165.0,172918391.0,887050448.9999999,0.02073857808283461,0.5500000000000007,6.271379703534796,6.841505131128865
2026-04-08,9.36,9.46,9.14,9.37,14188300.0,134636774.0,887050448.9999999,0.015994918909059706,0.049999999999998934,0.5364806866952732,3.433476394849788
2026-04-09,9.3,9.6,9.25,9.46,11938900.0,115855086.0,887050448.9999999,0.013459099212969342,0.09000000000000163,0.9605122732123883,3.7353255069370297
2026-04-10,9.54,9.68,9.51,9.59,8649520.0,84730773.0,887050448.9999999,0.009750877201799377,0.129999999999999,1.3742071881606588,1.7970401691331916
2026-04-13,9.59,9.61,9.21,9.34,10495820.0,100168254.0,887050448.9999999,0.011832269530816732,-0.25,-2.6068821689259614,4.171011470281528
2026-04-14,9.39,9.49,9.24,9.42,8415200.0,80556177.0,887050448.9999999,0.00948672086180298,0.08000000000000007,0.8565310492505418,2.676659528907923
2026-04-15,9.4,9.4,9.21,9.27,7298200.0,69228883.0,887050448.9999999,0.008227491467060855,-0.15000000000000036,-1.5923566878980888,2.016985138004241
2026-04-16,9.27,9.39,9.24,9.33,6023080.0,57439270.0,887050448.9999999,0.006790008400074662,0.0600000000000005,0.6472491909385258,1.6181229773462824
2026-04-17,9.33,9.37,9.21,9.26,7265693.0,68694845.0,887050448.9999999,0.008190845298811185,-0.07000000000000028,-0.7502679528403,1.7148981779206687
2026-04-20,9.25,9.32,9.17,9.25,5501300.0,52001927.0,887050448.9999999,0.0062017893189748,-0.009999999999999787,-0.10799136069113979,1.6198704103671746
2026-04-21,9.24,9.28,9.13,9.16,4560100.0,42751098.0,887050448.9999999,0.00514074481912584,-0.08999999999999986,-0.9729729729729741,1.6216216216216062
2026-04-22,9.19,9.25,9.07,9.1,5320300.0,49628980.0,887050448.9999999,0.005997742299773077,-0.0600000000000005,-0.6550218340611424,1.9650655021834031
2026-04-23,9.08,9.13,8.94,9.03,7199440.0,66485422.0,887050448.9999999,0.00811615619846217,-0.07000000000000028,-0.7692307692307776,2.087912087912102
2026-04-24,9.0,9.05,8.91,8.92,4745100.0,43491660.0,887050448.9999999,0.005349301164718762,-0.10999999999999943,-1.2181616832779518,1.5503875968992311
2026-04-27,9.0,9.0,8.69,8.88,8988220.0,81063699.0,887050448.9999999,0.010132704413974094,-0.03999999999999915,-0.4484304932735328,3.475336322869961
2026-04-28,8.73,8.92,8.73,8.86,7747012.0,69821011.0,887050448.9999999,0.008733451416132479,-0.02000000000000135,-0.22522522522524513,2.1396396396396336
2026-04-29,8.81,9.18,8.77,9.1,8817398.0,81252331.0,887050448.9999999,0.009940131375774774,0.2400000000000002,2.708803611738153,4.627539503386006
2026-04-30,9.02,9.06,8.84,8.88,7755793.0,70550303.0,887050448.9999999,0.008743350514892757,-0.21999999999999886,-2.417582417582409,2.4175824175824245
2026-05-06,8.9,9.15,8.9,9.0,9580232.0,87899705.0,887050448.9999999,0.010800098247850614,0.11999999999999922,1.3513513513513375,2.815315315315315
2026-05-07,8.91,9.02,8.87,8.95,5311520.0,48504133.0,887050448.9999999,0.005987844328344397,-0.05000000000000071,-0.5555555555555647,1.6666666666666705
2026-05-08,8.95,9.02,8.87,8.99,5440716.0,49738503.0,887050448.9999999,0.006133491061453711,0.040000000000000924,0.4469273743016755,1.6759776536312891
2026-05-11,8.99,8.99,8.88,8.95,4695939.0,42856548.0,887050448.9999999,0.005293880416039337,-0.040000000000000924,-0.444938820912133,1.2235817575083363
2026-05-12,8.99,8.99,8.83,8.84,5585900.0,50736220.0,887050448.9999999,0.006297161572148644,-0.10999999999999943,-1.229050279329602,1.7877094972067056
2026-05-13,8.81,8.89,8.78,8.81,5095100.0,45856230.0,887050448.9999999,0.005743867223948613,-0.02999999999999936,-0.33936651583709176,1.2443438914027285
2026-05-14,8.8,8.84,8.57,8.6,9109640.0,80484446.0,887050448.9999999,0.010269585016578918,-0.21000000000000085,-2.383654937570956,3.064699205448349
2026-05-15,8.6,8.71,8.56,8.58,5663000.0,49919595.0,887050448.9999999,0.006384078838338992,-0.019999999999999574,-0.23255813953487747,1.7441860465116321
2026-05-18,8.53,8.6,8.02,8.23,15597675.0,130921537.0,887050448.9999999,0.01758375187970848,-0.34999999999999964,-4.0792540792540795,6.75990675990676
2026-05-19,8.22,8.39,8.18,8.3,5651015.0,47841417.0,887050448.9999999,0.006370567769139364,0.07000000000000028,0.8505467800729027,2.551640340218722
2026-05-20,8.3,8.39,8.2,8.36,5001078.0,42404738.0,887050448.9999999,0.005637873252460302,0.05999999999999872,0.7228915662650381,2.2891566265060392
2026-05-21,8.37,9.1,8.33,8.68,25006102.0,225518401.0,887050448.9999999,0.02819016892239914,0.3200000000000003,3.8277511961722466,9.210526315789469
2026-05-22,8.76,8.76,8.44,8.49,8531700.0,74235475.0,887050448.9999999,0.009618054992946632,-0.1899999999999995,-2.188940092165892,3.6866359447004644
2026-05-25,8.5,8.66,8.33,8.49,7179764.0,62273258.0,887050448.9999999,0.008093974821943866,0.0,0.0,3.886925795053004
2026-05-26,8.49,8.54,8.27,8.36,7059200.0,60217259.0,887050448.9999999,0.007958059215186757,-0.13000000000000078,-1.531213191990588,3.1802120141342707
2026-05-27,8.32,8.64,8.1,8.47,10433604.0,89217076.0,887050448.9999999,0.011762131468128033,0.11000000000000121,1.3157894736842257,6.459330143540681
2026-05-28,8.37,8.52,8.27,8.34,5388900.0,46157591.0,887050942.0000001,0.0060750738710111185,-0.13000000000000078,-1.5348288075560879,2.9515938606847696
2026-05-29,8.42,8.66,8.31,8.56,10569831.0,92000405.0,887050942.0000001,0.011915697847260726,0.22000000000000064,2.6378896882494063,4.196642685851315
2026-06-01,8.66,8.7,8.48,8.59,8837000.0,77394173.0,887050942.0000001,0.009962223793005114,0.02999999999999936,0.3504672897196137,2.5700934579439116
2026-06-02,8.61,8.61,8.35,8.39,5608699.0,48456999.0,887050942.0000001,0.00632286009116261,-0.1999999999999993,-2.328288707799764,3.026775320139695
2026-06-03,8.39,8.4,8.24,8.36,3928819.0,33385693.0,887050942.0000001,0.004429079339166069,-0.030000000000001137,-0.35756853396902155,1.9070321811680588
2026-06-04,8.4,8.46,7.97,8.08,9054998.0,73430937.0,887050942.0000001,0.01020797969007737,-0.27999999999999936,-3.349282296650713,5.861244019138769
2026-06-05,8.08,8.3,8.0,8.12,4928537.0,40265160.0,887050942.0000001,0.005556092403089967,0.03999999999999915,0.4950495049504955,3.7128712871287215
2026-06-08,8.0,8.17,7.95,8.09,5171072.0,41592347.0,887050942.0000001,0.005829509620203976,-0.02999999999999936,-0.3694581280788145,2.709359605911327
2026-06-09,8.18,8.58,8.1,8.39,9451340.0,78936195.0,887050942.0000001,0.010654788301887626,0.3000000000000007,3.7082818294190467,5.933250927070462
2026-06-10,8.35,8.39,8.15,8.22,5304600.0,43720606.0,887050942.0000001,0.005980039870134087,-0.16999999999999993,-2.026221692491059,2.860548271752088
2026-06-11,8.22,8.22,8.04,8.09,4240400.0,34294399.0,887050942.0000001,0.004780334250521543,-0.13000000000000078,-1.5815085158150999,2.1897810218978284
2026-06-12,8.15,8.4,8.01,8.3,7084100.0,58534476.0,887050942.0000001,0.007986125333487328,0.21000000000000085,2.595797280593337,4.820766378244754
2026-06-15,8.36,8.65,8.25,8.33,8479800.0,71561428.0,887050942.0000001,0.00955954117007183,0.02999999999999936,0.3614457831325302,4.819277108433739
2026-06-16,8.46,8.46,8.06,8.1,7164800.0,58312985.0,887050942.0000001,0.008077100942867833,-0.23000000000000043,-2.7611044417767183,4.801920768307327
2026-06-17,8.01,8.07,7.83,7.86,8962584.0,70913125.0,887050942.0000001,0.010103798525699552,-0.23999999999999932,-2.962962962962956,2.962962962962966
2026-06-18,7.81,7.92,7.62,7.88,4819011.0,37506132.0,887050942.0000001,0.005432620351131986,0.019999999999999574,0.2544529262086481,3.8167938931297685
