date,open,high,low,close,volume,amount,outstanding_share,turnover,change,pct_chg,amplitude
2023-03-06,8.12,8.26,8.11,8.15,3293020.0,28394052.0,243678373.0,0.013513796729100781,,,
2023-03-07,8.18,8.18,7.99,8.01,3106151.0,26566931.0,243678373.0,0.012746929330490892,-0.14000000000000057,-1.717791411042957,2.331288343558276
2023-03-08,8.06,8.15,7.96,8.13,3656718.0,31395303.0,243678373.0,0.01500632967538732,0.120000000000001,1.4981273408239737,2.372034956304624
2023-03-09,8.13,8.24,8.12,8.19,2828300.0,24513976.0,243678373.0,0.011606692728533607,0.05999999999999872,0.7380073800737907,1.4760147601476137
2023-03-10,8.14,8.21,8.08,8.13,3198066.0,27533429.0,243678373.0,0.013124127351260673,-0.05999999999999872,-0.7326007326007189,1.587301587301597
2023-03-13,8.08,8.18,8.03,8.12,2450542.0,20979617.0,243678373.0,0.010056460775860481,-0.010000000000001563,-0.12300123001232066,1.845018450184506
2023-03-14,8.14,8.14,7.88,7.96,2756600.0,23303576.0,243678373.0,0.011312452418582095,-0.15999999999999925,-1.970443349753681,3.2019704433497624
2023-03-15,8.05,8.35,7.98,8.28,7885606.0,68754448.0,243678373.0,0.03236071343926775,0.3199999999999994,4.020100502512558,4.648241206030141
2023-03-16,8.19,8.19,8.05,8.09,4530464.0,38888056.0,243678373.0,0.018591982309402566,-0.1899999999999995,-2.2946859903381633,1.690821256038633
2023-03-17,8.11,8.15,8.0,8.03,3621301.0,30904192.0,243678373.0,0.01486098645282731,-0.0600000000000005,-0.7416563658838138,1.8541409147095222
2023-03-20,8.04,8.07,7.91,7.92,3258906.0,27477647.0,243678373.0,0.013373800718868062,-0.10999999999999943,-1.3698630136986245,1.9925280199252822
2023-03-21,7.96,8.13,7.88,8.13,3802496.0,32365302.0,243678373.0,0.0156045690603819,0.21000000000000085,2.6515151515151603,3.1565656565656677
2023-03-22,8.13,8.23,8.09,8.2,3435685.0,29748991.0,243678373.0,0.014099261078044049,0.06999999999999851,0.8610086100860892,1.7220172201722086
2023-03-23,8.18,8.22,8.11,8.19,2244600.0,19389381.0,243678373.0,0.009211322171787481,-0.009999999999999787,-0.12195121951219523,1.3414634146341613
2023-03-24,8.21,8.33,8.15,8.17,3256380.0,28291610.0,243678373.0,0.01336343459581454,-0.019999999999999574,-0.24420024420024333,2.1978021978021944
2023-03-27,8.23,8.23,7.99,8.07,2834880.0,24244116.0,243678373.0,0.011633695535220928,-0.09999999999999964,-1.2239902080783294,2.9375764993880074
2023-03-28,8.13,8.14,8.0,8.01,1907960.0,16277857.0,243678373.0,0.007829829034520022,-0.0600000000000005,-0.743494423791824,1.734820322180924
2023-03-29,8.01,8.46,8.01,8.3,7161434.0,62471756.0,243678373.0,0.02938887810121746,0.2900000000000009,3.6204744069912698,5.617977528089901
2023-03-30,8.3,8.35,7.99,8.06,6208890.0,53432536.0,243678373.0,0.025479856597696506,-0.2400000000000002,-2.8915662650602414,4.337349397590354
2023-03-31,8.04,8.12,7.95,8.09,4014500.0,34073028.0,243678373.0,0.016474584718275346,0.02999999999999936,0.3722084367245637,2.109181141439194
2023-04-03,8.15,8.71,8.14,8.64,14238303.0,128349267.0,243678373.0,0.05843072089126268,0.5500000000000007,6.798516687268252,7.045735475896171
2023-04-04,8.69,8.69,8.38,8.45,6708340.0,60085292.0,243678373.0,0.02752948453082457,-0.19000000000000128,-2.199074074074092,3.5879629629629477
2023-04-06,8.41,8.46,8.23,8.3,4859100.0,42823802.0,243678373.0,0.019940628871483807,-0.14999999999999858,-1.7751479289940697,2.721893491124266
2023-04-07,8.36,9.06,8.3,8.67,25918753.0,242921523.0,243678373.0,0.10636460134277079,0.3699999999999992,4.457831325301198,9.156626506024093
2023-04-10,8.83,8.88,8.52,8.64,8772031.0,80086142.0,243678373.0,0.03599839777328126,-0.02999999999999936,-0.34602076124566894,4.152249134948111
2023-04-11,8.64,8.68,8.45,8.58,5850553.0,53007731.0,243678373.0,0.02400932396245111,-0.0600000000000005,-0.6944444444444531,2.662037037037042
2023-04-12,8.62,8.69,8.52,8.63,7422872.0,67614883.0,243678373.0,0.030461759525946933,0.05000000000000071,0.5827505827505908,1.9813519813519804
2023-04-13,8.57,8.58,8.37,8.41,5057186.0,45280778.0,243678373.0,0.020753528258332554,-0.22000000000000064,-2.549246813441486,2.4333719582850617
2023-04-14,8.46,8.47,8.29,8.39,3765900.0,33405277.0,243678373.0,0.015454387492976243,-0.019999999999999574,-0.23781212841854638,2.140309155766962
2023-04-17,8.43,8.45,8.27,8.33,3349473.0,29521446.0,243678373.0,0.013745466857659953,-0.0600000000000005,-0.715137067938032,2.145411203814061
2023-04-18,8.37,8.38,8.03,8.09,6581910.0,56846190.0,243678373.0,0.027010644888046755,-0.2400000000000002,-2.881152460984393,4.201680672268925
2023-04-19,8.08,8.1,7.95,7.99,3722976.0,31474189.0,243678373.0,0.01527823726892661,-0.09999999999999964,-1.2360939431396711,1.8541409147095111
2023-04-20,8.0,8.23,7.78,8.12,6697820.0,56916438.0,243678373.0,0.027486312870284964,0.129999999999999,1.6270337922402955,5.632040050062581
2023-04-21,8.18,8.24,7.94,7.97,5132500.0,43932179.0,243678373.0,0.021062599593112023,-0.14999999999999947,-1.8472906403940836,3.6945812807881757
2023-04-24,7.93,8.15,7.92,8.1,2862004.0,24393382.0,243678373.0,0.011745006193060884,0.1299999999999999,1.6311166875784266,2.8858218318695164
2023-04-25,8.05,8.1,7.71,7.84,3317160.0,27601527.0,243678373.0,0.013612861737221137,-0.2599999999999998,-3.2098765432098775,4.814814814814811
2023-04-26,7.91,8.03,7.48,7.52,14373348.0,117279823.0,243678373.0,0.05898491451270483,-0.3200000000000003,-4.081632653061229,7.015306122448966
2023-04-27,7.48,7.62,7.42,7.59,6176222.0,49274022.0,243678373.0,0.025345794638902977,0.07000000000000028,0.9308510638297962,2.659574468085109
2023-04-28,7.6,7.92,7.6,7.84,7207978.0,59522189.0,243678373.0,0.029579883972715132,0.25,3.293807641633739,4.216073781291176
2023-05-04,7.8,8.06,7.76,8.04,4892880.0,41146337.0,243678373.0,0.02007925422253209,0.1999999999999993,2.5510204081632626,3.826530612244907
2023-05-05,8.12,8.13,7.96,8.09,2925151.0,24883097.0,243678373.0,0.01200414695808889,0.05000000000000071,0.6218905472636926,2.114427860696528
2023-05-08,8.12,8.15,8.03,8.05,3042946.0,26043888.0,243678373.0,0.012487550546802116,-0.03999999999999915,-0.49443757725585735,1.4833127317676267
2023-05-09,8.04,8.1,7.87,7.89,3313004.0,28030773.0,243678373.0,0.013595806469045983,-0.16000000000000103,-1.9875776397515699,2.857142857142851
2023-05-10,7.9,7.93,7.8,7.84,2477860.0,20569994.0,243678373.0,0.010168567565083012,-0.04999999999999982,-0.6337135614702172,1.647655259822559
2023-05-11,7.84,7.91,7.78,7.88,1680160.0,13940328.0,243678373.0,0.00689499022549695,0.040000000000000036,0.5102040816326481,1.6581632653061211
2023-05-12,7.88,7.88,7.77,7.79,1881000.0,15543343.0,243678373.0,0.007719191394962244,-0.08999999999999986,-1.1421319796954266,1.3959390862944203
2023-05-15,7.79,7.82,7.61,7.73,3278800.0,26723124.0,243678373.0,0.01345544111951207,-0.05999999999999961,-0.7702182284980652,2.69576379974326
2023-05-16,7.75,7.75,7.6,7.64,2679800.0,21673559.0,243678373.0,0.010997282881562903,-0.09000000000000075,-1.1642949547218673,1.940491591203109
2023-05-17,7.67,7.79,7.57,7.78,2531600.0,20631008.0,243678373.0,0.01038910416559618,0.14000000000000057,1.832460732984309,2.8795811518324577
2023-05-18,7.78,7.87,7.75,7.83,2263547.0,18721439.0,243678373.0,0.009289076302228923,0.04999999999999982,0.6426735218509005,1.5424164524421609
2023-05-19,7.81,7.81,7.71,7.79,1776640.0,14604919.0,243678373.0,0.00729092195637731,-0.040000000000000036,-0.5108556832694733,1.2771392081736863
2023-05-22,7.79,7.85,7.74,7.81,1607400.0,13261422.0,243678373.0,0.0065963999193313725,0.019999999999999574,0.25673940949935137,1.4120667522464625
2023-05-23,7.81,7.92,7.78,7.8,2718754.0,22598543.0,243678373.0,0.011157141138659852,-0.009999999999999787,-0.1280409731113874,1.792573623559535
2023-05-24,7.77,7.87,7.75,7.81,1840900.0,15246869.0,243678373.0,0.0075546302174300875,0.009999999999999787,0.12820512820512775,1.5384615384615399
2023-05-25,7.78,7.86,7.71,7.81,1756800.0,14452685.0,243678373.0,0.007209503159314019,0.0,0.0,1.9206145966709394
2023-05-26,7.78,7.88,7.75,7.87,2027800.0,16812697.0,243678373.0,0.008321624832910388,0.0600000000000005,0.768245838668391,1.6645326504481421
2023-05-29,7.89,7.93,7.82,7.85,2203440.0,18358538.0,243678373.0,0.009042410998041258,-0.020000000000000462,-0.2541296060991183,1.3977128335451008
2023-05-30,7.8,7.87,7.73,7.84,1787500.0,14768789.0,243678373.0,0.007335488898721431,-0.009999999999999787,-0.1273885350318471,1.783439490445856
2023-05-31,7.83,7.83,7.72,7.74,2075200.0,17063358.0,243678373.0,0.00851614353153942,-0.09999999999999964,-1.2755102040816313,1.4030612244898
2023-06-01,7.73,7.78,7.63,7.73,2402768.0,19627783.0,243678373.0,0.009860407267246487,-0.009999999999999787,-0.12919896640826156,1.9379844961240356
2023-06-02,7.72,7.78,7.7,7.73,1951960.0,15990284.0,243678373.0,0.008010394915103934,0.0,0.0,1.0349288486416566
2023-06-05,7.75,7.84,7.72,7.83,2557869.0,21138323.0,243678373.0,0.01049690610007479,0.09999999999999964,1.2936610608020649,1.552393272962485
2023-06-06,7.8,7.92,7.73,7.74,2801540.0,23244432.0,243678373.0,0.011496875842978482,-0.08999999999999986,-1.1494252873563204,2.4265644955300063
2023-06-07,7.76,7.79,7.68,7.79,1921940.0,15779958.0,243678373.0,0.007887199739305548,0.04999999999999982,0.6459948320413522,1.42118863049096
2023-06-08,7.78,7.87,7.74,7.84,2385500.0,19731637.0,243678373.0,0.009789543366657327,0.04999999999999982,0.6418485237484006,1.6688061617458265
2023-06-09,7.87,7.87,7.76,7.79,2017026.0,16667146.0,243678373.0,0.008277410814787408,-0.04999999999999982,-0.6377551020408156,1.4030612244898
2023-06-12,7.79,7.87,7.63,7.85,3414900.0,27976110.0,243678373.0,0.014013964218318218,0.05999999999999961,0.7702182284980763,3.0808729139923003
2023-06-13,7.82,7.86,7.76,7.82,2891190.0,23870796.0,243678373.0,0.011864778824668203,-0.02999999999999936,-0.3821656050955302,1.2738853503184782
2023-06-14,7.79,7.84,7.72,7.73,2196400.0,18019887.0,243678373.0,0.009013520457147832,-0.08999999999999986,-1.1508951406649648,1.5345268542199502
2023-06-15,7.77,7.78,7.67,7.71,2405488.0,19311924.0,243678373.0,0.009871569521682583,-0.020000000000000462,-0.2587322121604174,1.423027166882281
2023-06-16,7.71,7.85,7.71,7.77,2978600.0,24200910.0,243678373.0,0.012223489361528197,0.05999999999999961,0.7782101167315147,1.8158236057068702
2023-06-19,7.83,7.83,7.68,7.68,3224832.0,25923730.0,243678373.0,0.013233968859435875,-0.08999999999999986,-1.158301158301156,1.9305019305019353
2023-06-20,7.68,7.69,7.57,7.6,2852913.0,22637274.0,243678373.0,0.01170769881987024,-0.08000000000000007,-1.041666666666663,1.5625000000000013
2023-06-21,7.59,7.68,7.51,7.56,2675465.0,21126341.0,243678373.0,0.010979493038555374,-0.040000000000000036,-0.5263157894736858,2.236842105263157
2023-06-26,7.52,7.57,7.44,7.44,2241700.0,17499569.0,243678373.0,0.009199421238748996,-0.11999999999999922,-1.5873015873015817,1.7195767195767182
2023-06-27,7.43,7.74,7.43,7.73,4216700.0,33686006.0,243678373.0,0.017304367014958688,0.29000000000000004,3.897849462365599,4.166666666666673
2023-06-28,7.74,7.79,7.64,7.75,2190500.0,17609101.0,243678373.0,0.008989308214069534,0.019999999999999574,0.2587322121604174,1.940491591203109
2023-06-29,7.75,7.88,7.68,7.83,2504758.0,20440319.0,243678373.0,0.010278950770899967,0.08000000000000007,1.0322580645161228,2.580645161290325
2023-06-30,7.87,7.94,7.81,7.92,2433900.0,20066922.0,243678373.0,0.00998816583529963,0.08999999999999986,1.1494252873563093,1.6602809706258084
2023-07-03,7.93,8.05,7.92,7.98,2558200.0,21257626.0,243678373.0,0.010498264447949183,0.0600000000000005,0.7575757575757569,1.6414141414141512
2023-07-04,7.98,8.01,7.93,7.99,1575328.0,13102841.0,243678373.0,0.006464783807465753,0.009999999999999787,0.12531328320801727,1.0025062656641612
2023-07-05,8.0,8.04,7.97,7.99,1919000.0,16000367.0,243678373.0,0.007875134655466532,0.0,0.0,0.8760951188986158
2023-07-06,8.02,8.03,7.96,8.01,1529600.0,12750365.0,243678373.0,0.0062771266122989096,0.019999999999999574,0.25031289111387967,0.8760951188986158
2023-07-07,8.05,8.07,7.97,8.04,2001725.0,16759774.0,243678373.0,0.008214619029814354,0.02999999999999936,0.3745318352059934,1.2484394506866483
2023-07-10,8.06,8.09,7.98,8.01,1301800.0,10879309.0,243678373.0,0.005342287803275837,-0.02999999999999936,-0.3731343283582045,1.3681592039800925
2023-07-11,8.03,8.07,7.98,8.07,1712748.0,14336412.0,243678373.0,0.007028723882689417,0.0600000000000005,0.7490636704119868,1.1235955056179758
2023-07-12,8.06,8.09,7.97,7.98,1803556.0,15078060.0,243678373.0,0.007401379030054505,-0.08999999999999986,-1.115241635687736,1.4869888475836444
2023-07-13,8.05,8.22,8.03,8.11,3112800.0,26340177.0,243678373.0,0.012774215297309129,0.129999999999999,1.6290726817042467,2.380952380952397
2023-07-14,8.12,8.16,8.04,8.11,1500570.0,12667942.0,243678373.0,0.00615799416881366,0.0,0.0,1.4796547472256596
2023-07-17,8.06,8.18,7.98,8.18,1858725.0,15689619.0,243678373.0,0.007627779917916638,0.07000000000000028,0.8631319358816336,2.46609124537607
2023-07-18,8.14,8.21,8.08,8.19,1961683.0,16689602.0,243678373.0,0.008050295870942966,0.009999999999999787,0.12224938875304847,1.5892420537897407
2023-07-19,8.19,8.3,8.18,8.24,2528700.0,21715928.0,243678373.0,0.010377203232557697,0.05000000000000071,0.6105006105006083,1.4652014652014775
2023-07-20,8.22,8.27,8.13,8.15,2125600.0,18114892.0,243678373.0,0.008722973540208265,-0.08999999999999986,-1.0922330097087318,1.6990291262135777
2023-07-21,8.18,8.22,8.11,8.13,1754116.0,14889203.0,243678373.0,0.007198488640598401,-0.019999999999999574,-0.24539877300613355,1.3496932515337572
2023-07-24,8.22,8.28,8.13,8.19,2666040.0,22810744.0,243678373.0,0.010940815006180299,0.05999999999999872,0.7380073800737907,1.8450184501844842
2023-07-25,8.26,8.34,8.21,8.32,2793700.0,24174238.0,243678373.0,0.01146470228607444,0.13000000000000078,1.5873015873016039,1.5873015873015754
2023-07-26,8.33,8.42,8.28,8.36,2899088.0,25214193.0,243678373.0,0.011897190400233015,0.03999999999999915,0.48076923076922906,1.6826923076923146
2023-07-27,8.31,8.41,8.31,8.37,2302600.0,20062164.0,243678373.0,0.009449340832557183,0.009999999999999787,0.11961722488038617,1.1961722488038236
2023-07-28,8.37,8.41,8.29,8.39,3021811.0,26320550.0,243678373.0,0.01240081736757164,0.02000000000000135,0.2389486260454099,1.4336917562724134
2023-07-31,8.21,8.46,8.21,8.41,3828246.0,33468110.0,243678373.0,0.01571024113822362,0.019999999999999574,0.23837902264600697,2.9797377830750893
2023-08-01,8.44,8.47,8.37,8.42,2445324.0,21447938.0,243678373.0,0.010035047303931236,0.009999999999999787,0.11890606420927874,1.1890606420927636
2023-08-02,8.37,8.44,8.34,8.38,1682653.0,14704375.0,243678373.0,0.006905220924140035,-0.03999999999999915,-0.47505938242279333,1.1876484560570029
2023-08-03,8.32,8.4,8.31,8.34,2186378.0,18996736.0,243678373.0,0.008972392474074832,-0.040000000000000924,-0.4773269689737569,1.0739856801909289
2023-08-04,8.36,8.4,8.3,8.33,2637820.0,22971444.0,243678373.0,0.010825006616405798,-0.009999999999999787,-0.11990407673860837,1.199040767386087
2023-08-07,8.33,8.33,8.15,8.17,3985096.0,34110118.0,243678373.0,0.016353917464805134,-0.16000000000000014,-1.9207683073229287,2.160864345738292
2023-08-08,8.21,8.24,8.17,8.21,1899866.0,16242462.0,243678373.0,0.00779661312003261,0.040000000000000924,0.4895960832313362,0.8567931456548383
2023-08-09,8.18,8.22,8.1,8.15,1798800.0,15282609.0,243678373.0,0.00738186149987139,-0.0600000000000005,-0.730816077953722,1.4616321559074419
2023-08-10,8.19,8.22,8.13,8.18,1931545.0,16439312.0,243678373.0,0.007926616450283013,0.02999999999999936,0.36809815950920033,1.1042944785276054
2023-08-11,8.18,8.22,8.05,8.06,2338200.0,19817806.0,243678373.0,0.009595435045029622,-0.11999999999999922,-1.4669926650366705,2.078239608801955
2023-08-14,8.06,8.15,7.98,8.15,1904418.0,15991554.0,243678373.0,0.007815293481133018,0.08999999999999986,1.1166253101736912,2.109181141439205
2023-08-15,8.14,8.17,8.05,8.08,2102621.0,17758858.0,243678373.0,0.008628673009073317,-0.07000000000000028,-0.8588957055214785,1.4723926380368002
2023-08-16,8.09,8.13,8.03,8.06,1715200.0,14443095.0,243678373.0,0.007038786326761957,-0.019999999999999574,-0.24752475247524774,1.2376237623762552
2023-08-17,8.03,8.25,7.95,8.23,2617321.0,22181129.0,243678373.0,0.010740883434903762,0.16999999999999993,2.109181141439209,3.7220843672456554
2023-08-18,8.18,8.25,8.11,8.11,2759566.0,23552858.0,243678373.0,0.011324624200441457,-0.120000000000001,-1.4580801944107047,1.7010935601458148
2023-08-21,8.1,8.28,8.06,8.14,3099093.0,26500295.0,243678373.0,0.012717964921737228,0.030000000000001137,0.36991368680643344,2.712700369913673
2023-08-22,8.21,8.26,7.9,8.02,4029146.0,33724323.0,243678373.0,0.01653468853388971,-0.120000000000001,-1.4742014742014864,4.422604422604415
2023-08-23,8.06,8.08,7.79,7.91,2801119.0,23131019.0,243678373.0,0.011495148155802895,-0.10999999999999943,-1.3715710723191998,3.6159600997506236
2023-08-24,7.95,8.0,7.75,7.83,2665000.0,21759910.0,243678373.0,0.010936547085366496,-0.08000000000000007,-1.0113780025284513,3.16055625790139
2023-08-25,7.79,7.96,7.69,7.72,2840000.0,23104433.0,243678373.0,0.011654706837688874,-0.11000000000000032,-1.4048531289910682,3.44827586206896
2023-08-28,8.11,8.16,7.87,7.89,4621355.0,38536325.0,243678373.0,0.018964978069678756,0.16999999999999993,2.2020725388601115,3.7564766839378247
2023-08-29,7.92,8.26,7.9,8.25,4342400.0,36900970.0,243678373.0,0.01782021090562682,0.3600000000000003,4.562737642585546,4.562737642585544
2023-08-30,8.26,8.29,8.18,8.2,1999340.0,17122690.0,243678373.0,0.008204831538332702,-0.05000000000000071,-0.60606060606061,1.3333333333333264
2023-08-31,8.22,8.24,8.11,8.16,1941600.0,16541250.0,243678373.0,0.00796787985776645,-0.03999999999999915,-0.4878048780487698,1.5853658536585464
2023-09-01,8.24,8.24,8.15,8.19,1943898.0,16579636.0,243678373.0,0.007977310321256946,0.02999999999999936,0.3676470588235281,1.1029411764705863
2023-09-04,8.25,8.32,8.19,8.31,2495983.0,21562991.0,243678373.0,0.010242940189033517,0.120000000000001,1.4652014652014822,1.587301587301597
2023-09-05,8.32,8.32,8.17,8.23,3367000.0,28812263.0,243678373.0,0.013817393634682549,-0.08000000000000007,-0.9626955475330989,1.8050541516245528
2023-09-06,8.22,8.3,8.15,8.25,2251646.0,19335519.0,243678373.0,0.009240237335300987,0.019999999999999574,0.2430133657351119,1.82260024301337
2023-09-07,8.24,8.3,8.16,8.16,2266300.0,19436819.0,243678373.0,0.009300373981075456,-0.08999999999999986,-1.0909090909090868,1.6969696969697037
2023-09-08,8.16,8.24,8.14,8.16,2233000.0,19055481.0,243678373.0,0.009163718439633541,0.0,0.0,1.225490196078427
2023-09-11,8.22,8.22,8.06,8.19,2774653.0,23607416.0,243678373.0,0.011386537778631672,0.02999999999999936,0.3676470588235281,1.960784313725492
2023-09-12,8.19,8.22,8.14,8.14,1515636.0,12894170.0,243678373.0,0.0062198215678335965,-0.049999999999998934,-0.6105006105005972,0.9768009768009777
2023-09-13,8.14,8.22,8.04,8.1,2098040.0,17735878.0,243678373.0,0.008609873638642523,-0.040000000000000924,-0.49140049140050657,2.21130221130223
2023-09-14,8.15,8.15,7.91,7.98,2101283.0,17511224.0,243678373.0,0.008623182164795561,-0.11999999999999922,-1.4814814814814725,2.962962962962966
2023-09-15,8.03,8.13,7.96,8.04,2026400.0,17010428.0,243678373.0,0.008315879554891808,0.05999999999999872,0.7518796992481036,2.1303258145363513
2023-09-18,8.01,8.2,7.98,8.13,2312092.0,19564723.0,243678373.0,0.00948829381752315,0.09000000000000163,1.1194029850746468,2.736318407960185
2023-09-19,8.12,8.17,8.07,8.11,1893535.0,16024080.0,243678373.0,0.007770632152078592,-0.02000000000000135,-0.24600246002461912,1.2300123001229968
2023-09-20,8.09,8.24,8.09,8.15,2692152.0,22940130.0,243678373.0,0.011047972648766823,0.040000000000000924,0.4932182490752224,1.8495684340320637
2023-09-21,8.12,8.22,7.97,8.01,1973905.0,16609442.0,243678373.0,0.00810045214804516,-0.14000000000000057,-1.717791411042957,3.067484662576698
2023-09-22,8.01,8.22,7.97,8.22,2116376.0,17954049.0,243678373.0,0.008685120365605856,0.21000000000000085,2.621722846441954,3.1210986267166154
2023-09-25,8.24,8.27,8.13,8.16,2178923.0,18582417.0,243678373.0,0.0089417988686259,-0.0600000000000005,-0.7299270072992803,1.7031630170316152
2023-09-26,8.18,8.19,7.97,8.04,3139447.0,26393589.0,243678373.0,0.012883568456852755,-0.120000000000001,-1.4705882352941346,2.696078431372546
2023-09-27,8.03,8.11,7.89,8.04,3452972.0,28891915.0,243678373.0,0.01417020295026346,0.0,0.0,2.736318407960196
2023-09-28,8.14,8.24,8.04,8.22,3014977.0,25715272.0,243678373.0,0.012372772203300948,0.1800000000000015,2.2388059701492713,2.48756218905474
2023-10-09,8.2,8.2,7.96,7.98,3968022.0,33079785.0,243678373.0,0.01628384969559855,-0.2400000000000002,-2.919708029197088,2.919708029197072
2023-10-10,7.98,8.02,7.92,7.97,3277002.0,27226977.0,243678373.0,0.01344806254102821,-0.010000000000000675,-0.12531328320802837,1.253132832080196
2023-10-11,7.96,7.99,7.88,7.92,3260677.0,26963006.0,243678373.0,0.013381068495561565,-0.04999999999999982,-0.6273525721455453,1.3801756587202048
2023-10-12,7.93,7.98,7.8,7.98,2154096.0,17772778.0,243678373.0,0.008839914570506428,0.0600000000000005,0.7575757575757569,2.2727272727272805
2023-10-13,7.93,7.97,7.79,7.82,1887700.0,15430827.0,243678373.0,0.007746686654051158,-0.16000000000000014,-2.0050125313283207,2.2556390977443574
2023-10-16,7.78,7.91,7.78,7.86,2225196.0,18190822.0,243678373.0,0.009131692618449976,0.040000000000000036,0.5115089514066584,1.6624040920716097
2023-10-17,7.91,7.99,7.85,7.94,3123730.0,25757210.0,243678373.0,0.012819069503554178,0.08000000000000007,1.0178117048346147,1.781170483460567
2023-10-18,7.95,7.95,7.76,7.76,1918530.0,15672713.0,243678373.0,0.007873205883560294,-0.1800000000000006,-2.267002518891692,2.392947103274564
2023-10-19,7.75,7.92,7.7,7.72,2257426.0,18313886.0,243678373.0,0.009263957125977692,-0.040000000000000036,-0.5154639175257714,2.8350515463917496
2023-10-20,7.66,7.8,7.66,7.68,2929220.0,23569766.0,243678373.0,0.012020845198272888,-0.040000000000000036,-0.5181347150259086,1.8134715025906696
2023-10-23,7.68,7.73,7.45,7.5,3337238.0,26199051.0,243678373.0,0.013695257231547586,-0.17999999999999972,-2.34375,3.645833333333337
2023-10-24,7.46,7.81,7.46,7.78,3372592.0,27131955.0,243678373.0,0.01384034191659676,0.28000000000000025,3.733333333333344,4.666666666666662
2023-10-25,7.84,8.03,7.84,8.0,4544147.0,37777643.0,243678373.0,0.01864813419449415,0.21999999999999975,2.8277634961439535,2.4421593830334127
2023-10-26,7.99,7.99,7.79,7.89,3338263.0,27365832.0,243678373.0,0.013699463595811189,-0.11000000000000032,-1.375000000000004,2.500000000000002
2023-10-27,7.88,7.97,7.82,7.91,2082295.0,17178849.0,243678373.0,0.008545259779783576,0.020000000000000462,0.25348542458809575,1.9011406844106398
2023-10-30,7.87,8.0,7.83,7.95,2451495.0,20318309.0,243678373.0,0.01006037166868313,0.040000000000000036,0.5056890012642201,2.149178255372945
2023-10-31,7.98,8.04,7.92,7.98,2171513.0,18079003.0,243678373.0,0.008911389932827564,0.03000000000000025,0.37735849056603765,1.509433962264141
2023-11-01,7.98,8.13,7.97,8.11,2883600.0,24287795.0,243678373.0,0.011833631210267478,0.129999999999999,1.6290726817042467,2.0050125313283336
2023-11-02,8.11,8.12,8.02,8.08,1737896.0,14625567.0,243678373.0,0.007131925490983149,-0.02999999999999936,-0.36991368680640013,1.233045622688035
2023-11-03,8.02,8.16,8.02,8.1,2323040.0,19631712.0,243678373.0,0.009533221891628437,0.019999999999999574,0.24752475247524774,1.7326732673267398
2023-11-06,8.14,8.18,8.07,8.12,2281700.0,19305031.0,243678373.0,0.009363572039279826,0.019999999999999574,0.24691358024691024,1.3580246913580178
2023-11-07,8.11,8.16,8.06,8.12,2575100.0,21788667.0,243678373.0,0.010567618161173457,0.0,0.0,1.2315270935960547
2023-11-08,8.13,8.17,8.06,8.14,2094400.0,17745643.0,243678373.0,0.008594935915794218,0.02000000000000135,0.24630541871923928,1.3546798029556582
2023-11-09,8.16,8.21,8.13,8.18,2087520.0,17768276.0,243678373.0,0.008566701978102916,0.03999999999999915,0.49140049140048436,0.9828009828009836
2023-11-10,8.18,8.2,8.09,8.17,1787600.0,15171698.0,243678373.0,0.007335899275722758,-0.009999999999999787,-0.12224938875304847,1.3447432762836116
2023-11-13,8.22,8.36,8.18,8.35,3903540.0,33723171.0,243678373.0,0.016019230397602828,0.17999999999999972,2.2031823745410017,2.2031823745410004
2023-11-14,8.36,8.38,8.23,8.28,2589066.0,22364691.0,243678373.0,0.010624931413178797,-0.07000000000000028,-0.8383233532934131,1.796407185628747
2023-11-15,8.32,8.34,8.23,8.3,1837430.0,15875032.0,243678373.0,0.007540390135484038,0.02000000000000135,0.24154589371983004,1.3285024154589304
2023-11-16,8.3,8.33,8.24,8.3,1659459.0,14345892.0,243678373.0,0.0068100380824522334,0.0,0.0,1.0843373493975885
2023-11-17,8.26,8.37,8.25,8.32,1926646.0,16694646.0,243678373.0,0.007906512080988,0.019999999999999574,0.24096385542167198,1.445783132530111
2023-11-20,8.32,8.39,8.31,8.34,1952312.0,16982632.0,243678373.0,0.008011839442148606,0.019999999999999574,0.24038461538460343,0.9615384615384623
2023-11-21,8.37,8.38,8.27,8.27,1933580.0,16780817.0,243678373.0,0.007934967622260019,-0.07000000000000028,-0.8393285371702697,1.3189448441247147
2023-11-22,8.27,8.38,8.27,8.3,2821164.0,24502307.0,243678373.0,0.011577408225718906,0.030000000000001137,0.36275695284160303,1.3301088270858672
2023-11-23,8.3,8.37,8.25,8.35,2230083.0,19363598.0,243678373.0,0.00915174774250483,0.049999999999998934,0.6024096385542022,1.445783132530111
2023-11-24,8.35,8.38,8.25,8.28,2464900.0,21350735.0,243678373.0,0.010115382705711023,-0.07000000000000028,-0.8383233532934131,1.5568862275449196
2023-11-27,8.25,8.33,8.16,8.25,2403242.0,20657249.0,243678373.0,0.009862352454232776,-0.02999999999999936,-0.36231884057970065,2.053140096618357
2023-11-28,8.22,8.48,8.21,8.42,5269077.0,46081398.0,243678373.0,0.0216230801902145,0.16999999999999993,2.0606060606060517,3.2727272727272676
2023-11-29,8.46,8.46,8.28,8.35,3578740.0,31176508.0,243678373.0,0.014686325897292494,-0.07000000000000028,-0.8313539192399078,2.1377672209026306
2023-11-30,8.36,8.37,8.26,8.31,2374300.0,20562095.0,243678373.0,0.009743581142508695,-0.03999999999999915,-0.4790419161676551,1.317365269461071
2023-12-01,8.31,8.43,8.31,8.4,2665300.0,23306264.0,243678373.0,0.010937778216370478,0.08999999999999986,1.0830324909747224,1.4440433212996295
2023-12-04,8.44,8.61,8.38,8.54,3966900.0,35177045.0,243678373.0,0.01627924526564366,0.1399999999999988,1.6666666666666607,2.7380952380952217
2023-12-05,8.53,8.53,8.42,8.47,3260300.0,28845419.0,243678373.0,0.013379521374266562,-0.06999999999999851,-0.8196721311475197,1.2880562060889864
2023-12-06,8.47,9.04,8.43,8.67,11385488.0,103778977.0,243678373.0,0.04672342424085374,0.1999999999999993,2.3612750885477984,7.201889020070832
2023-12-07,8.79,8.87,8.5,8.56,9993642.0,89666251.0,243678373.0,0.04101160836296293,-0.10999999999999943,-1.2687427912341342,4.267589388696646
2023-12-08,8.61,8.97,8.45,8.48,12948644.0,116259145.0,243678373.0,0.05313825695971797,-0.08000000000000007,-0.9345794392523366,6.074766355140202
2023-12-11,8.41,8.58,8.26,8.46,9058960.0,80009941.0,243678373.0,0.037175888399419016,-0.019999999999999574,-0.2358490566037652,3.7735849056603805
2023-12-12,8.44,8.67,8.27,8.65,8202887.0,72380515.0,243678373.0,0.0336627616928483,0.1899999999999995,2.245862884160754,4.72813238770686
2023-12-13,8.71,8.99,8.65,8.81,11459437.0,104974940.0,243678373.0,0.0470268939295651,0.16000000000000014,1.8497109826589586,3.930635838150287
2023-12-14,8.8,8.88,8.66,8.79,5888900.0,53818208.0,243678373.0,0.024166691231150006,-0.02000000000000135,-0.227014755959154,2.497162315550518
2023-12-15,8.81,8.83,8.64,8.71,4991806.0,45248605.0,243678373.0,0.020485223774864912,-0.0799999999999983,-0.91012514220703,2.1615472127417465
2023-12-18,8.7,8.73,8.55,8.58,4051900.0,36394008.0,243678373.0,0.016628065716771674,-0.13000000000000078,-1.4925373134328401,2.0665901262916155
2023-12-19,8.62,8.64,8.44,8.53,3645942.0,32348546.0,243678373.0,0.014962107449724314,-0.05000000000000071,-0.5827505827505908,2.331002331002343
2023-12-20,8.63,8.76,8.54,8.58,4049543.0,36558092.0,243678373.0,0.016618393130850395,0.05000000000000071,0.5861664712778492,2.5791324736225163
2023-12-21,8.54,8.61,8.38,8.56,3635542.0,32200625.0,243678373.0,0.014919428241586298,-0.019999999999999574,-0.2331002331002252,2.6806526806526647
2023-12-22,8.57,8.62,8.38,8.45,3574500.0,31661636.0,243678373.0,0.014668925912436227,-0.11000000000000121,-1.2850467289719725,2.803738317756991
2023-12-25,8.42,8.49,8.31,8.35,2619500.0,22851961.0,243678373.0,0.01074982554976268,-0.09999999999999964,-1.1834319526627168,2.130177514792896
2023-12-26,8.38,8.39,8.26,8.3,2181200.0,18923221.0,243678373.0,0.008951143152946118,-0.049999999999998934,-0.5988023952095634,1.5568862275449196
2023-12-27,8.34,8.51,8.25,8.42,2131304.0,18577285.0,243678373.0,0.008746381444363962,0.11999999999999922,1.4457831325301207,3.1325301204819254
2023-12-28,8.37,8.57,8.32,8.49,2599240.0,22937919.0,243678373.0,0.010666683169293813,0.07000000000000028,0.8313539192399189,2.969121140142518
2023-12-29,8.46,8.65,8.46,8.64,2305300.0,20653661.0,243678373.0,0.009460421011593015,0.15000000000000036,1.7667844522968323,2.237926972909299
2024-01-02,8.62,8.79,8.62,8.71,3206126.0,29147561.0,243678373.0,0.013157203737567635,0.07000000000000028,0.810185185185186,1.9675925925925917
2024-01-03,8.71,8.8,8.65,8.76,3105800.0,28263351.0,243678373.0,0.012745488907216235,0.049999999999998934,0.5740528128587608,1.722158438576353
2024-01-04,8.78,8.89,8.75,8.86,4410984.0,40523432.0,243678373.0,0.018101663868216978,0.09999999999999964,1.1415525114155223,1.5981735159817416
2024-01-05,8.8,8.88,8.61,8.66,4508400.0,40975706.0,243678373.0,0.01850143672782976,-0.1999999999999993,-2.2573363431151128,3.047404063205433
2024-01-08,8.68,8.72,8.51,8.56,2679800.0,24024350.0,243678373.0,0.010997282881562903,-0.09999999999999964,-1.1547344110854452,2.4249422632794557
2024-01-09,8.62,8.71,8.54,8.66,2661600.0,23958070.0,243678373.0,0.010922594267321376,0.09999999999999964,1.1682242990654235,1.9859813084112345
2024-01-10,8.62,8.69,8.51,8.54,2438200.0,21813127.0,243678373.0,0.010005812046356696,-0.120000000000001,-1.3856812933025542,2.0785219399538075
2024-01-11,8.57,8.64,8.51,8.64,2497326.0,22341357.0,243678373.0,0.01024845155216134,0.10000000000000142,1.1709601873536535,1.5222482435597282
2024-01-12,8.66,8.74,8.6,8.62,1977200.0,17861905.0,243678373.0,0.008113974070238889,-0.02000000000000135,-0.23148148148149916,1.620370370370377
2024-01-15,8.59,8.75,8.53,8.69,2856464.0,25785336.0,243678373.0,0.011722271307187363,0.07000000000000028,0.8120649651972123,2.552204176334114
2024-01-16,8.69,8.74,8.5,8.64,2762702.0,24787498.0,243678373.0,0.011337493623203073,-0.049999999999998934,-0.575373993095496,2.7617951668584606
2024-01-17,8.65,8.65,8.39,8.4,2398700.0,21277737.0,243678373.0,0.009843713130832502,-0.2400000000000002,-2.777777777777779,3.009259259259257
2024-01-18,8.42,8.42,8.01,8.23,3483600.0,29716458.0,243678373.0,0.014295893218229917,-0.16999999999999993,-2.0238095238095277,4.880952380952382
2024-01-19,8.28,8.33,8.07,8.12,2615982.0,22298766.0,243678373.0,0.010735388486855992,-0.11000000000000121,-1.3365735115431487,3.1591737545564977
2024-01-22,8.16,8.16,7.49,7.58,3707700.0,30115433.0,243678373.0,0.015215548078203887,-0.5399999999999991,-6.6502463054187055,8.251231527093596
2024-01-23,7.51,7.58,7.18,7.37,5292671.0,40402776.0,243678373.0,0.02171990453990761,-0.20999999999999996,-2.770448548812665,5.277044854881271
2024-01-24,7.35,7.58,7.26,7.57,3995747.0,31027220.0,243678373.0,0.01639762671921648,0.20000000000000018,2.7137042062415295,4.341926729986436
2024-01-25,7.58,8.15,7.57,8.13,4945000.0,40847056.0,243678373.0,0.020293142715623762,0.5600000000000005,7.397622192866593,7.661822985468956
2024-01-26,8.16,8.44,8.15,8.41,6281956.0,54574513.0,243678373.0,0.025779702657486143,0.27999999999999936,3.444034440344401,3.5670356703566926
2024-01-29,8.37,8.46,8.04,8.06,4267402.0,36411301.0,243678373.0,0.017512436362171542,-0.34999999999999964,-4.161712247324612,4.994054696789556
2024-01-30,7.94,8.05,7.72,7.74,3353300.0,27560342.0,243678373.0,0.013761171985500741,-0.3200000000000003,-3.970223325062039,4.094292803970235
2024-01-31,7.82,7.82,7.04,7.04,6162539.0,46943347.0,243678373.0,0.025289642753811393,-0.7000000000000002,-9.043927648578808,10.077519379844963
2024-02-01,6.95,7.03,6.46,6.77,9610142.0,67114090.0,243678373.0,0.039437812562873605,-0.27000000000000046,-3.835227272727282,8.096590909090914
2024-02-02,6.75,6.89,6.09,6.28,9271914.0,62356610.0,243678373.0,0.03804980263882507,-0.4899999999999993,-7.237813884785815,11.816838995568684
2024-02-05,6.19,6.19,5.65,5.65,8931250.0,52918249.0,243678373.0,0.03665179593102421,-0.6299999999999999,-10.031847133757966,8.598726114649683
2024-02-06,5.3,5.6,5.09,5.3,11708169.0,63544221.0,243678373.0,0.048047632852505955,-0.35000000000000053,-6.194690265486735,9.026548672566367
2024-02-07,5.31,5.36,4.84,4.96,11917822.0,62888333.0,243678373.0,0.0489080005470982,-0.33999999999999986,-6.41509433962264,9.81132075471699
2024-02-08,5.0,5.46,4.9,5.46,8685903.0,47676202.0,243678373.0,0.03564494826957828,0.5,10.080645161290324,11.290322580645155
2024-02-19,5.57,6.01,5.5,5.87,10873825.0,64871951.0,243678373.0,0.0446236769645536,0.41000000000000014,7.509157509157505,9.340659340659336
2024-02-20,5.92,5.93,5.76,5.88,5509163.0,33489529.0,243678373.0,0.022608337917620618,0.009999999999999787,0.17035775127767216,2.896081771720612
2024-02-21,5.84,6.35,5.78,6.08,6343871.0,40520220.0,243678373.0,0.026033787577857802,0.20000000000000018,3.401360544217691,9.693877551020398
2024-02-22,6.05,6.38,6.02,6.35,5266295.0,34105076.0,243678373.0,0.02161166350203758,0.2699999999999996,4.4407894736842035,5.921052631578952
2024-02-23,6.35,6.5,6.29,6.47,7255580.0,48283997.0,243678373.0,0.029775231632886846,0.1200000000000001,1.8897637795275646,3.3070866141732282
2024-02-26,6.45,6.66,6.41,6.55,6024840.0,41038678.0,243678373.0,0.024724557726754026,0.08000000000000007,1.2364760432766575,3.863987635239567
2024-02-27,6.53,6.79,6.5,6.79,4077110.0,28327309.0,243678373.0,0.01673152175880623,0.2400000000000002,3.6641221374045907,4.427480916030535
2024-02-28,6.77,7.0,6.1,6.15,8983471.0,61684845.0,243678373.0,0.03686609890488722,-0.6399999999999997,-9.425625920471282,13.254786450662746
2024-02-29,6.0,6.53,5.92,6.53,7991342.0,52529854.0,243678373.0,0.03279462966539094,0.3799999999999999,6.178861788617884,9.918699186991875
2024-03-01,6.54,6.73,6.4,6.55,6521146.0,44426954.0,243678373.0,0.026761283406960372,0.019999999999999574,0.3062787136294043,5.053598774885146
2024-03-04,6.48,6.55,6.23,6.39,3809924.0,25337641.0,243678373.0,0.015635051864040475,-0.16000000000000014,-2.442748091603053,4.885496183206098
2024-03-05,6.36,6.37,6.08,6.08,4706400.0,30322012.0,243678373.0,0.019313983190457365,-0.3099999999999996,-4.851330203442872,4.538341158059469
2024-03-06,6.08,6.26,6.05,6.2,3739919.0,23968509.0,243678373.0,0.015347767444261457,0.1200000000000001,1.9736842105263275,3.453947368421052
2024-03-07,6.24,6.35,6.16,6.2,3676690.0,24004376.0,243678373.0,0.015088290170092361,0.0,0.0,3.06451612903225
2024-03-08,6.19,6.33,6.18,6.31,2644639.0,17258794.0,243678373.0,0.010852990224126292,0.10999999999999943,1.7741935483870819,2.4193548387096833
2024-03-11,6.31,6.4,6.27,6.4,3144319.0,20766572.0,243678373.0,0.01290356202435741,0.09000000000000075,1.4263074484944571,2.060221870047556
2024-03-12,6.42,6.5,6.36,6.48,3187820.0,21379933.0,243678373.0,0.0130820801237047,0.08000000000000007,1.2499999999999956,2.187499999999995
2024-03-13,6.52,6.6,6.42,6.54,3225200.0,21897459.0,243678373.0,0.013235479046800759,0.05999999999999961,0.92592592592593,2.7777777777777732
2024-03-14,6.57,6.66,6.4,6.52,2831726.0,19247650.0,243678373.0,0.011620752244599072,-0.020000000000000462,-0.3058103975535187,3.975535168195715
2024-03-15,6.48,6.71,6.46,6.69,3182900.0,21880253.0,243678373.0,0.013061889575239408,0.17000000000000082,2.6073619631902023,3.834355828220859
2024-03-18,6.72,6.86,6.7,6.86,3179936.0,22487522.0,243678373.0,0.013049726000920074,0.16999999999999993,2.5411061285500747,2.3916292974588957
2024-03-19,6.86,6.93,6.81,6.84,2958544.0,21156396.0,243678373.0,0.01214118415014204,-0.020000000000000462,-0.291545189504383,1.7492711370262406
2024-03-20,6.84,6.97,6.79,6.97,2567000.0,18421163.0,243678373.0,0.010534377624065965,0.1299999999999999,1.9005847953216248,2.6315789473684172
2024-03-21,6.96,7.23,6.85,7.16,5860146.0,43045345.0,243678373.0,0.02404869142818842,0.1900000000000004,2.7259684361549574,5.45193687230991
2024-03-22,7.18,7.25,6.85,6.91,5882868.0,42860267.0,243678373.0,0.024141937290429957,-0.25,-3.4916201117318413,5.586592178770954
2024-03-25,6.86,6.93,6.68,6.69,5071200.0,35892269.0,243678373.0,0.020811038491298527,-0.21999999999999975,-3.183791606367581,3.61794500723589
2024-03-26,6.7,6.8,6.59,6.73,3716100.0,25915664.0,243678373.0,0.015250019746315362,0.040000000000000036,0.5979073243647326,3.1390134529147975
2024-03-27,6.75,6.75,6.53,6.53,2903700.0,20095977.0,243678373.0,0.01191611698753422,-0.20000000000000018,-2.9717682020802383,3.2689450222882575
2024-03-28,6.53,6.77,6.51,6.68,3468300.0,24122195.0,243678373.0,0.014233105537026874,0.14999999999999947,2.297090352220521,3.981623277182232
2024-03-29,6.72,7.11,6.72,6.98,7349656.0,53135280.0,243678373.0,0.030161297900655304,0.3000000000000007,4.491017964071875,5.838323353293422
2024-04-01,6.97,7.17,6.95,7.14,5403020.0,39759949.0,243678373.0,0.02217275145710202,0.15999999999999925,2.2922636103151817,3.1518624641833775
2024-04-02,7.17,7.27,7.12,7.22,5184795.0,38922881.0,243678373.0,0.021277206245956016,0.08000000000000007,1.1204481792717047,2.1008403361344463
2024-04-03,7.17,7.27,7.13,7.24,3614568.0,27112534.0,243678373.0,0.014833355769327957,0.020000000000000462,0.27700831024930483,1.939058171745148
2024-04-08,7.19,7.24,6.96,6.96,4009800.0,29617126.0,243678373.0,0.016455296999212974,-0.28000000000000025,-3.8674033149171283,3.8674033149171305
2024-04-09,6.93,7.08,6.89,7.08,3060586.0,22393726.0,243678373.0,0.012559941049836211,0.1200000000000001,1.724137931034475,2.72988505747127
2024-04-10,7.07,7.07,6.82,6.94,3552770.0,25688902.0,243678373.0,0.014579750990047853,-0.13999999999999968,-1.9774011299435013,3.531073446327684
2024-04-11,6.82,7.08,6.79,6.99,3204129.0,23332980.0,243678373.0,0.013149008508851132,0.04999999999999982,0.7204610951008661,4.178674351585014
2024-04-12,7.01,7.6,7.0,7.07,7563950.0,56656142.0,243678373.0,0.031040711191879143,0.08000000000000007,1.1444921316166035,8.583690987124458
2024-04-15,7.01,7.14,6.52,6.65,9378614.0,65922377.0,243678373.0,0.038487674899241056,-0.41999999999999993,-5.940594059405935,8.769448373408771
2024-04-16,6.55,6.57,5.99,5.99,8606864.0,55186710.0,243678373.0,0.035320590391499374,-0.6600000000000001,-9.924812030075191,8.721804511278195
2024-04-17,6.23,6.58,6.12,6.53,7049267.0,47280470.0,243678373.0,0.028928570530138923,0.54,9.015025041736235,7.679465776293822
2024-04-18,6.5,6.68,6.37,6.52,4928271.0,33527362.0,243678373.0,0.020224490747071756,-0.010000000000000675,-0.15313935681471325,4.747320061255737
2024-04-19,6.47,6.65,6.43,6.53,4400001.0,29995072.0,243678373.0,0.01805659216216123,0.010000000000000675,0.15337423312884457,3.374233128834366
2024-04-22,6.48,6.52,6.22,6.37,3908400.0,25914307.0,243678373.0,0.016039174719867322,-0.16000000000000014,-2.450229709035223,4.5941807044410385
2024-04-23,6.34,6.55,6.34,6.5,2810400.0,18983065.0,243678373.0,0.01153323524529606,0.1299999999999999,2.0408163265306145,3.296703296703296
2024-04-24,6.55,6.72,6.51,6.69,3393300.0,23471481.0,243678373.0,0.01392532278603157,0.1900000000000004,2.9230769230769393,3.23076923076923
2024-04-25,6.71,6.82,6.69,6.8,3017268.0,21296121.0,243678373.0,0.01238217394040135,0.10999999999999943,1.6442451420029869,1.9431988041853496
2024-04-26,6.57,6.69,6.32,6.63,6461728.0,44156807.0,243678373.0,0.02651744560031185,-0.16999999999999993,-2.500000000000002,5.441176470588236
2024-04-29,6.56,6.73,6.55,6.72,4225700.0,29370384.0,243678373.0,0.017341300945078124,0.08999999999999986,1.3574660633484115,2.7149321266968416
2024-04-30,6.73,6.79,6.45,6.55,4659442.0,31958335.0,243678373.0,0.019121278358174197,-0.16999999999999993,-2.529761904761907,5.0595238095238075
2024-05-06,6.58,6.8,6.58,6.78,3655111.0,25578271.0,243678373.0,0.014999734916975992,0.23000000000000043,3.511450381679393,3.3587786259541943
2024-05-07,6.79,6.84,6.72,6.82,3076442.0,21778628.0,243678373.0,0.012625010427166633,0.040000000000000036,0.5899705014749346,1.7699115044247802
2024-05-08,6.8,6.87,6.71,6.72,2887542.0,20382581.0,243678373.0,0.011849808271659792,-0.10000000000000053,-1.4662756598240567,2.346041055718477
2024-05-09,6.71,6.9,6.7,6.84,2484000.0,17675364.0,243678373.0,0.010193764712964494,0.1200000000000001,1.7857142857142794,2.976190476190479
2024-05-10,6.87,6.94,6.73,6.76,2822934.0,19966544.0,243678373.0,0.011584671898642396,-0.08000000000000007,-1.1695906432748537,3.0701754385964906
2024-05-13,6.69,6.74,6.55,6.63,3097734.0,21457508.0,243678373.0,0.012712387898289193,-0.1299999999999999,-1.9230769230769162,2.8106508875739706
2024-05-14,6.67,6.75,6.63,6.73,1697110.0,11860036.0,243678373.0,0.00696454912722189,0.10000000000000053,1.5082956259427016,1.8099547511312233
2024-05-15,6.75,6.8,6.65,6.68,2192500.0,15392202.0,243678373.0,0.008997515754096077,-0.05000000000000071,-0.7429420505200679,2.2288261515601704
2024-05-16,6.75,6.86,6.7,6.84,3019600.0,21425827.0,243678373.0,0.012391743932072298,0.16000000000000014,2.39520958083832,2.3952095808383254
2024-05-17,6.84,6.91,6.78,6.9,2634000.0,18789118.0,243678373.0,0.010809330214955105,0.0600000000000005,0.8771929824561431,1.900584795321636
2024-05-20,6.86,6.92,6.85,6.87,2617773.0,18779345.0,243678373.0,0.01074273833894976,-0.03000000000000025,-0.43478260869566077,1.0144927536231925
2024-05-21,6.81,6.88,6.75,6.76,1971240.0,13928192.0,243678373.0,0.008089515600959794,-0.11000000000000032,-1.6011644832605532,1.8922852983988339
2024-05-22,6.75,6.8,6.74,6.78,1895200.0,13370011.0,243678373.0,0.007777464929150688,0.020000000000000462,0.2958579881656931,0.8875739644970357
2024-05-23,6.73,6.77,6.55,6.57,3190700.0,22017412.0,243678373.0,0.01309389898134292,-0.20999999999999996,-3.0973451327433676,3.244837758112091
2024-05-24,6.55,6.65,6.52,6.54,1738600.0,11950741.0,243678373.0,0.007134814545072492,-0.03000000000000025,-0.45662100456621557,1.9786910197869219
2024-05-27,6.56,6.63,6.36,6.56,2880791.0,19422638.0,243678373.0,0.0118221037203002,0.019999999999999574,0.3058103975535076,4.1284403669724705
2024-05-28,6.56,6.57,6.43,6.45,1953940.0,13237669.0,243678373.0,0.00801852037973021,-0.10999999999999943,-1.6768292682926789,2.1341463414634236
2024-05-29,6.45,6.58,6.42,6.54,1758220.0,11949583.0,243678373.0,0.007215330512732864,0.08999999999999986,1.3953488372093092,2.480620155038762
2024-05-30,6.54,6.57,6.45,6.52,1721995.0,11707903.0,243678373.0,0.007066671444002131,-0.020000000000000462,-0.3058103975535187,1.8348623853211024
2024-05-31,6.47,6.55,6.45,6.53,1192180.0,8081928.0,243678373.0,0.0048924325344211,0.010000000000000675,0.15337423312884457,1.5337423312883383
2024-06-03,6.54,6.55,6.14,6.27,3910380.0,25665247.0,243678373.0,0.016047300184493598,-0.2600000000000007,-3.9816232771822446,6.278713629402759
2024-06-04,6.24,6.25,6.06,6.23,2083640.0,13349027.0,243678373.0,0.008550779350451424,-0.03999999999999915,-0.6379585326953596,3.0303030303030365
2024-06-05,6.23,6.27,6.09,6.11,1545100.0,9857307.0,243678373.0,0.006340735047504605,-0.1200000000000001,-1.9261637239165297,2.8892455858747947
2024-06-06,6.11,6.18,5.84,5.84,3685810.0,22805422.0,243678373.0,0.015125716552613392,-0.27000000000000046,-4.418985270049102,5.564648117839605
2024-06-07,5.96,6.23,5.94,6.17,2581948.0,16079780.0,243678373.0,0.010595720778224335,0.33000000000000007,5.650684931506844,4.965753424657534
2024-06-11,6.13,6.19,6.0,6.15,1767074.0,10961112.0,243678373.0,0.007251665292430363,-0.019999999999999574,-0.32414910858994395,3.0794165316045445
2024-06-12,6.1,6.25,6.1,6.22,1304482.0,8280004.0,243678373.0,0.005353294114451429,0.0699999999999994,1.1382113821138073,2.439024390243908
2024-06-13,6.22,6.3,6.11,6.14,1257600.0,7922530.0,243678373.0,0.005160901168689271,-0.08000000000000007,-1.2861736334405127,3.054662379421214
2024-06-14,6.13,6.2,6.02,6.16,1087600.0,6800737.0,238685877.0,0.00455661647714498,0.020000000000000462,0.32573289902280145,2.931596091205222
2024-06-17,6.16,6.19,6.05,6.08,1162683.0,7236681.0,238685877.0,0.004871184732894774,-0.08000000000000007,-1.2987012987012991,2.272727272727282
2024-06-18,6.08,6.21,6.07,6.19,1140700.0,7150835.0,238685877.0,0.0047790846041552764,0.11000000000000032,1.8092105263157965,2.3026315789473633
2024-06-19,6.23,6.26,6.16,6.18,1021100.0,6464500.0,238685877.0,0.004278007617518149,-0.010000000000000675,-0.1615508885298933,1.6155088852988633
2024-06-20,6.19,6.19,6.02,6.04,1575100.0,9764902.0,238685877.0,0.006599049846589792,-0.13999999999999968,-2.265372168284785,2.7508090614886864
2024-06-21,6.04,6.16,6.0,6.1,1044100.0,6478093.0,238685877.0,0.004374368576486828,0.05999999999999961,0.9933774834437026,2.6490066225165587
2024-06-24,6.08,6.12,5.8,5.83,2041063.0,12270216.0,238685877.0,0.008551251651977716,-0.2699999999999996,-4.426229508196711,5.245901639344267
2024-06-25,5.8,5.94,5.8,5.87,1577317.0,9462875.0,238685877.0,0.00660833820511299,0.040000000000000036,0.6861063464836947,2.401372212692977
2024-06-26,5.87,6.03,5.79,6.03,1282300.0,7752441.0,238685877.0,0.005372332942849401,0.16000000000000014,2.7257240204429323,4.088586030664399
2024-06-27,6.03,6.08,5.92,5.97,1239300.0,7603228.0,238685877.0,0.005192179845647089,-0.0600000000000005,-0.9950248756218971,2.6533996683250436
2024-06-28,5.97,6.07,5.94,5.98,1188800.0,7291083.0,238685877.0,0.004980604696607165,0.010000000000000675,0.16750418760469454,2.1775544388609696
2024-07-01,6.04,6.05,5.93,6.03,1161266.0,7092584.0,238685877.0,0.004865248059900922,0.04999999999999982,0.836120401337781,2.006688963210704
2024-07-02,6.03,6.11,5.99,6.1,1403420.0,8696477.0,238685877.0,0.005879778131992284,0.0699999999999994,1.1608623548921893,1.9900497512437827
2024-07-03,6.09,6.11,6.03,6.05,921700.0,5703788.0,238685877.0,0.0038615606904969916,-0.04999999999999982,-0.8196721311475419,1.3114754098360668
2024-07-04,6.05,6.06,5.8,5.84,1699046.0,10233625.0,238685877.0,0.007118334864865088,-0.20999999999999996,-3.4710743801652844,4.297520661157021
2024-07-05,5.83,5.92,5.7,5.91,1058300.0,6317760.0,238685877.0,0.004433860994632707,0.07000000000000028,1.1986301369863117,3.7671232876712284
2024-07-08,5.9,5.9,5.67,5.7,1272280.0,7461662.0,238685877.0,0.00533035308159435,-0.20999999999999996,-3.5532994923857864,3.8917089678511068
2024-07-09,5.7,5.74,5.52,5.73,1845132.0,10629680.0,238685877.0,0.007730377780165016,0.03000000000000025,0.5263157894736858,3.8596491228070287
2024-07-10,5.68,5.74,5.59,5.62,1155000.0,6663727.0,238685877.0,0.004838995982992324,-0.11000000000000032,-1.919720767888311,2.617801047120425
2024-07-11,5.7,5.8,5.67,5.79,1435566.0,8429480.0,238685877.0,0.006014457235775202,0.16999999999999993,3.0249110320284656,2.313167259786475
2024-07-12,5.83,5.9,5.7,5.76,1350482.0,7994627.0,238685877.0,0.00565798872130168,-0.03000000000000025,-0.5181347150259086,3.4542314335060476
2024-07-15,5.76,5.76,5.59,5.61,1272956.0,7330074.0,238685877.0,0.005333185255866647,-0.14999999999999947,-2.604166666666663,2.951388888888888
2024-07-16,5.61,5.66,5.54,5.59,1182788.0,6731203.0,238685877.0,0.004955416779854134,-0.020000000000000462,-0.35650623885918886,2.1390374331550817
2024-07-17,5.54,5.61,5.5,5.57,934618.0,5297434.0,238685877.0,0.003915682032582095,-0.019999999999999574,-0.3577817531305816,1.9677996422182524
2024-07-18,5.56,5.56,5.4,5.53,1134720.0,6340585.0,238685877.0,0.00475403075482342,-0.040000000000000036,-0.7181328545781018,2.8725314183123745
2024-07-19,5.51,5.59,5.49,5.53,883705.0,4997218.0,238685877.0,0.003702376575887647,0.0,0.0,1.80831826401446
2024-07-22,5.53,5.6,5.49,5.54,845400.0,4776972.0,238685877.0,0.0035418936831356804,0.009999999999999787,0.1808318264014508,1.9891500904159027
2024-07-23,5.53,5.62,5.48,5.48,1341632.0,7602575.0,238685877.0,0.005620910700133297,-0.05999999999999961,-1.0830324909747224,2.5270758122743624
2024-07-24,5.44,5.54,5.38,5.4,1242612.0,6889945.0,238685877.0,0.0052060558237385784,-0.08000000000000007,-1.4598540145985384,2.9197080291970825
2024-07-25,5.4,5.53,5.36,5.45,1079920.0,6000971.0,238685877.0,0.004524440296063264,0.04999999999999982,0.92592592592593,3.1481481481481466
2024-07-26,5.46,5.59,5.45,5.58,1149600.0,6511422.0,238685877.0,0.0048163721056692435,0.1299999999999999,2.3853211009174258,2.568807339449535
2024-07-29,5.63,5.63,5.53,5.6,1282220.0,7308198.0,238685877.0,0.005371997774296466,0.019999999999999574,0.35842293906809264,1.7921146953404954
2024-07-30,5.6,5.64,5.55,5.64,943520.0,5402456.0,238685877.0,0.003952977913309886,0.040000000000000036,0.7142857142857117,1.6071428571428545
2024-07-31,5.65,5.81,5.64,5.81,1688500.0,9903999.0,238685877.0,0.0070741512703744935,0.16999999999999993,3.014184397163122,3.0141843971631195
2024-08-01,5.82,5.87,5.8,5.85,1197980.0,7136725.0,238685877.0,0.005019065288056402,0.040000000000000036,0.6884681583476882,1.2048192771084387
2024-08-02,5.83,5.83,5.71,5.74,1334417.0,7857654.0,238685877.0,0.005590682686265514,-0.10999999999999943,-1.8803418803418737,2.0512820512820533
2024-08-05,5.73,5.79,5.61,5.61,1303988.0,7584038.0,238685877.0,0.005463197137549953,-0.1299999999999999,-2.2648083623693416,3.1358885017421554
2024-08-06,5.68,5.73,5.63,5.72,1149600.0,6674384.0,238685877.0,0.0048163721056692435,0.10999999999999943,1.9607843137254832,1.7825311942959097
2024-08-07,5.8,5.8,5.69,5.75,883921.0,5190696.0,238685877.0,0.00370328153098057,0.03000000000000025,0.5244755244755206,1.9230769230769131
2024-08-08,5.75,5.81,5.68,5.78,1039340.0,6096882.0,238685877.0,0.004354426047587223,0.03000000000000025,0.521739130434784,2.2608695652173894
2024-08-09,5.77,5.83,5.73,5.73,929600.0,5476157.0,238685877.0,0.003894658585099277,-0.04999999999999982,-0.865051903114189,1.7301038062283676
2024-08-12,5.79,5.79,5.7,5.73,757200.0,4436656.0,238685877.0,0.0031723703535253573,0.0,0.0,1.5706806282722487
2024-08-13,5.79,5.82,5.68,5.8,1001121.0,5888803.0,238685877.0,0.004194303461029661,0.0699999999999994,1.2216404886561838,2.4432809773124005
2024-08-14,5.82,5.87,5.77,5.8,1196200.0,7109336.0,238685877.0,0.005011607787753609,0.0,0.0,1.7241379310344922
2024-08-15,5.77,5.84,5.7,5.82,1229500.0,7261011.0,238685877.0,0.005151121697912609,0.020000000000000462,0.34482758620690834,2.4137931034482705
2024-08-16,5.82,5.85,5.73,5.77,1294800.0,7659986.0,238685877.0,0.0054247030292454215,-0.05000000000000071,-0.85910652920963,2.0618556701030792
2024-08-19,5.74,5.8,5.7,5.74,1308985.0,7673036.0,238685877.0,0.005484132603287626,-0.02999999999999936,-0.5199306759098632,1.733102253032923
2024-08-20,5.74,5.76,5.63,5.65,1402200.0,8123816.0,238685877.0,0.0058746668115600325,-0.08999999999999986,-1.5679442508710784,2.264808362369336
2024-08-21,5.73,5.81,5.65,5.69,3676504.0,21497197.0,238685877.0,0.015403106569225292,0.040000000000000036,0.707964601769917,2.8318584070796327
2024-08-22,5.64,5.74,5.61,5.61,1807600.0,10455498.0,238685877.0,0.00757313345355578,-0.08000000000000007,-1.405975395430581,2.2847100175746906
2024-08-23,5.6,5.64,5.47,5.6,1494603.0,8487224.0,238685877.0,0.006261799059020153,-0.010000000000000675,-0.17825311942960553,3.030303030303029
2024-08-26,5.6,5.79,5.6,5.75,2478046.0,14481286.0,238685877.0,0.010382038649065105,0.15000000000000036,2.6785714285714413,3.3928571428571503
2024-08-27,5.76,5.78,5.65,5.75,1628804.0,9498531.0,238685877.0,0.006824048496174745,0.0,0.0,2.2608695652173894
2024-08-28,5.72,5.83,5.68,5.77,1517646.0,8926285.0,238685877.0,0.006358340171086034,0.019999999999999574,0.3478260869565153,2.6086956521739193
2024-08-29,5.77,5.87,5.7,5.83,1780700.0,10514705.0,238685877.0,0.007460433027631543,0.0600000000000005,1.0398613518197708,2.9462738301559783
2024-08-30,5.83,6.0,5.8,5.89,2941183.0,17748291.0,238685877.0,0.012322400625320617,0.05999999999999961,1.0291595197255532,3.430531732418528
2024-09-02,5.88,5.98,5.84,5.85,2155866.0,13011394.0,238685877.0,0.009032231094259506,-0.040000000000000036,-0.6791171477079749,2.3769100169779387
2024-09-03,5.88,5.94,5.81,5.86,1556400.0,9325253.0,238685877.0,0.006520704197341345,0.010000000000000675,0.17094017094019254,2.2222222222222356
2024-09-04,5.84,5.87,5.77,5.8,1585300.0,9411963.0,238685877.0,0.006641783837088945,-0.0600000000000005,-1.0238907849829393,1.7064846416382344
2024-09-05,5.8,5.89,5.79,5.88,1007286.0,6010910.0,238685877.0,0.004220132387640178,0.08000000000000007,1.379310344827589,1.7241379310344769
2024-09-06,5.9,5.92,5.74,5.75,1360400.0,8079501.0,238685877.0,0.005699541242651739,-0.1299999999999999,-2.2108843537414935,3.0612244897959133
2024-09-09,5.71,5.84,5.69,5.81,1278821.0,7536889.0,238685877.0,0.00535775730040366,0.05999999999999961,1.043478260869568,2.6086956521739038
2024-09-10,5.79,5.88,5.73,5.87,1344922.0,7989540.0,238685877.0,0.0056346945068727295,0.0600000000000005,1.0327022375215211,2.5817555938037775
2024-09-11,5.85,5.89,5.77,5.81,958186.0,5687858.0,238685877.0,0.004014422688276609,-0.0600000000000005,-1.0221465076661107,2.0442930153321996
2024-09-12,5.8,5.87,5.78,5.81,1283300.0,7646865.0,238685877.0,0.005376522549761082,0.0,0.0,1.5490533562822695
2024-09-13,5.81,5.89,5.73,5.74,1837198.0,10912602.0,238685877.0,0.007697137438927733,-0.0699999999999994,-1.2048192771084265,2.753872633390693
2024-09-18,5.75,5.81,5.5,5.63,1905400.0,10913214.0,238685877.0,0.007982877009518247,-0.11000000000000032,-1.9163763066202155,5.400696864111492
2024-09-19,5.69,5.88,5.67,5.85,2669077.0,15820203.0,238685877.0,0.011182383447010566,0.21999999999999975,3.9076376554173953,3.7300177619893424
2024-09-20,5.83,5.89,5.78,5.81,1348200.0,7999507.0,238685877.0,0.005648428038329222,-0.040000000000000036,-0.6837606837606813,1.880341880341871
2024-09-23,5.78,5.86,5.74,5.84,1182000.0,7006884.0,238685877.0,0.004952115369607729,0.03000000000000025,0.5163511187607606,2.065404475043031
2024-09-24,5.84,6.0,5.83,6.0,1694698.0,10227601.0,238685877.0,0.007100118454013096,0.16000000000000014,2.7397260273972712,2.910958904109588
2024-09-25,6.04,6.15,6.0,6.0,2517198.0,15596458.0,238685877.0,0.010546070138871266,0.0,0.0,2.500000000000006
2024-09-26,6.0,6.14,6.0,6.14,2157500.0,13375576.0,238685877.0,0.009039076911953195,0.13999999999999968,2.3333333333333206,2.3333333333333277
2024-09-27,6.19,6.35,6.13,6.32,2039637.0,12960291.0,238685877.0,0.008545277272521658,0.1800000000000006,2.931596091205213,3.5830618892508106
2024-09-30,6.54,6.86,6.32,6.75,8487431.0,57313889.0,238685877.0,0.03555899958002123,0.4299999999999997,6.803797468354422,8.544303797468354
2024-10-08,7.37,7.43,6.86,7.08,11224111.0,81981141.0,238685877.0,0.047024613023082217,0.33000000000000007,4.888888888888898,8.444444444444436
2024-10-09,6.8,6.93,6.45,6.45,7027797.0,47846014.0,238685877.0,0.029443706885095677,-0.6299999999999999,-8.898305084745761,6.779661016949145
2024-10-10,6.47,6.8,6.39,6.65,5611991.0,38021845.0,238685877.0,0.023512036281895306,0.20000000000000018,3.100775193798455,6.356589147286824
2024-10-11,6.65,6.69,6.42,6.48,3740308.0,25065913.0,238685877.0,0.015670420248618228,-0.16999999999999993,-2.556390977443612,4.060150375939856
2024-10-14,6.5,6.63,6.45,6.56,2977236.0,19887299.0,238685877.0,0.012473448523307477,0.07999999999999918,1.2345679012345512,2.7777777777777732
2024-10-15,6.53,6.63,6.5,6.51,2428850.0,16255659.0,238685877.0,0.010175926747438014,-0.04999999999999982,-0.7621951219512146,1.9817073170731694
2024-10-16,6.46,6.67,6.32,6.66,3348200.0,22525798.0,238685877.0,0.014027641861692555,0.15000000000000036,2.304147465437789,5.3763440860215
2024-10-17,6.69,6.77,6.62,6.64,3165690.0,21598330.0,238685877.0,0.013262996704241534,-0.020000000000000462,-0.30030030030030463,2.2522522522522443
2024-10-18,6.6,6.76,6.56,6.7,3457464.0,23519327.0,238685877.0,0.01448541507129054,0.0600000000000005,0.9036144578313365,3.012048192771087
2024-10-21,6.72,6.76,6.66,6.69,3303464.0,22587379.0,238685877.0,0.013840215606891563,-0.009999999999999787,-0.14925373134327957,1.4925373134328304
2024-10-22,6.69,6.78,6.61,6.74,3339182.0,22935388.0,238685877.0,0.013989859986563009,0.04999999999999982,0.7473841554558991,2.541106128550074
2024-10-23,6.75,6.81,6.73,6.77,3081660.0,21298061.0,238685877.0,0.012910944035452922,0.02999999999999936,0.4451038575667532,1.1869436201780295
2024-10-24,6.74,6.79,6.71,6.79,2140421.0,14759466.0,238685877.0,0.008967522615508584,0.020000000000000462,0.2954209748892156,1.1816838995568697
2024-10-25,6.75,6.95,6.75,6.95,4423613.0,31112129.0,238685877.0,0.01853319959940487,0.16000000000000014,2.356406480117812,2.9455081001472783
2024-10-28,6.95,7.15,6.91,7.13,4645023.0,33487190.0,238685877.0,0.019460820465720306,0.17999999999999972,2.5899280575539585,3.453237410071945
2024-10-29,7.14,7.22,6.92,6.98,4021504.0,28901875.0,238685877.0,0.016848520953755466,-0.14999999999999947,-2.103786816269282,4.207573632538567
2024-10-30,6.95,7.1,6.86,7.0,3351240.0,23926593.0,238685877.0,0.014040378266704066,0.019999999999999574,0.2865329512893977,3.43839541547277
2024-10-31,6.99,7.18,6.99,7.12,3533748.0,25586363.0,238685877.0,0.014805015044941264,0.1200000000000001,1.7142857142857126,2.7142857142857073
2024-11-01,7.13,7.18,6.87,6.91,3837400.0,27328271.0,238685877.0,0.016077197562887224,-0.20999999999999996,-2.94943820224719,4.353932584269658
2024-11-04,6.96,7.08,6.78,7.06,2701257.0,19291209.0,238685877.0,0.011317204997428483,0.14999999999999947,2.170767004341534,4.341534008683065
2024-11-05,7.07,7.18,7.02,7.14,3705573.0,26836370.0,238685877.0,0.015524894252540966,0.08000000000000007,1.1331444759206777,2.266288951841362
2024-11-06,7.13,7.19,7.04,7.15,3888820.0,28329155.0,238685877.0,0.016292627150285895,0.010000000000000675,0.1400560224089631,2.1008403361344588
2024-11-07,7.16,7.37,7.11,7.34,5849507.0,43333997.0,238685877.0,0.024507134957130288,0.1899999999999995,2.657342657342654,3.6363636363636336
2024-11-08,7.35,7.39,7.18,7.26,3874781.0,28723663.0,238685877.0,0.0162338092588528,-0.08000000000000007,-1.0899182561307952,2.8610354223433236
2024-11-11,7.27,7.37,7.23,7.37,3790160.0,28253379.0,238685877.0,0.015879280532379383,0.11000000000000032,1.5151515151515138,1.9283746556473784
2024-11-12,7.39,7.5,7.27,7.32,3765800.0,28380855.0,238685877.0,0.015777221708010818,-0.04999999999999982,-0.6784260515603768,3.1207598371777534
2024-11-13,7.33,7.44,7.18,7.4,3424466.0,25576448.0,238685877.0,0.014347166422418869,0.08000000000000007,1.0928961748633892,3.5519125683060198
2024-11-14,7.39,7.46,7.18,7.2,3319026.0,24737817.0,238685877.0,0.013905414269651153,-0.20000000000000018,-2.7027027027027084,3.783783783783787
2024-11-15,7.18,7.32,7.08,7.1,3200157.0,23570178.0,238685877.0,0.013407399885666466,-0.10000000000000053,-1.388888888888895,3.333333333333336
2024-11-18,7.12,7.8,7.0,7.49,16257191.0,124059009.0,238685877.0,0.06811123977812898,0.39000000000000057,5.492957746478888,11.267605633802814
2024-11-19,7.37,7.61,7.17,7.46,11734672.0,87752582.0,238685877.0,0.049163662917517316,-0.03000000000000025,-0.4005340453938633,5.874499332443263
2024-11-20,7.57,8.2,7.57,8.2,20760321.0,169661632.0,238685877.0,0.08697758435033004,0.7399999999999993,9.919571045576392,8.445040214477197
2024-11-21,8.68,8.68,7.87,8.06,31792245.0,265469768.0,238685877.0,0.13319700938987689,-0.1399999999999988,-1.7073170731707221,9.8780487804878
2024-11-22,7.97,8.55,7.64,7.65,23192541.0,190867192.0,238685877.0,0.09716763007306042,-0.41000000000000014,-5.0868486352357305,11.290322580645174
2024-11-25,7.68,7.8,7.31,7.61,16298863.0,125814236.0,238685877.0,0.06828582907735258,-0.040000000000000036,-0.5228758169934622,6.405228758169937
2024-11-26,7.68,7.72,7.35,7.42,12408884.0,94727012.0,238685877.0,0.05198834617265604,-0.1900000000000004,-2.4967148488830526,4.862023653088043
2024-11-27,7.42,7.46,7.17,7.45,7798020.0,58436571.0,238685877.0,0.032670638489431865,0.03000000000000025,0.40431266846361336,3.908355795148249
2024-11-28,7.48,7.72,7.42,7.58,7241407.0,55936774.0,238685877.0,0.030338648817499998,0.1299999999999999,1.744966442953011,4.02684563758389
2024-11-29,7.5,7.77,7.46,7.76,11895047.0,93004145.0,238685877.0,0.049835571125978265,0.17999999999999972,2.37467018469657,4.089709762532976
2024-12-02,7.72,7.8,7.67,7.78,10424418.0,82367769.0,238685877.0,0.04367421370305877,0.020000000000000462,0.2577319587628857,1.6752577319587614
2024-12-03,7.78,7.85,7.72,7.82,6196440.0,49295975.0,238685877.0,0.025960647851820742,0.040000000000000036,0.5141388174807249,1.6709511568123379
2024-12-04,7.82,7.82,7.61,7.66,5730666.0,45129031.0,238685877.0,0.024009237882139125,-0.16000000000000014,-2.0460358056266004,2.68542199488491
2024-12-05,7.62,7.73,7.6,7.72,3570300.0,28023088.0,238685877.0,0.014958153556777052,0.05999999999999961,0.7832898172323688,1.6971279373368249
2024-12-06,7.72,7.82,7.71,7.77,4131337.0,32727717.0,238685877.0,0.0173086780496862,0.04999999999999982,0.6476683937823857,1.4248704663212477
2024-12-09,7.77,7.86,7.65,7.79,4439900.0,35135044.0,238685877.0,0.01860143572717543,0.020000000000000462,0.2574002574002643,2.7027027027027026
2024-12-10,7.94,8.02,7.73,7.76,5759077.0,46099617.0,238685877.0,0.024128268804106914,-0.03000000000000025,-0.38510911424903815,3.7227214377406823
2024-12-11,7.76,7.98,7.74,7.93,5408711.0,43464073.0,238685877.0,0.022660372988888657,0.16999999999999993,2.1907216494845283,3.092783505154642
2024-12-12,7.93,8.11,7.84,8.1,6228553.0,50933849.0,238685877.0,0.026095188698575578,0.16999999999999993,2.1437578814627933,3.404791929382088
2024-12-13,8.07,8.1,7.95,8.0,3890025.0,31883125.0,238685877.0,0.016297675626614473,-0.09999999999999964,-1.2345679012345623,1.8518518518518454
2024-12-16,7.99,8.25,7.98,8.25,8656320.0,72334118.0,238685877.0,0.03626657810172824,0.25,3.125,3.3749999999999947
2024-12-17,8.23,8.31,8.0,8.12,9728918.0,80743267.0,238685877.0,0.04076034209598417,-0.13000000000000078,-1.575757575757586,3.7575757575757636
2024-12-18,8.14,8.48,7.69,8.41,12932843.0,107735761.0,238685877.0,0.05418352842049385,0.2900000000000009,3.571428571428581,9.729064039408868
2024-12-19,8.26,8.78,8.25,8.52,17839877.0,155580721.0,238685877.0,0.07474207198275079,0.10999999999999943,1.3079667063020217,6.302021403091549
2024-12-20,8.51,8.82,8.47,8.69,13601185.0,120383762.0,238685877.0,0.056983618683061,0.16999999999999993,1.9953051643192499,4.1079812206572734
2024-12-23,8.62,8.72,8.23,8.27,10433067.0,90112868.0,238685877.0,0.0437104496132379,-0.41999999999999993,-4.833141542002306,5.638665132336021
2024-12-24,8.27,8.45,8.05,8.43,8259802.0,69735609.0,238685877.0,0.03460532354832205,0.16000000000000014,1.93470374848852,4.836759371221265
2024-12-25,8.36,8.43,8.06,8.23,7610474.0,64039104.0,238685877.0,0.03188489447157362,-0.1999999999999993,-2.3724792408066353,4.38908659549228
2024-12-26,8.14,8.5,8.14,8.22,6647520.0,56531233.0,238685877.0,0.02785049573754211,-0.009999999999999787,-0.12150668286755595,4.37424058323207
2024-12-27,8.35,8.67,8.23,8.4,6952204.0,59816273.0,238685877.0,0.029127001929820925,0.17999999999999972,2.1897810218977964,5.352798053527974
2024-12-30,8.4,8.59,8.18,8.5,6216149.0,53506597.0,238685877.0,0.026043220814443078,0.09999999999999964,1.1904761904761862,4.880952380952382
2024-12-31,8.49,8.56,8.07,8.17,8424765.0,71315709.0,238685877.0,0.035296453673293794,-0.33000000000000007,-3.88235294117647,5.764705882352944
2025-01-02,8.13,8.39,7.97,8.08,6514810.0,54434881.0,238685877.0,0.027294493004292833,-0.08999999999999986,-1.1015911872705009,5.140758873929019
2025-01-03,8.05,8.37,7.67,7.7,8342927.0,66874810.0,238685877.0,0.03495358462285559,-0.3799999999999999,-4.702970297029707,8.663366336633654
2025-01-06,7.7,7.72,7.35,7.53,4467600.0,34306205.0,238685877.0,0.01871748783862901,-0.16999999999999993,-2.207792207792203,4.805194805194807
2025-01-07,7.55,8.28,7.52,8.11,12720459.0,103575879.0,238685877.0,0.053293722946163254,0.5799999999999992,7.702523240371839,10.092961487383795
2025-01-08,8.18,8.18,7.7,7.92,9673600.0,78187068.0,238685877.0,0.040528581420843764,-0.1899999999999995,-2.3427866831072675,5.918618988902584
2025-01-09,7.95,8.02,7.77,7.78,4636800.0,37206774.0,238685877.0,0.01942636932808555,-0.13999999999999968,-1.7676767676767624,3.1565656565656566
2025-01-10,7.76,7.86,7.58,7.59,3891400.0,30640382.0,238685877.0,0.016303436336118034,-0.1900000000000004,-2.4421593830334265,3.5989717223650417
2025-01-13,7.6,7.74,7.27,7.62,3016846.0,23156913.0,238685877.0,0.012639398853079187,0.03000000000000025,0.39525691699604515,6.192358366271418
2025-01-14,7.63,8.38,7.63,8.38,7241263.0,61159322.0,238685877.0,0.030338045514104715,0.7600000000000007,9.973753280839915,9.842519685039381
2025-01-15,8.7,9.01,8.33,8.72,23725104.0,211217630.0,238685877.0,0.09939885969876634,0.33999999999999986,4.057279236276856,8.114558472553696
2025-01-16,8.6,8.9,8.4,8.84,16182559.0,144101425.0,238685877.0,0.06779856103509635,0.11999999999999922,1.3761467889908063,5.73394495412844
2025-01-17,8.72,8.96,8.7,8.79,10661890.0,96018976.0,238685877.0,0.04466912803558964,-0.05000000000000071,-0.5656108597285159,2.941176470588253
2025-01-20,8.74,8.94,8.67,8.69,11060052.0,99251103.0,238685877.0,0.04633727030275863,-0.09999999999999964,-1.1376564277588153,3.071672354948801
2025-01-21,8.67,9.1,8.51,8.74,15601597.0,139082020.0,238685877.0,0.06536455862447195,0.05000000000000071,0.5753739930955293,6.78941311852704
2025-01-22,8.74,8.74,8.36,8.37,8159600.0,70954509.0,238685877.0,0.03418551655655772,-0.370000000000001,-4.233409610983996,4.34782608695653
2025-01-23,8.47,8.63,8.28,8.31,6641658.0,57013232.0,238685877.0,0.02782593626182583,-0.05999999999999872,-0.7168458781361853,4.181600955794521
2025-01-24,8.3,8.39,8.14,8.29,3986700.0,33520486.0,238685877.0,0.0167027058748013,-0.02000000000000135,-0.2406738868832914,3.0084235860409145
2025-01-27,8.3,8.95,8.3,8.61,10671556.0,94547370.0,238685877.0,0.04470962477599795,0.3200000000000003,3.86007237635706,7.840772014475256
2025-02-05,8.56,8.69,8.49,8.54,6008325.0,52527537.0,238685877.0,0.025172519947629746,-0.07000000000000028,-0.8130081300813052,2.3228803716608515
2025-02-06,8.63,8.63,8.29,8.41,7496500.0,64202756.0,238685877.0,0.03140738821342161,-0.129999999999999,-1.5222482435597096,3.9812646370023614
2025-02-07,8.4,8.8,8.35,8.46,9198193.0,80076015.0,238685877.0,0.03853681296778192,0.05000000000000071,0.5945303210463715,5.350772889417373
2025-02-10,8.42,9.03,8.34,8.73,13895750.0,123515170.0,238685877.0,0.05821773024300051,0.2699999999999996,3.1914893617021267,8.15602836879432
2025-02-11,8.78,8.87,8.6,8.65,8368564.0,74080544.0,238685877.0,0.03506099357525037,-0.08000000000000007,-0.9163802978235935,3.092783505154634
2025-02-12,8.7,8.7,8.56,8.65,5468094.0,48112286.0,238685877.0,0.022909164416125047,0.0,0.0,1.6184971098265757
2025-02-13,8.6,8.7,8.42,8.43,5214100.0,45231980.0,238685877.0,0.021845029398199375,-0.22000000000000064,-2.543352601156079,3.2369942196531714
2025-02-14,8.48,8.58,8.25,8.37,5766643.0,49389977.0,238685877.0,0.024159967370000698,-0.0600000000000005,-0.7117437722420017,3.914590747330962
2025-02-17,8.37,9.2,8.29,9.2,18851915.0,171763090.0,238685877.0,0.07898211338243527,0.8300000000000001,9.916367980884111,10.872162485065713
2025-02-18,9.2,9.39,9.01,9.08,22866708.0,214712150.0,238685877.0,0.09580251788420645,-0.11999999999999922,-1.304347826086949,4.130434782608704
2025-02-19,9.2,9.38,8.96,9.31,14977367.0,140900553.0,238685877.0,0.0627492803019929,0.23000000000000043,2.5330396475770955,4.625550660792951
2025-02-20,9.24,9.71,9.19,9.62,19602111.0,189995382.0,238685877.0,0.08212513972915121,0.3099999999999987,3.329752953813081,5.585392051557479
2025-02-21,9.44,9.6,9.26,9.37,12965109.0,124628987.0,238685877.0,0.05431871027710617,-0.25,-2.598752598752596,3.534303534303533
2025-02-24,9.26,9.46,9.2,9.37,8674610.0,82482285.0,238685877.0,0.036343206012142894,0.0,0.0,2.7748132337246703
2025-02-25,9.32,9.36,9.2,9.22,7174685.0,67782310.0,238685877.0,0.030059109865138774,-0.14999999999999858,-1.6008537886872842,1.707577374599788
2025-02-26,9.22,9.66,9.21,9.36,9342686.0,89885895.0,238685877.0,0.03914218183927154,0.1399999999999988,1.5184381778741818,4.88069414316702
2025-02-27,9.32,9.52,9.29,9.46,8496400.0,81741178.0,238685877.0,0.03559657616441211,0.10000000000000142,1.0683760683760868,2.457264957264962
2025-02-28,9.46,9.79,9.12,9.62,14375478.0,139709074.0,238685877.0,0.06022760198752773,0.15999999999999837,1.6913319238900382,7.082452431289639
2025-03-03,9.62,9.79,9.32,9.41,12071519.0,118176203.0,238685877.0,0.05057491943689656,-0.20999999999999908,-2.182952182952169,4.8856548856548745
2025-03-04,9.45,10.27,9.32,10.16,22807630.0,229305524.0,238685877.0,0.09555500428707811,0.75,7.970244420828898,10.09564293304994
2025-03-05,9.87,10.67,9.87,10.27,17815409.0,188262175.0,238685877.0,0.07463956068083576,0.10999999999999943,1.0826771653543288,7.8740157480315025
2025-03-06,10.3,10.32,9.94,9.98,13245190.0,136199255.0,238685877.0,0.055492139570536884,-0.28999999999999915,-2.8237585199610393,3.7000973709834546
2025-03-07,10.0,10.1,9.74,9.79,9773340.0,99135819.0,238685877.0,0.04094645281421489,-0.19000000000000128,-1.9038076152304684,3.6072144288577093
2025-03-10,9.7,9.94,9.58,9.76,7245400.0,71849570.0,238685877.0,0.030355377917898343,-0.02999999999999936,-0.3064351378958108,3.677221654749739
2025-03-11,9.62,9.77,9.49,9.66,6335800.0,62038063.0,238685877.0,0.0265445114710327,-0.09999999999999964,-1.0245901639344246,2.868852459016387
2025-03-12,9.64,10.44,9.64,10.13,14538065.0,149153018.0,238685877.0,0.06090877760647732,0.47000000000000064,4.865424430641818,8.281573498964793
2025-03-13,10.13,10.13,9.61,9.66,7855618.0,78436090.0,238685877.0,0.032911951468330904,-0.47000000000000064,-4.639684106614029,5.133267522211267
2025-03-14,9.66,9.72,9.42,9.6,6936646.0,67740741.0,238685877.0,0.02906182002548898,-0.0600000000000005,-0.6211180124223614,3.1055900621118084
2025-03-17,9.61,9.98,9.51,9.65,8319397.0,82795667.0,238685877.0,0.03485500317222372,0.05000000000000071,0.5208333333333481,4.89583333333334
2025-03-18,9.65,9.72,9.41,9.65,7874963.0,76832952.0,238685877.0,0.03299299941403739,0.0,0.0,3.2124352331606265
2025-03-19,9.65,9.72,9.54,9.71,5261162.0,51858176.0,238685877.0,0.02204220067867694,0.0600000000000005,0.6217616580310947,1.8652849740932798
2025-03-20,9.71,9.79,9.61,9.73,4850177.0,48096054.0,238685877.0,0.02032033508207945,0.019999999999999574,0.2059732234809486,1.8537590113285243
2025-03-21,9.67,10.1,9.49,9.82,13048401.0,129964046.0,238685877.0,0.054667671015993964,0.08999999999999986,0.9249743062692772,6.269270298047271
2025-03-24,9.78,10.0,9.12,9.37,11418796.0,110728608.0,238685877.0,0.04784026664468296,-0.45000000000000107,-4.582484725050929,8.9613034623218
2025-03-25,9.38,9.38,8.99,9.17,6980713.0,65231855.0,238685877.0,0.02924644343326606,-0.1999999999999993,-2.134471718249731,4.162219850586986
2025-03-26,9.03,9.51,9.03,9.46,7428600.0,71231639.0,238685877.0,0.031122913904118425,0.2900000000000009,3.1624863685932425,5.234460196292262
2025-03-27,9.55,9.58,9.29,9.4,5328724.0,51158107.0,238685877.0,0.022325258900843973,-0.0600000000000005,-0.634249471458781,3.0655391120507494
2025-03-28,9.34,9.55,9.25,9.31,4178400.0,40079544.0,238685877.0,0.017505853519770673,-0.08999999999999986,-0.9574468085106314,3.191489361702135
2025-03-31,9.31,9.42,9.1,9.38,4272286.0,40403533.0,238685877.0,0.01789919895428082,0.07000000000000028,0.7518796992481258,3.437164339419981
2025-04-01,9.38,10.0,9.38,9.62,7207802.0,71539267.0,238685877.0,0.030197857077232937,0.23999999999999844,2.5586353944562656,6.609808102345408
2025-04-02,9.54,9.82,9.51,9.51,4977724.0,48775184.0,238685877.0,0.02085470687484371,-0.10999999999999943,-1.1434511434511352,3.222453222453228
2025-04-03,9.41,9.51,9.22,9.38,4046884.0,38666487.0,238685877.0,0.016954853177173948,-0.129999999999999,-1.3669821240799074,3.0494216614090344
2025-04-07,8.89,8.95,8.44,8.44,4674300.0,40875664.0,238685877.0,0.019583479587273613,-0.9400000000000013,-10.021321961620478,5.437100213219614
2025-04-08,8.23,8.31,7.68,8.23,9173302.0,75481539.0,238685877.0,0.03843252946214325,-0.20999999999999908,-2.4881516587677566,7.464454976303327
2025-04-09,8.13,8.51,7.65,8.51,6532518.0,54111552.0,238685877.0,0.027368682563484893,0.27999999999999936,3.402187120291611,10.449574726609956
2025-04-10,8.66,8.77,8.53,8.56,4156896.0,36681790.0,238685877.0,0.01741576021274187,0.05000000000000071,0.5875440658049458,2.8202115158636922
2025-04-11,8.56,8.75,8.41,8.63,2984175.0,26371046.0,238685877.0,0.012502520205667635,0.07000000000000028,0.8177570093457875,3.9719626168224282
2025-04-14,8.69,8.9,8.69,8.82,2993080.0,26852487.0,238685877.0,0.01253982865521616,0.1899999999999995,2.201622247972179,2.4333719582850617
2025-04-15,8.76,9.7,8.76,9.51,12765166.0,123235611.0,238685877.0,0.053481027702363806,0.6899999999999995,7.823129251700678,10.65759637188208
2025-04-16,9.48,9.48,9.19,9.24,7477340.0,70965872.0,238685877.0,0.031327115344993786,-0.2699999999999996,-2.8391167192428957,3.049421661409053
2025-04-17,9.14,9.46,9.14,9.36,4359800.0,41612847.0,238685877.0,0.018265848213549728,0.11999999999999922,1.298701298701288,3.463203463203466
2025-04-18,9.31,9.46,9.17,9.23,3597300.0,34001331.0,238685877.0,0.015071272943392458,-0.129999999999999,-1.3888888888888729,3.0982905982906086
2025-04-21,9.23,10.16,9.11,10.16,24885088.0,252602676.0,238685877.0,0.10425873668260649,0.9299999999999997,10.075839653304431,11.375947995666312
2025-04-22,9.61,9.81,9.51,9.65,24468951.0,241124001.0,238685877.0,0.10251528623120001,-0.5099999999999998,-5.019685039370081,2.9527559055118178
2025-04-23,9.66,9.72,9.49,9.55,8277663.0,80895834.0,238685877.0,0.034680154117371596,-0.09999999999999964,-1.036269430051806,2.3834196891191755
2025-04-24,9.64,9.65,9.38,9.52,8067520.0,78115571.0,238685877.0,0.033799737552130074,-0.030000000000001137,-0.3141361256544628,2.8272251308900476
2025-04-25,9.46,9.83,9.45,9.78,10015900.0,99016824.0,238685877.0,0.0419626838667124,0.2599999999999998,2.73109243697478,3.991596638655471
2025-04-28,9.73,9.79,9.39,9.41,8883900.0,86587655.0,238685877.0,0.03722004884268875,-0.3699999999999992,-3.7832310838445737,4.089979550102235
2025-04-29,9.4,9.76,9.34,9.66,9547300.0,93326147.0,238685877.0,0.03999943406789837,0.25,2.6567481402762994,4.463336875664186
2025-04-30,9.74,9.87,9.65,9.72,7003920.0,69726472.0,238685877.0,0.029343671640865453,0.0600000000000005,0.6211180124223725,2.277432712215309
2025-05-06,9.79,9.85,9.54,9.7,6998246.0,68849998.0,238685877.0,0.029319899811248572,-0.02000000000000135,-0.2057613168724437,3.1893004115226384
2025-05-07,9.8,9.87,9.6,9.71,6894820.0,68498958.0,238685877.0,0.028886585526800984,0.010000000000001563,0.10309278350517648,2.7835051546391707
2025-05-08,9.73,9.96,9.68,9.92,7661640.0,77335036.0,238685877.0,0.03209925989881672,0.20999999999999908,2.162718846549949,2.8836251287332764
2025-05-09,9.92,10.23,9.83,10.17,9168720.0,93848660.0,238685877.0,0.038413332683273925,0.25,2.5201612903225756,4.032258064516133
2025-05-12,10.15,10.19,9.91,10.06,8315800.0,85153435.0,238685877.0,0.0348399331561624,-0.10999999999999943,-1.0816125860373615,2.7531956735496497
2025-05-13,10.13,10.27,10.02,10.2,7358700.0,76410550.0,238685877.0,0.030830060380991876,0.1399999999999988,1.391650099403563,2.485089463220676
2025-05-14,10.19,10.2,9.96,9.98,5965900.0,61067332.0,238685877.0,0.024994775874401652,-0.21999999999999886,-2.1568627450980316,2.3529411764705728
2025-05-15,9.98,9.98,9.84,9.87,2797440.0,28254898.0,238685877.0,0.01172017395901476,-0.11000000000000121,-1.102204408817642,1.4028056112224505
2025-05-16,9.81,10.0,9.81,9.94,2371500.0,24065376.0,238685877.0,0.009935652791053072,0.07000000000000028,0.7092198581560405,1.9250253292806434
2025-05-19,9.98,10.09,9.92,10.02,3219900.0,32876629.0,238685877.0,0.013490115294923796,0.08000000000000007,0.8048289738430636,1.7102615694164984
2025-05-20,10.02,10.21,9.9,10.13,4774636.0,49195711.0,238685877.0,0.020003847986364103,0.11000000000000121,1.0978043912175828,3.093812375249506
2025-05-21,10.16,10.17,9.86,9.92,4675272.0,47392470.0,238685877.0,0.019587551885191765,-0.21000000000000085,-2.073050345508398,3.060217176702867
2025-05-22,9.95,10.28,9.88,9.91,7033586.0,72497896.0,238685877.0,0.029467960519507404,-0.009999999999999787,-0.10080645161290036,4.032258064516115
2025-05-23,9.85,10.06,9.79,9.8,4204621.0,41708846.0,238685877.0,0.01761570920260188,-0.10999999999999943,-1.1099899091826404,2.7245206861755937
2025-05-26,9.8,10.04,9.8,9.85,3440763.0,34065696.0,238685877.0,0.014415444446258543,0.049999999999998934,0.5102040816326481,2.4489795918367188
2025-05-27,9.85,10.19,9.73,10.08,7086400.0,70937410.0,238685877.0,0.02968923041894096,0.23000000000000043,2.3350253807106647,4.670050761421311
2025-05-28,10.07,10.19,10.01,10.11,3393000.0,34351481.0,238685877.0,0.014215336251335893,0.02999999999999936,0.29761904761904656,1.785714285714283
2025-05-29,10.04,10.57,10.04,10.4,8504888.0,88242784.0,238685877.0,0.03563213754787846,0.2900000000000009,2.8684470820969477,5.242334322453028
2025-05-30,10.41,10.65,10.3,10.34,5939872.0,61833505.0,238685877.0,0.0248857287857044,-0.0600000000000005,-0.576923076923086,3.365384615384612
2025-06-03,10.27,10.5,10.27,10.42,3478880.0,36149407.0,238685877.0,0.014575139692911115,0.08000000000000007,0.7736943907156624,2.2243713733075476
2025-06-04,10.45,10.53,10.36,10.49,4083200.0,42647235.0,238685877.0,0.01710700294177858,0.07000000000000028,0.6717850287907945,1.6314779270633393
2025-06-05,10.48,10.85,10.4,10.56,6668240.0,70844125.0,238685877.0,0.027937304392752153,0.07000000000000028,0.6673021925643452,4.289799809342224
2025-06-06,10.42,10.95,10.42,10.88,12684234.0,137000274.0,238685877.0,0.053141954435787585,0.3200000000000003,3.0303030303030276,5.018939393939387
2025-06-09,10.86,11.97,10.71,11.66,29756191.0,346450653.0,238685877.0,0.12466674347891979,0.7799999999999994,7.169117647058809,11.580882352941174
2025-06-10,11.91,12.0,11.53,11.7,17389978.0,204130383.0,238685877.0,0.07285717202279211,0.03999999999999915,0.34305317324183626,4.030874785591773
2025-06-11,11.71,11.76,11.27,11.35,12919380.0,147977028.0,238685877.0,0.054127123742641885,-0.34999999999999964,-2.991452991452992,4.18803418803419
2025-06-12,11.33,11.58,11.33,11.5,7761600.0,88834233.0,238685877.0,0.03251805300570842,0.15000000000000036,1.3215859030837107,2.2026431718061676
2025-06-13,11.55,11.55,11.0,11.02,10108069.0,112527355.0,238685877.0,0.04234883574615519,-0.4800000000000004,-4.173913043478262,4.78260869565218
2025-06-16,11.0,11.33,10.94,11.07,6380007.0,70994257.0,238685877.0,0.02672972142377741,0.05000000000000071,0.45372050816696596,3.5390199637023647
2025-06-17,11.13,11.65,10.91,11.32,12572060.0,141239991.0,238685877.0,0.052671989470076605,0.25,2.258355916892496,6.684733514001809
2025-06-18,11.11,11.18,10.19,10.19,26279800.0,271802373.0,238685877.0,0.11010203171761185,-1.1300000000000008,-9.982332155477035,8.74558303886926
2025-06-19,10.01,10.29,9.95,10.02,9945406.0,100508853.0,238685877.0,0.04166734171708031,-0.16999999999999993,-1.6683022571148176,3.336604514229636
2025-06-20,10.06,10.13,9.78,9.78,6274500.0,62132836.0,238685877.0,0.026287688567346614,-0.2400000000000002,-2.395209580838331,3.493013972055903
2025-06-23,9.74,9.98,9.66,9.97,6389537.0,62780287.0,238685877.0,0.026769648377645738,0.19000000000000128,1.942740286298572,3.2719836400818028
2025-06-24,9.98,10.16,9.95,10.03,5176000.0,51973688.0,238685877.0,0.021685405374864304,0.05999999999999872,0.6018054162487241,2.1063189568706204
2025-06-25,10.1,11.03,10.03,11.03,17734845.0,189575867.0,238685877.0,0.07430202918960303,1.0,9.970089730807574,9.970089730807578
2025-06-26,11.04,11.3,10.71,10.94,20641789.0,227674435.0,238685877.0,0.08648098186387458,-0.08999999999999986,-0.8159564823209453,5.349048050770625
2025-06-27,10.91,10.97,10.7,10.77,9925010.0,107161410.0,238685877.0,0.04158189049450965,-0.16999999999999993,-1.5539305301645379,2.4680073126142723
2025-06-30,10.89,10.97,10.7,10.76,7299243.0,78934938.0,238685877.0,0.03058095892284402,-0.009999999999999787,-0.09285051067781103,2.5069637883008484
2025-07-01,10.89,10.89,10.64,10.77,5112700.0,54944119.0,238685877.0,0.021420203257354855,0.009999999999999787,0.09293680297397522,2.3234200743494426
2025-07-02,10.77,10.78,10.66,10.76,4052100.0,43404857.0,238685877.0,0.01697670616682528,-0.009999999999999787,-0.09285051067781103,1.1142061281336975
2025-07-03,10.72,10.97,10.65,10.71,5510600.0,59240660.0,238685877.0,0.02308724784751299,-0.049999999999998934,-0.4646840148698761,2.9739776951672887
2025-07-04,10.72,10.73,10.52,10.54,4090200.0,43395593.0,238685877.0,0.01713633019016035,-0.1700000000000017,-1.5873015873016039,1.960784313725498
2025-07-07,10.5,10.71,10.5,10.67,4165880.0,44316014.0,238685877.0,0.01745339964123642,0.13000000000000078,1.2333965844402384,1.9924098671726838
2025-07-08,10.7,10.85,10.65,10.67,4190966.0,44919892.0,238685877.0,0.017558500120222864,0.0,0.0,1.8744142455482595
2025-07-09,10.68,10.79,10.64,10.73,3034600.0,32463300.0,238685877.0,0.012713781134189184,0.0600000000000005,0.562324273664494,1.4058106841611862
2025-07-10,10.7,11.05,10.69,10.82,9089940.0,99101948.0,238685877.0,0.03808327545077164,0.08999999999999986,0.8387698042870539,3.3550792171481936
2025-07-11,10.77,10.84,10.6,10.72,4264800.0,45590607.0,238685877.0,0.01786783555693997,-0.09999999999999964,-0.9242144177449174,2.2181146025878022
2025-07-14,10.7,11.05,10.68,10.94,7720077.0,84159456.0,238685877.0,0.03234408795791466,0.21999999999999886,2.0522388059701413,3.451492537313442
2025-07-15,10.85,10.98,10.74,10.89,4298666.0,46637138.0,238685877.0,0.01800972078461098,-0.049999999999998934,-0.457038391224851,2.193784277879344
2025-07-16,10.95,11.5,10.8,11.27,10837082.0,121317093.0,238685877.0,0.04540311364966097,0.379999999999999,3.489439853076215,6.427915518824603
2025-07-17,11.29,11.4,11.1,11.19,6645300.0,74576287.0,238685877.0,0.027841194810198176,-0.08000000000000007,-0.7098491570541321,2.661934338952979
2025-07-18,11.2,11.24,11.06,11.22,4811200.0,53679551.0,238685877.0,0.020157036773482833,0.030000000000001137,0.2680965147453085,1.6085790884718474
2025-07-21,11.33,11.33,11.16,11.2,3725000.0,41826253.0,238685877.0,0.015606285746014206,-0.02000000000000135,-0.17825311942960553,1.5151515151515145
2025-07-22,11.26,11.32,11.03,11.3,6308901.0,70642628.0,238685877.0,0.026431815234715373,0.10000000000000142,0.8928571428571619,2.589285714285723
2025-07-23,11.3,11.3,11.0,11.04,5245800.0,58414080.0,238685877.0,0.021977839937299685,-0.26000000000000156,-2.300884955752225,2.6548672566371745
2025-07-24,11.04,11.22,11.0,11.13,4246000.0,47327486.0,238685877.0,0.017789070947000354,0.09000000000000163,0.8152173913043681,1.992753623188412
2025-07-25,11.16,11.26,11.1,11.22,4529792.0,50681545.0,238685877.0,0.018978047871680316,0.08999999999999986,0.8086253369272267,1.4375561545372877
2025-07-28,11.22,11.27,11.06,11.12,7253777.0,80770636.0,238685877.0,0.0303904742549975,-0.10000000000000142,-0.891265597147961,1.8716577540106867
2025-07-29,11.18,11.31,11.06,11.18,3954266.0,44038573.0,238685877.0,0.016566820164227815,0.0600000000000005,0.5395683453237377,2.248201438848921
2025-07-30,11.13,11.75,11.09,11.55,10284981.0,116823269.0,238685877.0,0.04309002748411461,0.370000000000001,3.3094812164579768,5.9033989266547415
2025-07-31,11.46,11.54,11.12,11.17,8774000.0,99417409.0,238685877.0,0.036759611043094935,-0.3800000000000008,-3.2900432900432985,3.6363636363636354
2025-08-01,11.24,11.6,11.15,11.35,8501206.0,96866389.0,238685877.0,0.03561671141522965,0.17999999999999972,1.611459265890769,4.028648164726941
2025-08-04,11.39,11.89,11.12,11.7,14484398.0,169362911.0,238685877.0,0.0606839339723481,0.34999999999999964,3.083700440528636,6.7841409691630075
2025-08-05,11.72,11.74,11.48,11.58,6573520.0,76029431.0,238685877.0,0.027540464826077665,-0.11999999999999922,-1.025641025641022,2.2222222222222205
2025-08-06,11.64,11.69,11.51,11.54,5662300.0,65519348.0,238685877.0,0.023722811216015098,-0.040000000000000924,-0.3454231433506094,1.5544041450777177
2025-08-07,11.57,11.72,11.46,11.47,6479577.0,75074742.0,238685877.0,0.027146880583973555,-0.06999999999999851,-0.6065857885615089,2.253032928942806
2025-08-08,11.47,11.75,11.35,11.65,7949200.0,91904926.0,238685877.0,0.0333040232623399,0.17999999999999972,1.5693112467306092,3.487358326068006
2025-08-11,11.57,11.64,11.18,11.47,7272035.0,83027258.0,238685877.0,0.030466968097990984,-0.17999999999999972,-1.5450643776824036,3.9484978540772606
2025-08-12,11.47,11.55,11.25,11.3,7913100.0,90022585.0,238685877.0,0.03315277845282819,-0.16999999999999993,-1.482127288578905,2.6155187445510086
2025-08-13,11.35,11.35,11.12,11.2,6957682.0,78086514.0,238685877.0,0.029149952596483116,-0.10000000000000142,-0.8849557522124019,2.035398230088499
2025-08-14,11.25,11.36,11.02,11.05,6096320.0,68176505.0,238685877.0,0.025541184407823173,-0.14999999999999858,-1.3392857142856984,3.0357142857142847
2025-08-15,11.1,11.25,11.07,11.11,4673914.0,52052215.0,238685877.0,0.019581862399005702,0.05999999999999872,0.5429864253393646,1.6289592760180969
2025-08-18,11.12,11.22,11.01,11.08,6451335.0,71738101.0,238685877.0,0.02702855770557384,-0.02999999999999936,-0.27002700270026825,1.890189018901898
2025-08-19,11.12,11.12,10.93,11.02,5824313.0,64149441.0,238685877.0,0.024401582000597378,-0.0600000000000005,-0.5415162454873723,1.7148014440433168
2025-08-20,11.07,11.44,10.98,11.33,9308874.0,104544770.0,238685877.0,0.03900052285037376,0.3100000000000005,2.8130671506352067,4.174228675136108
2025-08-21,11.35,11.36,11.09,11.13,5859346.0,65686982.0,238685877.0,0.024548356499534324,-0.1999999999999993,-1.7652250661959301,2.383053839364515
2025-08-22,11.08,11.18,10.89,11.01,6297580.0,69212999.0,238685877.0,0.026384384694868226,-0.120000000000001,-1.0781671159029727,2.605570530098824
2025-08-25,11.04,11.37,11.04,11.16,7558887.0,84776255.0,238685877.0,0.03166876521982069,0.15000000000000036,1.3623978201634968,2.9972752043596738
2025-08-26,11.15,11.6,11.12,11.29,10571564.0,120240608.0,238685877.0,0.04429069760168508,0.129999999999999,1.1648745519713177,4.3010752688172085
2025-08-27,11.4,11.4,10.91,10.91,9963782.0,110402782.0,238685877.0,0.04174432993368937,-0.379999999999999,-3.3658104517271803,4.34012400354296
2025-08-28,11.01,11.88,11.0,11.78,27489179.0,318092102.0,238685877.0,0.1151688543348545,0.8699999999999992,7.974335472043981,8.065994500458302
2025-08-29,11.8,11.81,11.55,11.59,9615505.0,111928950.0,238685877.0,0.04028518620730962,-0.1899999999999995,-1.6129032258064502,2.207130730050932
2025-09-01,11.51,12.22,11.51,11.94,14378376.0,172383142.0,238685877.0,0.06023974346835779,0.34999999999999964,3.019844693701468,6.12597066436584
2025-09-02,11.94,12.2,11.73,12.08,11307520.0,135336598.0,238685877.0,0.04737406394597867,0.14000000000000057,1.1725293132328396,3.9363484087102085
2025-09-03,11.99,12.1,11.52,11.61,9094156.0,107160433.0,238685877.0,0.038100938833511296,-0.47000000000000064,-3.8907284768211925,4.801324503311259
2025-09-04,11.61,11.98,11.41,11.55,10469482.0,122302539.0,238685877.0,0.04386301414892679,-0.05999999999999872,-0.5167958656330685,4.909560723514215
2025-09-05,11.51,11.78,11.27,11.75,7877690.0,91011085.0,238685877.0,0.03300442447208554,0.1999999999999993,1.7316017316017174,4.415584415584414
2025-09-08,11.75,11.93,11.6,11.76,6978113.0,82123856.0,238685877.0,0.029235550455295686,0.009999999999999787,0.08510638297871687,2.8085106382978733
2025-09-09,11.76,11.77,11.43,11.46,7079869.0,81714735.0,238685877.0,0.029661868096200764,-0.29999999999999893,-2.5510204081632515,2.8911564625850326
2025-09-10,11.47,11.57,11.25,11.26,5594059.0,63539573.0,238685877.0,0.02343690825075503,-0.20000000000000107,-1.7452006980802848,2.792321116928449
2025-09-11,11.27,11.4,11.17,11.38,5760286.0,65025095.0,238685877.0,0.024133334038863138,0.120000000000001,1.0657193605683846,2.0426287744227394
2025-09-12,11.38,11.49,11.32,11.35,4559709.0,51949224.0,238685877.0,0.019103388341657097,-0.030000000000001137,-0.2636203866432485,1.4938488576449904
2025-09-15,11.4,12.08,11.24,11.88,11771867.0,137955720.0,238685877.0,0.04931949534659732,0.5300000000000011,4.669603524229093,7.400881057268721
2025-09-16,11.9,12.02,11.76,11.98,6713207.0,80072245.0,238685877.0,0.028125698446749742,0.09999999999999964,0.8417508417508435,2.1885521885521864
2025-09-17,12.02,13.18,11.92,13.18,21951744.0,281778041.0,238685877.0,0.09196917838586655,1.1999999999999993,10.016694490818034,10.51752921535893
2025-09-18,13.2,13.25,12.3,12.57,25234685.0,321366175.0,238685877.0,0.10572341069010967,-0.6099999999999994,-4.628224582701057,7.20789074355083
2025-09-19,12.55,12.8,12.4,12.47,12348228.0,155334424.0,238685877.0,0.05173422137582107,-0.09999999999999964,-0.7955449482895727,3.1821797931583164
2025-09-22,12.58,12.83,12.4,12.74,13987464.0,177096823.0,238685877.0,0.058601975851298484,0.2699999999999996,2.165196471531683,3.4482758620689635
2025-09-23,12.75,12.75,12.12,12.42,10422320.0,128589706.0,238685877.0,0.04366542390775806,-0.3200000000000003,-2.5117739403453743,4.9450549450549515
2025-09-24,12.49,12.57,12.22,12.54,5449320.0,67869904.0,238685877.0,0.022830508735965135,0.11999999999999922,0.9661835748792313,2.8180354267310763
2025-09-25,12.45,12.64,12.43,12.58,6280700.0,78769345.0,238685877.0,0.02631366413019904,0.040000000000000924,0.31897926634769647,1.6746411483253658
2025-09-26,12.62,12.96,12.31,12.63,12207042.0,155411345.0,238685877.0,0.05114270753438839,0.05000000000000071,0.3974562798092274,5.166931637519875
2025-09-29,12.6,12.91,12.46,12.74,9644462.0,122992523.0,238685877.0,0.04040650465465118,0.10999999999999943,0.87094220110846,3.562945368171015
2025-09-30,12.77,12.82,12.3,12.42,10384197.0,129310466.0,238685877.0,0.04350570352346402,-0.3200000000000003,-2.5117739403453743,4.081632653061221
2025-10-09,12.44,12.47,11.9,12.14,10161783.0,122894011.0,238685877.0,0.042573876291809254,-0.27999999999999936,-2.254428341384862,4.589371980676331
2025-10-10,12.15,12.28,12.04,12.13,4978020.0,60422831.0,238685877.0,0.020855946998489566,-0.009999999999999787,-0.08237232289950436,1.97693574958814
2025-10-13,12.01,12.01,11.37,11.98,5620800.0,66449077.0,238685877.0,0.023548942529180307,-0.15000000000000036,-1.2366034624896938,5.27617477328937
2025-10-14,11.97,12.09,11.65,11.69,5047039.0,59588708.0,238685877.0,0.021145109477926922,-0.2900000000000009,-2.42070116861437,3.6727879799666066
2025-10-15,11.69,11.75,11.54,11.65,4985766.0,57898016.0,238685877.0,0.020888399693627453,-0.03999999999999915,-0.34217279726260763,1.7964071856287498
2025-10-16,11.64,11.66,11.38,11.46,5461000.0,62715426.0,238685877.0,0.02287944334469358,-0.1899999999999995,-1.6309012875536433,2.403433476394844
2025-10-17,11.47,11.58,11.3,11.3,6330378.0,72206403.0,238685877.0,0.026521795422357563,-0.16000000000000014,-1.3961605584642212,2.4432809773123854
2025-10-20,11.35,11.5,11.27,11.39,4045000.0,46044477.0,238685877.0,0.01694695995775234,0.08999999999999986,0.7964601769911539,2.035398230088499
2025-10-21,11.4,11.52,11.35,11.5,4974773.0,56874000.0,238685877.0,0.020842343344847337,0.10999999999999943,0.9657594381035972,1.492537313432835
2025-10-22,11.49,11.65,11.44,11.5,4386910.0,50590045.0,238685877.0,0.018379428456925417,0.0,0.0,1.8260869565217466
2025-10-23,11.51,11.51,11.12,11.41,5010366.0,56652257.0,238685877.0,0.020991464023654823,-0.08999999999999986,-0.7826086956521761,3.3913043478260922
2025-10-24,11.55,11.7,11.35,11.38,8680821.0,100235677.0,238685877.0,0.036369227660671355,-0.02999999999999936,-0.262927256792278,3.067484662576684
2025-10-27,11.58,11.58,11.09,11.27,7987073.0,89778589.0,238685877.0,0.03346269624490602,-0.11000000000000121,-0.9666080843585334,4.305799648506152
2025-10-28,11.31,11.51,11.27,11.37,5431333.0,61890731.0,238685877.0,0.02275515027644472,0.09999999999999964,0.8873114463176623,2.12954747116238
2025-10-29,11.34,11.54,10.85,10.92,9480020.0,105159968.0,238685877.0,0.03971755731488043,-0.4499999999999993,-3.957783641160939,6.068601583113453
2025-10-30,10.9,10.95,10.66,10.7,6919380.0,74549384.0,238685877.0,0.028989482272551888,-0.22000000000000064,-2.0146520146520186,2.655677655677648
2025-10-31,10.76,11.31,10.73,11.18,12266369.0,135819768.0,238685877.0,0.05139126434363773,0.4800000000000004,4.485981308411224,5.4205607476635524
2025-11-03,11.16,11.21,10.93,11.05,6645620.0,73329628.0,238685877.0,0.027842535484409913,-0.129999999999999,-1.1627906976744096,2.5044722719141426
2025-11-04,11.07,11.12,10.93,11.08,4846340.0,53372849.0,238685877.0,0.020304259560359326,0.02999999999999936,0.2714932126696823,1.7194570135746559
2025-11-05,11.07,11.4,11.03,11.25,6028600.0,67720403.0,238685877.0,0.025257464227764093,0.16999999999999993,1.534296028880866,3.3393501805054244
2025-11-06,11.25,11.4,11.1,11.13,3897258.0,43495264.0,238685877.0,0.016327979053406667,-0.11999999999999922,-1.0666666666666602,2.666666666666673
2025-11-07,11.15,11.23,10.97,11.07,4982700.0,54993289.0,238685877.0,0.020875554358836236,-0.0600000000000005,-0.5390835579514919,2.336028751123089
2025-11-10,11.07,11.1,10.97,11.07,4508866.0,49714253.0,238685877.0,0.018890376157446466,0.0,0.0,1.1743450767840922
2025-11-11,11.1,11.21,10.97,11.09,5572800.0,61861005.0,238685877.0,0.023347841397419588,0.019999999999999574,0.18066847335138636,2.1680216802168037
2025-11-12,11.1,11.15,11.0,11.13,4012609.0,44460159.0,238685877.0,0.016811254400276057,0.040000000000000924,0.36068530207395977,1.35256988277728
2025-11-13,11.1,11.55,11.02,11.21,7008452.0,78843779.0,238685877.0,0.029362658939389195,0.08000000000000007,0.7187780772686336,4.761904761904772
2025-11-14,11.21,11.34,11.1,11.18,6019575.0,67486207.0,238685877.0,0.025219653025386164,-0.030000000000001137,-0.2676181980374781,2.1409455842997343
2025-11-17,11.2,11.25,11.03,11.18,4090500.0,45561096.0,238685877.0,0.017137587072233854,0.0,0.0,1.9677996422182524
2025-11-18,11.18,11.24,11.09,11.22,4248100.0,47469438.0,238685877.0,0.017797869121514886,0.040000000000000924,0.3577817531305927,1.341681574239717
2025-11-19,11.23,11.23,10.73,10.76,6820000.0,74339133.0,238685877.0,0.028573119137668964,-0.46000000000000085,-4.099821746880583,4.45632798573975
2025-11-20,10.79,10.83,10.3,10.42,9179515.0,96697046.0,238685877.0,0.03845855948988553,-0.33999999999999986,-3.159851301115235,4.925650557620812
2025-11-21,10.42,10.57,9.96,9.99,6164054.0,62700286.0,238685877.0,0.02582496324237902,-0.4299999999999997,-4.126679462571969,5.854126679462566
2025-11-24,10.2,10.24,10.03,10.19,5061337.0,51350472.0,238685877.0,0.021205012477550148,0.1999999999999993,2.0020020020020013,2.1021021021021107
2025-11-25,10.22,10.46,10.16,10.34,4041300.0,41841589.0,238685877.0,0.016931458412179117,0.15000000000000036,1.4720314033366044,2.944062806673216
2025-11-26,10.31,10.43,10.19,10.24,3422777.0,35297818.0,238685877.0,0.014340090176345037,-0.09999999999999964,-0.9671179883945835,2.321083172147004
2025-11-27,10.24,10.53,10.2,10.4,4586110.0,47700743.0,238685877.0,0.019213998153732405,0.16000000000000014,1.5625,3.222656250000001
2025-11-28,10.36,10.67,10.31,10.65,4282366.0,45111261.0,238685877.0,0.017941430191950568,0.25,2.4038461538461453,3.4615384615384563
2025-12-01,10.65,10.7,10.5,10.63,3755390.0,39918452.0,238685877.0,0.01573360790006021,-0.019999999999999574,-0.187793427230043,1.8779342723004626
2025-12-02,10.59,10.65,10.37,10.65,4410972.0,46473452.0,238685877.0,0.018480238778434303,0.019999999999999574,0.18814675446847673,2.6340545625588065
2025-12-03,10.61,10.66,10.45,10.5,2917300.0,30711296.0,238685877.0,0.012222340243448924,-0.15000000000000036,-1.4084507042253502,1.9718309859155008
2025-12-04,10.53,10.56,10.26,10.28,3776300.0,39127146.0,238685877.0,0.015821212580583475,-0.22000000000000064,-2.0952380952381056,2.857142857142864
2025-12-05,10.3,10.52,10.18,10.45,2938180.0,30527402.0,238685877.0,0.012309819235764838,0.16999999999999993,1.6536964980544688,3.307392996108948
2025-12-08,10.56,10.93,10.53,10.81,8201096.0,87992668.0,238685877.0,0.03435936848496486,0.3600000000000012,3.4449760765550286,3.827751196172252
2025-12-09,10.91,11.11,10.74,10.76,8713740.0,95113215.0,238685877.0,0.036507145330597,-0.05000000000000071,-0.46253469010176795,3.422756706752999
2025-12-10,10.76,10.84,10.55,10.66,3609002.0,38611114.0,238685877.0,0.015120299723472955,-0.09999999999999964,-0.9293680297397744,2.6951672862453453
2025-12-11,10.65,10.71,10.53,10.56,4112900.0,43677304.0,238685877.0,0.017231434267055524,-0.09999999999999964,-0.9380863039399556,1.6885553470919463
2025-12-12,10.55,10.77,10.43,10.48,4652500.0,49162937.0,238685877.0,0.01949214615659895,-0.08000000000000007,-0.7575757575757569,3.2196969696969684
2025-12-15,10.39,10.63,10.39,10.5,2883800.0,30324801.0,238685877.0,0.012081988411907588,0.019999999999999574,0.190839694656475,2.2900763358778646
2025-12-16,10.5,10.62,10.21,10.22,3464112.0,35762735.0,238685877.0,0.0145132675780394,-0.27999999999999936,-2.6666666666666616,3.9047619047618896
2025-12-17,10.25,10.47,10.1,10.43,4566700.0,46850212.0,238685877.0,0.019132677883576664,0.20999999999999908,2.054794520547931,3.6203522504892462
2025-12-18,10.39,10.57,10.35,10.52,2986200.0,31280291.0,238685877.0,0.012511004159663792,0.08999999999999986,0.8628954937679678,2.109300095877283
2025-12-19,10.53,10.76,10.44,10.68,3567400.0,37835802.0,238685877.0,0.014946003696733176,0.16000000000000014,1.520912547528508,3.041825095057037
2025-12-22,10.69,10.8,10.63,10.65,2966400.0,31718977.0,238685877.0,0.012428049942812495,-0.02999999999999936,-0.2808988764044895,1.5917602996254676
2025-12-23,10.66,10.77,10.55,10.75,2739400.0,29288878.0,238685877.0,0.011477009173860755,0.09999999999999964,0.9389671361502261,2.0657276995305054
2025-12-24,10.76,10.78,10.65,10.75,2367800.0,25418884.0,238685877.0,0.009920151245479849,0.0,0.0,1.2093023255813862
2025-12-25,10.81,11.08,10.71,11.04,5237466.0,57437460.0,238685877.0,0.02194292375329773,0.28999999999999915,2.6976744186046453,3.441860465116272
2025-12-26,11.04,11.25,10.86,10.88,4476700.0,49329612.0,238685877.0,0.018755613261525313,-0.15999999999999837,-1.4492753623188248,3.532608695652179
2025-12-29,10.89,10.93,10.73,10.87,3955400.0,42858871.0,238685877.0,0.016571571178465663,-0.010000000000001563,-0.09191176470589868,1.8382352941176405
2025-12-30,10.91,10.91,10.72,10.75,2993500.0,32280306.0,238685877.0,0.012541588290119067,-0.11999999999999922,-1.1039558417663242,1.7479300827966837
2025-12-31,10.76,10.95,10.7,10.87,2992900.0,32440256.0,238685877.0,0.012539074525972058,0.11999999999999922,1.116279069767434,2.3255813953488373
2026-01-05,10.87,11.02,10.75,10.79,4198100.0,45675420.0,238685877.0,0.017588388775930802,-0.08000000000000007,-0.7359705611775569,2.4839006439742373
2026-01-06,10.83,11.1,10.74,10.87,4044127.0,44024162.0,238685877.0,0.01694330243091844,0.08000000000000007,0.7414272474513428,3.3364226135310417
2026-01-07,10.89,11.02,10.84,10.95,4816893.0,52716112.0,238685877.0,0.020180888205631034,0.08000000000000007,0.7359705611775569,1.6559337626494914
2026-01-08,11.02,11.6,10.97,11.5,11392947.0,129796040.0,238685877.0,0.0477319694956229,0.5500000000000007,5.022831050228316,5.7534246575342385
2026-01-09,11.51,11.98,11.51,11.82,11316576.0,133270984.0,238685877.0,0.047412005026170864,0.3200000000000003,2.7826086956521667,4.086956521739136
2026-01-12,11.82,11.84,11.29,11.39,9418232.0,107818699.0,238685877.0,0.03945868988302144,-0.4299999999999997,-3.637901861252113,4.65313028764806
2026-01-13,11.41,11.55,11.24,11.26,8526810.0,97267225.0,238685877.0,0.035723982110596346,-0.13000000000000078,-1.1413520632133523,2.721685689201058
2026-01-14,11.27,11.35,11.1,11.26,7080500.0,79661281.0,238685877.0,0.029664511738162036,0.0,0.0,2.2202486678507993
2026-01-15,11.15,11.33,11.05,11.17,4761220.0,53281475.0,238685877.0,0.01994764022003698,-0.08999999999999986,-0.7992895204262829,2.4866785079928895
2026-01-16,11.18,11.39,11.1,11.35,5883400.0,66148437.0,238685877.0,0.024649133304187915,0.17999999999999972,1.611459265890769,2.5962399283795965
2026-01-19,11.36,11.82,11.31,11.7,6567027.0,76581430.0,238685877.0,0.027513261708400117,0.34999999999999964,3.083700440528636,4.493392070484579
2026-01-20,11.74,11.85,11.6,11.75,5454800.0,64005580.0,238685877.0,0.022853467781841153,0.05000000000000071,0.42735042735042583,2.1367521367521367
2026-01-21,11.68,11.98,11.58,11.9,6543260.0,77690251.0,238685877.0,0.027413687320930177,0.15000000000000036,1.276595744680864,3.404255319148939
2026-01-22,11.88,12.28,11.81,12.06,6712442.0,81253059.0,238685877.0,0.028122493397462305,0.16000000000000014,1.3445378151260456,3.949579831932763
2026-01-23,12.06,12.78,11.93,12.49,13936143.0,172654566.0,238685877.0,0.058386961034984065,0.4299999999999997,3.565505804311764,7.048092868988388
2026-01-26,12.58,13.63,12.55,13.32,23358141.0,310372515.0,238685877.0,0.0978614289776349,0.8300000000000001,6.645316253002398,8.646917534027223
2026-01-27,13.25,13.48,13.09,13.31,12697685.0,168622268.0,238685877.0,0.05319830883835661,-0.009999999999999787,-0.07507507507507061,2.927927927927932
2026-01-28,13.11,13.16,11.98,11.98,23928512.0,289220826.0,238685877.0,0.10025105926145769,-1.33,-9.99248685199099,8.865514650638614
2026-01-29,11.99,12.89,11.86,12.24,20076525.0,248735071.0,238685877.0,0.08411274790254976,0.2599999999999998,2.170283806343898,8.597662771285485
2026-01-30,12.15,12.62,12.08,12.35,12450805.0,152932648.0,238685877.0,0.05216397868400065,0.10999999999999943,0.8986928104575131,4.411764705882345
2026-02-02,12.48,12.48,11.98,11.98,8497383.0,103850808.0,238685877.0,0.03560069454800629,-0.3699999999999992,-2.995951417004039,4.048582995951417
2026-02-03,12.13,12.42,11.95,12.36,7854301.0,95728662.0,238685877.0,0.03290643375602822,0.379999999999999,3.171953255425697,3.923205342237067
2026-02-04,12.37,12.57,12.24,12.4,5490364.0,68084065.0,238685877.0,0.023002466962048197,0.040000000000000924,0.3236245954692629,2.66990291262136
2026-02-05,12.41,12.45,12.24,12.35,4669501.0,57629697.0,238685877.0,0.01956337366370445,-0.05000000000000071,-0.40322580645162365,1.6935483870967667
2026-02-06,12.37,13.31,12.32,12.97,13575747.0,175732526.0,238685877.0,0.05687704346244164,0.620000000000001,5.020242914979756,8.016194331983808
2026-02-09,12.97,13.3,12.85,13.19,10184502.0,133690312.0,238685877.0,0.042669059971235754,0.21999999999999886,1.6962220508866421,3.4695451040863614
2026-02-10,13.19,13.3,13.07,13.28,6623230.0,87431362.0,238685877.0,0.02774873018565736,0.08999999999999986,0.6823351023502733,1.7437452615617923
2026-02-11,13.24,13.3,13.0,13.03,5935968.0,77876279.0,238685877.0,0.024869372560321196,-0.25,-1.882530120481929,2.2590361445783187
2026-02-12,13.03,13.5,13.01,13.27,8420709.0,112025467.0,238685877.0,0.03527946062766001,0.2400000000000002,1.8419033000767415,3.760552570990025
2026-02-13,13.27,13.39,13.08,13.18,5265388.0,69667054.0,238685877.0,0.022059905957485703,-0.08999999999999986,-0.67822155237377,2.3360964581763413
2026-02-24,13.25,13.62,13.23,13.42,9263901.0,124520474.0,238685877.0,0.0388121036587347,0.2400000000000002,1.8209408194233667,2.959028831562965
2026-02-25,13.4,13.42,13.15,13.2,5565257.0,73865332.0,238685877.0,0.023316239192484774,-0.22000000000000064,-1.6393442622950838,2.011922503725779
2026-02-26,13.2,13.35,13.01,13.16,4291784.0,56404159.0,238685877.0,0.017980887909844787,-0.03999999999999915,-0.3030303030302939,2.575757575757575
2026-02-27,13.1,13.15,12.82,13.09,5347480.0,69569679.0,238685877.0,0.022403839168079476,-0.07000000000000028,-0.5319148936170248,2.507598784194529
2026-03-02,13.13,13.37,12.82,13.04,8608267.0,112111290.0,238685877.0,0.0360652549208012,-0.05000000000000071,-0.381970970206269,4.2016806722689
2026-03-03,13.01,13.36,12.65,12.67,8911668.0,116061506.0,238685877.0,0.03733638584741233,-0.3699999999999992,-2.8374233128834248,5.444785276073613
2026-03-04,12.59,12.96,12.38,12.84,6798822.0,86931679.0,238685877.0,0.02848439164249337,0.16999999999999993,1.3417521704814472,4.5777426992896615
2026-03-05,12.88,12.95,12.57,12.6,6612700.0,84080359.0,238685877.0,0.027704613624877354,-0.2400000000000002,-1.869158878504673,2.9595015576323913
2026-03-06,12.59,12.9,12.41,12.89,6188000.0,79295476.0,238685877.0,0.02592528756948615,0.2900000000000009,2.3015873015873156,3.888888888888891
2026-03-09,12.89,12.9,12.52,12.7,6752426.0,85366369.0,238685877.0,0.028290010640218986,-0.19000000000000128,-1.4740108611326685,2.9480217222653278
2026-03-10,12.58,13.08,12.52,12.9,7222385.0,93170310.0,238685877.0,0.03025895411482599,0.20000000000000107,1.5748031496063186,4.4094488188976415
2026-03-11,12.96,13.0,12.53,12.55,6107950.0,77237652.0,238685877.0,0.025589909536206032,-0.34999999999999964,-2.713178294573637,3.643410852713183
2026-03-12,12.65,12.66,12.17,12.27,7700800.0,95191603.0,238685877.0,0.032263324905478175,-0.28000000000000114,-2.23107569721116,3.9043824701195233
2026-03-13,12.37,12.73,12.2,12.31,7057760.0,88213578.0,238685877.0,0.029569240076990397,0.040000000000000924,0.32599837000815146,4.319478402607997
2026-03-16,12.27,12.45,12.07,12.2,5829960.0,71169071.0,238685877.0,0.024425240710827644,-0.11000000000000121,-0.8935824532900205,3.0869212022745653
2026-03-17,12.2,12.37,11.95,11.98,4995809.0,60425736.0,238685877.0,0.020930475915841473,-0.21999999999999886,-1.8032786885245788,3.4426229508196715
2026-03-18,11.98,12.2,11.75,11.9,6986810.0,83329858.0,238685877.0,0.029271987466606583,-0.08000000000000007,-0.6677796327211993,3.756260434056755
2026-03-19,11.91,12.04,11.71,11.79,6805410.0,80568110.0,238685877.0,0.028511992772827528,-0.11000000000000121,-0.9243697478991675,2.7731092436974647
2026-03-20,11.8,12.18,11.72,11.91,9697483.0,115893121.0,238685877.0,0.04062864180271546,0.120000000000001,1.0178117048346147,3.901611535199314
2026-03-23,11.65,11.68,10.72,10.81,11874742.0,132530902.0,238685877.0,0.04975050115763657,-1.0999999999999996,-9.235936188077243,8.06045340050377
2026-03-24,10.99,11.43,10.6,11.43,11495120.0,126713581.0,238685877.0,0.048160034202610155,0.6199999999999992,5.735430157261789,7.678075855689177
2026-03-25,11.6,11.96,11.4,11.9,6656400.0,78428561.0,238685877.0,0.02788769944691784,0.47000000000000064,4.111986001749779,4.899387576552935
2026-03-26,11.89,12.23,11.75,11.94,6033000.0,72265191.0,238685877.0,0.025275898498175492,0.03999999999999915,0.3361344537815114,4.033613445378155
2026-03-27,11.88,12.24,11.71,12.17,6413600.0,77369438.0,238685877.0,0.026870462888761534,0.23000000000000043,1.9262981574539317,4.438860971524283
2026-03-30,12.08,12.37,11.88,12.18,5312534.0,64701812.0,238685877.0,0.02225742916494385,0.009999999999999787,0.08216926869351049,4.02629416598191
2026-03-31,12.18,12.3,11.86,11.88,4575000.0,55154378.0,238685877.0,0.01916745162094362,-0.29999999999999893,-2.463054187192104,3.6124794745484508
2026-04-01,12.11,12.14,11.82,12.06,6197900.0,74057273.0,238685877.0,0.0259667646779118,0.17999999999999972,1.5151515151515138,2.693602693602696
2026-04-02,12.15,12.15,11.78,11.8,4656336.0,55461304.0,238685877.0,0.019508217488712162,-0.2599999999999998,-2.1558872305140975,3.067993366500837
2026-04-03,11.93,11.93,11.5,11.57,4380000.0,50921540.0,238685877.0,0.0183504782731657,-0.23000000000000043,-1.9491525423728895,3.644067796610167
2026-04-07,12.48,12.73,12.19,12.73,7235882.0,91388083.0,238685877.0,0.030315501239312957,1.1600000000000001,10.025929127052713,4.667242869490068
2026-04-08,12.87,13.87,12.7,13.58,32798584.0,434439419.0,238685877.0,0.1374131742197717,0.8499999999999996,6.67714061272584,9.190887666928514
2026-04-09,13.62,14.49,13.48,14.31,27241618.0,382668416.0,238685877.0,0.11413167105819168,0.7300000000000004,5.375552282768781,7.437407952871869
2026-04-10,14.22,14.97,14.22,14.41,22269681.0,325654833.0,238685877.0,0.09330120943854588,0.09999999999999964,0.6988120195667413,5.2410901467505235
2026-04-13,14.31,14.39,13.85,13.92,17055740.0,238848887.0,238685877.0,0.07145684618784545,-0.4900000000000002,-3.4004163775156138,3.747397640527418
2026-04-14,13.9,14.14,13.75,13.85,10223603.0,141985763.0,238685877.0,0.042832877791089415,-0.07000000000000028,-0.5028735632183978,2.8017241379310387
2026-04-15,13.86,14.68,13.84,14.18,11903583.0,170759969.0,238685877.0,0.04987133361057638,0.33000000000000007,2.382671480144416,6.064981949458483
2026-04-16,14.18,15.1,13.88,15.03,16931592.0,244857332.0,238685877.0,0.070936714868974,0.8499999999999996,5.99435825105783,8.603667136812405
2026-04-17,15.1,15.51,14.44,14.64,17118934.0,253582206.0,238685877.0,0.07172160420702227,-0.3899999999999988,-2.594810379241508,7.119095143047241
2026-04-20,14.69,15.49,14.46,15.42,16155286.0,243527638.0,238685877.0,0.06768429788579405,0.7799999999999994,5.327868852459017,7.035519125683056
2026-04-21,15.3,15.68,15.15,15.27,11772694.0,181260561.0,238685877.0,0.04932296015151328,-0.15000000000000036,-0.9727626459144045,3.4370946822308652
2026-04-22,15.18,16.8,15.18,16.8,27838213.0,456416774.0,238685877.0,0.1166311695936664,1.5300000000000011,10.019646365422407,10.60903732809431
2026-04-23,16.8,16.88,16.25,16.5,21982151.0,364528533.0,238685877.0,0.09209657176323005,-0.3000000000000007,-1.7857142857142905,3.749999999999994
2026-04-24,16.61,16.61,15.5,16.36,20891907.0,334449699.0,238685877.0,0.08752887796541058,-0.14000000000000057,-0.848484848484854,6.727272727272723
2026-04-27,16.22,16.73,15.7,16.28,14868416.0,239312146.0,238685877.0,0.06229281843935827,-0.0799999999999983,-0.4889975550122161,6.295843520782403
2026-04-28,16.14,16.5,16.06,16.29,8142800.0,132282051.0,238685877.0,0.03411513116044147,0.00999999999999801,0.06142506142505777,2.7027027027027106
2026-04-29,16.25,16.3,15.8,16.07,9039086.0,145184087.0,238685877.0,0.037870217180884985,-0.21999999999999886,-1.3505217925107393,3.0693677102516883
2026-04-30,16.06,17.12,15.98,16.88,16535473.0,276102394.0,238685877.0,0.06927713196872558,0.8099999999999987,5.040448039825751,7.093963907902928
2026-05-06,17.91,17.96,16.77,16.82,16744565.0,288837725.0,238685877.0,0.07015314525710292,-0.05999999999999872,-0.35545023696681444,7.049763033175363
2026-05-07,17.02,17.32,16.66,17.16,9091434.0,155556969.0,238685877.0,0.038089534723497694,0.33999999999999986,2.021403091557672,3.923900118906065
2026-05-08,17.05,18.75,17.02,18.53,16850222.0,304570614.0,238685877.0,0.07059580655457047,1.370000000000001,7.983682983682994,10.081585081585084
2026-05-11,18.61,18.8,18.0,18.15,12255955.0,224610273.0,238685877.0,0.051347633777259476,-0.38000000000000256,-2.0507285483000626,4.317323259579064
2026-05-12,18.23,18.24,17.53,17.62,9108071.0,161994591.0,238685877.0,0.038159237213687344,-0.5299999999999976,-2.920110192837455,3.9118457300275336
2026-05-13,17.38,18.05,17.38,17.67,8144900.0,144152748.0,238685877.0,0.034123929334956005,0.05000000000000071,0.2837684449489286,3.80249716231556
2026-05-14,17.66,18.1,17.25,17.71,9706018.0,171334483.0,238685877.0,0.04066440009770666,0.03999999999999915,0.22637238256932868,4.810413129598197
2026-05-15,17.89,17.89,16.96,17.28,9340000.0,162160878.0,238685877.0,0.03913092855510676,-0.4299999999999997,-2.4280067758328583,5.2512704686617715
2026-05-18,17.23,18.1,17.08,17.76,10062900.0,178594868.0,238685877.0,0.04215959539156144,0.4800000000000004,2.77777777777779,5.902777777777795
2026-05-19,17.98,18.37,17.3,17.48,7193200.0,126418941.0,238685877.0,0.03013668043710856,-0.28000000000000114,-1.5765765765765827,6.024774774774776
2026-05-20,17.37,18.35,17.2,18.17,10141119.0,182309929.0,238685877.0,0.042487302254586266,0.6900000000000013,3.9473684210526327,6.578947368421065
2026-05-21,18.25,18.56,17.45,17.57,9480422.0,171541122.0,238685877.0,0.03971924153685892,-0.6000000000000014,-3.3021463951568575,6.108970831040173
2026-05-22,17.69,18.4,17.27,18.22,8573189.0,154969294.0,238685877.0,0.03591829188955323,0.6499999999999986,3.699487763232767,6.431417188389295
2026-05-25,18.2,19.95,18.2,19.04,12245105.0,234017424.0,238685877.0,0.05130217654226773,0.8200000000000003,4.500548847420416,9.604829857299672
2026-05-26,19.34,19.6,18.78,19.13,12187448.0,233433368.0,238685877.0,0.0510606163765609,0.08999999999999986,0.4726890756302504,4.306722689075632
2026-05-27,18.79,21.04,18.79,19.98,29967190.0,611142188.0,238685877.0,0.1255507463476777,0.8500000000000014,4.443282801881865,11.761630946157869
2026-05-28,19.86,20.57,19.53,20.4,17715684.0,358125759.0,238685877.0,0.0742217521315683,0.41999999999999815,2.102102102102088,5.205205205205201
2026-05-29,20.11,21.49,20.11,20.79,16445563.0,344028338.0,238685877.0,0.06890044441129628,0.39000000000000057,1.9117647058823461,6.764705882352937
2026-06-01,20.6,22.15,20.25,22.15,22833695.0,489769757.0,238685877.0,0.0956642063912311,1.3599999999999994,6.541606541606537,9.139009139009133
2026-06-02,21.73,22.14,19.94,19.94,9771112.0,202408051.0,238685877.0,0.040937118370015665,-2.2099999999999973,-9.977426636568843,9.932279909706544
2026-06-03,19.86,20.0,17.95,18.6,30970906.0,581945400.0,238685877.0,0.12975592183864318,-1.3399999999999999,-6.720160481444337,10.28084252758275
2026-06-04,18.2,18.2,16.81,16.98,22562149.0,388525787.0,238685877.0,0.09452653539279159,-1.620000000000001,-8.709677419354843,7.473118279569895
2026-06-05,17.0,18.68,17.0,17.96,22902146.0,415028833.0,238685877.0,0.09595098917394262,0.9800000000000004,5.771495877502941,9.893992932862188
2026-06-08,17.45,18.98,17.12,17.94,14928453.0,270423538.0,238685877.0,0.0625443498695149,-0.019999999999999574,-0.11135857461024301,10.356347438752781
2026-06-09,18.2,18.3,17.24,18.16,11854615.0,211028657.0,238685877.0,0.04966617693932515,0.21999999999999886,1.2263099219620877,5.908584169453747
2026-06-10,17.85,18.36,17.62,18.02,7325100.0,131509014.0,238685877.0,0.030689289588759373,-0.14000000000000057,-0.770925110132159,4.074889867841401
2026-06-11,18.04,18.26,17.01,17.29,8445300.0,147041333.0,238685877.0,0.03538248725122518,-0.7300000000000004,-4.05105438401776,6.9367369589345165
2026-06-12,17.3,18.35,17.0,18.1,12148644.0,214060574.0,238685877.0,0.050898042869960004,0.8100000000000023,4.684788895315228,7.807981492192027
2026-06-15,17.75,18.16,16.29,16.62,18315369.0,306274924.0,238685877.0,0.07673419655240013,-1.4800000000000004,-8.176795580110497,10.331491712707187
2026-06-16,16.62,16.99,16.1,16.61,11256719.0,186152367.0,238685877.0,0.04716122772525833,-0.010000000000001563,-0.06016847172082285,5.354993983152809
2026-06-17,16.66,18.27,16.4,18.27,9160283.0,162183395.0,238685877.0,0.03837798496976007,1.6600000000000001,9.993979530403374,11.258278145695371
2026-06-18,18.27,19.2,18.27,18.72,18336223.0,344050363.0,238685877.0,0.07682156661493633,0.4499999999999993,2.463054187192104,5.09031198686371
