date,open,high,low,close,volume,amount,outstanding_share,turnover,change,pct_chg,amplitude
2023-03-06,7.19,7.43,7.17,7.33,6715434.0,53325491.0,239338667.0,0.028058291141063302,,,
2023-03-07,7.3,7.32,7.02,7.05,6154600.0,47837806.0,239338667.0,0.025715025813192148,-0.28000000000000025,-3.8199181446111896,4.092769440654853
2023-03-08,7.01,7.12,7.0,7.11,4195920.0,32147541.0,239338667.0,0.017531308470101908,0.0600000000000005,0.8510638297872353,1.7021276595744694
2023-03-09,7.15,7.15,7.04,7.09,2801940.0,21547134.0,239338667.0,0.011707009298251001,-0.020000000000000462,-0.2812939521800395,1.547116736990159
2023-03-10,7.02,7.31,6.95,7.2,10521500.0,81744780.0,239338667.0,0.043960719477058006,0.11000000000000032,1.5514809590973178,5.077574047954858
2023-03-13,7.18,7.47,6.92,7.14,14594895.0,113411372.0,239338667.0,0.06098009645888101,-0.0600000000000005,-0.8333333333333415,7.638888888888887
2023-03-14,7.06,7.11,6.68,6.97,15216860.0,113317016.0,239338667.0,0.06357877810023903,-0.16999999999999993,-2.3809523809523836,6.022408963585443
2023-03-15,6.82,6.99,6.74,6.86,8832520.0,65569668.0,239338667.0,0.036903857244262164,-0.10999999999999943,-1.5781922525107572,3.5868005738880915
2023-03-16,6.85,6.93,6.69,6.69,6449760.0,47408696.0,239338667.0,0.0269482573829159,-0.16999999999999993,-2.478134110787167,3.498542274052468
2023-03-17,6.75,6.87,6.69,6.81,6875240.0,50645697.0,239338667.0,0.028725989352986578,0.11999999999999922,1.7937219730941534,2.6905829596412514
2023-03-20,6.82,6.84,6.72,6.72,5161495.0,37875040.0,239338667.0,0.021565654495769377,-0.08999999999999986,-1.3215859030836996,1.7621145374449354
2023-03-21,6.73,6.82,6.71,6.81,2979170.0,21925052.0,239338667.0,0.01244750811618751,0.08999999999999986,1.3392857142857206,1.6369047619047667
2023-03-22,6.82,6.87,6.78,6.81,3196270.0,23665926.0,239338667.0,0.01335459096544563,0.0,0.0,1.3215859030836985
2023-03-23,6.81,6.84,6.76,6.82,3486450.0,25706525.0,239338667.0,0.014567015199428683,0.010000000000000675,0.1468428781204123,1.1747430249632904
2023-03-24,6.83,6.83,6.73,6.8,4215820.0,30993866.0,239338667.0,0.017614454249467344,-0.020000000000000462,-0.2932551319648202,1.4662756598240416
2023-03-27,6.79,6.84,6.75,6.82,3273600.0,24131850.0,239338667.0,0.013677689614607906,0.020000000000000462,0.2941176470588225,1.3235294117647038
2023-03-28,6.85,6.85,6.72,6.72,3137824.0,23079612.0,239338667.0,0.0131103930649033,-0.10000000000000053,-1.4662756598240567,1.9061583577712593
2023-03-29,6.8,6.8,6.59,6.6,3529139.0,25477299.0,239338667.0,0.014745377519797083,-0.1200000000000001,-1.7857142857142905,3.1249999999999996
2023-03-30,6.6,6.63,6.51,6.51,2626100.0,18642526.0,239338667.0,0.010972318150330469,-0.08999999999999986,-1.3636363636363669,1.81818181818182
2023-03-31,6.51,6.59,6.5,6.58,2356650.0,16758548.0,239338667.0,0.00984650758500297,0.07000000000000028,1.0752688172043001,1.3824884792626706
2023-04-03,6.53,6.68,6.53,6.66,2595480.0,18624616.0,239338667.0,0.010844382282784252,0.08000000000000007,1.2158054711246313,2.2796352583586548
2023-04-04,6.63,6.64,6.45,6.51,3613830.0,25644520.0,239338667.0,0.015099231750964837,-0.15000000000000036,-2.2522522522522626,2.8528528528528456
2023-04-06,6.51,6.51,6.36,6.47,2348550.0,16446940.0,239338667.0,0.00981266432807533,-0.040000000000000036,-0.6144393241167445,2.30414746543778
2023-04-07,6.52,6.52,6.39,6.41,4529719.0,31626370.0,239338667.0,0.018925980731730237,-0.05999999999999961,-0.9273570324574876,2.009273570324573
2023-04-10,6.41,6.47,6.29,6.3,3654740.0,25169278.0,239338667.0,0.01527016108934876,-0.11000000000000032,-1.7160686427457161,2.808112324492975
2023-04-11,6.32,6.33,6.26,6.29,2039320.0,13916374.0,239338667.0,0.008520645767614307,-0.009999999999999787,-0.15873015873015817,1.1111111111111156
2023-04-12,6.31,6.35,6.26,6.33,2139399.0,14623593.0,239338667.0,0.008938793830584843,0.040000000000000036,0.6359300476947549,1.4308426073131935
2023-04-13,6.31,6.33,6.2,6.2,2771160.0,18802769.0,239338667.0,0.011578404921925967,-0.1299999999999999,-2.0537124802527673,2.053712480252763
2023-04-14,6.22,6.27,6.17,6.24,2056800.0,13914082.0,239338667.0,0.008593680351700128,0.040000000000000036,0.6451612903225712,1.6129032258064457
2023-04-17,6.25,6.38,6.23,6.26,6614700.0,45044637.0,239338667.0,0.027637406370279484,0.019999999999999574,0.3205128205128194,2.4038461538461453
2023-04-18,6.28,6.29,6.18,6.25,4589864.0,31101779.0,239338667.0,0.01917727735986764,-0.009999999999999787,-0.15974440894568342,1.757188498402561
2023-04-19,6.26,6.26,6.14,6.15,3518200.0,23547320.0,239338667.0,0.014699672410225299,-0.09999999999999964,-1.5999999999999903,1.9200000000000015
2023-04-20,6.11,6.18,6.06,6.17,3015500.0,20035182.0,239338667.0,0.01259930139077778,0.019999999999999574,0.3252032520325132,1.9512195121951237
2023-04-21,6.16,6.17,5.98,5.99,3423090.0,22487703.0,239338667.0,0.014302285723016917,-0.17999999999999972,-2.917341977309562,3.07941653160453
2023-04-24,5.95,6.04,5.88,5.97,3129280.0,20244382.0,239338667.0,0.01307469469611444,-0.020000000000000462,-0.33388981636061077,2.67111853088481
2023-04-25,5.98,5.98,5.75,5.82,2645388.0,16746702.0,239338667.0,0.011052906883616929,-0.14999999999999947,-2.5125628140703404,3.8525963149078803
2023-04-26,5.82,5.99,5.79,5.98,2894710.0,18593832.0,239338667.0,0.012094619044569176,0.16000000000000014,2.749140893470803,3.436426116838491
2023-04-27,5.95,6.04,5.92,5.98,3282000.0,21241758.0,239338667.0,0.01371278632549583,0.0,0.0,2.006688963210704
2023-04-28,5.99,6.16,5.94,6.13,3772070.0,24835827.0,239338667.0,0.015760386933215433,0.14999999999999947,2.508361204013365,3.678929765886283
2023-05-04,6.09,6.35,6.09,6.25,3970500.0,26919983.0,239338667.0,0.016589463164345276,0.1200000000000001,1.9575856443719397,4.2414355628058695
2023-05-05,6.28,6.28,6.15,6.24,2729110.0,18369317.0,239338667.0,0.011402712458492968,-0.009999999999999787,-0.15999999999999348,2.0799999999999983
2023-05-08,6.22,6.29,6.17,6.27,2155630.0,14633521.0,239338667.0,0.009006609868016019,0.02999999999999936,0.48076923076922906,1.9230769230769247
2023-05-09,6.27,6.31,6.17,6.17,2262091.0,15240492.0,239338667.0,0.009451423074901641,-0.09999999999999964,-1.5948963317384268,2.232854864433807
2023-05-10,6.12,6.23,6.11,6.2,1638756.0,11004527.0,239338667.0,0.0068470173271249985,0.03000000000000025,0.4862236628849326,1.94489465153971
2023-05-11,6.21,6.27,6.18,6.25,1658860.0,11223435.0,239338667.0,0.006931015455183429,0.04999999999999982,0.8064516129032251,1.451612903225804
2023-05-12,6.27,6.27,6.16,6.19,1326900.0,8930947.0,239338667.0,0.005544026866331632,-0.05999999999999961,-0.9599999999999942,1.7599999999999907
2023-05-15,6.22,6.24,6.09,6.24,1718330.0,11477996.0,239338667.0,0.0071794918119101915,0.04999999999999982,0.8077544426494221,2.4232633279483093
2023-05-16,6.24,6.26,6.17,6.18,1263040.0,8502290.0,239338667.0,0.005277208299986061,-0.0600000000000005,-0.9615384615384692,1.4423076923076898
2023-05-17,6.18,6.31,6.15,6.31,2964610.0,20173566.0,239338667.0,0.01238667381731511,0.1299999999999999,2.1035598705501535,2.588996763754033
2023-05-18,6.33,6.35,6.28,6.3,1497750.0,10231740.0,239338667.0,0.006257868896712791,-0.009999999999999787,-0.15847860538826808,1.1093502377178985
2023-05-19,6.29,6.33,6.21,6.3,1755230.0,11982805.0,239338667.0,0.007333666649024999,0.0,0.0,1.9047619047619067
2023-05-22,6.29,6.31,6.25,6.3,1726800.0,11770842.0,239338667.0,0.007214880995388848,0.0,0.0,0.9523809523809462
2023-05-23,6.27,6.42,6.25,6.28,2774770.0,19064390.0,392886000.0,0.007062532134003248,-0.019999999999999574,-0.31746031746030523,2.6984126984126977
2023-05-24,6.31,6.31,6.22,6.22,1714120.0,11650051.0,392886000.0,0.00436289407105369,-0.0600000000000005,-0.9554140127388644,1.433121019108278
2023-05-25,6.22,6.28,6.15,6.27,1436970.0,9689596.0,392886000.0,0.003657473160153327,0.04999999999999982,0.8038585209003246,2.0900321543408342
2023-05-26,6.28,6.32,6.16,6.3,1954220.0,13227270.0,392886000.0,0.004974012817967553,0.03000000000000025,0.4784688995215447,2.5518341307815016
2023-05-29,6.31,6.41,6.28,6.32,2398700.0,16483748.0,392886000.0,0.006105333353695474,0.020000000000000462,0.31746031746031633,2.0634920634920615
2023-05-30,6.33,6.59,6.31,6.43,5148350.0,35979833.0,392886000.0,0.013103928365989117,0.10999999999999943,1.7405063291139111,4.430379746835446
2023-05-31,6.42,6.46,6.34,6.36,2571080.0,17809859.0,392886000.0,0.006544086579822137,-0.0699999999999994,-1.0886469673405785,1.8662519440124437
2023-06-01,6.32,6.41,6.29,6.37,1922820.0,13300741.0,392886000.0,0.004894091415830546,0.009999999999999787,0.15723270440251014,1.8867924528301903
2023-06-02,6.4,6.41,6.35,6.38,1352840.0,9357846.0,392886000.0,0.0034433397983129966,0.009999999999999787,0.15698587127157548,0.9419152276295211
2023-06-05,6.38,6.38,6.31,6.33,1736100.0,11956265.0,392886000.0,0.004418839052549595,-0.04999999999999982,-0.7836990595611271,1.0971786833855846
2023-06-06,6.3,6.37,6.19,6.19,2197420.0,14959550.0,392886000.0,0.005593021894391758,-0.13999999999999968,-2.211690363349128,2.8436018957345923
2023-06-07,6.19,6.64,6.15,6.46,6868150.0,47917265.0,392886000.0,0.017481279556919818,0.2699999999999996,4.3618739903069415,7.915993537964447
2023-06-08,6.38,6.42,6.26,6.29,4398310.0,30201576.0,392886000.0,0.01119487586729993,-0.16999999999999993,-2.631578947368418,2.4767801857585163
2023-06-09,6.28,6.29,6.12,6.21,3655050.0,24529919.0,392886000.0,0.009303080282830134,-0.08000000000000007,-1.2718600953895098,2.7027027027027013
2023-06-12,6.14,6.18,6.04,6.16,2450460.0,16245192.0,392886000.0,0.006237076403842336,-0.04999999999999982,-0.805152979066015,2.254428341384858
2023-06-13,6.12,6.18,6.1,6.17,1720180.0,11479033.0,392886000.0,0.004378318392612615,0.009999999999999787,0.16233766233766378,1.2987012987012998
2023-06-14,6.18,6.18,6.05,6.06,2368510.0,15661445.0,392886000.0,0.006028491725335084,-0.11000000000000032,-1.7828200972447417,2.106969205834682
2023-06-15,6.06,6.07,5.99,6.01,2105550.0,13755091.0,392886000.0,0.005359188161451413,-0.04999999999999982,-0.8250825082508184,1.3201320132013215
2023-06-16,6.02,6.06,5.99,6.0,1594360.0,10419179.0,392886000.0,0.004058072825196113,-0.009999999999999787,-0.16638935108153063,1.1647254575707053
2023-06-19,6.01,6.05,5.93,5.93,1989484.0,12876186.0,392886000.0,0.005063769134049063,-0.07000000000000028,-1.1666666666666714,2.0000000000000018
2023-06-20,5.94,5.97,5.85,5.86,2126280.0,13561013.0,392886000.0,0.005411951558467342,-0.0699999999999994,-1.1804384485666009,2.023608768971334
2023-06-21,5.85,5.88,5.78,5.8,2049600.0,12951018.0,392886000.0,0.00521678044012767,-0.0600000000000005,-1.0238907849829393,1.7064846416382191
2023-06-26,5.81,5.95,5.75,5.91,7033920.0,44775872.0,392886000.0,0.017903208564316368,0.11000000000000032,1.8965517241379404,3.448275862068969
2023-06-27,5.93,6.15,5.8,6.05,6074842.0,39340010.0,392886000.0,0.015462098420406937,0.13999999999999968,2.368866328257191,5.922165820642987
2023-06-28,6.17,6.17,6.02,6.14,3882141.0,25693327.0,392886000.0,0.009881087643743987,0.08999999999999986,1.4876033057851235,2.4793388429752126
2023-06-29,6.14,6.4,6.12,6.33,5724076.0,39165863.0,392886000.0,0.014569305091044222,0.1900000000000004,3.0944625407166138,4.560260586319222
2023-06-30,6.35,6.51,6.33,6.44,5286770.0,36987527.0,392886000.0,0.01345624430496378,0.11000000000000032,1.7377567140600458,2.8436018957345923
2023-07-03,6.49,6.49,6.37,6.41,2747470.0,19113121.0,392886000.0,0.006993046328960564,-0.03000000000000025,-0.46583850931677384,1.8633540372670823
2023-07-04,6.42,6.49,6.39,6.43,2000120.0,13962588.0,392886000.0,0.005090840600072285,0.019999999999999574,0.31201248049921304,1.560062402496108
2023-07-05,6.37,6.48,6.37,6.43,2255630.0,15719343.0,392886000.0,0.005741181920455298,0.0,0.0,1.7107309486780766
2023-07-06,6.45,6.47,6.37,6.41,1664321.0,11545025.0,392886000.0,0.004236142290639015,-0.019999999999999574,-0.3110419906687367,1.5552099533436958
2023-07-07,6.37,6.55,6.37,6.44,2972750.0,20851244.0,392886000.0,0.007566444210279827,0.03000000000000025,0.46801872074884177,2.808112324492975
2023-07-10,6.44,6.51,6.43,6.47,1741240.0,12217382.0,392886000.0,0.004431921727931257,0.02999999999999936,0.46583850931676274,1.2422360248447215
2023-07-11,6.51,6.51,6.42,6.46,1385620.0,9713779.0,392886000.0,0.0035267736697158973,-0.009999999999999787,-0.1545595054095794,1.391035548686242
2023-07-12,6.45,6.51,6.31,6.33,2064000.0,14343526.0,392886000.0,0.0052534322933369985,-0.1299999999999999,-2.0123839009287936,3.0959752321981453
2023-07-13,6.39,6.43,6.31,6.4,1927022.0,13353270.0,392886000.0,0.004904786630218435,0.07000000000000028,1.1058451816745807,1.8957345971563997
2023-07-14,6.37,6.43,6.34,6.38,1662450.0,11493383.0,392886000.0,0.004231380094989386,-0.020000000000000462,-0.31250000000000444,1.4062499999999978
2023-07-17,6.36,6.47,6.33,6.45,2173160.0,15157666.0,392886000.0,0.005531273702804376,0.07000000000000028,1.0971786833855912,2.194357366771155
2023-07-18,6.5,6.57,6.41,6.54,2999980.0,21207408.0,392886000.0,0.007635751846591632,0.08999999999999986,1.3953488372093092,2.480620155038762
2023-07-19,6.56,6.56,6.48,6.5,1812099.0,12798820.0,392886000.0,0.004612276843664574,-0.040000000000000036,-0.6116207951070374,1.2232415902140548
2023-07-20,6.54,6.54,6.42,6.44,1878900.0,13232042.0,392886000.0,0.004782303263542096,-0.05999999999999961,-0.9230769230769154,1.8461538461538478
2023-07-21,6.41,6.49,6.41,6.44,1480200.0,10359904.0,392886000.0,0.00376750507780883,0.0,0.0,1.2422360248447215
2023-07-24,6.46,6.48,6.39,6.44,1372030.0,9592840.0,392886000.0,0.003492183483249594,0.0,0.0,1.397515527950322
2023-07-25,6.46,6.53,6.44,6.52,2139130.0,15111993.0,392886000.0,0.005444658246921499,0.07999999999999918,1.2422360248447006,1.3975155279503084
2023-07-26,6.5,6.54,6.45,6.48,2351949.0,16586800.0,392886000.0,0.005986339548876773,-0.03999999999999915,-0.6134969325153228,1.3803680981595072
2023-07-27,6.45,6.56,6.41,6.52,2006380.0,14201660.0,392886000.0,0.005106773975148008,0.03999999999999915,0.6172839506172645,2.3148148148148064
2023-07-28,6.48,6.52,6.41,6.51,1743531.0,12247960.0,392886000.0,0.004437752935966158,-0.009999999999999787,-0.15337423312883347,1.6871165644171693
2023-07-31,6.54,6.57,6.48,6.53,1798161.0,12704151.0,392886000.0,0.004576800904079046,0.020000000000000462,0.3072196620583778,1.3824884792626706
2023-08-01,6.52,7.18,6.51,7.01,23235413.0,175662081.0,392886000.0,0.05914034350931313,0.47999999999999954,7.3506891271056585,10.26033690658499
2023-08-02,7.01,7.01,6.61,6.66,21046020.0,153648880.0,392886000.0,0.05356775247781799,-0.34999999999999964,-4.992867332382311,5.706134094151205
2023-08-03,6.61,6.64,6.4,6.44,11358373.0,80046416.0,392886000.0,0.028910098603666202,-0.21999999999999975,-3.3033033033032955,3.603603603603593
2023-08-04,6.49,6.94,6.46,6.61,11010505.0,79319079.0,392886000.0,0.028024681459761863,0.16999999999999993,2.6397515527950333,7.453416149068329
2023-08-07,6.47,6.52,6.3,6.31,8847830.0,61215524.0,392886000.0,0.02252009488757553,-0.3000000000000007,-4.538577912254171,3.32829046898638
2023-08-08,6.45,6.95,6.41,6.95,10474854.0,77931556.0,392886000.0,0.026661306333134804,0.6400000000000006,10.142630744849445,8.557844690966721
2023-08-09,7.1,7.54,6.99,7.15,38999115.0,303701709.0,392886000.0,0.09926318321345123,0.20000000000000018,2.877697841726623,7.913669064748198
2023-08-10,6.96,7.2,6.85,7.17,23050067.0,175446380.0,392886000.0,0.058668588343692575,0.019999999999999574,0.2797202797202747,4.895104895104902
2023-08-11,7.0,7.42,6.94,7.21,23732477.0,184988290.0,392886000.0,0.060405504395677115,0.040000000000000036,0.557880055788007,6.69456066945606
2023-08-14,7.04,7.82,6.91,7.53,29972184.0,241672868.0,392886000.0,0.0762872283563171,0.3200000000000003,4.438280166435504,12.621359223300974
2023-08-15,7.38,7.58,7.08,7.17,20415155.0,161126628.0,392886000.0,0.05196203224344975,-0.3600000000000003,-4.780876494023911,6.640106241699867
2023-08-16,7.26,7.68,7.0,7.19,18425654.0,145805222.0,392886000.0,0.04689821983985176,0.020000000000000462,0.2789400278940146,9.48396094839609
2023-08-17,7.0,7.03,6.72,6.89,15623054.0,115936438.0,392886000.0,0.03976485290898632,-0.3000000000000007,-4.172461752433943,4.311543810848407
2023-08-18,6.88,7.59,6.74,7.56,55835229.0,454475382.0,392886000.0,0.14211559841786167,0.6699999999999999,9.724238026124809,12.33671988388969
2023-08-21,7.24,7.24,6.8,6.9,41156648.0,311418344.0,392886000.0,0.10475468201972073,-0.6599999999999993,-8.73015873015872,5.820105820105825
2023-08-22,6.8,6.82,6.37,6.52,24109100.0,171573204.0,392886000.0,0.061364110708958836,-0.3800000000000008,-5.507246376811603,6.521739130434785
2023-08-23,6.45,6.47,6.05,6.08,19114295.0,127880010.0,392886000.0,0.04865099545415209,-0.4399999999999995,-6.7484662576687064,6.441717791411042
2023-08-24,6.09,6.2,5.94,6.12,12895459.0,85212604.0,392886000.0,0.03282239377325738,0.040000000000000036,0.6578947368421018,4.2763157894736805
2023-08-25,6.0,6.23,5.92,6.04,10687945.0,70517067.0,392886000.0,0.02720367994787292,-0.08000000000000007,-1.3071895424836666,5.065359477124192
2023-08-28,6.33,6.33,5.92,5.92,13777061.0,91141779.0,392886000.0,0.035066306765830293,-0.1200000000000001,-1.9867549668874163,6.788079470198678
2023-08-29,5.85,6.15,5.83,6.15,13225000.0,86395225.0,392886000.0,0.0336611637981501,0.23000000000000043,3.8851351351351315,5.405405405405411
2023-08-30,6.09,6.19,6.07,6.1,6356870.0,42239186.0,392886000.0,0.01617993514658196,-0.05000000000000071,-0.8130081300813163,1.9512195121951237
2023-08-31,6.1,6.13,6.01,6.02,5904560.0,38735908.0,392886000.0,0.015028685165671468,-0.08000000000000007,-1.3114754098360715,1.9672131147541003
2023-09-01,6.04,6.06,5.96,5.98,5438970.0,35398967.0,392886000.0,0.013843634031245704,-0.03999999999999915,-0.6644518272425071,1.6611295681063065
2023-09-04,6.02,6.22,5.99,6.21,7802360.0,51837934.0,392886000.0,0.019859093986550808,0.22999999999999954,3.8461538461538325,3.846153846153838
2023-09-05,6.22,6.24,6.12,6.17,5785750.0,38720981.0,392886000.0,0.014726281924018671,-0.040000000000000036,-0.6441223832528209,1.9323671497584558
2023-09-06,6.17,6.23,6.15,6.18,4512100.0,30288228.0,392886000.0,0.011484501865681139,0.009999999999999787,0.16207455429497752,1.2965964343598066
2023-09-07,6.23,6.23,6.04,6.07,4720811.0,31327254.0,392886000.0,0.01201572720840142,-0.10999999999999943,-1.7799352750809017,3.074433656957935
2023-09-08,6.07,6.12,6.02,6.04,3938600.0,25872668.0,392886000.0,0.010024790906267976,-0.03000000000000025,-0.49423393739703725,1.647446457990124
2023-09-11,6.02,6.17,6.01,6.16,5008420.0,33206712.0,392886000.0,0.01274776907296264,0.1200000000000001,1.9867549668874274,2.6490066225165587
2023-09-12,6.14,6.16,6.06,6.11,3310800.0,21900517.0,392886000.0,0.008426871917044639,-0.04999999999999982,-0.8116883116883078,1.6233766233766318
2023-09-13,6.08,6.1,6.0,6.05,3776840.0,24713831.0,392886000.0,0.009613068421883192,-0.0600000000000005,-0.9819967266775809,1.6366612111292904
2023-09-14,6.09,6.09,6.0,6.06,2787510.0,18268120.0,392886000.0,0.007094958843023167,0.009999999999999787,0.16528925619834212,1.4876033057851217
2023-09-15,6.07,6.15,6.03,6.07,3664070.0,24196338.0,392886000.0,0.009326038596437644,0.010000000000000675,0.16501650165017256,1.980198019801982
2023-09-18,6.05,6.23,6.01,6.21,5864890.0,39264046.0,392886000.0,0.014927714400614937,0.13999999999999968,2.3064250411861664,3.6243822075782637
2023-09-19,6.2,6.23,6.11,6.13,3163290.0,21156924.0,392886000.0,0.008051419495731587,-0.08000000000000007,-1.2882447665056418,1.9323671497584558
2023-09-20,6.11,6.19,6.06,6.07,2473300.0,16425002.0,392886000.0,0.006295210315460464,-0.05999999999999961,-0.9787928221859588,2.120717781402949
2023-09-21,6.07,6.11,6.01,6.04,2193000.0,14400757.0,392886000.0,0.005581771811670561,-0.03000000000000025,-0.49423393739703725,1.647446457990124
2023-09-22,6.0,6.16,6.0,6.15,3142330.0,20758756.0,392886000.0,0.007998070687171342,0.11000000000000032,1.8211920529801473,2.6490066225165587
2023-09-25,6.13,6.19,6.06,6.09,2818120.0,18669903.0,392886000.0,0.007172869483768829,-0.0600000000000005,-0.9756097560975729,2.113821138211395
2023-09-26,6.1,6.15,6.06,6.11,3485200.0,23057625.0,392886000.0,0.008870766583690943,0.020000000000000462,0.3284072249589487,1.4778325123152831
2023-09-27,6.11,6.19,6.07,6.12,3443980.0,22984454.0,392886000.0,0.008765850653879243,0.009999999999999787,0.16366612111291534,1.9639934533551573
2023-09-28,6.15,6.26,6.13,6.24,4323700.0,29148210.0,392886000.0,0.011004973452859099,0.1200000000000001,1.9607843137254832,2.124183006535946
2023-10-09,6.22,6.27,6.07,6.1,3951860.0,26323900.0,392886000.0,0.010058541154431565,-0.14000000000000057,-2.243589743589758,3.2051282051281937
2023-10-10,6.1,6.14,5.99,6.03,4505550.0,29481528.0,392886000.0,0.011467830363006063,-0.0699999999999994,-1.147540983606543,2.459016393442614
2023-10-11,6.03,6.1,5.97,6.04,3707950.0,24324699.0,392886000.0,0.009437724938022734,0.009999999999999787,0.16583747927030323,2.1558872305140944
2023-10-12,6.06,6.06,5.97,6.0,3049200.0,19846322.0,392886000.0,0.007761029917075182,-0.040000000000000036,-0.6622516556291425,1.4900662251655605
2023-10-13,5.97,6.01,5.9,5.93,3516900.0,22629451.0,392886000.0,0.008951451566103144,-0.07000000000000028,-1.1666666666666714,1.833333333333324
2023-10-16,5.92,5.96,5.87,5.92,3375820.0,21632040.0,392886000.0,0.00859236521535509,-0.009999999999999787,-0.1686340640809414,1.5177065767284967
2023-10-17,5.92,5.95,5.88,5.92,2700030.0,17326671.0,392886000.0,0.0068722988347765,0.0,0.0,1.1824324324324371
2023-10-18,5.91,5.94,5.8,5.8,3172649.0,20083540.0,392886000.0,0.008075240655050065,-0.1200000000000001,-2.0270270270270285,2.3648648648648742
2023-10-19,5.84,5.91,5.74,5.74,2835030.0,17882820.0,392886000.0,0.007215909958613949,-0.05999999999999961,-1.0344827586206806,2.9310344827586197
2023-10-20,5.74,5.82,5.71,5.73,2640300.0,16465553.0,392886000.0,0.006720270001985309,-0.009999999999999787,-0.17421602787456303,1.9163763066202144
2023-10-23,5.76,5.76,5.56,5.59,4247659.0,25978751.0,392886000.0,0.010811428760505592,-0.14000000000000057,-2.443280977312401,3.490401396160561
2023-10-24,5.61,5.84,5.58,5.81,4100840.0,25601904.0,392886000.0,0.01043773511909307,0.21999999999999975,3.9355992844364973,4.651162790697671
2023-10-25,5.86,5.99,5.81,5.96,4817810.0,31061811.0,392886000.0,0.012262615618780002,0.15000000000000036,2.581755593803803,3.0981067125645545
2023-10-26,5.93,5.99,5.86,5.99,2928289.0,18835456.0,392886000.0,0.007453279068228443,0.03000000000000025,0.5033557046979942,2.1812080536912735
2023-10-27,6.0,6.1,5.95,6.06,3706920.0,24347079.0,392886000.0,0.009435103312411234,0.0699999999999994,1.1686143572620988,2.5041736227044984
2023-10-30,5.99,6.04,5.88,5.89,5874975.0,37800691.0,392886000.0,0.014953383424199386,-0.16999999999999993,-2.8052805280528004,2.640264026402643
2023-10-31,5.9,5.95,5.81,5.92,3513019.0,22487327.0,392886000.0,0.008941573382609714,0.03000000000000025,0.5093378607809784,2.3769100169779387
2023-11-01,5.9,6.02,5.89,5.98,3356110.0,21706798.0,392886000.0,0.008542197991274822,0.0600000000000005,1.013513513513531,2.1959459459459443
2023-11-02,5.98,6.03,5.92,5.94,1900900.0,12281500.0,392886000.0,0.004838299150389681,-0.040000000000000036,-0.6688963210702337,1.8394648829431492
2023-11-03,5.91,6.07,5.91,6.04,3486345.0,22804488.0,392886000.0,0.008873680915074601,0.09999999999999964,1.683501683501687,2.693602693602696
2023-11-06,6.11,6.11,6.05,6.07,3300983.0,21737193.0,392886000.0,0.008401885025172697,0.03000000000000025,0.4966887417218624,0.9933774834437168
2023-11-07,6.09,6.09,6.01,6.06,2269683.0,14894636.0,392886000.0,0.005776950565812984,-0.010000000000000675,-0.16474464579901982,1.3179571663920933
2023-11-08,6.06,6.12,6.04,6.08,2637820.0,17409414.0,392886000.0,0.006713957738377035,0.020000000000000462,0.33003300330034513,1.3201320132013215
2023-11-09,6.1,6.16,6.04,6.06,2465212.0,16278255.0,392886000.0,0.0062746241912412255,-0.020000000000000462,-0.328947368421062,1.9736842105263175
2023-11-10,6.09,6.09,6.01,6.07,1786430.0,11743850.0,392886000.0,0.004546942370051364,0.010000000000000675,0.16501650165017256,1.3201320132013215
2023-11-13,6.06,6.17,6.04,6.16,2483000.0,16502612.0,392886000.0,0.006319899411025081,0.08999999999999986,1.4827018121911006,2.141680395387148
2023-11-14,6.2,6.73,6.17,6.35,20873750.0,145630615.0,392886000.0,0.05312927923112557,0.1899999999999995,3.0844155844155674,9.090909090909099
2023-11-15,6.37,6.41,6.24,6.29,13219330.0,90158361.0,392886000.0,0.033646732130948924,-0.05999999999999961,-0.9448818897637712,2.6771653543307075
2023-11-16,6.27,6.29,6.19,6.19,7386020.0,49919590.0,392886000.0,0.018799397280636114,-0.09999999999999964,-1.5898251192368762,1.5898251192368782
2023-11-17,6.21,6.36,6.17,6.33,8044480.0,54916595.0,392886000.0,0.02047535417398431,0.13999999999999968,2.2617124394184174,3.0694668820678577
2023-11-20,6.32,6.38,6.27,6.35,4718580.0,32323358.0,392886000.0,0.012010048716421558,0.019999999999999574,0.3159557661927215,1.7377567140600365
2023-11-21,6.37,6.37,6.27,6.28,4313280.0,29525750.0,392886000.0,0.010978451764634016,-0.0699999999999994,-1.1023622047244053,1.574803149606308
2023-11-22,6.26,6.34,6.24,6.29,4568538.0,31199701.0,392886000.0,0.011628151677585864,0.009999999999999787,0.15923566878981443,1.5923566878980837
2023-11-23,6.28,6.29,6.23,6.29,3722440.0,25303370.0,392886000.0,0.00947460586531462,0.0,0.0,0.9538950715421243
2023-11-24,6.26,6.52,6.24,6.34,10706170.0,73907760.0,392886000.0,0.027250067449590975,0.04999999999999982,0.7949125596184325,4.451510333863265
2023-11-27,6.34,6.36,6.25,6.25,6270330.0,42754568.0,392886000.0,0.015959667689864235,-0.08999999999999986,-1.4195583596214534,1.7350157728706677
2023-11-28,6.25,6.36,6.25,6.36,4760940.0,32684185.0,392886000.0,0.012117866251278997,0.11000000000000032,1.760000000000006,1.760000000000005
2023-11-29,6.35,6.42,6.32,6.33,4883760.0,33704925.0,392886000.0,0.012430476015943557,-0.03000000000000025,-0.4716981132075526,1.5723270440251518
2023-11-30,6.33,6.41,6.28,6.35,4654630.0,31961083.0,392886000.0,0.011847278854425965,0.019999999999999574,0.3159557661927215,2.053712480252763
2023-12-01,6.32,6.37,6.28,6.36,2998230.0,20591678.0,392886000.0,0.007631297628319665,0.010000000000000675,0.15748031496063408,1.4173228346456672
2023-12-04,6.35,6.45,6.35,6.41,3975430.0,27595035.0,392886000.0,0.010118533111386,0.04999999999999982,0.7861635220125729,1.5723270440251655
2023-12-05,6.36,6.39,6.28,6.28,2976070.0,20444326.0,392886000.0,0.007574894498658644,-0.1299999999999999,-2.028081123244929,1.7160686427457008
2023-12-06,6.28,6.33,6.25,6.31,2782680.0,19036729.0,392886000.0,0.007082665200592538,0.02999999999999936,0.4777070063694211,1.2738853503184724
2023-12-07,6.3,6.39,6.27,6.29,3698195.0,25376489.0,392886000.0,0.009412895852740999,-0.019999999999999574,-0.31695721077653616,1.901743264659273
2023-12-08,6.27,6.31,6.05,6.06,5992965.0,40018978.0,392886000.0,0.015253699546433316,-0.23000000000000043,-3.656597774244841,4.133545310015895
2023-12-11,5.99,6.09,5.95,6.0,6076130.0,39672738.0,392886000.0,0.015465376725055106,-0.05999999999999961,-0.9900990099009799,2.3102310231023053
2023-12-12,6.02,6.09,6.0,6.08,3490160.0,22911920.0,392886000.0,0.008883391110907489,0.08000000000000007,1.333333333333342,1.4999999999999978
2023-12-13,6.11,6.25,6.06,6.2,4646460.0,31127404.0,392886000.0,0.011826484018264841,0.1200000000000001,1.9736842105263275,3.125000000000006
2023-12-14,6.2,6.26,6.17,6.19,2932930.0,19748730.0,392886000.0,0.007465091655085699,-0.009999999999999787,-0.1612903225806428,1.451612903225804
2023-12-15,6.24,6.25,6.16,6.18,2275050.0,15319180.0,392886000.0,0.0057906110169362104,-0.010000000000000675,-0.1615508885298933,1.4539579967689797
2023-12-18,6.18,6.23,6.09,6.16,3334735.0,22369372.0,392886000.0,0.008487792896667226,-0.019999999999999574,-0.3236245954692518,2.2653721682847987
2023-12-19,6.15,6.2,6.05,6.1,3018200.0,19966042.0,392886000.0,0.0076821266219717676,-0.0600000000000005,-0.9740259740259827,2.4350649350649407
2023-12-20,6.1,6.19,6.08,6.09,2420200.0,16114848.0,392886000.0,0.0061600566067510675,-0.009999999999999787,-0.16393442622950616,1.8032786885245955
2023-12-21,6.08,6.17,5.96,6.12,3106860.0,20428765.0,392886000.0,0.007907790045967533,0.03000000000000025,0.49261083743843415,3.448275862068965
2023-12-22,6.11,6.17,6.06,6.07,2633300.0,17474897.0,392886000.0,0.006702453128897441,-0.04999999999999982,-0.8169934640522847,1.7973856209150378
2023-12-25,6.08,6.14,5.9,5.95,3620170.0,23412036.0,392886000.0,0.009214301349500874,-0.1200000000000001,-1.976935749588138,3.9538714991762656
2023-12-26,5.91,5.96,5.83,5.84,3241880.0,20672728.0,392886000.0,0.008251452075156662,-0.11000000000000032,-1.8487394957983239,2.18487394957983
2023-12-27,5.84,5.94,5.78,5.9,2111790.0,13420390.0,392886000.0,0.005375070631175456,0.0600000000000005,1.0273972602739878,2.739726027397263
2023-12-28,5.88,6.07,5.84,6.06,2900430.0,18821564.0,392886000.0,0.007382370458606314,0.15999999999999925,2.7118644067796405,3.89830508474577
2023-12-29,6.07,6.17,6.06,6.17,3203820.0,21321988.0,392886000.0,0.00815457919091034,0.11000000000000032,1.8151815181518316,1.8151815181518205
2024-01-02,6.17,6.26,6.14,6.25,4062530.0,27414414.0,392886000.0,0.010340225917950753,0.08000000000000007,1.296596434359798,1.94489465153971
2024-01-03,6.26,6.26,6.17,6.24,2723350.0,18336266.0,392886000.0,0.006931654474834939,-0.009999999999999787,-0.15999999999999348,1.4399999999999977
2024-01-04,6.22,6.26,6.18,6.25,2988080.0,20200920.0,392886000.0,0.007605463162342257,0.009999999999999787,0.1602564102564097,1.2820512820512833
2024-01-05,6.29,6.31,6.1,6.14,2571040.0,17293634.0,392886000.0,0.006543984769118777,-0.11000000000000032,-1.760000000000006,3.359999999999999
2024-01-08,6.16,6.3,6.08,6.08,5628560.0,37638979.0,392886000.0,0.014326191312492683,-0.05999999999999961,-0.9771986970683932,3.5830618892508106
2024-01-09,6.13,6.22,6.07,6.09,4588430.0,30596896.0,392886000.0,0.011678782140366417,0.009999999999999787,0.164473684210531,2.4671052631578863
2024-01-10,6.14,6.17,6.02,6.06,2796165.0,18510495.0,392886000.0,0.007116988133962524,-0.03000000000000025,-0.49261083743842304,2.463054187192124
2024-01-11,6.14,6.14,5.99,6.11,2362265.0,15576439.0,392886000.0,0.006012596529273122,0.05000000000000071,0.8250825082508406,2.475247524752467
2024-01-12,6.11,6.17,6.05,6.06,2402100.0,15910467.0,392886000.0,0.00611398726348101,-0.05000000000000071,-0.8183306055646544,1.9639934533551573
2024-01-15,6.05,6.12,5.99,6.05,3013460.0,19822347.0,392886000.0,0.0076700620536236976,-0.009999999999999787,-0.16501650165016146,2.145214521452144
2024-01-16,6.03,6.12,5.94,6.03,3015000.0,19685200.0,392886000.0,0.007673981765703029,-0.019999999999999574,-0.33057851239668423,2.9752066115702434
2024-01-17,6.08,6.13,5.92,5.92,5521920.0,36037426.0,392886000.0,0.014054763977336937,-0.11000000000000032,-1.8242122719734688,3.482587064676616
2024-01-18,5.76,5.89,5.58,5.72,5696480.0,35360087.0,392886000.0,0.01449906588679668,-0.20000000000000018,-3.378378378378377,5.236486486486481
2024-01-19,5.75,5.76,5.59,5.6,3433740.0,21014392.0,392886000.0,0.008739787113819276,-0.1200000000000001,-2.0979020979021046,2.9720279720279708
2024-01-22,5.55,5.64,5.17,5.25,5013030.0,29517513.0,392886000.0,0.012759502756524793,-0.34999999999999964,-6.249999999999989,8.392857142857139
2024-01-23,5.19,5.24,4.98,5.1,5768170.0,31916616.0,392886000.0,0.014681536119892284,-0.15000000000000036,-2.857142857142869,4.952380952380948
2024-01-24,5.1,5.29,5.04,5.26,4483990.0,25222246.0,392886000.0,0.01141295439389543,0.16000000000000014,3.1372549019607954,4.901960784313726
2024-01-25,5.28,5.55,5.24,5.54,4459760.0,26202180.0,392886000.0,0.011351282560335569,0.28000000000000025,5.323193916349811,5.893536121672996
2024-01-26,5.58,5.74,5.55,5.68,4898900.0,30213345.0,392886000.0,0.01246901136716503,0.13999999999999968,2.5270758122743597,3.4296028880866496
2024-01-29,5.69,5.74,5.42,5.45,3599200.0,21557046.0,392886000.0,0.009160927088264789,-0.22999999999999954,-4.049295774647876,5.633802816901413
2024-01-30,5.47,5.47,5.18,5.22,4111190.0,23775296.0,392886000.0,0.010464078638587275,-0.23000000000000043,-4.220183486238538,5.321100917431193
2024-01-31,5.62,5.74,5.14,5.19,21129984.0,125381429.0,392886000.0,0.053781463325239386,-0.02999999999999936,-0.5747126436781436,11.49425287356323
2024-02-01,5.09,5.27,4.95,5.22,15063954.0,84334238.0,392886000.0,0.038341793802782485,0.02999999999999936,0.5780346820809079,6.165703275529853
2024-02-02,5.09,5.34,4.69,4.78,13408340.0,72577801.0,392886000.0,0.03412781315699719,-0.4399999999999995,-8.429118773946353,12.452107279693477
2024-02-05,4.7,4.71,4.3,4.3,10658180.0,51060915.0,392886000.0,0.02712792005823572,-0.4800000000000004,-10.041841004184104,8.577405857740589
2024-02-06,3.9,4.22,3.87,3.97,12866092.0,54939102.0,392886000.0,0.03274764690011861,-0.3299999999999996,-7.674418604651157,8.139534883720923
2024-02-07,3.94,4.02,3.58,3.58,12910152.0,51932993.0,392886000.0,0.03285979138986882,-0.3900000000000001,-9.823677581863988,11.083123425692683
2024-02-08,3.52,3.93,3.42,3.91,11973180.0,47603177.0,392886000.0,0.030474946931170872,0.33000000000000007,9.21787709497206,14.24581005586593
2024-02-19,3.92,4.16,3.92,4.15,9354542.0,41400300.0,392886000.0,0.023809812515589765,0.2400000000000002,6.13810741687979,6.138107416879801
2024-02-20,4.15,4.29,4.04,4.21,5706110.0,25925885.0,392886000.0,0.014523576813630416,0.05999999999999961,1.4457831325301207,6.024096385542168
2024-02-21,4.14,4.64,4.14,4.64,13951477.0,68044775.0,392886000.0,0.03551024215675794,0.4299999999999997,10.213776722090252,11.876484560570072
2024-02-22,4.51,4.61,4.42,4.6,11467190.0,56242434.0,392886000.0,0.029187066986352275,-0.040000000000000036,-0.8620689655172376,4.094827586206906
2024-02-23,4.56,4.7,4.51,4.63,9328962.0,46619855.0,392886000.0,0.023744704570791527,0.03000000000000025,0.6521739130434856,4.130434782608704
2024-02-26,4.66,5.07,4.61,4.92,12408490.0,65494576.0,392886000.0,0.03158292736315369,0.29000000000000004,6.263498920086397,9.935205183585312
2024-02-27,4.94,5.1,4.87,5.07,8136360.0,44076396.0,392886000.0,0.020709213359600496,0.15000000000000036,3.0487804878048808,4.674796747967471
2024-02-28,5.08,5.21,4.61,4.62,10098880.0,53999066.0,392886000.0,0.025704351898515092,-0.4500000000000002,-8.875739644970416,11.834319526627212
2024-02-29,4.52,4.85,4.5,4.83,6642030.0,33965171.0,392886000.0,0.016905743650830012,0.20999999999999996,4.545454545454541,7.575757575757567
2024-03-01,4.82,4.93,4.81,4.84,6338920.0,33419647.0,392886000.0,0.0161342475934495,0.009999999999999787,0.20703933747412417,2.4844720496894435
2024-03-04,4.88,4.9,4.7,4.87,4553860.0,23878398.0,392886000.0,0.01159079223998819,0.03000000000000025,0.6198347107438051,4.132231404958682
2024-03-05,4.88,4.89,4.72,4.76,3854280.0,20054330.0,392886000.0,0.00981017394358669,-0.11000000000000032,-2.2587268993839893,3.4907597535934274
2024-03-06,4.75,4.8,4.68,4.77,3288020.0,16980920.0,392886000.0,0.00836889072148155,0.009999999999999787,0.21008403361344463,2.521008403361347
2024-03-07,4.81,5.25,4.79,5.02,21600330.0,120587969.0,392886000.0,0.05497861975229456,0.25,5.2410901467505155,9.643605870020965
2024-03-08,5.01,5.04,4.76,4.88,18088310.0,95017852.0,392886000.0,0.04603958909200124,-0.13999999999999968,-2.7888446215139417,5.577689243027894
2024-03-11,5.05,5.37,5.05,5.19,30931430.0,177705638.0,392886000.0,0.07872876610518063,0.3100000000000005,6.3524590163934525,6.557377049180333
2024-03-12,5.19,5.29,5.03,5.1,24634540.0,137238547.0,392886000.0,0.06270149610828586,-0.09000000000000075,-1.7341040462427904,5.009633911368011
2024-03-13,5.09,5.12,4.92,5.0,11184415.0,60646466.0,392886000.0,0.02846732894529202,-0.09999999999999964,-1.9607843137254832,3.921568627450984
2024-03-14,5.03,5.07,4.89,4.97,7039815.0,38068387.0,392886000.0,0.017918212916723936,-0.03000000000000025,-0.6000000000000005,3.600000000000012
2024-03-15,4.97,5.05,4.93,5.05,5986461.0,32512207.0,392886000.0,0.015237145126067103,0.08000000000000007,1.6096579476861272,2.4144869215291775
2024-03-18,5.07,5.21,5.06,5.18,8552481.0,47793642.0,392886000.0,0.021768352651914295,0.1299999999999999,2.5742574257425765,2.9702970297029774
2024-03-19,5.14,5.31,5.14,5.16,6231185.0,35137353.0,392886000.0,0.015860033190289294,-0.019999999999999574,-0.3861003861003742,3.281853281853281
2024-03-20,5.17,5.25,5.13,5.24,5954511.0,33652522.0,392886000.0,0.015155823826758907,0.08000000000000007,1.5503875968992276,2.325581395348839
2024-03-21,5.26,5.38,5.21,5.36,6907380.0,39804179.0,392886000.0,0.0175811304042394,0.1200000000000001,2.2900763358778553,3.244274809160304
2024-03-22,5.32,5.38,5.18,5.2,5350280.0,30416293.0,392886000.0,0.01361789424922242,-0.16000000000000014,-2.985074626865669,3.7313432835820928
2024-03-25,5.19,5.67,5.15,5.53,18294210.0,108195537.0,392886000.0,0.04656365968754295,0.33000000000000007,6.346153846153846,9.999999999999991
2024-03-26,5.55,5.81,5.28,5.42,19486910.0,115926157.0,392886000.0,0.04959940033495722,-0.11000000000000032,-1.9891500904159143,9.58408679927666
2024-03-27,5.35,5.35,5.09,5.1,11335590.0,64013043.0,392886000.0,0.028852109772300363,-0.3200000000000003,-5.904059040590415,4.797047970479701
2024-03-28,5.05,5.31,5.02,5.23,8375990.0,47344253.0,392886000.0,0.021319135830749885,0.13000000000000078,2.5490196078431504,5.686274509803923
2024-03-29,5.76,5.76,5.68,5.76,29538109.0,184476832.0,392886000.0,0.07518239132980051,0.5299999999999994,10.133843212237071,1.5296367112810718
2024-04-01,5.81,5.85,5.55,5.6,35287061.0,215763427.0,392886000.0,0.08981501249726384,-0.16000000000000014,-2.777777777777779,5.20833333333333
2024-04-02,5.56,6.17,5.5,5.83,40891740.0,260279447.0,392886000.0,0.10408042027458347,0.23000000000000043,4.107142857142865,11.964285714285714
2024-04-03,5.55,5.66,5.26,5.53,31460430.0,185699375.0,392886000.0,0.08007521265710664,-0.2999999999999998,-5.145797598627788,6.861063464837056
2024-04-08,5.49,5.5,5.23,5.25,15418752.0,89165466.0,392886000.0,0.039244849651043814,-0.28000000000000025,-5.063291139240511,4.882459312839052
2024-04-09,5.27,5.33,5.21,5.31,9432250.0,54090618.0,392886000.0,0.024007600169005768,0.05999999999999961,1.1428571428571344,2.285714285714288
2024-04-10,5.3,5.33,5.02,5.12,11600410.0,64551584.0,392886000.0,0.029526147533890237,-0.1899999999999995,-3.5781544256120457,5.83804143126178
2024-04-11,5.07,5.23,5.05,5.13,6594500.0,36901599.0,392886000.0,0.01678476708256339,0.009999999999999787,0.1953125,3.515625000000012
2024-04-12,5.18,5.33,5.13,5.19,8037510.0,45605589.0,392886000.0,0.020457613658923963,0.0600000000000005,1.1695906432748648,3.8986354775828493
2024-04-15,5.13,5.19,4.67,4.76,11513782.0,60651521.0,392886000.0,0.029305656093625124,-0.4300000000000006,-8.285163776493265,10.019267822736039
2024-04-16,4.68,4.76,4.29,4.29,10723880.0,51029945.0,392886000.0,0.027295144138503282,-0.46999999999999975,-9.873949579831931,9.873949579831928
2024-04-17,4.29,4.72,4.28,4.72,9049610.0,45329055.0,392886000.0,0.023033678980671237,0.4299999999999997,10.023310023310007,10.256410256410245
2024-04-18,5.07,5.19,4.99,5.19,5663890.0,31559418.0,392886000.0,0.014416115616234735,0.47000000000000064,9.957627118644075,4.237288135593224
2024-04-19,5.7,5.7,5.7,5.7,5850050.0,36211810.0,392886000.0,0.014889942629668657,0.5099999999999998,9.826589595375722,0.0
2024-04-22,6.28,6.28,6.14,6.28,29328209.0,199400263.0,392886000.0,0.07464813966392286,0.5800000000000001,10.175438596491237,2.456140350877203
2024-04-23,6.04,6.8,5.65,5.8,71423013.0,470001693.0,392886000.0,0.18179067973916097,-0.4800000000000004,-7.643312101910837,18.312101910828016
2024-04-24,5.22,5.96,5.22,5.79,55189493.0,332353832.0,392886000.0,0.14047202750925206,-0.009999999999999787,-0.17241379310344307,12.758620689655176
2024-04-25,5.63,5.99,5.49,5.59,32331128.0,197019973.0,392886000.0,0.08229137205194383,-0.20000000000000018,-3.4542314335060498,8.635578583765112
2024-04-26,5.57,5.63,5.47,5.56,23502120.0,141845294.0,392886000.0,0.059819184190833985,-0.03000000000000025,-0.536672629695889,2.862254025044725
2024-04-29,5.45,5.45,5.22,5.37,25897810.0,149791190.0,392886000.0,0.06591685628910167,-0.1899999999999995,-3.4172661870503496,4.136690647482022
2024-04-30,5.36,5.37,5.1,5.2,21897690.0,123400326.0,392886000.0,0.05573548052106718,-0.16999999999999993,-3.165735567970207,5.027932960893863
2024-05-06,5.25,5.55,5.25,5.48,26134280.0,154085510.0,392886000.0,0.06651873571468568,0.28000000000000025,5.384615384615388,5.769230769230766
2024-05-07,5.44,5.55,5.44,5.49,16848638.0,100324834.0,392886000.0,0.04288429213563222,0.009999999999999787,0.18248175182480342,2.0072992700729824
2024-05-08,5.47,5.55,5.36,5.47,13628230.0,80779954.0,392886000.0,0.0346874920460388,-0.020000000000000462,-0.36429872495447047,3.4608378870673864
2024-05-09,5.47,5.59,5.47,5.56,12271820.0,73607030.0,392886000.0,0.03123506564245099,0.08999999999999986,1.645338208409508,2.193784277879344
2024-05-10,5.56,5.64,5.48,5.52,12888180.0,77647435.0,392886000.0,0.032803866770513584,-0.040000000000000036,-0.7194244604316502,2.8776978417266053
2024-05-13,5.45,5.65,5.31,5.49,12068730.0,72044756.0,392886000.0,0.030718147248820268,-0.02999999999999936,-0.5434782608695565,6.1594202898550865
2024-05-14,5.45,5.53,5.33,5.4,10414580.0,61191455.0,392886000.0,0.026507892874777925,-0.08999999999999986,-1.6393442622950838,3.6429872495446296
2024-05-15,5.35,5.47,5.31,5.43,10084570.0,59361213.0,392886000.0,0.02566792911938832,0.02999999999999936,0.5555555555555536,2.9629629629629655
2024-05-16,5.39,5.48,5.35,5.37,8780000.0,51561088.0,392886000.0,0.02234744938735409,-0.05999999999999961,-1.104972375690605,2.394106813996331
2024-05-17,5.36,5.41,5.32,5.41,7529450.0,43852650.0,392886000.0,0.01916446501020652,0.040000000000000036,0.7448789571694592,1.675977653631282
2024-05-20,5.42,5.43,5.32,5.35,6859850.0,39892977.0,392886000.0,0.017460153835972776,-0.0600000000000005,-1.1090573012939142,2.0332717190388063
2024-05-21,5.32,5.32,5.22,5.24,5564970.0,31754309.0,392886000.0,0.014164337746827325,-0.10999999999999943,-2.0560747663551315,1.8691588785046829
2024-05-22,5.25,5.35,5.25,5.29,4854400.0,27906744.0,392886000.0,0.012355746959677871,0.04999999999999982,0.9541984732824416,1.9083969465648787
2024-05-23,5.24,5.28,5.15,5.16,5103987.0,28849156.0,392886000.0,0.012991012660160962,-0.1299999999999999,-2.457466918714557,2.457466918714554
2024-05-24,5.16,5.22,5.1,5.11,4351440.0,24305614.0,392886000.0,0.011075579175638735,-0.04999999999999982,-0.9689922480620172,2.325581395348839
2024-05-27,5.19,5.19,5.0,5.14,4091030.0,22590327.0,392886000.0,0.010412766044094215,0.02999999999999936,0.5870841487279677,3.718199608610575
2024-05-28,5.14,5.14,5.07,5.08,3986400.0,22069659.0,392886000.0,0.010146454696782273,-0.05999999999999961,-1.1673151750972721,1.3618677042801441
2024-05-29,5.09,5.16,5.03,5.09,2972870.0,16444221.0,392886000.0,0.0075667496423899045,0.009999999999999787,0.19685039370078705,2.559055118110234
2024-05-30,5.08,5.17,5.02,5.11,5078530.0,28097644.0,392886000.0,0.012926217783275556,0.020000000000000462,0.39292730844795454,2.9469548133595356
2024-05-31,5.14,5.24,5.05,5.23,5308030.0,29803078.0,392886000.0,0.013510356693799219,0.1200000000000001,2.3483365949119372,3.718199608610575
2024-06-03,5.22,5.22,4.88,4.94,7408530.0,40216760.0,392886000.0,0.01885669125395153,-0.29000000000000004,-5.544933078393877,6.500956022944547
2024-06-04,4.92,4.93,4.82,4.89,4079060.0,21518360.0,392886000.0,0.010382299191113963,-0.05000000000000071,-1.0121457489878694,2.2267206477732677
2024-06-05,4.93,4.93,4.75,4.76,5138620.0,25813404.0,392886000.0,0.013079162912396981,-0.1299999999999999,-2.6584867075664653,3.6809815950920193
2024-06-06,4.74,4.77,4.47,4.53,5566890.0,26666020.0,392886000.0,0.014169224660588568,-0.22999999999999954,-4.831932773109237,6.3025210084033585
2024-06-07,4.58,4.83,4.56,4.82,7144300.0,35216648.0,392886000.0,0.0181841552002362,0.29000000000000004,6.4017660044150215,5.960264900662262
2024-06-11,4.88,4.88,4.63,4.69,4512551.0,22082224.0,392886000.0,0.011485649781361514,-0.1299999999999999,-2.697095435684649,5.186721991701244
2024-06-12,4.67,4.88,4.64,4.83,5647050.0,28171387.0,392886000.0,0.014373253310120493,0.13999999999999968,2.985074626865658,5.117270788912584
2024-06-13,4.79,4.83,4.69,4.71,3896070.0,19284665.0,392886000.0,0.00991654067592126,-0.1200000000000001,-2.4844720496894457,2.8985507246376745
2024-06-14,4.7,4.74,4.65,4.69,2501130.0,12262491.0,392886000.0,0.006366045112322659,-0.019999999999999574,-0.4246284501061459,1.9108280254777041
2024-06-17,4.64,4.72,4.61,4.63,2732430.0,13267520.0,392886000.0,0.006954765504497488,-0.0600000000000005,-1.279317697228155,2.3454157782515868
2024-06-18,4.63,4.82,4.61,4.82,4274450.0,21112924.0,392886000.0,0.010879619024348029,0.1900000000000004,4.103671706263512,4.535637149028077
2024-06-19,4.84,4.86,4.77,4.8,2690921.0,13526674.0,392886000.0,0.006849113992354016,-0.020000000000000462,-0.4149377593361092,1.8672199170124633
2024-06-20,4.79,4.8,4.68,4.7,3012820.0,14874846.0,392886000.0,0.00766843308236995,-0.09999999999999964,-2.083333333333326,2.500000000000002
2024-06-21,4.69,4.75,4.63,4.7,1834400.0,9012356.0,392886000.0,0.004669038856054937,0.0,0.0,2.5531914893617045
2024-06-24,4.63,4.65,4.45,4.51,4902260.0,23279076.0,392886000.0,0.012477563466247206,-0.1900000000000004,-4.0425531914893735,4.255319148936174
2024-06-25,4.56,4.63,4.53,4.56,3464550.0,16559378.0,392886000.0,0.008818206808081734,0.04999999999999982,1.1086474501108556,2.2172949002217215
2024-06-26,4.56,4.68,4.51,4.67,3462610.0,16703290.0,392886000.0,0.00881326898896881,0.11000000000000032,2.412280701754388,3.7280701754385954
2024-06-27,4.66,4.71,4.62,4.63,2996400.0,14578496.0,392886000.0,0.00762663978864098,-0.040000000000000036,-0.8565310492505307,1.9271948608137013
2024-06-28,4.6,4.69,4.6,4.66,3883620.0,18918292.0,392886000.0,0.009884852094500695,0.03000000000000025,0.6479481641468832,1.943844492440621
2024-07-01,4.65,4.78,4.63,4.68,4001652.0,19567384.0,392886000.0,0.010185275117973153,0.019999999999999574,0.42918454935620964,3.218884120171681
2024-07-02,4.67,4.75,4.64,4.68,3901740.0,19182009.0,392886000.0,0.009930972343122433,0.0,0.0,2.350427350427357
2024-07-03,4.67,4.73,4.63,4.66,3120120.0,15274532.0,392886000.0,0.007941540294131123,-0.019999999999999574,-0.42735042735041473,2.1367521367521483
2024-07-04,4.71,4.71,4.46,4.49,3222400.0,15324099.0,392886000.0,0.00820187026262071,-0.16999999999999993,-3.648068669527893,5.36480686695279
2024-07-05,4.49,4.58,4.42,4.56,2188800.0,10357325.0,392886000.0,0.00557108168781784,0.0699999999999994,1.5590200445434244,3.563474387527843
2024-07-08,4.54,4.57,4.22,4.31,7217330.0,32747045.0,392886000.0,0.018370036091894342,-0.25,-5.482456140350878,7.675438596491241
2024-07-09,4.32,4.42,4.23,4.41,4137600.0,18779547.0,392886000.0,0.010531299155480216,0.10000000000000053,2.3201856148491906,4.408352668213446
2024-07-10,4.85,4.85,4.51,4.54,12560708.0,60764541.0,392886000.0,0.03197036290425213,0.1299999999999999,2.947845804988658,7.709750566893421
2024-07-11,4.55,4.68,4.53,4.64,9637520.0,46301436.0,392886000.0,0.02453006724596957,0.09999999999999964,2.2026431718061623,3.3039647577092395
2024-07-12,4.62,4.74,4.6,4.63,6486060.0,31521282.0,392886000.0,0.016508758265756478,-0.009999999999999787,-0.21551724137930384,3.0172413793103576
2024-07-15,4.61,4.74,4.59,4.7,7901120.0,38624109.0,392886000.0,0.02011046461314478,0.07000000000000028,1.5118790496760237,3.239740820734349
2024-07-16,4.69,5.05,4.64,4.87,10106150.0,51357418.0,392886000.0,0.025722855993850633,0.16999999999999993,3.6170212765957332,8.723404255319151
2024-07-17,4.8,4.86,4.62,4.63,8043820.0,39306890.0,392886000.0,0.020473674297378883,-0.2400000000000002,-4.928131416837789,4.928131416837787
2024-07-18,4.61,5.09,4.45,5.09,15898048.0,80184137.0,392886000.0,0.04046478622297562,0.45999999999999996,9.935205183585305,13.822894168466515
2024-07-19,4.95,5.55,4.87,5.09,28689401.0,153006894.0,392886000.0,0.07302220236913506,0.0,0.0,13.359528487229857
2024-07-22,5.03,5.04,4.87,4.88,17502201.0,90035939.0,392886000.0,0.04454778485362166,-0.20999999999999996,-4.125736738703334,3.3398821218074644
2024-07-23,4.87,4.97,4.8,4.82,13772600.0,70150296.0,392886000.0,0.03505495232713815,-0.05999999999999961,-1.2295081967213073,3.4836065573770476
2024-07-24,4.78,4.86,4.68,4.72,10111889.0,50075175.0,392886000.0,0.0257374632845151,-0.10000000000000053,-2.0746887966805128,3.7344398340249088
2024-07-25,4.69,4.85,4.58,4.81,10579948.0,52686973.0,392886000.0,0.026928798684605713,0.08999999999999986,1.9067796610169552,5.720338983050839
2024-07-26,4.77,4.85,4.74,4.78,9077440.0,45264189.0,392886000.0,0.023104513777533434,-0.02999999999999936,-0.6237006237006071,2.2869022869022753
2024-07-29,4.79,4.84,4.77,4.77,7676600.0,38476766.0,392886000.0,0.019539001135189343,-0.010000000000000675,-0.20920502092051096,1.4644351464435206
2024-07-30,4.8,4.9,4.77,4.85,8986700.0,45366428.0,392886000.0,0.022873556196962987,0.08000000000000007,1.6771488469601747,2.725366876310289
2024-07-31,4.86,4.96,4.8,4.95,10149897.0,51861101.0,392886000.0,0.025834203814847054,0.10000000000000053,2.0618556701031077,3.2989690721649514
2024-08-01,4.95,5.45,4.95,5.45,31548583.0,176915523.0,392886000.0,0.08029958563043733,0.5,10.1010101010101,10.1010101010101
2024-08-02,5.29,5.73,5.26,5.28,45264156.0,256357898.0,392886000.0,0.11520938898306379,-0.16999999999999993,-3.119266055045866,8.623853211009186
2024-08-05,5.2,5.28,5.03,5.07,24975975.0,134273466.0,392886000.0,0.06357053954582245,-0.20999999999999996,-3.9772727272727293,4.734848484848484
2024-08-06,5.16,5.19,4.97,5.07,16324590.0,85825257.0,392886000.0,0.04155044974878209,0.0,0.0,4.339250493096659
2024-08-07,5.06,5.06,4.96,5.0,12008500.0,62822028.0,392886000.0,0.030564845782237088,-0.07000000000000028,-1.3806706114398493,1.972386587771196
2024-08-08,4.99,4.99,4.84,4.89,11299138.0,57773578.0,392886000.0,0.028759329678329084,-0.11000000000000032,-2.200000000000002,3.000000000000007
2024-08-09,4.93,4.99,4.87,4.87,8403520.0,43255203.0,392886000.0,0.021389207047336888,-0.019999999999999574,-0.4089979550102152,2.4539877300613524
2024-08-12,4.87,4.89,4.77,4.83,7583100.0,38168374.0,392886000.0,0.019301018616087108,-0.040000000000000036,-0.8213552361396315,2.4640657084188935
2024-08-13,4.81,4.87,4.77,4.87,6245200.0,31522632.0,392886000.0,0.01589570511547879,0.040000000000000036,0.8281573498964745,2.070393374741212
2024-08-14,4.87,4.95,4.86,4.87,7144760.0,36589893.0,392886000.0,0.018185326023324833,0.0,0.0,1.8480492813141656
2024-08-15,4.84,4.96,4.78,4.89,8477510.0,43140251.0,392886000.0,0.02157753139587565,0.019999999999999574,0.4106776180698102,3.696098562628331
2024-08-16,4.89,4.96,4.89,4.9,7014430.0,36045367.0,392886000.0,0.017853601299104575,0.010000000000000675,0.2044989775051187,1.4314928425357931
2024-08-19,4.93,5.1,4.93,5.06,13822490.0,72445036.0,392886000.0,0.035181935726902966,0.15999999999999925,3.2653061224489743,3.4693877551020393
2024-08-20,5.05,5.05,4.8,4.83,11779900.0,60407856.0,392886000.0,0.029982997612539006,-0.22999999999999954,-4.545454545454541,4.940711462450594
2024-08-21,4.84,4.87,4.74,4.85,8600480.0,43167407.0,392886000.0,0.021890522950677806,0.019999999999999574,0.41407867494822614,2.6915113871635588
2024-08-22,4.82,4.88,4.76,4.76,6354900.0,32011782.0,392886000.0,0.01617492096944152,-0.08999999999999986,-1.855670103092777,2.4742268041237137
2024-08-23,4.79,4.79,4.59,4.63,7542040.0,36714015.0,392886000.0,0.019196509929088845,-0.1299999999999999,-2.7310924369747913,4.201680672268911
2024-08-26,4.61,4.68,4.56,4.64,6115113.0,29542983.0,392886000.0,0.01556459889128144,0.009999999999999787,0.21598272138227959,2.5917926565874754
2024-08-27,4.62,4.65,4.55,4.58,4565700.0,21889975.0,392886000.0,0.011620928208182526,-0.05999999999999961,-1.2931034482758563,2.155172413793115
2024-08-28,4.59,4.66,4.56,4.62,4228320.0,20370823.0,392886000.0,0.010762205830698982,0.040000000000000036,0.8733624454148492,2.1834061135371297
2024-08-29,4.6,4.71,4.58,4.68,4286600.0,20830558.0,392886000.0,0.0109105440254934,0.05999999999999961,1.298701298701288,2.8138528138528116
2024-08-30,4.68,4.85,4.68,4.78,6595530.0,32963243.0,392886000.0,0.01678738870817489,0.10000000000000053,2.1367521367521514,3.6324786324786316
2024-09-02,4.75,4.83,4.7,4.71,5289590.0,26281391.0,392886000.0,0.013463421959550607,-0.07000000000000028,-1.4644351464435212,2.719665271966525
2024-09-03,4.7,4.76,4.67,4.71,3601080.0,17726444.0,392886000.0,0.009165712191322674,0.0,0.0,1.9108280254777041
2024-09-04,4.68,4.72,4.63,4.64,3767950.0,18380249.0,392886000.0,0.0095904409930616,-0.07000000000000028,-1.4861995753715607,1.9108280254777041
2024-09-05,4.64,4.98,4.64,4.86,12884380.0,65316049.0,392886000.0,0.03279419475369445,0.22000000000000064,4.74137931034484,7.327586206896568
2024-09-06,4.94,4.97,4.83,4.84,12570460.0,64312875.0,392886000.0,0.03199518435373111,-0.020000000000000462,-0.4115226337448652,2.880658436213985
2024-09-09,4.84,4.86,4.67,4.8,5310960.0,26465393.0,392886000.0,0.013517814327820284,-0.040000000000000036,-0.8264462809917328,3.9256198347107523
2024-09-10,4.83,4.88,4.73,4.82,4954700.0,24790383.0,392886000.0,0.012611037298351176,0.020000000000000462,0.4166666666666874,3.124999999999989
2024-09-11,4.81,4.82,4.72,4.77,4363350.0,21719127.0,392886000.0,0.011105893312563949,-0.05000000000000071,-1.0373443983402675,2.0746887966805088
2024-09-12,4.76,4.85,4.76,4.8,4367690.0,21920421.0,392886000.0,0.011116939773878428,0.03000000000000025,0.6289308176100628,1.8867924528301858
2024-09-13,4.81,4.81,4.7,4.72,3922050.0,19476827.0,392886000.0,0.009982666727753088,-0.08000000000000007,-1.6666666666666718,2.291666666666655
2024-09-18,4.73,4.75,4.59,4.69,3276130.0,15928771.0,392886000.0,0.008338627489908015,-0.02999999999999936,-0.6355932203389703,3.3898305084745797
2024-09-19,4.7,4.86,4.68,4.86,4372970.0,21950194.0,392886000.0,0.011130378786721849,0.16999999999999993,3.6247334754797356,3.8379530916844478
2024-09-20,4.86,4.89,4.79,4.82,3295000.0,16662932.0,392886000.0,0.008386656689217738,-0.040000000000000036,-0.8230452674897082,2.0576131687242727
2024-09-23,4.82,4.87,4.81,4.85,2699820.0,13634937.0,392886000.0,0.006871764328583864,0.02999999999999936,0.6224066390041472,1.244813278008309
2024-09-24,4.86,5.03,4.85,5.03,7870600.0,40798407.0,392886000.0,0.020032783046481678,0.1800000000000006,3.711340206185576,3.7113402061855796
2024-09-25,5.09,5.23,5.05,5.13,10738840.0,57643084.0,392886000.0,0.02733322134155964,0.09999999999999964,1.988071570576544,3.578528827037785
2024-09-26,5.15,5.23,5.13,5.23,6808060.0,36852822.0,392886000.0,0.017328334427798395,0.10000000000000053,1.949317738791434,1.9493177387914333
2024-09-27,5.31,5.4,5.23,5.39,8525040.0,47389118.0,392886000.0,0.021698507964142272,0.15999999999999925,3.0592734225621365,3.2504780114722736
2024-09-30,5.55,5.87,5.46,5.82,20359910.0,120427185.0,392886000.0,0.05182141893577272,0.4300000000000006,7.9777365491651375,7.606679035250467
2024-10-08,6.4,6.41,5.93,6.41,29409739.0,193319008.0,392886000.0,0.07485565533004485,0.5899999999999999,10.137457044673525,8.247422680412377
2024-10-09,6.37,6.38,5.85,5.97,19377620.0,124455217.0,392886000.0,0.04932122804070392,-0.4400000000000004,-6.864274570982842,8.268330733229332
2024-10-10,6.04,6.31,5.97,6.14,12964610.0,83333214.0,392886000.0,0.03299840157195726,0.16999999999999993,2.8475711892797406,5.695142378559462
2024-10-11,6.03,6.09,5.7,5.77,10774190.0,66149055.0,392886000.0,0.02742319655065337,-0.3700000000000001,-6.026058631921827,6.35179153094462
2024-10-14,5.75,5.88,5.7,5.84,8027610.0,48698268.0,392886000.0,0.02043241550984255,0.07000000000000028,1.2131715771230622,3.119584055459267
2024-10-15,5.83,5.88,5.75,5.77,7063010.0,42824425.0,392886000.0,0.017977250398334376,-0.07000000000000028,-1.1986301369863117,2.226027397260272
2024-10-16,5.74,5.83,5.67,5.77,5204110.0,31329277.0,392886000.0,0.013245852486471903,0.0,0.0,2.772963604852689
2024-10-17,5.78,5.86,5.64,5.66,7192750.0,43080958.0,392886000.0,0.018307473414680087,-0.10999999999999943,-1.9064124783362169,3.812824956672455
2024-10-18,5.65,5.8,5.64,5.75,8364061.0,49945779.0,392886000.0,0.021288773333740577,0.08999999999999986,1.590106007067127,2.826855123674914
2024-10-21,5.75,5.83,5.75,5.82,7921640.0,47914566.0,392886000.0,0.02016269350396807,0.07000000000000028,1.2173913043478368,1.3913043478260883
2024-10-22,5.84,5.98,5.79,5.94,7586014.0,46776999.0,392886000.0,0.01930843552582683,0.1200000000000001,2.0618556701030855,3.26460481099657
2024-10-23,5.94,6.0,5.91,5.96,6850790.0,42555916.0,392886000.0,0.017437093711661907,0.019999999999999574,0.33670033670032407,1.5151515151515127
2024-10-24,5.96,6.01,5.9,6.0,6037050.0,37585030.0,392886000.0,0.015365907667873123,0.040000000000000036,0.6711409395973256,1.8456375838926078
2024-10-25,6.0,6.19,5.99,6.16,7803003.0,49647280.0,392886000.0,0.019860730593607306,0.16000000000000014,2.6666666666666616,3.333333333333336
2024-10-28,6.11,6.11,5.9,6.07,13081231.0,81846434.0,392886000.0,0.03329523322286872,-0.08999999999999986,-1.461038961038963,3.4090909090909083
2024-10-29,6.08,6.18,6.04,6.09,12490761.0,79561483.0,392886000.0,0.0317923290725554,0.019999999999999574,0.32948929159801743,2.306425041186156
2024-10-30,6.11,6.19,6.07,6.15,12273392.0,78448175.0,392886000.0,0.031239066803093008,0.0600000000000005,0.9852216748768461,1.9704433497536964
2024-10-31,6.11,6.27,6.1,6.23,8489250.0,54906910.0,392886000.0,0.021607412837311588,0.08000000000000007,1.300813008130075,2.7642276422764214
2024-11-01,6.29,6.32,5.93,5.98,11554360.0,73272493.0,392886000.0,0.029408937961647907,-0.25,-4.01284109149278,6.260032102728741
2024-11-04,5.92,6.02,5.88,5.98,6436774.0,39962970.0,392886000.0,0.016383312207612386,0.0,0.0,2.341137123745814
2024-11-05,5.94,6.02,5.92,6.01,6924820.0,43256608.0,392886000.0,0.01762551987090403,0.02999999999999936,0.5016722408026641,1.6722408026755793
2024-11-06,6.03,6.04,5.87,5.97,10986920.0,68290178.0,392886000.0,0.02796465132379367,-0.040000000000000036,-0.6655574043261225,2.828618968386022
2024-11-07,5.92,6.05,5.89,6.05,7347480.0,46023673.0,392886000.0,0.01870130266794948,0.08000000000000007,1.340033500837512,2.6800670016750443
2024-11-08,6.07,6.12,5.99,6.03,6722543.0,42350662.0,392886000.0,0.017110670779819082,-0.019999999999999574,-0.33057851239668423,2.1487603305785106
2024-11-11,6.03,6.64,6.0,6.49,34231939.0,232694195.0,392886000.0,0.08712944467351853,0.45999999999999996,7.628524046434504,10.61359867330016
2024-11-12,6.33,6.52,6.25,6.46,29171040.0,193742928.0,392886000.0,0.07424810250301614,-0.03000000000000025,-0.46224961479198745,4.160246533127882
2024-11-13,6.37,6.44,6.15,6.27,15007699.0,98206264.0,392886000.0,0.03819860977484563,-0.1900000000000004,-2.941176470588236,4.489164086687307
2024-11-14,6.19,6.26,5.96,5.98,10269284.0,65336186.0,392886000.0,0.02613807567589581,-0.28999999999999915,-4.625199362041455,4.784688995215308
2024-11-15,5.92,6.0,5.76,5.77,8723060.0,53519358.0,392886000.0,0.022202521851122207,-0.21000000000000085,-3.511705685618738,4.013377926421408
2024-11-18,5.84,5.91,5.72,5.77,7476071.0,45315274.0,392886000.0,0.019028601171841197,0.0,0.0,3.292894280762572
2024-11-19,5.77,5.86,5.72,5.85,5772165.0,34813246.0,392886000.0,0.014691704463890289,0.08000000000000007,1.3864818024263537,2.4263431542461107
2024-11-20,5.85,5.96,5.79,5.95,5493349.0,33856540.0,392886000.0,0.013982043137195014,0.10000000000000053,1.7094017094017255,2.905982905982905
2024-11-21,5.96,5.98,5.88,5.95,4442513.0,27505923.0,392886000.0,0.011307384330314646,0.0,0.0,1.680672268907572
2024-11-22,5.95,5.98,5.7,5.74,5861157.0,35826879.0,392886000.0,0.014918212916723935,-0.20999999999999996,-3.529411764705881,4.70588235294118
2024-11-25,5.7,5.87,5.7,5.86,4514343.0,27390927.0,392886000.0,0.011490210900872008,0.1200000000000001,2.0905923344947785,2.9616724738675946
2024-11-26,5.9,5.9,5.78,5.81,3149260.0,19227031.0,392886000.0,0.008015709391528332,-0.05000000000000071,-0.8532423208191253,2.047781569965872
2024-11-27,5.8,5.89,5.62,5.89,5223230.0,31367617.0,392886000.0,0.013294518002677622,0.08000000000000007,1.376936316695354,4.647160068846809
2024-11-28,5.84,6.01,5.84,5.95,6227840.0,38611083.0,392886000.0,0.01585151927022088,0.0600000000000005,1.018675721561979,2.8862478777589122
2024-11-29,5.95,6.0,5.88,5.96,5160760.0,32081568.0,392886000.0,0.013135515136706322,0.009999999999999787,0.1680672268907557,2.0168067226890773
2024-12-02,5.95,6.08,5.95,6.08,7635626.0,48147017.0,392886000.0,0.019434711341203302,0.1200000000000001,2.0134228187919545,2.1812080536912735
2024-12-03,6.08,6.34,6.05,6.28,16163340.0,104816576.0,392886000.0,0.04114002535086514,0.20000000000000018,3.289473684210531,4.769736842105264
2024-12-04,6.27,6.31,6.15,6.22,10985463.0,71397698.0,392886000.0,0.02796094286892381,-0.0600000000000005,-0.9554140127388644,2.5477707006369306
2024-12-05,6.21,6.34,6.17,6.25,8779390.0,57363806.0,392886000.0,0.022345896774127863,0.03000000000000025,0.4823151125401992,2.733118971061092
2024-12-06,6.25,6.38,6.18,6.3,17675820.0,116150307.0,392886000.0,0.04498969166628488,0.04999999999999982,0.8000000000000007,3.200000000000003
2024-12-09,6.29,6.35,6.2,6.28,7037770.0,46174509.0,392886000.0,0.017913007844514692,-0.019999999999999574,-0.31746031746030523,2.3809523809523725
2024-12-10,6.41,6.46,6.22,6.23,9494660.0,62585768.0,392886000.0,0.024166450318922027,-0.04999999999999982,-0.7961783439490389,3.821656050955417
2024-12-11,6.23,6.28,6.2,6.24,7827190.0,50986240.0,392886000.0,0.019922292980661057,0.009999999999999787,0.16051364365969878,1.2841091492776897
2024-12-12,6.25,6.37,6.23,6.36,9905170.0,65200169.0,392886000.0,0.025211308114822112,0.1200000000000001,1.9230769230769162,2.2435897435897383
2024-12-13,6.3,6.37,6.26,6.28,7105140.0,46758747.0,392886000.0,0.018084482521647502,-0.08000000000000007,-1.2578616352201255,1.7295597484276777
2024-12-16,6.32,6.91,6.32,6.91,35972764.0,257740591.0,392886000.0,0.09156031011540243,0.6299999999999999,10.031847133757953,9.394904458598724
2024-12-17,7.19,7.6,6.84,7.19,83637844.0,637581741.0,392886000.0,0.21288069312726848,0.28000000000000025,4.05209840810421,10.998552821997103
2024-12-18,6.61,7.28,6.61,6.97,51742673.0,372203291.0,392886000.0,0.1316989482954343,-0.22000000000000064,-3.0598052851182334,9.318497913769122
2024-12-19,6.73,6.88,6.51,6.85,35668470.0,249686718.0,392886000.0,0.09078580046120249,-0.1200000000000001,-1.7216642754662836,5.308464849354378
2024-12-20,6.76,7.17,6.75,6.86,32018946.0,232069580.0,392886000.0,0.08149678532704144,0.010000000000000675,0.14598540145986938,6.131386861313868
2024-12-23,6.86,7.55,6.86,7.55,27320205.0,210921915.0,392886000.0,0.06953723217421848,0.6899999999999995,10.058309037900859,10.058309037900868
2024-12-24,8.3,8.3,8.3,8.3,9742240.0,84465221.0,392886000.0,0.02479660766736407,0.7500000000000009,9.933774834437092,0.0
2024-12-25,8.43,8.93,7.7,7.76,91158609.0,787490728.0,392886000.0,0.23202305248850813,-0.5400000000000009,-6.506024096385554,14.81927710843373
2024-12-26,7.13,8.14,7.13,7.7,66869057.0,526968631.0,392886000.0,0.17019964315348474,-0.05999999999999961,-0.773195876288657,13.015463917525782
2024-12-27,7.45,7.63,7.13,7.18,50002255.0,382824871.0,392886000.0,0.12726911877745709,-0.5200000000000005,-6.7532467532467555,6.493506493506493
2024-12-30,7.12,7.18,6.62,6.66,37947250.0,269823258.0,392886000.0,0.09658590532622695,-0.5199999999999996,-7.242339832869071,7.799442896935928
2024-12-31,6.63,6.66,6.23,6.24,28866691.0,192726042.0,392886000.0,0.07347345285909908,-0.41999999999999993,-6.3063063063063085,6.456456456456452
2025-01-02,6.2,6.36,6.05,6.13,17585901.0,114026899.0,392886000.0,0.04476082375040088,-0.11000000000000032,-1.7628205128205177,4.967948717948726
2025-01-03,6.19,6.21,5.74,5.76,18500337.0,113808142.0,392886000.0,0.047088308058826224,-0.3700000000000001,-6.0358890701468155,7.667210440456766
2025-01-06,5.68,6.05,5.55,5.99,20702860.0,125735318.0,392886000.0,0.05269431845369904,0.23000000000000043,3.993055555555558,8.680555555555555
2025-01-07,5.94,6.21,5.87,6.19,20071219.0,126855960.0,392886000.0,0.05108662309168563,0.20000000000000018,3.338898163606019,5.676126878130215
2025-01-08,6.15,6.7,6.05,6.44,30100990.0,200891197.0,392886000.0,0.07661507409273936,0.25,4.038772213247177,10.500807754442656
2025-01-09,6.27,6.56,6.17,6.4,22727370.0,150108982.0,392886000.0,0.05784723813014462,-0.040000000000000036,-0.6211180124223614,6.055900621118007
2025-01-10,6.28,6.34,5.88,5.89,17349555.0,110475711.0,392886000.0,0.04415925993799728,-0.5100000000000007,-7.968750000000013,7.187499999999999
2025-01-13,5.77,6.1,5.75,5.98,11268570.0,69684865.0,392886000.0,0.028681525938821947,0.09000000000000075,1.5280135823429575,5.942275042444816
2025-01-14,5.98,6.28,5.9,6.28,15744207.0,101444145.0,392886000.0,0.040073219712588384,0.2999999999999998,5.0167224080267525,6.354515050167222
2025-01-15,6.27,6.38,6.14,6.16,10999519.0,71347385.0,392886000.0,0.027996719150084247,-0.1200000000000001,-1.9108280254777066,3.821656050955417
2025-01-16,6.19,6.25,6.09,6.14,10663345.0,68779872.0,392886000.0,0.027141066365306984,-0.020000000000000462,-0.32467532467532756,2.5974025974025996
2025-01-17,6.12,6.22,6.03,6.12,8936895.0,57038266.0,392886000.0,0.022746789144942808,-0.019999999999999574,-0.32573289902279035,3.0944625407166044
2025-01-20,6.18,6.28,6.11,6.24,9720030.0,63094234.0,392886000.0,0.02474007727432385,0.1200000000000001,1.9607843137254832,2.777777777777777
2025-01-21,6.22,6.29,6.16,6.21,9210500.0,59717969.0,392886000.0,0.023443187082257958,-0.03000000000000025,-0.48076923076924016,2.0833333333333313
2025-01-22,6.21,6.22,6.0,6.04,7966730.0,50652148.0,392886000.0,0.02027745961932978,-0.16999999999999993,-2.7375201288244777,3.5426731078904954
2025-01-23,6.12,6.27,6.1,6.12,9634400.0,62231023.0,392886000.0,0.024522126011107547,0.08000000000000007,1.324503311258285,2.8145695364238397
2025-01-24,6.13,6.23,6.03,6.22,7785490.0,49863788.0,392886000.0,0.019816155322409046,0.09999999999999964,1.6339869281045694,3.2679738562091534
2025-01-27,6.29,6.38,6.18,6.19,8500160.0,55716646.0,392886000.0,0.02163518170665282,-0.02999999999999936,-0.4823151125401881,3.2154340836012896
2025-02-05,6.28,6.32,6.17,6.25,6612060.0,43118015.0,392886000.0,0.016829461981338098,0.05999999999999961,0.9693053311793154,2.4232633279483093
2025-02-06,6.25,6.39,6.2,6.37,14075540.0,92857635.0,392886000.0,0.035826015689029385,0.1200000000000001,1.9200000000000106,3.039999999999992
2025-02-07,6.37,6.45,6.29,6.41,17911630.0,119240804.0,392886000.0,0.04558989121526346,0.040000000000000036,0.6279434850863463,2.511773940345371
2025-02-10,6.43,6.65,6.42,6.64,16608930.0,113302775.0,392886000.0,0.042274171133611274,0.22999999999999954,3.5881435257410166,3.588143525741036
2025-02-11,6.68,6.68,6.44,6.47,10372670.0,70329728.0,392886000.0,0.026401220710333278,-0.16999999999999993,-2.56024096385542,3.6144578313252915
2025-02-12,6.48,6.49,6.39,6.45,8935570.0,59986418.0,392886000.0,0.022743416665394034,-0.019999999999999574,-0.3091190108191588,1.5455950540958352
2025-02-13,6.45,6.51,6.38,6.38,8722590.0,58674773.0,392886000.0,0.022201325575357738,-0.07000000000000028,-1.0852713178294615,2.0155038759689905
2025-02-14,6.39,6.44,6.31,6.39,8631380.0,57453872.0,392886000.0,0.02196917171902282,0.009999999999999787,0.15673981191222097,2.0376175548589464
2025-02-17,6.39,6.52,6.39,6.48,10208310.0,68967400.0,392886000.0,0.025982880530230144,0.09000000000000075,1.4084507042253724,2.0344287949921736
2025-02-18,6.49,6.51,6.3,6.34,10058010.0,67137663.0,392886000.0,0.025600326812357785,-0.14000000000000057,-2.1604938271605034,3.24074074074074
2025-02-19,6.33,6.46,6.33,6.45,7821990.0,52496891.0,392886000.0,0.019909057589224354,0.11000000000000032,1.7350157728706739,2.050473186119872
2025-02-20,6.49,6.58,6.43,6.56,12807060.0,87217198.0,392886000.0,0.03259739466410104,0.10999999999999943,1.7054263565891459,2.3255813953488427
2025-02-21,6.59,6.59,6.4,6.44,10337560.0,69494447.0,392886000.0,0.026311856365459702,-0.11999999999999922,-1.8292682926829174,2.8963414634146267
2025-02-24,6.42,6.49,6.36,6.46,8620620.0,57895016.0,392886000.0,0.021941784639819183,0.019999999999999574,0.31055900621117516,2.018633540372669
2025-02-25,6.41,6.51,6.38,6.41,7814410.0,52591657.0,392886000.0,0.01988976446093778,-0.04999999999999982,-0.7739938080495334,2.012383900928791
2025-02-26,6.4,6.52,6.4,6.51,8509780.0,57654006.0,392886000.0,0.021659667180810718,0.09999999999999964,1.5600624024960874,1.8720748829953078
2025-02-27,6.5,6.53,6.33,6.45,9518130.0,63682491.0,392886000.0,0.024226187749118066,-0.05999999999999961,-0.9216589861751112,3.0721966205837203
2025-02-28,6.4,6.8,6.28,6.6,30804010.0,212479862.0,392886000.0,0.07840444810962977,0.14999999999999947,2.325581395348819,8.062015503875962
2025-03-03,6.61,6.85,6.48,6.54,24746213.0,172569195.0,392886000.0,0.06298573377519179,-0.05999999999999961,-0.9090909090909038,5.606060606060594
2025-03-04,6.46,6.75,6.44,6.71,17866140.0,123450222.0,392886000.0,0.04547410699286816,0.16999999999999993,2.599388379204881,4.740061162079505
2025-03-05,6.68,6.82,6.6,6.79,16756402.0,117548982.0,392886000.0,0.04264952683475614,0.08000000000000007,1.1922503725782407,3.278688524590174
2025-03-06,6.85,6.92,6.74,6.85,20321000.0,144803069.0,392886000.0,0.05172238257408001,0.05999999999999961,0.8836524300441795,2.6509572901325438
2025-03-07,6.81,6.82,6.64,6.68,13565390.0,95272034.0,392886000.0,0.03452754743106143,-0.16999999999999993,-2.481751824817513,2.6277372262773815
2025-03-10,6.65,6.86,6.65,6.85,12357202.0,87350095.0,392886000.0,0.031452385679306465,0.16999999999999993,2.5449101796407136,3.143712574850299
2025-03-11,6.88,7.02,6.74,6.94,15474945.0,111349380.0,392886000.0,0.03938787587239046,0.09000000000000075,1.3138686131386912,4.087591240875903
2025-03-12,6.9,7.14,6.9,7.1,17135665.0,126326290.0,392886000.0,0.043614852654459565,0.15999999999999925,2.3054755043227626,3.45821325648414
2025-03-13,7.06,7.35,7.04,7.07,23454725.0,175819221.0,392886000.0,0.0596985512336912,-0.02999999999999936,-0.42253521126759397,4.366197183098587
2025-03-14,7.06,7.12,6.91,7.12,16408423.0,120014382.0,392886000.0,0.04176382716614998,0.04999999999999982,0.7072135785006983,2.97029702970297
2025-03-17,7.16,7.22,6.99,7.02,9507610.0,69949604.0,392886000.0,0.024199411534134584,-0.10000000000000053,-1.404494382022481,3.2303370786516785
2025-03-18,7.04,7.07,6.92,6.99,9782310.0,71040045.0,392886000.0,0.02489859653945419,-0.02999999999999936,-0.42735042735041473,2.136752136752142
2025-03-19,6.97,7.09,6.91,6.99,8889840.0,64875421.0,392886000.0,0.022627021578778578,0.0,0.0,2.5751072961373347
2025-03-20,6.97,7.03,6.91,6.94,7987840.0,58035278.0,392886000.0,0.020331190218027623,-0.04999999999999982,-0.7153075822603716,1.716738197424894
2025-03-21,6.95,7.01,6.87,6.9,8000530.0,57907989.0,392886000.0,0.02036348966366834,-0.040000000000000036,-0.5763688760806907,2.0172910662824157
2025-03-24,6.87,6.94,6.49,6.69,12071190.0,84115659.0,392886000.0,0.030724408607076863,-0.20999999999999996,-3.04347826086957,6.521739130434785
2025-03-25,6.68,6.74,6.61,6.7,7316470.0,51023060.0,392886000.0,0.018622373920170226,0.009999999999999787,0.1494768310911887,1.9431988041853496
2025-03-26,6.71,6.89,6.66,6.85,8139830.0,58049726.0,392886000.0,0.020718045438116908,0.14999999999999947,2.238805970149249,3.4328358208955154
2025-03-27,6.81,6.91,6.69,6.73,7300510.0,51515487.0,392886000.0,0.01858175144952989,-0.11999999999999922,-1.7518248175182327,3.211678832116785
2025-03-28,6.7,6.73,6.53,6.58,7492380.0,51692861.0,392886000.0,0.019070111940868342,-0.15000000000000036,-2.2288261515601815,2.97176820208024
2025-03-31,6.56,6.56,6.36,6.45,5810610.0,39116347.0,392886000.0,0.014789557276156442,-0.1299999999999999,-1.9756838905775065,3.0395136778115397
2025-04-01,6.45,6.63,6.44,6.52,6127670.0,41951653.0,392886000.0,0.015596559816333492,0.0699999999999994,1.0852713178294504,2.9457364341085195
2025-04-02,6.52,6.61,6.45,6.45,5175700.0,35201985.0,392886000.0,0.013173541434410999,-0.0699999999999994,-1.0736196319018343,2.4539877300613524
2025-04-03,6.42,6.77,6.39,6.57,11836560.0,81120401.0,392886000.0,0.030127212473847375,0.1200000000000001,1.8604651162790642,5.891472868217053
2025-04-07,6.28,6.28,5.91,5.91,8843000.0,55013688.0,392886000.0,0.022507801245144902,-0.6600000000000001,-10.045662100456621,5.631659056316591
2025-04-08,5.7,5.92,5.58,5.71,11647950.0,69726950.0,392886000.0,0.029647149554832698,-0.20000000000000018,-3.384094754653133,5.7529610829103195
2025-04-09,5.54,5.83,5.22,5.78,10180430.0,58776720.0,392886000.0,0.02591191846998875,0.07000000000000028,1.2259194395796813,10.683012259194403
2025-04-10,5.93,6.08,5.87,5.87,8692930.0,54187355.0,392886000.0,0.02212583293881686,0.08999999999999986,1.5570934256055269,3.633217993079584
2025-04-11,5.89,6.08,5.85,5.94,7572370.0,47294567.0,392886000.0,0.019273707894910994,0.07000000000000028,1.192504258943794,3.918228279386719
2025-04-14,5.99,6.37,5.98,6.14,10620590.0,68259458.0,392886000.0,0.027032243449753874,0.1999999999999993,3.3670033670033517,6.5656565656565595
2025-04-15,6.11,6.2,6.03,6.14,6824500.0,43567961.0,392886000.0,0.017370178626879045,0.0,0.0,2.76872964169381
2025-04-16,6.09,6.23,5.89,6.0,5765400.0,36251648.0,392886000.0,0.014674485728684657,-0.13999999999999968,-2.280130293159599,5.537459283387634
2025-04-17,5.97,6.1,5.93,6.0,4943331.0,31198025.0,392886000.0,0.012582100151188895,0.0,0.0,2.833333333333332
2025-04-18,6.03,6.08,5.94,6.0,3876990.0,24327068.0,392886000.0,0.0098679769704189,0.0,0.0,2.3333333333333277
2025-04-21,6.01,6.06,5.96,6.04,3679680.0,23169357.0,392886000.0,0.00936577022342359,0.040000000000000036,0.6666666666666599,1.6666666666666607
2025-04-22,6.05,6.16,6.0,6.1,5902500.0,37482219.0,392886000.0,0.015023441914448467,0.05999999999999961,0.9933774834437026,2.6490066225165587
2025-04-23,6.11,6.27,6.11,6.18,6230860.0,40085542.0,392886000.0,0.015859205978324502,0.08000000000000007,1.3114754098360715,2.622950819672119
2025-04-24,6.14,6.21,6.06,6.1,4547290.0,29076244.0,392886000.0,0.011574069831961435,-0.08000000000000007,-1.2944983818770184,2.4271844660194235
2025-04-25,6.1,6.15,6.06,6.06,5137700.0,32698712.0,392886000.0,0.013076821266219717,-0.040000000000000036,-0.6557377049180357,1.475409836065586
2025-04-28,6.17,6.3,6.08,6.11,7251560.0,46677875.0,392886000.0,0.018457160601294015,0.05000000000000071,0.8250825082508406,3.6303630363036263
2025-04-29,6.11,6.29,6.06,6.25,7632600.0,49735746.0,392886000.0,0.019427009361494173,0.13999999999999968,2.2913256955810146,3.764320785597388
2025-04-30,6.18,6.45,6.18,6.38,7304170.0,48505745.0,392886000.0,0.01859106712888726,0.1299999999999999,2.079999999999993,4.320000000000007
2025-05-06,6.4,6.53,6.4,6.52,5975340.0,40525111.0,392886000.0,0.01520883920526565,0.13999999999999968,2.1943573667711602,2.0376175548589326
2025-05-07,6.56,6.63,6.51,6.57,7382220.0,50622747.0,392886000.0,0.018789725263816986,0.05000000000000071,0.7668711656441785,1.840490797546014
2025-05-08,6.55,6.77,6.55,6.73,8797867.0,61482710.0,392886000.0,0.022392925683277082,0.16000000000000014,2.43531202435312,3.3485540334855366
2025-05-09,6.72,6.72,6.59,6.65,7464040.0,51747952.0,392886000.0,0.01899797905753832,-0.08000000000000007,-1.1887072808320909,1.9316493313521528
2025-05-12,6.69,6.78,6.67,6.71,5756870.0,40380250.0,392886000.0,0.014652774596193298,0.05999999999999961,0.9022556390977376,1.6541353383458695
2025-05-13,6.77,6.8,6.66,6.69,4848200.0,33957642.0,392886000.0,0.012339966300657187,-0.019999999999999574,-0.29806259314455463,2.086438152011918
2025-05-14,6.69,6.73,6.61,6.63,6918880.0,48103049.0,392886000.0,0.01761040098145518,-0.0600000000000005,-0.8968609865470878,1.7937219730941718
2025-05-15,6.64,6.66,6.56,6.62,4036410.0,27832210.0,392886000.0,0.010273743528657169,-0.009999999999999787,-0.15082956259426794,1.5082956259426927
2025-05-16,6.61,6.71,6.57,6.67,5545970.0,38707259.0,392886000.0,0.014115977662731684,0.04999999999999982,0.7552870090634434,2.1148036253776388
2025-05-19,6.69,6.82,6.61,6.76,5550220.0,38933674.0,392886000.0,0.014126795049963602,0.08999999999999986,1.3493253373313419,3.1484257871064467
2025-05-20,6.77,6.77,6.66,6.74,5945700.0,41599429.0,392886000.0,0.01513339747407645,-0.019999999999999574,-0.2958579881656709,1.6272189349112343
2025-05-21,6.73,6.74,6.64,6.68,4111730.0,28679463.0,392886000.0,0.010465453083082624,-0.0600000000000005,-0.8902077151335397,1.4836795252225599
2025-05-22,6.69,6.75,6.54,6.55,7579980.0,52360819.0,392886000.0,0.01929307738122509,-0.1299999999999999,-1.9461077844311392,3.143712574850299
2025-05-23,6.55,6.77,6.45,6.46,10319050.0,71036475.0,392886000.0,0.02626474346248021,-0.08999999999999986,-1.3740458015267132,4.885496183206098
2025-05-26,6.42,6.61,6.37,6.54,8576500.0,58539165.0,392886000.0,0.021829487434013937,0.08000000000000007,1.238390092879249,3.7151702786377743
2025-05-27,6.54,6.66,6.51,6.64,5250250.0,36096318.0,392886000.0,0.01336329113279679,0.09999999999999964,1.5290519877675823,2.2935779816513815
2025-05-28,6.63,6.89,6.6,6.72,11697540.0,82181816.0,392886000.0,0.029773369374322324,0.08000000000000007,1.2048192771084265,4.367469879518073
2025-05-29,6.73,6.85,6.68,6.81,10064380.0,71335937.0,392886000.0,0.025616540166867742,0.08999999999999986,1.3392857142857206,2.5297619047619038
2025-05-30,6.81,6.81,6.63,6.68,5340920.0,37322378.0,392886000.0,0.013594070544636358,-0.1299999999999999,-1.9089574155653488,2.643171806167397
2025-06-03,6.67,6.81,6.61,6.74,5177590.0,36353239.0,392886000.0,0.013178351990144724,0.0600000000000005,0.8982035928143839,2.9940119760478936
2025-06-04,6.76,6.8,6.67,6.7,5135890.0,35955397.0,392886000.0,0.013072214331892712,-0.040000000000000036,-0.5934718100890191,1.9287833827893157
2025-06-05,6.7,7.05,6.66,6.8,16637360.0,118458457.0,392886000.0,0.04234653309102386,0.09999999999999964,1.4925373134328401,5.820895522388055
2025-06-06,6.79,6.96,6.78,6.9,15984814.0,114891870.0,392886000.0,0.040685628910167325,0.10000000000000053,1.4705882352941346,2.6470588235294077
2025-06-09,6.88,7.07,6.86,6.99,12293610.0,89276127.0,392886000.0,0.03129052702310594,0.08999999999999986,1.304347826086949,3.0434782608695645
2025-06-10,7.11,7.26,6.85,6.94,14430400.0,105649033.0,392886000.0,0.03672922934388092,-0.04999999999999982,-0.7153075822603716,5.865522174535052
2025-06-11,7.07,7.11,6.91,6.95,8834280.0,64276759.0,392886000.0,0.022485606511812587,0.009999999999999787,0.14409221902016434,2.8818443804034604
2025-06-12,6.95,6.98,6.86,6.91,6671780.0,47482390.0,392886000.0,0.016981465361453448,-0.040000000000000036,-0.575539568345329,1.7266187050359725
2025-06-13,6.88,6.93,6.76,6.78,6352950.0,44546229.0,392886000.0,0.016169957697652754,-0.1299999999999999,-1.881331403762665,2.460202604920404
2025-06-16,6.78,6.88,6.73,6.8,5336550.0,37452335.0,392886000.0,0.01358294772529436,0.019999999999999574,0.2949852507374562,2.2123893805309653
2025-06-17,6.77,7.05,6.72,6.88,8773292.0,61647321.0,392886000.0,0.022330375732400747,0.08000000000000007,1.17647058823529,4.85294117647059
2025-06-18,6.8,6.88,6.67,6.7,7979130.0,55477984.0,392886000.0,0.020309020937371147,-0.17999999999999972,-2.6162790697674354,3.0523255813953485
2025-06-19,6.67,6.71,6.53,6.57,5613700.0,38134482.0,392886000.0,0.014288368636194723,-0.1299999999999999,-1.94029850746269,2.6865671641791002
2025-06-20,6.6,6.74,6.54,6.55,4353800.0,29574682.0,392886000.0,0.01108158600713693,-0.020000000000000462,-0.3044140030441511,3.044140030441403
2025-06-23,6.49,6.74,6.46,6.71,5412900.0,37092998.0,392886000.0,0.013777278905331317,0.16000000000000014,2.442748091603053,4.274809160305348
2025-06-24,6.73,6.89,6.7,6.88,7122430.0,50150189.0,392886000.0,0.018128490198174533,0.16999999999999993,2.53353204172877,2.8315946348733156
2025-06-25,6.91,6.98,6.88,6.9,6662880.0,47495116.0,392886000.0,0.016958812479956016,0.020000000000000462,0.29069767441860517,1.453488372093031
2025-06-26,6.9,6.93,6.84,6.86,5257480.0,37255045.0,392886000.0,0.013381693417428975,-0.040000000000000036,-0.5797101449275366,1.3043478260869543
2025-06-27,6.86,6.95,6.86,6.92,5643400.0,40100150.0,392886000.0,0.014363963083438963,0.05999999999999961,0.8746355685131046,1.3119533527696772
2025-06-30,6.89,7.02,6.89,6.98,6152390.0,44156676.0,392886000.0,0.015659478831009505,0.0600000000000005,0.8670520231213841,1.8786127167630042
2025-07-01,6.98,7.04,6.93,7.01,5962451.0,42899282.0,392886000.0,0.015176033251375717,0.02999999999999936,0.42979942693408546,1.575931232091695
2025-07-02,7.02,7.07,6.96,7.01,5505770.0,39728190.0,392886000.0,0.014013657905855643,0.0,0.0,1.569186875891588
2025-07-03,7.02,7.07,6.98,7.04,5860750.0,42485053.0,392886000.0,0.014917176992817254,0.03000000000000025,0.42796005706133844,1.2838801711840209
2025-07-04,7.01,7.04,6.95,6.98,5630050.0,40507893.0,392886000.0,0.014329983761192815,-0.05999999999999961,-0.8522727272727182,1.2784090909090888
2025-07-07,6.92,7.08,6.91,7.08,6421530.0,46564380.0,392886000.0,0.01634451214856218,0.09999999999999964,1.4326647564469885,2.4355300859598845
2025-07-08,7.14,7.15,7.04,7.12,5876180.0,42996947.0,392886000.0,0.014956450471638084,0.040000000000000036,0.5649717514124353,1.5536723163841852
2025-07-09,7.13,7.18,7.11,7.14,4957474.0,36436957.0,392886000.0,0.01261809787062914,0.019999999999999574,0.2808988764044784,0.9831460674157219
2025-07-10,7.13,7.15,7.08,7.13,4013025.0,29391364.0,392886000.0,0.010214222446205769,-0.009999999999999787,-0.1400560224089631,0.980392156862749
2025-07-11,7.12,7.15,7.02,7.13,4995670.0,36497752.0,392886000.0,0.012715316911266882,0.0,0.0,1.8232819074333912
2025-07-14,7.18,7.42,7.13,7.36,13941450.0,105009989.0,392886000.0,0.03548472075869336,0.23000000000000043,3.2258064516129004,4.0673211781206176
2025-07-15,7.29,7.4,7.13,7.21,9700050.0,72228079.0,392886000.0,0.024689222827995908,-0.15000000000000036,-2.038043478260876,3.668478260869571
2025-07-16,7.23,7.29,7.17,7.24,5354920.0,39983900.0,392886000.0,0.013629704290812093,0.03000000000000025,0.4160887656033285,1.664355062413316
2025-07-17,7.23,7.3,7.19,7.24,5483670.0,40890197.0,392886000.0,0.013957407492249661,0.0,0.0,1.5193370165745779
2025-07-18,7.31,7.32,7.15,7.16,5757510.0,42586210.0,392886000.0,0.014654403567447046,-0.08000000000000007,-1.104972375690605,2.34806629834254
2025-07-21,7.16,7.44,7.16,7.43,9608810.0,72555367.0,392886000.0,0.02445699261363347,0.2699999999999996,3.77094972067038,3.9106145251396685
2025-07-22,7.43,7.56,7.37,7.49,12225810.0,94006314.0,392886000.0,0.03111795788091202,0.0600000000000005,0.8075370121130687,2.557200538358001
2025-07-23,7.47,7.51,7.35,7.39,9275785.0,70893014.0,392886000.0,0.023609354876478163,-0.10000000000000053,-1.3351134846461998,2.1361815754339135
2025-07-24,7.38,7.74,7.36,7.46,12379249.0,96057456.0,392886000.0,0.0315085011937305,0.07000000000000028,0.9472259810554773,5.1420838971583205
2025-07-25,7.46,7.65,7.35,7.5,10533830.0,81147129.0,392886000.0,0.026811416034167673,0.040000000000000036,0.536193029490617,4.0214477211796344
2025-07-28,7.52,7.56,7.45,7.5,6731450.0,51929997.0,392886000.0,0.017133341478189602,0.0,0.0,1.466666666666659
2025-07-29,7.49,7.72,7.42,7.52,10253570.0,79307976.0,392886000.0,0.02609807934108113,0.019999999999999574,0.2666666666666595,3.9999999999999973
2025-07-30,7.48,7.52,7.34,7.42,7327130.0,55929049.0,392886000.0,0.018649506472615467,-0.09999999999999964,-1.3297872340425454,2.3936170212765924
2025-07-31,7.42,7.51,7.29,7.32,6776550.0,51440679.0,392886000.0,0.01724813304622715,-0.09999999999999964,-1.3477088948786964,2.9649595687331503
2025-08-01,7.36,7.45,7.35,7.42,6654050.0,50723432.0,392886000.0,0.016936337767189464,0.09999999999999964,1.3661202185792254,1.3661202185792423
2025-08-04,7.44,7.47,7.34,7.47,5210990.0,39916073.0,392886000.0,0.013263363927449692,0.04999999999999982,0.6738544474393482,1.7520215633423166
2025-08-05,7.49,7.72,7.48,7.68,9489640.0,74331481.0,392886000.0,0.024153673075650445,0.20999999999999996,2.8112449799196693,3.2128514056224815
2025-08-06,7.67,7.81,7.65,7.8,9401280.0,74773316.0,392886000.0,0.02392877323192987,0.1200000000000001,1.5625,2.0833333333333237
2025-08-07,7.8,7.82,7.62,7.66,10868640.0,86037028.0,392886000.0,0.027663597073960385,-0.13999999999999968,-1.7948717948717885,2.5641025641025665
2025-08-08,7.64,7.91,7.58,7.85,13626610.0,109202442.0,392886000.0,0.03468336871255275,0.1899999999999995,2.4804177545691752,4.308093994778068
2025-08-11,7.93,7.93,7.78,7.84,9861840.0,79783029.0,392886000.0,0.02510102167040821,-0.009999999999999787,-0.1273885350318471,1.9108280254777004
2025-08-12,7.83,7.87,7.74,7.79,6384360.0,51237301.0,392886000.0,0.0162499045524656,-0.04999999999999982,-0.6377551020408156,1.6581632653061211
2025-08-13,7.8,7.84,7.75,7.82,6428220.0,51560867.0,392886000.0,0.016361539988699013,0.03000000000000025,0.38510911424904926,1.1553273427471098
2025-08-14,7.82,7.86,7.52,7.55,10483630.0,82472635.0,392886000.0,0.026683643601451822,-0.27000000000000046,-3.4526854219948944,4.347826086956531
2025-08-15,7.57,7.7,7.54,7.59,7316230.0,57477783.0,392886000.0,0.01862176305595007,0.040000000000000036,0.5298013245033095,2.119205298013247
2025-08-18,7.65,7.72,7.52,7.54,9784140.0,76592471.0,392886000.0,0.024903254379132878,-0.04999999999999982,-0.6587615283267456,2.635046113306985
2025-08-19,7.56,7.63,7.5,7.62,6657450.0,51947991.0,392886000.0,0.016944991676975,0.08000000000000007,1.0610079575596787,1.7241379310344813
2025-08-20,7.62,7.67,7.57,7.67,5234170.0,41144385.0,392886000.0,0.013322363230046375,0.04999999999999982,0.6561679790026309,1.3123359580052447
2025-08-21,7.76,7.79,7.57,7.62,7350190.0,57894756.0,392886000.0,0.01870820034310207,-0.04999999999999982,-0.6518904823989535,2.8683181225554075
2025-08-22,7.6,7.66,7.52,7.58,7479753.0,58303935.0,392886000.0,0.019037972847085412,-0.040000000000000036,-0.5249343832021025,1.8372703412073568
2025-08-25,7.61,7.66,7.53,7.54,8099240.0,63206373.0,392886000.0,0.020614733026883117,-0.040000000000000036,-0.527704485488123,1.71503957783641
2025-08-26,7.55,7.89,7.48,7.79,12973100.0,103069805.0,392886000.0,0.03302001089374526,0.25,3.3156498673740042,5.437665782493359
2025-08-27,7.77,7.77,7.45,7.46,17995838.0,140564227.0,392886000.0,0.04580422310797534,-0.33000000000000007,-4.236200256739409,4.107830551989722
2025-08-28,7.42,7.53,7.09,7.34,14604880.0,109719867.0,392886000.0,0.03717332763193395,-0.1200000000000001,-1.608579088471851,5.8981233243967885
2025-08-29,7.29,7.36,7.25,7.28,5509859.0,41362967.0,392886000.0,0.01402406550500654,-0.05999999999999961,-0.8174386920980825,1.4986376021798409
2025-09-01,7.27,7.37,7.22,7.33,7823500.0,58813499.0,392886000.0,0.019912900943276166,0.04999999999999982,0.6868131868131844,2.060439560439565
2025-09-02,7.33,7.33,7.13,7.29,7644310.0,56925281.0,392886000.0,0.019456814444902593,-0.040000000000000036,-0.545702592087316,2.7285129604365648
2025-09-03,7.29,7.32,7.09,7.13,5664960.0,42006598.0,392886000.0,0.014418839052549594,-0.16000000000000014,-2.1947873799725626,3.1550068587105686
2025-09-04,7.13,7.32,7.13,7.22,7984680.0,59512039.0,392886000.0,0.020323147172462242,0.08999999999999986,1.2622720897615736,2.6647966339410996
2025-09-05,7.22,7.31,7.15,7.27,5749481.0,42906672.0,392886000.0,0.014633967614015262,0.04999999999999982,0.6925207756232732,2.2160664819944493
2025-09-08,7.28,7.34,7.23,7.33,5688940.0,42754818.0,392886000.0,0.014479874569213461,0.0600000000000005,0.8253094910591452,1.5130674002750955
2025-09-09,7.31,7.37,7.25,7.29,5433375.0,40947090.0,392886000.0,0.01382939325911333,-0.040000000000000036,-0.545702592087316,1.6371077762619386
2025-09-10,7.26,7.36,7.24,7.3,3972834.0,29868721.0,392886000.0,0.010111925596737984,0.009999999999999787,0.137174211248281,1.6460905349794255
2025-09-11,7.31,7.37,7.19,7.34,5059950.0,37923264.0,392886000.0,0.012878926711565188,0.040000000000000036,0.5479452054794498,2.4657534246575303
2025-09-12,7.38,7.38,7.24,7.27,4709690.0,35379192.0,392886000.0,0.011987421287599965,-0.07000000000000028,-0.95367847411445,1.9073569482288784
2025-09-15,7.3,7.3,7.18,7.21,5083440.0,37740362.0,392886000.0,0.012938715047112904,-0.05999999999999961,-0.8253094910591452,1.650618982118296
2025-09-16,7.23,7.31,7.19,7.31,5431890.0,40619826.0,392886000.0,0.013825613536751118,0.09999999999999964,1.386962552011095,1.664355062413304
2025-09-17,7.31,7.47,7.28,7.47,9159773.0,69678260.0,392886000.0,0.023314073293525348,0.16000000000000014,2.188782489740082,2.599179206566341
2025-09-18,7.45,7.74,7.39,7.48,18106119.0,141625705.0,392886000.0,0.046084917762404365,0.010000000000000675,0.1338688085676054,4.685408299866139
2025-09-19,7.52,7.53,7.19,7.23,10240130.0,77237888.0,392886000.0,0.02606387094475242,-0.25,-3.342245989304815,4.545454545454543
2025-09-22,7.3,7.33,7.14,7.18,5942400.0,44123997.0,392886000.0,0.015124998091049313,-0.05000000000000071,-0.6915629322268413,2.6279391424619694
2025-09-23,7.15,7.25,6.92,7.23,8308100.0,60629464.0,392886000.0,0.02114633761447341,0.05000000000000071,0.6963788300835771,4.596100278551534
2025-09-24,7.21,7.35,7.14,7.35,5985473.0,44864997.0,392886000.0,0.01523463040169413,0.11999999999999922,1.6597510373443924,2.9045643153526965
2025-09-25,7.35,7.37,7.18,7.21,5922100.0,44248890.0,392886000.0,0.015073329159094496,-0.13999999999999968,-1.904761904761898,2.5850340136054477
2025-09-26,7.21,7.42,7.17,7.32,6638169.0,49368918.0,392886000.0,0.01689591637268826,0.11000000000000032,1.5256588072122046,3.467406380027739
2025-09-29,7.32,7.48,7.2,7.44,6202010.0,46490004.0,392886000.0,0.015785775008526647,0.1200000000000001,1.6393442622950838,3.8251366120218613
2025-09-30,7.43,7.51,7.4,7.43,5694850.0,43170955.0,392886000.0,0.01449491710063479,-0.010000000000000675,-0.13440860215054862,1.4784946236559062
2025-10-09,7.48,7.5,7.35,7.39,5932050.0,44624574.0,392886000.0,0.015098654571555108,-0.040000000000000036,-0.538358008075368,2.0188425302826425
2025-10-10,7.39,7.55,7.34,7.5,7132648.0,54253155.0,392886000.0,0.018154497742347654,0.11000000000000032,1.4884979702300516,2.8416779431664407
2025-10-13,7.33,7.51,7.19,7.48,6887980.0,51661197.0,392886000.0,0.017531752213110163,-0.019999999999999574,-0.2666666666666595,4.266666666666659
2025-10-14,7.49,7.72,7.46,7.61,9793440.0,75347375.0,392886000.0,0.024926925367663902,0.1299999999999999,1.7379679144384985,3.4759358288770024
2025-10-15,7.63,7.76,7.59,7.75,8147645.0,63747331.0,392886000.0,0.020737936704285722,0.13999999999999968,1.8396846254927768,2.2339027595269374
2025-10-16,7.73,7.86,7.66,7.68,7038370.0,55389018.0,392886000.0,0.017914535005065083,-0.07000000000000028,-0.903225806451613,2.580645161290325
2025-10-17,7.68,7.69,7.46,7.47,7607990.0,58437914.0,392886000.0,0.0193643703262524,-0.20999999999999996,-2.734375,2.9947916666666723
2025-10-20,7.48,7.62,7.46,7.53,5492365.0,41975110.0,392886000.0,0.013979538593892376,0.0600000000000005,0.8032128514056325,2.141900937081662
2025-10-21,7.57,7.69,7.52,7.68,6109050.0,47305565.0,392886000.0,0.015549166933919762,0.14999999999999947,1.9920318725099584,2.2576361221779657
2025-10-22,7.68,7.73,7.64,7.7,5002140.0,39077570.0,392886000.0,0.01273178479253524,0.020000000000000462,0.26041666666667407,1.1718750000000098
2025-10-23,7.66,7.72,7.6,7.71,4145970.0,32250485.0,392886000.0,0.010552603045158138,0.009999999999999787,0.12987012987013546,1.5584415584415598
2025-10-24,7.7,7.79,7.66,7.77,5985790.0,47059346.0,392886000.0,0.015235437251518252,0.05999999999999961,0.7782101167315147,1.686121919584953
2025-10-27,7.76,7.82,7.64,7.76,6886380.0,54176629.0,392886000.0,0.017527679784975794,-0.009999999999999787,-0.12870012870012104,2.3166023166023244
2025-10-28,7.76,7.82,7.7,7.79,5177700.0,40848622.0,392886000.0,0.013178631969578962,0.03000000000000025,0.3865979381443285,1.546391752577321
2025-10-29,8.27,8.27,7.76,7.81,20722100.0,165141469.0,392886000.0,0.05274328940201484,0.019999999999999574,0.25673940949935137,6.54685494223363
2025-10-30,7.81,8.02,7.72,7.94,18093342.0,145578805.0,392886000.0,0.04605239687848384,0.13000000000000078,1.6645326504481472,3.841229193341867
2025-10-31,7.88,8.06,7.87,7.95,11052520.0,89622804.0,392886000.0,0.02813162087730283,0.009999999999999787,0.12594458438286438,2.392947103274564
2025-11-03,8.02,8.29,7.98,8.04,16474390.0,135554985.0,392886000.0,0.04193173083286246,0.08999999999999897,1.1320754716980908,3.899371069182374
2025-11-04,8.09,8.16,7.98,8.04,9908090.0,81333384.0,392886000.0,0.025218740296167337,0.0,0.0,2.2388059701492504
2025-11-05,7.99,8.14,7.95,8.13,8274212.0,67694531.0,392886000.0,0.02106008358658746,0.09000000000000163,1.1194029850746468,2.363184079601995
2025-11-06,8.11,8.24,8.08,8.21,7541252.0,62682547.0,392886000.0,0.01919450425823267,0.08000000000000007,0.9840098400984099,1.9680196801968035
2025-11-07,8.02,8.1,7.87,7.99,9271450.0,75462880.0,392886000.0,0.023598321141501608,-0.22000000000000064,-2.679658952496966,2.8014616321559016
2025-11-10,8.02,8.08,7.93,7.96,7935800.0,64547077.0,392886000.0,0.020198734492957244,-0.03000000000000025,-0.3754693366708417,1.877346683354197
2025-11-11,7.9,8.04,7.9,8.0,5945990.0,48274145.0,392886000.0,0.015134135601675805,0.040000000000000036,0.5025125628140614,1.758793969849231
2025-11-12,8.05,8.05,7.88,7.9,5091530.0,41078268.0,392886000.0,0.01295930626186731,-0.09999999999999964,-1.2499999999999956,2.12500000000001
2025-11-13,7.94,7.96,7.85,7.9,4539420.0,36474626.0,392886000.0,0.011554038576075502,0.0,0.0,1.392405063291143
2025-11-14,7.9,8.03,7.88,7.96,5687150.0,46095299.0,392886000.0,0.014475318540238135,0.05999999999999961,0.75949367088608,1.898734177215183
2025-11-17,7.98,7.99,7.86,7.88,6971370.0,56042707.0,392886000.0,0.01774400207693835,-0.08000000000000007,-1.005025125628145,1.6331658291457274
2025-11-18,7.86,7.89,7.77,7.81,5246510.0,41609146.0,392886000.0,0.013353771832032702,-0.07000000000000028,-0.8883248730964466,1.52284263959391
2025-11-19,7.8,7.85,7.62,7.66,5230140.0,40893190.0,392886000.0,0.013312105801682931,-0.14999999999999947,-1.9206145966709331,2.944942381562094
2025-11-20,7.63,7.76,7.6,7.64,3576900.0,27810587.0,392886000.0,0.009104167621142011,-0.020000000000000462,-0.26109660574412663,2.088772845953004
2025-11-21,7.57,7.67,7.2,7.23,7253620.0,54258116.0,392886000.0,0.018462403852517014,-0.40999999999999925,-5.366492146596846,6.151832460732981
2025-11-24,7.29,7.39,7.23,7.32,6604440.0,49197969.0,392886000.0,0.01681006704234816,0.08999999999999986,1.2448132780082943,2.2130013831258544
2025-11-25,7.37,7.5,7.33,7.43,3914090.0,29616487.0,392886000.0,0.009962406397784599,0.10999999999999943,1.5027322404371546,2.3224043715846987
2025-11-26,7.44,7.53,7.32,7.33,4043110.0,30399490.0,392886000.0,0.010290796821469841,-0.09999999999999964,-1.3458950201884257,2.8263795423956926
2025-11-27,7.34,7.48,7.28,7.43,4214800.0,31691601.0,392886000.0,0.010727793812963557,0.09999999999999964,1.3642564802182733,2.7285129604365648
2025-11-28,7.43,7.49,7.39,7.48,5044080.0,38206508.0,392886000.0,0.012838533315007407,0.05000000000000071,0.6729475100942128,1.3458950201884325
2025-12-01,7.45,7.57,7.4,7.43,7236090.0,54955179.0,392886000.0,0.018417785311769828,-0.05000000000000071,-0.6684491978609763,2.2727272727272716
2025-12-02,7.44,7.45,7.32,7.42,4728761.0,35539106.0,392886000.0,0.012035962085694069,-0.009999999999999787,-0.1345895020188448,1.7496635262449516
2025-12-03,7.39,7.59,7.35,7.47,5710021.0,43264456.0,392886000.0,0.014533531355151367,0.04999999999999982,0.6738544474393482,3.234501347708898
2025-12-04,7.41,7.55,7.34,7.39,4050621.0,30586692.0,392886000.0,0.010309914326293123,-0.08000000000000007,-1.0709504685408322,2.811244979919678
2025-12-05,7.39,7.47,7.33,7.44,4213880.0,31750831.0,392886000.0,0.010725452166786295,0.05000000000000071,0.6765899864682012,1.8944519621109566
2025-12-08,7.44,7.55,7.4,7.42,4211500.0,31886095.0,392886000.0,0.01071939442993642,-0.020000000000000462,-0.26881720430108613,2.016129032258057
2025-12-09,7.46,7.47,7.32,7.34,4192830.0,31440951.0,392886000.0,0.010671874284143491,-0.08000000000000007,-1.0781671159029615,2.021563342318052
2025-12-10,7.33,7.38,7.2,7.23,5233022.0,38620630.0,392886000.0,0.013319441262859964,-0.10999999999999943,-1.4986376021798309,2.452316076294274
2025-12-11,7.23,7.28,7.05,7.06,5276850.0,38197171.0,392886000.0,0.013430995250530688,-0.17000000000000082,-2.351313969571245,3.181189488243436
2025-12-12,7.06,7.16,6.96,6.98,5737890.0,41138556.0,392886000.0,0.014604465417449336,-0.07999999999999918,-1.1331444759206666,2.8328611898017027
2025-12-15,6.89,7.13,6.89,7.03,5637320.0,40135439.0,392886000.0,0.014348487856528357,0.04999999999999982,0.7163323782234832,3.4383954154727823
2025-12-16,7.03,7.07,6.85,6.91,5024149.0,35364045.0,392886000.0,0.01278780358679108,-0.1200000000000001,-1.7069701280227556,3.1294452347084016
2025-12-17,6.89,6.94,6.76,6.89,3913400.0,27175631.0,392886000.0,0.009960650163151652,-0.020000000000000462,-0.28943560057888007,2.6049204052098496
2025-12-18,6.87,7.02,6.81,6.97,3571810.0,25265272.0,392886000.0,0.009091212209139547,0.08000000000000007,1.1611030478954953,3.047895500725689
2025-12-19,7.0,7.16,6.94,7.15,4282622.0,30857095.0,392886000.0,0.010900418951044323,0.1800000000000006,2.582496413199431,3.156384505021517
2025-12-22,7.15,7.24,7.14,7.17,5035570.0,36820578.0,392886000.0,0.012816873087867728,0.019999999999999574,0.2797202797202747,1.398601398601406
2025-12-23,7.17,7.25,7.1,7.14,3569260.0,25940575.0,392886000.0,0.009084721776800395,-0.03000000000000025,-0.4184100418410108,2.092050209205026
2025-12-24,7.13,7.2,7.08,7.19,3707620.0,26976345.0,392886000.0,0.00943688499972002,0.05000000000000071,0.7002801120448376,1.6806722689075646
2025-12-25,7.21,7.55,7.16,7.47,8037630.0,60175786.0,392886000.0,0.02045791909103404,0.27999999999999936,3.894297635605004,5.424200278164112
2025-12-26,7.47,7.54,7.39,7.42,5987100.0,45330227.0,392886000.0,0.015238771552053268,-0.04999999999999982,-0.669344042838016,2.008032128514061
2025-12-29,7.41,8.14,7.37,7.69,24549418.0,192264038.0,392886000.0,0.06248483784100223,0.27000000000000046,3.63881401617252,10.377358490566044
2025-12-30,7.59,7.77,7.56,7.62,15436675.0,119724918.0,392886000.0,0.03929046848195151,-0.07000000000000028,-0.9102730819245841,2.7308192457737315
2025-12-31,7.61,7.62,7.41,7.51,8675950.0,66031178.0,392886000.0,0.02208261429524086,-0.11000000000000032,-1.4435695538057791,2.755905511811023
2026-01-05,7.51,7.7,7.44,7.54,10010165.0,76804731.0,392886000.0,0.02547854848480221,0.03000000000000025,0.3994673768308976,3.462050599201062
2026-01-06,7.51,8.11,7.47,7.84,24225140.0,192748444.0,392886000.0,0.061659463559404,0.2999999999999998,3.9787798408488007,8.488063660477449
2026-01-07,7.83,7.84,7.6,7.65,15611549.0,121678954.0,392886000.0,0.03973556960543262,-0.1899999999999995,-2.423469387755095,3.061224489795921
2026-01-08,7.58,7.85,7.53,7.72,12642530.0,98701070.0,392886000.0,0.032178621788508624,0.0699999999999994,0.9150326797385588,4.183006535947705
2026-01-09,7.73,7.81,7.63,7.67,10308440.0,80559375.0,392886000.0,0.026237738173414172,-0.04999999999999982,-0.6476683937823857,2.3316062176165766
2026-01-12,7.65,7.73,7.64,7.73,9582740.0,74891858.0,392886000.0,0.024390637487719084,0.0600000000000005,0.7822685788787531,1.1734028683181323
2026-01-13,7.69,7.82,7.6,7.68,8972340.0,70380954.0,392886000.0,0.022837006154457017,-0.05000000000000071,-0.6468305304010435,2.846054333764562
2026-01-14,7.72,7.78,7.53,7.64,10300880.0,80230625.0,392886000.0,0.026218495950479273,-0.040000000000000036,-0.520833333333337,3.2552083333333335
2026-01-15,7.58,7.72,7.56,7.65,6054510.0,46951494.0,392886000.0,0.015410348039889433,0.010000000000000675,0.13089005235602524,2.094240837696337
2026-01-16,7.68,7.69,7.57,7.62,6053810.0,46883785.0,392886000.0,0.015408566352580647,-0.03000000000000025,-0.39215686274509665,1.5686274509803935
2026-01-19,7.62,7.97,7.62,7.92,12412150.0,98871420.0,392886000.0,0.031592243042511056,0.2999999999999998,3.937007874015741,4.5931758530183675
2026-01-20,7.91,8.05,7.88,8.02,10912280.0,88534423.0,392886000.0,0.027774672551325322,0.09999999999999964,1.262626262626254,2.146464646464657
2026-01-21,7.97,8.1,7.93,8.06,6891810.0,56217902.0,392886000.0,0.017541500587956813,0.040000000000000924,0.4987531172069959,2.119700748129675
2026-01-22,8.11,8.17,8.06,8.17,6813580.0,56331461.0,392886000.0,0.01734238430486197,0.10999999999999943,1.3647642679900596,1.3647642679900673
2026-01-23,8.22,8.22,8.08,8.16,6607540.0,54556803.0,392886000.0,0.016817957371858504,-0.009999999999999787,-0.1223990208078285,1.7135862913096767
2026-01-26,8.2,8.29,8.07,8.16,9336130.0,77550596.0,392886000.0,0.023762949048833505,0.0,0.0,2.696078431372535
2026-01-27,8.15,8.18,7.89,8.09,8479370.0,69150381.0,392886000.0,0.021582265593581854,-0.07000000000000028,-0.85784313725491,3.5539215686274517
2026-01-28,8.09,8.11,7.97,8.0,6105338.0,49757440.0,392886000.0,0.015539718900648026,-0.08999999999999986,-1.1124845488257096,1.7305315203955463
2026-01-29,7.97,8.02,7.8,7.88,7477260.0,60211814.0,392886000.0,0.019031627494998548,-0.1200000000000001,-1.5000000000000013,2.749999999999997
2026-01-30,7.88,7.99,7.79,7.96,7841230.0,62912315.0,392886000.0,0.01995802853754015,0.08000000000000007,1.0152284263959421,2.53807106598985
2026-02-02,7.96,8.13,7.91,7.92,8308630.0,67757738.0,392886000.0,0.02114768660629292,-0.040000000000000036,-0.5025125628140725,2.763819095477395
2026-02-03,7.99,8.09,7.93,8.03,6581800.0,53668294.0,392886000.0,0.01675244218424683,0.10999999999999943,1.388888888888884,2.020202020202022
2026-02-04,8.0,8.17,7.99,8.13,5982200.0,49224864.0,392886000.0,0.01522629974089176,0.10000000000000142,1.2453300124533273,2.2415940224159367
2026-02-05,8.15,8.15,7.99,8.01,5138380.0,42102863.0,392886000.0,0.013078552048176826,-0.120000000000001,-1.4760147601476148,1.9680196801968035
2026-02-06,8.0,8.13,7.91,8.05,5035680.0,41185475.0,392886000.0,0.012817153067301966,0.040000000000000924,0.4993757802746579,2.7465667915106198
2026-02-09,8.13,8.17,8.08,8.12,4807450.0,39689647.0,392886000.0,0.012236246646609958,0.06999999999999851,0.8695652173912771,1.1180124223602466
2026-02-10,8.15,8.2,8.09,8.15,3696220.0,30604053.0,392886000.0,0.009407868949262635,0.030000000000001137,0.3694581280788256,1.3546798029556582
2026-02-11,8.12,8.19,8.08,8.1,3558340.0,29391792.0,392886000.0,0.009056927454783321,-0.05000000000000071,-0.613496932515345,1.3496932515337352
2026-02-12,8.1,8.15,7.99,8.01,4521900.0,37028769.0,392886000.0,0.011509445488004155,-0.08999999999999986,-1.1111111111111072,1.9753086419753103
2026-02-13,8.01,8.11,7.99,8.02,3317260.0,27151619.0,392886000.0,0.008443314345637156,0.009999999999999787,0.12484394506866447,1.4981273408239604
2026-02-24,8.07,8.23,8.04,8.21,5716440.0,47445658.0,392886000.0,0.014549869427772942,0.19000000000000128,2.3690773067331916,2.369077306733183
2026-02-25,8.22,8.24,8.04,8.06,5488730.0,45368504.0,392886000.0,0.013970286546224604,-0.15000000000000036,-1.8270401948842885,2.4360535931790626
2026-02-26,8.06,8.15,8.03,8.12,4869040.0,39974296.0,392886000.0,0.012393009677107355,0.05999999999999872,0.7444168734491052,1.4888337468982753
2026-02-27,8.17,8.25,7.97,8.01,6485510.0,53045811.0,392886000.0,0.01650735836858529,-0.10999999999999943,-1.3546798029556606,3.448275862068969
2026-03-02,7.92,8.01,7.71,7.8,6637130.0,52886115.0,392886000.0,0.016893271839668503,-0.20999999999999996,-2.621722846441943,3.745318352059923
2026-03-03,7.83,7.87,7.58,7.59,6321060.0,49578548.0,392886000.0,0.016088789114399597,-0.20999999999999996,-2.692307692307694,3.7179487179487185
2026-03-04,7.59,7.66,7.44,7.52,6091830.0,46655386.0,392886000.0,0.015505337426123608,-0.07000000000000028,-0.9222661396574461,2.898550724637678
2026-03-05,7.65,7.8,7.65,7.73,5237410.0,41131008.0,392886000.0,0.013330609897018474,0.21000000000000085,2.7925531914893664,1.994680851063823
2026-03-06,7.68,7.97,7.68,7.96,4967980.0,39874942.0,392886000.0,0.012644838451866446,0.22999999999999954,2.975420439844756,3.751617076326003
2026-03-09,7.87,8.01,7.78,7.86,5508590.0,44055597.0,392886000.0,0.014020835560442469,-0.09999999999999964,-1.2562814070351758,2.8894472361808985
2026-03-10,7.96,8.15,7.93,8.15,5591070.0,45814040.0,392886000.0,0.01423076923076923,0.29000000000000004,3.689567430025442,2.7989821882951733
2026-03-11,8.22,8.22,8.06,8.1,4603800.0,37894011.0,392886000.0,0.011717902903132207,-0.05000000000000071,-0.613496932515345,1.9631901840490813
2026-03-12,8.11,8.16,8.01,8.03,4084320.0,33500765.0,392886000.0,0.010395687298605702,-0.07000000000000028,-0.8641975308641969,1.8518518518518563
2026-03-13,8.03,8.15,7.99,8.01,4078860.0,33439825.0,392886000.0,0.010381790137597166,-0.019999999999999574,-0.24906600249064992,1.9925280199252822
2026-03-16,8.01,8.15,7.96,8.03,4779700.0,38968204.0,392886000.0,0.012165615471154483,0.019999999999999574,0.24968789013732895,2.372034956304624
2026-03-17,8.02,8.12,7.86,7.87,4122200.0,33460985.0,392886000.0,0.010492102034686906,-0.15999999999999925,-1.992528019925266,3.237858032378567
2026-03-18,7.86,7.94,7.78,7.92,4322410.0,34468403.0,392886000.0,0.011001690057675763,0.04999999999999982,0.6353240152477735,2.0330368487928863
2026-03-19,7.85,7.91,7.63,7.67,4343700.0,34216267.0,392886000.0,0.011055878804538722,-0.25,-3.1565656565656575,3.5353535353535386
2026-03-20,7.7,7.74,7.29,7.34,7180500.0,54524537.0,392886000.0,0.018276293886776318,-0.33000000000000007,-4.30247718383312,5.867014341590615
2026-03-23,7.22,7.3,6.61,6.73,12343450.0,87101053.0,392886000.0,0.03141738315949156,-0.6099999999999994,-8.31062670299727,9.400544959128059
2026-03-24,6.87,7.08,6.74,7.07,11342540.0,79721329.0,392886000.0,0.02886979938200903,0.33999999999999986,5.052005943536408,5.052005943536401
2026-03-25,7.09,7.23,7.08,7.14,7204440.0,52231228.0,392886000.0,0.018337227592736826,0.0699999999999994,0.990099009900991,2.1216407355021265
2026-03-26,7.14,7.26,7.0,7.02,5224720.0,37624606.0,392886000.0,0.013298310451377754,-0.1200000000000001,-1.6806722689075682,3.6414565826330505
2026-03-27,6.99,7.22,6.91,7.19,4785340.0,34710292.0,392886000.0,0.012179970780328135,0.17000000000000082,2.4216524216524427,4.415954415954411
2026-03-30,7.18,7.42,7.11,7.39,7374840.0,54603259.0,392886000.0,0.018770941189047204,0.1999999999999993,2.7816411682892728,4.311543810848395
2026-03-31,7.45,7.75,7.44,7.53,11421350.0,88446796.0,392886000.0,0.02907039192030258,0.14000000000000057,1.8944519621109768,4.194857916102836
2026-04-01,7.57,7.67,7.34,7.4,9225560.0,69874277.0,392886000.0,0.023481518812072714,-0.1299999999999999,-1.726427622841964,4.382470119521913
2026-04-02,7.4,7.64,7.28,7.33,8290100.0,62307391.0,392886000.0,0.02110052279796175,-0.07000000000000028,-0.9459459459459474,4.864864864864857
2026-04-03,7.33,7.38,6.98,7.0,6646860.0,47895958.0,392886000.0,0.016918037293260642,-0.33000000000000007,-4.502046384720327,5.457025920873117
2026-04-07,7.0,7.25,6.96,7.19,7311980.0,53112497.0,392886000.0,0.018610945668718154,0.1900000000000004,2.7142857142857135,4.142857142857143
2026-04-08,7.33,7.5,7.32,7.45,6336980.0,47856060.0,392886000.0,0.016129309774336575,0.2599999999999998,3.616133518776077,2.5034770514603575
2026-04-09,7.48,7.48,7.23,7.23,5302350.0,39463563.0,392886000.0,0.013495899573922207,-0.21999999999999975,-2.953020134228179,3.3557046979865772
2026-04-10,7.29,7.43,7.27,7.37,3881810.0,29064516.0,392886000.0,0.00988024516017369,0.13999999999999968,1.9363762102351245,2.2130013831258664
2026-04-13,7.38,7.38,7.22,7.28,4319450.0,31953295.0,392886000.0,0.010994156065627179,-0.08999999999999986,-1.2211668928086783,2.170963364993218
2026-04-14,7.34,7.39,7.22,7.31,4270680.0,31600240.0,392886000.0,0.010870023365556421,0.02999999999999936,0.4120879120879106,2.335164835164834
2026-04-15,7.33,7.37,7.25,7.26,4763037.0,35353568.0,392886000.0,0.012123203677402605,-0.04999999999999982,-0.6839945280437743,1.6415868673050633
2026-04-16,7.25,7.46,7.23,7.42,4445090.0,33253002.0,392886000.0,0.011313943484878566,0.16000000000000014,2.203856749311295,3.1680440771349803
2026-04-17,7.42,7.42,7.23,7.26,4341600.0,32191598.0,392886000.0,0.01105053374261236,-0.16000000000000014,-2.156334231805934,2.560646900269535
2026-04-20,7.3,7.41,7.19,7.41,5340320.0,39806627.0,392886000.0,0.013592543384085968,0.15000000000000036,2.066115702479343,3.0303030303030267
2026-04-21,7.38,7.47,7.34,7.45,6485700.0,48808544.0,392886000.0,0.016507841969426246,0.040000000000000036,0.5398110661268607,1.7543859649122793
2026-04-22,7.37,7.37,7.01,7.05,14509430.0,104302120.0,392886000.0,0.03693038184104295,-0.40000000000000036,-5.369127516778526,4.832214765100675
2026-04-23,7.01,7.08,6.92,7.01,7978460.0,56766355.0,392886000.0,0.02030731560808988,-0.040000000000000036,-0.5673758865248235,2.269503546099293
2026-04-24,6.98,7.1,6.89,7.06,7398680.0,52585330.0,392886000.0,0.018831620368249313,0.04999999999999982,0.7132667617689048,2.995720399429386
2026-04-27,7.16,7.2,6.95,7.2,8980380.0,64553979.0,392886000.0,0.022857470105832226,0.14000000000000057,1.9830028328611915,3.5410764872521248
2026-04-28,7.19,7.24,7.08,7.14,6213480.0,45196739.0,392886000.0,0.01581496922771491,-0.0600000000000005,-0.8333333333333415,2.222222222222224
2026-04-29,7.14,7.33,7.12,7.29,6201290.0,45903018.0,392886000.0,0.01578394241586618,0.15000000000000036,2.1008403361344685,2.941176470588235
2026-04-30,7.29,7.44,7.29,7.39,5357990.0,40236587.0,392886000.0,0.013637518262294914,0.09999999999999964,1.3717421124828544,2.0576131687242847
2026-05-06,7.49,7.54,7.35,7.45,7901170.0,59761078.0,392886000.0,0.02011059187652398,0.0600000000000005,0.8119079837618504,2.5710419485791665
2026-05-07,7.46,7.48,7.33,7.33,5868280.0,44100984.0,392886000.0,0.014936342857724633,-0.1200000000000001,-1.6107382550335614,2.013422818791951
2026-05-08,7.32,7.41,7.31,7.4,4304050.0,32210348.0,392886000.0,0.01095495894483387,0.07000000000000028,0.9549795361528002,1.3642564802182884
2026-05-11,7.46,7.46,7.27,7.33,5483730.0,40794795.0,392886000.0,0.013957560208304699,-0.07000000000000028,-0.9459459459459474,2.5675675675675724
2026-05-12,7.33,7.41,7.17,7.17,5810420.0,42873102.0,392886000.0,0.014789073675315486,-0.16000000000000014,-2.182810368349253,3.274215552523877
2026-05-13,7.22,7.23,7.14,7.22,5112950.0,37324608.0,392886000.0,0.013013825893516186,0.04999999999999982,0.6973500697350143,1.255230125523023
2026-05-14,7.26,7.27,7.05,7.07,4799330.0,34710761.0,392886000.0,0.012215579073828031,-0.14999999999999947,-2.0775623268697974,3.047091412742379
2026-05-15,7.11,7.14,6.95,7.0,6364200.0,45519627.0,392886000.0,0.016198591957972543,-0.07000000000000028,-0.990099009900991,2.6874115983026803
2026-05-18,6.99,7.07,6.89,7.06,5523060.0,39110924.0,392886000.0,0.014057665582382676,0.05999999999999961,0.8571428571428452,2.57142857142858
2026-05-19,7.06,7.15,7.0,7.1,3960490.0,28483859.0,392886000.0,0.010080506813681321,0.040000000000000036,0.56657223796035,2.12464589235128
2026-05-20,7.11,7.11,6.93,7.0,4012700.0,28503517.0,392886000.0,0.010213395234240976,-0.09999999999999964,-1.4084507042253502,2.5352112676056424
2026-05-21,7.05,7.12,6.78,6.8,5242910.0,37032416.0,392886000.0,0.01334460886873037,-0.20000000000000018,-2.857142857142858,4.857142857142855
2026-05-22,6.83,6.97,6.72,6.94,3876670.0,26993697.0,392886000.0,0.009867162484792026,0.14000000000000057,2.0588235294117796,3.6764705882352944
2026-05-25,6.94,7.06,6.76,6.81,4363510.0,30383910.0,392886000.0,0.011106300555377388,-0.13000000000000078,-1.8731988472622585,4.322766570605185
2026-05-26,6.75,6.79,6.55,6.63,6068060.0,40893579.0,392886000.0,0.015444836415652377,-0.17999999999999972,-2.643171806167399,3.524229074889871
2026-05-27,6.68,6.68,6.4,6.45,5203840.0,34209891.0,392886000.0,0.013245165264224227,-0.17999999999999972,-2.714932126696823,4.223227752639508
2026-05-28,6.46,6.51,6.3,6.44,5402300.0,35201059.0,392886000.0,0.013750299068941117,-0.009999999999999787,-0.15503875968991832,3.255813953488371
2026-05-29,6.42,6.51,6.25,6.29,6211919.0,40199397.0,392886000.0,0.015810996065016316,-0.15000000000000036,-2.329192546583858,4.037267080745338
2026-06-01,6.28,6.56,6.17,6.52,6083004.0,39245951.0,392886000.0,0.015482872894427391,0.22999999999999954,3.6565977742448297,6.200317965023842
2026-06-02,6.58,6.62,6.33,6.37,4957050.0,31826619.0,392886000.0,0.012617018677173531,-0.14999999999999947,-2.300613496932502,4.447852760736197
2026-06-03,6.4,6.42,6.26,6.32,4650209.0,29383392.0,392886000.0,0.011836026226437186,-0.04999999999999982,-0.7849293563579218,2.511773940345371
2026-06-04,6.31,6.34,6.13,6.21,4533129.0,28170884.0,392886000.0,0.011538026297704678,-0.11000000000000032,-1.7405063291139333,3.3227848101265813
2026-06-05,6.21,6.39,6.15,6.31,4514140.0,28362941.0,392886000.0,0.011489694211552461,0.09999999999999964,1.61030595813203,3.864734299516898
2026-06-08,6.25,6.42,6.09,6.16,5419000.0,33962815.0,392886000.0,0.013792805037593602,-0.14999999999999947,-2.3771790808240767,5.229793977812997
2026-06-09,6.22,6.28,6.12,6.17,3720400.0,23043431.0,392886000.0,0.009469413519443299,0.009999999999999787,0.16233766233766378,2.5974025974025996
2026-06-10,6.16,6.17,5.98,6.1,4985720.0,30181945.0,392886000.0,0.01268999149880627,-0.07000000000000028,-1.1345218800648316,3.07941653160453
2026-06-11,6.1,6.11,5.89,5.99,5053590.0,30183794.0,392886000.0,0.012862738809731067,-0.10999999999999943,-1.8032786885245788,3.606557377049191
2026-06-12,6.05,6.11,5.93,6.07,4941270.0,29905509.0,392886000.0,0.012576854354698309,0.08000000000000007,1.3355592654423987,3.0050083472454188
2026-06-15,6.16,6.22,5.99,6.08,5667780.0,34534627.0,392886000.0,0.01442601670713642,0.009999999999999787,0.16474464579900872,3.7891268533772573
2026-06-16,6.1,6.1,5.82,5.99,5847570.0,34870634.0,392886000.0,0.014883630366060384,-0.08999999999999986,-1.4802631578947345,4.6052631578947265
2026-06-17,6.01,6.01,5.8,5.82,5285620.0,30980085.0,392886000.0,0.013453317247242202,-0.16999999999999993,-2.8380634390651083,3.50584307178631
2026-06-18,5.8,5.88,5.7,5.81,4866850.0,28276479.0,392886000.0,0.012387435541098436,-0.010000000000000675,-0.1718213058419349,3.092783505154634
