date,open,high,low,close,volume,amount,outstanding_share,turnover,change,pct_chg,amplitude
2023-03-06,112.81,113.7,111.2,112.76,494311.0,100166285.0,76010000.0,0.006503236416261019,,,
2023-03-07,112.33,114.09,111.9,111.9,589296.0,119741036.0,76010000.0,0.007752874621760295,-0.8599999999999994,-0.7626818020574633,1.9421780773323853
2023-03-08,111.62,112.48,109.19,111.05,505291.0,100755936.0,76010000.0,0.0066476910932772,-0.8500000000000085,-0.7596067917783778,2.9401251117068865
2023-03-09,111.8,112.32,108.95,110.66,622212.0,124068200.0,76010000.0,0.008185922904880938,-0.39000000000000057,-0.3511931562359294,3.0346690679873842
2023-03-10,109.49,111.66,109.17,109.74,503589.0,99867685.0,76010000.0,0.006625299302723326,-0.9200000000000017,-0.8313753840592852,2.250135550334353
2023-03-13,109.15,113.61,109.05,113.01,470711.0,94594563.0,76010000.0,0.006192750953821866,3.2700000000000102,2.9797703663204,4.155276107162386
2023-03-14,113.44,113.44,105.66,111.11,960122.0,190544603.0,76010000.0,0.012631522168135772,-1.9000000000000057,-1.6812671445004868,6.884346518007256
2023-03-15,111.49,111.49,108.89,108.89,325350.0,64228167.0,76010000.0,0.0042803578476516245,-2.219999999999999,-1.9980199801998055,2.340023400233997
2023-03-16,108.33,110.44,107.98,108.92,477735.0,93856098.0,76010000.0,0.006285159847388502,0.030000000000001137,0.027550739278181524,2.259160620809986
2023-03-17,109.38,109.76,105.01,106.02,641383.0,122906011.0,76010000.0,0.008438139718458098,-2.9000000000000057,-2.662504590525161,4.360998898273963
2023-03-20,105.49,106.09,102.13,105.76,831652.0,156041421.0,76010000.0,0.010941349822391791,-0.2599999999999909,-0.2452367477834283,3.7351443123938957
2023-03-21,104.73,109.33,104.5,106.96,633240.0,121940608.0,76010000.0,0.008331009077752928,1.1999999999999886,1.134644478063529,4.566944024205747
2023-03-22,107.63,108.33,105.72,105.86,394316.0,76056768.0,76010000.0,0.005187685830811735,-1.0999999999999943,-1.0284218399401635,2.44016454749439
2023-03-23,105.33,109.0,105.33,107.3,493967.0,95552415.0,76010000.0,0.0064987106959610574,1.4399999999999977,1.360287171736263,3.46684300018893
2023-03-24,107.5,109.16,106.11,108.18,463449.0,89990975.0,76010000.0,0.006097210893303512,0.8800000000000097,0.8201304753028937,2.8424976700838744
2023-03-27,108.16,108.16,104.82,105.86,695600.0,132259905.0,76010000.0,0.0091514274437574,-2.3200000000000074,-2.14457385838418,3.087446847846185
2023-03-28,105.33,106.94,104.44,106.66,442232.0,84494586.0,76010000.0,0.005818076568872517,0.7999999999999972,0.7557150954090375,2.3616096731532212
2023-03-29,106.66,107.89,105.97,107.8,304938.0,58929163.0,76010000.0,0.004011814234969083,1.1400000000000006,1.0688168010500654,1.8001125070316912
2023-03-30,108.08,110.21,106.84,110.05,637032.0,124827812.0,76010000.0,0.008380897250361794,2.25,2.08719851576995,3.1261595547309744
2023-03-31,110.25,110.75,106.7,106.89,576000.0,112603523.0,76010000.0,0.007577950269701355,-3.1599999999999966,-2.8714220808723323,3.680145388459789
2023-04-03,107.06,109.05,105.99,107.26,701918.0,135914615.0,76010000.0,0.009234548085778187,0.37000000000000455,0.34615024791841975,2.8627561044064014
2023-04-04,107.5,109.05,106.84,109.03,558932.0,109124821.0,76010000.0,0.007353400868306802,1.769999999999996,1.6501957859407002,2.060413947417484
2023-04-06,108.74,108.74,103.38,103.6,897882.0,169067570.0,76010000.0,0.011812682541770819,-5.430000000000007,-4.980280656699998,4.916078143630194
2023-04-07,103.65,104.27,102.22,102.55,436550.0,81030225.0,76010000.0,0.005743323246941192,-1.0499999999999972,-1.0135135135135087,1.9787644787644763
2023-04-10,102.12,103.64,98.64,103.28,716191.0,130815853.0,76010000.0,0.009422326009735561,0.730000000000004,0.7118478790833827,4.875670404680644
2023-04-11,102.55,104.16,101.11,103.01,645452.0,120053056.0,76010000.0,0.008491672148401526,-0.269999999999996,-0.2614252517428306,2.9531371030209113
2023-04-12,108.39,109.81,103.33,106.08,1687343.0,322943322.0,76010000.0,0.022198960663070647,3.069999999999993,2.980293175419857,6.290651393068638
2023-04-13,104.76,105.1,100.55,101.0,1461716.0,269032126.0,76010000.0,0.01923057492435206,-5.079999999999998,-4.788838612368018,4.289215686274507
2023-04-14,101.1,103.5,99.45,99.95,1148660.0,208390965.0,76010000.0,0.015111958952769372,-1.0499999999999972,-1.0396039603960405,4.009900990099007
2023-04-17,99.95,103.69,99.65,101.85,977259.0,179563070.0,76010000.0,0.01285697934482305,1.8999999999999915,1.9009504752376172,4.042021010505245
2023-04-18,101.71,103.61,100.55,102.54,721505.0,133053002.0,76010000.0,0.00949223786343902,0.6900000000000119,0.6774668630338931,3.0044182621502236
2023-04-19,102.86,104.72,101.66,104.36,655905.0,121757794.0,76010000.0,0.008629193527167478,1.8199999999999932,1.7749171055197799,2.9842012873025183
2023-04-20,104.7,105.0,98.33,98.87,940772.0,169776404.0,76010000.0,0.012376950401262991,-5.489999999999995,-5.2606362591031015,6.391337677270986
2023-04-21,99.38,99.68,97.41,97.41,665313.0,117948751.0,76010000.0,0.008752966714905934,-1.460000000000008,-1.4766865581066102,2.295944169110964
2023-04-24,102.77,107.0,101.66,104.45,2519599.0,474748170.0,76010000.0,0.033148256808314694,7.040000000000006,7.227184067344217,5.48198336926394
2023-04-25,103.11,103.61,98.22,99.06,1901810.0,341713769.0,76010000.0,0.025020523615313775,-5.390000000000001,-5.160363810435619,5.160363810435616
2023-04-26,99.1,102.48,98.79,101.39,920520.0,167073335.0,76010000.0,0.012110511774766478,2.3299999999999983,2.352109832424798,3.7250151423379743
2023-04-27,101.39,101.39,99.16,100.42,874472.0,157628148.0,76010000.0,0.011504696750427576,-0.9699999999999989,-0.9567018443633502,2.199427951474508
2023-04-28,98.42,102.22,97.59,99.15,876820.0,155941801.0,76010000.0,0.011535587422707539,-1.269999999999996,-1.264688309101769,4.610635331607245
2023-05-04,99.15,99.3,94.44,95.0,1364943.0,236075752.0,76010000.0,0.01795741349822392,-4.150000000000006,-4.185577407967733,4.901664145234492
2023-05-05,95.0,97.49,93.66,96.86,1304230.0,224172375.0,76010000.0,0.017158663333771872,1.8599999999999994,1.957894736842114,4.03157894736842
2023-05-08,96.85,97.65,94.59,95.4,863353.0,148859957.0,76010000.0,0.011358413366662282,-1.4599999999999937,-1.507330167251697,3.1591988436919287
2023-05-09,95.69,98.61,94.72,95.1,1099795.0,190472405.0,76010000.0,0.014469083015392712,-0.30000000000001137,-0.3144654088050425,4.077568134171908
2023-05-10,94.81,96.55,94.78,95.42,532644.0,91525008.0,76010000.0,0.007007551637942376,0.3200000000000074,0.33648790746583224,1.861198738170343
2023-05-11,95.19,96.9,94.67,96.05,485885.0,84131358.0,76010000.0,0.00639238258123931,0.6299999999999955,0.6602389436176859,2.337036260741987
2023-05-12,95.75,97.15,95.55,96.11,475755.0,82408884.0,76010000.0,0.006259110643336403,0.060000000000002274,0.06246746486204824,1.6657990629880361
2023-05-15,95.29,97.11,94.39,96.87,616673.0,106483174.0,76010000.0,0.008113050914353374,0.7600000000000051,0.790760586827588,2.8300905212777017
2023-05-16,97.25,101.45,96.11,97.77,827225.0,147300912.0,76010000.0,0.010883107485857125,0.8999999999999915,0.9290802105915041,5.512542582842989
2023-05-17,97.39,99.91,97.22,98.33,568230.0,100638769.0,76010000.0,0.007475726878042363,0.5600000000000023,0.5727728342027172,2.7513552214380668
2023-05-18,98.05,102.22,97.79,99.36,935021.0,168896231.0,76010000.0,0.012301289304038942,1.0300000000000011,1.0474931353605221,4.505237465676795
2023-05-19,98.86,103.33,98.86,101.28,852500.0,155602385.0,76010000.0,0.01121562952243126,1.9200000000000017,1.9323671497584627,4.4987922705314
2023-05-22,102.06,102.78,98.95,101.21,618729.0,112793370.0,76010000.0,0.008140099986843837,-0.07000000000000739,-0.06911532385466268,3.7815955766192717
2023-05-23,101.21,102.19,98.5,98.61,815600.0,145653481.0,76010000.0,0.010730167083278517,-2.5999999999999943,-2.5689161150083906,3.645884793992686
2023-05-24,98.32,98.61,96.93,97.1,398723.0,70061301.0,76010000.0,0.005245665044073148,-1.5100000000000051,-1.5312848595477213,1.7036811682385078
2023-05-25,96.62,96.85,95.0,96.19,424663.0,73241992.0,76010000.0,0.005586935929482963,-0.9099999999999966,-0.9371781668383039,1.9052523171987585
2023-05-26,96.41,96.8,94.67,96.1,398649.0,68860829.0,76010000.0,0.00524469148796211,-0.09000000000000341,-0.0935648196278227,2.2143673978584006
2023-05-29,96.41,96.6,92.41,92.94,1597675.0,270337154.0,159270857.0,0.01003118228967651,-3.1599999999999966,-3.2882414151925055,4.36004162330905
2023-05-30,89.46,90.0,83.65,88.98,2834086.0,445518078.0,159270857.0,0.017794127898740447,-3.9599999999999937,-4.260813428018073,6.832364966645141
2023-05-31,88.41,89.38,87.25,88.1,1079233.0,171511758.0,159270857.0,0.0067760858472683426,-0.8800000000000097,-0.9889862890537282,2.393796358732294
2023-06-01,88.09,93.32,87.66,90.78,1165532.0,190422280.0,159270857.0,0.007317923830848728,2.680000000000007,3.0419977298524525,6.424517593643583
2023-06-02,90.81,93.14,90.15,91.19,729586.0,120645548.0,159270857.0,0.004580787808531726,0.4099999999999966,0.45164133068957835,3.29367702137034
2023-06-05,90.88,91.63,89.45,91.2,545254.0,89257066.0,159270857.0,0.0034234386018278285,0.010000000000005116,0.010966114705568408,2.3906130058120327
2023-06-06,90.75,93.88,89.72,91.28,806952.0,133577962.0,159270857.0,0.005066538946293232,0.0799999999999983,0.0877192982456032,4.561403508771926
2023-06-07,92.34,92.41,90.05,90.31,400701.0,65413387.0,159270857.0,0.0025158463233484075,-0.9699999999999989,-1.0626643295354898,2.585451358457493
2023-06-08,90.31,91.6,89.88,89.96,318268.0,51750805.0,159270857.0,0.001998281455847255,-0.3500000000000085,-0.38755398073303526,1.9045509910308924
2023-06-09,90.31,90.8,88.74,89.8,637332.0,102551991.0,159270857.0,0.004001560687276267,-0.1599999999999966,-0.17785682525566227,2.2899066251667435
2023-06-12,89.42,94.95,88.99,93.94,834448.0,137028738.0,159270857.0,0.005239175676690181,4.140000000000001,4.610244988864154,6.6369710467706104
2023-06-13,93.81,97.3,92.66,96.54,956275.0,162490519.0,159270857.0,0.006004080206587951,2.6000000000000085,2.767724079199496,4.939322972109858
2023-06-14,97.39,100.96,96.54,99.84,905014.0,160000266.0,159270857.0,0.005682232249180401,3.299999999999997,3.4182722187694248,4.578413093018425
2023-06-15,99.83,101.09,98.74,100.62,726224.0,129585574.0,159270857.0,0.0045596791131726,0.7800000000000011,0.78125,2.353766025641034
2023-06-16,100.97,100.97,99.92,100.59,633530.0,113362896.0,159270857.0,0.003977689402399586,-0.030000000000001137,-0.029815146094214207,1.0435301132975523
2023-06-19,100.59,100.86,98.44,98.66,692250.0,122130118.0,159270857.0,0.004346369530742212,-1.9300000000000068,-1.9186797892434715,2.4058057460980233
2023-06-20,98.33,99.95,96.91,98.71,2046291.0,356554473.0,159270857.0,0.01284786833287398,0.04999999999999716,0.05067909993918818,3.081289276302459
2023-06-21,98.12,98.83,96.53,96.75,581088.0,100829732.0,159270857.0,0.0036484264035824207,-1.9599999999999937,-1.985614426096638,2.3300577449093276
2023-06-26,96.75,96.97,95.06,96.11,596529.0,101877936.0,159270857.0,0.0037453744598109373,-0.6400000000000006,-0.661498708010333,1.9741602067183426
2023-06-27,96.78,97.94,95.06,97.59,521100.0,89643924.0,159270857.0,0.003271784994539208,1.480000000000004,1.5399021954010994,2.9965664342940337
2023-06-28,97.26,99.86,96.57,97.3,637937.0,111480634.0,159270857.0,0.004005359247862903,-0.29000000000000625,-0.2971615944256656,3.371247054001441
2023-06-29,96.75,97.85,96.19,96.75,379382.0,65488148.0,159270857.0,0.0023819925826103895,-0.5499999999999972,-0.565262076053441,1.7060637204522062
2023-06-30,96.75,98.33,95.12,97.26,496832.0,85939560.0,159270857.0,0.00311941562542104,0.5100000000000051,0.5271317829457445,3.3178294573643345
2023-07-03,96.71,100.13,94.71,99.67,982590.0,172435349.0,159270857.0,0.006169301895575284,2.4099999999999966,2.477894303927619,5.572691754061281
2023-07-04,99.66,100.72,98.04,100.58,724363.0,128803688.0,159270857.0,0.004547994615235856,0.9099999999999966,0.9130129427109335,2.688873281830032
2023-07-05,100.13,103.22,100.13,102.93,937250.0,170647656.0,159270857.0,0.005884629603016452,2.3500000000000085,2.336448598130847,3.072181348180556
2023-07-06,102.26,102.54,100.83,102.09,653699.0,118118608.0,159270857.0,0.0041043227387167255,-0.8400000000000034,-0.8160886039055737,1.6613232293791973
2023-07-07,102.09,103.2,101.59,102.15,533724.0,97100702.0,159270857.0,0.003351046199242841,0.060000000000002274,0.05877167205408096,1.5770398667842096
2023-07-10,101.88,103.85,101.36,102.08,511314.0,93459151.0,159270857.0,0.003210342492223797,-0.07000000000000739,-0.06852667645620425,2.43759177679882
2023-07-11,102.4,102.77,101.26,101.9,511088.0,92617790.0,159270857.0,0.003208923525789781,-0.1799999999999926,-0.1763322884012486,1.4792319749216212
2023-07-12,101.69,102.62,100.14,101.25,410192.0,73980276.0,159270857.0,0.0025754366349645496,-0.6500000000000057,-0.6378802747792012,2.433758586849857
2023-07-13,101.68,102.93,100.14,101.84,385265.0,69923483.0,159270857.0,0.0024189296601825907,0.5900000000000034,0.5827160493827144,2.7555555555555618
2023-07-14,102.33,102.33,99.56,100.54,573317.0,102272925.0,159270857.0,0.0035996353055348976,-1.2999999999999972,-1.2765121759622855,2.7199528672427298
2023-07-17,101.16,101.47,100.19,101.24,407800.0,73206340.0,159270857.0,0.002560418193769121,0.6999999999999886,0.6962403023672126,1.2731251243286266
2023-07-18,101.25,101.27,100.41,100.81,335728.0,60199475.0,159270857.0,0.0021079060307938194,-0.4299999999999926,-0.4247333069932746,0.8494666139865661
2023-07-19,100.6,102.6,100.07,102.26,498382.0,90428976.0,159270857.0,0.003129147474857877,1.4500000000000028,1.4383493701021655,2.5096716595575845
2023-07-20,103.6,103.95,101.57,101.64,443401.0,80894991.0,159270857.0,0.0027839430788019178,-0.6200000000000045,-0.6062976725992653,2.327400743203608
2023-07-21,101.34,103.47,100.97,102.12,713460.0,129928865.0,159270857.0,0.004479538902713382,0.480000000000004,0.47225501770957745,2.459661550570641
2023-07-24,101.98,102.41,100.88,102.14,265302.0,48010715.0,159270857.0,0.0016657284640591843,0.01999999999999602,0.01958480219348413,1.4982373678025862
2023-07-25,102.57,103.56,102.3,103.16,511932.0,93909004.0,159270857.0,0.003214222674773452,1.019999999999996,0.9986293322890027,1.2336009398864354
2023-07-26,103.2,103.93,102.01,103.43,493484.0,90829088.0,159270857.0,0.003098394830637472,0.27000000000001023,0.2617293524622033,1.8611865063978303
2023-07-27,102.84,104.24,102.2,102.66,657482.0,120866252.0,159270857.0,0.004128074729955148,-0.7700000000000102,-0.7444648554578048,1.9723484482258455
2023-07-28,101.81,102.66,101.25,102.41,590300.0,107291158.0,159270857.0,0.003706264982299932,-0.25,-0.24352230664328456,1.373465809468144
2023-07-31,103.53,103.96,102.48,103.25,1075457.0,197841362.0,159270857.0,0.0067523778063177,0.8400000000000034,0.8202323991797655,1.4451713699833901
2023-08-01,103.43,103.85,102.4,102.84,641117.0,117413943.0,159270857.0,0.004025325235739769,-0.4099999999999966,-0.39709443099272823,1.4043583535108848
2023-08-02,103.22,103.22,101.76,102.49,461600.0,83926251.0,159270857.0,0.0028982075484154644,-0.3500000000000085,-0.3403345001944835,1.4196810579540973
2023-08-03,102.0,103.7,102.0,103.49,955874.0,175432559.0,159270857.0,0.006001562482959453,1.0,0.9757049468240853,1.6586984096009394
2023-08-04,103.49,104.39,101.33,102.47,617065.0,112472509.0,159270857.0,0.003874312046930218,-1.019999999999996,-0.985602473668945,2.9568074210068627
2023-08-07,104.19,104.2,100.72,102.03,817699.0,149241909.0,159270857.0,0.005134015195259482,-0.4399999999999977,-0.42939396896652937,3.396115936371625
2023-08-08,103.93,103.93,100.41,101.11,699060.0,125938972.0,159270857.0,0.004389126882138896,-0.9200000000000017,-0.9016955797314541,3.449965696363824
2023-08-09,101.42,101.81,100.13,101.51,392496.0,70714632.0,159270857.0,0.0024643303074585706,0.4000000000000057,0.3956087429532351,1.6615567204035275
2023-08-10,101.51,102.87,100.77,102.66,561884.0,101976368.0,159270857.0,0.00352785192836628,1.1499999999999915,1.1328933110038353,2.0687616983548502
2023-08-11,102.87,103.58,101.69,102.23,510382.0,93147473.0,159270857.0,0.003204490825336615,-0.4299999999999926,-0.41885836742644456,1.841028638223262
2023-08-14,100.49,101.92,98.44,99.73,590390.0,104342650.0,159270857.0,0.0037068300574285224,-2.5,-2.4454661058397775,3.404088819328968
2023-08-15,99.65,100.28,98.44,99.24,406362.0,71829431.0,159270857.0,0.0025513895489367527,-0.4900000000000091,-0.49132658177079014,1.8449814499147732
2023-08-16,99.1,99.7,98.16,98.46,353458.0,62014415.0,159270857.0,0.0022192258311261553,-0.7800000000000011,-0.7859733978234584,1.5517936316001675
2023-08-17,98.25,102.93,97.31,102.88,656073.0,117633351.0,159270857.0,0.004119228164886436,4.420000000000002,4.489132642697546,5.707901685963848
2023-08-18,103.93,103.93,101.33,102.68,879128.0,161023069.0,159270857.0,0.005519704084972683,-0.19999999999998863,-0.19440124416795213,2.5272161741835233
2023-08-21,101.68,104.58,100.75,103.33,1158633.0,213428837.0,159270857.0,0.007274607682935994,0.6499999999999915,0.6330346708219636,3.7300350603817667
2023-08-22,103.18,104.06,102.5,103.49,876505.0,161277696.0,159270857.0,0.005503235284280539,0.1599999999999966,0.15484370463563213,1.509726120197428
2023-08-23,103.13,104.27,101.81,101.99,584881.0,107196950.0,159270857.0,0.0036722411809462416,-1.5,-1.449415402454346,2.377041260025117
2023-08-24,101.78,103.22,100.79,102.56,478258.0,86933389.0,159270857.0,0.003002796676105033,0.5700000000000074,0.558878321404066,2.382586528090982
2023-08-25,101.53,103.2,101.29,102.06,315286.0,57220204.0,159270857.0,0.001979558633253289,-0.5,-0.4875195007800315,1.8623244929797156
2023-08-28,105.13,105.56,100.16,100.75,648500.0,117189245.0,159270857.0,0.0040716802321218125,-1.3100000000000023,-1.2835586909661023,5.2910052910052965
2023-08-29,100.28,104.83,100.13,104.83,1031823.0,190267570.0,159270857.0,0.006478416826751927,4.079999999999998,4.049627791563282,4.665012406947894
2023-08-30,104.83,108.84,103.83,108.62,916549.0,175070230.0,159270857.0,0.005754656044828088,3.7900000000000063,3.6153772774969006,4.779166269197754
2023-08-31,108.62,113.06,108.04,110.42,2722567.0,537259389.0,159270857.0,0.017093943306903912,1.7999999999999972,1.657153378751608,4.6216166451850444
2023-09-01,109.28,112.8,105.12,110.81,962820.0,188001844.0,159270857.0,0.006045173725661563,0.39000000000000057,0.3531968846223421,6.955261727947828
2023-09-04,111.34,111.76,107.48,108.2,1063464.0,206179502.0,159270857.0,0.00667707840612674,-2.6099999999999994,-2.3553830881689386,3.862467286345998
2023-09-05,107.72,108.8,105.94,106.15,832719.0,158152634.0,159270857.0,0.005228319955608703,-2.049999999999997,-1.8946395563770757,2.6432532347504614
2023-09-06,106.23,108.29,105.73,107.08,929115.0,177051305.0,159270857.0,0.005833553090004407,0.9299999999999926,0.8761186999528991,2.4116815826660405
2023-09-07,107.08,107.56,104.99,105.09,632400.0,118814711.0,159270857.0,0.003970594570229505,-1.9899999999999949,-1.8584236085169903,2.4000747104968316
2023-09-08,104.8,105.8,103.5,103.6,415661.0,77053288.0,159270857.0,0.0026097743669452346,-1.490000000000009,-1.4178323341897503,2.1886002474069817
2023-09-11,104.56,107.04,103.65,105.69,682520.0,127889764.0,159270857.0,0.004285278630729035,2.0900000000000034,2.017374517374515,3.272200772200773
2023-09-12,105.69,105.96,104.82,105.19,523080.0,97898693.0,159270857.0,0.0032842166473682,-0.5,-0.473081653893459,1.078626170877094
2023-09-13,105.19,107.78,105.19,106.52,1069446.0,202227193.0,159270857.0,0.006714637066340391,1.3299999999999983,1.2643787432265352,2.462211236809586
2023-09-14,105.99,108.33,103.61,105.05,933924.0,173801202.0,159270857.0,0.005863746937708761,-1.4699999999999989,-1.3800225309800962,4.431092752534735
2023-09-15,105.01,105.05,102.88,103.6,584935.0,108067434.0,159270857.0,0.003672580226023396,-1.4500000000000028,-1.3802950975725925,2.0656830080913866
2023-09-18,103.24,104.88,102.4,104.25,610000.0,112615881.0,159270857.0,0.0038299536493358608,0.6500000000000057,0.6274131274131234,2.393822393822384
2023-09-19,104.47,104.47,103.03,103.75,466115.0,85760711.0,159270857.0,0.0029265554840330896,-0.5,-0.47961630695443347,1.3812949640287748
2023-09-20,104.34,104.34,102.01,102.89,412500.0,75251080.0,159270857.0,0.002589927672706627,-0.8599999999999994,-0.8289156626505978,2.245783132530119
2023-09-21,102.61,102.61,101.53,101.57,295333.0,53596680.0,159270857.0,0.0018542814772447667,-1.3200000000000074,-1.282923510545253,1.0496646904461058
2023-09-22,101.81,103.19,100.75,102.46,410400.0,74766489.0,159270857.0,0.0025767425863728478,0.8900000000000006,0.8762429851334019,2.402284139017424
2023-09-25,102.37,102.62,101.81,102.0,384800.0,69868491.0,159270857.0,0.0024160101053515397,-0.45999999999999375,-0.4489556900253655,0.7905524106968596
2023-09-26,102.0,102.71,99.76,99.92,851679.0,152193519.0,159270857.0,0.005347362449365109,-2.0799999999999983,-2.039215686274509,2.892156862745087
2023-09-27,100.64,102.55,99.84,101.05,652526.0,117282963.0,159270857.0,0.004096957926207429,1.1299999999999955,1.1309047237790137,2.7121697357886245
2023-09-28,103.28,105.01,101.31,102.86,952421.0,174669287.0,159270857.0,0.0059798824338591966,1.8100000000000023,1.7911924789708156,3.661553686293917
2023-10-09,102.86,103.92,100.3,103.4,871244.0,158530873.0,159270857.0,0.0054702035037081514,0.5400000000000063,0.524985417071755,3.519346684814315
2023-10-10,103.31,104.63,102.09,103.37,597823.0,109850003.0,159270857.0,0.003753498984437561,-0.030000000000001137,-0.029013539651834286,2.4564796905222357
2023-10-11,104.06,107.88,103.18,107.88,1050258.0,199018388.0,159270857.0,0.006594163048924889,4.509999999999991,4.362967979104182,4.546773725452248
2023-10-12,109.04,109.05,105.51,106.66,486000.0,91985738.0,159270857.0,0.003051405694388899,-1.2199999999999989,-1.1308861698183126,3.2814238042269115
2023-10-13,106.17,106.17,103.5,104.05,444204.0,82273109.0,159270857.0,0.0027889848046714536,-2.6099999999999994,-2.4470279392462047,2.503281455090945
2023-10-16,104.05,104.59,101.68,104.16,680909.0,124703628.0,159270857.0,0.0042751637859272645,0.10999999999999943,0.10571840461317539,2.796732340221044
2023-10-17,103.98,105.13,102.7,104.54,568300.0,104922478.0,159270857.0,0.0035681355064222453,0.38000000000000966,0.36482334869432087,2.3329493087557536
2023-10-18,104.54,104.54,102.87,104.08,514400.0,94823158.0,159270857.0,0.0032297182905219124,-0.46000000000000796,-0.4400229577195436,1.5974746508513504
2023-10-19,103.31,103.81,101.71,101.71,278929.0,50832503.0,159270857.0,0.0017512871171403315,-2.3700000000000045,-2.277094542659497,2.0176787086856347
2023-10-20,101.4,101.63,98.44,99.06,659376.0,116995305.0,159270857.0,0.004139966422105709,-2.6499999999999915,-2.605446858715954,3.1363681053976973
2023-10-23,98.31,100.01,97.89,99.11,561380.0,98988410.0,159270857.0,0.003524687507646173,0.04999999999999716,0.05047445992327759,2.1401171007470263
2023-10-24,99.15,101.53,98.72,101.07,571201.0,101901844.0,159270857.0,0.0035863497614004804,1.9599999999999937,1.9776006457471462,2.835233578851783
2023-10-25,101.98,103.43,100.9,101.97,801942.0,145566470.0,159270857.0,0.005035083097468359,0.9000000000000057,0.8904719501335867,2.5032155931532616
2023-10-26,101.67,103.22,101.26,102.84,476094.0,86543883.0,159270857.0,0.0029892097585687005,0.8700000000000045,0.8531921153280386,1.9221339609689063
2023-10-27,102.39,107.26,102.39,106.89,940896.0,176460083.0,159270857.0,0.005907521424336908,4.049999999999997,3.93815635939323,4.735511474134582
2023-10-30,106.88,109.09,105.83,108.01,1032082.0,198304672.0,159270857.0,0.00648004298739976,1.1200000000000045,1.047806155861175,3.049864346524469
2023-10-31,108.17,108.82,107.13,108.03,682641.0,130974561.0,159270857.0,0.004286038342846362,0.01999999999999602,0.018516803999624187,1.5646699379687046
2023-11-01,110.62,110.74,103.61,103.89,1005900.0,188551186.0,159270857.0,0.0063156563538802335,-4.140000000000001,-3.832268814218276,6.60001851337591
2023-11-02,103.69,104.27,101.37,101.96,847000.0,154217365.0,159270857.0,0.005317984821290941,-1.9300000000000068,-1.8577341418808402,2.7914139955722317
2023-11-03,101.75,104.12,100.7,102.65,646938.0,118280871.0,159270857.0,0.004061873039334496,0.6900000000000119,0.6767359748921287,3.3542565712043957
2023-11-06,103.26,104.09,101.46,102.49,657082.0,119714862.0,159270857.0,0.00412556328493919,-0.1600000000000108,-0.1558694593278287,2.5621042377009347
2023-11-07,102.36,103.57,101.84,102.62,580240.0,105907468.0,159270857.0,0.00364310214014859,0.13000000000000966,0.12684164308713886,1.6879695580056493
2023-11-08,102.44,104.9,102.44,103.35,879500.0,161872580.0,159270857.0,0.005522039728837524,0.7299999999999898,0.7113623075423847,2.3971935295264157
2023-11-09,103.25,104.04,101.71,102.26,593091.0,107972822.0,159270857.0,0.0037237885898987787,-1.0899999999999892,-1.0546686018384044,2.254475084663776
2023-11-10,101.95,103.14,100.98,102.37,598830.0,108747174.0,159270857.0,0.0037598215472652353,0.10999999999999943,0.10756894191277233,2.1122628593780526
2023-11-13,102.11,103.22,101.32,101.98,350310.0,63540111.0,159270857.0,0.002199460758850566,-0.39000000000000057,-0.38097098759402037,1.8560125036631883
2023-11-14,101.8,102.65,101.47,102.44,352520.0,63984370.0,159270857.0,0.002213336492563734,0.45999999999999375,0.45106883702685785,1.157089625416755
2023-11-15,102.93,103.1,101.81,102.21,345020.0,62722628.0,159270857.0,0.0021662468985145225,-0.23000000000000398,-0.2245216712221776,1.2592737212026475
2023-11-16,102.21,102.63,101.36,101.37,243284.0,44033956.0,159270857.0,0.0015274859731557796,-0.8399999999999892,-0.821837393601399,1.2425398688973643
2023-11-17,101.04,101.66,100.7,101.48,264165.0,47512475.0,159270857.0,0.001658589681601324,0.10999999999999943,0.10851336687383029,0.9470257472624974
2023-11-20,101.51,102.18,99.84,101.71,529769.0,95119089.0,159270857.0,0.0033262142866475565,0.22999999999998977,0.22664564446195357,2.3058730784391046
2023-11-21,101.72,104.81,100.85,104.12,1109856.0,203909182.0,159270857.0,0.006968355799077543,2.410000000000011,2.3694818601907475,3.8934224756661173
2023-11-22,104.63,111.94,104.63,108.28,2612010.0,503774664.0,159270857.0,0.016399798740330755,4.159999999999997,3.9953899346907296,7.0207452938916655
2023-11-23,109.55,111.66,107.89,111.58,1589329.0,311090194.0,159270857.0,0.009978780989418547,3.299999999999997,3.0476542297746656,3.4817140746213484
2023-11-24,111.38,111.38,108.84,109.35,890600.0,173961646.0,159270857.0,0.005591732328030357,-2.230000000000004,-1.9985660512636727,2.2763936189281164
2023-11-27,108.89,109.81,107.99,109.24,1483502.0,287375042.0,159270857.0,0.009314334260159094,-0.10999999999999943,-0.10059442158207865,1.6643804298125355
2023-11-28,109.43,110.64,107.58,107.94,827796.0,159898667.0,159270857.0,0.0051974103460748,-1.2999999999999972,-1.1900402782863417,2.8011717319663147
2023-11-29,107.72,110.53,107.44,110.03,908432.0,177045246.0,159270857.0,0.005703692546841762,2.0900000000000034,1.9362608856772212,2.8627015008337997
2023-11-30,109.76,112.25,109.29,110.9,935161.0,184470474.0,159270857.0,0.005871513581420611,0.8700000000000045,0.7906934472416749,2.690175406707256
2023-12-01,110.81,110.81,108.21,109.46,791700.0,153732139.0,159270857.0,0.004970777547834756,-1.440000000000012,-1.298467087466193,2.344454463480621
2023-12-04,109.24,109.69,107.13,107.89,944477.0,182013160.0,159270857.0,0.005930005135842272,-1.5699999999999932,-1.434313904622686,2.338753882696878
2023-12-05,107.74,108.39,106.08,106.25,757118.0,144278062.0,159270857.0,0.004753650568980112,-1.6400000000000006,-1.5200667346371266,2.141069607934009
2023-12-06,105.75,106.46,104.43,105.77,704127.0,131934807.0,159270857.0,0.004420940611878543,-0.480000000000004,-0.4517647058823515,1.9105882352941053
2023-12-07,105.19,107.62,104.18,107.04,957450.0,180367714.0,159270857.0,0.006011457576322327,1.2700000000000102,1.2007185402288068,3.2523399829819404
2023-12-08,106.84,108.48,105.71,106.41,1504319.0,285643855.0,159270857.0,0.009445036137402087,-0.6300000000000097,-0.5885650224215389,2.587817638266078
2023-12-11,105.76,106.31,104.48,105.56,830420.0,155630783.0,159270857.0,0.005213885425379484,-0.8499999999999943,-0.7987971055351872,1.71976318015224
2023-12-12,105.18,106.09,104.39,104.69,727480.0,135553287.0,159270857.0,0.004567565050522708,-0.8700000000000045,-0.8241758241758323,1.6104585070102337
2023-12-13,104.69,106.31,104.28,104.77,948516.0,177477478.0,159270857.0,0.005955364451890907,0.0799999999999983,0.07641608558601742,1.9390581717451536
2023-12-14,104.78,105.75,103.56,103.69,477055.0,88478867.0,159270857.0,0.0029952435052195392,-1.0799999999999983,-1.0308294359072212,2.0902930228118715
2023-12-15,103.69,104.61,102.49,102.9,614475.0,112722160.0,159270857.0,0.0038580504404518903,-0.789999999999992,-0.7618863921303842,2.0445558877423133
2023-12-18,102.2,103.22,101.88,102.9,586289.0,107011624.0,159270857.0,0.0036810814674024138,0.0,0.0,1.3022351797862035
2023-12-19,102.88,103.78,101.94,102.38,339869.0,61968477.0,159270857.0,0.0021339057653215238,-0.5200000000000102,-0.5053449951409217,1.7881438289601588
2023-12-20,102.17,102.93,97.45,99.0,1256400.0,223000259.0,159270857.0,0.007888448795123893,-3.3799999999999955,-3.3014260597772904,5.352607931236573
2023-12-21,98.72,100.41,98.51,99.3,716391.0,126768288.0,159270857.0,0.004497941516067814,0.29999999999999716,0.3030303030302939,1.9191919191919107
2023-12-22,99.09,99.53,97.31,99.23,839053.0,147277082.0,159270857.0,0.005268088687436397,-0.06999999999999318,-0.07049345417924346,2.2356495468277933
2023-12-25,99.52,99.73,97.14,98.79,737300.0,129080664.0,159270857.0,0.004629221025664475,-0.4399999999999977,-0.4434142900332505,2.6100977526957605
2023-12-26,98.36,99.53,98.07,98.79,453300.0,79699337.0,159270857.0,0.002846095064334337,0.0,0.0,1.4778823767587892
2023-12-27,98.82,100.39,98.81,99.87,671856.0,119033596.0,159270857.0,0.004218323506603596,1.0799999999999983,1.0932280595201904,1.5993521611499122
2023-12-28,100.1,100.39,98.33,99.54,808121.0,142595823.0,159270857.0,0.005073878644352369,-0.3299999999999983,-0.3304295584259487,2.0626814859317135
2023-12-29,99.54,102.75,99.35,102.66,800107.0,144580823.0,159270857.0,0.005023561843457651,3.1199999999999903,3.1344183242917323,3.4157122764717758
2024-01-02,102.15,103.61,101.43,102.58,702325.0,128062963.0,159270857.0,0.004409626552081653,-0.0799999999999983,-0.07792713812585506,2.123514513929469
2024-01-03,102.07,105.18,101.81,104.06,839725.0,155537175.0,159270857.0,0.005272307915063206,1.480000000000004,1.4427763696627016,3.2852407876779144
2024-01-04,103.55,104.19,102.23,102.63,323247.0,59090251.0,159270857.0,0.0020295426676833917,-1.4300000000000068,-1.374207188160681,1.883528733423019
2024-01-05,102.38,103.49,101.25,101.5,411996.0,75043881.0,159270857.0,0.00258676325198652,-1.1299999999999955,-1.101042580142253,2.1825976809899594
2024-01-08,101.25,102.58,99.1,99.87,480823.0,85739482.0,159270857.0,0.003018901317269863,-1.6299999999999955,-1.605911330049259,3.4285714285714324
2024-01-09,100.38,100.38,95.69,96.19,1189128.0,205354313.0,159270857.0,0.007466073972340087,-3.680000000000007,-3.684790227295487,4.69610493641734
2024-01-10,96.38,99.77,96.38,98.27,682931.0,119006403.0,159270857.0,0.004287859140482932,2.0799999999999983,2.1623869425096087,3.524274872647885
2024-01-11,98.09,98.44,96.75,96.95,584478.0,101008607.0,159270857.0,0.003669710900092664,-1.3199999999999932,-1.3432380177063163,1.7197517044876338
2024-01-12,96.79,97.37,96.19,96.69,395955.0,68152347.0,159270857.0,0.002486048028234067,-0.2600000000000051,-0.2681794739556542,1.21712222795256
2024-01-15,96.36,99.5,95.08,98.5,533683.0,92844949.0,159270857.0,0.003350788776128705,1.8100000000000023,1.8719619402213228,4.571310373358157
2024-01-16,98.16,98.48,96.5,97.65,453830.0,78460371.0,159270857.0,0.0028494227289804813,-0.8499999999999943,-0.8629441624365408,2.0101522842639636
2024-01-17,97.18,97.58,94.7,94.71,518244.0,88288767.0,159270857.0,0.0032538532771252686,-2.940000000000012,-3.010752688172058,2.949308755760364
2024-01-18,94.62,96.0,92.29,95.63,802892.0,134310265.0,159270857.0,0.005041047779381259,0.9200000000000017,0.9713863372399878,3.9172209903917157
2024-01-19,95.24,96.98,94.78,96.5,536010.0,91588340.0,159270857.0,0.0033653991075090406,0.8700000000000045,0.9097563526090147,2.3005333054480843
2024-01-22,96.02,97.76,92.88,93.64,672796.0,113493071.0,159270857.0,0.004224225402391098,-2.8599999999999994,-2.9637305699481864,5.05699481865286
2024-01-23,93.17,95.06,92.26,93.84,521849.0,86883932.0,159270857.0,0.0032764876753315895,0.20000000000000284,0.21358393848782686,2.990175138829557
2024-01-24,93.84,95.02,90.56,91.52,880196.0,144042167.0,159270857.0,0.0055264096431652905,-2.3200000000000074,-2.4722932651321528,4.752770673486779
2024-01-25,91.19,93.94,90.56,93.02,643261.0,105670723.0,159270857.0,0.004038786581025303,1.5,1.6389860139860213,3.6931818181818135
2024-01-26,90.0,92.49,86.72,91.63,1858952.0,296941605.0,159270857.0,0.011671639338262617,-1.3900000000000006,-1.494302300580519,6.20296710384863
2024-01-29,91.69,98.42,91.69,96.82,1944698.0,331515176.0,159270857.0,0.012210005249108442,5.189999999999998,5.664083815344312,7.344756084251887
2024-01-30,97.33,97.33,91.69,91.78,1055687.0,175790551.0,159270857.0,0.006628249636403978,-5.039999999999992,-5.205536046271419,5.825242718446603
2024-01-31,92.25,93.09,91.04,91.5,895599.0,146271734.0,159270857.0,0.0056231191121172905,-0.28000000000000114,-0.3050773589017175,2.2336020919590296
2024-02-01,91.57,94.43,91.57,93.52,1097776.0,181831391.0,159270857.0,0.006892510159595613,2.019999999999996,2.207650273224049,3.125683060109304
2024-02-02,94.28,97.59,92.53,94.6,1309299.0,221564789.0,159270857.0,0.008220581119871792,1.0799999999999983,1.1548331907613285,5.410607356715144
2024-02-05,94.88,96.91,92.94,96.09,1127718.0,190976190.0,159270857.0,0.0070805043762651445,1.490000000000009,1.5750528541226272,4.196617336152219
2024-02-06,96.09,99.73,95.52,97.88,1214855.0,211460821.0,159270857.0,0.007627603837153962,1.789999999999992,1.862836923717337,4.381309189301705
2024-02-07,98.67,99.94,96.74,99.84,1076880.0,188151991.0,159270857.0,0.00676131227196197,1.960000000000008,2.0024519820188047,3.2693093583980413
2024-02-08,99.56,99.68,95.85,97.87,1061549.0,184081019.0,159270857.0,0.006665054863112842,-1.9699999999999989,-1.9731570512820484,3.836137820512833
2024-02-19,98.08,102.32,97.93,99.92,817141.0,145112955.0,159270857.0,0.005130511729462221,2.049999999999997,2.094615306018177,4.485542045570641
2024-02-20,99.95,102.09,98.68,101.45,620989.0,111467305.0,159270857.0,0.003898949322536765,1.5300000000000011,1.5312249799839917,3.4127301841473145
2024-02-21,100.34,102.94,99.95,102.12,630742.0,114048251.0,159270857.0,0.0039601846306383595,0.6700000000000017,0.6604238541153329,2.9472646623952636
2024-02-22,101.2,101.81,100.44,101.69,419167.0,75430070.0,159270857.0,0.002631787182510106,-0.4300000000000068,-0.42107324716020855,1.3415589502546068
2024-02-23,101.25,101.81,99.62,101.47,732853.0,131145010.0,159270857.0,0.004601300035699563,-0.21999999999999886,-0.2163437899498466,2.1536040908643894
2024-02-26,101.13,101.31,99.68,99.79,459189.0,81787865.0,159270857.0,0.0028830698135817777,-1.6799999999999926,-1.6556617719522992,1.6063861239775257
2024-02-27,99.07,100.15,98.73,99.77,397561.0,70200891.0,159270857.0,0.002496131479973138,-0.020000000000010232,-0.02004208838561894,1.422988275378296
2024-02-28,99.43,99.99,97.27,97.37,681768.0,119511974.0,159270857.0,0.004280557114099035,-2.3999999999999915,-2.4055327252681113,2.7262704219705314
2024-02-29,96.56,100.69,96.56,100.68,725935.0,127643472.0,159270857.0,0.004557864594148571,3.3100000000000023,3.39940433398378,4.241552839683676
2024-03-01,100.68,101.74,100.13,101.11,678190.0,121935389.0,159270857.0,0.004258092238431291,0.4299999999999926,0.4270957489074245,1.5991259435836305
2024-03-04,101.3,105.12,99.5,101.24,1513495.0,274811847.0,159270857.0,0.009502648686068161,0.12999999999999545,0.1285728414597953,5.558302838492735
2024-03-05,100.72,102.84,100.41,101.98,809166.0,146398957.0,159270857.0,0.005080439794456559,0.7400000000000091,0.7309363887791465,2.4002370604504217
2024-03-06,101.98,103.23,101.48,102.62,571170.0,104242352.0,159270857.0,0.0035861551244117437,0.6400000000000006,0.6275740341243452,1.716022749558737
2024-03-07,102.62,102.94,101.64,102.43,445736.0,81127980.0,159270857.0,0.0027986036390825722,-0.18999999999999773,-0.1851490937439082,1.2668095887741153
2024-03-08,101.31,102.81,100.97,101.6,381298.0,69287687.0,159270857.0,0.002394022404236828,-0.8300000000000125,-0.8103094796446442,1.7963487259591948
2024-03-11,101.6,104.91,101.6,104.06,737769.0,136193523.0,159270857.0,0.004632165694945686,2.460000000000008,2.421259842519685,3.2578740157480337
2024-03-12,104.06,104.8,103.37,104.32,650456.0,120598328.0,159270857.0,0.004083961198249847,0.2599999999999909,0.24985585239283292,1.3742071881606694
2024-03-13,103.96,104.78,103.31,104.34,495243.0,91819231.0,159270857.0,0.0031094389100951468,0.020000000000010232,0.019171779141125,1.4091257668711645
2024-03-14,104.34,104.47,102.38,103.0,476700.0,87848558.0,159270857.0,0.0029930145977678764,-1.3400000000000034,-1.2842629863906496,2.003066896683921
2024-03-15,102.6,103.81,102.09,103.42,371377.0,68289780.0,159270857.0,0.002331732289228531,0.4200000000000017,0.4077669902912584,1.6699029126213583
2024-03-18,103.42,105.47,102.66,105.19,865719.0,160765308.0,159270857.0,0.005435514169425232,1.769999999999996,1.7114678011989959,2.717076000773547
2024-03-19,104.82,107.28,104.63,106.52,773170.0,146330102.0,159270857.0,0.004854434857470504,1.3299999999999983,1.2643787432265352,2.5192508793611617
2024-03-20,105.75,107.07,105.53,105.91,485198.0,91682556.0,159270857.0,0.003046370247131903,-0.6099999999999994,-0.5726624108148726,1.44573788959819
2024-03-21,105.75,107.04,105.53,106.2,344576.0,65196701.0,159270857.0,0.002163459194546809,0.29000000000000625,0.27381739212539724,1.4257388348597915
2024-03-22,99.0,106.5,99.0,101.48,896518.0,164630168.0,159270857.0,0.005628889157041454,-4.719999999999999,-4.444444444444439,7.062146892655368
2024-03-25,103.16,106.1,103.09,104.22,893055.0,166576361.0,159270857.0,0.005607146321815798,2.739999999999995,2.700039416633815,2.9661016949152454
2024-03-26,104.03,106.18,104.03,105.47,636818.0,119330851.0,159270857.0,0.003998333480430761,1.25,1.1993859144118213,2.062943772788338
2024-03-27,104.65,105.91,103.87,104.19,374751.0,70022025.0,159270857.0,0.0023529163279381363,-1.2800000000000011,-1.2136152460415328,1.9341992983786784
2024-03-28,103.84,106.3,103.84,105.94,626289.0,117761676.0,159270857.0,0.003932225968998208,1.75,1.6796237642767942,2.3610711200690986
2024-03-29,105.56,106.81,104.34,105.04,606640.0,113710774.0,159270857.0,0.003808857511201814,-0.8999999999999915,-0.8495374740419059,2.3315084009816864
2024-04-01,105.4,106.14,104.15,104.91,719140.0,134443573.0,159270857.0,0.004515201421939985,-0.13000000000000966,-0.12376237623763497,1.8945163747143896
2024-04-02,105.19,106.91,104.36,106.57,1049991.0,197880953.0,159270857.0,0.006592486659376737,1.6599999999999966,1.582308645505659,2.4306548470117217
2024-04-03,106.73,107.69,105.76,106.66,675040.0,128376998.0,159270857.0,0.004238314608930622,0.09000000000000341,0.08445153420286733,1.8110162334615678
2024-04-08,106.55,107.89,105.9,107.01,978340.0,186179314.0,159270857.0,0.006142617792280731,0.3500000000000085,0.32814550909432416,1.8657416088505483
2024-04-09,107.25,107.65,105.52,105.52,488870.0,92522736.0,159270857.0,0.003069425312378397,-1.490000000000009,-1.3923932342771783,1.9904681805438833
2024-04-10,105.75,106.73,104.88,106.11,822717.0,155210653.0,159270857.0,0.005165521272984674,0.5900000000000034,0.5591357088703619,1.7532221379833286
2024-04-11,106.88,106.88,104.43,104.96,643138.0,120169783.0,159270857.0,0.004038014311682896,-1.1500000000000057,-1.0837809819998157,2.3089247007821965
2024-04-12,105.08,106.25,103.94,103.94,800179.0,149666684.0,159270857.0,0.005024013903560524,-1.019999999999996,-0.9717987804877981,2.2008384146341484
2024-04-15,103.95,109.39,103.95,108.56,1913152.0,365489351.0,159270857.0,0.012011940137924918,4.6200000000000045,4.444872041562453,5.233788724263996
2024-04-16,108.57,110.49,107.73,108.29,1204632.0,233631208.0,159270857.0,0.007563417581158617,-0.269999999999996,-0.24871039056741928,2.5423728813559237
2024-04-17,109.11,109.24,106.03,107.41,1122040.0,214366739.0,159270857.0,0.007044854414263621,-0.8800000000000097,-0.8126327454058613,2.9642626281281683
2024-04-18,106.16,108.88,106.16,108.76,1590484.0,306084710.0,159270857.0,0.009986032786902126,1.3500000000000085,1.2568662135741704,2.532352667349408
2024-04-19,108.56,109.58,106.88,108.25,772059.0,148300065.0,159270857.0,0.00484745931893868,-0.5100000000000051,-0.4689223979404189,2.482530342037516
2024-04-22,107.7,110.64,107.7,110.03,1504480.0,293159621.0,159270857.0,0.00944604699402101,1.7800000000000011,1.6443418013856848,2.7159353348729773
2024-04-23,111.43,113.6,107.93,109.69,2372711.0,464981882.0,159270857.0,0.014897333038146457,-0.3400000000000034,-0.30900663455422084,5.153140052712885
2024-04-24,109.74,111.31,108.1,111.31,1141100.0,223195949.0,159270857.0,0.007164524769274017,1.6200000000000045,1.4768894156258483,2.9264290272586453
2024-04-25,111.15,113.63,110.49,113.4,1279913.0,256580631.0,159270857.0,0.008036077811774442,2.0900000000000034,1.8776390261431963,2.820950498607493
2024-04-26,113.51,113.51,110.85,112.06,1129707.0,224486856.0,159270857.0,0.007092992536606995,-1.3400000000000034,-1.1816578483245133,2.3456790123456885
2024-04-29,112.49,116.81,111.99,115.87,1832814.0,374217648.0,159270857.0,0.011507528963694846,3.8100000000000023,3.399964304836689,4.301267178297348
2024-04-30,115.47,119.81,114.44,119.75,1677172.0,353613334.0,159270857.0,0.010530313150760532,3.8799999999999955,3.3485803055147922,4.634504185725385
2024-05-06,122.5,128.12,122.14,123.92,3048237.0,676878028.0,159270857.0,0.01913869905277147,4.170000000000002,3.4822546972860247,4.993736951983302
2024-05-07,123.94,130.0,123.92,126.29,1894027.0,431091875.0,159270857.0,0.01189186167309943,2.3700000000000045,1.91252420916721,4.906391220142026
2024-05-08,126.94,128.53,126.31,126.45,1833576.0,413836003.0,159270857.0,0.011512313266450245,0.1599999999999966,0.12669253305883643,1.7578588961913049
2024-05-09,127.17,130.88,126.58,129.2,1435004.0,329493289.0,159270857.0,0.009009834109199274,2.749999999999986,2.174772637406086,3.4005535784895193
2024-05-10,129.38,131.51,128.32,128.53,1439421.0,331325396.0,159270857.0,0.00903756674078799,-0.6699999999999875,-0.5185758513931771,2.4690402476780173
2024-05-13,127.69,128.28,124.89,126.42,1526449.0,342946983.0,159270857.0,0.00958398183290996,-2.1099999999999994,-1.641640084027074,2.637516533105112
2024-05-14,126.53,129.16,125.55,126.93,843270.0,191433073.0,159270857.0,0.005294565596517133,0.5100000000000051,0.4034171808258158,2.8555608289827554
2024-05-15,126.41,127.52,125.55,126.22,588579.0,132083105.0,159270857.0,0.003695459490118773,-0.710000000000008,-0.5593634286614746,1.5520365555818159
2024-05-16,126.54,128.81,126.0,126.26,1042143.0,235674302.0,159270857.0,0.006543212108163643,0.04000000000000625,0.031690698779907045,2.2262715892885456
2024-05-17,126.26,128.24,125.13,126.75,981516.0,220567329.0,159270857.0,0.006162558665707437,0.4899999999999949,0.3880880722318958,2.463171233961677
2024-05-20,127.12,127.46,123.75,123.92,1120228.0,248480951.0,159270857.0,0.007033477568341332,-2.8299999999999983,-2.2327416173570036,2.927021696252461
2024-05-21,123.74,127.95,123.19,126.12,1235552.0,277213643.0,159270857.0,0.007757552280892166,2.200000000000003,1.775338928340875,3.8411878631375123
2024-05-22,126.07,128.17,124.32,127.42,927668.0,209275489.0,159270857.0,0.005824467937659179,1.2999999999999972,1.0307643514113618,3.0526482714874676
2024-05-23,127.2,128.45,126.17,126.57,703309.0,158935665.0,159270857.0,0.00441580470682091,-0.8500000000000085,-0.6670852299482055,1.7893580285669337
2024-05-24,126.17,127.41,124.88,124.88,787200.0,176706856.0,159270857.0,0.0049425237914052286,-1.6899999999999977,-1.33522951726317,1.9988938927075939
2024-05-27,124.53,125.61,123.92,125.43,527576.0,117194646.0,400010000.0,0.0013189070273243169,0.5500000000000114,0.4404228058936699,1.3532991672005108
2024-05-28,124.87,125.99,123.63,124.28,701849.0,155088603.0,400010000.0,0.0017545786355341116,-1.1500000000000057,-0.9168460495894148,1.881527545244359
2024-05-29,122.96,124.59,122.68,123.2,685279.0,150002987.0,400010000.0,0.0017131546711332216,-1.0799999999999983,-0.8690054715159268,1.5368522690698394
2024-05-30,123.2,123.38,121.64,122.6,460300.0,100225198.0,400010000.0,0.0011507212319692007,-0.6000000000000085,-0.48701298701299134,1.4123376623376582
2024-05-31,122.52,123.67,120.36,120.36,673843.0,145970651.0,400010000.0,0.0016845653858653534,-2.239999999999995,-1.8270799347471445,2.699836867862971
2024-06-03,122.74,129.11,122.06,128.9,2260854.0,511681238.0,400010000.0,0.005651993700157496,8.540000000000006,7.095380525091399,5.857427716849461
2024-06-04,128.81,130.5,127.49,128.68,1326235.0,303292023.0,400010000.0,0.00331550461238469,-0.21999999999999886,-0.17067494181536302,2.335143522110167
2024-06-05,127.73,129.76,126.84,127.69,646645.0,147267818.0,400010000.0,0.0016165720856978576,-0.9900000000000091,-0.7693503263910495,2.269194902082676
2024-06-06,127.8,130.43,127.13,128.63,1007944.0,231385516.0,400010000.0,0.002519797005074873,0.9399999999999977,0.7361578823713577,2.5843840551335355
2024-06-07,129.04,129.04,126.06,126.98,679735.0,153841827.0,400010000.0,0.0016992950176245593,-1.6499999999999915,-1.282748969913694,2.316722382025958
2024-06-11,127.38,129.33,125.98,127.13,756179.0,169208189.0,400010000.0,0.0018904002399940001,0.14999999999999147,0.11812883918727035,2.6382107418491167
2024-06-12,127.33,130.5,127.29,129.92,1224677.0,278914402.0,400010000.0,0.00306161595960101,2.789999999999992,2.1946039487139135,2.52497443561708
2024-06-13,129.04,132.53,128.64,131.36,1601744.0,369614462.0,400010000.0,0.004004259893502662,1.4400000000000261,1.1083743842364768,2.9941502463054306
2024-06-14,131.39,132.45,125.14,125.3,3211858.0,722388755.0,400010000.0,0.008029444263893402,-6.0600000000000165,-4.613276492082841,5.564859926918383
2024-06-17,125.37,128.24,123.77,125.2,1377900.0,304211439.0,400010000.0,0.0034446638834029148,-0.09999999999999432,-0.07980845969672856,3.5674381484437454
2024-06-18,125.2,126.27,123.43,125.44,830159.0,181370173.0,400010000.0,0.002075345616359591,0.23999999999999488,0.191693290734829,2.2683706070287455
2024-06-19,123.33,125.14,123.04,124.89,680017.0,148313140.0,400010000.0,0.0017,-0.5499999999999972,-0.43845663265306145,1.6741071428571384
2024-06-20,123.54,126.16,123.46,124.58,569807.0,125387771.0,400010000.0,0.0014244818879528011,-0.3100000000000023,-0.24821843222035955,2.1619024741772783
2024-06-21,124.91,124.91,122.29,123.23,657475.0,142593197.0,400010000.0,0.001643646408839779,-1.3499999999999943,-1.0836410338738167,2.103066302777324
2024-06-24,121.77,124.78,121.19,123.88,925805.0,201081284.0,400010000.0,0.002314454638634034,0.6499999999999915,0.5274689604803928,2.9132516432686875
2024-06-25,124.57,125.39,123.43,124.08,585041.0,127741294.0,400010000.0,0.0014625659358516038,0.20000000000000284,0.16144656118823875,1.5821762996448125
2024-06-26,123.81,125.14,123.15,123.94,501584.0,109246134.0,400010000.0,0.0012539286517837054,-0.14000000000000057,-0.11283043197937159,1.6038039974210148
2024-06-27,123.83,124.64,122.61,122.99,648647.0,140868982.0,400010000.0,0.0016215769605759855,-0.9500000000000028,-0.7664999193157995,1.6378893012748112
2024-06-28,122.99,123.99,121.84,122.72,771340.0,166389755.0,400010000.0,0.0019283017924551886,-0.269999999999996,-0.21953004309293034,1.7481096024066927
2024-07-01,122.86,122.89,118.57,122.18,927917.0,196398643.0,400010000.0,0.002319734506637334,-0.539999999999992,-0.4400260756192931,3.520208604954374
2024-07-02,121.72,122.68,119.71,121.88,740325.0,158242019.0,400010000.0,0.001850766230844229,-0.30000000000001137,-0.24553936814536437,2.4308397446390675
2024-07-03,121.27,121.83,114.39,114.45,1758120.0,360355255.0,400010000.0,0.004395190120246994,-7.429999999999993,-6.096160157531994,6.10436494913029
2024-07-04,114.41,117.89,114.11,116.29,1308538.0,267298931.0,400010000.0,0.0032712632184195393,1.8400000000000034,1.607688947138497,3.3027522935779827
2024-07-05,116.0,118.12,114.44,116.3,595673.0,121602756.0,400010000.0,0.0014891452713682158,0.009999999999990905,0.008599191675973117,3.16450253676155
2024-07-08,115.09,117.4,114.99,115.35,540498.0,110112574.0,400010000.0,0.001351211219719507,-0.9500000000000028,-0.8168529664660418,2.072226999140164
2024-07-09,114.97,119.55,114.55,118.73,1157657.0,240356423.0,400010000.0,0.002894070148246294,3.3800000000000097,2.9302123970524674,4.334633723450368
2024-07-10,117.94,120.47,117.15,119.72,869262.0,182465801.0,400010000.0,0.002173100672483188,0.9899999999999949,0.8338246441505826,2.796260422808046
2024-07-11,126.4,129.56,125.14,128.54,2649628.0,593647201.0,400010000.0,0.00662390440238994,8.819999999999993,7.36719011025726,3.691947878382895
2024-07-12,129.12,129.66,127.43,129.18,1109707.0,250798751.0,400010000.0,0.0027741981450463736,0.6400000000000148,0.49789948654117566,1.7348685234168275
2024-07-15,129.18,134.35,128.26,133.8,1891917.0,441123416.0,400010000.0,0.004729674258143546,4.6200000000000045,3.5764050162563787,4.714352066883421
2024-07-16,133.8,134.51,132.81,134.41,781140.0,183740357.0,400010000.0,0.0019528011799705008,0.6099999999999852,0.45590433482809445,1.270553064275029
2024-07-17,133.88,134.08,131.96,133.41,744252.0,174342106.0,400010000.0,0.0018605834854128647,-1.0,-0.7439922624804751,1.5772635964586001
2024-07-18,133.3,134.45,132.26,133.7,847124.0,198552751.0,400010000.0,0.002117757056073598,0.28999999999999204,0.21737500936960252,1.6415561052394858
2024-07-19,133.71,136.49,132.77,136.17,1115477.0,265539041.0,400010000.0,0.0027886227844303893,2.469999999999999,1.8474195961106998,2.7823485415108444
2024-07-22,136.79,137.87,133.67,135.62,1298849.0,310306862.0,400010000.0,0.003247041323966901,-0.549999999999983,-0.4039068811044877,3.0843798193434804
2024-07-23,135.62,135.88,132.93,132.93,905589.0,213280902.0,400010000.0,0.0022639159021024475,-2.6899999999999977,-1.9834832620557408,2.175195398908707
2024-07-24,133.03,134.8,130.95,131.79,1170301.0,272639986.0,400010000.0,0.0029256793580160496,-1.1400000000000148,-0.8575942225231392,2.89626119010007
2024-07-25,130.45,133.1,129.7,131.6,938779.0,217617388.0,400010000.0,0.0023468888277793057,-0.18999999999999773,-0.14416875331967338,2.5798619015099824
2024-07-26,133.16,134.69,132.25,133.9,956967.0,224726715.0,400010000.0,0.0023923576910577235,2.3000000000000114,1.747720364741645,1.8541033434650438
2024-07-29,133.95,133.95,132.06,132.42,903519.0,210967554.0,400010000.0,0.0022587410314742133,-1.4800000000000182,-1.1053024645257814,1.411501120238974
2024-07-30,132.53,132.53,129.46,131.7,965957.0,221998542.0,400010000.0,0.00241483212919677,-0.7199999999999989,-0.5437245129134571,2.3183809092282086
2024-07-31,131.63,133.94,130.9,132.8,1372539.0,320317861.0,400010000.0,0.0034312617184570388,1.1000000000000227,0.8352315869400329,2.3082763857251267
2024-08-01,133.08,133.95,132.27,132.92,901222.0,211392603.0,400010000.0,0.002252998675033124,0.11999999999997613,0.09036144578311589,1.2650602409638392
2024-08-02,132.17,134.72,131.68,133.63,718918.0,169099061.0,400010000.0,0.0017972500687482814,0.710000000000008,0.5341558832380411,2.287089978934692
2024-08-05,133.63,135.94,131.97,132.61,1088477.0,255504665.0,400010000.0,0.0027211244718882027,-1.0199999999999818,-0.7633016538202364,2.9708897702611683
2024-08-06,131.95,136.51,131.68,136.02,1073070.0,253578892.0,400010000.0,0.00268260793480163,3.4099999999999966,2.5714501168840886,3.642259256466317
2024-08-07,136.02,137.62,134.81,136.44,913394.0,219407199.0,400010000.0,0.0022834279143021424,0.4199999999999875,0.30877812086456125,2.065872665784445
2024-08-08,135.37,136.6,133.55,135.27,647901.0,154083046.0,400010000.0,0.00161971200719982,-1.1699999999999875,-0.8575197889181929,2.235414834359413
2024-08-09,135.89,135.94,134.38,134.89,506352.0,120394628.0,400010000.0,0.0012658483537911552,-0.3800000000000239,-0.2809196421971083,1.1532490574406757
2024-08-12,134.9,135.45,133.16,133.83,751619.0,177145964.0,400010000.0,0.0018790005249868754,-1.0599999999999739,-0.7858254874341886,1.697679590777665
2024-08-13,133.75,134.81,133.44,134.44,710222.0,167505148.0,400010000.0,0.001775510612234694,0.6099999999999852,0.4558021370395071,1.0236867667936969
2024-08-14,134.61,135.18,133.1,134.86,601384.0,141905088.0,400010000.0,0.001503422414439639,0.4200000000000159,0.31240702171972945,1.547158583754844
2024-08-15,134.24,135.37,132.08,134.24,843418.0,199141426.0,400010000.0,0.0021084922876928075,-0.6200000000000045,-0.45973602254190116,2.439566958327148
2024-08-16,133.67,136.91,133.66,135.37,1720443.0,411099859.0,400010000.0,0.004300999975000625,1.1299999999999955,0.8417759237187017,2.42103694874851
2024-08-19,135.37,138.29,133.1,135.42,930400.0,222122643.0,400010000.0,0.0023259418514537137,0.04999999999998295,0.03693580556991538,3.8339366181576398
2024-08-20,135.42,135.43,133.16,134.3,501296.0,118078790.0,400010000.0,0.0012532086697832553,-1.1199999999999761,-0.8270565647614636,1.676266430364799
2024-08-21,133.67,135.22,132.62,134.22,658922.0,155440351.0,400010000.0,0.0016472638184045398,-0.0800000000000125,-0.059568131049902995,1.9359642591213657
2024-08-22,133.57,135.0,132.64,133.44,601317.0,141435731.0,400010000.0,0.0015032549186270343,-0.7800000000000011,-0.5811354492624043,1.7583072567426714
2024-08-23,133.44,134.59,132.53,133.83,552185.0,129882270.0,400010000.0,0.0013804279893002674,0.3900000000000148,0.29226618705036067,1.543764988009594
2024-08-26,134.34,134.47,130.71,131.25,884544.0,204842743.0,400010000.0,0.0022113047173820655,-2.5800000000000125,-1.927818874691778,2.8095344840469183
2024-08-27,130.53,132.42,130.03,130.66,795288.0,182996054.0,400010000.0,0.0019881702957426062,-0.5900000000000034,-0.44952380952381077,1.8209523809523707
2024-08-28,129.76,131.32,128.71,130.14,843014.0,192510971.0,400010000.0,0.0021074823129421764,-0.5200000000000102,-0.3979794887494337,1.9975508954538386
2024-08-29,130.14,131.32,129.37,130.97,856588.0,196419642.0,400010000.0,0.0021414164645883853,0.8300000000000125,0.6377747041647508,1.4983863531581287
2024-08-30,130.6,130.73,128.17,129.65,995369.0,227009379.0,400010000.0,0.0024883602909927254,-1.3199999999999932,-1.007864396426661,1.954646102160802
2024-09-02,135.37,138.29,133.11,135.68,2193979.0,524894796.0,400010000.0,0.005484810379740506,6.030000000000001,4.65098341689163,3.9953721558040707
2024-09-03,135.72,137.77,133.11,133.26,1222820.0,290460847.0,400010000.0,0.0030569735756606083,-2.420000000000016,-1.7836084905660465,3.43455188679245
2024-09-04,135.37,136.35,130.14,130.77,1465544.0,339584395.0,400010000.0,0.0036637684057898552,-2.4899999999999807,-1.8685276902296155,4.660063034669074
2024-09-05,130.2,132.25,129.87,132.06,813185.0,187250693.0,400010000.0,0.0020329116772080697,1.289999999999992,0.986464785501262,1.8199892941806188
2024-09-06,132.06,132.83,129.97,130.08,503200.0,116193957.0,400010000.0,0.0012579685507862304,-1.9799999999999898,-1.4993184915947255,2.165682265636842
2024-09-09,129.77,132.81,128.99,129.62,909377.0,208187351.0,400010000.0,0.0022733856653583662,-0.46000000000000796,-0.3536285362853664,2.93665436654366
2024-09-10,129.0,131.36,128.36,130.2,819104.0,187702048.0,400010000.0,0.002047708807279818,0.5799999999999841,0.4474618114488349,2.3144576454250885
2024-09-11,130.2,131.67,129.54,130.54,719100.0,165317517.0,400010000.0,0.0017977050573735657,0.3400000000000034,0.26113671274961003,1.635944700460826
2024-09-12,130.54,131.44,129.12,130.07,686648.0,157295504.0,400010000.0,0.0017165770855728606,-0.46999999999999886,-0.36004289872836326,1.7772330320208314
2024-09-13,129.74,129.74,127.23,127.47,842884.0,190021881.0,400010000.0,0.0021071573210669735,-2.5999999999999943,-1.9989236564926571,1.9297301453063778
2024-09-18,127.83,129.17,126.86,128.73,598410.0,135410541.0,400010000.0,0.0014959876003099923,1.259999999999991,0.9884678747940523,1.8121911037891174
2024-09-19,128.75,131.31,128.37,129.91,973441.0,222455139.0,400010000.0,0.0024335416614584635,1.1800000000000068,0.9166472461741737,2.28384991843393
2024-09-20,129.16,131.7,127.78,129.14,1018341.0,232351451.0,400010000.0,0.002545788855278618,-0.7700000000000102,-0.592718035563089,3.017473635593863
2024-09-23,129.17,129.6,126.17,127.96,829781.0,186119532.0,400010000.0,0.0020744006399840004,-1.1799999999999926,-0.9137370295802971,2.6560322131020544
2024-09-24,128.26,131.24,126.56,129.57,1138175.0,258241908.0,400010000.0,0.002845366365840854,1.6099999999999994,1.2582056892779026,3.6573929352922843
2024-09-25,129.04,132.31,129.04,130.35,1337433.0,307877649.0,400010000.0,0.003343498912527187,0.7800000000000011,0.6019912016670625,2.5237323454503438
2024-09-26,131.11,135.11,129.75,135.11,1675394.0,390433559.0,400010000.0,0.004188380290492738,4.760000000000019,3.6517069428462,4.112006137322604
2024-09-27,136.51,141.26,135.76,140.83,1456980.0,356593651.0,400010000.0,0.0036423589410264742,5.719999999999999,4.233587447265186,4.070757160831914
2024-09-30,144.11,154.71,143.77,154.13,4994196.0,1334639163.0,400010000.0,0.012485177870553235,13.299999999999983,9.444010509124467,7.768231200738477
2024-10-08,169.54,169.54,154.78,162.68,3872525.0,1120793310.0,400010000.0,0.009681070473238169,8.550000000000011,5.5472652955297574,9.5763316680724
2024-10-09,157.99,164.1,155.29,156.65,2652597.0,567118950.0,520013000.0,0.005101020551409292,-6.030000000000001,-3.706663388246867,5.415539709859848
2024-10-10,161.87,170.67,161.17,161.87,3128707.0,689930523.0,520013000.0,0.006016593815923833,5.219999999999999,3.332269390360665,6.064474944142994
2024-10-11,162.25,166.7,162.25,164.57,1739106.0,382834233.0,520013000.0,0.00334435100660945,2.6999999999999886,1.668005189349464,2.749119663927836
2024-10-14,166.09,170.23,162.84,170.23,3176005.0,711193267.0,520013000.0,0.006107549234346065,5.659999999999997,3.439265965850402,4.490490368839999
2024-10-15,169.21,170.44,162.47,162.47,2236227.0,498513231.0,520013000.0,0.004300329030235783,-7.759999999999991,-4.558538447982141,4.6819009575280495
2024-10-16,161.08,163.37,157.02,159.58,2433655.0,520534859.0,520013000.0,0.004679988769511531,-2.8899999999999864,-1.7787899304486876,3.9084138610204926
2024-10-17,159.58,161.5,158.33,159.21,1044842.0,224054122.0,520013000.0,0.002009261306928865,-0.37000000000000455,-0.23185862890087172,1.9864644692317253
2024-10-18,157.48,163.8,155.16,161.95,2083576.0,448893909.0,520013000.0,0.004006776753658081,2.7399999999999807,1.7209974247848647,5.42679479932166
2024-10-21,161.93,167.6,159.31,165.16,3051214.0,675205796.0,520013000.0,0.005867572541455694,3.210000000000008,1.9820932386539036,5.118863846866312
2024-10-22,165.83,165.83,162.7,164.16,1435269.0,315634579.0,520013000.0,0.0027600636907154246,-1.0,-0.6054734802615647,1.8951319932187116
2024-10-23,164.86,166.19,162.77,164.11,1190018.0,262138830.0,520013000.0,0.002288438942872582,-0.04999999999998295,-0.030458089668605748,2.083333333333326
2024-10-24,163.37,164.39,162.25,162.6,780450.0,170757470.0,520013000.0,0.0015008278639187867,-1.5100000000000193,-0.9201145573091374,1.3040034123453697
2024-10-25,164.12,165.63,161.88,165.6,1294098.0,285118809.0,520013000.0,0.002488587785305367,3.0,1.845018450184499,2.3062730627306274
2024-10-28,164.48,165.11,161.25,164.47,1257843.0,275824401.0,520013000.0,0.002418868374444485,-1.1299999999999955,-0.682367149758456,2.330917874396144
2024-10-29,163.95,166.92,162.73,164.62,1975834.0,437235211.0,520013000.0,0.0037995857795862795,0.15000000000000568,0.09120204292576428,2.5475770657262706
2024-10-30,165.62,165.62,157.48,159.51,2260713.0,485315397.0,520013000.0,0.004347416314592135,-5.110000000000014,-3.1041185761147005,4.944721176041802
2024-10-31,160.01,160.38,157.4,158.27,1540530.0,327563644.0,520013000.0,0.002962483630216937,-1.2399999999999807,-0.7773807284809586,1.8682214281236225
2024-11-01,156.73,158.89,155.91,157.13,1586357.0,334666317.0,520013000.0,0.0030506102732047085,-1.1400000000000148,-0.7202881152461038,1.882858406520496
2024-11-04,158.13,164.77,157.4,161.88,2805623.0,608552831.0,520013000.0,0.005395293963804751,4.75,3.022974607013307,4.6903837586711665
2024-11-05,160.49,164.11,157.55,163.24,2101261.0,456573400.0,520013000.0,0.004040785518823568,1.3600000000000136,0.8401284902396888,4.052384482332593
2024-11-06,163.95,163.95,160.03,162.14,1807034.0,390961592.0,520013000.0,0.0034749785101526307,-1.1000000000000227,-0.6738544474393704,2.4013722126929595
2024-11-07,160.46,168.3,160.4,166.71,3306273.0,736896735.0,520013000.0,0.006358058356233402,4.570000000000022,2.8185518687554145,4.872332552115459
2024-11-08,167.11,167.13,162.25,162.6,1628806.0,358663403.0,520013000.0,0.0031322409247461123,-4.110000000000014,-2.4653590066582742,2.9272389178813483
2024-11-11,161.88,163.88,158.91,163.51,1563314.0,338845119.0,520013000.0,0.00300629791947509,0.9099999999999966,0.5596555965559524,3.0565805658056577
2024-11-12,163.37,166.77,161.19,164.36,1633944.0,359998953.0,520013000.0,0.003142121446963826,0.8500000000000227,0.5198458809858808,3.4126353128249116
2024-11-13,163.0,163.55,160.04,163.54,1228048.0,265946760.0,520013000.0,0.002361571729937521,-0.8200000000000216,-0.4989048430275145,2.135556096373825
2024-11-14,162.3,162.95,160.23,160.78,1453064.0,313612690.0,520013000.0,0.0027942839890541197,-2.759999999999991,-1.6876605111899146,1.6632016632016626
2024-11-15,160.78,165.04,159.55,160.91,2004098.0,436430064.0,520013000.0,0.0038539382669279423,0.12999999999999545,0.0808558278392768,3.414603806443575
2024-11-18,160.46,164.25,159.49,160.98,1371191.0,297055769.0,520013000.0,0.0026368398482345635,0.06999999999999318,0.04350257908147803,2.9581753775402344
2024-11-19,161.25,164.98,161.25,163.98,1623478.0,355854385.0,520013000.0,0.0031219950270474006,3.0,1.863585538576218,2.317058019629761
2024-11-20,163.37,163.95,161.41,162.99,808761.0,175930215.0,520013000.0,0.001555270733616275,-0.9899999999999807,-0.6037321624588254,1.5489693865105454
2024-11-21,163.0,165.22,162.11,163.81,1078935.0,236895352.0,520013000.0,0.0020748231294217645,0.8199999999999932,0.5030983495919905,1.9080925210135498
2024-11-22,163.0,164.58,159.46,159.46,1270908.0,275063737.0,520013000.0,0.002443992746335188,-4.349999999999994,-2.6555155362920413,3.1255723093828243
2024-11-25,158.89,162.99,156.06,157.2,2019143.0,429880418.0,520013000.0,0.0038828702359364094,-2.2600000000000193,-1.4172833312429578,4.345917471466203
2024-11-26,158.28,159.32,155.31,157.77,1073644.0,227374896.0,520013000.0,0.0020646483837904054,0.5700000000000216,0.36259541984733357,2.5508905852417247
2024-11-27,156.65,159.29,155.62,158.83,1079574.0,229001463.0,520013000.0,0.0020760519448552246,1.0600000000000023,0.6718641059770603,2.326171008429985
2024-11-28,157.55,158.79,155.44,156.49,1308657.0,274158524.0,520013000.0,0.0025165851622940194,-2.3400000000000034,-1.4732733110873308,2.109173329975442
2024-11-29,156.49,160.25,155.98,159.51,1353794.0,288184093.0,520013000.0,0.0026033849153771155,3.019999999999982,1.9298357722538073,2.728608856795968
2024-12-02,160.4,163.74,158.74,162.92,2765220.0,600433578.0,520013000.0,0.005317597829285037,3.4099999999999966,2.1377970033226834,3.134599711616827
2024-12-03,162.51,164.19,161.72,163.07,1363214.0,298492597.0,520013000.0,0.0026214998471192066,0.15000000000000568,0.09206972747362041,1.5160815123987228
2024-12-04,162.0,166.23,162.0,164.81,1926297.0,425083618.0,520013000.0,0.0037043246995748184,1.740000000000009,1.067026430367335,2.593978046237806
2024-12-05,165.23,166.4,161.87,164.86,1905938.0,419618839.0,520013000.0,0.0036651737552715028,0.05000000000001137,0.030337964929327832,2.748619622595717
2024-12-06,165.18,166.85,163.07,164.85,1937954.0,430417914.0,520013000.0,0.003726741446848444,-0.010000000000019327,-0.0060657527599317085,2.2928545432488177
2024-12-09,164.85,166.57,163.37,164.99,1899357.0,420789349.0,520013000.0,0.0036525183024270548,0.14000000000001478,0.0849256900212314,1.9411586290567113
2024-12-10,166.13,169.8,165.62,167.06,2669142.0,598518559.0,520013000.0,0.005132837063688792,2.069999999999993,1.2546214922116494,2.5334868779926096
2024-12-11,165.86,181.26,165.86,180.9,5333085.0,1254028827.0,520013000.0,0.010255676300400182,13.840000000000003,8.284448701065482,9.218244941937016
2024-12-12,180.91,186.49,179.07,183.78,4010582.0,988380110.0,520013000.0,0.007712464880685675,2.8799999999999955,1.5920398009950265,4.101713653952468
2024-12-13,182.22,192.81,182.22,187.44,7640102.0,1944753826.0,520013000.0,0.014692136542740278,3.6599999999999966,1.9915115899445057,5.76232451844597
2024-12-16,190.13,191.97,182.39,186.91,4203102.0,1052937737.0,520013000.0,0.008082686394378601,-0.5300000000000011,-0.2827571489543379,5.110968843363216
2024-12-17,185.04,189.44,183.9,187.98,2202986.0,552672348.0,520013000.0,0.004236405628320831,1.0699999999999932,0.5724680327430232,2.9639933657910182
2024-12-18,184.63,189.06,183.13,184.33,1850659.0,458909029.0,520013000.0,0.003558870643618525,-3.6499999999999773,-1.9416959250984078,3.1545909139270174
2024-12-19,184.26,184.63,178.66,179.03,1930025.0,469388138.0,520013000.0,0.0037114937511177606,-5.300000000000011,-2.8752780339608375,3.2387565778766336
2024-12-20,179.85,183.8,179.85,180.99,1450489.0,352344165.0,520013000.0,0.0027893321897721787,1.960000000000008,1.0947885829190707,2.206334133944041
2024-12-23,179.8,183.22,179.58,180.52,975498.0,236770951.0,520013000.0,0.001875910794537829,-0.46999999999999886,-0.2596828554063735,2.0111608376153303
2024-12-24,180.5,181.66,179.03,180.61,1278864.0,309242833.0,520013000.0,0.00245929236384475,0.09000000000000341,0.049855971637491336,1.456902282295588
2024-12-25,179.92,182.73,179.34,181.94,835121.0,202923370.0,520013000.0,0.0016059617740325723,1.329999999999984,0.7363933337024342,1.876972482143838
2024-12-26,180.91,182.01,179.4,180.25,711442.0,172086653.0,520013000.0,0.0013681234892204618,-1.6899999999999977,-0.9288776519731812,1.4345388589644856
2024-12-27,180.36,183.36,179.49,181.91,1049566.0,256216221.0,520013000.0,0.002018345695203774,1.6599999999999966,0.920943134535368,2.1470180305131787
2024-12-30,181.84,184.82,179.78,183.84,1231888.0,301991655.0,520013000.0,0.0023689561607113667,1.9300000000000068,1.0609642130724017,2.7706008465724765
2024-12-31,182.84,188.7,182.84,185.39,2051394.0,511756475.0,520013000.0,0.003944889839292479,1.549999999999983,0.8431244560487272,3.1875543951261887
2025-01-02,184.68,186.95,180.9,184.58,2056236.0,507647984.0,520013000.0,0.003954201144971376,-0.8099999999999739,-0.4369167700523091,3.263390689896965
2025-01-03,184.36,187.15,183.16,183.8,1541557.0,382727294.0,520013000.0,0.0029644585808431714,-0.7800000000000011,-0.4225809946906467,2.161664318994479
2025-01-06,183.51,189.09,181.66,187.76,3248587.0,812928075.0,520013000.0,0.006247126514144839,3.9599999999999795,2.1545157780195723,4.042437431991298
2025-01-07,188.02,193.56,186.84,192.97,2176568.0,557986291.0,520013000.0,0.004185603052231386,5.210000000000008,2.7748189177673632,3.57903706859821
2025-01-08,192.89,202.15,191.74,200.6,3399390.0,902465029.0,520013000.0,0.006537125033412626,7.6299999999999955,3.9539824843239924,5.394620925532465
2025-01-09,199.92,205.09,197.81,202.45,1985925.0,539218049.0,520013000.0,0.0038189910636849465,1.8499999999999943,0.9222333000997063,3.6291126620139584
2025-01-10,202.15,207.74,201.41,206.6,1622388.0,447561655.0,520013000.0,0.003119898925603783,4.150000000000006,2.04988886144728,3.126697950111145
2025-01-13,205.76,206.59,197.07,199.18,3169203.0,853279081.0,520013000.0,0.006094468792126351,-7.4199999999999875,-3.5914811229428745,4.607938044530499
2025-01-14,198.01,199.31,182.4,183.41,6524721.0,1650805993.0,520013000.0,0.012547226703947785,-15.77000000000001,-7.917461592529373,8.48980821367607
2025-01-15,181.27,182.01,174.06,176.07,6045130.0,1433456507.0,520013000.0,0.0116249593760156,-7.340000000000003,-4.001962815549865,4.334551005942963
2025-01-16,173.84,177.52,173.84,174.78,3343585.0,785598016.0,520013000.0,0.00642981040858594,-1.289999999999992,-0.7326631453399179,2.090077809961951
2025-01-17,174.78,182.24,173.06,181.27,3485321.0,833993185.0,520013000.0,0.0067023728252947525,6.490000000000009,3.7132395010870844,5.252317198764164
2025-01-20,180.52,186.49,179.77,184.1,2651875.0,656048020.0,520013000.0,0.005099632124581501,2.829999999999984,1.5612070392232447,3.7071771390743082
2025-01-21,185.37,189.82,184.3,186.42,2707505.0,678286489.0,520013000.0,0.0052066102193599004,2.319999999999993,1.2601846822379192,2.998370450841924
2025-01-22,185.07,187.15,178.11,181.13,2297135.0,558223854.0,520013000.0,0.0044174568712705255,-5.289999999999992,-2.8376783606909095,4.849265100311122
2025-01-23,183.51,183.78,180.21,181.11,1787852.0,435183470.0,520013000.0,0.003438090970802653,-0.01999999999998181,-0.011041793187205329,1.9709600839176247
2025-01-24,180.61,181.64,176.05,179.87,2122829.0,508082511.0,520013000.0,0.004082261405003337,-1.240000000000009,-0.6846667770967985,3.0865220032024596
2025-01-27,180.13,183.1,177.55,181.38,1826508.0,444533891.0,520013000.0,0.0035124275739260363,1.509999999999991,0.8394951909712622,3.085561794629445
2025-02-05,183.1,183.1,172.39,172.69,3187190.0,747484348.0,520013000.0,0.0061290583120037385,-8.689999999999998,-4.791046421876722,5.904730400264643
2025-02-06,172.69,176.79,172.65,174.93,2208056.0,518889265.0,520013000.0,0.004246155384576924,2.240000000000009,1.2971220105391312,2.3973594301928234
2025-02-07,176.76,176.76,172.54,173.29,2179301.0,508328150.0,520013000.0,0.00419085869007121,-1.6400000000000148,-0.937517864288584,2.4123935288401066
2025-02-10,169.83,169.83,160.4,165.6,6222462.0,1369677224.0,520013000.0,0.011965973927574888,-7.689999999999998,-4.437647873506833,5.441745051647532
2025-02-11,165.6,169.3,163.51,166.76,3811374.0,851128698.0,520013000.0,0.007329382150061633,1.1599999999999966,0.7004830917874294,3.496376811594215
2025-02-12,165.23,170.65,165.13,170.44,2305036.0,522860950.0,520013000.0,0.004432650722193484,3.680000000000007,2.206764212041268,3.3101463180618915
2025-02-13,170.8,177.23,168.59,176.05,3866012.0,901944704.0,520013000.0,0.007434452600223456,5.610000000000014,3.2914808730345024,5.069232574513017
2025-02-14,175.3,175.3,170.69,171.19,1696975.0,391628909.0,520013000.0,0.0032633318782415055,-4.860000000000014,-2.7605793808577195,2.61857426867368
2025-02-17,169.04,171.79,168.59,170.39,1585545.0,360781730.0,520013000.0,0.0030490487737806554,-0.8000000000000114,-0.4673170161808571,1.8692680647234001
2025-02-18,170.08,171.34,167.17,169.41,1647113.0,373931157.0,520013000.0,0.0031674458138546534,-0.9799999999999898,-0.5751511238922369,2.4473267210517147
2025-02-19,168.66,169.41,167.1,167.8,1517109.0,341392241.0,520013000.0,0.002917444371583018,-1.6099999999999852,-0.9503571217755691,1.363555870373651
2025-02-20,167.16,172.09,167.16,171.57,1611355.0,368443885.0,520013000.0,0.003098682148330907,3.769999999999982,2.2467222884386073,2.938021454112042
2025-02-21,168.48,168.48,158.15,160.38,6365044.0,1371573044.0,520013000.0,0.012240163226688564,-11.189999999999998,-6.52211925161742,6.020866118785326
2025-02-24,158.93,161.57,157.02,159.64,3957002.0,845234525.0,520013000.0,0.007609428995044355,-0.7400000000000091,-0.4614041651078704,2.8370120962713448
2025-02-25,158.18,160.23,155.97,156.64,3448488.0,727863839.0,520013000.0,0.006631541903760098,-3.0,-1.8792282635930802,2.6685041343021747
2025-02-26,156.65,158.11,156.11,157.38,2259165.0,475805041.0,520013000.0,0.004344439465936429,0.7400000000000091,0.47242083758938236,1.2768130745658837
2025-02-27,157.54,160.38,155.76,159.55,2435005.0,518807991.0,520013000.0,0.004682584858455461,2.170000000000016,1.3788283136358048,2.9355699580632892
2025-02-28,159.52,168.59,159.17,165.03,5263280.0,1172955436.0,520013000.0,0.010121439271710515,5.47999999999999,3.434659981197119,5.904105296145419
2025-03-03,166.07,171.18,166.07,168.14,3083771.0,698672093.0,520013000.0,0.005930180591639055,3.109999999999985,1.8845058474216803,3.0964067139308087
2025-03-04,166.8,169.86,164.11,166.37,1935726.0,431799079.0,520013000.0,0.003722456938576536,-1.7699999999999818,-1.0526941834185677,3.4197692399191153
2025-03-05,166.37,171.65,165.62,170.44,3158875.0,718385252.0,520013000.0,0.006074607750190861,4.069999999999993,2.446354511029636,3.6244515237122084
2025-03-06,171.19,171.44,166.97,170.83,2355300.0,537395280.0,520013000.0,0.004529309844176973,0.3900000000000148,0.22881952593287735,2.6226237972306965
2025-03-07,170.86,172.2,168.01,170.79,2211610.0,506392010.0,520013000.0,0.004252989829100427,-0.040000000000020464,-0.02341509102617989,2.4527307849909255
2025-03-10,171.57,172.36,166.86,169.09,2304292.0,523264256.0,520013000.0,0.004431219988731051,-1.6999999999999886,-0.9953744364424089,3.220329059078401
2025-03-11,169.09,169.69,166.65,169.33,2113510.0,476432422.0,520013000.0,0.004064340699174828,0.2400000000000091,0.14193624696907658,1.7978591282748786
2025-03-12,169.8,170.65,164.48,166.04,2531615.0,565292184.0,520013000.0,0.0048683686753985,-3.2900000000000205,-1.9429516329061758,3.6437725152070013
2025-03-13,165.6,167.65,164.19,164.38,1379008.0,306499924.0,520013000.0,0.0026518721647343434,-1.6599999999999966,-0.9997590941941636,2.083835220428817
2025-03-14,164.38,176.79,164.27,173.51,4911614.0,1137771026.0,520013000.0,0.009445175409076311,9.129999999999995,5.55420367441295,7.6164983574644
2025-03-17,174.56,177.54,172.32,172.47,2878761.0,676483572.0,520013000.0,0.005535940447642655,-1.039999999999992,-0.5993890842026395,3.0084721341709404
2025-03-18,173.07,173.79,168.5,170.08,2439908.0,557003925.0,520013000.0,0.004692013468894047,-2.3899999999999864,-1.3857482460717718,3.0672000927697525
2025-03-19,169.25,171.94,168.61,170.83,1490937.0,341826425.0,520013000.0,0.0028671148605900238,0.75,0.44096895578551454,1.9579021636876668
2025-03-20,170.83,179.34,170.25,177.46,3970443.0,935430147.0,520013000.0,0.007635276425781663,6.6299999999999955,3.8810513375870714,5.321079435696308
2025-03-21,176.87,176.87,172.47,174.89,2766924.0,647397518.0,520013000.0,0.005320874670440932,-2.5700000000000216,-1.4482136819565117,2.479431984672605
2025-03-24,174.07,177.39,173.06,173.94,2561478.0,601040013.0,520013000.0,0.004925796085867084,-0.9499999999999886,-0.5431985819657981,2.475841957802038
2025-03-25,173.6,174.38,169.56,169.73,1718579.0,393560769.0,520013000.0,0.003304876993459779,-4.210000000000008,-2.4203748418995086,2.7710704840749645
2025-03-26,167.89,173.34,167.87,173.25,1544090.0,355110716.0,520013000.0,0.0029693296129135235,3.5200000000000102,2.0738820479585307,3.222765568844635
2025-03-27,173.25,177.47,171.99,177.17,2730502.0,646109827.0,520013000.0,0.00525083411376254,3.9199999999999875,2.262626262626255,3.1630591630591574
2025-03-28,176.72,178.99,175.51,177.39,1576230.0,375188554.0,520013000.0,0.0030311357600675366,0.21999999999999886,0.12417452164588116,1.964215160580244
2025-03-31,177.6,186.46,177.16,185.72,3788255.0,932776809.0,520013000.0,0.007284923646139615,8.330000000000013,4.695867861773495,5.242685607982418
2025-04-01,186.48,194.66,186.42,191.12,3374969.0,866897891.0,520013000.0,0.006490162745931352,5.400000000000006,2.907602842989454,4.43678656041353
2025-04-02,190.27,194.32,189.22,190.52,1416275.0,362293637.0,520013000.0,0.0027235376807887494,-0.5999999999999943,-0.31393888656341407,2.6684805357890298
2025-04-03,190.47,195.43,188.17,193.28,2173628.0,560744519.0,520013000.0,0.004179949347420161,2.759999999999991,1.4486668066344688,3.810623556581996
2025-04-07,186.49,198.72,184.33,190.22,4343485.0,1109555707.0,520013000.0,0.008352646953056942,-3.0600000000000023,-1.58319536423841,7.445157284768205
2025-04-08,190.21,191.68,183.13,190.97,3148909.0,792221473.0,520013000.0,0.006055442844698113,0.75,0.3942803070129397,4.494795499947435
2025-04-09,187.98,195.72,186.94,195.72,3448731.0,881042713.0,520013000.0,0.006632009199770006,4.75,2.4873016704194395,4.597580771848983
2025-04-10,193.95,193.95,185.74,191.64,4188176.0,1060216080.0,520013000.0,0.00805398326580297,-4.0800000000000125,-2.0846106683016563,4.194768035969743
2025-04-11,188.81,190.91,186.12,190.38,2339467.0,593273555.0,520013000.0,0.004498862528436789,-1.259999999999991,-0.6574827802128924,2.499478188269668
2025-04-14,190.22,195.44,188.37,194.94,2573003.0,666130464.0,520013000.0,0.004947958993332859,4.560000000000002,2.39520958083832,3.713625380817309
2025-04-15,194.73,199.84,193.95,199.6,2523607.0,668694124.0,520013000.0,0.004852969060388875,4.659999999999997,2.390479121781053,3.021442495126713
2025-04-16,208.87,210.05,193.65,205.14,5240799.0,1416232312.0,520013000.0,0.01007820766019311,5.539999999999992,2.775551102204399,8.216432865731466
2025-04-17,205.13,214.05,201.56,211.33,3105394.0,876016128.0,520013000.0,0.0059717622444054284,6.190000000000026,3.0174514965389587,6.088524909817691
2025-04-18,211.9,212.14,201.7,202.36,2000607.0,547196313.0,520013000.0,0.0038472249732218232,-8.969999999999999,-4.244546443950215,4.94014101168788
2025-04-21,201.31,211.47,201.31,209.98,2362964.0,653857421.0,520013000.0,0.004544047937263107,7.619999999999976,3.765566317454039,5.020755089938721
2025-04-22,208.79,215.85,208.51,212.45,2222920.0,629169378.0,520013000.0,0.004274739285364019,2.469999999999999,1.1763025050004705,3.4955710067625505
2025-04-23,212.23,212.9,208.93,211.14,1729377.0,484444053.0,520013000.0,0.003325641858953526,-1.3100000000000023,-0.6166156742762996,1.8686749823487874
2025-04-24,211.14,212.67,208.47,212.22,1762072.0,493177475.0,520013000.0,0.003388515287117822,1.0800000000000125,0.5115089514066584,1.989201477692521
2025-04-25,212.23,213.02,206.95,209.11,1196551.0,332284275.0,520013000.0,0.002301002090332357,-3.109999999999985,-1.4654603713127767,2.8602393742342955
2025-04-28,209.11,212.97,208.76,210.47,1316284.0,369519188.0,520013000.0,0.002531252103312802,1.3599999999999852,0.6503754005068973,2.013294438333895
2025-04-29,210.68,215.55,208.73,214.41,2677141.0,760575532.0,520013000.0,0.005148219371438791,3.9399999999999977,1.8720007602033517,3.2403667981185067
2025-04-30,214.43,220.51,212.99,215.24,2445197.0,703689531.0,520013000.0,0.004702184368467711,0.8300000000000125,0.38710881022341326,3.5072990998554086
2025-05-06,213.87,214.15,206.88,210.92,3524833.0,983138312.0,520013000.0,0.006778355541111472,-4.320000000000022,-2.0070618844081123,3.3776249767701216
2025-05-07,214.48,214.48,207.19,208.47,2159261.0,601196956.0,520013000.0,0.004152321191970201,-2.4499999999999886,-1.16157784942158,3.4562867437891107
2025-05-08,207.86,211.89,207.59,210.14,1946806.0,544450876.0,520013000.0,0.003743764098205237,1.6699999999999875,0.8010744951311821,2.06264690363121
2025-05-09,209.98,213.52,209.31,211.86,1173951.0,330561419.0,520013000.0,0.002257541638382117,1.7200000000000273,0.8185019510802416,2.003426287237084
2025-05-12,211.0,211.49,202.07,203.59,3228973.0,878017148.0,520013000.0,0.006209408226332803,-8.27000000000001,-3.903521193240822,4.446332483715668
2025-05-13,202.69,206.97,199.89,205.48,2330944.0,634817819.0,520013000.0,0.004482472553570776,1.8899999999999864,0.9283363622967666,3.4775774841593456
2025-05-14,204.74,208.83,204.57,207.57,1978390.0,544368011.0,520013000.0,0.003804501041320121,2.0900000000000034,1.0171306209850073,2.0731944714814188
2025-05-15,206.96,210.36,206.04,208.89,1592452.0,441994839.0,520013000.0,0.0030623311340293416,1.3199999999999932,0.6359300476947549,2.081225610637386
2025-05-16,207.85,209.21,205.2,209.21,1167498.0,321277930.0,520013000.0,0.002245132333230131,0.3200000000000216,0.1531906745176892,1.9196706400497963
2025-05-19,207.56,210.58,205.46,209.49,1357377.0,374904745.0,520013000.0,0.002610275127737191,0.28000000000000114,0.1338368146838187,2.447301754218252
2025-05-20,210.73,217.65,208.85,211.48,2459368.0,699154517.0,520013000.0,0.004729435610263589,1.9899999999999807,0.9499260107880936,4.200677836650919
2025-05-21,213.14,217.41,212.54,215.78,2110040.0,603796972.0,520013000.0,0.004057667789074504,4.300000000000011,2.0332891999243374,2.302818233402688
2025-05-22,216.64,220.42,214.18,215.91,1495971.0,430246485.0,520013000.0,0.0028767953878076125,0.12999999999999545,0.060246547409392726,2.8918342756511173
2025-05-23,217.04,219.01,212.57,213.48,1672990.0,477902749.0,520013000.0,0.003217208031337678,-2.430000000000007,-1.1254689453939148,2.9827242832661747
2025-05-26,213.75,221.92,213.75,215.23,2258086.0,654567060.0,520013000.0,0.004342364517810132,1.75,0.8197489226156929,3.827056398725871
2025-05-27,215.99,222.73,215.48,220.51,2023920.0,590238450.0,520013000.0,0.003892056544740228,5.280000000000001,2.453189611113693,3.3684895228360356
2025-05-28,220.65,235.79,219.64,234.41,3494757.0,1069623896.0,520013000.0,0.006720518525498401,13.900000000000006,6.303568999138354,7.323930887488099
2025-05-29,232.54,235.56,229.18,234.83,2185602.0,676194175.0,520013000.0,0.004202975694838398,0.4200000000000159,0.17917324346232721,2.7217268887846062
2025-05-30,237.07,242.25,234.06,240.83,2450200.0,780615527.0,520013000.0,0.004711805281791032,6.0,2.55503981603713,3.4876293488906853
2025-06-03,241.63,242.17,234.08,241.2,2929979.0,933387572.0,520013000.0,0.005634434139146521,0.3699999999999761,0.15363534443382232,3.359216044512716
2025-06-04,241.21,248.16,239.33,247.19,2308775.0,747364793.0,520013000.0,0.004439840927053747,5.990000000000009,2.4834162520729786,3.660862354892199
2025-06-05,245.35,246.85,242.34,242.95,1865292.0,605657760.0,520013000.0,0.0035870103247418812,-4.240000000000009,-1.7152797443262258,1.8245074638941667
2025-06-06,244.6,251.75,240.91,247.4,1934144.0,634120619.0,520013000.0,0.003719414706940019,4.450000000000017,1.831652603416356,4.461823420456885
2025-06-09,245.88,252.72,244.66,251.37,1634428.0,542695551.0,520013000.0,0.003143052192925946,3.969999999999999,1.6046887631366191,3.2578819725141477
2025-06-10,249.02,252.87,248.36,250.09,1908085.0,633776042.0,520013000.0,0.0036693024982067755,-1.2800000000000011,-0.5092095317659195,1.7941679595814897
2025-06-11,251.36,252.72,246.94,252.06,1409929.0,469972778.0,520013000.0,0.00271133413972343,1.9699999999999989,0.7877164220880584,2.3111679795273705
2025-06-12,252.76,255.07,248.75,253.25,1937383.0,650202467.0,520013000.0,0.003725643397376604,1.1899999999999977,0.47210981512337824,2.5073395223359487
2025-06-13,252.87,253.44,240.46,244.3,3767795.0,1223593679.0,520013000.0,0.007245578475922717,-8.949999999999989,-3.534057255676204,5.1253701875616935
2025-06-16,243.84,247.07,243.09,246.36,1482319.0,483377141.0,520013000.0,0.002850542197983512,2.0600000000000023,0.8432255423659551,1.6291444944740032
2025-06-17,246.1,250.59,236.35,236.92,2915176.0,935831968.0,520013000.0,0.005605967543119115,-9.440000000000026,-3.8317908751420826,5.780159116739734
2025-06-18,238.05,244.58,235.73,244.29,2186100.0,701387185.0,520013000.0,0.0042039333632043815,7.3700000000000045,3.110754685125783,3.73543812257303
2025-06-19,244.6,246.73,239.88,241.8,1723746.0,556057455.0,520013000.0,0.003314813283514066,-2.4899999999999807,-1.019280363502384,2.8040443734905214
2025-06-20,240.58,244.42,239.67,241.7,1564604.0,502102364.0,520013000.0,0.003008778626688179,-0.10000000000002274,-0.04135649296940214,1.964433416046319
2025-06-23,240.08,241.69,234.25,237.75,1822438.0,572822820.0,520013000.0,0.0035046008465172986,-3.9499999999999886,-1.634257343814638,3.078196110881257
2025-06-24,238.04,242.77,237.78,242.03,1374595.0,440524559.0,520013000.0,0.0026433858384309625,4.280000000000001,1.8002103049421736,2.09884332281809
2025-06-25,242.0,247.23,241.04,244.45,1503246.0,489450380.0,520013000.0,0.0028907854226721255,2.4199999999999875,0.9998760484237534,2.5575341899764483
2025-06-26,242.48,242.48,238.58,239.85,1537948.0,490388388.0,520013000.0,0.002957518369733064,-4.599999999999994,-1.8817754141951304,1.5954182859480373
2025-06-27,238.96,239.53,235.81,238.14,1573559.0,497052304.0,520013000.0,0.0030259993500162496,-1.710000000000008,-0.7129455909943738,1.550969355847404
2025-06-30,237.07,240.04,236.32,236.36,1721268.0,543944922.0,520013000.0,0.0033100480180303185,-1.7799999999999727,-0.7474594776181953,1.5621063240110855
2025-07-01,236.36,244.69,236.36,242.11,1462458.0,470807629.0,520013000.0,0.0028123489220461795,5.75,2.432729734303596,3.524284988999824
2025-07-02,239.24,240.89,233.37,233.37,2053198.0,647568911.0,520013000.0,0.003948358983333109,-8.740000000000009,-3.609929370947096,3.1060261864441703
2025-07-03,233.31,234.84,228.93,231.82,1978706.0,609000784.0,520013000.0,0.003805108718435885,-1.5500000000000114,-0.6641813429318244,2.532459184985215
2025-07-04,232.12,234.47,231.76,232.82,793791.0,245604184.0,520013000.0,0.0015264829917713595,1.0,0.43136916573203177,1.1690104391338143
2025-07-07,233.01,236.05,232.55,233.88,937589.0,291314776.0,520013000.0,0.0018030106939634202,1.0600000000000023,0.4552873464479079,1.503307276007216
2025-07-08,233.87,233.87,226.46,226.71,2463191.0,746654351.0,520013000.0,0.00473678734954703,-7.1699999999999875,-3.065674704976906,3.168291431503334
2025-07-09,228.78,232.54,226.71,230.04,1842125.0,564650501.0,520013000.0,0.003542459515435191,3.329999999999984,1.4688368400158636,2.571567200388154
2025-07-10,229.17,229.17,213.74,219.01,4690312.0,1363703529.0,520013000.0,0.009019605279098791,-11.030000000000001,-4.79481829247087,6.707529125369492
2025-07-11,217.5,226.16,217.5,218.14,2986247.0,878801648.0,520013000.0,0.005742639126329534,-0.8700000000000045,-0.39724213506232564,3.9541573444134954
2025-07-14,216.37,225.4,216.22,225.36,3083992.0,912320102.0,520013000.0,0.005930605581014321,7.220000000000027,3.3098010452003335,4.208306592096822
2025-07-15,223.15,225.2,220.27,221.75,2009477.0,593801220.0,520013000.0,0.003864282239097869,-3.6100000000000136,-1.60188143414981,2.1876109336173135
2025-07-16,221.27,223.04,219.34,219.53,1782639.0,522418199.0,520013000.0,0.0034280662214213877,-2.219999999999999,-1.001127395715895,1.6685456595264887
2025-07-17,220.26,227.11,219.8,225.04,2067898.0,618324403.0,520013000.0,0.003976627507389238,5.509999999999991,2.509907529722577,3.3298410240058316
2025-07-18,225.03,227.29,222.82,225.05,1370198.0,409167296.0,520013000.0,0.0026349302805891393,0.010000000000019327,0.004443654461439017,1.986313544258798
2025-07-21,224.28,224.94,221.69,223.85,1336533.0,396323026.0,520013000.0,0.0025701915144429083,-1.200000000000017,-0.5332148411464233,1.4441235281048654
2025-07-22,224.28,225.4,219.76,221.08,1665999.0,491124297.0,520013000.0,0.003203764136665814,-2.769999999999982,-1.237435782890317,2.519544337726163
2025-07-23,219.91,222.01,218.69,219.21,1653730.0,483311020.0,520013000.0,0.0031801704957376067,-1.8700000000000045,-0.8458476569567552,1.5017188348109252
2025-07-24,218.95,219.76,216.22,219.19,1737114.0,503780588.0,520013000.0,0.0033405203331455177,-0.020000000000010232,-0.009123671365363073,1.6148898316682596
2025-07-25,219.22,228.29,218.35,225.73,2899811.0,862955632.0,520013000.0,0.005576420204879493,6.539999999999992,2.9837127606186398,4.53487841598613
2025-07-28,225.82,226.5,214.71,218.41,4174253.0,1210550601.0,520013000.0,0.008027208935161236,-7.319999999999993,-3.2428122092765688,5.223054091170864
2025-07-29,218.41,219.91,214.57,215.79,2233122.0,641072716.0,520013000.0,0.004294358025664743,-2.6200000000000045,-1.1995787738656727,2.4449429971155183
2025-07-30,214.87,219.23,214.85,217.43,2085235.0,602034447.0,520013000.0,0.004009967058515845,1.6400000000000148,0.759998146345997,2.0297511469484197
2025-07-31,214.54,216.0,210.83,211.71,2173600.0,612677872.0,520013000.0,0.004179895502612435,-5.719999999999999,-2.6307317297521005,2.377776755737473
2025-08-01,210.73,214.87,210.73,214.53,2064096.0,585692128.0,520013000.0,0.003969316151711592,2.819999999999993,1.332010769448777,1.955505172169484
2025-08-04,213.06,225.21,213.06,222.15,3097120.0,910568441.0,520013000.0,0.005955851103722407,7.6200000000000045,3.5519507761152314,5.663543560341214
2025-08-05,221.34,230.2,221.33,229.42,3153972.0,956900290.0,520013000.0,0.006065179139752275,7.269999999999982,3.272563583164523,3.992797659239242
2025-08-06,229.42,230.15,224.23,224.3,2370090.0,710421478.0,520013000.0,0.004557751440829364,-5.119999999999976,-2.2317147589573594,2.580420190044467
2025-08-07,224.53,228.78,222.52,225.4,1850060.0,555282268.0,520013000.0,0.003557718749338959,1.0999999999999943,0.49041462327239493,2.790905037895671
2025-08-08,224.73,228.04,223.95,224.19,1339085.0,401262387.0,520013000.0,0.00257509908406136,-1.210000000000008,-0.5368234250221815,1.8145519077196108
2025-08-11,224.19,224.19,217.8,220.26,2667132.0,779087773.0,520013000.0,0.005128971775705608,-3.930000000000007,-1.7529773852535846,2.8502609393817684
2025-08-12,219.26,222.33,218.4,219.56,1673854.0,488324417.0,520013000.0,0.0032188695282617933,-0.6999999999999886,-0.3178062290020822,1.7842549713974425
2025-08-13,219.01,220.06,218.03,219.57,1565718.0,455410536.0,520013000.0,0.003010920880824133,0.009999999999990905,0.004554563672787282,0.9245764255784302
2025-08-14,219.57,221.63,218.33,218.92,1342053.0,391807740.0,520013000.0,0.002580806633680312,-0.6500000000000057,-0.2960331557134377,1.502937559775918
2025-08-15,218.25,218.86,213.2,213.86,3458940.0,985930942.0,520013000.0,0.006651641401272661,-5.059999999999974,-2.311346610634013,2.5854193312625733
2025-08-18,213.75,216.28,212.74,214.45,2635022.0,749728640.0,520013000.0,0.005067223319417015,0.589999999999975,0.2758814177499236,1.6552885064995753
2025-08-19,214.74,224.65,214.66,223.26,3829592.0,1127750906.0,520013000.0,0.0073644158896027595,8.810000000000002,4.1081837258102105,4.658428538120778
2025-08-20,222.29,225.33,220.0,224.28,2258262.0,669925622.0,520013000.0,0.004342702970887266,1.0200000000000102,0.4568664337543771,2.3873510705007672
2025-08-21,224.37,230.12,221.65,227.85,2490102.0,753755997.0,520013000.0,0.004788537978858221,3.569999999999993,1.5917602996254665,3.776529338327091
2025-08-22,228.79,228.81,222.02,226.88,2002540.0,597488698.0,520013000.0,0.003850942187983762,-0.9699999999999989,-0.42571867456659973,2.980030721966202
2025-08-25,225.39,229.82,223.02,229.43,2363245.0,706757312.0,520013000.0,0.004544588308369213,2.5500000000000114,1.1239421720733445,2.9971791255289064
2025-08-26,228.88,237.44,227.91,230.64,2544210.0,782720216.0,520013000.0,0.004892589223730945,1.2099999999999795,0.5273939763762225,4.153772392450857
2025-08-27,230.63,233.41,227.3,227.56,1808459.0,549161695.0,520013000.0,0.0034777188262601127,-3.079999999999984,-1.3354144987859806,2.6491501907734936
2025-08-28,227.56,230.45,224.01,227.06,2118798.0,633171486.0,520013000.0,0.004074509675719646,-0.5,-0.219722271049394,2.8300228511161882
2025-08-29,229.19,237.31,228.2,234.45,2586651.0,799135476.0,520013000.0,0.00497420449104157,7.389999999999986,3.2546463489826483,4.012155377433284
2025-09-01,234.45,239.51,234.12,239.01,2021096.0,632724163.0,520013000.0,0.003886625911275295,4.560000000000002,1.9449776071656988,2.2989976540840207
2025-09-02,238.79,240.56,233.03,234.09,1570245.0,489696726.0,520013000.0,0.0030196264324161125,-4.9199999999999875,-2.058491276515617,3.150495795155015
2025-09-03,234.12,238.26,222.74,226.47,2896089.0,866038523.0,520013000.0,0.005569262691509635,-7.6200000000000045,-3.255158272459313,6.629928659917119
2025-09-04,226.33,226.47,219.36,224.99,2299749.0,672999671.0,520013000.0,0.004422483668677514,-1.4799999999999898,-0.653508190930363,3.1394886739965497
2025-09-05,223.18,225.39,219.34,223.74,2085370.0,610094782.0,520013000.0,0.004010226667410238,-1.25,-0.5555802480110228,2.6890084003733423
2025-09-08,223.56,231.07,221.75,227.73,2784415.0,833525764.0,520013000.0,0.00535451036801003,3.9899999999999807,1.7833199249128295,4.165549298292658
2025-09-09,226.54,229.04,223.87,226.22,1555572.0,462637463.0,520013000.0,0.0029914098301388617,-1.509999999999991,-0.6630659113862847,2.2702322926272287
2025-09-10,225.92,226.87,224.36,225.42,1015464.0,301803680.0,520013000.0,0.0019527665654512484,-0.8000000000000114,-0.35363805145434135,1.1095393864379768
2025-09-11,224.67,227.65,222.76,227.5,1505801.0,446180101.0,520013000.0,0.0028956987613771193,2.0800000000000125,0.9227220299884653,2.1692840031940444
2025-09-12,226.91,229.16,223.71,223.74,1463493.0,435432250.0,520013000.0,0.0028143392569031926,-3.759999999999991,-1.6527472527472442,2.3956043956043906
2025-09-15,222.74,223.49,217.83,219.7,2806049.0,815810077.0,520013000.0,0.005396113174093725,-4.0400000000000205,-1.805667292392965,2.5297219987485455
2025-09-16,220.08,222.33,219.41,222.19,1496924.0,435683047.0,520013000.0,0.0028786280342991423,2.490000000000009,1.1333636777423717,1.3290851160673718
2025-09-17,221.67,225.77,221.59,225.3,1722730.0,509862500.0,520013000.0,0.0033128594862051526,3.1100000000000136,1.39970295692875,1.8812727845537633
2025-09-18,223.87,225.39,221.6,224.35,1743477.0,513974377.0,520013000.0,0.003352756565701242,-0.950000000000017,-0.4216600088770561,1.6822015090989757
2025-09-19,225.35,228.24,223.27,227.17,2271049.0,677797848.0,520013000.0,0.004367292740758404,2.819999999999993,1.2569645642968474,2.2152886115444614
2025-09-22,226.16,226.38,217.9,218.45,2645859.0,768633289.0,520013000.0,0.005088063183035809,-8.719999999999999,-3.8385350178280597,3.732887265043795
2025-09-23,218.79,220.46,211.86,215.82,2346075.0,665350199.0,520013000.0,0.004511569903060115,-2.6299999999999955,-1.2039368276493434,3.936827649347675
2025-09-24,215.37,221.22,214.07,219.11,1372091.0,395664602.0,520013000.0,0.0026385705741971835,3.2900000000000205,1.5244184968955743,3.3129459734964346
2025-09-25,219.04,222.92,217.05,217.18,1534984.0,443401476.0,520013000.0,0.002951818512229502,-1.9300000000000068,-0.8808361097165873,2.6790196704851335
2025-09-26,216.33,221.22,214.62,216.7,1262469.0,362724330.0,520013000.0,0.002427764305892353,-0.4800000000000182,-0.221014826411281,3.038953863154984
2025-09-29,217.08,220.5,215.15,220.5,1670330.0,479650317.0,520013000.0,0.0032120927746037116,3.8000000000000114,1.7535763728657283,2.468850946008304
2025-09-30,220.08,231.69,215.54,230.55,3079466.0,908866930.0,520013000.0,0.0059219019524511885,10.050000000000011,4.5578231292517035,7.324263038548755
2025-10-09,226.22,229.4,221.14,228.81,3417836.0,1016523322.0,520013000.0,0.00657259722353095,-1.740000000000009,-0.7547169811320753,3.5827369334200907
2025-10-10,226.91,237.82,226.54,236.53,2837474.0,877215945.0,520013000.0,0.005456544355621879,7.719999999999999,3.3739784100345283,4.92985446440278
2025-10-13,230.02,233.89,224.03,225.09,2103692.0,630112738.0,520013000.0,0.004045460401951489,-11.439999999999998,-4.836595780662067,4.168604405360836
2025-10-14,224.93,226.13,220.13,220.61,1671126.0,489301361.0,520013000.0,0.003213623505566207,-4.47999999999999,-1.9903149851170587,2.665600426496068
2025-10-15,220.59,222.17,218.33,221.48,1812416.0,525792314.0,520013000.0,0.0034853282514090995,0.8699999999999761,0.3943610897058081,1.7406282580118646
2025-10-16,218.65,226.14,218.65,226.08,1673553.0,495509418.0,520013000.0,0.0032182906965787395,4.600000000000023,2.0769369694780604,3.3817951959544796
2025-10-17,226.15,234.5,224.71,229.95,2344260.0,712181575.0,520013000.0,0.004508079605702165,3.869999999999976,1.711783439490433,4.3303255484784104
2025-10-20,227.75,230.7,224.72,226.91,1441925.0,432351205.0,520013000.0,0.002772863370723424,-3.039999999999992,-1.3220265275059817,2.600565340291363
2025-10-21,226.91,229.55,224.72,228.43,1666605.0,497729177.0,520013000.0,0.0032049294921473116,1.5200000000000102,0.6698691111013177,2.128597241196956
2025-10-22,228.28,232.72,227.67,229.19,1460539.0,442105136.0,520013000.0,0.002808658629688104,0.7599999999999909,0.3327058617519585,2.210742897167627
2025-10-23,228.64,230.32,226.55,228.43,1331254.0,400301783.0,520013000.0,0.0025600398451577173,-0.7599999999999909,-0.33160260046249945,1.6449234259784378
2025-10-24,228.43,232.6,226.4,228.22,2301323.0,693981850.0,520013000.0,0.004425510516083251,-0.21000000000000796,-0.09193188285251397,2.7141793985028184
2025-10-27,227.56,228.22,216.74,217.81,4412354.0,1277905082.0,520013000.0,0.008485084026745485,-10.409999999999997,-4.561388134256417,5.030233984751551
2025-10-28,218.11,218.99,215.95,217.3,1611195.0,461380246.0,520013000.0,0.00309837446371533,-0.5099999999999909,-0.23414902897019862,1.395711858959653
2025-10-29,217.31,217.54,214.98,217.03,1269582.0,361666097.0,520013000.0,0.0024414428100835942,-0.27000000000001023,-0.1242521859180945,1.1780947998159237
2025-10-30,217.03,217.04,212.26,212.49,2348669.0,661753145.0,520013000.0,0.004516558239890157,-4.539999999999992,-2.091876699073858,2.2024604893332724
2025-10-31,211.75,215.21,210.65,212.49,1664367.0,467418264.0,520013000.0,0.0032006257535869297,0.0,0.0,2.14598334039249
2025-11-03,211.95,212.39,204.15,205.75,3163489.0,860737996.0,520013000.0,0.00608348060529256,-6.740000000000009,-3.1719139724222356,3.8778295449197517
2025-11-04,204.83,204.83,200.35,202.47,3172233.0,844885080.0,520013000.0,0.006100295569533839,-3.280000000000001,-1.594167679222358,2.177399756986643
2025-11-05,200.33,206.0,199.97,204.75,2118293.0,569636789.0,520013000.0,0.00407353854615173,2.280000000000001,1.1260927544821442,2.9782189954067273
2025-11-06,204.35,206.57,203.52,205.84,1644525.0,445633539.0,520013000.0,0.003162469015197697,1.0900000000000034,0.532356532356526,1.4896214896214812
2025-11-07,205.84,212.55,205.05,210.3,2305996.0,638357444.0,520013000.0,0.004434496829886945,4.460000000000008,2.16673144189663,3.643606684803731
2025-11-10,209.45,210.41,206.46,210.13,1879488.0,516280618.0,520013000.0,0.0036143096422589435,-0.17000000000001592,-0.08083689966714713,1.8782691393247686
2025-11-11,210.2,215.17,208.01,211.05,2058409.0,574614470.0,520013000.0,0.00395837988665668,0.9200000000000159,0.43782420406415223,3.40741445771665
2025-11-12,210.06,214.51,210.06,211.88,1806858.0,506920378.0,520013000.0,0.003474640057075496,0.8299999999999841,0.3932717365553007,2.1085050935797147
2025-11-13,211.38,211.48,206.48,206.91,2311383.0,633720550.0,520013000.0,0.004444856186287651,-4.969999999999999,-2.345667358882386,2.3598263167830846
2025-11-14,206.84,208.66,204.14,204.58,1703829.0,463850780.0,520013000.0,0.0032765123179612815,-2.329999999999984,-1.126093470591072,2.1845246725629552
2025-11-17,203.45,204.55,196.89,198.39,2999127.0,786474707.0,520013000.0,0.005767407737883476,-6.190000000000026,-3.0257112132173414,3.7442565255645834
2025-11-18,197.24,199.06,194.2,194.69,1970232.0,508899915.0,520013000.0,0.0037888129719833926,-3.6999999999999886,-1.8650133575281003,2.4497202479963778
2025-11-19,194.69,197.92,194.2,196.55,1343999.0,347875693.0,520013000.0,0.002584548847817266,1.8600000000000136,0.955364939134018,1.910729878268015
2025-11-20,196.88,196.9,193.75,194.69,1090798.0,279784498.0,520013000.0,0.0020976360206379457,-1.8600000000000136,-0.9463240905622006,1.6026456372424347
2025-11-21,193.52,199.1,193.16,197.28,1809945.0,470740204.0,520013000.0,0.0034805764471272835,2.5900000000000034,1.330319995890905,3.0510041604602174
2025-11-24,197.09,199.59,195.42,195.72,1301267.0,337191966.0,520013000.0,0.0025023739791120605,-1.5600000000000023,-0.7907542579075444,2.1137469586374777
2025-11-25,196.33,197.53,193.75,196.09,1588503.0,409867493.0,520013000.0,0.003054737093111134,0.37000000000000455,0.18904557531167487,1.931330472103005
2025-11-26,196.55,199.28,195.58,196.93,1181881.0,307655772.0,520013000.0,0.0022727912571416484,0.8400000000000034,0.42837472589116743,1.8868886735682537
2025-11-27,196.94,198.72,194.78,196.24,1264661.0,327527839.0,520013000.0,0.0024319795851257564,-0.6899999999999977,-0.3503783070126443,2.000710912506981
2025-11-28,196.25,200.35,195.8,200.09,1520991.0,398946022.0,520013000.0,0.002924909569568453,3.8499999999999943,1.9618834080717518,2.3185894822666033
2025-12-01,198.62,205.63,197.33,204.17,2109637.0,562176622.0,520013000.0,0.00405689280844902,4.079999999999984,2.0390824129141727,4.148133339996993
2025-12-02,203.89,204.17,201.28,201.93,1056791.0,282206566.0,520013000.0,0.002032239578625919,-2.2399999999999807,-1.097124944898853,1.4154870940882531
2025-12-03,201.49,204.13,201.2,202.25,921779.0,245894388.0,520013000.0,0.0017726076078867258,0.3199999999999932,0.15847075719308545,1.4509978705492037
2025-12-04,201.5,203.0,200.42,201.9,658797.0,175240104.0,520013000.0,0.001266885635551419,-0.3499999999999943,-0.1730531520395484,1.2756489493201544
2025-12-05,201.18,201.49,197.69,199.23,1153152.0,302761199.0,520013000.0,0.002217544561385965,-2.670000000000016,-1.3224368499257122,1.8821198613174894
2025-12-08,199.23,199.23,196.62,197.31,1197088.0,311327564.0,520013000.0,0.002302034756823387,-1.9199999999999875,-0.9637102845956869,1.3100436681222634
2025-12-09,197.31,198.44,195.82,195.96,724789.0,187796435.0,520013000.0,0.001393790155246119,-1.3499999999999943,-0.6842025239470861,1.327859713141759
2025-12-10,195.96,199.21,195.57,196.56,1112373.0,288996250.0,520013000.0,0.0021391253680196455,0.5999999999999943,0.30618493570115923,1.8575219432537327
2025-12-11,195.87,199.57,193.91,197.21,1693750.0,439147576.0,520013000.0,0.003257130110208783,0.6500000000000057,0.3306878306878369,2.8795278795278776
2025-12-12,197.21,198.6,194.62,198.51,1813202.0,470545967.0,520013000.0,0.003486839752083121,1.299999999999983,0.6591957811469928,2.0181532376654276
2025-12-15,198.51,203.52,198.45,202.01,2339278.0,622781467.0,520013000.0,0.004498499075984639,3.5,1.7631353584202314,2.5540275049116024
2025-12-16,200.78,203.45,198.16,200.46,2266344.0,599208333.0,520013000.0,0.004358244890031595,-1.549999999999983,-0.7672887480817736,2.6186822434532906
2025-12-17,200.37,206.42,198.49,204.72,2239852.0,602982723.0,520013000.0,0.004307300009807447,4.259999999999991,2.125112241843752,3.955901426718536
2025-12-18,204.14,205.36,201.34,202.57,1269577.0,339157225.0,520013000.0,0.0024414331949393574,-2.1500000000000057,-1.050214927706139,1.9636576787807787
2025-12-19,203.94,207.06,200.88,206.91,1461917.0,395184688.0,520013000.0,0.0028113085634397603,4.340000000000003,2.142469269882019,3.050797255269787
2025-12-22,207.18,209.08,205.36,208.67,1231835.0,336687446.0,520013000.0,0.002368854240182457,1.759999999999991,0.8506113769271684,1.7978831375960558
2025-12-23,208.61,210.37,205.28,207.1,1236180.0,337317698.0,520013000.0,0.0023772098005242176,-1.5699999999999932,-0.7523841472180881,2.439258158815356
2025-12-24,206.42,211.72,206.12,209.11,1388329.0,383744972.0,520013000.0,0.002669796716620546,2.0100000000000193,0.9705456301303705,2.7040077257363566
2025-12-25,208.61,210.12,205.42,206.5,933902.0,254687567.0,520013000.0,0.0017959204866032196,-2.6100000000000136,-1.2481469083257646,2.247620869398889
2025-12-26,206.53,207.04,203.26,203.63,1188178.0,319826562.0,520013000.0,0.0022849005697934475,-2.8700000000000045,-1.3898305084745766,1.8305084745762719
2025-12-29,203.38,207.18,202.63,203.41,1245502.0,335387644.0,520013000.0,0.0023951362754392677,-0.21999999999999886,-0.10803909050729477,2.2344448264008308
2025-12-30,202.7,204.54,201.26,203.4,1005071.0,268605523.0,520013000.0,0.0019327805266406801,-0.009999999999990905,-0.004916179145564303,1.6125067597463256
2025-12-31,203.41,205.27,202.64,202.92,1085888.0,291340701.0,520013000.0,0.0020881939489974287,-0.4800000000000182,-0.23598820058997605,1.2930186823992251
2026-01-05,203.3,212.79,203.24,211.19,2572930.0,712281592.0,520013000.0,0.004947818612227002,8.27000000000001,4.075497733096789,4.7062881923910815
2026-01-06,211.25,211.66,208.23,210.97,1523277.0,421384724.0,520013000.0,0.0029293056135135083,-0.21999999999999886,-0.10417159903404194,1.624129930394435
2026-01-07,210.32,210.94,204.37,204.92,2137002.0,582457020.0,520013000.0,0.0041095164928569095,-6.050000000000011,-2.867706308953888,3.1141868512110693
2026-01-08,204.29,213.64,204.23,211.63,2531816.0,701686771.0,520013000.0,0.004868755204196818,6.710000000000008,3.274448565293775,4.592035916455201
2026-01-09,211.73,212.86,209.83,210.44,1136595.0,316170307.0,520013000.0,0.0021857049727602965,-1.1899999999999977,-0.5623021310778187,1.4317440816519402
2026-01-12,209.3,211.66,206.89,208.17,1604042.0,440650602.0,520013000.0,0.0030846190383701944,-2.2700000000000102,-1.0786922638281737,2.2666793385288018
2026-01-13,206.89,211.89,205.66,206.88,1823881.0,500974011.0,520013000.0,0.003507375777144033,-1.289999999999992,-0.6196858336936173,2.992746313109473
2026-01-14,206.17,206.57,196.56,200.86,3552819.0,943494830.0,520013000.0,0.00683217342643357,-6.019999999999982,-2.909899458623344,4.83855375096674
2026-01-15,200.86,209.21,199.86,206.31,2503162.0,679953227.0,520013000.0,0.004813652735604686,5.449999999999989,2.7133326695210513,4.654983570646218
2026-01-16,206.31,207.32,202.25,202.52,1922073.0,518332579.0,520013000.0,0.0036962018257235877,-3.789999999999992,-1.8370413455479628,2.4574669187145526
2026-01-19,202.63,206.79,196.99,197.68,3191361.0,840900108.0,520013000.0,0.006137079265326059,-4.840000000000003,-2.3898874185265706,4.839028244124028
2026-01-20,197.91,200.2,195.04,195.32,2422425.0,628107896.0,520013000.0,0.0046583931555557265,-2.3600000000000136,-1.1938486442735763,2.610279239174422
2026-01-21,194.78,195.8,190.26,190.55,2886287.0,730383270.0,520013000.0,0.005550413162747854,-4.769999999999982,-2.442146221585084,2.83637108335041
2026-01-22,190.39,195.25,189.72,194.41,3470719.0,886002661.0,520013000.0,0.006674292758065664,3.859999999999985,2.0257150354237696,2.9021254263972716
2026-01-23,194.74,195.04,190.95,192.27,2314146.0,587837121.0,520013000.0,0.004450169514992894,-2.1399999999999864,-1.1007664214803703,2.1038012447919363
2026-01-26,192.0,192.38,188.05,190.33,2630234.0,659483681.0,520013000.0,0.005058015857295876,-1.9399999999999977,-1.0089977635616587,2.252041400114414
2026-01-27,191.23,191.38,185.93,186.54,2449257.0,606486712.0,520013000.0,0.004709991865587976,-3.7900000000000205,-1.9912783060999417,2.8634476961067556
2026-01-28,186.4,196.24,186.4,193.15,4771217.0,1210312150.0,520013000.0,0.009175187927994108,6.610000000000014,3.54347593009543,5.275008041170796
2026-01-29,195.8,200.23,191.63,199.21,3981945.0,1033089870.0,520013000.0,0.007657395103583949,6.060000000000002,3.1374579342480002,4.452498058503751
2026-01-30,200.27,200.27,189.83,189.83,3087990.0,790474285.0,520013000.0,0.005938293850346049,-9.379999999999995,-4.7085989659153675,5.240700768033732
2026-02-02,189.83,200.35,189.83,195.04,3233925.0,837006239.0,520013000.0,0.006218931065184909,5.2099999999999795,2.7445609229310275,5.541800558394343
2026-02-03,195.04,199.26,191.7,192.73,2663006.0,680876077.0,520013000.0,0.005121037358681417,-2.3100000000000023,-1.1843724364232977,3.876127973748976
2026-02-04,190.56,204.29,190.56,203.88,3929947.0,1033687139.0,520013000.0,0.007557401449579145,11.150000000000006,5.785295491101539,7.1239557930783945
2026-02-05,203.93,210.59,203.0,208.32,3992457.0,1097329995.0,520013000.0,0.007677609982827353,4.439999999999998,2.1777516185991663,3.7227781047675124
2026-02-06,206.81,211.64,204.15,209.3,2699240.0,744678549.0,520013000.0,0.005190716385936506,0.9800000000000182,0.47043010752689796,3.595430107526872
2026-02-09,206.31,211.73,206.31,207.94,2002820.0,551401233.0,520013000.0,0.0038514806360610216,-1.3600000000000136,-0.6497849976110914,2.5895843287147575
2026-02-10,207.51,207.93,203.38,205.46,1603513.0,433002304.0,520013000.0,0.0030836017561099434,-2.4799999999999898,-1.1926517264595482,2.188131191689916
2026-02-11,204.21,205.45,202.68,204.28,1316873.0,354286334.0,520013000.0,0.0025323847673038944,-1.1800000000000068,-0.574321035724723,1.3481942957266533
2026-02-12,204.92,204.92,202.47,203.31,1189938.0,319017359.0,520013000.0,0.0022882851005647936,-0.9699999999999989,-0.4748384570197772,1.1993342471118016
2026-02-13,203.81,203.92,200.39,200.96,942079.0,250213957.0,520013000.0,0.0018116450934880473,-2.3499999999999943,-1.1558703457773767,1.736264817274114
2026-02-24,202.42,203.99,198.0,198.0,1511349.0,396857865.0,520013000.0,0.002906367725422249,-2.960000000000008,-1.4729299363057335,2.98069267515924
2026-02-25,197.86,199.35,195.76,197.68,1433280.0,372412939.0,520013000.0,0.002756238786338034,-0.3199999999999932,-0.16161616161616266,1.8131313131313147
2026-02-26,197.16,199.86,192.08,192.58,1877605.0,481681067.0,520013000.0,0.0036106885789393725,-5.099999999999994,-2.579927154997974,3.935653581545933
2026-02-27,189.72,191.43,180.66,183.32,6138671.0,1493879144.0,520013000.0,0.011804841417426102,-9.26000000000002,-4.808391317893868,5.592481046837683
2026-03-02,181.38,185.91,179.88,180.08,2974142.0,711577375.0,520013000.0,0.005719360862132293,-3.2399999999999807,-1.7674012655465754,3.2893301331005897
2026-03-03,180.09,183.88,177.81,178.33,2926102.0,696311037.0,520013000.0,0.005626978556305323,-1.75,-0.9717903154153662,3.3707241226121685
2026-03-04,177.54,178.29,173.86,174.85,2323963.0,537288162.0,520013000.0,0.0044690478891873855,-3.480000000000018,-1.9514383446419648,2.4841585824033974
2026-03-05,176.14,180.01,176.14,177.82,1853040.0,435001140.0,520013000.0,0.003563449375304079,2.969999999999999,1.698598798970541,2.213325707749502
2026-03-06,177.58,179.08,175.75,178.34,1389375.0,325298358.0,520013000.0,0.00267180820479488,0.5200000000000102,0.2924305477449263,1.8726802384433767
2026-03-09,177.2,179.9,175.08,178.98,2399617.0,561794522.0,520013000.0,0.004614532713605237,0.6399999999999864,0.3588650891555467,2.7027027027026986
2026-03-10,178.84,183.65,177.26,181.44,2655376.0,631966540.0,520013000.0,0.005106364648576093,2.460000000000008,1.3744552463962556,3.5702313107609873
2026-03-11,182.14,182.14,179.5,180.26,1538088.0,365515011.0,520013000.0,0.002957787593771694,-1.1800000000000068,-0.6503527336860659,1.4550264550264476
2026-03-12,180.09,180.09,171.98,171.98,3682884.0,844896255.0,520013000.0,0.007082292173464894,-8.280000000000001,-4.593365139243311,4.4990569177854285
2026-03-13,171.13,173.42,169.62,172.42,3426465.0,778036912.0,520013000.0,0.006589191039454783,0.4399999999999977,0.2558437027561311,2.2095592510756967
2026-03-16,172.12,182.14,171.52,181.34,3342986.0,785058046.0,520013000.0,0.006428658514306373,8.920000000000016,5.173413757104761,6.159378262382541
2026-03-17,181.34,184.98,179.94,180.24,2265579.0,545436362.0,520013000.0,0.004356773772963368,-1.0999999999999943,-0.606595345759342,2.7793095842064584
2026-03-18,180.24,182.02,176.93,177.81,1182141.0,277716185.0,520013000.0,0.002273291244641961,-2.430000000000007,-1.3482023968042656,2.8240124278739476
2026-03-19,176.49,177.54,174.19,174.51,1054362.0,243812202.0,520013000.0,0.0020275685415556918,-3.3000000000000114,-1.8559136156571676,1.8840335189246917
2026-03-20,174.52,176.44,173.1,173.1,1628871.0,374474263.0,520013000.0,0.00313236592162119,-1.4099999999999966,-0.807976620250983,1.9139304337860314
2026-03-23,170.81,171.36,165.14,166.55,1862038.0,410993809.0,520013000.0,0.0035807527888725857,-6.549999999999983,-3.7839399191218814,3.5932986712882884
2026-03-24,168.49,170.9,166.65,170.37,2121092.0,474207634.0,520013000.0,0.004078921103895479,3.819999999999993,2.293605523866704,2.5517862503752626
2026-03-25,171.5,174.55,170.21,173.71,1285890.0,292678744.0,520013000.0,0.0024728035645262716,3.3400000000000034,1.9604390444327047,2.54739684216705
2026-03-26,173.78,174.73,165.58,166.01,1881105.0,419195742.0,520013000.0,0.003617419179905118,-7.700000000000017,-4.432675148235576,5.267399689137054
2026-03-27,165.89,171.77,164.0,170.75,2416898.0,538814877.0,520013000.0,0.0046477645751163916,4.740000000000009,2.855249683753991,4.680440937292941
2026-03-30,173.03,174.16,169.4,173.02,2079567.0,472187100.0,520013000.0,0.003999067331009032,2.2700000000000102,1.3294289897511025,2.7877013177159538
2026-03-31,167.84,168.81,155.74,155.78,10451643.0,2186362683.0,520013000.0,0.02009881099126368,-17.24000000000001,-9.964165992370832,7.554039995376252
2026-04-01,157.78,161.93,154.57,159.67,4801541.0,999993865.0,520013000.0,0.009233501854761324,3.8899999999999864,2.4971113108229526,4.724611631788429
2026-04-02,160.97,164.89,156.62,157.0,4840332.0,1021492158.0,520013000.0,0.0093080980667791,-2.6699999999999875,-1.672198910252387,5.179432579695612
2026-04-03,157.0,157.76,152.92,153.5,2638632.0,535869065.0,520013000.0,0.005074165453555969,-3.5,-2.2292993630573243,3.082802547770703
2026-04-07,153.43,153.45,149.87,150.29,2606494.0,519137398.0,520013000.0,0.00501236315245965,-3.210000000000008,-2.091205211726388,2.332247557003247
2026-04-08,154.06,158.43,151.58,156.58,5199718.0,1067683273.0,520013000.0,0.00999920771211489,6.2900000000000205,4.185241865726286,4.5578548140262125
2026-04-09,155.53,156.12,152.44,153.0,3073713.0,622105158.0,520013000.0,0.005910838767492351,-3.5800000000000125,-2.286371184059277,2.3502363009324347
2026-04-10,153.02,154.28,151.03,151.87,3636876.0,729989605.0,520013000.0,0.006993817462255751,-1.1299999999999955,-0.7385620915032698,2.1241830065359477
2026-04-13,149.81,150.3,146.69,147.19,4242357.0,825960107.0,520013000.0,0.008158174891781552,-4.680000000000007,-3.081582932771454,2.3770329887403787
2026-04-14,148.48,148.49,142.68,145.12,6940134.0,1322352908.0,520013000.0,0.013346077886514375,-2.069999999999993,-1.4063455397785085,3.9472790271078217
2026-04-15,145.23,148.42,144.19,146.85,5750901.0,1113937878.0,520013000.0,0.011059148521286968,1.7299999999999898,1.192116868798232,2.9148291069459686
2026-04-16,146.49,148.15,145.9,147.42,4281998.0,830929289.0,520013000.0,0.008234405678319581,0.5699999999999932,0.38815117466801663,1.5321756894790604
2026-04-17,147.23,152.77,145.96,151.63,6155834.0,1222154884.0,520013000.0,0.01183784636153327,4.210000000000008,2.8557861891195246,4.619454619454622
2026-04-20,151.7,156.14,150.49,154.59,4149585.0,842110172.0,520013000.0,0.007979771659554664,2.960000000000008,1.9521202928180603,3.7261755589263186
2026-04-21,154.29,155.29,152.32,152.79,2859624.0,577162325.0,520013000.0,0.005499139444590809,-1.8000000000000114,-1.1643702697457847,1.921210945080535
2026-04-22,152.52,154.72,151.39,152.84,2579783.0,518585882.0,520013000.0,0.004960997128917931,0.05000000000001137,0.03272465475490094,2.1794620066758377
2026-04-23,152.54,157.93,152.54,154.95,3494777.0,716453819.0,520013000.0,0.006720556986075348,2.109999999999985,1.3805286574195108,3.5265637267731056
2026-04-24,154.06,154.66,151.68,151.75,3129628.0,629941295.0,520013000.0,0.006018364925492247,-3.1999999999999886,-2.0651823168764016,1.9232010325911522
2026-04-27,151.4,152.55,148.87,150.07,2862227.0,566778872.0,520013000.0,0.0055041450886804755,-1.6800000000000068,-1.1070840197693665,2.4250411861614545
2026-04-28,150.17,150.85,148.97,149.18,2221161.0,438342008.0,520013000.0,0.004271356677621521,-0.8899999999999864,-0.5930565735989823,1.2527487172652734
2026-04-29,148.67,160.26,148.66,158.1,6191842.0,1279810811.0,520013000.0,0.011907090784268855,8.919999999999987,5.979353800777565,7.775841265585195
2026-04-30,155.5,157.85,147.98,154.69,9655781.0,1943549243.0,520013000.0,0.018568345406749447,-3.4099999999999966,-2.1568627450980427,6.242884250474386
2026-05-06,154.06,154.06,149.65,152.27,6742848.0,1344095085.0,520013000.0,0.012966691217334951,-2.4199999999999875,-1.5644191609024416,2.850863016355289
2026-05-07,151.93,156.47,151.93,152.88,4244199.0,860643124.0,520013000.0,0.008161717110918381,0.6099999999999852,0.4006041899257795,2.9815459381362
2026-05-08,152.88,154.36,151.69,151.76,2955065.0,592606942.0,520013000.0,0.0056826752408112875,-1.1200000000000045,-0.7326007326007411,1.7464678178963997
2026-05-11,151.78,151.79,148.17,150.07,4407806.0,865281603.0,520013000.0,0.008476338091547712,-1.6899999999999977,-1.113600421718497,2.385345282024252
2026-05-12,150.26,150.87,147.07,147.77,3209128.0,626081113.0,520013000.0,0.006171245718857028,-2.299999999999983,-1.5326181115479343,2.532151662557481
2026-05-13,147.73,149.24,144.87,146.34,4100515.0,789304289.0,520013000.0,0.007885408634014919,-1.4300000000000068,-0.9677201055694695,2.957298504432567
2026-05-14,146.91,150.09,144.95,146.85,6138932.0,1193649057.0,520013000.0,0.011805343327955263,0.5099999999999909,0.3485034850348345,3.5123684570179137
2026-05-15,146.16,146.16,140.4,141.22,6530740.0,1223440149.0,520013000.0,0.01255880141458002,-5.6299999999999955,-3.8338440585631517,3.9223697650663887
2026-05-18,141.94,142.36,138.59,142.2,5948337.0,835729522.0,676016900.0,0.008799095111379612,0.9799999999999898,0.6939526979181432,2.6695935419912264
2026-05-19,142.0,152.5,141.46,145.61,11575001.0,1711643020.0,676016900.0,0.01712235448551656,3.410000000000025,2.39803094233475,7.763713080168771
2026-05-20,145.76,153.0,145.76,149.0,10049175.0,1506321425.0,676016900.0,0.014865271859327777,3.3899999999999864,2.3281368037909367,4.972185976237902
2026-05-21,149.03,153.97,147.19,147.23,7072325.0,1065122497.0,676016900.0,0.01046175768682706,-1.7700000000000102,-1.1879194630872503,4.5503355704698
2026-05-22,147.6,150.58,143.76,144.58,6932802.0,1016049539.0,676016900.0,0.010255367876158125,-2.6499999999999773,-1.799904910683947,4.632208109760254
2026-05-25,144.0,148.9,142.0,145.04,6249135.0,910848275.0,676016900.0,0.009244051443092621,0.45999999999997954,0.3181629547655218,4.7724443214829195
2026-05-26,144.0,145.0,138.6,141.62,6922072.0,978255032.0,676016900.0,0.010239495491902643,-3.4199999999999875,-2.357970215113059,4.412575841147274
2026-05-27,141.41,142.88,137.69,139.1,6738160.0,941934244.0,676016900.0,0.009967443121614267,-2.5200000000000102,-1.7794096878971932,3.6647366191215913
2026-05-28,137.8,145.5,137.3,141.01,8490704.0,1208651376.0,676016900.0,0.012559899020275973,1.9099999999999966,1.373112868439974,5.895039539899345
2026-05-29,140.25,146.5,137.55,142.44,8981008.0,1276164295.0,676016900.0,0.013285182663332826,1.4300000000000068,1.0141124742926166,6.347067583859293
2026-06-01,142.57,153.0,142.01,152.3,11590203.0,1713401291.0,676016900.0,0.017144842089006948,9.860000000000014,6.922212861555743,7.71552934568942
2026-06-02,150.0,154.9,148.55,149.6,8953253.0,1349991063.0,676016900.0,0.01324412599744178,-2.700000000000017,-1.7728168089297558,4.169402495075505
2026-06-03,148.35,148.39,142.5,143.96,7322547.0,1055349527.0,676016900.0,0.010831899320860174,-5.639999999999986,-3.7700534759358195,3.937165775401061
2026-06-04,143.0,143.88,138.78,139.43,5503286.0,771636217.0,676016900.0,0.008140752102499213,-4.530000000000001,-3.1467074187274235,3.5426507363156388
2026-06-05,139.8,142.96,134.28,134.39,8207942.0,1134578209.0,676016900.0,0.012141622494940585,-5.0400000000000205,-3.61471706232519,6.225346051782261
2026-06-08,131.99,136.85,131.62,136.23,6164071.0,826025197.0,676016900.0,0.009118220269345337,1.8400000000000034,1.3691494902894563,3.891658605551001
2026-06-09,135.09,135.35,131.75,133.2,5144873.0,684268967.0,676016900.0,0.007610568611524357,-3.030000000000001,-2.22417969610218,2.6425897379431804
2026-06-10,133.0,135.34,131.6,131.88,4156958.0,552533937.0,676016900.0,0.006149192424035553,-1.3199999999999932,-0.9909909909909809,2.807807807807815
2026-06-11,131.82,134.88,130.2,133.12,4247090.0,564630965.0,676016900.0,0.006282520451781605,1.240000000000009,0.940248710949354,3.548680618744318
2026-06-12,131.18,134.77,129.21,131.84,6689257.0,883422089.0,676016900.0,0.009895103214135623,-1.2800000000000011,-0.9615384615384581,4.176682692307694
2026-06-15,131.84,132.3,128.1,128.26,8091722.0,1047958902.0,676016900.0,0.011969703715986981,-3.5800000000000125,-2.7154126213592367,3.1856796116504986
2026-06-16,127.8,128.04,124.3,124.78,9338677.0,1170318492.0,676016900.0,0.013814265590105809,-3.4799999999999898,-2.713238733821921,2.9159519725557423
2026-06-17,124.78,126.0,123.5,125.39,7088227.0,884324160.0,676016900.0,0.0104852807673891,0.6099999999999994,0.4888603942939662,2.003526206122776
2026-06-18,125.55,125.55,120.42,120.6,7886397.0,960243344.0,676016900.0,0.011665976102076737,-4.790000000000006,-3.820081346199866,4.091235345721346
