date,open,high,low,close,volume,amount,outstanding_share,turnover,change,pct_chg,amplitude
2023-03-06,26.14,26.93,26.14,26.46,22797087.0,616903586.0,1243071343.0,0.018339323103517158,,,
2023-03-07,26.37,26.44,25.66,25.67,12635553.0,334131793.0,1243071343.0,0.010164785047256937,-0.7899999999999991,-2.985638699924409,2.9478458049886664
2023-03-08,25.49,26.18,25.41,26.01,8904214.0,234873981.0,1243071343.0,0.007163075595090764,0.33999999999999986,1.324503311258285,2.999610440202569
2023-03-09,25.95,26.01,25.5,25.69,7306847.0,191697252.0,1243071343.0,0.005878059245067803,-0.3200000000000003,-1.2302960399846241,1.960784313725496
2023-03-10,25.58,25.8,25.28,25.28,6932349.0,180348479.0,1243071343.0,0.005576790937251942,-0.41000000000000014,-1.595951732191514,2.0241339042428943
2023-03-13,25.23,25.39,24.71,25.1,10696245.0,272486501.0,1243071343.0,0.008604691162927083,-0.17999999999999972,-0.7120253164557,2.689873417721518
2023-03-14,24.97,25.08,24.22,24.66,8395642.0,211194649.0,1243071343.0,0.006753950243706969,-0.4400000000000013,-1.7529880478087678,3.426294820717129
2023-03-15,24.71,24.87,24.2,24.27,9923839.0,247523924.0,1243071343.0,0.007983322160778024,-0.39000000000000057,-1.5815085158150888,2.7169505271695122
2023-03-16,24.16,24.36,23.72,23.82,7317830.0,179453515.0,1243071343.0,0.005886894618887534,-0.4499999999999993,-1.8541409147095123,2.6370004120313166
2023-03-17,23.83,24.16,23.82,23.83,7178509.0,175322482.0,1243071343.0,0.005774816578649099,0.00999999999999801,0.04198152812762146,1.42737195633921
2023-03-20,23.89,23.95,23.41,23.69,8102644.0,196095073.0,1243071343.0,0.00651824534901212,-0.13999999999999702,-0.5874947545111087,2.2660511959714613
2023-03-21,24.47,25.1,24.23,24.65,15065352.0,379413204.0,1243071343.0,0.012119458858766403,0.9599999999999973,4.052342760658489,3.6724356268467746
2023-03-22,24.66,24.87,24.46,24.78,7903097.0,199104924.0,1243071343.0,0.006357717957624898,0.13000000000000256,0.5273833671399775,1.6632860040567958
2023-03-23,24.61,24.78,24.42,24.67,9431663.0,236440534.0,1243071343.0,0.007587386720087875,-0.10999999999999943,-0.44390637610975947,1.4527845036319589
2023-03-24,24.66,24.67,24.1,24.49,12526773.0,311021478.0,1243071343.0,0.010077275991069163,-0.18000000000000327,-0.7296311309282655,2.310498581272802
2023-03-27,24.45,24.45,23.58,23.71,14858600.0,361294945.0,1243071343.0,0.01195313533987566,-0.7799999999999976,-3.1849734585545075,3.552470396080037
2023-03-28,23.78,23.9,23.25,23.4,11240976.0,269436682.0,1243071343.0,0.009042904949342075,-0.3100000000000023,-1.3074652045550472,2.741459299873465
2023-03-29,23.52,23.75,22.82,23.55,13524452.0,321060430.0,1243071343.0,0.010879867898298095,0.15000000000000213,0.641025641025661,3.9743589743589736
2023-03-30,23.68,24.31,23.46,23.88,9313580.0,227620909.0,1243071343.0,0.0074923937812956245,0.3299999999999983,1.4012738853503182,3.609341825902326
2023-03-31,23.83,23.94,23.53,23.88,6927119.0,167674453.0,1243071343.0,0.0055725836163854035,0.0,0.0,1.7169179229480742
2023-04-03,23.73,23.94,23.43,23.9,10848707.0,262902736.0,1243071343.0,0.008727340599629606,0.019999999999999574,0.08375209380233617,2.1356783919598055
2023-04-04,23.89,23.99,23.39,23.58,8447601.0,203487435.0,1243071343.0,0.0067957491318340205,-0.3200000000000003,-1.3389121338912124,2.5104602510460166
2023-04-06,23.5,23.93,23.33,23.84,8755978.0,211435815.0,1243071343.0,0.007043825802361852,0.26000000000000156,1.1026293469041715,2.5445292620865203
2023-04-07,23.8,23.95,23.47,23.56,8129996.0,196630767.0,1243071343.0,0.006540248913130966,-0.28000000000000114,-1.1744966442953086,2.0134228187919483
2023-04-10,23.72,23.76,23.33,23.46,8317785.0,199714396.0,1243071343.0,0.0066913174749295146,-0.09999999999999787,-0.4244482173174746,1.8251273344652093
2023-04-11,23.36,23.51,23.07,23.3,5642277.0,133748530.0,1243071343.0,0.004538980833057464,-0.16000000000000014,-0.6820119352088705,1.8755328218243872
2023-04-12,23.23,23.58,23.23,23.34,4477947.0,106684471.0,1243071343.0,0.003602325019570498,0.03999999999999915,0.17167381974247942,1.502145922746772
2023-04-13,23.48,23.66,23.2,23.43,6342747.0,151584391.0,1243071343.0,0.005102480268503785,0.08999999999999986,0.3856041131105492,1.9708654670094294
2023-04-14,23.42,23.52,23.09,23.28,7913650.0,187330745.0,1243071343.0,0.0063662074140502485,-0.14999999999999858,-0.6402048655569703,1.8352539479300032
2023-04-17,23.17,23.23,22.41,22.9,16657190.0,386693694.0,1243071343.0,0.013400027354664872,-0.38000000000000256,-1.6323024054982982,3.5223367697594514
2023-04-18,22.8,22.91,22.53,22.67,12479240.0,288433204.0,1243071343.0,0.010039037638727063,-0.22999999999999687,-1.0043668122270644,1.6593886462882055
2023-04-19,22.66,22.66,22.26,22.46,12338367.0,282086168.0,1243071343.0,0.009925711078032631,-0.21000000000000085,-0.9263343625937392,1.7644464049404434
2023-04-20,22.39,22.6,21.87,22.21,11980123.0,270576053.0,1243071343.0,0.009637518447724364,-0.25,-1.1130899376669667,3.2502226179875353
2023-04-21,22.19,23.01,22.13,22.63,15829521.0,367456795.0,1243071343.0,0.012734201531665428,0.41999999999999815,1.891040072039618,3.9621791985592187
2023-04-24,22.59,22.59,21.57,22.26,10525304.0,238584558.0,1243071343.0,0.008467176127315807,-0.36999999999999744,-1.6349977905435131,4.507291206363233
2023-04-25,22.37,22.49,21.61,21.72,9692387.0,216571131.0,1315184001.0,0.00736960531197946,-0.5400000000000027,-2.42587601078168,3.9532794249775334
2023-04-26,21.87,23.53,21.78,23.15,23060125.0,542125518.0,1315184001.0,0.017533763323205147,1.4299999999999997,6.583793738489874,8.057090239410682
2023-04-27,23.13,23.69,22.83,23.57,14319493.0,342243882.0,1315184001.0,0.010887824813191291,0.4200000000000017,1.8142548596112418,3.714902807775391
2023-04-28,23.54,23.54,23.01,23.37,10879090.0,257667040.0,1315184001.0,0.008271914798026804,-0.1999999999999993,-0.8485362749257486,2.2486211285532356
2023-05-04,23.22,23.68,23.09,23.44,8691928.0,207602593.0,1315184001.0,0.006608906429359765,0.07000000000000028,0.2995293110825914,2.5246041934103545
2023-05-05,23.46,23.46,23.12,23.33,5595711.0,132751464.0,1315184001.0,0.004254698198689538,-0.11000000000000298,-0.46928327645052725,1.4505119453924908
2023-05-08,23.34,23.78,23.2,23.7,10593610.0,254480499.0,1315184001.0,0.008054850113706637,0.370000000000001,1.5859408486926796,2.486069438491221
2023-05-09,23.67,23.96,22.84,23.02,15937125.0,382314927.0,1315184001.0,0.012117791113549289,-0.6799999999999997,-2.8691983122362874,4.725738396624477
2023-05-10,22.95,22.99,22.63,22.81,6622723.0,153968915.0,1315184001.0,0.005035586651726613,-0.21000000000000085,-0.9122502172024372,1.563857515204168
2023-05-11,22.85,22.88,22.45,22.5,6132459.0,141304705.0,1315184001.0,0.0046628144771660735,-0.3099999999999987,-1.3590530469092421,1.8851380973257332
2023-05-12,22.44,22.59,22.12,22.24,5613628.0,127492143.0,1315184001.0,0.00426832138752576,-0.26000000000000156,-1.1555555555555652,2.0888888888888837
2023-05-15,22.13,23.33,21.92,23.18,10324997.0,239696114.0,1315184001.0,0.007850610250846565,0.9400000000000013,4.226618705035978,6.3399280575539425
2023-05-16,23.24,23.4,22.98,23.07,6615722.0,156270945.0,1315184001.0,0.005030263442202564,-0.10999999999999943,-0.4745470232959459,1.811906816220872
2023-05-17,22.97,23.87,22.75,23.69,15267960.0,365578227.0,1315184001.0,0.011608991584744802,0.620000000000001,2.6874729085392346,4.854789770264417
2023-05-18,23.67,23.83,23.39,23.65,7739739.0,186575300.0,1315184001.0,0.005884909635545361,-0.0400000000000027,-0.16884761502744539,1.8573237653018055
2023-05-19,23.63,23.91,23.43,23.66,9223121.0,222719003.0,1315184001.0,0.0070127989642416585,0.010000000000001563,0.042283298097256505,2.029598308668078
2023-05-22,23.58,23.75,23.45,23.68,5701769.0,137413904.0,1315184001.0,0.004335339386477223,0.019999999999999574,0.08453085376161074,1.2679628064243478
2023-05-23,23.68,23.78,23.33,23.41,4577737.0,109726263.0,1315184001.0,0.0034806817878861957,-0.2699999999999996,-1.1402027027026973,1.90033783783785
2023-05-24,23.31,23.59,23.2,23.32,3543175.0,84480639.0,1315184001.0,0.002694052693239841,-0.08999999999999986,-0.3844510892780817,1.6659547202050429
2023-05-25,23.25,23.66,23.22,23.44,5321213.0,127027467.0,1315184001.0,0.004045983676773756,0.120000000000001,0.5145797598627766,1.8867924528301943
2023-05-26,23.34,23.49,23.16,23.47,3207308.0,76336236.0,1315184001.0,0.002438676259414138,0.029999999999997584,0.12798634812285492,1.4078498293515285
2023-05-29,23.84,24.02,23.06,23.18,7838948.0,186796085.0,1315184001.0,0.005960343186991065,-0.28999999999999915,-1.235619940349375,4.090328078397959
2023-05-30,23.1,23.23,22.73,23.19,5646560.0,132353086.0,1315184001.0,0.004293361229840569,0.010000000000001563,0.043140638481453664,2.1570319240724762
2023-05-31,23.12,23.71,22.97,23.31,8193332.0,194884451.0,1315184001.0,0.006229799019582203,0.11999999999999744,0.5174644243208126,3.1910306166451146
2023-06-01,23.14,23.51,22.98,23.29,5526205.0,131188156.0,1315184001.0,0.004201849319789589,-0.019999999999999574,-0.0858000858000807,2.2737022737022787
2023-06-02,23.24,23.41,23.09,23.18,6156718.0,145846978.0,1315184001.0,0.0046812598049540905,-0.10999999999999943,-0.47230571060540294,1.3739802490339215
2023-06-05,23.18,23.24,22.36,22.55,11404537.0,263839418.0,1315184001.0,0.00867143836248659,-0.629999999999999,-2.7178602243313144,3.796376186367554
2023-06-06,22.52,22.6,22.07,22.14,7284929.0,165728541.0,1315184001.0,0.005539094905702095,-0.41000000000000014,-1.8181818181818188,2.3503325942350384
2023-06-07,22.13,22.28,21.77,21.89,7665588.0,171380922.0,1315184001.0,0.005828528931443411,-0.25,-1.129177958446248,2.3035230352303593
2023-06-08,21.82,21.93,21.49,21.77,7768206.0,171666104.0,1315184001.0,0.005906554515636934,-0.120000000000001,-0.5481955230698943,2.0100502512562874
2023-06-09,21.75,22.06,21.57,22.06,8239095.0,183027040.0,1315184001.0,0.006264594911233261,0.28999999999999915,1.3321084060633925,2.250803858520893
2023-06-12,21.94,22.1,21.79,22.03,5387958.0,120900573.0,1315184001.0,0.004096733229649438,-0.029999999999997584,-0.13599274705348163,1.4052583862194121
2023-06-13,21.97,22.09,21.83,22.01,4634722.0,103792354.0,1315184001.0,0.0035240103259133243,-0.019999999999999574,-0.0907852927825692,1.180208806173407
2023-06-14,22.0,22.1,21.86,21.86,6414998.0,143773469.0,1315184001.0,0.004877642972483209,-0.15000000000000213,-0.6815084052703368,1.0904134484325396
2023-06-15,21.89,22.62,21.8,22.42,8099180.0,183540211.0,1315184001.0,0.006158210557489894,0.5600000000000023,2.5617566331198605,3.7511436413540724
2023-06-16,22.48,22.78,22.36,22.67,9968824.0,229986708.0,1315184001.0,0.007579794152316487,0.25,1.1150758251561088,1.8733273862622732
2023-06-19,22.65,23.09,22.59,22.9,7084561.0,165777383.0,1315184001.0,0.0053867451205407415,0.22999999999999687,1.0145566828407393,2.205558006175562
2023-06-20,22.91,23.63,22.78,23.4,13348207.0,317594078.0,1315184001.0,0.010149307617679878,0.5,2.183406113537112,3.711790393013091
2023-06-21,23.4,23.53,23.17,23.24,8616448.0,204836915.0,1315184001.0,0.006551515220264605,-0.16000000000000014,-0.6837606837606813,1.538461538461536
2023-06-26,23.24,23.47,23.08,23.19,6338071.0,150099058.0,1315184001.0,0.004819151537108761,-0.04999999999999716,-0.21514629948363728,1.6781411359724638
2023-06-27,23.29,23.58,23.15,23.31,5337645.0,126983833.0,1315184001.0,0.0040584777460351724,0.11999999999999744,0.5174644243208126,1.8542475204829656
2023-06-28,23.38,23.92,23.19,23.74,9640516.0,231653545.0,1315184001.0,0.007330165203249001,0.4299999999999997,1.844701844701846,3.131703131703133
2023-06-29,23.74,24.18,23.56,23.59,10821443.0,262204583.0,1315184001.0,0.008228082908377777,-0.14999999999999858,-0.6318449873630949,2.6116259477674855
2023-06-30,23.63,24.07,23.49,23.98,11277933.0,274471624.0,1315184001.0,0.008575175026022841,0.39000000000000057,1.6532428995337023,2.4586689275116655
2023-07-03,23.96,24.29,23.87,24.07,10793437.0,264825841.0,1315184001.0,0.008206788549581817,0.08999999999999986,0.3753127606338502,1.7514595496246794
2023-07-04,24.05,24.25,23.95,24.09,7964463.0,195413322.0,1315184001.0,0.006055778502433288,0.019999999999999574,0.08309098462817577,1.2463647694225206
2023-07-05,24.04,24.14,23.79,23.87,6636900.0,161861850.0,1315184001.0,0.005046366132004065,-0.21999999999999886,-0.91324200913242,1.452885014528856
2023-07-06,23.84,23.93,23.58,23.62,7216362.0,174160057.0,1315184001.0,0.005486959995341367,-0.25,-1.0473397570171739,1.4662756598240527
2023-07-07,23.63,23.68,23.37,23.45,4621588.0,110459981.0,1315184001.0,0.0035140238905628234,-0.1700000000000017,-0.7197290431837478,1.3124470787468192
2023-07-10,23.51,23.66,23.17,23.47,6686035.0,158965822.0,1315184001.0,0.005083725923457306,0.019999999999999574,0.08528784648187404,2.0895522388059637
2023-07-11,23.5,23.66,23.38,23.49,4248833.0,101577031.0,1315184001.0,0.0032305996702890246,0.019999999999999574,0.0852151682999569,1.1930123561994084
2023-07-12,23.49,23.5,23.05,23.11,4883729.0,115614422.0,1315184001.0,0.0037133427689864363,-0.379999999999999,-1.6177096636866728,1.9157088122605335
2023-07-13,23.18,23.38,23.08,23.12,5140900.0,121294163.0,1315184001.0,0.003908882708496391,0.010000000000001563,0.04327131112074056,1.2981393336218119
2023-07-14,23.16,23.21,23.04,23.09,4255772.0,100030528.0,1315184001.0,0.0032358757381203878,-0.030000000000001137,-0.1297577854671328,0.7352941176470662
2023-07-17,23.05,23.13,22.73,22.89,6288449.0,146417949.0,1315184001.0,0.004781421455262973,-0.1999999999999993,-0.8661758336942382,1.7323516673884738
2023-07-18,22.88,23.22,22.8,23.03,5164443.0,121044390.0,1315184001.0,0.003926783625768878,0.14000000000000057,0.6116207951070374,1.8348623853210926
2023-07-19,23.06,23.1,22.78,22.85,3952079.0,92128418.0,1315184001.0,0.00300496280139892,-0.17999999999999972,-0.7815892314372519,1.389491966999567
2023-07-20,22.85,22.95,22.45,22.49,5144129.0,118836772.0,1315184001.0,0.003911337878265446,-0.360000000000003,-1.575492341356688,2.1881838074398248
2023-07-21,22.54,22.63,22.29,22.38,5860178.0,133885922.0,1315184001.0,0.004455785650938739,-0.10999999999999943,-0.4891062694530879,1.5117830146731874
2023-07-24,22.34,22.64,22.3,22.52,3626255.0,83021202.0,1315184001.0,0.0027572225614383825,0.14000000000000057,0.6255585344057124,1.5192135835567464
2023-07-25,22.61,22.87,22.48,22.74,8439053.0,195073793.0,1315184001.0,0.006416632952942985,0.21999999999999886,0.9769094138543544,1.731793960923626
2023-07-26,22.7,22.83,22.59,22.69,4330793.0,99984911.0,1315184001.0,0.0032929179466196987,-0.04999999999999716,-0.21987686895337255,1.0554089709762464
2023-07-27,22.73,22.99,22.65,22.68,5286794.0,122794599.0,1315184001.0,0.0040198131941843775,-0.010000000000001563,-0.04407227853681084,1.4984574702512112
2023-07-28,22.58,22.83,22.48,22.77,7966222.0,183631420.0,1315184001.0,0.006057115957875768,0.08999999999999986,0.3968253968253954,1.5432098765432005
2023-07-31,22.77,23.01,22.65,22.79,7311955.0,169909483.0,1315184001.0,0.005559644121613672,0.019999999999999574,0.08783487044357052,1.5810276679842028
2023-08-01,22.89,22.94,22.7,22.81,4743397.0,110035505.0,1315184001.0,0.003606641349342266,0.019999999999999574,0.0877577885037173,1.0530934620447652
2023-08-02,22.75,22.75,22.37,22.45,5840416.0,133671449.0,1315184001.0,0.004440759616570184,-0.35999999999999943,-1.5782551512494525,1.6659359929855284
2023-08-03,22.32,22.5,22.32,22.41,3932153.0,89745482.0,1315184001.0,0.0029898120696497128,-0.03999999999999915,-0.17817371937638438,0.8017817371937627
2023-08-04,22.45,22.57,22.35,22.44,3685018.0,84165922.0,1315184001.0,0.0028019030015557496,0.030000000000001137,0.1338688085676054,0.9817045961624224
2023-08-07,22.38,22.47,22.19,22.31,4457700.0,101210552.0,1315184001.0,0.0033894116690976993,-0.13000000000000256,-0.5793226381461736,1.2477718360071193
2023-08-08,22.36,22.39,22.13,22.36,3932658.0,89095175.0,1315184001.0,0.002990196046340135,0.05000000000000071,0.22411474675034793,1.1653966831017553
2023-08-09,22.34,22.38,22.11,22.15,4105478.0,92785550.0,1315184001.0,0.003121599712951496,-0.21000000000000085,-0.939177101967803,1.2075134168157406
2023-08-10,22.11,22.39,22.11,22.21,3788681.0,85962134.0,1315184001.0,0.0028807231513759877,0.060000000000002274,0.27088036117381975,1.2641083521444747
2023-08-11,22.2,22.29,22.02,22.02,3597662.0,81008893.0,1315184001.0,0.0027354818772616744,-0.19000000000000128,-0.855470508779832,1.2156686177397549
2023-08-14,21.84,22.17,21.68,22.14,5261587.0,117609506.0,1315184001.0,0.004000647054708203,0.120000000000001,0.5449591280654031,2.2252497729337057
2023-08-15,22.18,22.21,21.8,21.85,3787700.0,84702015.0,1315184001.0,0.002879977248141722,-0.28999999999999915,-1.3098464317976455,1.8518518518518525
2023-08-16,21.86,21.99,21.72,21.74,3550151.0,78810733.0,1315184001.0,0.0026993568940168397,-0.11000000000000298,-0.5034324942791879,1.2356979405034305
2023-08-17,21.74,22.54,21.58,22.42,9293372.0,209559337.0,1315184001.0,0.007066214303803715,0.6800000000000033,3.127874885004611,4.415823367065322
2023-08-18,22.31,22.79,22.26,22.4,7741915.0,177759518.0,1315184001.0,0.005886564156888645,-0.020000000000003126,-0.0892060660125038,2.3639607493309436
2023-08-21,22.4,22.58,21.96,22.01,5679322.0,128475137.0,1315184001.0,0.004318271812675434,-0.389999999999997,-1.7410714285714168,2.7678571428571317
2023-08-22,22.0,22.26,21.84,22.12,4926270.0,110630899.0,1315184001.0,0.0037456888133176125,0.10999999999999943,0.4997728305315752,1.908223534756936
2023-08-23,22.06,22.14,21.31,21.33,8380950.0,184451224.0,1315184001.0,0.006372454343747754,-0.7900000000000027,-3.571428571428581,3.7522603978300264
2023-08-24,21.24,21.86,21.24,21.57,5382661.0,118343306.0,1315184001.0,0.004092705656324358,0.240000000000002,1.1251758087201136,2.9067041725269624
2023-08-25,21.4,21.74,21.03,21.38,5720487.0,124569218.0,1315184001.0,0.004349571615568946,-0.19000000000000128,-0.8808530366249512,3.2916087158089815
2023-08-28,22.36,22.45,21.26,21.31,8961957.0,197945933.0,1315184001.0,0.006814222947652783,-0.07000000000000028,-0.3274087932647385,5.565949485500457
2023-08-29,21.38,22.29,21.31,22.1,8866567.0,197966140.0,1315184001.0,0.006741693172406527,0.7900000000000027,3.7071797278273255,4.5987799155326154
2023-08-30,22.06,22.38,22.02,22.18,5439219.0,122936551.0,1315184001.0,0.004135709524951863,0.0799999999999983,0.36199095022624306,1.6289592760180969
2023-08-31,22.17,22.33,21.83,22.02,4288396.0,96143621.0,1315184001.0,0.003260681392671534,-0.16000000000000014,-0.7213706041478862,2.254283137962128
2023-09-01,21.96,22.11,21.78,21.86,2694500.0,60018555.0,1315184001.0,0.0020487627571132536,-0.16000000000000014,-0.7266121707538598,1.4986376021798289
2023-09-04,21.92,22.09,21.8,21.93,4411500.0,98305551.0,1315184001.0,0.0033542835045481975,0.07000000000000028,0.3202195791399909,1.3266239707227776
2023-09-05,21.91,21.97,21.67,21.72,5392868.0,119846597.0,1315184001.0,0.0041004665475701755,-0.21000000000000085,-0.9575923392612928,1.3679890560875385
2023-09-06,21.63,22.19,21.55,22.11,7088954.0,158443595.0,1315184001.0,0.005390085337572473,0.39000000000000057,1.7955801104972302,2.9465930018416233
2023-09-07,22.06,22.28,21.81,21.82,4195800.0,93776088.0,1315184001.0,0.0031902760349956536,-0.28999999999999915,-1.3116236996833952,2.1257349615558683
2023-09-08,21.85,22.48,21.78,22.39,7980038.0,180803952.0,1315184001.0,0.00606762095184581,0.5700000000000003,2.612282309807523,3.2080659945004553
2023-09-11,22.42,22.43,21.92,22.14,7911065.0,178263336.0,1315184001.0,0.006015177339432978,-0.25,-1.1165698972755655,2.277802590442153
2023-09-12,22.19,22.31,22.12,22.16,3200508.0,72301385.0,1315184001.0,0.002433505880216376,0.019999999999999574,0.09033423667570428,0.8581752484191405
2023-09-13,22.11,22.2,21.76,21.87,4207484.0,94029021.0,1315184001.0,0.0031991599630172203,-0.28999999999999915,-1.3086642599277942,1.9855595667869934
2023-09-14,21.86,21.94,21.58,21.63,4301469.0,94986963.0,1315184001.0,0.003270621446679232,-0.240000000000002,-1.0973936899862924,1.6460905349794375
2023-09-15,21.69,21.79,21.45,21.52,3845723.0,84474807.0,1315184001.0,0.002924095029346392,-0.10999999999999943,-0.5085529357373941,1.5718908922792412
2023-09-18,21.5,21.61,21.35,21.5,3497185.0,76436691.0,1315184001.0,0.0026590842021655646,-0.019999999999999574,-0.09293680297397522,1.2081784386617007
2023-09-19,21.49,21.53,21.06,21.14,4790169.0,103398406.0,1315184001.0,0.0036422044340242853,-0.35999999999999943,-1.6744186046511622,2.1860465116279184
2023-09-20,21.06,21.16,20.86,20.96,3309010.0,70666397.0,1315184001.0,0.002516005363115727,-0.17999999999999972,-0.8514664143803197,1.4191106906338729
2023-09-21,20.97,21.21,20.9,20.96,3822400.0,81773853.0,1315184001.0,0.0029063613890479498,0.0,0.0,1.479007633587797
2023-09-22,20.97,21.34,20.86,21.34,3706385.0,79567959.0,1315184001.0,0.002818149397484953,0.379999999999999,1.8129770992366456,2.2900763358778646
2023-09-25,21.26,21.27,20.67,20.76,6654816.0,141177871.0,1315184001.0,0.005059988560490404,-0.5799999999999983,-2.7179006560449803,2.811621368322389
2023-09-26,20.71,20.87,20.52,20.76,4361500.0,91905728.0,1315184001.0,0.0033162660104470052,0.0,0.0,1.6859344894027042
2023-09-27,20.71,20.99,20.71,20.82,3874901.0,82192789.0,1315184001.0,0.0029462805182040837,0.05999999999999872,0.28901734104045396,1.3487475915221463
2023-09-28,20.83,21.16,20.83,21.1,3999517.0,85698103.0,1315184001.0,0.003041032279102367,0.28000000000000114,1.344860710854956,1.5850144092219107
2023-10-09,21.15,21.32,21.01,21.03,2593500.0,55722251.0,1315184001.0,0.001971967419028845,-0.07000000000000028,-0.33175355450236754,1.4691943127962024
2023-10-10,21.04,21.23,20.91,21.19,3253551.0,69778250.0,1315184001.0,0.002473837119008567,0.16000000000000014,0.7608178792201548,1.5216357584403246
2023-10-11,21.18,21.21,20.67,20.76,4952900.0,105258523.0,1315184001.0,0.0037659369306759075,-0.4299999999999997,-2.029259084473811,2.5483718735252436
2023-10-12,20.84,21.02,20.73,20.88,4418340.0,93739220.0,1315184001.0,0.0033594842977412403,0.11999999999999744,0.5780346820809079,1.3969171483622307
2023-10-13,20.75,20.82,20.27,20.44,6230451.0,129811649.0,1315184001.0,0.004737322682805354,-0.4399999999999977,-2.1072796934865745,2.634099616858241
2023-10-16,20.27,20.67,20.27,20.53,4450160.0,92925272.0,1315184001.0,0.0033836786309872392,0.08999999999999986,0.44031311154599795,1.9569471624266248
2023-10-17,20.51,20.55,20.2,20.44,4290153.0,88945940.0,1315184001.0,0.0032620173274142497,-0.08999999999999986,-0.4383828543594759,1.704822211397961
2023-10-18,20.38,20.41,20.13,20.15,2294850.0,47249651.0,1315184001.0,0.0017448889267624233,-0.2900000000000027,-1.4187866927593107,1.3698630136986356
2023-10-19,20.14,20.3,19.87,19.89,3506636.0,71525098.0,1315184001.0,0.002666270268900572,-0.259999999999998,-1.2903225806451535,2.1339950372208425
2023-10-20,19.88,20.1,19.73,19.95,3939405.0,79781960.0,1315184001.0,0.00299532612699415,0.05999999999999872,0.3016591251885359,1.8602312719959828
2023-10-23,19.85,20.01,19.5,19.61,5019840.0,100791424.0,1315184001.0,0.003816834751778584,-0.33999999999999986,-1.7042606516290748,2.556390977443617
2023-10-24,19.76,19.85,19.41,19.57,4743500.0,94514919.0,1315184001.0,0.0036067196653801143,-0.03999999999999915,-0.20397756246812726,2.24375318714942
2023-10-25,19.6,20.01,19.59,19.85,4748225.0,96050612.0,1315184001.0,0.003610312318572677,0.28000000000000114,1.4307613694430232,2.1461420541645464
2023-10-26,19.79,20.39,19.51,20.18,7412497.0,151042016.0,1315184001.0,0.005636091219452114,0.3299999999999983,1.6624685138538986,4.433249370277072
2023-10-27,20.24,20.33,20.1,20.21,5896293.0,121288340.0,1315184001.0,0.00448324568692803,0.030000000000001137,0.14866204162538033,1.139742319127834
2023-10-30,20.18,20.46,20.06,20.37,4817261.0,99338203.0,1315184001.0,0.0036628038330280754,0.16000000000000014,0.7916872835230127,1.9792182088075316
2023-10-31,20.34,20.47,20.29,20.39,3459447.0,71783395.0,1315184001.0,0.0026303901183177486,0.019999999999999574,0.09818360333824216,0.8836524300441813
2023-11-01,20.42,20.6,20.34,20.41,3335207.0,69350386.0,1315184001.0,0.002535924248975106,0.019999999999999574,0.09808729769493763,1.2751348700343381
2023-11-02,20.36,20.52,20.12,20.18,3368800.0,69487848.0,1315184001.0,0.002561466682561933,-0.23000000000000043,-1.1268985791278774,1.9598236158745643
2023-11-03,20.16,20.61,20.14,20.45,4204140.0,87446800.0,1315184001.0,0.003196617353011733,0.2699999999999996,1.3379583746283341,2.329038652130817
2023-11-06,20.55,20.86,20.44,20.73,4441458.0,93393449.0,1315184001.0,0.0033770620663138677,0.28000000000000114,1.3691931540342317,2.0537897310513356
2023-11-07,20.77,20.78,20.54,20.56,2573465.0,53991972.0,1315184001.0,0.0019567338091424974,-0.1700000000000017,-0.8200675349734787,1.1577424023154945
2023-11-08,20.57,20.97,20.47,20.65,5424200.0,114134946.0,1315184001.0,0.0041242898300737465,0.08999999999999986,0.43774319066147704,2.4319066147859925
2023-11-09,20.56,20.67,20.48,20.51,4126749.0,86409880.0,1315184001.0,0.003137773115292025,-0.13999999999999702,-0.6779661016949046,0.9200968523002484
2023-11-10,20.47,20.68,20.31,20.66,3585610.0,74855651.0,1315184001.0,0.002726318140483523,0.14999999999999858,0.731350560702082,1.803998049731843
2023-11-13,20.71,21.18,20.56,21.11,7528665.0,160355731.0,1315184001.0,0.00572441954454706,0.4499999999999993,2.1781219748305825,3.0009680542110404
2023-11-14,21.13,21.34,21.07,21.23,5501152.0,118794450.0,1315184001.0,0.004182800274195246,0.120000000000001,0.56845097110374,1.2790146849834183
2023-11-15,21.35,21.35,20.96,21.06,5644897.0,120994257.0,1315184001.0,0.004292096767986763,-0.1700000000000017,-0.80075365049459,1.8370230805463992
2023-11-16,21.06,21.16,20.91,20.91,2793665.0,59688974.0,1315184001.0,0.0021241628531641485,-0.14999999999999858,-0.712250712250706,1.1870845204178537
2023-11-17,20.88,21.08,20.85,21.03,3163453.0,67507911.0,1315184001.0,0.0024053311153379824,0.120000000000001,0.5738880918221057,1.0999521759923332
2023-11-20,21.08,21.2,20.88,21.13,4136701.0,88633799.0,1315184001.0,0.0031453401173179266,0.09999999999999787,0.4755111745125884,1.5216357584403246
2023-11-21,21.04,21.13,20.67,20.87,7452937.0,158155384.0,1315184001.0,0.005666839768681158,-0.259999999999998,-1.2304779933743348,2.1769995267392206
2023-11-22,20.81,20.89,20.5,20.5,5115950.0,107529027.0,1315184001.0,0.003889911978939896,-0.370000000000001,-1.772879731672261,1.8687110685194086
2023-11-23,20.51,20.68,20.4,20.65,3254517.0,68044566.0,1315184001.0,0.0024745716169946017,0.14999999999999858,0.7317073170731714,1.365853658536591
2023-11-24,20.66,20.66,20.28,20.32,3362778.0,69807145.0,1315184001.0,0.0025568878555723854,-0.3299999999999983,-1.5980629539951496,1.8401937046004797
2023-11-27,20.22,20.57,20.15,20.44,4831900.0,100061979.0,1315184001.0,0.0036739345949510223,0.120000000000001,0.5905511811023612,2.066929133858276
2023-11-28,20.43,20.57,20.3,20.51,3638753.0,75718744.0,1315184001.0,0.0027667254142639164,0.07000000000000028,0.34246575342467,1.3209393346379625
2023-11-29,20.44,20.45,20.25,20.26,3669900.0,75966683.0,1315184001.0,0.002790408032039313,-0.25,-1.2189176011701663,0.9751340809361252
2023-11-30,20.33,20.35,20.05,20.15,3217666.0,66060307.0,1315184001.0,0.002446551963492141,-0.11000000000000298,-0.5429417571569783,1.480750246791711
2023-12-01,20.12,20.22,20.01,20.1,3241207.0,66294121.0,1315184001.0,0.0024644513600648645,-0.04999999999999716,-0.2481389578163684,1.0421836228287709
2023-12-04,20.3,20.48,20.15,20.28,4042447.0,83490842.0,1315184001.0,0.003073674099537651,0.17999999999999972,0.8955223880596996,1.6417910447761284
2023-12-05,20.28,20.28,19.68,19.75,5000701.0,101195014.0,1315184001.0,0.0038022824153865296,-0.5300000000000011,-2.613412228796852,2.9585798816568114
2023-12-06,19.66,19.82,19.57,19.65,3863676.0,77448188.0,1315184001.0,0.0029377455907783658,-0.10000000000000142,-0.5063291139240533,1.2658227848101267
2023-12-07,19.65,19.67,19.27,19.4,6007749.0,118749123.0,1315184001.0,0.00456799124337888,-0.25,-1.2722646310432517,2.0356234096692223
2023-12-08,19.36,19.41,18.65,18.77,13227031.0,254254207.0,1315184001.0,0.010057171460375757,-0.629999999999999,-3.2474226804123707,3.9175257731958846
2023-12-11,18.8,19.16,18.67,19.1,6989821.0,134615428.0,1315184001.0,0.005314709572717803,0.33000000000000185,1.7581246670218542,2.610548748002123
2023-12-12,19.11,19.39,19.01,19.11,4060712.0,79151688.0,1315184001.0,0.0030875618901328164,0.00999999999999801,0.052356020942401216,1.989528795811513
2023-12-13,19.11,19.41,19.07,19.12,5019206.0,98243221.0,1315184001.0,0.0038163526899533807,0.010000000000001563,0.05232862375721403,1.7791732077446356
2023-12-14,19.14,19.29,18.97,19.02,3141500.0,61010757.0,1315184001.0,0.002388639154377913,-0.10000000000000142,-0.5230125523012608,1.673640167364018
2023-12-15,19.02,19.14,18.67,18.7,4558800.0,87361062.0,1315184001.0,0.00346628304217031,-0.3200000000000003,-1.6824395373291279,2.4710830704521496
2023-12-18,18.7,18.74,18.37,18.44,4647816.0,87473553.0,1315184001.0,0.0035339663472685446,-0.259999999999998,-1.3903743315507922,1.9786096256684358
2023-12-19,18.42,18.47,18.2,18.35,4331724.0,80731076.0,1315184001.0,0.003293625832359863,-0.08999999999999986,-0.48806941431670525,1.464208242950106
2023-12-20,18.4,18.42,17.96,18.01,4924793.0,90887976.0,1315184001.0,0.0037445657765418634,-0.33999999999999986,-1.8528610354223374,2.506811989100822
2023-12-21,17.96,18.15,17.72,18.05,6937536.0,126823934.0,1315184001.0,0.005274954679136186,0.03999999999999915,0.2220988339811214,2.3875624652970555
2023-12-22,18.05,18.79,17.99,18.5,12046694.0,225584799.0,1315184001.0,0.009159702361677376,0.4499999999999993,2.4930747922437657,4.4321329639889235
2023-12-25,18.55,19.31,18.55,18.79,8548388.0,164541911.0,1315184001.0,0.0064997658072940626,0.28999999999999915,1.5675675675675738,4.108108108108097
2023-12-26,18.67,18.75,18.15,18.46,6396164.0,119692839.0,1315184001.0,0.004863322542805172,-0.3299999999999983,-1.7562533262373559,3.193187865886117
2023-12-27,18.45,18.46,18.1,18.37,4713820.0,87697004.0,1315184001.0,0.0035841524808816467,-0.08999999999999986,-0.48754062838569645,1.950162513542792
2023-12-28,18.38,19.03,18.3,18.81,8748494.0,166551935.0,1315184001.0,0.006651916380786326,0.4399999999999977,2.39520958083832,3.9738704409363113
2023-12-29,18.72,19.55,18.69,19.55,9666655.0,188306482.0,1315184001.0,0.0073500399888152225,0.740000000000002,3.9340776182881454,4.572036150983517
2024-01-02,19.34,19.65,19.12,19.33,10182511.0,201104834.0,1315184001.0,0.007742271037556516,-0.22000000000000242,-1.1253196930946396,2.7109974424552306
2024-01-03,19.31,19.44,19.03,19.08,6737102.0,131352322.0,1315184001.0,0.005122554710882618,-0.25,-1.2933264355923457,2.1210553543714443
2024-01-04,19.12,19.21,18.67,18.9,6308220.0,121356686.0,1315184001.0,0.004796454332780467,-0.17999999999999972,-0.9433962264150941,2.830188679245279
2024-01-05,18.95,18.95,18.41,18.67,6820848.0,128995036.0,1315184001.0,0.005186230972102587,-0.22999999999999687,-1.2169312169312052,2.8571428571428528
2024-01-08,18.66,18.66,17.97,17.98,6743181.0,125195522.0,1315184001.0,0.005127176877815441,-0.6900000000000013,-3.6957686127477296,3.6957686127477305
2024-01-09,17.97,18.07,17.47,17.62,7515300.0,135462111.0,1315184001.0,0.0057142574683738115,-0.35999999999999943,-2.0022246941045596,3.337041156840942
2024-01-10,17.65,18.03,17.35,17.67,5530313.0,99692008.0,1315184001.0,0.004204972837104943,0.05000000000000071,0.2837684449489286,3.859250851305333
2024-01-11,17.65,18.03,17.65,17.95,5107113.0,92777091.0,1315184001.0,0.003883192767032451,0.2799999999999976,1.5846066779852785,2.1505376344086167
2024-01-12,17.91,18.07,17.75,18.06,5017205.0,91307673.0,1315184001.0,0.003814831229839451,0.10999999999999943,0.6128133704735417,1.7827298050139293
2024-01-15,17.86,17.86,16.98,17.04,12717288.0,223488294.0,1315184001.0,0.009669588430463274,-1.0199999999999996,-5.647840531561455,4.872646733111844
2024-01-16,16.99,17.19,16.68,16.92,9764275.0,167951006.0,1315184001.0,0.00742426534429839,-0.11999999999999744,-0.704225352112664,2.9929577464788824
2024-01-17,16.91,16.97,16.48,16.49,5574866.0,94940811.0,1315184001.0,0.0042388487053987515,-0.43000000000000327,-2.541371158392458,2.8959810874704397
2024-01-18,16.46,16.73,15.96,16.62,10408222.0,171979757.0,1315184001.0,0.007913890369778,0.13000000000000256,0.7883565797453196,4.669496664645237
2024-01-19,16.56,16.64,16.29,16.29,5288895.0,88443344.0,1315184001.0,0.00402141068928651,-0.33000000000000185,-1.9855595667870096,2.1058965102286487
2024-01-22,16.28,16.38,15.4,15.56,8410656.0,136062891.0,1315184001.0,0.006395041297343154,-0.7299999999999986,-4.481276856967453,6.015960712093301
2024-01-23,15.48,15.7,15.2,15.65,9897546.0,156041014.0,1315184001.0,0.0075255979334255905,0.08999999999999986,0.5784061696658016,3.2133676092544987
2024-01-24,15.81,15.87,15.17,15.82,12296417.0,193640737.0,1315184001.0,0.009349579215266017,0.16999999999999993,1.0862619808306606,4.472843450479229
2024-01-25,15.85,16.57,15.68,16.56,10018466.0,165839173.0,1315184001.0,0.007617539441159915,0.7399999999999984,4.677623261694053,5.6257901390644784
2024-01-26,16.45,16.71,16.19,16.26,9435472.0,157273958.0,1315184001.0,0.007174260022039304,-0.29999999999999716,-1.8115942028985366,3.140096618357486
2024-01-29,16.29,16.52,16.1,16.1,7205962.0,119162524.0,1315184001.0,0.005479052356568319,-0.16000000000000014,-0.9840098400983988,2.5830258302582907
2024-01-30,16.1,16.21,15.58,15.61,8743261.0,141873099.0,1315184001.0,0.0066479374698536955,-0.490000000000002,-3.043478260869581,3.913043478260874
2024-01-31,15.46,15.62,14.82,14.92,9570751.0,147694296.0,1315184001.0,0.007277119393729608,-0.6899999999999995,-4.420243433696347,5.124919923126194
2024-02-01,14.82,15.05,14.58,14.75,8326170.0,125639046.0,1315184001.0,0.006330802377210488,-0.16999999999999993,-1.1394101876675555,3.1501340482573768
2024-02-02,14.74,14.89,13.54,13.99,13815255.0,198992412.0,1315184001.0,0.010504427509379351,-0.7599999999999998,-5.152542372881353,9.152542372881365
2024-02-05,13.87,14.34,12.9,13.67,18553898.0,257231506.0,1315184001.0,0.014107454155382476,-0.3200000000000003,-2.287348105789855,10.293066476054321
2024-02-06,13.64,14.99,13.55,14.91,16712155.0,244396520.0,1315184001.0,0.012707085082614231,1.2400000000000002,9.070958302852961,10.534016093635696
2024-02-07,14.94,16.11,14.91,16.1,20970571.0,336496265.0,1315184001.0,0.01594497118582269,1.1900000000000013,7.9812206572769995,8.04828973843058
2024-02-08,16.16,16.78,16.03,16.16,19731984.0,330734343.0,1315184001.0,0.015003211706496421,0.05999999999999872,0.3726708074534013,4.658385093167702
2024-02-19,16.31,16.31,15.67,15.96,13347931.0,216027021.0,1315184001.0,0.01014909776111244,-0.1999999999999993,-1.2376237623762387,3.960396039603953
2024-02-20,15.77,16.02,15.63,15.96,7746582.0,125012051.0,1315184001.0,0.005890112709788051,0.0,0.0,2.4436090225563833
2024-02-21,15.92,16.43,15.77,15.96,12442633.0,204717218.0,1315184001.0,0.009460754533616016,0.0,0.0,4.135338345864662
2024-02-22,15.99,16.16,15.9,16.14,8584565.0,140289662.0,1315184001.0,0.006527272984976039,0.17999999999999972,1.1278195488721776,1.6290726817042591
2024-02-23,16.22,16.39,15.96,16.37,10243926.0,168762586.0,1315184001.0,0.007788967925561011,0.23000000000000043,1.4250309789343163,2.6641883519206924
2024-02-26,16.37,16.78,16.35,16.6,10751154.0,181122958.0,1315184001.0,0.008174638675520202,0.23000000000000043,1.4050091631032435,2.626756261453877
2024-02-27,16.49,16.98,16.38,16.97,9155424.0,155926310.0,1315184001.0,0.00696132555827829,0.36999999999999744,2.228915662650577,3.6144578313253093
2024-02-28,16.95,17.26,16.52,16.54,15691881.0,270851121.0,1315184001.0,0.011931319867082233,-0.4299999999999997,-2.533883323512076,4.360636417206848
2024-02-29,16.57,17.39,16.56,17.38,14564442.0,253801842.0,1315184001.0,0.01107407175644315,0.8399999999999999,5.078597339782354,5.018137847642092
2024-03-01,17.35,17.54,17.19,17.44,9015197.0,159469801.0,1315184001.0,0.006854703975371732,0.060000000000002274,0.3452243958573131,2.01380897583428
2024-03-04,17.42,17.54,17.21,17.39,7397201.0,130812127.0,1315184001.0,0.005624460907656677,-0.05000000000000071,-0.28669724770642446,1.8922018348623753
2024-03-05,17.38,17.84,17.29,17.42,12135511.0,216930213.0,1315184001.0,0.009227234357149087,0.030000000000001137,0.17251293847038163,3.162737205290401
2024-03-06,17.42,17.62,17.1,17.3,7581265.0,133586004.0,1315184001.0,0.005764413948341514,-0.120000000000001,-0.6888633754305484,2.9850746268656687
2024-03-07,17.29,17.43,16.81,16.81,8055592.0,140119136.0,1315184001.0,0.006125068426832239,-0.490000000000002,-2.8323699421965443,3.58381502890174
2024-03-08,16.9,17.17,16.67,17.14,9405179.0,161430661.0,1315184001.0,0.007151226743063155,0.33000000000000185,1.9631171921475454,2.97441998810232
2024-03-11,17.12,17.54,16.91,17.53,7344702.0,128987664.0,1315184001.0,0.005584543299200307,0.39000000000000057,2.2753792298716435,3.6756126021003444
2024-03-12,17.52,18.03,17.5,17.92,12157183.0,220719410.0,1315184001.0,0.009243712659792309,0.39000000000000057,2.224757558471202,3.0233884768967547
2024-03-13,17.95,18.24,17.75,17.99,11645091.0,213399308.0,1315184001.0,0.008854343568006953,0.06999999999999673,0.3906249999999778,2.734374999999991
2024-03-14,17.96,17.96,17.37,17.57,7984922.0,143291203.0,1315184001.0,0.006071334500669614,-0.41999999999999815,-2.3346303501945442,3.279599777654252
2024-03-15,17.49,17.82,17.42,17.73,8916199.0,159709285.0,1315184001.0,0.006779430857751135,0.16000000000000014,0.9106431417188476,2.2766078542970893
2024-03-18,17.74,18.51,17.73,18.51,14305180.0,265254482.0,1315184001.0,0.010876941925329883,0.7800000000000011,4.399323181049075,4.399323181049076
2024-03-19,18.45,18.91,18.33,18.55,11813965.0,224166735.0,1315184001.0,0.008982746893983849,0.03999999999999915,0.2160994057266219,3.1334413830362062
2024-03-20,18.55,18.75,18.36,18.5,7864684.0,148203924.0,1315184001.0,0.0059799115515548305,-0.05000000000000071,-0.26954177897574594,2.1024258760107846
2024-03-21,18.56,18.65,18.28,18.5,5938443.0,111711043.0,1315184001.0,0.004515294434455335,0.0,0.0,1.9999999999999862
2024-03-22,18.46,18.52,18.04,18.08,5990983.0,110781073.0,1315184001.0,0.004555243217256868,-0.4200000000000017,-2.2702702702702804,2.594594594594597
2024-03-25,17.97,18.25,17.7,17.73,6963801.0,127465494.0,1315184001.0,0.005294925268787542,-0.34999999999999787,-1.9358407079645867,3.0420353982300927
2024-03-26,17.74,17.78,17.3,17.49,6417767.0,114589245.0,1315184001.0,0.004879748381306533,-0.240000000000002,-1.3536379018612599,2.7072758037225064
2024-03-27,17.52,17.59,16.88,16.92,7667416.0,134042661.0,1315184001.0,0.005829918851027751,-0.5699999999999967,-3.2590051457975777,4.059462550028593
2024-03-28,16.96,18.07,16.91,17.84,12224915.0,219632856.0,1315184001.0,0.009295212678001548,0.9199999999999982,5.437352245862881,6.8557919621749415
2024-03-29,17.84,18.2,17.7,18.2,8564966.0,156715270.0,1315184001.0,0.006512370887638254,0.35999999999999943,2.0179372197309364,2.8026905829596416
2024-04-01,18.2,18.28,17.71,17.86,11232443.0,204664026.0,1315184001.0,0.008540586709889577,-0.33999999999999986,-1.8681318681318726,3.131868131868133
2024-04-02,17.77,17.92,17.43,17.76,8352723.0,150398660.0,1315184001.0,0.006350991947627866,-0.09999999999999787,-0.5599104143336975,2.7435610302351736
2024-04-03,17.64,17.74,17.43,17.55,5535870.0,99051539.0,1315184001.0,0.00420919810139935,-0.21000000000000085,-1.1824324324324342,1.745495495495488
2024-04-08,17.44,17.64,17.2,17.27,7607405.0,134975114.0,1315184001.0,0.005784289494257617,-0.28000000000000114,-1.5954415954416046,2.5071225071225145
2024-04-09,17.27,17.51,17.2,17.35,5181843.0,91599606.0,1315184001.0,0.003940013713716093,0.08000000000000185,0.4632310364794501,1.7950202663578594
2024-04-10,17.29,17.52,17.05,17.38,6559920.0,115139137.0,1315184001.0,0.004987834398085869,0.029999999999997584,0.17291066282418832,2.708933717579244
2024-04-11,17.27,17.98,17.21,17.52,7361951.0,131550639.0,1315184001.0,0.005597658574315337,0.14000000000000057,0.8055235903337232,4.430379746835441
2024-04-12,17.49,17.96,17.41,17.52,8715861.0,156819568.0,1315184001.0,0.006627103883086242,0.0,0.0,3.1392694063926982
2024-04-15,17.49,18.42,17.45,18.17,14211662.0,261542522.0,1315184001.0,0.010805835525062778,0.6500000000000021,3.7100456621004696,5.5365296803653115
2024-04-16,18.09,18.19,17.22,17.24,11849025.0,213323859.0,1315184001.0,0.009009404760847604,-0.9300000000000033,-5.118326912493143,5.33847000550359
2024-04-17,17.32,17.9,17.29,17.88,9991711.0,179446313.0,1315184001.0,0.0075971962800663664,0.6400000000000006,3.7122969837587005,3.538283062645008
2024-04-18,17.82,18.18,17.64,18.03,11692124.0,213732217.0,1315184001.0,0.008890105104008181,0.15000000000000213,0.838926174496657,3.020134228187915
2024-04-19,17.98,18.55,17.89,18.22,14040672.0,261188181.0,1315184001.0,0.01067582329873552,0.18999999999999773,1.0537992235163385,3.6605657237936775
2024-04-22,18.23,18.85,17.77,18.75,25983342.0,490339887.0,1315184001.0,0.01975643102428525,0.5300000000000011,2.908891328210772,5.92755214050495
2024-04-23,18.59,18.62,18.03,18.14,14535096.0,271198324.0,1315184001.0,0.01105175852880528,-0.6099999999999994,-3.2533333333333303,3.1466666666666656
2024-04-24,18.08,18.58,18.04,18.58,12609798.0,236501981.0,1315184001.0,0.009587858421644531,0.4399999999999977,2.425578831312003,2.9768467475192897
2024-04-25,18.55,18.55,18.13,18.4,9226939.0,171598324.0,1315184001.0,0.007015701980091225,-0.17999999999999972,-0.9687836383207693,2.260495156081818
2024-04-26,18.57,19.03,18.4,18.88,17211162.0,330141775.0,1315184001.0,0.013086504996193304,0.4800000000000004,2.60869565217392,3.423913043478275
2024-04-29,18.97,19.65,18.87,19.48,19263480.0,377434855.0,1315184001.0,0.01464698474536872,0.6000000000000014,3.177966101694918,4.131355932203378
2024-04-30,19.49,19.61,19.18,19.22,10570487.0,208143458.0,1315184001.0,0.0080372685433846,-0.26000000000000156,-1.3347022587269053,2.2073921971252553
2024-05-06,19.37,19.56,19.11,19.16,10738792.0,211017513.0,1315184001.0,0.008165239230278624,-0.05999999999999872,-0.3121748178980144,2.341311134235168
2024-05-07,19.18,19.75,19.07,19.65,14171741.0,282568733.0,1315184001.0,0.010775481597422504,0.48999999999999844,2.557411273486432,3.5490605427974935
2024-05-08,19.55,20.1,19.38,19.96,14139346.0,284823135.0,1315184001.0,0.010750850062994342,0.3100000000000023,1.5776081424936583,3.664122137404593
2024-05-09,19.88,20.69,19.8,20.61,19205776.0,398877147.0,1315184001.0,0.014603109515776416,0.6499999999999986,3.256513026052099,4.458917835671345
2024-05-10,20.59,20.96,20.31,20.44,16312582.0,342278019.0,1315184001.0,0.012403269799204317,-0.16999999999999815,-0.82484230955846,3.1538088306647367
2024-05-13,20.19,20.78,19.9,20.41,11676256.0,242094405.0,1315184001.0,0.008878039872080227,-0.030000000000001137,-0.14677103718200302,4.3052837573385645
2024-05-14,20.31,20.45,20.05,20.14,8542221.0,175495985.0,1315184001.0,0.006495076729571622,-0.2699999999999996,-1.322880940715332,1.9598236158745643
2024-05-15,20.06,20.26,19.78,19.8,8354581.0,169774944.0,1315184001.0,0.006352404677708667,-0.33999999999999986,-1.688182720953324,2.383316782522346
2024-05-16,19.8,20.1,19.58,19.76,10592052.0,213142298.0,1315184001.0,0.008053665488590444,-0.03999999999999915,-0.20202020202019222,2.626262626262642
2024-05-17,19.73,20.41,19.7,20.3,9609618.0,196563049.0,1315184001.0,0.007306671912594228,0.5399999999999991,2.7327935222672073,3.5931174089068865
2024-05-20,20.34,20.87,20.25,20.54,12144598.0,253540882.0,1315184001.0,0.009234143656527038,0.23999999999999844,1.1822660098522064,3.0541871921182313
2024-05-21,20.36,20.48,20.1,20.2,7808511.0,160804364.0,1315184001.0,0.005937200417631905,-0.33999999999999986,-1.6553067185978598,1.8500486854917186
2024-05-22,20.14,20.29,19.84,20.06,7303400.0,148856446.0,1315184001.0,0.0055531393283729585,-0.14000000000000057,-0.6930693069306937,2.2277227722772244
2024-05-23,20.1,20.22,19.75,19.81,6682405.0,135609860.0,1315184001.0,0.00508096585338556,-0.25,-1.2462612163509523,2.342971086739775
2024-05-24,19.67,19.77,19.34,19.38,7955101.0,157908200.0,1315184001.0,0.006048660106837781,-0.4299999999999997,-2.170620898536091,2.1706208985360917
2024-05-27,19.27,19.51,19.13,19.46,7298747.0,143456548.0,1315184001.0,0.005549601420371901,0.08000000000000185,0.41279669762643856,1.9607843137255034
2024-05-28,19.39,19.82,19.21,19.57,6735100.0,133854198.0,1315184001.0,0.0051210324904188064,0.10999999999999943,0.5652620760534299,3.1346351490236355
2024-05-29,19.58,19.7,19.22,19.33,4574993.0,90324187.0,1315184001.0,0.0034785953878099223,-0.240000000000002,-1.2263668880940326,2.4527337761880452
2024-05-30,19.19,20.17,19.11,19.76,9820059.0,197897015.0,1315184001.0,0.007466680702117209,0.43000000000000327,2.224521469218854,5.4837040869115485
2024-05-31,19.95,20.52,19.8,20.14,11499423.0,236481468.0,1315184001.0,0.008743584921392303,0.379999999999999,1.9230769230769162,3.6437246963562693
2024-06-03,20.22,20.52,19.95,20.14,11018388.0,226612513.0,1315184001.0,0.008377830015892963,0.0,0.0,2.8301886792452846
2024-06-04,20.15,20.54,20.05,20.51,11994700.0,248251493.0,1315184001.0,0.009120168729911428,0.370000000000001,1.8371400198609722,2.432969215491551
2024-06-05,20.51,21.01,20.41,20.74,15138520.0,320852303.0,1315184001.0,0.011510571896015636,0.22999999999999687,1.1214041930765362,2.9254022428083926
2024-06-06,20.74,20.81,20.26,20.38,10997600.0,229449054.0,1315184001.0,0.008362023862545451,-0.35999999999999943,-1.7357762777241992,2.6518804243008542
2024-06-07,20.42,20.61,19.98,20.14,8887800.0,183289422.0,1315184001.0,0.00675783768145154,-0.23999999999999844,-1.177625122669279,3.0912659470068644
2024-06-11,20.06,20.34,19.86,20.18,9272500.0,190116134.0,1315184001.0,0.007050344281066114,0.03999999999999915,0.19860973187686426,2.383316782522346
2024-06-12,20.11,20.76,20.06,20.4,10315868.0,214917956.0,1315184001.0,0.00784366901677357,0.21999999999999886,1.090188305252715,3.4687809712586857
2024-06-13,20.4,20.57,20.09,20.35,8485081.0,175445490.0,1315184001.0,0.006451630337312779,-0.04999999999999716,-0.2450980392156743,2.3529411764705905
2024-06-14,20.23,20.49,19.98,20.15,15198382.0,312826434.0,1315184001.0,0.011556087960653348,-0.20000000000000284,-0.982800982801002,2.506142506142496
2024-06-17,20.05,20.61,20.05,20.45,11223237.0,233117299.0,1315184001.0,0.008533586928875665,0.3000000000000007,1.488833746898277,2.779156327543418
2024-06-18,20.32,20.89,20.32,20.73,10120960.0,212842970.0,1315184001.0,0.007695470741968066,0.28000000000000114,1.3691931540342317,2.7872860635696837
2024-06-19,20.71,20.8,20.32,20.39,6760945.0,140847186.0,1315184001.0,0.0051406837331197126,-0.33999999999999986,-1.6401350699469353,2.3154848046309717
2024-06-20,20.3,20.42,19.78,19.8,6985542.0,142252387.0,1315184001.0,0.005311456035572622,-0.5899999999999999,-2.893575282000982,3.1387935262383553
2024-06-21,19.72,20.22,19.72,19.73,6757744.0,136851869.0,1315184001.0,0.005138249853147354,-0.07000000000000028,-0.35353535353535026,2.525252525252525
2024-06-24,19.82,19.93,19.39,19.43,7344241.0,146575104.0,1315184001.0,0.005584192777904694,-0.3000000000000007,-1.5205271160669054,2.7369488089204212
2024-06-25,19.49,19.59,19.13,19.35,6547514.0,128682030.0,1315184001.0,0.004978401497449481,-0.0799999999999983,-0.4117344312918103,2.367472979927951
2024-06-26,19.24,19.61,19.05,19.58,6144176.0,120854846.0,1315184001.0,0.004671723496733747,0.22999999999999687,1.1886304909560552,2.894056847545213
2024-06-27,19.54,19.63,19.07,19.09,5396490.0,105700115.0,1315184001.0,0.004103220534842866,-0.48999999999999844,-2.502553626149129,2.860061287027573
2024-06-28,19.19,20.07,19.09,19.89,9370640.0,187241055.0,1315184001.0,0.007124965018487934,0.8000000000000007,4.190675746464123,5.133577789418546
2024-07-01,19.84,20.06,19.51,19.79,5958905.0,118740011.0,1315184001.0,0.0045308527137413075,-0.10000000000000142,-0.5027652086475709,2.7652086475615745
2024-07-02,19.82,19.9,19.6,19.64,4809300.0,95740497.0,1315184001.0,0.0036567506876172833,-0.14999999999999858,-0.757958564931771,1.5159171298635532
2024-07-03,19.52,19.77,19.21,19.26,4056901.0,79277452.0,1315184001.0,0.0030846641967324237,-0.379999999999999,-1.9348268839103788,2.851323828920564
2024-07-04,19.28,19.63,19.16,19.2,5349728.0,104693369.0,1315184001.0,0.004067665053659667,-0.060000000000002274,-0.31152647975078995,2.440290758047761
2024-07-05,19.16,19.5,18.78,19.47,5523500.0,107083644.0,1315184001.0,0.004199792573358715,0.2699999999999996,1.4062500000000089,3.7499999999999942
2024-07-08,19.3,19.54,19.13,19.25,4631548.0,90097086.0,1315184001.0,0.0035215969753877806,-0.21999999999999886,-1.1299435028248483,2.105803800719056
2024-07-09,19.16,19.51,18.93,19.25,6655081.0,128835946.0,1315184001.0,0.00506019005320914,0.0,0.0,3.0129870129870224
2024-07-10,19.24,19.45,19.09,19.32,4605676.0,89735534.0,1315184001.0,0.0035019252032400597,0.07000000000000028,0.363636363636366,1.870129870129867
2024-07-11,19.49,19.66,19.26,19.57,6941931.0,136747393.0,1315184001.0,0.00527829641686768,0.25,1.2939958592132594,2.0703933747411933
2024-07-12,19.58,19.6,19.33,19.45,5922866.0,116145492.0,1315184001.0,0.00450345046434305,-0.120000000000001,-0.6131834440470163,1.3796627491057902
2024-07-15,19.45,19.6,19.16,19.19,5618440.0,109491678.0,1315184001.0,0.004271980191158058,-0.259999999999998,-1.3367609254498647,2.262210796915174
2024-07-16,19.08,19.53,19.03,19.47,5350515.0,104478268.0,1315184001.0,0.004068263449016819,0.2799999999999976,1.4590932777488241,2.605523710265763
2024-07-17,19.46,19.51,19.14,19.28,4092594.0,79736720.0,1315184001.0,0.0031118033650715006,-0.18999999999999773,-0.9758602978941822,1.9003595274781768
2024-07-18,19.16,19.9,19.05,19.76,8774478.0,173087477.0,1315184001.0,0.006671673312120834,0.4800000000000004,2.4896265560165887,4.408713692946047
2024-07-19,19.71,20.58,19.62,20.46,11984971.0,245104478.0,1315184001.0,0.009112771285909219,0.6999999999999993,3.542510121457476,4.858299595141687
2024-07-22,20.47,20.91,20.36,20.69,10432471.0,217947271.0,1315184001.0,0.007932328094067197,0.23000000000000043,1.1241446725317683,2.688172043010756
2024-07-23,20.63,20.79,20.26,20.28,8520814.0,176176731.0,1315184001.0,0.006478799919647137,-0.41000000000000014,-1.9816336394393397,2.5616239729337726
2024-07-24,20.17,20.91,20.12,20.61,11879180.0,246910411.0,1315184001.0,0.009032333111540032,0.3299999999999983,1.6272189349112232,3.895463510848122
2024-07-25,20.52,20.65,20.26,20.45,6294005.0,129682889.0,1315184001.0,0.004785645959207498,-0.16000000000000014,-0.776322173702082,1.892285298398821
2024-07-26,20.39,21.95,20.39,21.78,20250862.0,435857348.0,1315184001.0,0.01539774053258119,1.3300000000000018,6.503667481662601,7.628361858190703
2024-07-29,22.01,22.08,21.23,21.58,21041342.0,457329542.0,1315184001.0,0.0159987819073234,-0.20000000000000284,-0.9182736455463858,3.9026629935720742
2024-07-30,21.56,21.58,21.05,21.29,14167978.0,304354319.0,1315184001.0,0.010772620400816448,-0.28999999999999915,-1.343836886005556,2.4559777571825654
2024-07-31,21.11,21.65,20.98,21.64,18923635.0,407127466.0,1315184001.0,0.014388583639712326,0.3500000000000014,1.6439643024894313,3.147017379051189
2024-08-01,21.51,21.83,21.31,21.43,13307800.0,289701851.0,1315184001.0,0.010118584159996941,-0.21000000000000085,-0.9704251386321694,2.4029574861367817
2024-08-02,21.11,21.82,21.06,21.26,10216137.0,221412633.0,1315184001.0,0.00776783856268945,-0.16999999999999815,-0.7932804479701239,3.5464302379841417
2024-08-05,21.16,21.67,20.84,20.85,10730317.0,229397494.0,1315184001.0,0.008158795265028471,-0.41000000000000014,-1.9285042333019753,3.904045155221081
2024-08-06,20.97,21.41,20.83,21.14,9416905.0,200461239.0,1315184001.0,0.007160142605779767,0.28999999999999915,1.3908872901678526,2.78177458033574
2024-08-07,21.11,21.51,21.02,21.21,7685705.0,164788745.0,1315184001.0,0.005843824890020085,0.07000000000000028,0.3311258278145601,2.3178807947019964
2024-08-08,21.05,21.14,20.45,20.73,9652818.0,201921020.0,1315184001.0,0.007339519027497659,-0.4800000000000004,-2.2630834512022635,3.2531824611032594
2024-08-09,20.63,20.81,20.3,20.39,8972237.0,185431842.0,1315184001.0,0.006822039344439987,-0.33999999999999986,-1.6401350699469353,2.4602026049203958
2024-08-12,20.32,20.42,20.02,20.19,7051440.0,143785298.0,1315184001.0,0.00536156157209823,-0.1999999999999993,-0.9808729769494762,1.9617459538989805
2024-08-13,20.21,20.37,19.97,20.24,6438358.0,130951353.0,1315184001.0,0.004895404745727286,0.04999999999999716,0.24764735017333006,1.9811788013868354
2024-08-14,20.22,20.22,19.93,19.93,4702955.0,95056933.0,1315184001.0,0.0035758912794134575,-0.3099999999999987,-1.5316205533596805,1.4328063241106679
2024-08-15,19.9,20.28,19.84,19.98,5685282.0,115046616.0,1315184001.0,0.004322803497972296,0.05000000000000071,0.25087807325641087,2.2077270446563038
2024-08-16,20.09,20.14,19.63,19.69,6027400.0,120395089.0,1315184001.0,0.004582932878910531,-0.28999999999999915,-1.4514514514514465,2.55255255255256
2024-08-19,19.57,19.97,19.48,19.52,5882135.0,116590652.0,1315184001.0,0.0044724806532983365,-0.1700000000000017,-0.8633824276282454,2.488572879634324
2024-08-20,19.52,19.6,18.98,19.16,6424674.0,124380504.0,1315184001.0,0.004885000117941672,-0.35999999999999943,-1.8442622950819665,3.1762295081967262
2024-08-21,19.08,19.22,18.95,18.98,4087728.0,78572492.0,1315184001.0,0.0031081035025455725,-0.17999999999999972,-0.9394572025052228,1.4091858037578266
2024-08-22,18.99,19.2,18.71,19.01,4565663.0,87327920.0,1315184001.0,0.0034715013234106395,0.030000000000001137,0.15806111696523573,2.5816649104320253
2024-08-23,18.96,19.09,18.79,18.91,4191650.0,79980867.0,1315184001.0,0.003187120582985255,-0.10000000000000142,-0.5260389268806009,1.5781167806417713
2024-08-26,18.83,18.96,18.54,18.72,4521631.0,85438229.0,1315184001.0,0.0034380215974053655,-0.19000000000000128,-1.004759386567955,2.2210470650449587
2024-08-27,18.72,18.77,18.4,18.44,4315147.0,80689306.0,1315184001.0,0.003281021512365554,-0.2799999999999976,-1.4957264957264793,1.976495726495732
2024-08-28,18.39,18.68,18.36,18.46,4405120.0,82387357.0,1315184001.0,0.0033494324723008853,0.019999999999999574,0.10845986984815426,1.7353579175705003
2024-08-29,18.4,18.83,18.34,18.43,5786420.0,108657002.0,1315184001.0,0.004399703764340424,-0.030000000000001137,-0.16251354279523955,2.6543878656554627
2024-08-30,18.43,19.14,18.39,18.97,14232673.0,269841699.0,1315184001.0,0.01082181123643398,0.5399999999999991,2.9300054259359776,4.0694519804666305
2024-09-02,18.79,18.89,18.25,18.3,8478190.0,158183764.0,1315184001.0,0.006446390766275753,-0.6699999999999982,-3.5318924617817493,3.3737480231945205
2024-09-03,18.19,18.75,18.19,18.58,5322238.0,99681508.0,1315184001.0,0.004046763035402831,0.2799999999999976,1.5300546448087315,3.0601092896174795
2024-09-04,18.48,18.61,18.4,18.44,3604400.0,67276947.0,1315184001.0,0.0027406051147667513,-0.13999999999999702,-0.7534983853605848,1.130247578040909
2024-09-05,18.51,18.89,18.46,18.74,4031230.0,76092527.0,1315184001.0,0.0030651452549109895,0.29999999999999716,1.626898047722336,2.331887201735356
2024-09-06,18.74,18.83,18.33,18.37,4662000.0,87286708.0,1315184001.0,0.003544751149995171,-0.36999999999999744,-1.9743863393809846,2.6680896478121667
2024-09-09,18.37,18.77,18.36,18.6,5691638.0,106610642.0,1315184001.0,0.00432763628182244,0.23000000000000043,1.2520413718018597,2.2318998366902565
2024-09-10,18.59,18.78,18.25,18.68,6082912.0,113760309.0,1315184001.0,0.004625141421561438,0.0799999999999983,0.4301075268817067,2.8494623655914038
2024-09-11,18.86,18.88,18.52,18.64,4110613.0,77324870.0,1315184001.0,0.0031255041095956883,-0.03999999999999915,-0.21413276231262435,1.9271948608137013
2024-09-12,18.64,18.91,18.27,18.27,5260412.0,98100305.0,1315184001.0,0.003999753643596825,-0.370000000000001,-1.9849785407725418,3.433476394849788
2024-09-13,18.27,18.34,18.11,18.11,3175100.0,58329972.0,1315184001.0,0.002414186910413914,-0.16000000000000014,-0.8757525998905336,1.2588943623426405
2024-09-18,18.07,18.18,17.72,18.02,4462276.0,80734868.0,1315184001.0,0.00339289103015784,-0.08999999999999986,-0.4969630038652695,2.540033130866929
2024-09-19,18.17,18.28,17.62,18.09,5769356.0,104661889.0,1315184001.0,0.004386729153953569,0.07000000000000028,0.38845726970033745,3.6625971143174256
2024-09-20,18.04,18.04,17.49,17.72,6047126.0,108015449.0,1315184001.0,0.004597931540683333,-0.370000000000001,-2.0453289110005546,3.0403537866224473
2024-09-23,17.71,18.0,17.65,17.76,4268718.0,76981409.0,1315184001.0,0.0032457192276930686,0.0400000000000027,0.22573363431153126,1.9751693002257418
2024-09-24,17.93,18.63,17.78,18.59,7834400.0,144531725.0,1315184001.0,0.0059568851157276205,0.8299999999999983,4.673423423423406,4.786036036036024
2024-09-25,18.8,19.14,18.71,18.8,7781855.0,148693792.0,1315184001.0,0.005916932531176678,0.21000000000000085,1.1296395911780666,2.313071543840773
2024-09-26,18.76,19.68,18.69,19.65,9118500.0,177011656.0,1315184001.0,0.006933250399234442,0.8499999999999979,4.521276595744661,5.265957446808502
2024-09-27,19.84,20.62,19.82,20.26,13279101.0,269256202.0,1315184001.0,0.010096762878732738,0.610000000000003,3.1043256997455693,4.071246819338426
2024-09-30,20.73,21.89,20.73,21.75,27367626.0,591421310.0,1315184001.0,0.020808971200372745,1.4899999999999984,7.354392892398809,5.725567620927937
2024-10-08,23.94,23.94,22.4,23.38,30253054.0,708906936.0,1315184001.0,0.02300290603976105,1.629999999999999,7.494252873563223,7.080459770114955
2024-10-09,22.9,23.12,21.8,21.88,24990575.0,566512837.0,1315184001.0,0.01900158075295808,-1.5,-6.415739948674082,5.645851154833192
2024-10-10,22.16,22.66,21.51,21.98,18581284.0,415471496.0,1315184001.0,0.01412827709725158,0.10000000000000142,0.4570383912248621,5.2559414990859175
2024-10-11,21.95,21.97,20.71,20.96,13972389.0,298593335.0,1315184001.0,0.010623904327741285,-1.0199999999999996,-4.640582347588717,5.732484076433112
2024-10-14,21.27,21.98,21.14,21.7,14785103.0,322588611.0,1315184001.0,0.011241851321760414,0.7399999999999984,3.5305343511450316,4.007633587786259
2024-10-15,21.61,21.95,21.18,21.29,12463439.0,271233894.0,1315184001.0,0.009476574373261404,-0.41000000000000014,-1.8894009216589902,3.5483870967741913
2024-10-16,21.14,21.72,20.91,21.16,9646699.0,207308317.0,1315184001.0,0.0073348664465695546,-0.129999999999999,-0.6106153123532132,3.8046031000469647
2024-10-17,21.26,21.88,21.19,21.26,11402262.0,247304676.0,1315184001.0,0.008669708566504985,0.10000000000000142,0.4725897920605071,3.260869565217381
2024-10-18,21.26,22.18,21.01,21.77,24239951.0,532327010.0,1315184001.0,0.018430843883113814,0.509999999999998,2.3988711194731893,5.5032925682031895
2024-10-21,22.07,23.16,22.0,22.64,22684608.0,517285577.0,1315184001.0,0.0172482390165572,0.870000000000001,3.9963252181901776,5.32843362425356
2024-10-22,22.63,22.8,22.17,22.58,14406997.0,327158878.0,1315184001.0,0.010954358469267907,-0.060000000000002274,-0.26501766784453595,2.7826855123674865
2024-10-23,22.62,24.19,22.43,23.38,31324648.0,742997892.0,1315184001.0,0.02381769241123851,0.8000000000000007,3.5429583702391465,7.794508414526137
2024-10-24,23.19,23.34,22.68,23.15,11874760.0,275262137.0,1315184001.0,0.009028972365061488,-0.23000000000000043,-0.9837467921300247,2.822925577416596
2024-10-25,23.01,23.48,22.97,23.36,12282894.0,288018448.0,1315184001.0,0.009339297003811408,0.21000000000000085,0.9071274298056098,2.203023758099359
2024-10-28,23.35,24.38,23.29,23.97,19522892.0,472418123.0,1315184001.0,0.01484422862896429,0.6099999999999994,2.611301369863006,4.666095890410958
2024-10-29,23.92,24.21,23.6,24.08,17319544.0,419034928.0,1315184001.0,0.013168913237106812,0.10999999999999943,0.4589069670421386,2.54484772632457
2024-10-30,23.99,24.5,23.79,23.96,15403630.0,375439162.0,1315184001.0,0.011712148253238977,-0.11999999999999744,-0.4983388704318803,2.948504983388708
2024-10-31,23.91,24.16,23.59,23.76,12316452.0,296870621.0,1315184001.0,0.009364812825152365,-0.1999999999999993,-0.8347245409014992,2.3789649415692833
2024-11-01,23.68,24.05,22.87,22.97,13853365.0,324831146.0,1315184001.0,0.01053340444338328,-0.7900000000000027,-3.3249158249158306,4.9663299663299645
2024-11-04,22.89,24.59,22.89,23.88,20515469.0,494506151.0,1315184001.0,0.015598934433813874,0.9100000000000001,3.961689159773618,7.400957771005656
2024-11-05,24.11,25.21,24.11,24.97,26050716.0,650074749.0,1315184001.0,0.019807658837236723,1.0899999999999999,4.564489112227799,4.606365159128984
2024-11-06,25.07,25.25,24.38,24.65,25197648.0,628218451.0,1315184001.0,0.019159028684078403,-0.3200000000000003,-1.2815378454144932,3.484181017220669
2024-11-07,24.36,24.48,23.47,24.1,21010928.0,506669510.0,1315184001.0,0.015975656626011525,-0.5499999999999972,-2.2312373225152005,4.097363083164307
2024-11-08,24.2,24.73,24.05,24.31,20548761.0,505367047.0,1315184001.0,0.015624248002086212,0.2099999999999973,0.871369294605806,2.821576763485476
2024-11-11,24.42,24.54,23.69,24.26,19472065.0,471846583.0,1315184001.0,0.014805582325510665,-0.04999999999999716,-0.20567667626489872,3.496503496503488
2024-11-12,24.39,24.51,23.21,23.43,16806414.0,402233934.0,1315184001.0,0.012778754902143917,-0.8300000000000018,-3.421269579554831,5.358615004122014
2024-11-13,23.37,23.64,22.78,23.24,13399259.0,312214698.0,1315184001.0,0.01018812499985696,-0.19000000000000128,-0.8109261630388498,3.6705078958600064
2024-11-14,23.24,23.27,22.57,22.66,12382787.0,285630390.0,1315184001.0,0.009415250634576416,-0.5799999999999983,-2.495697074010317,3.0120481927710814
2024-11-15,22.59,22.79,21.9,21.9,13790089.0,311284937.0,1315184001.0,0.01048529254424834,-0.7600000000000016,-3.3539276257722905,3.927625772285969
2024-11-18,21.9,22.36,21.4,21.85,13306338.0,293722645.0,1315184001.0,0.010117472528469422,-0.04999999999999716,-0.22831050228309113,4.383561643835621
2024-11-19,21.9,22.22,21.53,22.12,11715388.0,258866108.0,1315184001.0,0.008907793883663584,0.2699999999999996,1.2356979405034219,3.157894736842095
2024-11-20,22.1,22.52,21.97,22.32,9724362.0,218659573.0,1315184001.0,0.0073939174994571725,0.1999999999999993,0.9041591320072317,2.4864376130198944
2024-11-21,22.22,22.38,21.95,22.09,8317800.0,185988938.0,1315184001.0,0.006324438248697948,-0.23000000000000043,-1.0304659498207913,1.9265232974910382
2024-11-22,22.05,22.12,21.17,21.17,11356807.0,247987788.0,1315184001.0,0.00863514686261759,-0.9199999999999982,-4.164780443639648,4.300588501584424
2024-11-25,21.17,21.27,20.49,20.75,11050772.0,231875288.0,1315184001.0,0.008402453186472423,-0.4200000000000017,-1.983939537080781,3.684459140292872
2024-11-26,20.76,21.36,20.73,20.86,10121891.0,215049187.0,1315184001.0,0.007696178627708231,0.10999999999999943,0.5301204819277094,3.036144578313248
2024-11-27,20.8,21.74,20.67,21.71,12210264.0,263121314.0,1315184001.0,0.009284072791880016,0.8500000000000014,4.074784276126575,5.129434324065181
2024-11-28,21.68,22.05,21.42,21.5,7034916.0,153540679.0,1315184001.0,0.0053489975506476675,-0.21000000000000085,-0.9672961768770194,2.901888530631041
2024-11-29,21.52,22.0,21.26,21.91,10245100.0,224771616.0,1315184001.0,0.007789860576322506,0.41000000000000014,1.9069767441860508,3.441860465116272
2024-12-02,21.9,21.99,21.67,21.76,15255252.0,335386309.0,1315184001.0,0.011599329058444043,-0.14999999999999858,-0.6846188954815036,1.460520310360551
2024-12-03,21.78,21.82,21.52,21.7,7458610.0,163002101.0,1315184001.0,0.005671153233561879,-0.060000000000002274,-0.27573529411766273,1.3786764705882384
2024-12-04,21.57,21.75,21.43,21.52,8801405.0,191744494.0,1315184001.0,0.00669214725339409,-0.17999999999999972,-0.8294930875575979,1.4746543778801857
2024-12-05,21.45,21.75,21.19,21.58,8247065.0,178316487.0,1315184001.0,0.006270654899792991,0.05999999999999872,0.27881040892192566,2.6022304832713696
2024-12-06,21.6,22.05,21.43,21.85,7182214.0,157662575.0,1315184001.0,0.005460995567570017,0.2700000000000031,1.2511584800741549,2.873030583873962
2024-12-09,21.8,21.88,21.28,21.4,7824217.0,169479657.0,1315184001.0,0.005949142472878971,-0.45000000000000284,-2.0594965675057364,2.7459954233409514
2024-12-10,21.9,21.99,21.68,21.72,10305105.0,226826769.0,1315184001.0,0.007835485370993347,0.3200000000000003,1.495327102803734,1.4485981308411155
2024-12-11,21.62,21.76,21.46,21.67,5981810.0,130464049.0,1315184001.0,0.004548268527789064,-0.04999999999999716,-0.2302025782688677,1.381215469613263
2024-12-12,21.75,22.2,21.69,22.19,11600282.0,257936676.0,1315184001.0,0.008820273050143346,0.5199999999999996,2.3996308260267663,2.353484079372395
2024-12-13,22.05,22.05,21.51,21.71,11494180.0,251628171.0,1315184001.0,0.008739598406960852,-0.4800000000000004,-2.163136547994593,2.4335286164939123
2024-12-16,21.66,21.69,21.13,21.33,8631374.0,185889898.0,1315184001.0,0.006562864202603693,-0.38000000000000256,-1.750345462920322,2.5794564716720507
2024-12-17,21.26,21.68,21.2,21.36,6602823.0,142709637.0,1315184001.0,0.0050204556890743384,0.030000000000001137,0.14064697609001975,2.250351617440227
2024-12-18,21.45,21.6,21.26,21.29,5527395.0,119158414.0,1315184001.0,0.004202754136149197,-0.07000000000000028,-0.327715355805247,1.5917602996254676
2024-12-19,21.08,21.45,20.98,21.39,4097376.0,87852908.0,1315184001.0,0.0031154393582073386,0.10000000000000142,0.4697040864255486,2.2076092062000887
2024-12-20,21.37,21.75,21.21,21.61,6150209.0,133865458.0,1315184001.0,0.004676310687571997,0.21999999999999886,1.0285179990649818,2.524544179523138
2024-12-23,21.6,21.78,21.13,21.14,6867333.0,148397609.0,1315184001.0,0.005221575836368466,-0.46999999999999886,-2.1749190189726875,3.007866728366507
2024-12-24,21.12,21.32,21.07,21.17,6443212.0,137646323.0,1315184001.0,0.00489909548405463,0.030000000000001137,0.1419110690633829,1.1825922421948913
2024-12-25,21.1,21.16,20.74,21.06,6059653.0,128109342.0,1315184001.0,0.004607456443655446,-0.11000000000000298,-0.5196032120926009,1.9839395370807824
2024-12-26,21.08,21.71,21.06,21.3,9218782.0,199431985.0,1315184001.0,0.007009499806103557,0.240000000000002,1.139601139601143,3.08641975308643
2024-12-27,21.95,22.48,21.57,22.07,25185455.0,560231885.0,1315184001.0,0.019149757737966885,0.7699999999999996,3.6150234741783915,4.272300469483568
2024-12-30,22.0,22.42,21.8,22.09,14478966.0,323751390.0,1315184001.0,0.01100908008992728,0.019999999999999574,0.09062075215224841,2.809243316719533
2024-12-31,22.06,22.39,21.61,22.04,15410323.0,342765531.0,1315152576.0,0.011717517253298525,-0.05000000000000071,-0.22634676324129188,3.531009506564061
2025-01-02,21.9,22.03,20.49,20.71,18391308.0,394325905.0,1315152576.0,0.01398416300558575,-1.3299999999999983,-6.034482758620685,6.987295825771338
2025-01-03,20.69,20.9,20.0,20.04,12136073.0,249566398.0,1315152576.0,0.009227882164753483,-0.6700000000000017,-3.2351521004345796,4.345726702076284
2025-01-06,20.02,20.23,19.7,19.9,8121455.0,163252685.0,1315152576.0,0.0061752949035777886,-0.14000000000000057,-0.698602794411185,2.644710578842321
2025-01-07,19.91,20.04,19.74,19.98,6603800.0,132636437.0,1315152576.0,0.005021318530269145,0.08000000000000185,0.4020100502512669,1.507537688442215
2025-01-08,19.84,19.97,19.29,19.68,9192455.0,181919351.0,1315152576.0,0.006989649085400111,-0.3000000000000007,-1.501501501501501,3.4034034034034018
2025-01-09,19.62,20.44,19.48,20.25,13280600.0,267560000.0,1315152576.0,0.010098143928206852,0.5700000000000003,2.8963414634146423,4.878048780487809
2025-01-10,20.1,20.59,19.97,20.02,10884297.0,222067622.0,1315152576.0,0.008276071688278396,-0.23000000000000043,-1.1358024691358048,3.0617283950617336
2025-01-13,19.84,20.26,19.58,19.75,7768970.0,155895656.0,1315152576.0,0.005907276571383912,-0.2699999999999996,-1.3486513486513418,3.3966033966034126
2025-01-14,19.72,20.4,19.63,20.31,9611067.0,195592214.0,1315152576.0,0.007307948275653151,0.5599999999999987,2.835443037974672,3.898734177215188
2025-01-15,20.32,20.39,19.77,19.81,8841100.0,178613511.0,1315152576.0,0.0067224899691030226,-0.5,-2.461841457410141,3.0526834071885824
2025-01-16,19.88,20.14,19.47,19.63,10092253.0,200707579.0,1315152576.0,0.007673826736282802,-0.17999999999999972,-0.9086320040383677,3.382130237253921
2025-01-17,19.55,20.32,19.44,20.09,10065939.0,202958343.0,1315152576.0,0.007653818411408411,0.46000000000000085,2.3433520122261964,4.482934284258783
2025-01-20,20.12,20.37,19.97,20.03,6986000.0,141911923.0,1315152576.0,0.005311931199076326,-0.05999999999999872,-0.298656047784962,1.9910403185664616
2025-01-21,20.04,20.11,19.67,19.82,6075000.0,121485382.0,1315152576.0,0.0046192359052946875,-0.21000000000000085,-1.0484273589615567,2.196704942586109
2025-01-22,19.81,19.89,19.56,19.82,5142246.0,102148026.0,1315152576.0,0.003909999564947817,0.0,0.0,1.6649848637739748
2025-01-23,19.99,20.17,19.54,19.55,9439499.0,188701613.0,1315152576.0,0.007177493450007127,-0.2699999999999996,-1.3622603430877844,3.1786074672048565
2025-01-24,19.59,19.71,19.48,19.54,8032085.0,158860295.0,1315152576.0,0.006107340810926564,-0.010000000000001563,-0.0511508951406725,1.1764705882352962
2025-01-27,19.59,19.67,19.37,19.45,6855355.0,134988911.0,1315152576.0,0.005212592915150858,-0.08999999999999986,-0.46059365404298447,1.5353121801432996
2025-02-05,19.55,19.63,19.31,19.39,7797620.0,153100109.0,1315152576.0,0.005929061116023697,-0.05999999999999872,-0.30848329048842604,1.645244215938305
2025-02-06,19.32,19.84,19.26,19.83,15024760.0,297402449.0,1315152576.0,0.011424347466738339,0.4399999999999977,2.2692109334708555,2.991232594120672
2025-02-07,19.77,20.14,19.63,20.07,14064367.0,283200142.0,1315152576.0,0.01069409531385049,0.240000000000002,1.210287443267788,2.5718608169440325
2025-02-10,20.08,20.27,19.96,20.07,9286304.0,188448034.0,1315152576.0,0.007061008866548424,0.0,0.0,1.5445939212755293
2025-02-11,20.04,20.1,19.73,19.8,8949168.0,178920684.0,1315152576.0,0.006804661423557901,-0.2699999999999996,-1.3452914798206206,1.8435475834579025
2025-02-12,19.82,19.89,19.63,19.85,9356358.0,186708438.0,1315152576.0,0.007114275689940937,0.05000000000000071,0.2525252525252597,1.313131313131321
2025-02-13,19.82,20.41,19.76,19.81,18972638.0,383654057.0,1315152576.0,0.014426187764240064,-0.0400000000000027,-0.2015113350126052,3.274559193954653
2025-02-14,19.75,19.85,19.51,19.66,9692732.0,192002328.0,1315152576.0,0.007370043732477166,-0.14999999999999858,-0.757193336698625,1.71630489651691
2025-02-17,19.69,19.76,19.38,19.57,10862655.0,213884227.0,1315152576.0,0.008259615802934791,-0.08999999999999986,-0.45778229908443047,1.932858596134296
2025-02-18,19.58,19.58,19.04,19.16,10404248.0,202729778.0,1315152576.0,0.007911057766121884,-0.41000000000000014,-2.0950434338272927,2.759325498211544
2025-02-19,19.16,19.36,19.09,19.26,12158037.0,235480538.0,1315152576.0,0.009244582888609269,0.10000000000000142,0.5219206680584731,1.4091858037578266
2025-02-20,19.18,19.57,18.94,19.41,11842565.0,231482906.0,1315152576.0,0.009004708059059454,0.14999999999999858,0.7788161993769416,3.2710280373831724
2025-02-21,19.38,19.6,19.24,19.55,14088318.0,276422843.0,1315152576.0,0.01071230688902213,0.14000000000000057,0.7212776919113928,1.8547140649150078
2025-02-24,19.62,19.67,19.37,19.48,11414342.0,224781009.0,1315152576.0,0.00867910097147542,-0.07000000000000028,-0.358056265984652,1.5345268542199524
2025-02-25,19.33,19.38,19.08,19.11,10807192.0,209532129.0,1315152576.0,0.00821744350976354,-0.370000000000001,-1.8993839835728998,1.5400410677618106
2025-02-26,19.13,19.39,19.01,19.23,9103850.0,176313309.0,1315152576.0,0.006922276674307331,0.120000000000001,0.6279434850863463,1.988487702773412
2025-02-27,19.2,19.22,18.71,18.94,12183391.0,232707481.0,1315152576.0,0.009263861260155415,-0.28999999999999915,-1.5080603224128963,2.6521060842433593
2025-02-28,18.88,19.17,18.58,18.64,13644180.0,259628962.0,1315152576.0,0.0103745985439183,-0.3000000000000007,-1.5839493136219684,3.1151003167898805
2025-03-03,18.64,19.01,18.58,18.76,9685022.0,184092324.0,1315152576.0,0.007364181294809706,0.120000000000001,0.6437768240343367,2.306866952789717
2025-03-04,18.92,19.52,18.76,19.31,22479662.0,437773888.0,1315152576.0,0.017092816765314992,0.5499999999999972,2.9317697228144812,4.051172707889115
2025-03-05,19.31,19.45,19.06,19.15,11606308.0,224673228.0,1315152576.0,0.008825065784610531,-0.16000000000000014,-0.8285862247540132,2.019678922837911
2025-03-06,19.21,19.42,19.07,19.29,13654594.0,265241904.0,1315152576.0,0.010382517016793647,0.14000000000000057,0.7310704960835634,1.8276762402088846
2025-03-07,19.33,20.35,19.2,19.87,30372546.0,609612278.0,1315152576.0,0.02309431358327811,0.5800000000000018,3.0067392431311735,5.9616381544842
2025-03-10,20.03,20.7,19.89,20.34,22835198.0,469100742.0,1315152576.0,0.017363154980430194,0.46999999999999886,2.3653749370910804,4.0764972320080455
2025-03-11,20.12,20.8,20.04,20.77,19527166.0,405594939.0,1315152576.0,0.014847833138411462,0.4299999999999997,2.1140609636184804,3.736479842674541
2025-03-12,20.81,20.93,20.45,20.49,15539608.0,322616857.0,1315152576.0,0.011815821436675648,-0.28000000000000114,-1.3480982185845036,2.3110255175734253
2025-03-13,20.47,20.86,20.21,20.66,18323535.0,380006137.0,1315152576.0,0.013932630581715866,0.1700000000000017,0.8296730112250073,3.172279160566123
2025-03-14,20.68,20.77,20.29,20.66,14942601.0,310323793.0,1315152576.0,0.011361876388097499,0.0,0.0,2.3233301064859653
2025-03-17,20.66,20.77,20.49,20.49,9759414.0,202885627.0,1315152576.0,0.007420746594804221,-0.1700000000000017,-0.8228460793804571,1.3552758954501507
2025-03-18,20.52,20.63,20.25,20.33,9215600.0,189643317.0,1315152576.0,0.007007247803923246,-0.16000000000000014,-0.7808687164470474,1.8545632015617326
2025-03-19,20.25,20.37,20.06,20.16,8719401.0,177615775.0,1315152576.0,0.006629953937755128,-0.16999999999999815,-0.836202656173135,1.5248401377275076
2025-03-20,20.17,20.74,19.97,20.31,12841996.0,264101895.0,1315152576.0,0.009764643459893129,0.14999999999999858,0.7440476190476053,3.819444444444442
2025-03-21,20.19,20.58,20.11,20.29,11907024.0,244570470.0,1315152576.0,0.009053720623210793,-0.019999999999999574,-0.0984736582964052,2.314130969965529
2025-03-24,20.18,20.28,19.37,19.61,15181824.0,301848583.0,1315152576.0,0.011543773914183476,-0.6799999999999997,-3.351404632824051,4.4849679645145395
2025-03-25,19.57,19.96,19.54,19.69,9882100.0,197133005.0,1315152576.0,0.007514033109417717,0.08000000000000185,0.4079551249362767,2.141764405915358
2025-03-26,19.62,19.9,19.58,19.69,6846075.0,136464235.0,1315152576.0,0.005205536699644498,0.0,0.0,1.6251904520060958
2025-03-27,19.62,19.95,19.24,19.72,8272641.0,164178263.0,1315152576.0,0.00629025190762353,0.029999999999997584,0.1523616048755505,3.6058913153885266
2025-03-28,19.65,19.85,19.49,19.7,7132488.0,141635818.0,1315152576.0,0.005423315994021974,-0.019999999999999574,-0.10141987829613841,1.8255578093306442
2025-03-31,19.57,19.57,18.79,18.94,15920119.0,305321395.0,1315152576.0,0.01210514984384595,-0.759999999999998,-3.8578680203045557,3.9593908629441685
2025-04-01,19.03,19.33,18.95,19.06,13651580.0,262884640.0,1315152576.0,0.010380225267490181,0.11999999999999744,0.6335797254487741,2.006335797254483
2025-04-02,18.97,19.0,18.24,18.39,27324411.0,508010586.0,1315152576.0,0.020776609116416316,-0.6699999999999982,-3.5152151101783713,3.9874081846799663
2025-04-03,18.23,18.44,18.19,18.31,11370551.0,209917095.0,1315152576.0,0.008645803694186735,-0.08000000000000185,-0.4350190320826619,1.3594344752582925
2025-04-07,17.54,17.74,16.47,16.63,23641880.0,407350248.0,1315152576.0,0.01797653019994541,-1.6799999999999997,-9.17531403604588,6.9361004915346784
2025-04-08,16.64,17.36,16.64,17.35,17239456.0,297505026.0,1315152576.0,0.013108331546164267,0.7200000000000024,4.329524954900799,4.329524954900775
2025-04-09,17.25,18.67,17.15,18.41,24034470.0,438559188.0,1315152576.0,0.01827504309279473,1.0599999999999987,6.109510086455328,8.76080691642653
2025-04-10,18.41,18.63,18.15,18.36,18076406.0,336125455.0,1315152576.0,0.01374472158582458,-0.05000000000000071,-0.27159152634438355,2.607278652906032
2025-04-11,18.21,18.58,18.18,18.3,13132864.0,244020637.0,1315152576.0,0.009985810193934488,-0.05999999999999872,-0.32679738562090277,2.1786492374727593
2025-04-14,18.34,18.41,18.22,18.31,10481000.0,193608416.0,1315152576.0,0.007969417534715,0.00999999999999801,0.054644808743153916,1.0382513661202255
2025-04-15,18.29,18.29,17.79,17.95,10973713.0,198981510.0,1315152576.0,0.008344060757859931,-0.35999999999999943,-1.9661387220098248,2.730748225013654
2025-04-16,18.6,18.61,17.64,17.88,16698404.0,303290961.0,1315152576.0,0.012696932891838096,-0.07000000000000028,-0.3899721448467952,5.403899721448462
2025-04-17,17.77,18.85,17.77,18.5,32473519.0,605792627.0,1315152576.0,0.024691826326924977,0.620000000000001,3.4675615212528044,6.040268456375849
2025-04-18,18.43,18.43,18.09,18.17,13122700.0,241468968.0,1315152576.0,0.009978081813071702,-0.3299999999999983,-1.7837837837837767,1.837837837837837
2025-04-21,18.25,19.19,18.22,19.06,28024362.0,534513588.0,1315152576.0,0.02130882949355984,0.889999999999997,4.898183819482638,5.33847000550359
2025-04-22,18.96,19.27,18.79,18.92,19932538.0,382178541.0,1315152576.0,0.015156065055679136,-0.13999999999999702,-0.7345225603357708,2.518363064008397
2025-04-23,18.86,18.91,18.51,18.59,18619766.0,349650695.0,1315152576.0,0.014157875169610739,-0.33000000000000185,-1.744186046511642,2.1141649048625717
2025-04-24,18.55,18.58,18.26,18.37,12576461.0,233631682.0,1315152576.0,0.009562739129668861,-0.21999999999999886,-1.1834319526627168,1.7213555675093961
2025-04-25,18.34,18.47,18.2,18.37,9023384.0,166867563.0,1315152576.0,0.006861092898775571,0.0,0.0,1.469787697332605
2025-04-28,18.27,18.37,17.83,17.92,11656403.0,211186195.0,1315152576.0,0.008863156422088018,-0.4499999999999993,-2.4496461622210086,2.9395753946652294
2025-04-29,17.64,17.71,17.02,17.59,11913339.0,209813465.0,1315152576.0,0.00905852234744815,-0.33000000000000185,-1.8415178571428714,3.850446428571435
2025-04-30,17.56,17.81,17.54,17.72,8413876.0,150162694.0,1315152576.0,0.006397642489201192,0.129999999999999,0.7390562819783897,1.5349630471858988
2025-05-06,17.76,18.03,17.76,18.02,8251901.0,149392026.0,1315152576.0,0.006274481874261256,0.3000000000000007,1.6930022573363512,1.5237020316027063
2025-05-07,18.24,19.04,18.23,18.81,32215143.0,606298036.0,1315152576.0,0.024495365471572477,0.7899999999999991,4.384017758046621,4.49500554938956
2025-05-08,18.78,19.48,18.56,19.38,28607932.0,551478137.0,1315152576.0,0.021752557476646724,0.5700000000000003,3.0303030303030276,4.891015417331216
2025-05-09,19.37,19.38,18.82,18.91,19221404.0,368480438.0,1315152576.0,0.014615341482629617,-0.46999999999999886,-2.42518059855521,2.8895768833849265
2025-05-12,18.94,20.04,18.79,19.63,33666977.0,665784666.0,1315152576.0,0.025599293659445337,0.7199999999999989,3.807509254362773,6.610259122157588
2025-05-13,19.58,19.88,19.37,19.4,22931308.0,452453823.0,1315152576.0,0.01743623395374013,-0.23000000000000043,-1.1716760061130982,2.598064187468151
2025-05-14,19.39,19.59,19.07,19.14,15373900.0,297795695.0,1315152576.0,0.011689822367804114,-0.259999999999998,-1.3402061855670055,2.6804123711340186
2025-05-15,19.12,19.38,18.84,18.96,11802000.0,226680808.0,1315152576.0,0.00897386372910089,-0.17999999999999972,-0.940438871473348,2.821316614420058
2025-05-16,18.95,19.24,18.78,18.8,11163500.0,213389163.0,1315152576.0,0.008488368729013538,-0.16000000000000014,-0.8438818565400852,2.4261603375527283
2025-05-19,18.91,19.32,18.74,19.32,15217525.0,292676904.0,1315152576.0,0.011570919813945603,0.5199999999999996,2.765957446808498,3.085106382978733
2025-05-20,19.21,19.22,18.9,19.04,12418269.0,238396919.0,1315152576.0,0.009442454987063037,-0.28000000000000114,-1.449275362318847,1.656314699792962
2025-05-21,18.96,19.18,18.87,19.04,8499200.0,162884009.0,1315152576.0,0.006462520132721088,0.0,0.0,1.6281512605041952
2025-05-22,18.93,19.16,18.8,18.8,9765306.0,186942865.0,1315152576.0,0.0074252266833563195,-0.23999999999999844,-1.2605042016806678,1.8907563025210055
2025-05-23,18.81,18.96,18.63,18.67,7770042.0,147353445.0,1315152576.0,0.0059080916859337845,-0.129999999999999,-0.6914893617021245,1.7553191489361801
2025-05-26,18.63,18.78,18.52,18.73,5858539.0,110330071.0,1315152576.0,0.004454645876768598,0.05999999999999872,0.32137118371717843,1.3926084627745128
2025-05-27,18.67,18.67,18.37,18.56,7116057.0,132777432.0,1315152576.0,0.005410822386588247,-0.1700000000000017,-0.9076348104645082,1.6017084890549957
2025-05-28,18.54,18.64,18.39,18.43,5349506.0,99832216.0,1315152576.0,0.004067593447043516,-0.129999999999999,-0.7004310344827513,1.3469827586206897
2025-05-29,18.43,19.28,18.35,19.18,18864910.0,360060141.0,1315152576.0,0.01434427483492227,0.75,4.069451980466621,5.04612045577862
2025-05-30,19.33,20.1,19.28,19.28,45501885.0,904348353.0,1315152576.0,0.034598179580343995,0.10000000000000142,0.5213764337852034,4.275286757038583
2025-06-03,19.62,19.96,19.29,19.48,26588133.0,524583048.0,1315152576.0,0.020216766849111202,0.1999999999999993,1.0373443983402453,3.4751037344398426
2025-06-04,19.52,19.61,19.19,19.32,17904585.0,349200139.0,1315152576.0,0.01361407438706184,-0.16000000000000014,-0.8213552361396315,2.15605749486652
2025-06-05,19.33,19.82,19.04,19.49,23051996.0,451895412.0,1315152576.0,0.01752800125298922,0.16999999999999815,0.8799171842650111,4.037267080745347
2025-06-06,19.68,20.07,19.42,19.45,19730033.0,391558517.0,1315152576.0,0.015002086723662395,-0.03999999999999915,-0.20523345305284435,3.3350436121087665
2025-06-09,19.61,19.92,19.52,19.6,20254201.0,402409139.0,1315152576.0,0.015400647323828075,0.15000000000000213,0.7712082262210984,2.05655526992289
2025-06-10,19.52,19.57,18.95,19.15,15631110.0,303144396.0,1315152576.0,0.011885396634010014,-0.45000000000000284,-2.2959183673469497,3.1632653061224536
2025-06-11,19.18,19.33,19.06,19.24,8740176.0,169440473.0,1315152576.0,0.00664575058399916,0.08999999999999986,0.4699738903394257,1.4099216710182747
2025-06-12,19.19,19.22,19.07,19.16,6537300.0,126378685.0,1315152576.0,0.004970754054927236,-0.0799999999999983,-0.4158004158004047,0.7796257796257723
2025-06-13,19.35,19.42,19.09,19.24,18705452.0,362808561.0,1315152576.0,0.014223028066364826,0.0799999999999983,0.41753653444676075,1.7223382045929114
2025-06-16,19.24,19.24,18.91,19.02,13532200.0,259724125.0,1315152576.0,0.010289452529650826,-0.21999999999999886,-1.1434511434511352,1.7151767151767066
2025-06-17,19.03,19.12,18.86,19.0,8547474.0,163638325.0,1315152576.0,0.006499226139979062,-0.019999999999999574,-0.1051524710830698,1.3669821240799243
2025-06-18,18.93,19.13,18.91,18.98,10374800.0,199156575.0,1315152576.0,0.007888666447777996,-0.019999999999999574,-0.10526315789473051,1.1578947368420993
2025-06-19,18.95,18.95,18.53,18.71,13326600.0,251196895.0,1315152576.0,0.010133120858518549,-0.2699999999999996,-1.4225500526870327,2.212855637513162
2025-06-20,18.67,18.71,18.45,18.5,8276039.0,154936526.0,1315152576.0,0.006292835638258294,-0.21000000000000085,-1.1223944414751497,1.389631213254952
2025-06-23,18.53,18.74,18.45,18.66,7847845.0,147413846.0,1315152576.0,0.005967250601347718,0.16000000000000014,0.864864864864856,1.567567567567563
2025-06-24,18.54,18.76,18.42,18.65,16061946.0,301501321.0,1315152576.0,0.012212990563309363,-0.010000000000001563,-0.0535905680600246,1.822079314040728
2025-06-25,18.66,19.25,18.58,19.19,27171676.0,521792715.0,1315152576.0,0.02066047430226073,0.5400000000000027,2.895442359249345,3.5924932975871413
2025-06-26,19.19,19.6,19.13,19.26,24673278.0,478570461.0,1315152576.0,0.018760772286241564,0.07000000000000028,0.36477331943720603,2.44919228764983
2025-06-27,19.26,19.86,19.26,19.53,25072697.0,491473743.0,1315152576.0,0.019064477732506073,0.2699999999999996,1.4018691588784993,3.1152647975077765
2025-06-30,19.63,20.98,19.63,20.75,46760217.0,958524950.0,1315184001.0,0.03555412547935945,1.2199999999999989,6.246799795186875,6.912442396313372
2025-07-01,20.85,20.88,20.54,20.7,27426946.0,567339676.0,1315184001.0,0.0208540751553744,-0.05000000000000071,-0.24096385542169418,1.6385542168674692
2025-07-02,20.63,20.63,20.2,20.33,19145300.0,390164001.0,1315184001.0,0.014557126596311143,-0.370000000000001,-1.7874396135265758,2.0772946859903367
2025-07-03,20.3,20.52,20.25,20.31,11497201.0,233714676.0,1315184001.0,0.008741895423954446,-0.019999999999999574,-0.0983767830791904,1.3280865715691077
2025-07-04,20.31,20.5,20.0,20.26,14077110.0,285490508.0,1315184001.0,0.010703528927736706,-0.04999999999999716,-0.2461841457410019,2.461841457410143
2025-07-07,20.22,20.27,19.95,20.01,11889910.0,239054610.0,1315184001.0,0.009040491665774149,-0.25,-1.2339585389930852,1.5794669299111563
2025-07-08,20.03,20.16,19.92,20.15,10762900.0,215877498.0,1315184001.0,0.008183569745234454,0.13999999999999702,0.6996501749125361,1.199400299850067
2025-07-09,20.18,20.45,19.86,19.92,15091100.0,304072168.0,1315184001.0,0.011474516104610066,-0.22999999999999687,-1.1414392059553191,2.92803970223325
2025-07-10,19.81,20.09,19.67,20.06,10315700.0,205252031.0,1315184001.0,0.00784354127799339,0.13999999999999702,0.7028112449799062,2.1084337349397497
2025-07-11,19.99,20.57,19.95,20.42,19376110.0,393810107.0,1315184001.0,0.014732622952581067,0.360000000000003,1.7946161515453696,3.0907278165503542
2025-07-14,20.4,20.47,20.19,20.23,9049268.0,183777344.0,1315184001.0,0.006880609856202167,-0.19000000000000128,-0.9304603330068661,1.3712047012732496
2025-07-15,20.17,20.27,19.94,20.02,10559616.0,211747687.0,1315184001.0,0.00802900277981712,-0.21000000000000085,-1.038062283737029,1.6312407315867437
2025-07-16,20.02,20.14,19.89,19.99,6748701.0,134998290.0,1315184001.0,0.005131374009164213,-0.030000000000001137,-0.14985014985015033,1.2487512487512489
2025-07-17,20.01,20.58,19.96,20.51,19333665.0,393164253.0,1315184001.0,0.014700349901838564,0.5200000000000031,2.601300650325178,3.101550775387681
2025-07-18,20.51,21.04,20.42,20.84,27233630.0,565248663.0,1315184001.0,0.02070708735758108,0.3299999999999983,1.6089712335445983,3.0229156509019863
2025-07-21,20.8,20.96,20.67,20.81,14090155.0,293061992.0,1315184001.0,0.010713447691947707,-0.030000000000001137,-0.14395393474089246,1.3915547024951975
2025-07-22,20.8,21.06,20.64,20.85,13600032.0,283236308.0,1315184001.0,0.010340782726720532,0.0400000000000027,0.1922152811148603,2.0182604517059017
2025-07-23,20.86,20.92,20.45,20.5,14062522.0,290083813.0,1315184001.0,0.010692436943657742,-0.3500000000000014,-1.6786570743405393,2.254196642685863
2025-07-24,20.5,21.14,20.49,21.07,21168902.0,442402075.0,1315184001.0,0.016095772138274362,0.5700000000000003,2.7804878048780513,3.1707317073170835
2025-07-25,21.2,21.32,20.9,21.15,16350802.0,345169983.0,1315184001.0,0.012432330371695268,0.0799999999999983,0.37968675842430244,1.993355481727583
2025-07-28,21.15,21.62,21.02,21.55,20534413.0,439168677.0,1315184001.0,0.015613338501978933,0.40000000000000213,1.891252955082745,2.8368794326241202
2025-07-29,21.45,21.87,21.3,21.77,19341523.0,416925744.0,1315184001.0,0.014706324731211508,0.21999999999999886,1.0208816705336465,2.6450116009280755
2025-07-30,21.7,22.23,21.24,21.45,25715886.0,558931739.0,1315184001.0,0.01955307088623868,-0.3200000000000003,-1.4699127239320209,4.547542489664686
2025-07-31,21.23,21.58,21.0,21.09,17975400.0,381222866.0,1315184001.0,0.013667593269331445,-0.35999999999999943,-1.6783216783216703,2.7039627039626963
2025-08-01,21.09,21.13,20.71,20.9,14801654.0,308847439.0,1315184001.0,0.011254435872657792,-0.19000000000000128,-0.9009009009009028,1.9914651493598774
2025-08-04,20.8,21.43,20.8,21.31,18406768.0,391536032.0,1315184001.0,0.013995583877240307,0.41000000000000014,1.9617224880382755,3.0143540669856415
2025-08-05,21.28,21.55,21.17,21.33,15683568.0,334437968.0,1315184001.0,0.011924999078512969,0.019999999999999574,0.0938526513373894,1.783200375410601
2025-08-06,21.3,21.86,21.27,21.64,21328342.0,461641565.0,1315184001.0,0.016217002323464243,0.3100000000000023,1.453352086263493,2.766057196436943
2025-08-07,21.6,21.68,21.37,21.49,13107832.0,281865525.0,1315184001.0,0.009966538514788396,-0.15000000000000213,-0.6931608133087019,1.432532347504615
2025-08-08,21.42,21.63,21.31,21.34,11847900.0,253983582.0,1315184001.0,0.009008549367230327,-0.14999999999999858,-0.697999069334565,1.4890646812470931
2025-08-11,21.34,21.65,21.32,21.35,14451836.0,309754592.0,1315184001.0,0.010988451797627974,0.010000000000001563,0.046860356138722636,1.5463917525773117
2025-08-12,21.35,21.45,20.95,21.13,13492963.0,284943281.0,1315184001.0,0.010259372825202121,-0.22000000000000242,-1.0304449648712022,2.34192037470726
2025-08-13,21.11,21.33,20.86,20.9,18377532.0,386521421.0,1315184001.0,0.013973354288089457,-0.23000000000000043,-1.0884997633696214,2.2243256034074723
2025-08-14,20.93,20.99,20.31,20.48,17675033.0,364049367.0,1315184001.0,0.013439209256317588,-0.41999999999999815,-2.0095693779904167,3.2535885167464107
2025-08-15,20.46,20.78,20.33,20.76,12655131.0,260967618.0,1315184001.0,0.009622327362846319,0.28000000000000114,1.3671875,2.1972656250000138
2025-08-18,20.87,21.08,20.72,20.87,15395432.0,321770432.0,1315184001.0,0.011705914904906146,0.10999999999999943,0.5298651252408471,1.7341040462427717
2025-08-19,20.87,20.88,20.5,20.6,12196101.0,251579303.0,1315184001.0,0.009273303956500913,-0.2699999999999996,-1.2937230474365125,1.8207954000958264
2025-08-20,20.58,20.96,20.45,20.83,14686908.0,304343792.0,1315184001.0,0.011167188765095083,0.22999999999999687,1.116504854368916,2.475728155339813
2025-08-21,20.8,20.98,20.75,20.88,14234275.0,297271362.0,1315184001.0,0.010823029316944984,0.05000000000000071,0.2400384061449934,1.104176668266925
2025-08-22,20.88,21.08,20.69,21.06,16897251.0,352849057.0,1315184001.0,0.012847822804377317,0.17999999999999972,0.8620689655172376,1.867816091954009
2025-08-25,21.1,21.33,21.0,21.27,20239157.0,428568695.0,1315184001.0,0.0153888406372121,0.21000000000000085,0.9971509971510084,1.566951566951559
2025-08-26,21.27,21.28,21.03,21.07,13386105.0,282687248.0,1315184001.0,0.010178123357508817,-0.1999999999999993,-0.9402914903620108,1.1753643629525155
2025-08-27,21.09,21.29,20.67,20.68,21881110.0,460968335.0,1315184001.0,0.0166372994070508,-0.39000000000000057,-1.8509729473184633,2.9425723777883124
2025-08-28,20.61,20.99,20.13,20.93,19067949.0,392274532.0,1315184001.0,0.014498312772586716,0.25,1.208897485493221,4.158607350096709
2025-08-29,20.9,21.1,20.73,21.09,19183662.0,401916486.0,1315184001.0,0.01458629513848534,0.16000000000000014,0.7644529383659782,1.7677974199713378
2025-09-01,21.08,21.08,20.63,20.94,17606291.0,366032647.0,1315184001.0,0.013386941284727505,-0.14999999999999858,-0.7112375533428139,2.133712660028446
2025-09-02,20.9,20.92,20.27,20.51,14322065.0,293310545.0,1315184001.0,0.010889780433087857,-0.4299999999999997,-2.0534861509073576,3.1041069723018246
2025-09-03,20.53,20.6,19.35,19.5,20506471.0,406604559.0,1315184001.0,0.015592092805575422,-1.0100000000000016,-4.924427108727459,6.094588005850804
2025-09-04,19.43,19.45,18.76,18.95,16765480.0,319527144.0,1315184001.0,0.012747630740073153,-0.5500000000000007,-2.8205128205128216,3.5384615384615272
2025-09-05,18.97,19.12,18.88,19.06,11041871.0,209904332.0,1315184001.0,0.008395685312172529,0.10999999999999943,0.5804749340369453,1.2664907651715145
2025-09-08,19.07,19.27,18.98,19.22,9845670.0,188218235.0,1315184001.0,0.007486154022945722,0.16000000000000014,0.8394543546694555,1.5215110178384006
2025-09-09,19.23,19.26,18.88,19.01,9391700.0,179299326.0,1315184001.0,0.007140977987003356,-0.2099999999999973,-1.092611862643067,1.977107180020825
2025-09-10,18.96,19.28,18.96,19.08,7832342.0,149893160.0,1315184001.0,0.005955320315670415,0.06999999999999673,0.36822724881639957,1.6833245660178866
2025-09-11,19.04,19.33,18.93,19.3,10644345.0,203867429.0,1315184001.0,0.008093426464971116,0.22000000000000242,1.1530398322851187,2.0964360587002027
2025-09-12,19.3,19.36,19.15,19.16,9157848.0,176095411.0,1315184001.0,0.006963168646392316,-0.14000000000000057,-0.7253886010362698,1.0880829015544085
2025-09-15,19.16,19.18,18.9,18.93,9141086.0,173638418.0,1315184001.0,0.006950423661669832,-0.23000000000000043,-1.2004175365344483,1.4613778705636802
2025-09-16,18.91,18.99,18.68,18.91,7623085.0,143606925.0,1315184001.0,0.005796211780407751,-0.019999999999999574,-0.10565240359218242,1.6376122556788097
2025-09-17,18.92,19.04,18.7,19.0,8575461.0,162356119.0,1315184001.0,0.006520350759650094,0.08999999999999986,0.4759386567953383,1.7979904812268632
2025-09-18,18.95,19.21,18.71,18.78,12021723.0,228066726.0,1315184001.0,0.009140715664773359,-0.21999999999999886,-1.1578947368421022,2.631578947368421
2025-09-19,18.77,19.25,18.77,19.09,11915647.0,227416616.0,1315184001.0,0.009060060790687796,0.3099999999999987,1.650692225772099,2.5559105431309925
2025-09-22,19.07,19.14,18.71,18.96,10541305.0,198765270.0,1315184001.0,0.00801508001312738,-0.129999999999999,-0.6809848088004111,2.2524882137244613
2025-09-23,18.96,19.41,18.66,19.31,16480726.0,313775403.0,1315184001.0,0.012531118069767335,0.34999999999999787,1.8459915611814148,3.9556962025316453
2025-09-24,19.17,19.35,19.1,19.28,9440300.0,181320995.0,1315184001.0,0.0071779309912697155,-0.029999999999997584,-0.1553599171413622,1.2946659761781463
2025-09-25,19.2,19.22,19.02,19.09,8192390.0,156509248.0,1315184001.0,0.006229082769993337,-0.19000000000000128,-0.9854771784232441,1.0373443983402453
2025-09-26,19.07,19.79,18.99,19.62,19706127.0,385031860.0,1315184001.0,0.01498355133959693,0.5300000000000011,2.7763226820324727,4.190675746464121
2025-09-29,19.62,19.65,19.3,19.56,13796447.0,269474343.0,1315184001.0,0.010490126848798246,-0.060000000000002274,-0.3058103975535298,1.783893985728837
2025-09-30,19.65,20.16,19.53,20.1,18474561.0,368659053.0,1315184001.0,0.01404713027679235,0.5400000000000027,2.7607361963190247,3.2208588957055166
2025-10-09,20.06,20.1,19.67,20.01,13852860.0,275963731.0,1315184001.0,0.010533020466692859,-0.08999999999999986,-0.4477611940298498,2.139303482587063
2025-10-10,20.06,20.22,19.84,19.87,11428028.0,228606034.0,1315184001.0,0.008689299741565211,-0.14000000000000057,-0.6996501749125472,1.8990504747626136
2025-10-13,19.51,20.1,19.41,19.96,12939783.0,257599859.0,1315184001.0,0.00983876247746417,0.08999999999999986,0.45294413688978796,3.472571716155014
2025-10-14,20.0,20.31,19.84,19.86,14093649.0,282459733.0,1315184001.0,0.010716104354435497,-0.10000000000000142,-0.5010020040080221,2.3547094188376696
2025-10-15,19.84,20.01,19.7,19.97,8655946.0,171924899.0,1315184001.0,0.006581547519904783,0.10999999999999943,0.5538771399798526,1.560926485397796
2025-10-16,20.0,20.22,19.78,19.95,9685833.0,193064635.0,1315184001.0,0.007364621978852676,-0.019999999999999574,-0.10015022533800266,2.203304957436143
2025-10-17,19.81,19.99,19.35,19.44,8567141.0,168230395.0,1315184001.0,0.0065140246486316555,-0.509999999999998,-2.556390977443601,3.208020050125299
2025-10-20,19.59,19.66,19.25,19.37,6217000.0,120742270.0,1315184001.0,0.004727095216542252,-0.07000000000000028,-0.36008230452675427,2.109053497942387
2025-10-21,19.44,19.59,19.35,19.38,7079783.0,137687870.0,1315184001.0,0.005383112168804432,0.00999999999999801,0.05162622612286949,1.239029426948882
2025-10-22,19.31,19.31,18.93,19.0,10532437.0,201019073.0,1315184001.0,0.008008337230373593,-0.379999999999999,-1.9607843137254832,1.9607843137254852
2025-10-23,19.0,19.02,18.71,19.01,7430029.0,140049997.0,1315184001.0,0.005649421673583756,0.010000000000001563,0.052631578947370805,1.6315789473684146
2025-10-24,19.15,19.49,19.05,19.16,11872264.0,228488779.0,1315184001.0,0.009027074531755956,0.14999999999999858,0.7890583903208848,2.31457127827458
2025-10-27,19.26,19.29,19.04,19.2,10621612.0,203637939.0,1315184001.0,0.008076141431103068,0.03999999999999915,0.20876826722338038,1.3048016701461378
2025-10-28,19.18,19.29,19.01,19.03,12649269.0,242016177.0,1315184001.0,0.009617870191837895,-0.16999999999999815,-0.8854166666666607,1.4583333333333208
2025-10-29,19.0,19.09,18.89,19.07,10647329.0,202024776.0,1315184001.0,0.008095695349019076,0.03999999999999915,0.21019442984759884,1.0509721492380413
2025-10-30,19.05,19.05,18.72,18.78,14060011.0,264533547.0,1315184001.0,0.01069052770510398,-0.28999999999999915,-1.5207131620346037,1.7304667016255997
2025-10-31,18.86,18.86,18.72,18.77,8273615.0,155452898.0,1315184001.0,0.006290842189160724,-0.010000000000001563,-0.05324813631524261,0.7454739084132085
2025-11-03,18.73,18.78,18.56,18.77,9738435.0,181700372.0,1315184001.0,0.007404617903346894,0.0,0.0,1.1720831113479084
2025-11-04,18.73,18.79,18.51,18.58,7527224.0,140176852.0,1315184001.0,0.005723323880367064,-0.19000000000000128,-1.0122535961641033,1.4917421417154906
2025-11-05,18.5,18.62,18.44,18.57,5495582.0,101917004.0,1315184001.0,0.004178565125352373,-0.00999999999999801,-0.053821313240032254,0.9687836383207736
2025-11-06,18.6,19.09,18.55,18.99,16188920.0,306812019.0,1315184001.0,0.012309243412093484,0.41999999999999815,2.2617124394184174,2.9079159935379595
2025-11-07,18.9,18.95,18.8,18.91,6584844.0,124292482.0,1315184001.0,0.005006785358545432,-0.0799999999999983,-0.42127435492363974,0.7898894154818252
2025-11-10,18.9,19.04,18.77,18.97,7453494.0,140926667.0,1315184001.0,0.005667263283565445,0.05999999999999872,0.3172924378635589,1.4278159703860367
2025-11-11,18.97,19.06,18.88,18.99,7343690.0,139267200.0,1315184001.0,0.005583773825119699,0.019999999999999574,0.10542962572481773,0.9488666315234565
2025-11-12,18.99,18.99,18.7,18.84,6477198.0,121752695.0,1315184001.0,0.004924936735145093,-0.14999999999999858,-0.7898894154818259,1.527119536598205
2025-11-13,18.77,18.88,18.71,18.82,5895538.0,110836501.0,1315184001.0,0.004482671622767102,-0.019999999999999574,-0.10615711252653925,0.9023354564755741
2025-11-14,18.93,19.02,18.83,18.85,8674192.0,164177892.0,1315184001.0,0.006595420863852191,0.030000000000001137,0.15940488841659217,1.0095642933050013
2025-11-17,19.16,19.21,18.93,19.16,13722902.0,261782934.0,1315184001.0,0.010434206916724803,0.3099999999999987,1.644562334217503,1.4854111405835602
2025-11-18,19.1,19.16,18.85,18.95,8349352.0,158513307.0,1315184001.0,0.006348428808175564,-0.21000000000000085,-1.096033402922758,1.6179540709812041
2025-11-19,18.94,19.2,18.92,19.15,12476656.0,238328583.0,1315184001.0,0.009486623917652112,0.1999999999999993,1.055408970976246,1.477572559366742
2025-11-20,19.15,19.15,18.91,18.92,6595700.0,125209099.0,1315184001.0,0.005015039716864682,-0.22999999999999687,-1.2010443864229559,1.2532637075717934
2025-11-21,18.8,18.96,18.39,18.66,10701512.0,199766214.0,1315184001.0,0.008136893386676775,-0.26000000000000156,-1.374207188160681,3.0126849894291765
2025-11-24,18.7,19.45,18.7,19.45,23286590.0,447313453.0,1315184001.0,0.017705955959237678,0.7899999999999991,4.233654876741699,4.019292604501608
2025-11-25,19.32,19.46,19.19,19.39,13948197.0,269099229.0,1315184001.0,0.010605509943395366,-0.05999999999999872,-0.30848329048842604,1.3881748071979414
2025-11-26,19.42,19.42,18.77,18.82,15765637.0,299456794.0,1315184001.0,0.011987400232980784,-0.5700000000000003,-2.93965961835998,3.3522434244456014
2025-11-27,18.76,18.87,18.75,18.77,5924600.0,111389615.0,1315184001.0,0.004504768911038479,-0.05000000000000071,-0.2656748140276388,0.6376195536663177
2025-11-28,18.78,18.85,18.59,18.83,6559326.0,122770201.0,1315184001.0,0.004987382750255947,0.05999999999999872,0.3196590303675917,1.3851891315929759
2025-12-01,18.9,19.12,18.86,18.98,8825858.0,167756979.0,1315184001.0,0.006710740089059219,0.15000000000000213,0.7966011683483876,1.3807753584705342
2025-12-02,18.91,18.98,18.72,18.77,7154000.0,134714054.0,1315184001.0,0.005439543055998595,-0.21000000000000085,-1.1064278187565946,1.3698630136986383
2025-12-03,18.78,18.83,18.52,18.59,8912693.0,166161178.0,1315184001.0,0.00677676507106476,-0.17999999999999972,-0.9589770911028195,1.6515716568993004
2025-12-04,18.53,18.93,18.53,18.74,7377567.0,138359901.0,1315184001.0,0.005609532198073021,0.14999999999999858,0.8068854222700317,2.1516944593867593
2025-12-05,18.71,19.17,18.51,19.11,16398497.0,309726054.0,1315184001.0,0.012468595259318396,0.370000000000001,1.9743863393810068,3.521878335112061
2025-12-08,19.15,19.45,19.01,19.08,20826912.0,400986790.0,1315184001.0,0.015835740082121026,-0.030000000000001137,-0.15698587127158659,2.3024594453165763
2025-12-09,18.92,19.18,18.91,19.01,10968514.0,208740473.0,1315184001.0,0.008339908325876905,-0.06999999999999673,-0.36687631027252365,1.4150943396226394
2025-12-10,19.0,19.57,18.97,19.37,18325797.0,354774431.0,1315184001.0,0.013934017586942954,0.35999999999999943,1.8937401367701279,3.1562335612835426
2025-12-11,19.38,19.53,19.1,19.27,12788104.0,247675058.0,1315184001.0,0.009723433367708676,-0.10000000000000142,-0.516262261228706,2.2199277232834267
2025-12-12,19.29,19.65,19.2,19.51,18087913.0,352392248.0,1315184001.0,0.013753142515607594,0.240000000000002,1.245459263103288,2.3352361183186265
2025-12-15,19.43,19.67,19.2,19.52,18936115.0,369472040.0,1315184001.0,0.014398072806239984,0.00999999999999801,0.05125576627369455,2.409021014864184
2025-12-16,19.51,19.9,18.93,19.7,28590676.0,555933416.0,1315184001.0,0.02173891712358201,0.17999999999999972,0.9221311475409832,4.969262295081962
2025-12-17,19.59,19.86,19.0,19.41,22124490.0,427474947.0,1315184001.0,0.016822353361337763,-0.28999999999999915,-1.4720812182741128,4.365482233502535
2025-12-18,19.25,20.21,19.2,19.9,36186877.0,717039817.0,1315184001.0,0.02751468765776143,0.48999999999999844,2.5244719216898526,5.203503348789292
2025-12-19,19.71,21.25,19.71,20.81,58617697.0,1207266247.0,1315184001.0,0.044569958998459565,0.9100000000000001,4.572864321608039,7.73869346733668
2025-12-22,20.9,20.98,20.26,20.33,32272768.0,662054373.0,1315184001.0,0.02453859534138296,-0.4800000000000004,-2.3065833733781904,3.4598750600672705
2025-12-23,20.32,20.89,19.94,20.04,28770346.0,585368201.0,1315184001.0,0.021875529186885234,-0.28999999999999915,-1.4264633546482997,4.67289719626168
2025-12-24,19.9,20.55,19.72,20.44,24487137.0,496200756.0,1315184001.0,0.01861879172905176,0.40000000000000213,1.9960079840319445,4.141716566866277
2025-12-25,20.44,21.69,20.4,21.23,55654975.0,1178036912.0,1315184001.0,0.04231725367529011,0.7899999999999991,3.8649706457925648,6.311154598825844
2025-12-26,21.05,21.17,20.68,20.95,35011108.0,732464942.0,1315184001.0,0.02662069183732414,-0.28000000000000114,-1.3188883655204986,2.3080546396608668
2025-12-29,21.09,21.16,20.71,20.85,24635385.0,513920460.0,1315184001.0,0.01873151207836203,-0.09999999999999787,-0.4773269689737347,2.147971360381858
2025-12-30,20.85,21.48,20.6,20.92,37801066.0,795409345.0,1315184001.0,0.028742036073475623,0.07000000000000028,0.3357314148681123,4.220623501199036
2025-12-31,20.71,21.6,20.71,21.31,39237649.0,832731311.0,1315184001.0,0.029834341788043086,0.389999999999997,1.8642447418737884,4.25430210325048
2026-01-05,21.52,21.76,20.88,21.37,43905437.0,934657643.0,1315184001.0,0.033383493843155414,0.060000000000002274,0.2815579540122126,4.129516658845624
2026-01-06,21.2,22.82,21.13,22.44,57873587.0,1275633074.0,1315184001.0,0.0440041750477468,1.0700000000000003,5.007019185774442,7.908282639213857
2026-01-07,22.22,22.7,21.78,22.08,42255196.0,934572968.0,1315184001.0,0.0321287332934945,-0.360000000000003,-1.6042780748663277,4.099821746880562
2026-01-08,22.0,23.19,21.83,22.91,58738518.0,1332450907.0,1315184001.0,0.04466182523155557,0.8300000000000018,3.759057971014501,6.1594202898550865
2026-01-09,22.99,24.14,22.78,23.33,79593565.0,1862584281.0,1315184001.0,0.06051895775760733,0.41999999999999815,1.8332605848974115,5.936272370144039
2026-01-12,23.5,25.55,23.29,24.87,86544304.0,2092636978.0,1315184001.0,0.06580395133623589,1.5400000000000027,6.600942991855985,9.687098156879562
2026-01-13,24.65,24.65,22.51,22.72,73545312.0,1694188760.0,1315184001.0,0.05592016930260696,-2.150000000000002,-8.644953759549667,8.604744672295926
2026-01-14,22.69,23.15,21.88,22.12,68818067.0,1549972006.0,1315184001.0,0.05232580912455914,-0.5999999999999979,-2.640845070422526,5.589788732394364
2026-01-15,21.9,22.19,21.55,21.86,35795077.0,780837540.0,1315184001.0,0.02721678257398449,-0.26000000000000156,-1.175406871609408,2.8933092224231487
2026-01-16,22.01,22.12,21.23,21.4,32057748.0,690556580.0,1315184001.0,0.02437510490975019,-0.46000000000000085,-2.104300091491307,4.071363220494056
2026-01-19,21.25,23.54,21.21,23.54,58459749.0,1321579175.0,1315184001.0,0.04444986325529366,2.1400000000000006,10.000000000000009,10.887850467289713
2026-01-20,24.0,25.48,23.8,24.52,120688648.0,2949396425.0,1315184001.0,0.0917655992684175,0.9800000000000004,4.1631265930331285,7.136788445199659
2026-01-21,24.08,25.05,23.86,24.29,69432117.0,1687587762.0,1315184001.0,0.052792701969615885,-0.23000000000000043,-0.938009787928229,4.85318107667211
2026-01-22,23.98,26.18,23.98,25.94,94359908.0,2414037921.0,1315184001.0,0.07174654491558098,1.6500000000000021,6.792918896665312,9.057225195553723
2026-01-23,25.69,25.91,25.04,25.33,80479784.0,2040643472.0,1315184001.0,0.06119279426970462,-0.610000000000003,-2.351580570547429,3.353893600616812
2026-01-26,24.88,25.3,23.94,23.94,61824880.0,1508905198.0,1315184001.0,0.047008540214138445,-1.389999999999997,-5.487564153178037,5.369127516778521
2026-01-27,24.01,26.33,24.01,26.33,104290504.0,2665704483.0,1315184001.0,0.07929727241260746,2.389999999999997,9.983291562238916,9.690893901420203
2026-01-28,26.31,26.81,25.6,25.79,74010920.0,1924172253.0,1315184001.0,0.056274194290476316,-0.5399999999999991,-2.0508925180402593,4.595518420053161
2026-01-29,25.4,26.6,25.39,25.39,60496017.0,1564525371.0,1315184001.0,0.045998139388862595,-0.3999999999999986,-1.5509887553315171,4.691740984877863
2026-01-30,25.01,25.58,23.7,24.43,54197641.0,1321226403.0,1315184001.0,0.04120916994032077,-0.9600000000000009,-3.7810161480897997,7.404489956675853
2026-02-02,24.44,24.87,23.48,23.51,35827026.0,858564589.0,1315184001.0,0.02724107499236527,-0.9199999999999982,-3.7658616455177985,5.68972574703234
2026-02-03,23.93,25.86,23.61,25.86,48024981.0,1204497185.0,1315184001.0,0.03651578863754745,2.349999999999998,9.995746490854952,9.570395576350489
2026-02-04,26.37,28.19,26.2,27.42,121883960.0,3313654692.0,1315184001.0,0.09267445460659919,1.5600000000000023,6.032482598607891,7.695282289249815
2026-02-05,26.75,28.7,26.64,27.93,93010016.0,2595111784.0,1315184001.0,0.07072015469263604,0.509999999999998,1.8599562363238453,7.512764405543394
2026-02-06,27.59,27.73,26.31,26.6,71197303.0,1913701189.0,1315184001.0,0.05413486093646603,-1.3299999999999983,-4.761904761904756,5.084138918725391
2026-02-09,27.3,27.82,26.39,27.0,64359999.0,1736210607.0,1315184001.0,0.04893611764670486,0.3999999999999986,1.5037593984962294,5.375939849624059
2026-02-10,27.0,28.39,26.5,27.86,76066859.0,2104073977.0,1315184001.0,0.057837427266574544,0.8599999999999994,3.18518518518518,7.000000000000002
2026-02-11,27.36,27.55,26.58,26.7,53967913.0,1455261669.0,1315184001.0,0.04103449628262319,-1.1600000000000001,-4.163675520459442,3.481694185211782
2026-02-12,26.6,27.8,26.4,27.41,49502974.0,1349127849.0,1315184001.0,0.03763958044072953,0.7100000000000009,2.659176029962551,5.2434456928839035
2026-02-13,27.42,30.15,27.3,29.45,109092824.0,3170201726.0,1315184001.0,0.08294871585804822,2.039999999999999,7.4425392192630335,10.397665085735126
2026-02-24,29.65,29.75,28.58,28.63,80013513.0,2333073588.0,1315184001.0,0.06083826516986348,-0.8200000000000003,-2.7843803056027183,3.9728353140916868
2026-02-25,28.63,28.93,28.11,28.3,54618642.0,1545313885.0,1315184001.0,0.04152927800100269,-0.3299999999999983,-1.152637093957376,2.864128536500176
2026-02-26,28.16,28.93,27.38,28.65,63589991.0,1794145666.0,1315184001.0,0.04835064215474744,0.34999999999999787,1.2367491166077604,5.477031802120144
2026-02-27,28.27,28.77,27.62,27.86,50173838.0,1405616365.0,1315184001.0,0.03814967180398357,-0.7899999999999991,-2.7574171029668415,4.013961605584637
2026-03-02,28.01,28.92,27.26,28.29,60975531.0,1719070088.0,1315184001.0,0.04636273780219138,0.4299999999999997,1.543431442928922,5.958363244795406
2026-03-03,27.93,27.93,25.46,25.46,67295123.0,1773213020.0,1315184001.0,0.05116783883383022,-2.8299999999999983,-10.003534817956872,8.731000353481793
2026-03-04,24.89,26.06,24.71,25.5,43744920.0,1118105653.0,1315184001.0,0.03326144476114259,0.03999999999999915,0.15710919088767206,5.30243519245875
2026-03-05,25.7,25.96,24.9,25.38,43133109.0,1091858272.0,1315184001.0,0.0327962543394717,-0.120000000000001,-0.47058823529412264,4.1568627450980475
2026-03-06,25.13,27.39,25.07,26.27,60436931.0,1598312427.0,1315184001.0,0.04595321335573333,0.8900000000000006,3.506698187549251,9.14105594956659
2026-03-09,25.8,26.1,24.94,25.74,35637684.0,908579650.0,1315184001.0,0.02709710882500311,-0.5300000000000011,-2.0175104682147005,4.415683288922726
2026-03-10,25.89,26.92,25.83,26.05,32245306.0,845949886.0,1315184001.0,0.02451771461292282,0.3100000000000023,1.2043512043512061,4.234654234654248
2026-03-11,26.1,26.19,25.11,25.28,33226662.0,846167031.0,1315184001.0,0.025263888531746215,-0.7699999999999996,-2.955854126679458,4.145873320537435
2026-03-12,25.1,25.15,24.03,24.37,42250629.0,1033537879.0,1315184001.0,0.032125260775583295,-0.9100000000000001,-3.5996835443038,4.430379746835433
2026-03-13,24.26,24.28,23.44,23.52,33224189.0,790802810.0,1315184001.0,0.025262008186487966,-0.8500000000000014,-3.487894952810844,3.4468608945424695
2026-03-16,23.52,23.81,23.25,23.6,20738062.0,488241639.0,1315184001.0,0.015768182995103207,0.08000000000000185,0.3401360544217802,2.3809523809523756
2026-03-17,23.76,23.9,22.9,23.03,20195675.0,471893821.0,1315184001.0,0.01535577910364194,-0.5700000000000003,-2.4152542372881336,4.23728813559322
2026-03-18,23.1,23.44,22.92,23.42,18510886.0,429392582.0,1315184001.0,0.014074749986256865,0.39000000000000057,1.6934433347807198,2.2579244463742922
2026-03-19,23.12,23.13,22.42,22.59,21277789.0,483615483.0,1315184001.0,0.01617856435587829,-0.8300000000000018,-3.543979504696848,3.0315969257045143
2026-03-20,22.75,22.82,21.92,21.93,21169976.0,472168856.0,1315184001.0,0.016096588754047656,-0.6600000000000001,-2.921646746347939,3.984063745019914
2026-03-23,21.61,21.79,20.8,20.95,27274064.0,580001221.0,1315184001.0,0.02073783134471083,-0.9800000000000004,-4.468764249886004,4.514363885088912
2026-03-24,21.26,21.49,20.83,21.48,23155855.0,491219065.0,1315184001.0,0.01760655161741129,0.5300000000000011,2.5298329355608606,3.150357995226731
2026-03-25,21.9,22.12,21.63,21.93,20638565.0,451881644.0,1315184001.0,0.015692530462891482,0.4499999999999993,2.0949720670391025,2.2811918063314804
2026-03-26,21.95,22.2,21.43,21.66,19790240.0,430631391.0,1315184001.0,0.015047506649223602,-0.2699999999999996,-1.2311901504787892,3.511171910624713
2026-03-27,21.2,21.8,21.2,21.54,17303801.0,371960694.0,1315184001.0,0.013156943048914111,-0.120000000000001,-0.5540166204986208,2.770083102493081
2026-03-30,21.2,21.96,21.12,21.88,19161551.0,415331992.0,1315184001.0,0.014569483042243913,0.33999999999999986,1.5784586815227541,3.899721448467966
2026-03-31,22.17,22.49,21.68,21.71,23129297.0,511063063.0,1315184001.0,0.017586358245244498,-0.16999999999999815,-0.7769652650822634,3.7020109689213836
2026-04-01,22.1,22.16,21.4,21.59,17997200.0,389569929.0,1315184001.0,0.013684168896759564,-0.120000000000001,-0.5527406725011508,3.5006909258406336
2026-04-02,21.5,22.03,21.2,21.39,19509299.0,421306401.0,1315184001.0,0.014833893193017941,-0.1999999999999993,-0.9263547938860528,3.8443723946271504
2026-04-03,21.51,21.59,20.7,20.72,16311734.0,342050430.0,1315184001.0,0.01240262502250436,-0.6700000000000017,-3.1323048153342747,4.160822814399254
2026-04-07,20.9,21.11,20.32,20.47,16369196.0,336786902.0,1315184001.0,0.012446316247425215,-0.25,-1.2065637065637014,3.812741312741309
2026-04-08,20.99,21.55,20.95,21.49,24840876.0,529116213.0,1315184001.0,0.01888775713596899,1.0199999999999996,4.98290180752321,2.9311187103077745
2026-04-09,21.26,21.33,20.98,21.04,17675403.0,373215497.0,1315184001.0,0.013439490585773936,-0.4499999999999993,-2.0939972080037172,1.6286644951139968
2026-04-10,21.18,21.48,21.14,21.15,21176101.0,450993688.0,1315184001.0,0.01610124589707505,0.10999999999999943,0.5228136882129197,1.6159695817490487
2026-04-13,21.0,21.4,20.92,21.13,18520778.0,392324142.0,1315184001.0,0.014082271367289846,-0.019999999999999574,-0.09456264775413725,2.269503546099276
2026-04-14,21.35,21.58,21.08,21.35,20794188.0,441431220.0,1315184001.0,0.01581085839258168,0.22000000000000242,1.0411736867013799,2.36630383341221
2026-04-15,21.47,22.1,21.4,21.83,42268185.0,922300482.0,1315184001.0,0.032138609478112104,0.4799999999999969,2.2482435597189543,3.2786885245901773
2026-04-16,21.74,21.84,21.42,21.75,25541592.0,553608013.0,1315184001.0,0.019420546463901213,-0.0799999999999983,-0.3664681630783262,1.9239578561612378
2026-04-17,21.73,21.75,21.4,21.65,17915616.0,386938186.0,1315184001.0,0.013622136511984531,-0.10000000000000142,-0.45977011494253706,1.609195402298857
2026-04-20,21.68,22.12,21.33,21.97,36441829.0,793524293.0,1315184001.0,0.027708540380883176,0.3200000000000003,1.4780600461893778,3.6489607390300356
2026-04-21,21.98,22.13,21.42,21.6,26406759.0,571862842.0,1315184001.0,0.020078376090282138,-0.36999999999999744,-1.6841147018661684,3.2316795630404975
2026-04-22,21.41,21.42,21.09,21.4,20399301.0,433693269.0,1315184001.0,0.015510606108718928,-0.20000000000000284,-0.9259259259259411,1.5277777777777861
2026-04-23,21.33,22.15,21.18,21.45,35334636.0,766078593.0,1315184001.0,0.02686668631395555,0.05000000000000071,0.23364485981309802,4.532710280373826
2026-04-24,21.3,21.49,20.91,20.96,21164018.0,445836945.0,1315184001.0,0.016092058589450557,-0.48999999999999844,-2.2843822843822803,2.7039627039626963
2026-04-27,20.81,20.96,20.55,20.85,15565454.0,323625573.0,1315184001.0,0.011835191112547605,-0.10999999999999943,-0.5248091603053395,1.956106870229008
2026-04-28,20.76,20.8,19.96,20.07,23400203.0,474543367.0,1315184001.0,0.01779234159038405,-0.7800000000000011,-3.7410071942446055,4.028776978417265
2026-04-29,20.0,20.37,19.96,20.3,13888684.0,281056810.0,1315184001.0,0.01056025924086648,0.23000000000000043,1.1459890383657134,2.0428500249128057
2026-04-30,20.3,20.91,20.16,20.73,19100908.0,395827157.0,1315184001.0,0.01452337314434834,0.4299999999999997,2.118226600985218,3.694581280788177
2026-05-06,20.9,21.63,20.9,21.4,26508741.0,566022113.0,1315184001.0,0.020155918091950695,0.6699999999999982,3.232030873130709,3.5214664737096015
2026-05-07,21.52,21.87,21.38,21.77,24182817.0,522421334.0,1315184001.0,0.018387402052954263,0.370000000000001,1.728971962616832,2.2897196261682335
2026-05-08,21.73,23.1,21.56,23.03,54430330.0,1230652682.0,1315184001.0,0.04138609499401902,1.2600000000000016,5.787781350482324,7.073954983922842
2026-05-11,23.03,23.32,22.72,23.0,42266779.0,970611940.0,1315184001.0,0.03213754042617798,-0.030000000000001137,-0.13026487190621605,2.605297438124192
2026-05-12,22.99,22.99,22.15,22.46,33110072.0,743360963.0,1315184001.0,0.02517523933900105,-0.5399999999999991,-2.347826086956517,3.652173913043478
2026-05-13,22.41,23.46,22.08,22.99,43412349.0,991601391.0,1315184001.0,0.033008574440528037,0.5299999999999976,2.3597506678539437,6.14425645592165
2026-05-14,22.9,22.96,21.89,21.9,29538654.0,657194801.0,1315184001.0,0.022459712084043213,-1.0899999999999999,-4.7411918225315315,4.654197477163986
2026-05-15,21.97,22.45,21.23,21.47,29565603.0,643334281.0,1315184001.0,0.02248020275301387,-0.4299999999999997,-1.963470319634697,5.570776255707758
2026-05-18,21.39,21.73,20.97,21.2,22053314.0,469716171.0,1315184001.0,0.016768234698134835,-0.2699999999999996,-1.257568700512346,3.5398230088495652
2026-05-19,21.2,21.48,20.9,21.44,16517996.0,350014166.0,1315184001.0,0.012559456309870364,0.240000000000002,1.132075471698113,2.7358490566037825
2026-05-20,21.3,21.87,21.28,21.66,20812157.0,449942232.0,1315184001.0,0.015824521119611766,0.21999999999999886,1.0261194029850706,2.75186567164179
2026-05-21,21.66,22.16,21.08,21.09,25348127.0,550068862.0,1315184001.0,0.01927344537397547,-0.5700000000000003,-2.631578947368418,4.986149584487543
2026-05-22,21.3,21.38,20.55,20.91,21773178.0,454379724.0,1315184001.0,0.016555233323584204,-0.17999999999999972,-0.8534850640113834,3.9355144618302433
2026-05-25,21.03,21.58,20.8,21.12,19011005.0,401236537.0,1315184001.0,0.01445501540890475,0.21000000000000085,1.0043041606886627,3.730272596843604
2026-05-26,20.91,21.04,20.22,20.63,19112150.0,391750662.0,1315184001.0,0.014531920997722051,-0.490000000000002,-2.320075757575768,3.882575757575759
2026-05-27,20.56,20.76,19.8,19.89,20246593.0,407737741.0,1315184001.0,0.01539449459893483,-0.7399999999999984,-3.587009209888503,4.6534173533688845
2026-05-28,19.88,20.47,19.75,20.09,16875709.0,340194710.0,1315184001.0,0.012831443347218759,0.1999999999999993,1.0055304172951196,3.6199095022624377
2026-05-29,20.16,20.23,19.02,19.14,24713542.0,480397823.0,1315184001.0,0.01879093874409137,-0.9499999999999993,-4.728720756595317,6.022896963663518
2026-06-01,19.16,19.44,19.12,19.17,12500486.0,240585069.0,1315184001.0,0.00950474305534074,0.030000000000001137,0.15673981191222097,1.6718913270637423
2026-06-02,19.16,19.28,18.55,18.75,14173654.0,265523647.0,1315184001.0,0.010776936146746815,-0.4200000000000017,-2.1909233176838905,3.808033385498176
2026-06-03,18.76,18.99,18.55,18.69,13646603.0,256268092.0,1315184001.0,0.010376192981076265,-0.05999999999999872,-0.31999999999999806,2.3466666666666547
2026-06-04,18.55,18.81,18.25,18.81,15588807.0,288903299.0,1315184001.0,0.011852947563342507,0.11999999999999744,0.6420545746388395,2.996254681647933
2026-06-05,18.78,19.09,18.58,18.81,17191059.0,324530811.0,1315184001.0,0.013071219682514979,0.0,0.0,2.711323763955351
2026-06-08,18.7,19.16,18.25,18.49,21930470.0,411083642.0,1315184001.0,0.0166748302772275,-0.3200000000000003,-1.7012227538543367,4.83785220627326
2026-06-09,18.57,18.62,18.18,18.4,11122485.0,203845183.0,1315184001.0,0.008456980157562,-0.08999999999999986,-0.48674959437533527,2.379664683612771
2026-06-10,18.22,18.7,17.93,18.05,13620094.0,247818524.0,1315184001.0,0.010356036866053695,-0.34999999999999787,-1.90217391304347,4.1847826086956506
2026-06-11,17.97,18.29,17.76,18.18,13714200.0,247474274.0,1315184001.0,0.010427590352051432,0.129999999999999,0.720221606648197,2.936288088642646
2026-06-12,18.45,19.95,18.44,19.49,45042401.0,871279562.0,1315184001.0,0.03424798428642077,1.3099999999999987,7.205720572057195,8.305830583058295
2026-06-15,19.0,19.19,18.64,18.99,27618928.0,522185374.0,1315184001.0,0.0210000486464251,-0.5,-2.5654181631605932,2.8219599794766586
2026-06-16,19.0,19.12,18.78,19.03,18896903.0,358682914.0,1315184001.0,0.014368257966666066,0.0400000000000027,0.21063717746183652,1.7904160084254865
2026-06-17,18.92,19.07,18.76,18.91,13735179.0,259431509.0,1315184001.0,0.01044354173222641,-0.120000000000001,-0.6305832895428298,1.6290068313189632
2026-06-18,18.81,19.24,18.54,18.79,17554874.0,331383939.0,1315184001.0,0.013347846374843484,-0.120000000000001,-0.6345848757271288,3.7017451084082458
