date,open,high,low,close,volume,amount,outstanding_share,turnover,change,pct_chg,amplitude
2023-03-06,8.13,8.39,8.07,8.36,17324480.0,162787590.0,667147543.0,0.02596798891306117,,,
2023-03-07,8.36,8.82,8.24,8.28,27419590.0,264118972.0,667147543.0,0.04109973916219609,-0.08000000000000007,-0.9569377990430672,6.937799043062203
2023-03-08,8.34,8.43,8.1,8.19,14079743.0,130538258.0,667147543.0,0.02110439159632789,-0.08999999999999986,-1.0869565217391242,3.9855072463768124
2023-03-09,8.21,8.43,8.12,8.3,11785806.0,110688937.0,667147543.0,0.01766596628236402,0.11000000000000121,1.3431013431013605,3.785103785103791
2023-03-10,8.28,8.31,8.13,8.17,8670187.0,80817925.0,667147543.0,0.012995906364298789,-0.13000000000000078,-1.5662650602409678,2.168674698795177
2023-03-13,8.17,8.39,8.07,8.34,11913326.0,111361467.0,667147543.0,0.01785710840877668,0.16999999999999993,2.080783353733162,3.916768665850677
2023-03-14,8.34,8.52,8.28,8.38,12220174.0,116347999.0,667147543.0,0.01831704864721356,0.040000000000000924,0.4796163069544557,2.8776978417266212
2023-03-15,8.4,8.55,8.34,8.5,9866390.0,94720405.0,667147543.0,0.01478891753933957,0.11999999999999922,1.4319809069212264,2.505966587112182
2023-03-16,8.45,8.66,8.25,8.43,11482823.0,109575039.0,667147543.0,0.01721181936512056,-0.07000000000000028,-0.8235294117647118,4.823529411764707
2023-03-17,8.5,8.63,8.46,8.52,8926829.0,86670487.0,667147543.0,0.013380591885054728,0.08999999999999986,1.067615658362997,2.016607354685646
2023-03-20,8.58,8.66,8.34,8.37,9884678.0,94945135.0,667147543.0,0.01481632976650264,-0.15000000000000036,-1.760563380281699,3.7558685446009425
2023-03-21,8.45,8.65,8.35,8.58,10247617.0,98939498.0,667147543.0,0.015360345859806307,0.21000000000000085,2.508960573476715,3.5842293906810125
2023-03-22,8.58,8.79,8.54,8.69,9359504.0,91779553.0,667147543.0,0.014029136580362105,0.10999999999999943,1.2820512820512775,2.9137529137529135
2023-03-23,8.68,8.68,8.56,8.67,8148017.0,79589001.0,667147543.0,0.012213215930257874,-0.019999999999999574,-0.23014959723820505,1.38089758342922
2023-03-24,8.67,8.67,8.54,8.6,8260573.0,80475977.0,667147543.0,0.012381928235625684,-0.07000000000000028,-0.8073817762399127,1.4994232987312661
2023-03-27,8.65,8.96,8.46,8.93,15767834.0,156027444.0,667147543.0,0.023634702946061813,0.33000000000000007,3.8372093023255838,5.813953488372093
2023-03-28,9.03,9.82,8.78,9.82,49915532.0,537015512.0,667147543.0,0.07481932973258361,0.8900000000000006,9.966405375139974,11.646136618141108
2023-03-29,9.48,9.88,9.13,9.62,45240097.0,482016549.0,667147543.0,0.06781123227489724,-0.20000000000000107,-2.0366598778004175,7.637474541751526
2023-03-30,9.36,9.42,8.65,8.65,33416039.0,340861738.0,667147543.0,0.050087929350284666,-0.9699999999999989,-10.08316008316007,8.004158004158
2023-03-31,8.7,9.25,8.7,9.15,25617853.0,260529849.0,667147543.0,0.0383990816855935,0.5,5.780346820809257,6.358381502890182
2023-04-03,8.98,9.8,8.97,9.75,28140278.0,301593174.0,667147543.0,0.042179991960189234,0.5999999999999996,6.557377049180313,9.07103825136612
2023-04-04,9.7,10.06,9.48,9.69,26986260.0,298658978.0,667147543.0,0.04045021267506939,-0.0600000000000005,-0.6153846153846176,5.948717948717949
2023-04-06,9.58,9.62,9.05,9.15,19336120.0,203341624.0,667147543.0,0.028983273944246542,-0.5399999999999991,-5.5727554179566425,5.882352941176455
2023-04-07,9.23,9.62,8.94,9.55,23190258.0,246642356.0,667147543.0,0.03476031388157267,0.40000000000000036,4.371584699453557,7.431693989071035
2023-04-10,9.44,9.85,9.43,9.65,19386149.0,211893294.0,667147543.0,0.029058263353298447,0.09999999999999964,1.0471204188481575,4.3979057591623025
2023-04-11,9.51,10.52,9.39,10.36,28419655.0,325794336.0,667147543.0,0.04259875540004799,0.7099999999999991,7.357512953367862,11.709844559585482
2023-04-12,10.23,11.35,10.13,11.33,37766772.0,463589863.0,667147543.0,0.0566093248731338,0.9700000000000006,9.36293436293436,11.776061776061766
2023-04-13,11.1,11.36,10.55,10.67,43084428.0,534337987.0,667147543.0,0.06458005946669582,-0.6600000000000001,-5.825242718446599,7.149161518093545
2023-04-14,10.59,10.76,9.92,10.3,25681310.0,300887775.0,667147543.0,0.03849419857640096,-0.3699999999999992,-3.467666354264287,7.872539831302716
2023-04-17,10.22,10.22,9.67,9.84,19784814.0,221363881.0,667147543.0,0.029655829819941346,-0.46000000000000085,-4.466019417475731,5.339805825242725
2023-04-18,9.78,9.86,9.42,9.7,19074396.0,207873894.0,667147543.0,0.02859097091810769,-0.14000000000000057,-1.4227642276422814,4.471544715447149
2023-04-19,9.67,10.04,9.64,9.85,19857544.0,222241402.0,667147543.0,0.029764846184856593,0.15000000000000036,1.546391752577314,4.123711340206171
2023-04-20,9.9,10.84,9.89,10.84,44328284.0,539686003.0,667147543.0,0.06644449861970038,0.9900000000000002,10.050761421319798,9.644670050761414
2023-04-21,10.84,11.53,10.37,10.59,52292497.0,649513712.0,667147543.0,0.07838220727734885,-0.25,-2.306273062730624,10.701107011070112
2023-04-24,10.65,11.65,10.45,11.65,40566517.0,516398162.0,667147543.0,0.06080591531159997,1.0600000000000005,10.009442870632679,11.331444759206809
2023-04-25,11.65,11.96,11.0,11.38,52125608.0,676150652.0,667147543.0,0.07813205421637893,-0.2699999999999996,-2.3175965665236054,8.240343347639492
2023-04-26,11.22,12.26,10.48,12.06,61382603.0,792919176.0,667147543.0,0.09200753812863852,0.6799999999999997,5.975395430579966,15.641476274165194
2023-04-27,11.78,13.23,11.12,11.47,64609228.0,893828391.0,667147543.0,0.09684398702791895,-0.5899999999999999,-4.892205638474289,17.49585406301825
2023-04-28,11.48,12.46,10.99,12.29,47000802.0,638067850.0,667147543.0,0.07045038611496468,0.8199999999999985,7.14908456843939,12.816041848299916
2023-05-04,12.23,13.52,12.23,13.52,63193882.0,920566546.0,667147543.0,0.09472249828850828,1.2300000000000004,10.008136696501225,10.496338486574444
2023-05-05,13.1,13.34,12.17,12.35,52580924.0,757496979.0,667147543.0,0.07881453593242117,-1.17,-8.653846153846157,8.653846153846153
2023-05-08,11.89,12.49,11.46,12.0,37973715.0,513259815.0,667147543.0,0.056919515628044516,-0.34999999999999964,-2.8340080971659853,8.340080971659916
2023-05-09,11.76,11.76,11.07,11.27,36471955.0,471038675.0,667147543.0,0.05466849931874815,-0.7300000000000004,-6.083333333333341,5.7499999999999964
2023-05-10,11.26,11.61,10.99,11.19,22482797.0,288185691.0,667147543.0,0.033699887282654654,-0.08000000000000007,-0.7098491570541321,5.501330967169469
2023-05-11,11.18,11.65,10.95,11.42,24194583.0,311690050.0,667147543.0,0.0362657155135472,0.23000000000000043,2.0554066130473725,6.255585344057203
2023-05-12,11.22,11.22,10.32,10.52,27652389.0,334391697.0,667147543.0,0.0414486859618098,-0.9000000000000004,-7.8809106830122655,7.880910683012263
2023-05-15,10.56,10.63,9.78,10.26,22435954.0,258494325.0,667147543.0,0.03362967342892545,-0.2599999999999998,-2.4714828897338337,8.079847908745261
2023-05-16,10.45,10.49,9.91,9.97,18801407.0,216346915.0,667147543.0,0.02818178257159526,-0.28999999999999915,-2.826510721247555,5.6530214424951275
2023-05-17,9.99,10.25,9.79,9.92,15458741.0,175072269.0,667147543.0,0.02317139763490068,-0.05000000000000071,-0.5015045135406293,4.613841524573729
2023-05-18,10.15,10.52,9.92,10.33,14430859.0,168505830.0,667147543.0,0.021630685972563044,0.41000000000000014,4.133064516129026,6.04838709677419
2023-05-19,10.19,10.35,9.7,9.81,19574162.0,220211047.0,667147543.0,0.029340079575171277,-0.5199999999999996,-5.03388189738625,6.292352371732821
2023-05-22,9.82,9.95,9.66,9.89,12303937.0,136754787.0,667147543.0,0.0184426025833389,0.08000000000000007,0.815494393476035,2.956167176350654
2023-05-23,9.8,10.0,9.7,9.72,9242660.0,102957647.0,667147543.0,0.013853996911145037,-0.16999999999999993,-1.7189079878665359,3.033367037411534
2023-05-24,9.72,9.9,9.47,9.82,11454246.0,126046975.0,667147543.0,0.017168984762340644,0.09999999999999964,1.0288065843621297,4.4238683127571985
2023-05-25,9.7,9.91,9.13,9.33,20697251.0,219742074.0,667147543.0,0.031023498800474485,-0.4900000000000002,-4.989816700611005,7.942973523421582
2023-05-26,9.33,9.8,9.3,9.65,14085900.0,152768672.0,667147543.0,0.021113620439429544,0.3200000000000003,3.4297963558413747,5.359056806002144
2023-05-29,9.75,10.29,9.64,10.09,19994425.0,225748624.0,667147543.0,0.02997001969023215,0.4399999999999995,4.559585492227969,6.735751295336772
2023-05-30,9.97,10.45,9.71,10.33,19639092.0,227661080.0,667147543.0,0.029437404373383116,0.2400000000000002,2.378592666005952,7.333994053518319
2023-05-31,10.22,10.55,10.22,10.39,18230958.0,214534786.0,667147543.0,0.027326725836416668,0.0600000000000005,0.5808325266214887,3.1945788964182
2023-06-01,10.33,11.29,10.27,11.03,25052137.0,308614271.0,667147543.0,0.03755111933313378,0.6399999999999988,6.159769008662153,9.817131857555337
2023-06-02,11.13,12.09,10.84,10.97,32783601.0,420857983.0,667147543.0,0.04913995613710894,-0.05999999999999872,-0.5439709882139487,11.332728921124207
2023-06-05,10.89,12.0,10.81,11.64,33431644.0,440799491.0,667147543.0,0.05011131997828552,0.6699999999999999,6.107566089334537,10.84776663628076
2023-06-06,11.58,12.13,11.47,11.75,27127764.0,364596239.0,667147543.0,0.04066231568209493,0.10999999999999943,0.9450171821305808,5.670103092783505
2023-06-07,11.81,12.0,11.42,11.86,18742937.0,250955584.0,667147543.0,0.028094140788883937,0.10999999999999943,0.9361702127659521,4.9361702127659575
2023-06-08,11.82,12.19,11.56,12.1,26851405.0,361837292.0,667147543.0,0.040248075979199105,0.2400000000000002,2.023608768971341,5.31197301854974
2023-06-09,12.1,13.29,11.93,13.03,28635128.0,414261777.0,667147543.0,0.04292173193239205,0.9299999999999997,7.68595041322313,11.239669421487598
2023-06-12,13.5,14.34,13.14,13.28,50162442.0,781331359.0,667147543.0,0.07518942777549883,0.25,1.9186492709132752,9.209516500383724
2023-06-13,12.99,13.93,12.99,13.62,34424805.0,529561815.0,667147543.0,0.0515999876806861,0.33999999999999986,2.5602409638554313,7.078313253012045
2023-06-14,13.52,14.16,12.97,13.23,32688723.0,497713614.0,667147543.0,0.04899774171843124,-0.3899999999999988,-2.8634361233480066,8.73715124816446
2023-06-15,13.39,13.97,13.1,13.18,21053673.0,322834490.0,667147543.0,0.031557746439905575,-0.05000000000000071,-0.3779289493575311,6.575963718820869
2023-06-16,12.85,13.68,12.79,13.35,24464605.0,367075713.0,667147543.0,0.036670456567955916,0.16999999999999993,1.2898330804248959,6.752655538694998
2023-06-19,13.31,13.6,12.44,12.54,27002410.0,393920075.0,667147543.0,0.04047442021382068,-0.8100000000000005,-6.067415730337078,8.689138576779028
2023-06-20,12.65,12.84,12.17,12.24,23314388.0,328737774.0,667147543.0,0.03494637467322577,-0.29999999999999893,-2.392344497607646,5.342902711323764
2023-06-21,12.34,12.35,11.23,11.32,24004849.0,314360834.0,667147543.0,0.035981319652405586,-0.9199999999999999,-7.516339869281041,9.150326797385615
2023-06-26,11.32,11.36,10.19,10.19,30779846.0,366417371.0,667147543.0,0.046136490080725664,-1.1300000000000008,-9.982332155477035,10.335689045936395
2023-06-27,10.2,10.66,10.02,10.46,25855555.0,304728968.0,667147543.0,0.03875537768412347,0.27000000000000135,2.6496565260059057,6.280667320902852
2023-06-28,10.47,10.48,9.92,10.18,23313766.0,267577974.0,667147543.0,0.034945442345727114,-0.28000000000000114,-2.6768642447418833,5.3537284894837525
2023-06-29,10.18,10.52,10.12,10.49,25774700.0,302364127.0,667147543.0,0.03863418260389216,0.3100000000000005,3.045186640471509,3.929273084479375
2023-06-30,10.41,10.57,10.09,10.32,20706873.0,241517261.0,667147543.0,0.031037921397246305,-0.16999999999999993,-1.62059103908484,4.575786463298384
2023-07-03,10.29,10.29,9.72,9.84,23149334.0,259004512.0,667147543.0,0.034698972128268786,-0.4800000000000004,-4.651162790697683,5.523255813953474
2023-07-04,9.88,9.88,9.67,9.75,14874126.0,164156626.0,667147543.0,0.022295107215886126,-0.08999999999999986,-0.9146341463414642,2.1341463414634236
2023-07-05,9.69,9.76,9.47,9.51,16268313.0,177073112.0,667147543.0,0.024384880332235594,-0.2400000000000002,-2.4615384615384595,2.9743589743589656
2023-07-06,9.53,9.71,9.46,9.49,15549103.0,168873032.0,667147543.0,0.023306842936240867,-0.019999999999999574,-0.2103049421661396,2.6288117770767614
2023-07-07,9.45,9.55,9.18,9.44,13996919.0,148614747.0,667147543.0,0.020980245144963383,-0.05000000000000071,-0.5268703898840932,3.8988408851422656
2023-07-10,9.6,9.69,9.39,9.68,19459571.0,203466190.0,667147543.0,0.02916831697002892,0.2400000000000002,2.5423728813559254,3.177966101694904
2023-07-11,9.67,9.71,9.34,9.53,15935035.0,166298331.0,667147543.0,0.02388532366969985,-0.15000000000000036,-1.5495867768595128,3.822314049586787
2023-07-12,9.5,9.69,9.3,9.34,11905600.0,123138619.0,667147543.0,0.01784552776206507,-0.1899999999999995,-1.9937040923399763,4.092339979013629
2023-07-13,9.41,9.72,9.33,9.63,16590239.0,173171015.0,667147543.0,0.02486742126846145,0.2900000000000009,3.104925053533192,4.1755888650963655
2023-07-14,9.6,9.95,9.6,9.8,20263731.0,217708293.0,667147543.0,0.03037368751877424,0.16999999999999993,1.7653167185877505,3.634475597092415
2023-07-17,9.77,9.82,9.46,9.55,15223780.0,159473011.0,667147543.0,0.022819210172823793,-0.25,-2.5510204081632626,3.6734693877550963
2023-07-18,9.54,9.56,9.38,9.41,9345235.0,96403170.0,667147543.0,0.014007748507888907,-0.14000000000000057,-1.465968586387445,1.8848167539266985
2023-07-19,9.39,9.64,9.38,9.61,13131091.0,136980236.0,667147543.0,0.019682439271158345,0.1999999999999993,2.125398512221044,2.7630180658873513
2023-07-20,9.65,9.75,9.42,9.44,11274418.0,117231947.0,667147543.0,0.016899437190912355,-0.16999999999999993,-1.768990634755463,3.4339229968782528
2023-07-21,9.47,9.5,9.27,9.41,11058700.0,113426014.0,667147543.0,0.016576093423460305,-0.02999999999999936,-0.3177966101694851,2.4364406779661065
2023-07-24,9.4,9.66,9.38,9.55,11086035.0,115571006.0,667147543.0,0.01661706636908052,0.14000000000000057,1.4877789585547418,2.9755579171094513
2023-07-25,9.62,9.75,9.51,9.6,12970160.0,136787982.0,667147543.0,0.019441216768447275,0.049999999999998934,0.5235602094240788,2.5130890052356043
2023-07-26,9.57,9.61,9.22,9.27,15622660.0,159381936.0,667147543.0,0.02341709890701044,-0.33000000000000007,-3.4375000000000044,4.062499999999988
2023-07-27,9.26,9.34,9.01,9.04,15059254.0,150376148.0,667147543.0,0.022572599056997503,-0.23000000000000043,-2.481121898597627,3.559870550161813
2023-07-28,9.0,9.1,8.95,8.95,14138142.0,139211630.0,667147543.0,0.02119192695580384,-0.08999999999999986,-0.9955752212389313,1.659292035398234
2023-07-31,8.97,9.85,8.96,9.85,28591712.0,297468103.0,667147543.0,0.04285665487341831,0.9000000000000004,10.05586592178771,9.944134078212278
2023-08-01,9.89,9.96,9.57,9.75,39247486.0,416803608.0,667147543.0,0.05882879493719428,-0.09999999999999964,-1.015228426395931,3.9593908629441685
2023-08-02,9.7,9.72,9.33,9.5,24952788.0,257803489.0,667147543.0,0.03740220324846494,-0.25,-2.564102564102566,4.000000000000005
2023-08-03,9.38,9.47,9.2,9.29,20649568.0,210091925.0,667147543.0,0.03095202585494645,-0.21000000000000085,-2.210526315789485,2.842105263157909
2023-08-04,9.33,10.23,9.32,10.23,45287951.0,496425650.0,667147543.0,0.06788296153554148,0.9400000000000013,10.118406889128106,9.79547900968784
2023-08-07,10.64,11.25,10.59,11.25,95271452.0,1135925135.0,667147543.0,0.14280417128059483,1.0199999999999996,9.97067448680351,6.451612903225808
2023-08-08,11.26,12.38,11.25,11.96,126368355.0,1656585888.0,667147543.0,0.18941590406186956,0.7100000000000009,6.311111111111112,10.044444444444451
2023-08-09,11.36,11.87,10.9,10.98,100861603.0,1250872861.0,667147543.0,0.15118335375477804,-0.9800000000000004,-8.193979933110374,8.11036789297658
2023-08-10,11.25,11.63,11.05,11.31,81638075.0,1011159638.0,667147543.0,0.12236884607697641,0.33000000000000007,3.005464480874309,5.282331511839709
2023-08-11,11.1,11.63,10.77,10.85,60797157.0,737652106.0,667147543.0,0.0911300021080944,-0.46000000000000085,-4.0671971706454535,7.603890362511062
2023-08-14,10.62,11.94,10.44,11.94,80979692.0,998356873.0,667147543.0,0.12138198341532377,1.0899999999999999,10.046082949308754,13.82488479262673
2023-08-15,11.96,12.05,11.44,11.6,73115439.0,936987179.0,667147543.0,0.10959410668173591,-0.33999999999999986,-2.8475711892797295,5.108877721943059
2023-08-16,11.51,11.97,11.25,11.71,76953546.0,982754591.0,667147543.0,0.11534711745164893,0.11000000000000121,0.9482758620689813,6.206896551724143
2023-08-17,11.37,11.78,11.23,11.39,59175423.0,739517591.0,667147543.0,0.08869915451371152,-0.3200000000000003,-2.7327070879590076,4.696840307429538
2023-08-18,11.26,11.39,10.61,10.64,53073796.0,633688676.0,667147543.0,0.07955331104322151,-0.75,-6.584723441615448,6.84811237928008
2023-08-21,10.52,10.79,10.35,10.49,35843257.0,413890921.0,667147543.0,0.05372613206191482,-0.15000000000000036,-1.4097744360902276,4.135338345864657
2023-08-22,10.63,11.54,10.63,11.54,64296313.0,790936619.0,667147543.0,0.09637495284907314,1.049999999999999,10.0095328884652,8.674928503336496
2023-08-23,11.89,12.35,11.63,11.96,117250546.0,1534267812.0,667147543.0,0.17574904866283828,0.4200000000000017,3.6395147313691645,6.239168110918534
2023-08-24,12.2,12.6,11.74,11.83,92553820.0,1222850388.0,667147543.0,0.13873066156222058,-0.13000000000000078,-1.0869565217391353,7.1906354515050115
2023-08-25,11.45,12.12,11.22,11.34,65551173.0,834869967.0,667147543.0,0.09825588610464238,-0.4900000000000002,-4.142011834319526,7.607776838546057
2023-08-28,11.89,11.98,11.02,11.25,60125575.0,749565866.0,667147543.0,0.09012335521709326,-0.08999999999999986,-0.7936507936507908,8.465608465608474
2023-08-29,11.26,12.38,11.26,12.38,108451590.0,1435841485.0,667147543.0,0.1625601280225355,1.1300000000000008,10.044444444444455,9.955555555555565
2023-08-30,12.44,13.42,11.96,12.71,129431798.0,1754966746.0,667147543.0,0.19400775639220183,0.33000000000000007,2.6655896607431284,11.793214862681737
2023-08-31,12.18,12.29,11.94,12.08,68199360.0,902856032.0,667147543.0,0.10222530340638608,-0.6300000000000008,-4.956726986624716,2.7537372147915
2023-09-01,12.09,12.67,11.96,12.22,68551963.0,920599275.0,667147543.0,0.10275382667488892,0.14000000000000057,1.1589403973510048,5.877483443708602
2023-09-04,12.08,12.54,11.98,12.54,59767611.0,804152495.0,667147543.0,0.08958679624486003,0.3199999999999985,2.6186579378068675,4.582651391162019
2023-09-05,12.31,12.31,11.63,11.96,52797064.0,688163698.0,667147543.0,0.07913851224361025,-0.5799999999999983,-4.625199362041455,5.422647527910684
2023-09-06,11.8,11.81,11.31,11.46,42004923.0,529852962.0,667147543.0,0.0629619691187261,-0.5,-4.180602006688961,4.1806020066889635
2023-09-07,11.33,11.88,11.23,11.49,36152537.0,458538622.0,667147543.0,0.054189717670893076,0.02999999999999936,0.2617801047120283,5.671902268760911
2023-09-08,11.3,11.34,10.34,10.37,61431396.0,710577511.0,667147543.0,0.09208067487404356,-1.120000000000001,-9.747606614447356,8.703220191470844
2023-09-11,10.26,10.4,9.81,10.38,40881909.0,451946006.0,667147543.0,0.06127866231233351,0.010000000000001563,0.0964320154291265,5.689488910318224
2023-09-12,10.31,10.31,10.05,10.05,27483617.0,304899023.0,667147543.0,0.04119571043672419,-0.33000000000000007,-3.1791907514450823,2.5048169556840056
2023-09-13,10.02,10.56,9.92,10.26,39422530.0,442323948.0,667147543.0,0.059091171681044476,0.20999999999999908,2.0895522388059584,6.368159203980104
2023-09-14,10.06,10.11,9.86,9.96,25422998.0,276318845.0,667147543.0,0.03810700986123545,-0.29999999999999893,-2.923976608187129,2.436647173489279
2023-09-15,9.9,10.18,9.87,9.93,19926020.0,217861712.0,667147543.0,0.02986748614916206,-0.030000000000001137,-0.3012048192771233,3.1124497991967917
2023-09-18,9.79,9.99,9.63,9.92,23026048.0,247220811.0,667147543.0,0.03451417642408974,-0.009999999999999787,-0.10070493454179541,3.625377643504526
2023-09-19,9.83,9.96,9.76,9.81,16252437.0,174855733.0,667147543.0,0.024361083497237732,-0.10999999999999943,-1.1088709677419262,2.016129032258075
2023-09-20,9.77,9.86,9.66,9.68,15217185.0,161956451.0,667147543.0,0.02280932480328418,-0.13000000000000078,-1.3251783893985847,2.038735983690105
2023-09-21,9.67,9.73,9.49,9.54,14641249.0,153372466.0,667147543.0,0.021946043500605382,-0.14000000000000057,-1.446280991735538,2.4793388429752086
2023-09-22,9.49,10.12,9.49,10.05,35023072.0,378543731.0,667147543.0,0.05249674133926924,0.5100000000000016,5.3459119496855445,6.6037735849056505
2023-09-25,9.92,10.1,9.92,9.94,21418681.0,234257191.0,667147543.0,0.03210486379622326,-0.11000000000000121,-1.0945273631840946,1.7910447761194
2023-09-26,9.94,10.13,9.92,10.07,24561867.0,270135902.0,667147543.0,0.03681624440907219,0.13000000000000078,1.307847082494984,2.112676056338037
2023-09-27,9.98,10.06,9.92,9.94,16575836.0,180894556.0,667147543.0,0.024845832340867964,-0.13000000000000078,-1.2909632571996066,1.3902681231380394
2023-09-28,9.98,10.02,9.71,9.73,19519556.0,209366573.0,667147543.0,0.029258229614734562,-0.20999999999999908,-2.1126760563380143,3.1187122736418385
2023-10-09,9.73,9.73,9.48,9.54,15669481.0,163358876.0,667147543.0,0.023487279784525864,-0.19000000000000128,-1.9527235354573569,2.5693730729701953
2023-10-10,9.59,9.71,9.56,9.6,11504261.0,120940818.0,667147543.0,0.017243953186529236,0.0600000000000005,0.6289308176100628,1.572327044025161
2023-10-11,9.58,10.29,9.54,9.93,32335865.0,353183164.0,667147543.0,0.04846883622563233,0.33000000000000007,3.4375000000000044,7.8125
2023-10-12,9.94,9.95,9.7,9.75,18012704.0,192640196.0,667147543.0,0.0269995808108672,-0.17999999999999972,-1.8126888217522619,2.5176233635448138
2023-10-13,9.7,9.84,9.49,9.53,15102792.0,158597143.0,667147543.0,0.02263785898406584,-0.22000000000000064,-2.2564102564102684,3.589743589743586
2023-10-16,9.51,9.53,9.33,9.39,13432876.0,137927292.0,667147543.0,0.020134790483669666,-0.1399999999999988,-1.4690451206715527,2.0986358866736547
2023-10-17,9.38,9.44,9.28,9.39,8808009.0,90037136.0,667147543.0,0.013202490352272795,0.0,0.0,1.7039403620873286
2023-10-18,9.36,9.38,9.13,9.13,12488389.0,125273140.0,667147543.0,0.01871908115533598,-0.2599999999999998,-2.7689030883919052,2.662406815761448
2023-10-19,9.17,9.31,9.12,9.14,10913350.0,110001514.0,667147543.0,0.0163582255746987,0.009999999999999787,0.10952902519167917,2.081051478641854
2023-10-20,9.02,9.1,8.94,8.95,10303098.0,101157482.0,667147543.0,0.015443507374200133,-0.19000000000000128,-2.0787746170678467,1.7505470459518613
2023-10-23,8.91,8.93,8.58,8.62,12494636.0,119182522.0,667147543.0,0.018728444901130365,-0.33000000000000007,-3.6871508379888285,3.9106145251396613
2023-10-24,8.69,9.26,8.68,9.04,18612250.0,183508921.0,667147543.0,0.027898251586605933,0.41999999999999993,4.872389791183296,6.728538283062646
2023-10-25,8.99,9.17,8.96,9.0,12049510.0,119183783.0,667147543.0,0.01806123716774297,-0.03999999999999915,-0.4424778761061843,2.323008849557512
2023-10-26,8.9,8.98,8.8,8.93,9351491.0,90866140.0,667147543.0,0.014017125743952565,-0.07000000000000028,-0.7777777777777772,1.999999999999997
2023-10-27,8.9,9.22,8.85,9.14,13201598.0,130716907.0,667147543.0,0.01978812353956312,0.21000000000000085,2.3516237402015694,4.1433370660694395
2023-10-30,9.1,9.24,9.02,9.23,12322645.0,123034997.0,667147543.0,0.018470644356401385,0.08999999999999986,0.9846827133479286,2.407002188183814
2023-10-31,9.23,9.38,9.08,9.15,14093127.0,142161701.0,667147543.0,0.021124453125655893,-0.08000000000000007,-0.8667388949079147,3.2502708559046662
2023-11-01,9.11,9.38,9.11,9.17,12563794.0,126983093.0,667147543.0,0.018832107128062974,0.019999999999999574,0.21857923497268228,2.9508196721311624
2023-11-02,9.14,9.51,9.08,9.38,29705220.0,304581009.0,667147543.0,0.04452571295762083,0.21000000000000085,2.2900763358778775,4.689203925845145
2023-11-03,9.37,9.38,9.17,9.25,15623635.0,158093394.0,667147543.0,0.023418560352848367,-0.13000000000000078,-1.3859275053304976,2.2388059701492624
2023-11-06,9.28,9.59,9.28,9.57,20836062.0,215980001.0,667147543.0,0.031231565219149732,0.3200000000000003,3.4594594594594685,3.3513513513513566
2023-11-07,9.6,9.62,9.43,9.59,16942268.0,176759888.0,667147543.0,0.025395084157568425,0.019999999999999574,0.2089864158829613,1.9853709508881872
2023-11-08,9.53,9.91,9.53,9.79,24740794.0,264134309.0,667147543.0,0.03708444145465436,0.1999999999999993,2.085505735140769,3.9624608967674746
2023-11-09,9.7,9.9,9.61,9.67,19324425.0,205486978.0,667147543.0,0.02896574408878547,-0.11999999999999922,-1.2257405515832431,2.9622063329928596
2023-11-10,9.61,9.69,9.43,9.47,14013499.0,145613663.0,667147543.0,0.021005097218802168,-0.1999999999999993,-2.0682523267838593,2.6887280248190257
2023-11-13,9.52,9.68,9.49,9.6,12658200.0,132804972.0,667147543.0,0.018973614057063236,0.129999999999999,1.372756071805692,2.006335797254483
2023-11-14,9.59,9.67,9.5,9.58,10380728.0,108413550.0,667147543.0,0.015559868441275215,-0.019999999999999574,-0.2083333333333326,1.7708333333333326
2023-11-15,9.61,9.7,9.52,9.56,11096298.0,116364156.0,667147543.0,0.016632449772808353,-0.019999999999999574,-0.20876826722338038,1.8789144050104356
2023-11-16,9.52,9.8,9.47,9.68,17893712.0,189844744.0,667147543.0,0.02682122146405027,0.11999999999999922,1.2552301255229992,3.451882845188285
2023-11-17,9.6,9.81,9.57,9.78,18230000.0,193208392.0,667147543.0,0.02732528987219848,0.09999999999999964,1.0330578512396604,2.4793388429752086
2023-11-20,9.72,9.9,9.63,9.8,15769170.0,168636397.0,667147543.0,0.023636705501589472,0.02000000000000135,0.2044989775051187,2.7607361963190145
2023-11-21,9.81,10.02,9.79,9.93,27073260.0,293099459.0,667147543.0,0.04058061861137664,0.129999999999999,1.3265306122448806,2.3469387755102082
2023-11-22,9.89,10.35,9.81,10.34,50523383.0,562680097.0,667147543.0,0.07573044902902386,0.41000000000000014,4.128902316213501,5.438066465256789
2023-11-23,10.24,10.29,9.93,10.18,31701775.0,349241482.0,667147543.0,0.04751838679858557,-0.16000000000000014,-1.5473887814313358,3.481624758220497
2023-11-24,10.11,10.34,9.79,9.91,33035242.0,362896368.0,667147543.0,0.04951714556490542,-0.2699999999999996,-2.6522593320235766,5.402750491159143
2023-11-27,9.97,9.99,9.69,9.85,18096342.0,194508105.0,667147543.0,0.027124947382141523,-0.0600000000000005,-0.6054490413723523,3.027245206861763
2023-11-28,9.82,9.82,9.46,9.63,22478929.0,235650267.0,667147543.0,0.03369408946470481,-0.21999999999999886,-2.2335025380710527,3.654822335025375
2023-11-29,9.7,9.7,9.28,9.37,23816357.0,244361133.0,667147543.0,0.03569878544842366,-0.26000000000000156,-2.699896157840098,4.361370716510902
2023-11-30,9.38,9.45,9.14,9.28,17603166.0,178689299.0,667147543.0,0.026385716600023514,-0.08999999999999986,-0.9605122732123772,3.3084311632870733
2023-12-01,9.29,9.7,9.25,9.65,28442587.0,296060986.0,667147543.0,0.042633128606156014,0.370000000000001,3.9870689655172598,4.849137931034475
2023-12-04,9.66,10.08,9.62,9.85,27473942.0,296647079.0,667147543.0,0.04118120839725554,0.1999999999999993,2.072538860103612,4.766839378238351
2023-12-05,9.91,9.91,9.53,9.53,18879990.0,198713012.0,667147543.0,0.02829957210829449,-0.3200000000000003,-3.248730964467006,3.8578680203045765
2023-12-06,9.52,9.84,9.35,9.77,19910500.0,209999373.0,667147543.0,0.02984422292925989,0.2400000000000002,2.5183630640083887,5.141657922350475
2023-12-07,9.72,10.09,9.7,9.98,27783983.0,301073581.0,667147543.0,0.041645934683446774,0.21000000000000085,2.149437052200631,3.9918116683725753
2023-12-08,9.9,9.97,9.69,9.79,20977154.0,224623007.0,667147543.0,0.031443050671626324,-0.19000000000000128,-1.9038076152304684,2.805611222444901
2023-12-11,9.7,10.24,9.6,10.23,33923147.0,372193843.0,667147543.0,0.050848043069237535,0.4400000000000013,4.494382022471921,6.537282941777329
2023-12-12,10.27,10.33,10.13,10.26,26034649.0,290899500.0,667147543.0,0.03902382504914659,0.02999999999999936,0.2932551319648091,1.9550342130987224
2023-12-13,10.23,10.36,10.07,10.1,16878932.0,188563039.0,667147543.0,0.025300148635936742,-0.16000000000000014,-1.5594541910331383,2.8265107212475553
2023-12-14,10.17,11.1,10.1,10.75,80452843.0,945483548.0,667147543.0,0.12059227954017962,0.6500000000000004,6.435643564356441,9.900990099009901
2023-12-15,11.08,11.43,10.74,10.89,89394490.0,1076642986.0,667147543.0,0.13399508240413321,0.14000000000000057,1.3023255813953583,6.418604651162786
2023-12-18,10.98,11.03,10.3,10.41,56944583.0,658279741.0,667147543.0,0.08535530647978419,-0.4800000000000004,-4.40771349862259,6.703397612488509
2023-12-19,10.32,10.56,10.11,10.27,35544528.0,399885534.0,667147543.0,0.05327836154528114,-0.14000000000000057,-1.344860710854956,4.322766570605197
2023-12-20,10.2,10.24,9.77,9.8,32665905.0,353911987.0,667147543.0,0.04896353938906734,-0.46999999999999886,-4.576436222005831,4.5764362220058485
2023-12-21,9.71,9.78,9.44,9.61,25806497.0,270753689.0,667147543.0,0.038681843725234255,-0.19000000000000128,-1.9387755102040938,3.4693877551020393
2023-12-22,9.58,9.58,8.65,8.65,55110104.0,539555311.0,667147543.0,0.08260557140356582,-0.9599999999999991,-9.989594172736727,9.677419354838706
2023-12-25,8.67,8.8,8.47,8.57,20136601.0,188612129.0,667147543.0,0.03018312997069675,-0.08000000000000007,-0.9248554913294793,3.815028901734105
2023-12-26,8.64,8.74,8.49,8.52,15005440.0,141124482.0,667147543.0,0.02249193624025683,-0.05000000000000071,-0.583430571761967,2.9171528588098017
2023-12-27,8.54,8.63,8.37,8.58,14996913.0,139232696.0,667147543.0,0.02247915495957991,0.0600000000000005,0.7042253521126751,3.051643192488281
2023-12-28,8.55,8.66,8.46,8.57,17744254.0,166707801.0,667147543.0,0.026597196056824868,-0.009999999999999787,-0.11655011655011815,2.3310023310023227
2023-12-29,8.58,9.05,8.52,8.9,24949867.0,241527953.0,667147543.0,0.03739782490662639,0.33000000000000007,3.850641773628949,6.184364060676793
2024-01-02,8.95,9.14,8.86,8.93,17101040.0,167551821.0,667147543.0,0.02563307049457274,0.02999999999999936,0.3370786516853963,3.1460674157303496
2024-01-03,8.93,9.18,8.78,9.09,19141317.0,189534037.0,667147543.0,0.028691280063666516,0.16000000000000014,1.791713325867872,4.479283314669657
2024-01-04,9.17,9.17,8.9,9.12,14176997.0,140501544.0,667147543.0,0.021250167446093704,0.02999999999999936,0.3300330033003229,2.970297029702966
2024-01-05,9.15,9.22,8.83,8.91,12563384.0,123594627.0,667147543.0,0.01883149257135164,-0.20999999999999908,-2.302631578947356,4.27631578947369
2024-01-08,8.88,8.95,8.74,8.76,9050484.0,87329113.0,667147543.0,0.013565940690273965,-0.15000000000000036,-1.683501683501687,2.3569023569023466
2024-01-09,8.73,8.88,8.64,8.76,9645881.0,92361879.0,667147543.0,0.01445839245187777,0.0,0.0,2.739726027397263
2024-01-10,8.75,8.75,8.52,8.62,8352279.0,78745587.0,667147543.0,0.012519388083843995,-0.14000000000000057,-1.5981735159817378,2.625570776255713
2024-01-11,8.62,8.85,8.58,8.8,8967194.0,85917305.0,667147543.0,0.01344109574274487,0.1800000000000015,2.088167053364276,3.132250580046399
2024-01-12,8.77,8.85,8.63,8.64,7688104.0,73417972.0,667147543.0,0.011523843684454669,-0.16000000000000014,-1.8181818181818188,2.499999999999987
2024-01-15,8.65,8.8,8.57,8.68,6501902.0,61737855.0,667147543.0,0.00974582319641399,0.03999999999999915,0.4629629629629539,2.662037037037042
2024-01-16,8.7,8.7,8.49,8.61,7942552.0,74524005.0,667147543.0,0.011905240577345572,-0.07000000000000028,-0.8064516129032251,2.419354838709667
2024-01-17,8.57,8.6,8.37,8.37,7094655.0,65924957.0,667147543.0,0.0106343118166891,-0.2400000000000002,-2.7874564459930307,2.6713124274099935
2024-01-18,8.34,8.43,8.1,8.37,10539791.0,95112953.0,667147543.0,0.0157982909636527,0.0,0.0,3.942652329749105
2024-01-19,8.33,8.58,8.32,8.39,9790988.0,90740726.0,667147543.0,0.014675896063368998,0.02000000000000135,0.2389486260454099,3.1063321385902007
2024-01-22,8.41,8.43,7.75,7.85,12190928.0,107609053.0,667147543.0,0.018273211267751006,-0.5400000000000009,-6.4362336114422,8.10488676996424
2024-01-23,7.77,8.16,7.77,8.14,10988668.0,96156433.0,667147543.0,0.016471121141489388,0.2900000000000009,3.6942675159235883,4.968152866242045
2024-01-24,8.19,8.31,7.97,8.27,8962880.0,79864425.0,667147543.0,0.0134346294070066,0.129999999999999,1.5970515970515908,4.176904176904186
2024-01-25,8.33,8.91,8.27,8.84,18559810.0,175887260.0,667147543.0,0.02781964828430763,0.5700000000000003,6.892382103990324,7.738814993954059
2024-01-26,8.95,9.19,8.84,8.96,20156390.0,198763865.0,667147543.0,0.030212792074990825,0.120000000000001,1.3574660633484337,3.9592760180995437
2024-01-29,8.95,8.98,8.74,8.81,15853337.0,153269883.0,667147543.0,0.0237628650009133,-0.15000000000000036,-1.6741071428571508,2.678571428571431
2024-01-30,8.7,8.97,8.59,8.6,12113100.0,115664593.0,667147543.0,0.018156553414751916,-0.21000000000000085,-2.383654937570956,4.313280363223618
2024-01-31,8.51,9.0,8.48,8.64,21950339.0,211022531.0,667147543.0,0.03290177597191571,0.040000000000000924,0.46511627906977715,6.0465116279069715
2024-02-01,8.47,8.55,8.16,8.31,21348484.0,194745802.0,667147543.0,0.031999644192649,-0.33000000000000007,-3.819444444444442,4.513888888888895
2024-02-02,8.2,8.68,7.87,8.1,19173353.0,174658253.0,667147543.0,0.028739299426603748,-0.21000000000000085,-2.527075812274382,9.747292418772558
2024-02-05,7.94,8.04,7.29,7.42,20343582.0,168840676.0,667147543.0,0.030493377684522177,-0.6799999999999997,-8.39506172839506,9.259259259259249
2024-02-06,7.32,7.96,7.03,7.82,18540462.0,152379218.0,667147543.0,0.02779064720320794,0.40000000000000036,5.39083557951483,12.533692722371963
2024-02-07,7.79,8.14,7.76,7.92,16572247.0,143938256.0,667147543.0,0.024840452721265588,0.09999999999999964,1.2787723785166127,4.859335038363182
2024-02-08,8.0,8.47,8.0,8.33,19412689.0,175981249.0,667147543.0,0.0290980446584662,0.41000000000000014,5.1767676767676685,5.934343434343443
2024-02-19,8.41,8.7,8.4,8.69,17198168.0,162054282.0,667147543.0,0.02577865748056873,0.35999999999999943,4.3217286914765785,3.6014405762304795
2024-02-20,8.64,9.56,8.46,9.21,35466786.0,352301016.0,667147543.0,0.053161832599299554,0.5200000000000014,5.983889528193331,12.65822784810126
2024-02-21,8.78,9.15,8.6,8.91,34206637.0,333689358.0,667147543.0,0.05127297156215413,-0.3000000000000007,-3.2573289902280256,5.971769815418031
2024-02-22,8.83,9.3,8.82,9.14,25459866.0,252006883.0,667147543.0,0.03816227199985356,0.23000000000000043,2.581369248035914,5.387205387205392
2024-02-23,9.14,9.18,8.97,9.15,20730652.0,206076950.0,667147543.0,0.031073564187584814,0.009999999999999787,0.1094091903719896,2.297592997811806
2024-02-26,9.13,9.29,8.95,9.16,18733304.0,186652921.0,667147543.0,0.028079701704005228,0.009999999999999787,0.10928961748633004,3.7158469945355175
2024-02-27,9.09,9.37,9.04,9.37,18288260.0,184368452.0,667147543.0,0.027412616881960096,0.20999999999999908,2.2925764192139653,3.6026200873362453
2024-02-28,9.41,9.62,9.02,9.04,24602833.0,250614001.0,667147543.0,0.03687764911696602,-0.33000000000000007,-3.521878335112061,6.403415154749196
2024-02-29,9.01,9.49,8.95,9.33,19372833.0,195886271.0,667147543.0,0.029038303750449395,0.2900000000000009,3.2079646017699304,5.973451327433639
2024-03-01,9.28,9.37,9.17,9.33,16338707.0,165685599.0,667147543.0,0.024490395222815053,0.0,0.0,2.14362272240085
2024-03-04,9.28,9.4,9.12,9.35,14747700.0,149789689.0,667147543.0,0.022105604906649562,0.019999999999999574,0.2143622722400762,3.0010718113612125
2024-03-05,9.33,9.61,9.28,9.46,24427718.0,252683552.0,667147543.0,0.03661516594988044,0.11000000000000121,1.1764705882353121,3.529411764705883
2024-03-06,9.35,9.46,9.22,9.35,16053797.0,164057583.0,667147543.0,0.024063338265190914,-0.11000000000000121,-1.1627906976744318,2.536997885835097
2024-03-07,9.34,9.42,9.19,9.21,11577978.0,117759067.0,667147543.0,0.01735444898430811,-0.1399999999999988,-1.4973262032085488,2.4598930481283467
2024-03-08,9.2,9.57,9.2,9.56,18335703.0,188925914.0,667147543.0,0.02748373008697418,0.34999999999999964,3.800217155266017,4.017372421281226
2024-03-11,9.49,9.66,9.42,9.57,14125643.0,147403162.0,667147543.0,0.02117319196962103,0.009999999999999787,0.10460251046024993,2.510460251046027
2024-03-12,9.56,9.59,9.36,9.49,12690229.0,131272227.0,667147543.0,0.019021622927568812,-0.08000000000000007,-0.8359456635318674,2.4033437826541317
2024-03-13,9.48,10.34,9.45,10.01,33599880.0,365080298.0,667147543.0,0.050363492082889975,0.5199999999999996,5.47945205479452,9.378292939936781
2024-03-14,9.84,9.86,9.49,9.56,24127914.0,254443870.0,667147543.0,0.03616578409552803,-0.4499999999999993,-4.495504495504488,3.6963036963036884
2024-03-15,9.54,9.66,9.49,9.61,11320831.0,118597581.0,667147543.0,0.016969006509554064,0.049999999999998934,0.5230125523012497,1.7782426778242668
2024-03-18,9.6,9.95,9.6,9.92,17291012.0,185736822.0,667147543.0,0.025917823098390694,0.3100000000000005,3.2258064516129004,3.642039542143597
2024-03-19,10.92,10.92,10.92,10.92,9668589.0,115442953.0,667147543.0,0.014492429900172773,1.0,10.080645161290324,0.0
2024-03-20,11.06,11.7,10.71,11.22,64464243.0,782462337.0,667147543.0,0.09662666628452231,0.3000000000000007,2.7472527472527597,9.065934065934051
2024-03-21,11.69,12.26,11.23,12.05,70074353.0,895396411.0,667147543.0,0.105035765679197,0.8300000000000001,7.397504456327986,9.18003565062388
2024-03-22,11.43,13.25,11.34,13.25,71950043.0,1019533480.0,667147543.0,0.10784727269841718,1.1999999999999993,9.958506224066376,15.850622406639003
2024-03-25,14.02,14.25,12.35,12.35,116629870.0,1725801122.0,667147543.0,0.1748187057326838,-0.9000000000000004,-6.792452830188678,14.339622641509436
2024-03-26,12.35,12.79,11.55,11.77,70321122.0,926928594.0,667147543.0,0.10540565237456027,-0.5800000000000001,-4.696356275303648,10.040485829959502
2024-03-27,11.75,12.44,11.53,11.85,62683803.0,819537762.0,667147543.0,0.09395793128177646,0.08000000000000007,0.679694137638065,7.731520815632967
2024-03-28,11.59,12.17,11.57,11.93,49886902.0,651371002.0,667147543.0,0.07477641568710686,0.08000000000000007,0.6751054852320637,5.063291139240503
2024-03-29,11.82,11.91,11.43,11.52,38912336.0,494126373.0,667147543.0,0.058326432298649714,-0.41000000000000014,-3.4367141659681466,4.023470243084664
2024-04-01,11.52,11.79,11.43,11.72,30130794.0,382850634.0,667147543.0,0.04516361383047168,0.20000000000000107,1.736111111111116,3.124999999999995
2024-04-02,11.8,11.85,10.98,11.14,43059854.0,530956081.0,667147543.0,0.06454322503590484,-0.5800000000000001,-4.948805460750849,7.423208191126272
2024-04-03,11.16,11.24,10.79,10.87,24954760.0,297949733.0,667147543.0,0.037405159116354565,-0.27000000000000135,-2.4236983842010895,4.039497307001804
2024-04-08,10.82,10.9,10.67,10.75,18682179.0,220416171.0,667147543.0,0.02800306947993961,-0.11999999999999922,-1.1039558417663242,2.1159153633854686
2024-04-09,10.8,10.88,10.71,10.82,16139815.0,190557091.0,667147543.0,0.024192272263228586,0.07000000000000028,0.6511627906976791,1.5813953488372088
2024-04-10,10.79,10.81,10.39,10.56,20448694.0,235860641.0,667147543.0,0.030650932038282272,-0.2599999999999998,-2.402957486136781,3.88170055452865
2024-04-11,10.49,10.93,10.48,10.78,26355119.0,311177431.0,667147543.0,0.039504183559587805,0.21999999999999886,2.083333333333326,4.261363636363629
2024-04-12,10.69,10.73,10.49,10.53,16333478.0,189241719.0,667147543.0,0.024482557376367346,-0.25,-2.3191094619666064,2.2263450834879426
2024-04-15,10.49,11.03,10.43,10.83,32197728.0,379526991.0,667147543.0,0.04826178007823376,0.3000000000000007,2.8490028490028463,5.698005698005694
2024-04-16,10.75,11.02,10.52,10.69,29509946.0,347103071.0,667147543.0,0.04423301308628218,-0.14000000000000057,-1.2927054478301114,4.616805170821791
2024-04-17,10.67,11.18,10.66,11.18,48606530.0,584600666.0,667147543.0,0.07285724201490464,0.4900000000000002,4.583723105706272,4.864359214218893
2024-04-18,11.02,11.07,10.75,10.91,40062584.0,477865655.0,667147543.0,0.06005056065986291,-0.2699999999999996,-2.415026833631484,2.862254025044725
2024-04-19,10.82,10.93,10.53,10.59,25616471.0,299071597.0,667147543.0,0.03839701017980066,-0.3200000000000003,-2.933088909257564,3.6663611365719557
2024-04-22,10.52,10.76,10.39,10.64,21108546.0,244551976.0,667147543.0,0.031639996611664056,0.05000000000000071,0.47214353163362865,3.4938621340887557
2024-04-23,10.56,10.73,10.22,10.34,19154273.0,218088920.0,667147543.0,0.02871070005574464,-0.3000000000000007,-2.819548872180455,4.793233082706765
2024-04-24,9.3,9.57,9.3,9.39,56898235.0,581260019.0,667147543.0,0.085285834590865,-0.9499999999999993,-9.187620889748537,2.611218568665373
2024-04-25,9.28,9.33,9.06,9.17,29218079.0,293721593.0,667147543.0,0.043795528150509876,-0.22000000000000064,-2.3429179978700865,2.8753993610223594
2024-04-26,9.15,9.44,9.12,9.33,27089766.0,274944949.0,667147543.0,0.04060535976522363,0.16000000000000014,1.7448200654307522,3.489640130861508
2024-04-29,9.31,9.63,9.3,9.59,21707474.0,226008395.0,667147543.0,0.03253774105557936,0.2599999999999998,2.7867095391211016,3.5369774919614154
2024-04-30,9.56,9.66,9.34,9.44,16164342.0,167385736.0,667147543.0,0.024229036244835574,-0.15000000000000036,-1.564129301355588,3.3368091762252376
2024-05-06,9.56,9.83,9.54,9.66,18557901.0,196965792.0,667147543.0,0.02781678684830291,0.22000000000000064,2.330508474576276,3.0720338983050945
2024-05-07,9.7,9.95,9.61,9.67,16775730.0,178869015.0,667147543.0,0.025145457217100178,0.009999999999999787,0.10351966873705098,3.5196687370600404
2024-05-08,9.61,9.62,9.38,9.39,13000743.0,134455229.0,667147543.0,0.019487058202356296,-0.27999999999999936,-2.8955532574974074,2.481902792140625
2024-05-09,9.38,9.51,9.37,9.46,9714500.0,100331541.0,667147543.0,0.0145612467615728,0.07000000000000028,0.7454739084132189,1.490947816826417
2024-05-10,9.43,9.57,9.24,9.27,14854596.0,151494632.0,667147543.0,0.02226583333156336,-0.19000000000000128,-2.008456659619462,3.4883720930232567
2024-05-13,9.27,9.32,9.1,9.18,11040188.0,111137380.0,667147543.0,0.016548345438484213,-0.08999999999999986,-0.9708737864077666,2.3732470334412152
2024-05-14,9.18,9.46,9.18,9.4,13909809.0,142059521.0,667147543.0,0.020849674327587234,0.22000000000000064,2.3965141612200425,3.050108932461886
2024-05-15,9.36,9.46,9.31,9.35,7723150.0,79244069.0,667147543.0,0.011576374793004371,-0.05000000000000071,-0.5319148936170248,1.5957446808510676
2024-05-16,9.33,9.63,9.33,9.47,12466019.0,129467496.0,667147543.0,0.018685550341598127,0.120000000000001,1.2834224598930577,3.2085561497326283
2024-05-17,9.45,9.52,9.38,9.51,9701057.0,100259309.0,667147543.0,0.014541096796035116,0.03999999999999915,0.42238648363250864,1.4783526927138202
2024-05-20,9.51,9.73,9.41,9.68,13087287.0,138056942.0,667147543.0,0.019616780631687043,0.16999999999999993,1.7875920084121866,3.364879074658258
2024-05-21,9.68,9.88,9.6,9.84,14647442.0,156779570.0,667147543.0,0.02195532630478413,0.16000000000000014,1.6528925619834656,2.892561983471086
2024-05-22,9.84,9.95,9.7,9.92,13822842.0,149238983.0,667147543.0,0.020719317855600647,0.08000000000000007,0.8130081300812941,2.540650406504065
2024-05-23,9.92,10.05,9.58,9.62,11458266.0,121779251.0,667147543.0,0.017175010415949325,-0.3000000000000007,-3.0241935483870996,4.737903225806458
2024-05-24,9.62,9.84,9.51,9.52,9870666.0,104235517.0,667147543.0,0.01479532691616313,-0.09999999999999964,-1.039501039501034,3.4303534303534313
2024-05-27,9.5,9.7,9.49,9.7,9325730.0,97859635.0,667147543.0,0.013978512096536343,0.17999999999999972,1.8907563025210017,2.205882352941167
2024-05-28,9.63,9.65,9.36,9.41,11491404.0,119389657.0,667147543.0,0.017224681587413117,-0.28999999999999915,-2.989690721649474,2.9896907216494943
2024-05-29,9.39,9.54,9.37,9.42,6461900.0,66796603.0,667147543.0,0.009685863446251199,0.009999999999999787,0.10626992561104665,1.8065887353878844
2024-05-30,9.38,9.47,9.28,9.4,6199357.0,63708469.0,667147543.0,0.009292332805608488,-0.019999999999999574,-0.2123142250530785,2.0169851380042596
2024-05-31,9.43,9.66,9.39,9.57,8906382.0,93106275.0,667147543.0,0.013349943492184907,0.16999999999999993,1.8085106382978777,2.8723404255319105
2024-06-03,9.6,9.8,9.49,9.62,11938118.0,125762487.0,667147543.0,0.01789426960386782,0.049999999999998934,0.5224660397074032,3.2392894461860027
2024-06-04,9.62,9.64,9.43,9.58,8409918.0,87668222.0,667147543.0,0.012605784265025765,-0.03999999999999915,-0.4158004158004047,2.1829521829521923
2024-06-05,9.53,9.59,9.19,9.22,13405748.0,136425188.0,667147543.0,0.020094127814242732,-0.35999999999999943,-3.757828810020869,4.175365344467644
2024-06-06,9.19,9.36,9.06,9.16,12781656.0,128483120.0,667147543.0,0.019158664577439657,-0.0600000000000005,-0.6507592190889477,3.2537960954446734
2024-06-07,9.19,9.87,9.19,9.8,22795441.0,238445008.0,667147543.0,0.034168515254503457,0.6400000000000006,6.986899563318794,7.423580786026197
2024-06-11,9.75,9.75,9.38,9.57,16329533.0,169539442.0,667147543.0,0.024476644141669272,-0.23000000000000043,-2.34693877551021,3.7755102040816246
2024-06-12,9.47,10.32,9.43,10.21,32167466.0,353655978.0,667147543.0,0.04821641979726215,0.6400000000000006,6.687565308254961,9.299895506792064
2024-06-13,10.17,10.37,10.07,10.34,25099288.0,281359862.0,667147543.0,0.03762179485385589,0.129999999999999,1.273261508325163,2.9382957884426926
2024-06-14,10.27,10.9,10.26,10.54,31685763.0,367468821.0,667147543.0,0.047494386110629803,0.1999999999999993,1.934235976789167,6.189555125725344
2024-06-17,10.41,10.84,10.29,10.5,19742066.0,228128417.0,667147543.0,0.02959175403873143,-0.03999999999999915,-0.3795066413662118,5.218216318785586
2024-06-18,10.49,10.59,10.15,10.41,15023363.0,169561692.0,667147543.0,0.02251880136205493,-0.08999999999999986,-0.8571428571428563,4.190476190476185
2024-06-19,10.4,10.4,10.03,10.08,11842212.0,131609831.0,667147543.0,0.017750514296655365,-0.33000000000000007,-3.170028818443804,3.5542747358309414
2024-06-20,10.1,10.17,9.92,9.95,8046841.0,88173564.0,667147543.0,0.012061561320926577,-0.13000000000000078,-1.2896825396825462,2.4801587301587302
2024-06-21,9.93,10.12,9.72,9.82,10001901.0,107914214.0,667147543.0,0.01499203752594799,-0.129999999999999,-1.306532663316573,4.020100502512549
2024-06-24,9.75,9.75,9.29,9.34,11902918.0,122861658.0,667147543.0,0.017841507661821666,-0.4800000000000004,-4.887983706720977,4.684317718940945
2024-06-25,9.34,9.52,9.19,9.31,9878383.0,100908353.0,667147543.0,0.014806894072605466,-0.02999999999999936,-0.32119914346894207,3.533190578158459
2024-06-26,9.37,9.75,9.19,9.75,19572480.0,193377101.0,667147543.0,0.029337558393736002,0.4399999999999995,4.726100966702473,6.015037593984967
2024-06-27,9.57,9.76,9.46,9.5,11840951.0,118951506.0,667147543.0,0.017748624160038314,-0.25,-2.564102564102566,3.076923076923066
2024-06-28,9.45,9.71,9.45,9.65,9307867.0,94043667.0,667147543.0,0.013951736909866728,0.15000000000000036,1.5789473684210575,2.7368421052631744
2024-07-01,9.64,10.18,9.59,10.1,15859110.0,165393821.0,667147543.0,0.02377151825919263,0.4499999999999993,4.663212435233155,6.113989637305698
2024-07-02,10.02,10.16,9.96,10.02,7618307.0,80200492.0,667147543.0,0.011419223648403663,-0.08000000000000007,-0.7920792079207928,1.9801980198019733
2024-07-03,10.0,10.09,9.91,9.99,6546700.0,68735398.0,667147543.0,0.00981297176118057,-0.02999999999999936,-0.29940119760478723,1.7964071856287396
2024-07-04,9.97,9.99,9.78,9.86,6473487.0,67062337.0,667147543.0,0.009703231418480994,-0.13000000000000078,-1.3013013013013053,2.1021021021021107
2024-07-05,9.83,10.07,9.73,10.0,8862760.0,92354888.0,667147543.0,0.013284557655936688,0.14000000000000057,1.4198782961460488,3.448275862068964
2024-07-08,9.93,10.14,9.67,9.68,8576466.0,88386249.0,667147543.0,0.012855426194682096,-0.3200000000000003,-3.200000000000003,4.700000000000006
2024-07-09,9.76,10.08,9.64,10.08,12787471.0,132710860.0,667147543.0,0.019167380790308927,0.40000000000000036,4.132231404958686,4.5454545454545405
2024-07-10,9.99,10.21,9.59,9.68,15133992.0,156496235.0,667147543.0,0.022684625250879473,-0.40000000000000036,-3.9682539682539764,6.150793650793661
2024-07-11,9.83,9.86,9.42,9.58,16073237.0,160725156.0,667147543.0,0.024092477246820947,-0.09999999999999964,-1.0330578512396604,4.5454545454545405
2024-07-12,9.49,9.62,9.25,9.3,12287356.0,121362996.0,667147543.0,0.018417749010581307,-0.27999999999999936,-2.9227557411273475,3.86221294363256
2024-07-15,9.25,9.53,9.14,9.43,8755749.0,85916088.0,667147543.0,0.013124156855359954,0.129999999999999,1.3978494623655857,4.193548387096761
2024-07-16,9.37,9.44,9.3,9.37,5440630.0,53335099.0,667147543.0,0.008155062635072914,-0.0600000000000005,-0.6362672322375418,1.48462354188758
2024-07-17,9.34,9.44,9.21,9.3,6183700.0,60286569.0,667147543.0,0.009268864233829607,-0.06999999999999851,-0.7470651013873897,2.454642475987179
2024-07-18,9.24,9.24,8.87,9.03,9442542.0,89331982.0,667147543.0,0.014153603800351551,-0.27000000000000135,-2.903225806451626,3.9784946236559247
2024-07-19,8.99,9.18,8.89,8.96,8347130.0,78649877.0,667147543.0,0.012511670150900938,-0.06999999999999851,-0.7751937984495916,3.2115171650055276
2024-07-22,8.93,8.99,8.76,8.96,5500989.0,51255002.0,667147543.0,0.008245535875412794,0.0,0.0,2.56696428571429
2024-07-23,8.87,9.0,8.85,8.85,4635260.0,43419001.0,667147543.0,0.00694787839456976,-0.11000000000000121,-1.227678571428581,1.6741071428571466
2024-07-24,8.98,9.29,8.97,9.03,12635197.0,120733697.0,667147543.0,0.018939134427719835,0.17999999999999972,2.033898305084736,3.6158192090395316
2024-07-25,8.99,9.33,8.83,9.26,10380756.0,99475040.0,667147543.0,0.015559910411001843,0.23000000000000043,2.5470653377630104,5.537098560354375
2024-07-26,9.25,9.28,9.15,9.26,5386265.0,52106421.0,667147543.0,0.00807357391406896,0.0,0.0,1.4038876889848706
2024-07-29,9.26,9.28,9.11,9.24,4026724.0,38800021.0,667147543.0,0.006035732338745944,-0.019999999999999574,-0.21598272138227959,1.8358531317494593
2024-07-30,9.24,9.33,9.17,9.29,4480349.0,43472399.0,667147543.0,0.00671567938308363,0.049999999999998934,0.5411255411255311,1.731601731601733
2024-07-31,9.29,9.81,9.28,9.79,13726310.0,139140689.0,667147543.0,0.020574624225214302,0.5,5.382131324004313,5.705059203444577
2024-08-01,9.73,9.91,9.66,9.68,6690830.0,68497955.0,667147543.0,0.010029010928996256,-0.10999999999999943,-1.1235955056179692,2.5536261491317673
2024-08-02,9.65,9.79,9.55,9.56,5135382.0,52035710.0,667147543.0,0.0076975206667290385,-0.11999999999999922,-1.2396694214875992,2.4793388429751904
2024-08-05,9.54,9.73,9.48,9.54,5710300.0,57452411.0,667147543.0,0.008559276070061161,-0.02000000000000135,-0.20920502092051096,2.615062761506276
2024-08-06,9.56,9.71,9.46,9.62,6198900.0,62266694.0,667147543.0,0.009291647799713174,0.08000000000000007,0.8385744234800763,2.620545073375262
2024-08-07,9.57,9.76,9.54,9.67,4911110.0,49816861.0,667147543.0,0.007361355147792248,0.05000000000000071,0.5197505197505281,2.2869022869022935
2024-08-08,9.62,9.72,9.47,9.7,5130900.0,51717422.0,667147543.0,0.007690802512631003,0.02999999999999936,0.31023784901758056,2.5853154084798344
2024-08-09,9.68,9.75,9.41,9.43,7334700.0,73256815.0,667147543.0,0.010994119781986516,-0.2699999999999996,-2.7835051546391765,3.5051546391752564
2024-08-12,9.47,9.76,9.4,9.63,9328900.0,94193560.0,667147543.0,0.013983263669158114,0.20000000000000107,2.1208907741251393,3.8176033934252325
2024-08-13,9.62,9.7,9.55,9.68,4970900.0,50212324.0,667147543.0,0.007450975503330303,0.049999999999998934,0.5192107995846129,1.5576323987538792
2024-08-14,9.62,10.05,9.59,9.99,11976478.0,124486723.0,667147543.0,0.017951768129347664,0.3100000000000005,3.2024793388429895,4.752066115702489
2024-08-15,9.89,10.11,9.84,9.92,7473783.0,77994721.0,667147543.0,0.011202593906577574,-0.07000000000000028,-0.7007007007007071,2.702702702702698
2024-08-16,9.92,9.97,9.79,9.84,3989200.0,41164190.0,667147543.0,0.005979486909389697,-0.08000000000000007,-0.8064516129032251,1.814516129032273
2024-08-19,9.82,9.98,9.79,9.9,4547727.0,47193797.0,667147543.0,0.006816673534537771,0.0600000000000005,0.6097560975609762,1.9308943089431023
2024-08-20,9.92,10.01,9.78,9.86,4043827.0,41844335.0,667147543.0,0.00606136834712138,-0.040000000000000924,-0.40404040404041774,2.3232323232323275
2024-08-21,9.88,9.99,9.78,9.83,7030814.0,72870225.0,667147543.0,0.010538619341059314,-0.02999999999999936,-0.30425963488842633,2.1298174442190754
2024-08-22,9.81,9.86,9.62,9.66,6018570.0,61396977.0,667147543.0,0.009021347771043204,-0.16999999999999993,-1.7293997965411978,2.4415055951169906
2024-08-23,9.64,9.71,9.52,9.67,4233400.0,42731099.0,667147543.0,0.00634552288233489,0.009999999999999787,0.10351966873705098,1.966873706004154
2024-08-26,9.66,9.7,9.41,9.66,3921052.0,39428709.0,667147543.0,0.005877338590453297,-0.009999999999999787,-0.10341261633919352,2.998965873836599
2024-08-27,9.65,9.75,9.55,9.66,4489252.0,45363407.0,667147543.0,0.0067290242572324065,0.0,0.0,2.0703933747411933
2024-08-28,9.7,10.21,9.65,10.02,12681868.0,132666368.0,667147543.0,0.01900909046741404,0.35999999999999943,3.7267080745341463,5.797101449275368
2024-08-29,10.07,10.17,9.92,9.96,8190249.0,86023227.0,667147543.0,0.012276518269362794,-0.05999999999999872,-0.5988023952095634,2.4950099800399204
2024-08-30,9.92,10.24,9.86,10.06,10440345.0,110030232.0,667147543.0,0.015649229483859464,0.09999999999999964,1.0040160642570184,3.815261044176714
2024-09-02,10.02,10.2,9.93,10.06,8250121.0,86972645.0,667147543.0,0.012366261536243116,0.0,0.0,2.683896620278326
2024-09-03,10.02,10.22,10.02,10.2,6969280.0,74088693.0,667147543.0,0.01044638487111988,0.1399999999999988,1.391650099403563,1.9880715705765513
2024-09-04,10.2,10.37,10.03,10.27,5997978.0,64346133.0,667147543.0,0.008990482034946203,0.07000000000000028,0.6862745098039191,3.3333333333333317
2024-09-05,10.27,10.63,10.23,10.49,7535889.0,82758784.0,667147543.0,0.011295685758075257,0.22000000000000064,2.142161635832518,3.8948393378773165
2024-09-06,10.49,10.58,10.34,10.36,6077711.0,66551365.0,667147543.0,0.009109995328274783,-0.13000000000000078,-1.2392755004766554,2.287893231649192
2024-09-09,10.44,10.52,10.31,10.39,5819700.0,63545659.0,667147543.0,0.008723257787670516,0.030000000000001137,0.28957528957529455,2.0270270270270183
2024-09-10,10.39,10.57,10.29,10.53,5973831.0,65303650.0,667147543.0,0.008954287642486304,0.1399999999999988,1.3474494706448459,2.6948989412897126
2024-09-11,10.5,10.5,10.28,10.35,6118800.0,66659948.0,667147543.0,0.00917158440318201,-0.17999999999999972,-1.7094017094017033,2.089268755935429
2024-09-12,10.39,10.39,10.15,10.26,6149822.0,66168722.0,667147543.0,0.0092180838624478,-0.08999999999999986,-0.8695652173912993,2.3188405797101472
2024-09-13,10.33,10.43,10.21,10.25,4775023.0,51597522.0,667147543.0,0.007157371783950346,-0.009999999999999787,-0.09746588693957392,2.1442495126705543
2024-09-18,10.19,10.39,10.1,10.28,4139259.0,44483201.0,667147543.0,0.0062044131668187825,0.02999999999999936,0.29268292682926855,2.829268292682936
2024-09-19,10.28,10.37,10.07,10.16,5946340.0,63510118.0,667147543.0,0.00891308086553202,-0.11999999999999922,-1.1673151750972721,2.9182879377431807
2024-09-20,10.15,10.27,10.08,10.16,4336760.0,46246313.0,667147543.0,0.0065004511303431425,0.0,0.0,1.8700787401574752
2024-09-23,10.2,10.3,9.88,9.96,10141922.0,106703126.0,667147543.0,0.015201917636381073,-0.1999999999999993,-1.9685039370078705,4.133858267716534
2024-09-24,10.03,10.29,9.96,10.22,10788400.0,114664796.0,667147543.0,0.016170935669622934,0.2599999999999998,2.610441767068261,3.313253012048176
2024-09-25,10.35,11.24,10.34,10.67,34275247.0,391765810.0,667147543.0,0.051375812381579886,0.4499999999999993,4.4031311154598685,8.806262230919767
2024-09-26,10.66,10.8,10.38,10.79,22201182.0,246334912.0,667147543.0,0.0332777692625033,0.11999999999999922,1.1246485473289436,3.936269915651358
2024-09-27,10.97,11.17,10.69,11.07,22604374.0,259488291.0,667147543.0,0.0338821213345906,0.28000000000000114,2.594995366079722,4.4485634847080675
2024-09-30,11.25,11.94,11.07,11.84,34201980.0,414974109.0,667147543.0,0.05126599109726467,0.7699999999999996,6.955736224028897,7.8590785907859
2024-10-08,12.9,12.96,11.46,12.22,41714140.0,529779300.0,667147543.0,0.06252610901094183,0.3800000000000008,3.209459459459474,12.66891891891892
2024-10-09,11.89,11.89,11.0,11.0,24746480.0,292675254.0,667147543.0,0.03709296430699738,-1.2200000000000006,-9.983633387888712,7.283142389525373
2024-10-10,11.24,11.58,11.11,11.15,25626833.0,305218942.0,667147543.0,0.0384125419764905,0.15000000000000036,1.3636363636363669,4.272727272727279
2024-10-11,11.35,11.36,10.55,10.67,14210034.0,161606190.0,667147543.0,0.021299687226757874,-0.4800000000000004,-4.304932735426014,7.264573991031378
2024-10-14,10.83,11.11,10.65,11.04,13023849.0,148881379.0,667147543.0,0.019521692220336933,0.3699999999999992,3.467666354264276,4.311152764761004
2024-10-15,10.88,11.09,10.78,10.81,10448769.0,119645611.0,667147543.0,0.015661856375899147,-0.22999999999999865,-2.083333333333326,2.8079710144927583
2024-10-16,10.71,11.11,10.69,11.0,12628102.0,145703486.0,667147543.0,0.01892849959877616,0.1899999999999995,1.757631822386685,3.8852913968547633
2024-10-17,11.03,11.13,10.77,10.82,11021357.0,126529215.0,667147543.0,0.01652011929840833,-0.17999999999999972,-1.6363636363636358,3.2727272727272836
2024-10-18,10.76,11.04,10.65,10.87,17210618.0,196555410.0,667147543.0,0.025797319019729942,0.049999999999998934,0.46210720887245316,3.6044362292051644
2024-10-21,10.85,11.18,10.76,10.97,16484268.0,190098336.0,667147543.0,0.024708579343445173,0.10000000000000142,0.9199632014719628,3.863845446182152
2024-10-22,10.91,11.5,10.91,11.11,22279283.0,261167607.0,667147543.0,0.03339483632033701,0.1399999999999988,1.2762078395624377,5.378304466727437
2024-10-23,11.15,11.16,10.84,11.01,16768395.0,193869781.0,667147543.0,0.025134462647642547,-0.09999999999999964,-0.9000900090008979,2.880288028802883
2024-10-24,10.92,10.98,10.76,10.89,10350785.0,117860498.0,667147543.0,0.015514986315403398,-0.11999999999999922,-1.089918256130784,1.9981834695731213
2024-10-25,10.84,11.1,10.84,11.02,11285600.0,129997621.0,667147543.0,0.01691619810102486,0.129999999999999,1.1937557392102782,2.387511478420567
2024-10-28,11.01,11.23,10.92,11.22,14096664.0,164402618.0,667147543.0,0.021129754801480247,0.20000000000000107,1.814882032667886,2.8130671506352134
2024-10-29,11.36,11.44,10.76,10.79,16738137.0,193183042.0,667147543.0,0.02508910836234617,-0.4300000000000015,-3.832442067736197,6.060606060606058
2024-10-30,10.63,10.65,10.28,10.39,19216964.0,209962417.0,667147543.0,0.02880466877474508,-0.3999999999999986,-3.707136237256703,3.429101019462475
2024-10-31,10.39,10.4,10.1,10.28,13425510.0,144334619.0,667147543.0,0.020123749447728986,-0.11000000000000121,-1.0587102983638186,2.8873917228104014
2024-11-01,10.23,10.26,10.0,10.01,15597614.0,165201863.0,667147543.0,0.02337955698654203,-0.2699999999999996,-2.6264591439688623,2.52918287937743
2024-11-04,10.03,10.32,10.0,10.31,14258988.0,152132117.0,667147543.0,0.02137306529809104,0.3000000000000007,2.9970029970030065,3.1968031968031996
2024-11-05,10.26,10.35,10.13,10.32,17579558.0,189097076.0,667147543.0,0.026350330124801195,0.009999999999999787,0.09699321047527132,2.133850630455857
2024-11-06,10.35,10.53,10.28,10.33,14929261.0,162334859.0,667147543.0,0.02237775010437234,0.009999999999999787,0.09689922480620172,2.4224806201550386
2024-11-07,10.3,10.52,10.27,10.52,12820013.0,139898330.0,667147543.0,0.019216158606163075,0.1899999999999995,1.83930300096804,2.420135527589545
2024-11-08,10.61,10.66,10.35,10.39,14437161.0,158677526.0,667147543.0,0.021640132158891875,-0.129999999999999,-1.2357414448669113,2.9467680608365066
2024-11-11,10.38,10.72,10.31,10.71,16861339.0,186878665.0,667147543.0,0.025273778157345324,0.3200000000000003,3.0798845043310985,3.9461020211742066
2024-11-12,10.77,10.81,10.46,10.54,15970143.0,177791113.0,667147543.0,0.023937947711215657,-0.1700000000000017,-1.5873015873016039,3.267973856209147
2024-11-13,10.53,10.8,10.49,10.78,17530517.0,196531334.0,667147543.0,0.02627682164753172,0.2400000000000002,2.2770398481973375,2.94117647058824
2024-11-14,10.76,10.9,10.49,10.56,12716786.0,142111031.0,667147543.0,0.019061429714356305,-0.21999999999999886,-2.0408163265306034,3.8033395176252336
2024-11-15,10.5,10.87,10.5,10.6,18364458.0,206798906.0,667147543.0,0.02752683149730194,0.03999999999999915,0.37878787878786735,3.5037878787878713
2024-11-18,10.64,10.7,10.24,10.34,15245502.0,165523204.0,667147543.0,0.022851769687173982,-0.2599999999999998,-2.4528301886792447,4.3396226415094254
2024-11-19,10.35,10.4,10.17,10.31,10441386.0,112431633.0,667147543.0,0.015650789858338728,-0.02999999999999936,-0.29013539651836506,2.2243713733075476
2024-11-20,10.31,11.21,10.26,10.96,31706317.0,358213934.0,667147543.0,0.047525194887812094,0.6500000000000004,6.304558680892347,9.21435499515035
2024-11-21,10.92,11.02,10.69,10.82,22091404.0,250440643.0,667147543.0,0.033113220953584474,-0.14000000000000057,-1.2773722627737238,3.0109489051094895
2024-11-22,10.75,11.12,10.62,10.65,22189317.0,253250301.0,667147543.0,0.033259984590844845,-0.16999999999999993,-1.5711645101663563,4.621072088724584
2024-11-25,10.59,10.74,10.25,10.44,17309493.0,188303480.0,667147543.0,0.025945524616883736,-0.21000000000000085,-1.9718309859155014,4.600938967136152
2024-11-26,10.41,10.68,10.31,10.34,13513084.0,148785242.0,667147543.0,0.020255015763432107,-0.09999999999999964,-0.9578544061302652,3.544061302681985
2024-11-27,10.33,10.65,10.06,10.64,15761724.0,170661417.0,667147543.0,0.02362554455214414,0.3000000000000007,2.9013539651837617,5.705996131528045
2024-11-28,10.59,10.8,10.43,10.47,15201619.0,168110947.0,667147543.0,0.022785992633116838,-0.16999999999999993,-1.5977443609022535,3.4774436090225653
2024-11-29,10.46,10.64,10.38,10.51,10600085.0,116743563.0,667147543.0,0.01588866677427005,0.03999999999999915,0.3820439350525229,2.4832855778414498
2024-12-02,10.48,10.69,10.47,10.64,11002153.0,122383939.0,667147543.0,0.016491334061617013,0.13000000000000078,1.2369172216936342,2.0932445290199704
2024-12-03,10.64,10.77,10.54,10.73,13118893.0,146693990.0,667147543.0,0.019664155459536783,0.08999999999999986,0.8458646616541277,2.16165413533835
2024-12-04,10.72,10.72,10.49,10.54,11006140.0,121884737.0,667147543.0,0.016497310250905024,-0.19000000000000128,-1.7707362534948867,2.143522833178009
2024-12-05,10.54,10.73,10.5,10.67,11596300.0,129546687.0,667147543.0,0.017381912174710655,0.13000000000000078,1.2333965844402384,2.182163187855792
2024-12-06,10.91,11.73,10.91,11.73,53828738.0,640723885.0,667147543.0,0.08068490780606832,1.0600000000000005,9.934395501405824,7.685098406747894
2024-12-09,11.93,12.15,11.41,11.51,45419550.0,552263357.0,667147543.0,0.06808021775177249,-0.22000000000000064,-1.8755328218243883,6.308610400682014
2024-12-10,11.69,12.04,11.46,11.58,45960320.0,564974301.0,667147543.0,0.06889078807564461,0.07000000000000028,0.6081668114682914,5.039096437880089
2024-12-11,11.54,12.47,11.51,11.94,52591147.0,658159413.0,667147543.0,0.07882985937939668,0.35999999999999943,3.1088082901554293,8.290155440414516
2024-12-12,11.83,12.05,11.49,11.6,33514991.0,409172445.0,667147543.0,0.050236250364186684,-0.33999999999999986,-2.8475711892797295,4.690117252931328
2024-12-13,11.54,11.76,11.38,11.38,30147940.0,366246696.0,667147543.0,0.04518931429235587,-0.21999999999999886,-1.8965517241379182,3.2758620689655085
2024-12-16,11.34,11.57,11.11,11.43,24088330.0,287067514.0,667147543.0,0.03610645089342703,0.049999999999998934,0.4393673110720364,4.042179261862924
2024-12-17,11.38,11.66,11.09,11.4,26439066.0,314934911.0,667147543.0,0.03963001329677385,-0.02999999999999936,-0.2624671916010457,4.9868766404199505
2024-12-18,11.45,11.69,11.28,11.38,25987447.0,314906665.0,667147543.0,0.038953073083565264,-0.019999999999999574,-0.17543859649122862,3.596491228070177
2024-12-19,11.18,11.4,11.08,11.38,17499407.0,206024667.0,667147543.0,0.026230190283410816,0.0,0.0,2.8119507908611623
2024-12-20,11.31,11.38,11.2,11.27,14362640.0,169613871.0,667147543.0,0.021528431230391266,-0.11000000000000121,-0.9666080843585334,1.5817223198594152
2024-12-23,11.24,11.26,10.86,10.95,14159700.0,163549338.0,667147543.0,0.02122424064746949,-0.3200000000000003,-2.839396628216506,3.5492457852706334
2024-12-24,11.02,11.14,10.94,11.11,8352068.0,96891719.0,667147543.0,0.012519071811975481,0.16000000000000014,1.461187214611881,1.82648401826485
2024-12-25,11.07,11.18,10.83,11.12,9774313.0,112975281.0,667147543.0,0.014650901592243441,0.009999999999999787,0.09000900090008201,3.150315031503147
2024-12-26,11.08,11.19,11.04,11.11,7746830.0,90269909.0,667147543.0,0.011611869190380875,-0.009999999999999787,-0.08992805755395628,1.3489208633093557
2024-12-27,11.18,11.22,11.0,11.02,11986330.0,139184357.0,667147543.0,0.017966535477445353,-0.08999999999999986,-0.8100810081008047,1.9801980198019862
2024-12-30,10.97,11.23,10.8,11.04,12215633.0,141332507.0,667147543.0,0.018310242056905845,0.019999999999999574,0.1814882032667775,3.901996370235932
2024-12-31,11.07,11.24,10.81,10.84,13314201.0,154193800.0,667147543.0,0.019956906294114913,-0.1999999999999993,-1.8115942028985477,3.894927536231882
2025-01-02,10.8,11.25,10.69,10.84,18707988.0,216236288.0,667147543.0,0.028041755075458624,0.0,0.0,5.16605166051661
2025-01-03,10.89,11.14,10.61,10.66,16559700.0,187487656.0,667147543.0,0.024821645786979988,-0.17999999999999972,-1.6605166051660514,4.889298892988941
2025-01-06,10.62,10.8,10.41,10.61,10901179.0,121218668.0,667147543.0,0.016339982233884956,-0.05000000000000071,-0.46904315196998336,3.658536585365859
2025-01-07,10.61,10.66,10.43,10.56,9204054.0,101542467.0,667147543.0,0.013796129651638393,-0.049999999999998934,-0.47125353440149453,2.167766258246941
2025-01-08,10.52,10.69,10.28,10.58,11258364.0,124086328.0,667147543.0,0.016875373548366646,0.019999999999999574,0.18939393939394478,3.882575757575759
2025-01-09,10.5,10.59,10.35,10.37,8578444.0,94111837.0,667147543.0,0.012858391056084576,-0.21000000000000085,-1.9848771266540721,2.268431001890361
2025-01-10,10.4,10.4,10.07,10.07,9189723.0,98196110.0,667147543.0,0.013774648646199091,-0.29999999999999893,-2.8929604628736616,3.1822565091610424
2025-01-13,9.97,10.07,9.86,10.02,5410826.0,56618317.0,667147543.0,0.008110388858915426,-0.05000000000000071,-0.49652432969216065,2.085402184707059
2025-01-14,10.07,10.28,10.02,10.26,9408340.0,100612441.0,667147543.0,0.01410233777927591,0.2400000000000002,2.39520958083832,2.594810379241515
2025-01-15,10.26,10.38,10.26,10.36,7753900.0,83900990.0,667147543.0,0.01162246654635435,0.09999999999999964,0.974658869395717,1.1695906432748635
2025-01-16,10.4,10.72,10.29,10.43,10541600.0,115707025.0,667147543.0,0.015801002507776604,0.07000000000000028,0.6756756756756799,4.150579150579166
2025-01-17,10.32,10.47,10.28,10.42,5038889.0,54934698.0,667147543.0,0.007552885494176211,-0.009999999999999787,-0.09587727708533222,1.821668264621297
2025-01-20,10.52,10.58,10.42,10.47,5276682.0,58114749.0,667147543.0,0.00790931789431772,0.05000000000000071,0.4798464491362786,1.5355086372360858
2025-01-21,10.5,10.55,10.29,10.36,5264400.0,57248167.0,667147543.0,0.007890908173516275,-0.11000000000000121,-1.0506208213944768,2.4832855778414666
2025-01-22,10.3,10.32,10.16,10.24,6338138.0,67966738.0,667147543.0,0.009500354256719492,-0.11999999999999922,-1.158301158301156,1.5444015444015458
2025-01-23,10.29,10.47,10.29,10.34,6182738.0,67324794.0,667147543.0,0.009267422273936187,0.09999999999999964,0.9765625,1.7578125000000147
2025-01-24,10.3,10.62,10.3,10.58,7821862.0,86097013.0,667147543.0,0.011724336066392439,0.2400000000000002,2.3210831721470093,3.094777562862655
2025-01-27,10.61,10.92,10.61,10.79,11137763.0,126084801.0,667147543.0,0.016694602441187437,0.20999999999999908,1.98487712665405,2.930056710775052
2025-02-05,10.88,10.94,10.62,10.69,9072000.0,102217436.0,667147543.0,0.013598191427349677,-0.09999999999999964,-0.9267840593141785,2.9657089898053783
2025-02-06,10.63,10.75,10.56,10.74,8587882.0,96070442.0,667147543.0,0.012872537851795702,0.05000000000000071,0.467726847521055,1.7773620205799767
2025-02-07,10.72,10.81,10.63,10.69,12173794.0,136755094.0,667147543.0,0.018247528792892518,-0.05000000000000071,-0.4655493482309203,1.675977653631282
2025-02-10,10.7,10.86,10.69,10.75,9904745.0,111750149.0,667147543.0,0.014846408570225372,0.0600000000000005,0.561272217025266,1.5902712815715616
2025-02-11,10.79,11.07,10.68,11.01,15363390.0,175437206.0,667147543.0,0.023028474227626737,0.2599999999999998,2.4186046511627923,3.627906976744191
2025-02-12,10.9,11.07,10.88,11.01,9445777.0,108826507.0,667147543.0,0.01415845280269585,0.0,0.0,1.7257039055404135
2025-02-13,11.05,11.08,10.87,10.94,10868530.0,125124092.0,667147543.0,0.01629104403371834,-0.07000000000000028,-0.6357856494096259,1.9073569482288906
2025-02-14,11.06,11.07,10.77,11.0,10899124.0,124739786.0,667147543.0,0.01633690195573425,0.0600000000000005,0.5484460694698434,2.742230347349184
2025-02-17,11.03,11.1,10.91,10.99,13158590.0,151843638.0,667147543.0,0.019723658039463094,-0.009999999999999787,-0.09090909090908594,1.7272727272727229
2025-02-18,10.93,10.99,10.71,10.72,10086103.0,114856718.0,667147543.0,0.015118249487430098,-0.2699999999999996,-2.456778889899902,2.547770700636937
2025-02-19,10.76,10.8,10.61,10.68,10161003.0,113773877.0,667147543.0,0.01523051850615899,-0.040000000000000924,-0.3731343283582156,1.7723880597015043
2025-02-20,10.67,10.69,10.55,10.63,7830601.0,87069681.0,667147543.0,0.01173743511785668,-0.049999999999998934,-0.4681647940074751,1.3108614232209626
2025-02-21,10.57,10.76,10.53,10.68,11748167.0,131059812.0,667147543.0,0.01760954847734484,0.049999999999998934,0.470366886171214,2.1636876763875863
2025-02-24,10.64,10.84,10.55,10.68,13236604.0,148189796.0,667147543.0,0.0198405946913605,0.0,0.0,2.715355805243438
2025-02-25,10.61,10.61,10.32,10.38,12630033.0,138083701.0,667147543.0,0.018931394010994657,-0.29999999999999893,-2.8089887640449285,2.715355805243438
2025-02-26,10.38,10.52,10.35,10.43,7646911.0,83471794.0,667147543.0,0.011462098721991396,0.049999999999998934,0.481695568400764,1.6377649325626198
2025-02-27,10.4,10.46,10.25,10.33,8212373.0,88895362.0,667147543.0,0.012309680349073848,-0.09999999999999964,-0.9587727708533,2.0134228187919545
2025-02-28,10.28,10.35,10.16,10.18,8001950.0,85818439.0,667147543.0,0.011994273356710841,-0.15000000000000036,-1.4520813165537327,1.8393030009680493
2025-03-03,10.18,10.36,10.13,10.22,7930459.0,85400742.0,667147543.0,0.011887114152198864,0.040000000000000924,0.39292730844795454,2.259332023575625
2025-03-04,10.26,10.35,10.19,10.3,8474769.0,91373679.0,667147543.0,0.012702990648651763,0.08000000000000007,0.7827788649706457,1.5655577299412928
2025-03-05,10.28,10.3,10.11,10.16,6578590.0,70147005.0,667147543.0,0.009860772281971816,-0.14000000000000057,-1.3592233009708798,1.8446601941747698
2025-03-06,10.2,10.32,10.13,10.3,9631030.0,103321064.0,667147543.0,0.01443613200865824,0.14000000000000057,1.3779527559055094,1.8700787401574752
2025-03-07,10.29,10.33,10.15,10.19,7571220.0,81290228.0,667147543.0,0.011348644058485275,-0.11000000000000121,-1.0679611650485588,1.7475728155339778
2025-03-10,10.16,10.18,10.08,10.17,6225620.0,66046157.0,667147543.0,0.009331698910266391,-0.019999999999999574,-0.19627085377821318,0.9813542688910663
2025-03-11,10.11,10.2,10.05,10.2,5171991.0,54921623.0,667147543.0,0.007752394585375847,0.02999999999999936,0.2949852507374562,1.4749262536873018
2025-03-12,10.21,10.49,10.2,10.42,10957864.0,119285221.0,667147543.0,0.01642494844652377,0.22000000000000064,2.1568627450980538,2.8431372549019702
2025-03-13,10.38,10.4,10.22,10.31,5750079.0,61977012.0,667147543.0,0.00861890156132974,-0.10999999999999943,-1.055662188099804,1.7274472168905923
2025-03-14,10.28,10.45,10.28,10.43,6835524.0,74456226.0,667147543.0,0.010245895487019728,0.11999999999999922,1.1639185257031892,1.6488845780795336
2025-03-17,10.46,10.49,10.37,10.41,5120334.0,55874117.0,667147543.0,0.0076749649365043075,-0.019999999999999574,-0.19175455417065335,1.150527325023979
2025-03-18,10.4,10.44,10.31,10.38,6245790.0,67786907.0,667147543.0,0.00936193210262636,-0.02999999999999936,-0.2881844380403398,1.2487992315081555
2025-03-19,10.36,10.37,10.26,10.28,6902200.0,74486349.0,667147543.0,0.010345837397470562,-0.10000000000000142,-0.9633911368015502,1.05973025048169
2025-03-20,10.28,10.43,10.26,10.35,6294000.0,68182814.0,667147543.0,0.009434194978366277,0.07000000000000028,0.6809338521400754,1.653696498054474
2025-03-21,10.35,10.42,10.27,10.39,6799113.0,73781537.0,667147543.0,0.01019131835429693,0.040000000000000924,0.38647342995170586,1.4492753623188441
2025-03-24,10.39,10.54,10.34,10.54,13460590.0,147396150.0,667147543.0,0.020176331519518163,0.14999999999999858,1.443695861405181,1.9249278152069227
2025-03-25,11.6,11.6,10.76,10.86,41993822.0,494068715.0,667147543.0,0.06294532962103706,0.3200000000000003,3.0360531309297834,7.9696394686907
2025-03-26,10.59,10.9,10.55,10.75,19298522.0,216793686.0,667147543.0,0.028926917594898495,-0.10999999999999943,-1.012891344383049,3.222836095764269
2025-03-27,10.74,10.97,10.73,10.76,11960978.0,135859262.0,667147543.0,0.01792853488782166,0.009999999999999787,0.09302325581395099,2.232558139534886
2025-03-28,10.75,10.94,10.74,10.88,10610439.0,120548441.0,667147543.0,0.015904186579609424,0.120000000000001,1.115241635687747,1.8587360594795475
2025-03-31,10.78,10.96,10.69,10.79,9653375.0,109561366.0,667147543.0,0.01446962534942589,-0.09000000000000163,-0.8272058823529549,2.481617647058836
2025-04-01,10.78,11.06,10.76,10.94,11938868.0,137132105.0,667147543.0,0.017895393792973918,0.15000000000000036,1.3901760889712733,2.780352177942546
2025-04-02,10.96,11.12,10.96,11.02,7926059.0,91698210.0,667147543.0,0.011880518909443095,0.08000000000000007,0.7312614259597838,1.4625228519195463
2025-04-03,10.88,11.35,10.88,11.2,13278615.0,155647348.0,667147543.0,0.019903565769408823,0.17999999999999972,1.6333938294010864,4.2649727767695
2025-04-07,10.81,11.3,10.49,10.71,23104434.0,263748812.0,667147543.0,0.034631670673783775,-0.48999999999999844,-4.374999999999984,7.232142857142862
2025-04-08,10.73,11.31,10.73,10.92,21367280.0,246714868.0,667147543.0,0.0320278178705666,0.20999999999999908,1.9607843137254832,5.415499533146592
2025-04-09,10.85,10.97,10.4,10.94,14857585.0,166837313.0,667147543.0,0.02227031359988086,0.019999999999999574,0.1831501831501825,5.2197802197802226
2025-04-10,11.02,11.33,10.92,11.1,17507100.0,205112336.0,667147543.0,0.026241721465801757,0.16000000000000014,1.4625228519195677,3.747714808043877
2025-04-11,11.09,11.42,11.07,11.12,14624621.0,173091443.0,667147543.0,0.021921119478663806,0.019999999999999574,0.18018018018017834,3.1531531531531503
2025-04-14,11.27,11.27,11.05,11.19,8311642.0,97121785.0,667147543.0,0.012458476520238043,0.07000000000000028,0.629496402877705,1.97841726618704
2025-04-15,11.19,11.35,11.14,11.32,10954954.0,129386091.0,667147543.0,0.016420586592792115,0.13000000000000078,1.1617515638963516,1.87667560321715
2025-04-16,11.32,11.64,11.27,11.39,14677516.0,175861641.0,667147543.0,0.02200040478901981,0.07000000000000028,0.6183745583038913,3.268551236749125
2025-04-17,11.37,11.41,11.16,11.2,11102617.0,130920934.0,667147543.0,0.01664192144075692,-0.19000000000000128,-1.6681299385425952,2.194907813871817
2025-04-18,11.45,11.69,11.31,11.44,23777299.0,285892374.0,667147543.0,0.035640240677615745,0.2400000000000002,2.1428571428571352,3.3928571428571344
2025-04-21,11.49,11.92,11.45,11.71,23011267.0,283118498.0,667147543.0,0.034492020905186785,0.27000000000000135,2.360139860139876,4.1083916083916145
2025-04-22,11.74,11.94,11.64,11.91,15538141.0,192935158.0,667147543.0,0.023290411788266154,0.1999999999999993,1.707941929974366,2.561912894961562
2025-04-23,11.9,11.93,11.64,11.81,15542866.0,192139222.0,667147543.0,0.023297494179634563,-0.09999999999999964,-0.8396305625524736,2.4349286314021756
2025-04-24,11.77,12.11,11.73,12.07,14332408.0,179304678.0,667147543.0,0.0214831159169839,0.2599999999999998,2.201524132091448,3.217612193056723
2025-04-25,12.07,12.15,11.72,11.74,11931720.0,148080827.0,667147543.0,0.017884679521333408,-0.33000000000000007,-2.7340513670256805,3.5625517812758885
2025-04-28,11.74,11.88,11.58,11.7,13722787.0,168253500.0,667147543.0,0.020569343534253264,-0.040000000000000924,-0.34071550255537764,2.555366269165253
2025-04-29,11.72,12.02,11.65,11.96,10333030.0,129214915.0,667147543.0,0.01548837301196506,0.26000000000000156,2.2222222222222365,3.162393162393156
2025-04-30,11.93,12.05,11.79,11.82,8567591.0,106819824.0,667147543.0,0.012842123290259948,-0.14000000000000057,-1.170568561872909,2.1739130434782736
2025-05-06,11.91,11.95,11.72,11.92,11193507.0,138926115.0,667147543.0,0.0167781581712278,0.09999999999999964,0.8460236886632888,1.9458544839255385
2025-05-07,11.9,12.13,11.85,12.08,10074629.0,126823940.0,667147543.0,0.015101050893025623,0.16000000000000014,1.342281879194629,2.3489932885906133
2025-05-08,12.06,12.14,11.94,11.98,7058500.0,88921203.0,667147543.0,0.010580118407181184,-0.09999999999999964,-0.8278145695364225,1.6556291390728566
2025-05-09,12.01,12.07,11.92,12.02,4839900.0,60805212.0,667147543.0,0.007254617139465355,0.03999999999999915,0.33388981636059967,1.2520868113522567
2025-05-12,12.03,12.11,11.94,12.04,6735000.0,84978135.0,667147543.0,0.01009521817275133,0.019999999999999574,0.16638935108153063,1.414309484193011
2025-05-13,12.02,12.09,11.92,11.94,5847500.0,73436000.0,667147543.0,0.008764927730536512,-0.09999999999999964,-0.830564784053156,1.411960132890365
2025-05-14,11.94,11.99,11.73,11.87,7766959.0,96279693.0,667147543.0,0.011642040927069712,-0.07000000000000028,-0.5862646566164198,2.1775544388609696
2025-05-15,11.83,11.92,11.79,11.79,4386799.0,54479581.0,667147543.0,0.006575455528583128,-0.08000000000000007,-0.6739679865206405,1.095197978096047
2025-05-16,11.78,11.84,11.73,11.78,3560760.0,43963384.0,667147543.0,0.0053372901352347485,-0.009999999999999787,-0.08481764206954567,0.9329940627650505
2025-05-19,11.74,12.09,11.73,11.93,8667957.0,108580410.0,667147543.0,0.012992563775356661,0.15000000000000036,1.2733446519524572,3.0560271646859034
2025-05-20,11.91,12.1,11.91,11.96,6199970.0,77974191.0,667147543.0,0.009293251642837872,0.030000000000001137,0.25146689019279744,1.592623637887674
2025-05-21,11.94,12.15,11.94,12.1,5087320.0,64398270.0,667147543.0,0.007625479630972725,0.1399999999999988,1.1705685618728978,1.7558528428093716
2025-05-22,12.12,12.15,11.91,11.99,4870720.0,61237567.0,667147543.0,0.007300813817131903,-0.10999999999999943,-0.9090909090909038,1.9834710743801671
2025-05-23,11.99,12.01,11.72,11.72,5554920.0,68833065.0,667147543.0,0.00832637406565402,-0.2699999999999996,-2.251876563803168,2.4186822351959893
2025-05-26,11.72,11.92,11.68,11.86,6552965.0,81179527.0,667147543.0,0.009822362487513501,0.1399999999999988,1.1945392491467421,2.047781569965872
2025-05-27,11.89,11.93,11.74,11.83,5788200.0,71864843.0,667147543.0,0.00867604184521444,-0.02999999999999936,-0.2529510961214121,1.6020236087689672
2025-05-28,11.84,12.27,11.79,12.21,9490078.0,119736377.0,667147543.0,0.014224856404814789,0.3800000000000008,3.2121724429416743,4.057480980557907
2025-05-29,12.18,12.29,12.1,12.27,8038140.0,102824294.0,667147543.0,0.012048519228377044,0.05999999999999872,0.49140049140048436,1.5561015561015519
2025-05-30,12.26,12.49,12.21,12.28,8671505.0,112296109.0,667147543.0,0.012997881939287904,0.009999999999999787,0.08149959250203231,2.2819885900570447
2025-06-03,12.17,12.58,12.15,12.54,16536202.0,215410441.0,667147543.0,0.024786424192826565,0.2599999999999998,2.1172638436482094,3.501628664495112
2025-06-04,12.47,12.68,12.4,12.61,9717265.0,127750781.0,667147543.0,0.014565391272077278,0.07000000000000028,0.5582137161084466,2.232854864433807
2025-06-05,12.61,12.76,12.55,12.56,7414114.0,98333138.0,667147543.0,0.011113154920215302,-0.049999999999998934,-0.3965107057890438,1.6653449643140292
2025-06-06,12.54,12.62,12.46,12.56,4515360.0,59445807.0,667147543.0,0.006768158029475048,0.0,0.0,1.2738853503184582
2025-06-09,12.56,12.59,12.41,12.54,5413962.0,70893169.0,667147543.0,0.008115089468297719,-0.02000000000000135,-0.15923566878981443,1.433121019108278
2025-06-10,12.54,12.64,12.45,12.56,6676620.0,87952932.0,667147543.0,0.010007711292732738,0.02000000000000135,0.15948963317384823,1.5151515151515254
2025-06-11,12.56,12.83,12.53,12.79,6216486.0,82879116.0,667147543.0,0.009318007785872938,0.22999999999999865,1.8312101910827883,2.3885350318471397
2025-06-12,12.85,13.02,12.72,13.0,7501426.0,101631345.0,667147543.0,0.011244028519190694,0.21000000000000085,1.6419077404222104,2.345582486317427
2025-06-13,12.98,13.0,12.5,12.56,9779274.0,129849120.0,667147543.0,0.014658337728450571,-0.4399999999999995,-3.384615384615386,3.8461538461538463
2025-06-16,12.46,12.67,12.45,12.54,5892301.0,77642412.0,667147543.0,0.008832080792059516,-0.02000000000000135,-0.15923566878981443,1.7515923566879033
2025-06-17,12.5,12.61,12.32,12.47,6628050.0,86378171.0,667147543.0,0.009934908806221894,-0.06999999999999851,-0.5582137161084466,2.312599681020727
2025-06-18,12.45,12.46,12.26,12.34,3897337.0,50500975.0,667147543.0,0.005841791730918509,-0.13000000000000078,-1.0425020048115519,1.60384923817162
2025-06-19,12.34,12.41,12.26,12.4,3570830.0,46227491.0,667147543.0,0.005352384247632611,0.0600000000000005,0.4862236628849326,1.2155591572123206
2025-06-20,12.4,12.42,12.17,12.19,5105220.0,65645321.0,667147543.0,0.00765231027763824,-0.21000000000000085,-1.6935483870967771,2.0161290322580645
2025-06-23,12.29,12.4,12.05,12.32,6720600.0,86131637.0,667147543.0,0.010073633741914268,0.13000000000000078,1.0664479081214262,2.871205906480719
2025-06-24,12.33,12.42,12.3,12.36,4286200.0,55438970.0,667147543.0,0.006424665795404121,0.03999999999999915,0.32467532467532756,0.9740259740259676
2025-06-25,12.36,12.37,12.08,12.17,6410201.0,81831781.0,667147543.0,0.009608370842789718,-0.1899999999999995,-1.53721682847896,2.346278317152097
2025-06-26,12.2,12.31,12.01,12.26,6891700.0,88194854.0,667147543.0,0.010330098749985204,0.08999999999999986,0.7395234182415722,2.465078060805265
2025-06-27,12.26,12.54,12.16,12.46,9127469.0,119017079.0,667147543.0,0.013681334954717805,0.20000000000000107,1.6313213703099683,3.0995106035888993
2025-06-30,12.5,12.55,12.2,12.41,6744708.0,83706340.0,667147543.0,0.010109769676540651,-0.05000000000000071,-0.40128410914928025,2.808988764044955
2025-07-01,12.43,12.54,12.4,12.49,6362044.0,79308958.0,667147543.0,0.009536187409746632,0.08000000000000007,0.6446414182111226,1.1281224818694504
2025-07-02,12.52,12.58,12.42,12.56,4987800.0,62389832.0,667147543.0,0.007476307231187689,0.07000000000000028,0.5604483586869602,1.2810248198558858
2025-07-03,12.58,12.78,12.44,12.72,5254611.0,66141622.0,667147543.0,0.007876235257303495,0.16000000000000014,1.273885350318471,2.7070063694267503
2025-07-04,12.7,13.02,12.67,12.93,8914230.0,114675402.0,667147543.0,0.013361707006991106,0.20999999999999908,1.6509433962264008,2.751572327044022
2025-07-07,12.86,13.39,12.82,13.26,8065978.0,105908206.0,667147543.0,0.012090246130157748,0.33000000000000007,2.5522041763341052,4.4083526682134595
2025-07-08,13.25,13.31,13.05,13.07,6681970.0,87868795.0,667147543.0,0.01001573050835623,-0.1899999999999995,-1.4328808446455454,1.9607843137254888
2025-07-09,13.1,13.45,13.06,13.37,5651369.0,75208097.0,667147543.0,0.008470943285779289,0.29999999999999893,2.295332823259355,2.983932670237175
2025-07-10,13.4,13.45,13.22,13.35,4156975.0,55382579.0,667147543.0,0.006230968012423603,-0.019999999999999574,-0.14958863126401933,1.7202692595362654
2025-07-11,13.34,13.4,13.1,13.25,5298712.0,70061576.0,667147543.0,0.007942339075660809,-0.09999999999999964,-0.7490636704119868,2.2471910112359605
2025-07-14,13.18,13.35,13.11,13.25,4426077.0,58655261.0,667147543.0,0.006634330061528833,0.0,0.0,1.8113207547169825
2025-07-15,13.7,14.08,13.15,13.22,12630481.0,170219008.0,667147543.0,0.0189320655266207,-0.02999999999999936,-0.22641509433961593,7.018867924528299
2025-07-16,13.33,13.41,12.9,12.95,8671610.0,113532474.0,667147543.0,0.012998039325762756,-0.27000000000000135,-2.042360060514381,3.8577912254160345
2025-07-17,13.0,13.06,12.82,12.91,4848070.0,62615654.0,667147543.0,0.007266863306127772,-0.03999999999999915,-0.3088803088802994,1.853281853281855
2025-07-18,12.99,13.06,12.82,12.95,4542900.0,58845184.0,667147543.0,0.006809438253450931,0.03999999999999915,0.30983733539891034,1.859024012393495
2025-07-21,12.97,13.12,12.92,13.1,4807635.0,62759789.0,667147543.0,0.007206254524121061,0.15000000000000036,1.158301158301156,1.544401544401539
2025-07-22,13.1,13.19,12.9,12.96,6149700.0,79908101.0,667147543.0,0.009217900994353209,-0.1399999999999988,-1.0687022900763288,2.2137404580152604
2025-07-23,12.99,13.18,12.95,12.97,6394100.0,83575933.0,667147543.0,0.009584236751060028,0.009999999999999787,0.07716049382715529,1.7746913580246944
2025-07-24,12.97,13.04,12.8,12.94,5891033.0,76110294.0,667147543.0,0.008830180163010808,-0.030000000000001137,-0.23130300693909867,1.8504240555127096
2025-07-25,12.96,13.08,12.94,12.97,4370741.0,56833325.0,667147543.0,0.006551385890362187,0.030000000000001137,0.23183925811438577,1.0819165378670832
2025-07-28,12.96,13.05,12.8,12.81,6137508.0,79150296.0,667147543.0,0.009199626176244495,-0.16000000000000014,-1.233616037008478,1.9275250578257515
2025-07-29,12.83,12.86,12.64,12.75,4822727.0,61371367.0,667147543.0,0.00722887620677335,-0.0600000000000005,-0.4683840749414525,1.7174082747853152
2025-07-30,12.73,12.99,12.72,12.95,6833346.0,88137082.0,667147543.0,0.010242630841855623,0.1999999999999993,1.5686274509803866,2.1176470588235263
2025-07-31,12.9,13.03,12.75,12.84,7573117.0,97553216.0,667147543.0,0.011351487507464297,-0.10999999999999943,-0.8494208494208455,2.1621621621621574
2025-08-01,12.84,13.05,12.8,13.04,8400003.0,108536992.0,667147543.0,0.012590922485043163,0.1999999999999993,1.5576323987538832,1.9470404984423675
2025-08-04,13.0,13.12,12.78,13.11,7604700.0,98640370.0,667147543.0,0.011398827860181447,0.07000000000000028,0.5368098159509227,2.607361963190183
2025-08-05,13.1,13.38,13.03,13.17,8398735.0,111038751.0,667147543.0,0.012589021855994455,0.0600000000000005,0.4576659038901587,2.669717772692612
2025-08-06,13.24,13.31,13.09,13.16,4099260.0,53926024.0,667147543.0,0.006144457913412416,-0.009999999999999787,-0.07593014426727773,1.670463173880035
2025-08-07,13.19,13.2,13.08,13.1,3976720.0,52193939.0,667147543.0,0.005960780402664243,-0.0600000000000005,-0.455927051671734,0.9118541033434591
2025-08-08,13.09,13.22,13.06,13.17,4465867.0,58736886.0,667147543.0,0.006693972040904301,0.07000000000000028,0.5343511450381699,1.2213740458015279
2025-08-11,13.18,13.19,12.97,13.02,5577800.0,72678744.0,667147543.0,0.00836066932798402,-0.15000000000000036,-1.1389521640091105,1.6704631738800217
2025-08-12,13.02,13.16,13.0,13.09,3890400.0,51009524.0,667147543.0,0.005831393731146515,0.07000000000000028,0.5376344086021501,1.2288786482334881
2025-08-13,13.12,13.22,13.06,13.14,5638310.0,74094651.0,667147543.0,0.008451368905063929,0.05000000000000071,0.381970970206269,1.2223071046600469
2025-08-14,13.18,13.31,13.1,13.14,5595991.0,73905860.0,667147543.0,0.008387936160022702,0.0,0.0,1.5981735159817416
2025-08-15,13.1,13.2,12.96,13.14,6288359.0,82173268.0,667147543.0,0.00942573957736962,0.0,0.0,1.8264840182648283
2025-08-18,13.12,13.28,13.06,13.06,6870915.0,90468395.0,667147543.0,0.010298943722558235,-0.08000000000000007,-0.60882800608828,1.6742770167427614
2025-08-19,13.13,13.15,12.97,13.04,4476243.0,58280158.0,667147543.0,0.006709524822457452,-0.02000000000000135,-0.15313935681471325,1.3782542113323102
2025-08-20,13.06,13.12,12.95,13.06,5930534.0,77313799.0,667147543.0,0.008889388954850726,0.02000000000000135,0.15337423312884457,1.3036809815950916
2025-08-21,13.01,13.33,13.0,13.24,9787703.0,128912591.0,667147543.0,0.014670972115084294,0.17999999999999972,1.3782542113323082,2.526799387442573
2025-08-22,13.22,13.27,13.08,13.24,5477806.0,72214475.0,667147543.0,0.008210786440683931,0.0,0.0,1.43504531722054
2025-08-25,13.28,13.33,13.17,13.24,7115650.0,94200015.0,667147543.0,0.010665781617065778,0.0,0.0,1.2084592145015116
2025-08-26,13.2,13.56,13.2,13.43,8786012.0,118063343.0,667147543.0,0.013169518635250373,0.1899999999999995,1.4350453172205402,2.7190332326284077
2025-08-27,13.46,13.55,13.2,13.22,7601121.0,101994770.0,667147543.0,0.011393463229767153,-0.20999999999999908,-1.5636634400595595,2.6061057334326243
2025-08-28,13.25,13.65,13.25,13.65,13073365.0,175287262.0,667147543.0,0.01959591268404027,0.4299999999999997,3.2526475037821356,3.0257186081694427
2025-08-29,13.65,13.75,12.92,13.02,18196862.0,241041899.0,667147543.0,0.02727561870073469,-0.6300000000000008,-4.615384615384621,6.080586080586081
2025-09-01,12.97,13.02,12.43,12.52,25004608.0,315627549.0,667147543.0,0.0374798772211022,-0.5,-3.840245775729645,4.5314900153609825
2025-09-02,12.51,12.52,12.21,12.33,10838281.0,133977935.0,667147543.0,0.016245703238691234,-0.1899999999999995,-1.5175718849840258,2.4760383386581366
2025-09-03,12.37,12.42,12.02,12.13,11679500.0,141733105.0,667147543.0,0.01750662221954702,-0.1999999999999993,-1.6220600162205945,3.2441200324412036
2025-09-04,12.13,12.36,12.05,12.34,10931192.0,133871825.0,667147543.0,0.016384969284073344,0.20999999999999908,1.731244847485569,2.5556471558120255
2025-09-05,12.4,12.5,12.26,12.43,7493518.0,93046427.0,667147543.0,0.011232175069256008,0.08999999999999986,0.7293354943273878,1.94489465153971
2025-09-08,12.48,12.58,12.38,12.53,5957969.0,74415163.0,667147543.0,0.008930511792351756,0.09999999999999964,0.8045052292839916,1.6090104585679748
2025-09-09,12.5,12.56,12.3,12.39,4284625.0,53116822.0,667147543.0,0.006422304998281317,-0.1399999999999988,-1.1173184357541777,2.0750199521149226
2025-09-10,12.4,12.58,12.4,12.45,4640874.0,57950655.0,667147543.0,0.006956293324758598,0.05999999999999872,0.4842615012106366,1.4527845036319589
2025-09-11,12.46,12.53,12.28,12.52,5873001.0,72942838.0,667147543.0,0.008803151659062619,0.07000000000000028,0.5622489959839383,2.0080321285140563
2025-09-12,12.53,12.54,12.43,12.48,3387190.0,42267084.0,667147543.0,0.005077122797707733,-0.03999999999999915,-0.31948881789136685,0.8785942492012734
2025-09-15,12.43,12.48,12.24,12.29,5573241.0,68728370.0,667147543.0,0.008353835757137757,-0.19000000000000128,-1.5224358974359031,1.9230769230769247
2025-09-16,12.29,12.35,12.03,12.11,7118815.0,86493682.0,667147543.0,0.010670525695093507,-0.17999999999999972,-1.4646053702196848,2.6037428803905636
2025-09-17,12.1,12.1,11.94,12.0,8858909.0,106284013.0,667147543.0,0.01327878531960658,-0.10999999999999943,-0.9083402146985886,1.3212221304706866
2025-09-18,11.97,12.0,11.67,11.75,7963860.0,94285238.0,667147543.0,0.011937179539309194,-0.25,-2.083333333333337,2.750000000000001
2025-09-19,11.74,11.91,11.68,11.9,6058453.0,71429142.0,667147543.0,0.009081129149867829,0.15000000000000036,1.276595744680864,1.957446808510642
2025-09-22,11.9,11.91,11.6,11.68,5677530.0,66409042.0,667147543.0,0.008510156500718763,-0.22000000000000064,-1.8487394957983239,2.6050420168067268
2025-09-23,11.68,11.71,11.55,11.63,5174006.0,60135429.0,667147543.0,0.007755414906774227,-0.049999999999998934,-0.42808219178080975,1.3698630136986314
2025-09-24,11.62,11.79,11.58,11.75,5295588.0,61956855.0,667147543.0,0.007937656453304213,0.11999999999999922,1.0318142734307756,1.805674978503861
2025-09-25,11.75,11.85,11.62,11.67,6053596.0,71001166.0,667147543.0,0.009073848901216743,-0.08000000000000007,-0.6808510638297904,1.957446808510642
2025-09-26,11.67,11.86,11.57,11.81,5788859.0,67984954.0,667147543.0,0.008677029632708997,0.14000000000000057,1.1996572407883432,2.4850042844901385
2025-09-29,11.78,11.87,11.69,11.83,5130653.0,60430326.0,667147543.0,0.007690432279685395,0.019999999999999574,0.16934801016088574,1.5241320914479228
2025-09-30,11.85,11.9,11.75,11.8,5301107.0,62705615.0,667147543.0,0.00794592898620628,-0.02999999999999936,-0.2535925612848655,1.2679628064243478
2025-10-09,11.81,11.83,11.63,11.68,8484835.0,99113244.0,667147543.0,0.012718078765374393,-0.120000000000001,-1.016949152542379,1.6949152542372818
2025-10-10,11.69,12.02,11.63,12.02,10157670.0,120647835.0,667147543.0,0.015225522609771494,0.33999999999999986,2.910958904109595,3.339041095890401
2025-10-13,11.88,12.36,11.73,12.19,14165480.0,170584142.0,667147543.0,0.02123290439818048,0.16999999999999993,1.4143094841930104,5.241264559068211
2025-10-14,12.18,12.58,12.02,12.58,15713854.0,194088430.0,667147543.0,0.02355379130879899,0.39000000000000057,3.199343724364234,4.593929450369159
2025-10-15,12.48,12.5,12.19,12.27,11028285.0,135457297.0,667147543.0,0.01653050380791105,-0.3100000000000005,-2.4642289348171698,2.4642289348171738
2025-10-16,12.28,12.39,12.18,12.2,6328945.0,77604680.0,667147543.0,0.009486574696116358,-0.07000000000000028,-0.5704971475142595,1.711491442542794
2025-10-17,12.18,12.49,12.18,12.39,9635688.0,119192456.0,667147543.0,0.014443113972466507,0.19000000000000128,1.5573770491803307,2.540983606557381
2025-10-20,12.39,12.43,12.21,12.32,8518640.0,104842598.0,667147543.0,0.012768749715683207,-0.07000000000000028,-0.5649717514124353,1.7756255044390545
2025-10-21,12.38,12.44,12.17,12.22,10065174.0,123266749.0,667147543.0,0.015086878615694759,-0.09999999999999964,-0.8116883116883078,2.191558441558438
2025-10-22,12.22,12.43,12.2,12.38,9767561.0,120600072.0,667147543.0,0.014640780892450952,0.16000000000000014,1.3093289689034338,1.882160392798694
2025-10-23,12.36,12.58,12.34,12.52,7111662.0,88779603.0,667147543.0,0.010659803928858957,0.1399999999999988,1.1308562197092087,1.9386106623586445
2025-10-24,12.5,12.59,12.4,12.55,6187178.0,77518083.0,667147543.0,0.00927407747344428,0.030000000000001137,0.23961661341853624,1.5175718849840216
2025-10-27,12.55,12.64,12.38,12.51,8520641.0,106602799.0,667147543.0,0.012771749052218274,-0.040000000000000924,-0.3187250996016022,2.0717131474103567
2025-10-28,12.45,12.64,12.41,12.53,7216390.0,90197605.0,667147543.0,0.01081678269779673,0.019999999999999574,0.1598721023181371,1.8385291766586764
2025-10-29,12.53,12.66,12.42,12.65,6324200.0,79385813.0,667147543.0,0.009479462326371785,0.120000000000001,0.9577015163607427,1.9154030327214702
2025-10-30,12.67,12.77,11.9,11.99,20451476.0,250222015.0,667147543.0,0.03065510203040649,-0.6600000000000001,-5.21739130434783,6.877470355731219
2025-10-31,12.08,12.15,11.95,12.09,7897320.0,95300789.0,667147543.0,0.011837441481816265,0.09999999999999964,0.8340283569641338,1.6680567139282825
2025-11-03,12.15,12.22,12.05,12.2,9684445.0,117490030.0,667147543.0,0.014516196756794471,0.10999999999999943,0.9098428453267138,1.4061207609594701
2025-11-04,12.2,12.4,12.12,12.31,9223697.0,113531949.0,667147543.0,0.013825572913786478,0.11000000000000121,0.9016393442623061,2.2950819672131244
2025-11-05,12.24,12.37,12.19,12.32,5536359.0,67906447.0,667147543.0,0.008298552633656331,0.009999999999999787,0.08123476848089783,1.4622258326563746
2025-11-06,12.31,12.35,12.2,12.26,5766964.0,70856804.0,667147543.0,0.008644210805405004,-0.0600000000000005,-0.48701298701299134,1.2175324675324704
2025-11-07,12.25,12.48,12.24,12.36,5737871.0,71114935.0,667147543.0,0.008600602760520097,0.09999999999999964,0.815660685154973,1.9575856443719433
2025-11-10,12.42,12.45,12.31,12.43,4653719.0,57596531.0,667147543.0,0.00697554693684902,0.07000000000000028,0.5663430420711935,1.1326860841423851
2025-11-11,12.42,12.45,12.26,12.36,5828900.0,72016013.0,667147543.0,0.008737047840705305,-0.07000000000000028,-0.5631536604987941,1.5285599356395776
2025-11-12,12.39,12.48,12.36,12.44,4445190.0,55236813.0,667147543.0,0.00666297889670861,0.08000000000000007,0.6472491909385036,0.9708737864077751
2025-11-13,12.47,12.47,12.23,12.32,8903120.0,109744855.0,667147543.0,0.013345054019032788,-0.11999999999999922,-0.9646302250803762,1.9292604501607735
2025-11-14,12.28,12.43,12.28,12.32,6086347.0,75345017.0,667147543.0,0.00912293999110179,0.0,0.0,1.2175324675324704
2025-11-17,12.3,12.32,12.04,12.13,5789433.0,70237366.0,667147543.0,0.008677890012104863,-0.1899999999999995,-1.5422077922077837,2.272727272727282
2025-11-18,12.14,12.15,11.97,12.02,7175000.0,86294909.0,667147543.0,0.010754742448328256,-0.11000000000000121,-0.906842539159125,1.4839241549876316
2025-11-19,12.0,12.05,11.86,11.92,4921860.0,58660360.0,667147543.0,0.007377468524979639,-0.09999999999999964,-0.8319467554076532,1.5806988352745532
2025-11-20,11.89,11.98,11.83,11.85,4138000.0,49296482.0,667147543.0,0.006202526028039348,-0.07000000000000028,-0.5872483221476488,1.2583892617449695
2025-11-21,11.83,11.93,11.71,11.76,5607920.0,66286576.0,667147543.0,0.008405816762484877,-0.08999999999999986,-0.75949367088608,1.8565400843881763
2025-11-24,11.79,12.05,11.69,11.97,8150788.0,97040995.0,667147543.0,0.012217369434275201,0.21000000000000085,1.7857142857143016,3.061224489795929
2025-11-25,11.95,12.33,11.93,12.27,9413339.0,114909901.0,667147543.0,0.014109830874397749,0.29999999999999893,2.5062656641603898,3.3416875522138705
2025-11-26,12.27,12.34,12.03,12.08,6474139.0,78613974.0,667147543.0,0.009704208713543895,-0.1899999999999995,-1.5484922575387028,2.526487367563166
2025-11-27,12.13,12.13,12.01,12.03,3461457.0,41749174.0,667147543.0,0.0051884430008310774,-0.05000000000000071,-0.41390728476822236,0.9933774834437168
2025-11-28,12.01,12.31,11.95,12.22,6359423.0,77499830.0,667147543.0,0.009532258743550525,0.19000000000000128,1.5793848711554537,2.9925187032419056
2025-12-01,12.22,12.44,12.15,12.35,7694352.0,95015200.0,667147543.0,0.011533208929167862,0.129999999999999,1.0638297872340274,2.3731587561374723
2025-12-02,12.35,12.43,12.3,12.37,4512605.0,55790985.0,667147543.0,0.0067640285081586515,0.019999999999999574,0.16194331983805377,1.0526315789473604
2025-12-03,12.39,12.39,12.27,12.29,4022350.0,49543717.0,667147543.0,0.006029176067879186,-0.08000000000000007,-0.6467259498787348,0.9700889248181164
2025-12-04,12.3,12.33,12.16,12.18,3799100.0,46384054.0,667147543.0,0.005694542443964303,-0.10999999999999943,-0.8950366151342481,1.3832384052074853
2025-12-05,12.18,12.22,11.97,12.07,6066300.0,73251700.0,667147543.0,0.009092891165755219,-0.10999999999999943,-0.9031198686371034,2.052545155993432
2025-12-08,12.1,12.1,11.95,11.95,5519441.0,66175889.0,667147543.0,0.008273193925260398,-0.120000000000001,-0.9942004971002616,1.2427506213753137
2025-12-09,11.94,12.01,11.93,11.97,3036200.0,36337222.0,667147543.0,0.004551017285242404,0.02000000000000135,0.16736401673640433,0.6694560669456073
2025-12-10,11.98,12.2,11.93,12.0,7325000.0,88345141.0,667147543.0,0.010979580269547661,0.02999999999999936,0.25062656641603454,2.2556390977443574
2025-12-11,12.03,12.05,11.89,11.9,5097700.0,60973123.0,667147543.0,0.007641038408201108,-0.09999999999999964,-0.8333333333333304,1.3333333333333344
2025-12-12,11.91,12.03,11.86,11.99,5863160.0,70157257.0,667147543.0,0.008788400799071817,0.08999999999999986,0.7563025210084007,1.428571428571428
2025-12-15,11.97,11.97,11.77,11.78,7428820.0,87956993.0,667147543.0,0.011135198020207652,-0.21000000000000085,-1.7514595496246899,1.6680567139282825
2025-12-16,11.8,11.85,11.7,11.74,4255088.0,50098755.0,667147543.0,0.0063780314334456,-0.03999999999999915,-0.3395585738539819,1.273344651952465
2025-12-17,11.78,11.86,11.69,11.74,8150681.0,95869094.0,667147543.0,0.01221720904996273,0.0,0.0,1.448040885860306
2025-12-18,11.72,12.12,11.71,12.07,8216892.0,98170748.0,667147543.0,0.012316453963167785,0.33000000000000007,2.8109028960817684,3.4923339011924903
2025-12-19,12.04,12.13,12.02,12.06,3590338.0,43314990.0,667147543.0,0.0053816251557415986,-0.009999999999999787,-0.08285004142501995,0.9113504556752379
2025-12-22,12.06,12.09,11.81,11.81,7284400.0,86513819.0,667147543.0,0.010918724165937609,-0.25,-2.0729684908789348,2.321724709784406
2025-12-23,11.84,11.94,11.79,11.8,6048900.0,71782404.0,667147543.0,0.009066809978493767,-0.009999999999999787,-0.08467400508044287,1.2701100762066075
2025-12-24,11.81,11.95,11.78,11.93,3679020.0,43712483.0,667147543.0,0.0055145522734841275,0.129999999999999,1.1016949152542255,1.4406779661016942
2025-12-25,11.92,11.99,11.9,11.95,3583059.0,42812915.0,667147543.0,0.005370714525737225,0.019999999999999574,0.16764459346185756,0.7544006705783727
2025-12-26,11.95,11.97,11.86,11.89,3632840.0,43276461.0,667147543.0,0.005445332202924713,-0.05999999999999872,-0.5020920502091908,0.9205020920502193
2025-12-29,11.88,11.9,11.66,11.69,7293450.0,85697378.0,667147543.0,0.01093228938115118,-0.20000000000000107,-1.6820857863751093,2.018502943650128
2025-12-30,11.69,11.76,11.63,11.65,5546092.0,64838171.0,667147543.0,0.008313141610415853,-0.03999999999999915,-0.34217279726260763,1.1120615911034988
2025-12-31,11.66,11.9,11.65,11.76,8150439.0,96260292.0,667147543.0,0.012216846311611164,0.10999999999999943,0.9442060085836923,2.1459227467811157
2026-01-05,11.79,11.95,11.69,11.93,9384029.0,110710462.0,667147543.0,0.014065897564131477,0.16999999999999993,1.4455782312925214,2.210884353741495
2026-01-06,11.91,12.25,11.87,12.18,11745390.0,142035844.0,667147543.0,0.017605385979814665,0.25,2.095557418273253,3.185247275775363
2026-01-07,12.07,12.2,12.05,12.11,7380600.0,89625914.0,667147543.0,0.011062920155279654,-0.07000000000000028,-0.5747126436781658,1.2315270935960476
2026-01-08,12.08,12.22,12.06,12.12,4765540.0,57841207.0,667147543.0,0.007143157536892855,0.009999999999999787,0.08257638315440907,1.3212221304706866
2026-01-09,12.14,12.3,12.1,12.29,6638858.0,81122281.0,667147543.0,0.009951109120700156,0.16999999999999993,1.4026402640264113,1.650165016501659
2026-01-12,12.33,13.02,12.33,12.99,22683712.0,289288044.0,667147543.0,0.034001042554989966,0.7000000000000011,5.695687550854367,5.614320585842145
2026-01-13,13.12,13.16,12.71,12.77,16206633.0,209604345.0,667147543.0,0.024292427020150175,-0.22000000000000064,-1.6936104695919996,3.4642032332563453
2026-01-14,12.79,13.03,12.65,12.8,17063228.0,219434687.0,667147543.0,0.025576393376599754,0.030000000000001137,0.2349256068911565,2.9757243539545732
2026-01-15,12.75,12.93,12.65,12.75,8843660.0,112726125.0,667147543.0,0.013255928306701416,-0.05000000000000071,-0.390625,2.187499999999995
2026-01-16,12.73,12.76,12.24,12.27,10399997.0,128802092.0,667147543.0,0.01558875110778906,-0.4800000000000004,-3.764705882352948,4.078431372549017
2026-01-19,12.28,12.32,12.16,12.24,7388390.0,90384474.0,667147543.0,0.011074596732794982,-0.02999999999999936,-0.24449877750610804,1.303993480032601
2026-01-20,12.3,12.49,12.28,12.45,7964276.0,98735298.0,667147543.0,0.011937803089533374,0.20999999999999908,1.7156862745097978,1.715686274509811
2026-01-21,12.37,12.48,12.33,12.36,6634631.0,82312075.0,667147543.0,0.009944773190898194,-0.08999999999999986,-0.7228915662650603,1.2048192771084365
2026-01-22,12.35,12.57,12.32,12.52,5199946.0,64900052.0,667147543.0,0.007794296860657104,0.16000000000000014,1.2944983818770295,2.022653721682848
2026-01-23,12.55,12.64,12.5,12.55,5909000.0,74270733.0,667147543.0,0.00885711123723647,0.030000000000001137,0.23961661341853624,1.1182108626198128
2026-01-26,12.57,12.61,12.33,12.53,7785146.0,97045083.0,667147543.0,0.01166930176343316,-0.02000000000000135,-0.15936254980081221,2.23107569721115
2026-01-27,12.52,12.61,12.32,12.52,7280501.0,90640662.0,667147543.0,0.010912879881504712,-0.009999999999999787,-0.07980845969672856,2.3144453312051008
2026-01-28,12.47,12.74,12.41,12.59,8032209.0,101430382.0,667147543.0,0.012039629140926027,0.07000000000000028,0.5591054313099031,2.6357827476038342
2026-01-29,12.56,12.98,12.55,12.81,13001096.0,166925363.0,667147543.0,0.019487587320695565,0.22000000000000064,1.7474185861795055,3.415409054805399
2026-01-30,12.8,12.95,12.7,12.78,9582857.0,122782824.0,667147543.0,0.014363924592914225,-0.030000000000001137,-0.23419203747073736,1.9516003122560501
2026-02-02,12.8,12.86,12.53,12.55,10417788.0,132458202.0,667147543.0,0.01561541837230449,-0.22999999999999865,-1.7996870109546093,2.5821596244131464
2026-02-03,12.63,12.79,12.6,12.78,6968758.0,88631165.0,667147543.0,0.010445602435502037,0.22999999999999865,1.8326693227091573,1.5139442231075657
2026-02-04,13.84,14.06,13.18,13.44,46131462.0,626434053.0,667147543.0,0.06914731603830548,0.6600000000000001,5.164319248826299,6.885758998435061
2026-02-05,13.22,13.49,13.06,13.27,33893894.0,449456464.0,667147543.0,0.050804195197343326,-0.16999999999999993,-1.2648809523809534,3.19940476190476
2026-02-06,13.16,13.35,12.92,13.1,18106488.0,237809753.0,667147543.0,0.027140155412368805,-0.16999999999999993,-1.2810851544837965,3.240391861341369
2026-02-09,13.23,13.46,13.06,13.27,16542123.0,218537456.0,667147543.0,0.024795299291089496,0.16999999999999993,1.2977099236641143,3.0534351145038197
2026-02-10,13.3,13.72,13.24,13.63,24722910.0,334993233.0,667147543.0,0.03705763479068977,0.3600000000000012,2.7128862094951023,3.617181612660139
2026-02-11,13.45,13.7,13.36,13.49,17270750.0,233220164.0,667147543.0,0.02588745200550038,-0.14000000000000057,-1.0271460014673606,2.4944974321349953
2026-02-12,13.45,13.49,13.12,13.28,10886460.0,144280840.0,667147543.0,0.0163179196479481,-0.21000000000000085,-1.5567086730911894,2.742772424017798
2026-02-13,13.3,13.37,13.18,13.2,8313642.0,110359908.0,667147543.0,0.012461474357854302,-0.08000000000000007,-0.6024096385542133,1.4307228915662613
2026-02-24,13.26,13.29,13.01,13.23,9477363.0,124684562.0,667147543.0,0.014205797652169424,0.030000000000001137,0.22727272727274261,2.1212121212121167
2026-02-25,13.24,13.48,13.12,13.35,8967234.0,119673957.0,667147543.0,0.013441155699497194,0.11999999999999922,0.9070294784580435,2.7210884353741585
2026-02-26,13.34,13.47,13.24,13.46,8443304.0,112906628.0,667147543.0,0.012655827168353973,0.11000000000000121,0.8239700374532033,1.7228464419475689
2026-02-27,13.42,13.64,13.39,13.49,7314227.0,98863465.0,667147543.0,0.010963432417227683,0.02999999999999936,0.22288261515601704,1.8573551263001487
2026-03-02,13.29,13.48,13.19,13.29,12222947.0,162430568.0,667147543.0,0.0183212051490685,-0.20000000000000107,-1.4825796886582698,2.1497405485544916
2026-03-03,13.3,13.33,12.86,12.9,12347954.0,161005951.0,667147543.0,0.01850858049251633,-0.3899999999999988,-2.934537246049651,3.5364936042136996
2026-03-04,12.8,12.89,12.35,12.38,12393258.0,155739761.0,667147543.0,0.018576487510199823,-0.5199999999999996,-4.031007751937976,4.1860465116279135
2026-03-05,12.58,12.77,12.49,12.68,8152400.0,103008259.0,667147543.0,0.012219785691393904,0.29999999999999893,2.4232633279482885,2.2617124394184116
2026-03-06,12.61,12.98,12.61,12.95,7054500.0,90681948.0,667147543.0,0.010574122731948667,0.2699999999999996,2.1293375394321634,2.917981072555213
2026-03-09,12.82,13.03,12.77,12.89,8219060.0,106039938.0,667147543.0,0.012319703619143809,-0.05999999999999872,-0.46332046332044907,2.0077220077220064
2026-03-10,12.94,13.04,12.83,13.0,7095227.0,91845587.0,667147543.0,0.01063516919824735,0.10999999999999943,0.853374709076804,1.6291698991466181
2026-03-11,12.99,13.27,12.92,13.2,8096601.0,106416016.0,667147543.0,0.012136147520819094,0.1999999999999993,1.538461538461533,2.69230769230769
2026-03-12,13.16,13.4,13.16,13.28,9340300.0,124383663.0,667147543.0,0.014000351343570788,0.08000000000000007,0.60606060606061,1.81818181818182
2026-03-13,13.2,13.47,12.85,12.88,15811877.0,207018753.0,667147543.0,0.023700719827128253,-0.3999999999999986,-3.0120481927710774,4.668674698795188
2026-03-16,12.92,13.0,12.64,12.94,10877134.0,139926024.0,667147543.0,0.016303940731143485,0.05999999999999872,0.46583850931676274,2.795031055900617
2026-03-17,12.94,13.18,12.93,13.0,9084460.0,118747699.0,667147543.0,0.013616867955698969,0.0600000000000005,0.46367851622874934,1.9319938176197835
2026-03-18,13.01,13.12,12.87,13.07,8183900.0,106489455.0,667147543.0,0.01226700163384998,0.07000000000000028,0.5384615384615321,1.9230769230769231
2026-03-19,12.95,13.18,12.91,13.08,9553250.0,124822224.0,667147543.0,0.014319546103761937,0.009999999999999787,0.07651109410864443,2.065799540933432
2026-03-20,13.09,13.32,13.03,13.05,7196761.0,94716719.0,667147543.0,0.010787360420511958,-0.02999999999999936,-0.2293577981651307,2.2171253822630037
2026-03-23,12.8,12.89,12.01,12.1,14395385.0,178309741.0,667147543.0,0.021577513326763463,-0.9500000000000011,-7.279693486590045,6.7432950191570935
2026-03-24,12.3,12.58,12.14,12.57,8645000.0,107085993.0,667147543.0,0.012958153096278435,0.47000000000000064,3.884297520661173,3.6363636363636322
2026-03-25,12.58,12.92,12.51,12.87,6714141.0,85719251.0,667147543.0,0.010063952225332561,0.29999999999999893,2.386634844868718,3.2617342879872724
2026-03-26,12.96,12.96,12.62,12.68,4878784.0,62231313.0,667147543.0,0.0073129010984006575,-0.1899999999999995,-1.476301476301467,2.641802641802655
2026-03-27,12.66,13.2,12.6,13.03,7667744.0,99362561.0,667147543.0,0.011493325697521156,0.34999999999999964,2.7602523659306044,4.731861198738168
2026-03-30,13.0,13.19,12.82,13.14,7067000.0,92430717.0,667147543.0,0.010592859217050284,0.11000000000000121,0.8442056792018482,2.839600920951644
2026-03-31,13.14,13.56,13.11,13.31,8575204.0,114916538.0,667147543.0,0.012853534559146236,0.16999999999999993,1.2937595129375978,3.4246575342465837
2026-04-01,13.4,13.53,12.98,13.19,11038677.0,145451487.0,667147543.0,0.01654608057216513,-0.120000000000001,-0.9015777610818954,4.132231404958669
2026-04-02,13.13,13.28,13.07,13.14,5486348.0,72220996.0,667147543.0,0.008223590205142973,-0.049999999999998934,-0.37907505686125553,1.592115238817279
2026-04-03,13.16,13.2,12.82,12.83,4643272.0,60227578.0,667147543.0,0.006959887732060493,-0.3100000000000005,-2.3592085235920934,2.8919330289193224
2026-04-07,12.91,12.91,12.71,12.75,4177019.0,53365594.0,667147543.0,0.0062610123410137474,-0.08000000000000007,-0.623538581449723,1.5588464536243125
2026-04-08,12.95,13.53,12.95,13.48,10684295.0,142407053.0,667147543.0,0.016014890727102625,0.7300000000000004,5.725490196078442,4.549019607843138
2026-04-09,13.35,13.75,13.34,13.71,9750243.0,132497290.0,667147543.0,0.014614822616531768,0.23000000000000043,1.7062314540059464,3.0415430267062322
2026-04-10,13.81,14.33,13.75,13.98,11606559.0,163207614.0,667147543.0,0.017397289582763254,0.2699999999999996,1.969365426695835,4.230488694383662
2026-04-13,13.87,14.01,13.45,13.96,11284543.0,155404766.0,667147543.0,0.016914613743844665,-0.019999999999999574,-0.14306151645206988,4.005722460658086
2026-04-14,13.97,14.23,13.63,13.78,7586859.0,104688355.0,667147543.0,0.01137208564972561,-0.1800000000000015,-1.2893982808023008,4.297994269340971
2026-04-15,13.78,13.83,13.5,13.72,7789831.0,106440755.0,667147543.0,0.011676324198049245,-0.05999999999999872,-0.4354136429608024,2.394775036284471
2026-04-16,13.72,13.97,13.67,13.93,7792715.0,107737088.0,667147543.0,0.01168064707989189,0.20999999999999908,1.5306122448979442,2.186588921282804
2026-04-17,13.67,14.53,13.6,14.22,18958003.0,268638855.0,667147543.0,0.028416507261273087,0.2900000000000009,2.081837760229721,6.676238334529789
2026-04-20,14.38,14.5,13.88,14.1,18587888.0,261346259.0,667147543.0,0.027861734926602287,-0.120000000000001,-0.8438818565400963,4.36005625879043
2026-04-21,14.09,14.5,14.0,14.31,11529056.0,164901195.0,667147543.0,0.017281118878376803,0.21000000000000085,1.4893617021276562,3.546099290780142
2026-04-22,14.32,14.59,14.25,14.5,10355801.0,149901009.0,667147543.0,0.015522504892144975,0.1899999999999995,1.327742837176804,2.375960866526903
2026-04-23,14.5,14.54,14.1,14.49,10203070.0,146643531.0,667147543.0,0.015293573523660568,-0.009999999999999787,-0.06896551724138167,3.0344827586206864
2026-04-24,14.32,14.42,13.95,14.02,7895090.0,111145078.0,667147543.0,0.011834098892874135,-0.47000000000000064,-3.243616287094553,3.243616287094552
2026-04-27,13.98,14.01,13.61,13.66,12688718.0,174642682.0,667147543.0,0.019019358061249728,-0.35999999999999943,-2.5677603423680417,2.853067047075609
2026-04-28,13.31,13.85,13.31,13.81,12963094.0,176852725.0,667147543.0,0.019430625408149035,0.15000000000000036,1.0980966325036645,3.953147877013171
2026-04-29,13.72,13.84,13.55,13.69,5969660.0,81608469.0,667147543.0,0.008948035652137596,-0.120000000000001,-0.8689355539464261,2.0999275887038316
2026-04-30,13.67,13.8,13.3,13.42,8231820.0,110806870.0,667147543.0,0.01233882982313554,-0.2699999999999996,-1.9722425127830512,3.6523009495982475
2026-05-06,13.41,13.59,13.29,13.49,9201283.0,123795288.0,667147543.0,0.013791976147621067,0.07000000000000028,0.5216095380029762,2.235469448584208
2026-05-07,13.5,13.87,13.47,13.75,7964155.0,109165723.0,667147543.0,0.011937621720357592,0.2599999999999998,1.9273535952557541,2.96515937731652
2026-05-08,13.75,13.98,13.68,13.88,6161707.0,85294114.0,667147543.0,0.009235898512482419,0.13000000000000078,0.9454545454545604,2.181818181818187
2026-05-11,13.87,14.11,13.74,13.99,7397362.0,103461251.0,667147543.0,0.01108804503234152,0.10999999999999943,0.7925072046109483,2.6657060518731934
2026-05-12,14.0,14.27,13.88,14.27,7507660.0,105687053.0,667147543.0,0.011253372779040573,0.27999999999999936,2.0014295925661063,2.787705503931371
2026-05-13,14.16,14.47,14.16,14.27,5668200.0,81058580.0,667147543.0,0.008496171588238914,0.0,0.0,2.1723896285914543
2026-05-14,14.34,14.39,13.96,13.98,4677856.0,65956328.0,667147543.0,0.007011726340120839,-0.28999999999999915,-2.032235459004894,3.01331464611072
2026-05-15,13.98,14.16,13.73,13.81,5870600.0,81709414.0,667147543.0,0.0087995527550043,-0.16999999999999993,-1.2160228898426273,3.075822603719597
2026-05-18,13.87,14.0,13.53,13.85,6992058.0,95833278.0,667147543.0,0.010480527243731452,0.03999999999999915,0.2896451846488013,3.403330919623466
2026-05-19,13.81,14.23,13.66,14.2,6537710.0,91108325.0,667147543.0,0.009799496481095488,0.34999999999999964,2.5270758122743597,4.115523465703974
2026-05-20,14.19,14.32,13.82,14.26,5798847.0,81841842.0,667147543.0,0.008692000833764594,0.0600000000000005,0.42253521126760507,3.5211267605633805
2026-05-21,14.24,14.36,13.66,13.7,5220101.0,72865116.0,667147543.0,0.00782450756923495,-0.5600000000000005,-3.9270687237026647,4.908835904628326
2026-05-22,13.72,13.78,13.45,13.52,3945917.0,53580118.0,667147543.0,0.005914609206617434,-0.17999999999999972,-1.31386861313868,2.4087591240875916
2026-05-25,13.52,13.6,13.08,13.15,5295909.0,70274120.0,667147543.0,0.007938137606241622,-0.3699999999999992,-2.736686390532539,3.8461538461538427
2026-05-26,13.2,13.25,12.98,13.13,4119400.0,53944544.0,667147543.0,0.006174646138208142,-0.019999999999999574,-0.1520912547528508,2.053231939163495
2026-05-27,13.15,13.19,12.89,13.0,3101200.0,40328582.0,667147543.0,0.0046484470077708135,-0.13000000000000078,-0.990099009900991,2.2848438690022768
2026-05-28,12.97,13.0,12.62,12.91,5009443.0,64243932.0,667147543.0,0.007508748330952033,-0.08999999999999986,-0.6923076923076921,2.923076923076929
2026-05-29,12.9,13.4,12.84,13.16,5758760.0,75838701.0,667147543.0,0.008631913675503112,0.25,1.9364833462432118,4.337722695584822
2026-06-01,13.15,13.47,12.92,13.33,6712551.0,88709788.0,667147543.0,0.010061568944427635,0.16999999999999993,1.2917933130699,4.179331306990887
2026-06-02,13.33,13.59,13.14,13.16,5335865.0,71041163.0,667147543.0,0.00799802840613924,-0.16999999999999993,-1.275318829707428,3.375843960990242
2026-06-03,13.15,13.58,12.9,13.53,6133920.0,81562998.0,667147543.0,0.009194248055560928,0.3699999999999992,2.8115501519756725,5.167173252279634
2026-06-04,13.4,13.49,12.96,13.11,4698329.0,61883918.0,667147543.0,0.007042413704879672,-0.41999999999999993,-3.104212860310418,3.9172209903917175
2026-06-05,13.12,13.31,13.11,13.26,3386330.0,44781928.0,667147543.0,0.005075833727532742,0.15000000000000036,1.1441647597254079,1.5255530129672088
2026-06-08,13.09,13.25,12.75,12.9,4477500.0,57888319.0,667147543.0,0.00671140896339927,-0.35999999999999943,-2.714932126696823,3.770739064856712
2026-06-09,12.88,13.05,12.75,12.8,3468785.0,44554983.0,667147543.0,0.005199427077857049,-0.09999999999999964,-0.7751937984496138,2.3255813953488427
2026-06-10,12.75,12.8,12.56,12.57,4661689.0,59008426.0,667147543.0,0.006987493319749812,-0.23000000000000043,-1.7968749999999978,1.8750000000000018
2026-06-11,12.62,12.62,12.06,12.32,9076830.0,110962942.0,667147543.0,0.013605431205192942,-0.25,-1.9888623707239428,4.455051710421628
2026-06-12,12.37,12.37,12.01,12.34,12118100.0,148064904.0,667147543.0,0.018164048008792563,0.019999999999999574,0.16233766233766378,2.9220779220779174
2026-06-15,12.34,12.4,12.15,12.27,7814340.0,95575481.0,667147543.0,0.01171306119911769,-0.07000000000000028,-0.5672609400324213,2.025931928687196
2026-06-16,12.22,12.39,12.05,12.27,7784600.0,95440848.0,667147543.0,0.011668483353763921,0.0,0.0,2.7709861450692737
2026-06-17,12.22,12.25,11.88,11.95,5197565.0,62437820.0,667147543.0,0.007790727934974947,-0.3200000000000003,-2.6079869600652006,3.015484922575381
2026-06-18,11.94,12.09,11.85,11.94,3499780.0,41873772.0,667147543.0,0.005245886066315019,-0.009999999999999787,-0.08368200836820217,2.008368200836822
