date,open,high,low,close,volume,amount,outstanding_share,turnover,change,pct_chg,amplitude
2023-03-06,4.07,4.1,4.01,4.03,322041050.0,1359858284.0,37188481858.0,0.008659698753761371,,,
2023-03-07,4.11,4.18,3.93,3.94,672384395.0,2848648987.0,37188481858.0,0.018080447531238934,-0.0900000000000003,-2.2332506203474045,6.203473945409418
2023-03-08,3.92,3.96,3.88,3.94,322790070.0,1320353792.0,37188481858.0,0.008679839936261374,0.0,0.0,2.0304568527918803
2023-03-09,3.94,3.98,3.92,3.95,179975060.0,744512012.0,37188481858.0,0.004839537701141293,0.010000000000000231,0.2538071065989911,1.52284263959391
2023-03-10,3.93,3.95,3.89,3.9,235785565.0,965136809.0,37188481858.0,0.006340284766135935,-0.050000000000000266,-1.2658227848101333,1.5189873417721533
2023-03-13,3.89,3.93,3.87,3.92,239051779.0,975091023.0,37188481858.0,0.006428113411910497,0.020000000000000018,0.512820512820511,1.5384615384615399
2023-03-14,3.92,3.92,3.86,3.89,248620559.0,1009496612.0,37188481858.0,0.006685418349405318,-0.029999999999999805,-0.7653061224489721,1.5306122448979604
2023-03-15,3.91,4.0,3.9,3.96,323651380.0,1342336595.0,37188481858.0,0.008703000602063459,0.06999999999999984,1.799485861182526,2.5706940874036013
2023-03-16,3.95,3.99,3.91,3.92,243951955.0,1006198430.0,37188481858.0,0.00655987937156195,-0.040000000000000036,-1.0101010101010055,2.020202020202022
2023-03-17,3.98,4.03,3.95,3.99,376697807.0,1574214419.0,37188481858.0,0.010129421481586095,0.07000000000000028,1.7857142857143016,2.040816326530614
2023-03-20,4.02,4.06,4.01,4.05,363069097.0,1533621323.0,37188481858.0,0.00976294483830607,0.05999999999999961,1.5037593984962294,1.253132832080196
2023-03-21,4.09,4.1,4.03,4.04,240252996.0,1017493769.0,37188481858.0,0.006460414192689522,-0.009999999999999787,-0.24691358024691024,1.7283950617283803
2023-03-22,4.06,4.17,4.05,4.17,706634085.0,3050253417.0,37188481858.0,0.019001423282031304,0.1299999999999999,3.2178217821782207,2.970297029702973
2023-03-23,4.16,4.29,4.15,4.27,627122314.0,2772660283.0,37188481858.0,0.016863348076283282,0.09999999999999964,2.3980815347721673,3.3573141486810476
2023-03-24,4.29,4.31,4.25,4.3,492801174.0,2205989231.0,37188481858.0,0.013251446398960446,0.03000000000000025,0.7025761124121788,1.4051522248243469
2023-03-27,4.3,4.35,4.14,4.22,566496736.0,2505687552.0,37188481858.0,0.015233123475249771,-0.08000000000000007,-1.8604651162790753,4.883720930232557
2023-03-28,4.22,4.23,4.13,4.14,408773264.0,1774214324.0,37188481858.0,0.01099193200628233,-0.08000000000000007,-1.8957345971563955,2.36966824644551
2023-03-29,4.14,4.22,4.14,4.2,308059732.0,1346615455.0,37188481858.0,0.008283740465026003,0.0600000000000005,1.449275362318847,1.932367149758456
2023-03-30,4.2,4.26,4.14,4.24,338593302.0,1488955549.0,37188481858.0,0.009104789576860926,0.040000000000000036,0.952380952380949,2.8571428571428594
2023-03-31,4.24,4.26,4.17,4.25,306349149.0,1351518773.0,37188481858.0,0.008237742808909475,0.009999999999999787,0.2358490566037652,2.122641509433959
2023-04-03,4.24,4.32,4.22,4.31,414427407.0,1855317190.0,37188481858.0,0.011143972173492967,0.05999999999999961,1.4117647058823346,2.3529411764706007
2023-04-04,4.3,4.33,4.21,4.24,453454899.0,2012835005.0,37188481858.0,0.012193423241407543,-0.0699999999999994,-1.6241299303944134,2.7842227378190283
2023-04-06,4.24,4.32,4.22,4.29,400704088.0,1794621017.0,37188481858.0,0.010774951489819969,0.04999999999999982,1.1792452830188704,2.358490566037748
2023-04-07,4.32,4.34,4.24,4.28,254119625.0,1133793622.0,37188481858.0,0.00683328848890167,-0.009999999999999787,-0.2331002331002252,2.3310023310023227
2023-04-10,4.26,4.31,4.16,4.19,348624956.0,1542709364.0,37188481858.0,0.009374541217659405,-0.08999999999999986,-2.102803738317749,3.504672897196249
2023-04-11,4.18,4.28,4.18,4.24,303780579.0,1341366938.0,37288869193.0,0.00814668252415192,0.04999999999999982,1.193317422434359,2.3866348448687473
2023-04-12,4.22,4.32,4.19,4.3,442635324.0,1979233565.0,37288869193.0,0.011870441061352783,0.05999999999999961,1.4150943396226356,3.066037735849054
2023-04-13,4.29,4.3,4.2,4.21,421961655.0,1865782348.0,37288869193.0,0.011316021754803231,-0.08999999999999986,-2.0930232558139528,2.3255813953488293
2023-04-14,4.2,4.22,4.13,4.16,365077813.0,1587692023.0,37288869193.0,0.009790530549758095,-0.04999999999999982,-1.187648456057,2.1377672209026097
2023-04-17,4.17,4.2,4.13,4.17,257888395.0,1122888256.0,37288869193.0,0.0069159618025749015,0.009999999999999787,0.24038461538460343,1.6826923076923146
2023-04-18,4.18,4.19,4.14,4.15,236501123.0,1025436809.0,37288869193.0,0.006342405337526214,-0.019999999999999574,-0.47961630695442237,1.199040767386108
2023-04-19,4.15,4.16,4.06,4.09,325525855.0,1398597565.0,37288869193.0,0.008729839816679366,-0.0600000000000005,-1.4457831325301318,2.40963855421688
2023-04-20,4.09,4.19,4.08,4.16,303074197.0,1314861821.0,37288869193.0,0.008127739015933853,0.07000000000000028,1.7114914425427896,2.689486552567245
2023-04-21,4.17,4.17,3.97,3.98,535806754.0,2259738784.0,37288869193.0,0.014369080253594377,-0.18000000000000016,-4.326923076923084,4.807692307692301
2023-04-24,3.97,3.99,3.88,3.91,347664103.0,1423050088.0,37288869193.0,0.009323535696418082,-0.06999999999999984,-1.7587939698492372,2.763819095477395
2023-04-25,3.91,3.92,3.81,3.85,353750927.0,1423055982.0,37288869193.0,0.009486770037703568,-0.06000000000000005,-1.534526854219953,2.81329923273657
2023-04-26,3.85,3.9,3.78,3.86,298188980.0,1195347020.0,37288869193.0,0.007996728955673911,0.009999999999999787,0.2597402597402487,3.1168831168831197
2023-04-27,3.85,3.88,3.81,3.82,234792390.0,941472628.0,37288869193.0,0.006296581126790406,-0.040000000000000036,-1.0362694300518172,1.8134715025906696
2023-04-28,3.82,3.86,3.81,3.85,178784104.0,716077234.0,37288869193.0,0.004794570279797114,0.03000000000000025,0.7853403141361293,1.308900523560205
2023-05-04,3.8,3.89,3.71,3.86,385499437.0,1532121184.0,37288869193.0,0.01033819060065161,0.009999999999999787,0.2597402597402487,4.6753246753246795
2023-05-05,3.86,3.88,3.8,3.82,243837943.0,975106055.0,37288869193.0,0.0065391616393069415,-0.040000000000000036,-1.0362694300518172,2.072538860103629
2023-05-08,3.85,3.86,3.8,3.83,200904291.0,802941151.0,37288869193.0,0.005387781805883094,0.010000000000000231,0.2617801047120505,1.5706806282722525
2023-05-09,3.85,3.95,3.81,3.88,400521629.0,1628539047.0,37288869193.0,0.010741050551224207,0.04999999999999982,1.305483028720622,3.6553524804177577
2023-05-10,3.87,3.88,3.8,3.82,288049923.0,1152280323.0,37288869193.0,0.007724823231005186,-0.06000000000000005,-1.5463917525773252,2.061855670103095
2023-05-11,3.83,3.85,3.8,3.82,170130483.0,679222118.0,37288869193.0,0.004562500464131466,0.0,0.0,1.3089005235602165
2023-05-12,3.81,3.82,3.74,3.75,202543434.0,799072823.0,37288767943.0,0.005431754524837345,-0.06999999999999984,-1.8324607329842868,2.0942408376963253
2023-05-15,3.75,3.81,3.69,3.81,215074140.0,844025046.0,37288767943.0,0.005767799577845119,0.06000000000000005,1.6000000000000014,3.200000000000003
2023-05-16,3.81,3.82,3.78,3.8,137575576.0,545697008.0,37288767943.0,0.003689464243235375,-0.010000000000000231,-0.2624671916010568,1.0498687664042003
2023-05-17,3.8,3.82,3.74,3.75,162055137.0,639209402.0,37288767943.0,0.004345950427960483,-0.04999999999999982,-1.3157894736842035,2.105263157894727
2023-05-18,3.76,3.81,3.74,3.76,170831528.0,674336600.0,37288767943.0,0.0045813132861116474,0.009999999999999787,0.2666666666666595,1.8666666666666623
2023-05-19,3.76,3.81,3.75,3.79,138374570.0,547109991.0,37288767943.0,0.003710891446226403,0.03000000000000025,0.7978723404255428,1.5957446808510654
2023-05-22,3.81,3.84,3.76,3.77,162177341.0,643189324.0,37288767943.0,0.004349227661474522,-0.020000000000000018,-0.527704485488123,2.110817941952509
2023-05-23,3.77,3.87,3.75,3.75,334205189.0,1327073998.0,37288767943.0,0.008962623530787328,-0.020000000000000018,-0.5305039787798393,3.183023872679048
2023-05-24,3.72,3.73,3.59,3.59,415071786.0,1573289592.0,37288767943.0,0.011131281855020875,-0.16000000000000014,-4.266666666666675,3.7333333333333365
2023-05-25,3.57,3.68,3.56,3.65,302951672.0,1149808588.0,37288767943.0,0.008124475243137426,0.06000000000000005,1.671309192200554,3.342618384401117
2023-05-26,3.63,3.7,3.63,3.69,181086198.0,694068351.0,37288767943.0,0.004856320226959771,0.040000000000000036,1.0958904109588996,1.9178082191780899
2023-05-29,3.7,3.85,3.7,3.74,332174749.0,1310165900.0,37288767943.0,0.008908171745115467,0.050000000000000266,1.3550135501354976,4.065040650406502
2023-05-30,3.73,3.78,3.69,3.77,184496446.0,719552013.0,37288767943.0,0.0049477753269301684,0.029999999999999805,0.8021390374331583,2.4064171122994615
2023-05-31,3.76,3.83,3.75,3.8,243592487.0,967282629.0,37288767943.0,0.006532596823052937,0.029999999999999805,0.7957559681697646,2.1220159151193654
2023-06-01,3.82,3.82,3.77,3.79,186310736.0,737973955.0,37288767943.0,0.004996430460904381,-0.009999999999999787,-0.2631578947368318,1.315789473684206
2023-06-02,3.79,3.82,3.78,3.81,143358517.0,569915453.0,37288767943.0,0.0038445495764070116,0.020000000000000018,0.5277044854881341,1.0554089709762544
2023-06-05,3.81,3.93,3.79,3.85,332554429.0,1343114402.0,37288767943.0,0.008918353899714418,0.040000000000000036,1.049868766404205,3.6745406824147016
2023-06-06,3.84,3.85,3.75,3.76,208458118.0,827753933.0,37288767943.0,0.005590372905821164,-0.0900000000000003,-2.3376623376623495,2.5974025974025996
2023-06-07,3.78,3.86,3.78,3.83,201301616.0,792075120.0,37288767943.0,0.005398451788691752,0.07000000000000028,1.8617021276595924,2.1276595744680873
2023-06-08,3.83,3.84,3.77,3.82,184051153.0,720869984.0,37288767943.0,0.004935833580807564,-0.010000000000000231,-0.26109660574412663,1.8276762402088733
2023-06-09,3.82,3.89,3.8,3.89,312283790.0,1237342687.0,37288767943.0,0.008374741436278085,0.07000000000000028,1.832460732984309,2.356020942408385
2023-06-12,3.87,3.91,3.85,3.85,238571214.0,949364767.0,37288767943.0,0.006397937694393187,-0.040000000000000036,-1.0282776349614386,1.5424164524421609
2023-06-13,3.85,3.89,3.8,3.88,307616518.0,1215045639.0,37288767943.0,0.008249575809804868,0.029999999999999805,0.7792207792207684,2.3376623376623455
2023-06-14,3.88,3.95,3.87,3.92,338238305.0,1361011754.0,37288767943.0,0.009070782534757776,0.040000000000000036,1.0309278350515427,2.061855670103095
2023-06-15,3.92,3.93,3.88,3.92,219503898.0,881110029.0,37288767943.0,0.005886595618700407,0.0,0.0,1.2755102040816395
2023-06-16,3.92,3.94,3.89,3.93,248528639.0,1000693580.0,37288767943.0,0.0066649731999701214,0.010000000000000231,0.25510204081633514,1.2755102040816282
2023-06-19,3.93,3.98,3.92,3.95,238195026.0,967311309.0,37288767943.0,0.006387849187297028,0.020000000000000018,0.5089058524172962,1.5267175572519098
2023-06-20,3.95,3.95,3.91,3.92,186442783.0,752795093.0,37288767943.0,0.004999971661305581,-0.03000000000000025,-0.75949367088608,1.0126582278481022
2023-06-21,3.91,3.92,3.85,3.87,238797706.0,953221284.0,37288767943.0,0.0064040116950237844,-0.04999999999999982,-1.2755102040816313,1.7857142857142818
2023-06-26,3.85,3.92,3.8,3.88,373359285.0,1489261296.0,37288767943.0,0.010012647389442336,0.009999999999999787,0.2583979328165231,3.1007751937984525
2023-06-27,3.87,3.96,3.86,3.93,305374618.0,1234075024.0,37288767943.0,0.008189453147575132,0.050000000000000266,1.2886597938144506,2.5773195876288684
2023-06-28,3.94,3.95,3.87,3.89,261181373.0,1046278256.0,37288767943.0,0.007004290766571976,-0.040000000000000036,-1.0178117048346036,2.035623409669213
2023-06-29,3.88,3.92,3.83,3.85,271570407.0,1077844054.0,37288767943.0,0.007282901044494829,-0.040000000000000036,-1.0282776349614386,2.3136246786632353
2023-06-30,3.84,3.99,3.83,3.98,479406427.0,1940943869.0,37288767943.0,0.012856590695965758,0.1299999999999999,3.3766233766233666,4.155844155844159
2023-07-03,4.0,4.16,3.99,4.04,505715624.0,2116086094.0,37288767943.0,0.01356214355950409,0.06000000000000005,1.5075376884422065,4.271356783919597
2023-07-04,4.03,4.06,4.01,4.04,196770748.0,816885077.0,37288767943.0,0.005276944207456407,0.0,0.0,1.2376237623762332
2023-07-05,4.03,4.07,4.01,4.02,200285642.0,830978653.0,37288767943.0,0.00537120567528964,-0.020000000000000462,-0.4950495049505066,1.4851485148514973
2023-07-06,4.02,4.15,4.01,4.1,468667507.0,1978464583.0,37288767943.0,0.012568597270803101,0.08000000000000007,1.990049751243772,3.4825870646766317
2023-07-07,4.15,4.22,4.12,4.2,592119858.0,2547128951.0,37288767943.0,0.015879308721197777,0.10000000000000053,2.4390243902439046,2.439024390243894
2023-07-10,4.21,4.25,4.08,4.09,422076677.0,1791759755.0,37288767943.0,0.011319137109737464,-0.11000000000000032,-2.619047619047632,4.047619047619046
2023-07-11,4.1,4.15,4.09,4.14,229315832.0,973445182.0,37288767943.0,0.006149729386353944,0.04999999999999982,1.2224938875305513,1.466992665036687
2023-07-12,4.14,4.21,4.12,4.14,370855722.0,1591319963.0,37288767943.0,0.009945507520304611,0.0,0.0,2.1739130434782576
2023-07-13,4.14,4.19,4.14,4.16,209281337.0,896276053.0,37288767943.0,0.005612449768249507,0.020000000000000462,0.48309178743961567,1.2077294685990512
2023-07-14,4.17,4.28,4.16,4.25,494836060.0,2155207466.0,37288767943.0,0.013270378381940952,0.08999999999999986,2.163461538461542,2.8846153846153872
2023-07-17,4.23,4.31,4.21,4.25,309013772.0,1347662026.0,37288767943.0,0.008287046986169179,0.0,0.0,2.35294117647058
2023-07-18,4.24,4.25,4.18,4.21,210905217.0,912661743.0,37288767943.0,0.0056559985388198375,-0.040000000000000036,-0.9411764705882342,1.6470588235294186
2023-07-19,4.21,4.22,4.14,4.18,268873077.0,1153073943.0,37288767943.0,0.007210564784843581,-0.03000000000000025,-0.7125890736342066,1.9002375296912133
2023-07-20,4.18,4.21,4.09,4.11,246660051.0,1050643580.0,37288767943.0,0.0066148619170536055,-0.0699999999999994,-1.6746411483253398,2.8708133971291896
2023-07-21,4.11,4.17,4.07,4.09,255187478.0,1078419140.0,37288767943.0,0.006843548126612342,-0.020000000000000462,-0.48661800486619056,2.4330900243308915
2023-07-24,4.07,4.12,4.05,4.06,179785254.0,755585840.0,37288767943.0,0.00482143186588577,-0.03000000000000025,-0.7334963325183463,1.711491442542794
2023-07-25,4.11,4.14,4.08,4.1,258969888.0,1093056710.0,37288767943.0,0.006944983765509873,0.040000000000000036,0.9852216748768461,1.4778325123152616
2023-07-26,4.09,4.1,4.01,4.05,292479783.0,1216294956.0,37288767943.0,0.00784364298244146,-0.04999999999999982,-1.2195121951219523,2.195121951219509
2023-07-27,4.04,4.07,4.0,4.01,226638325.0,939293192.0,37288767943.0,0.006077924734505621,-0.040000000000000036,-0.987654320987652,1.7283950617284023
2023-07-28,4.0,4.08,3.99,4.08,290869252.0,1210803903.0,37288767943.0,0.007800452201709259,0.07000000000000028,1.7456359102244523,2.244389027431418
2023-07-31,4.08,4.14,4.07,4.11,349483103.0,1474445771.0,37288767943.0,0.009372342458035178,0.03000000000000025,0.7352941176470562,1.7156862745097892
2023-08-01,4.1,4.11,4.07,4.1,197319322.0,831225792.0,37288767943.0,0.005291655715244451,-0.010000000000000675,-0.24330900243311193,0.9732360097323608
2023-08-02,4.08,4.1,4.04,4.05,194657935.0,814587196.0,37288767943.0,0.0052202833651558605,-0.04999999999999982,-1.2195121951219523,1.463414634146332
2023-08-03,4.04,4.08,4.01,4.07,181998521.0,758232281.0,37288767943.0,0.004880786656137442,0.020000000000000462,0.4938271604938427,1.7283950617284023
2023-08-04,4.08,4.1,4.04,4.05,215952327.0,903980914.0,37288767943.0,0.005791350557092875,-0.020000000000000462,-0.49140049140050657,1.4742014742014646
2023-08-07,4.04,4.06,4.0,4.01,220177184.0,910950316.0,37288767943.0,0.005904651618861882,-0.040000000000000036,-0.987654320987652,1.4814814814814719
2023-08-08,4.01,4.03,4.0,4.0,137709691.0,568603392.0,37288767943.0,0.003693060902696074,-0.009999999999999787,-0.24937655860348684,0.7481296758104801
2023-08-09,4.01,4.01,3.95,3.95,238884699.0,974734113.0,37288767943.0,0.0064063446495513515,-0.04999999999999982,-1.2499999999999956,1.4999999999999902
2023-08-10,3.95,3.99,3.93,3.97,164692119.0,670223942.0,37288767943.0,0.004416668291420894,0.020000000000000018,0.5063291139240533,1.5189873417721533
2023-08-11,3.98,3.98,3.85,3.85,321569979.0,1285626350.0,37288767943.0,0.008623775918033956,-0.1200000000000001,-3.0226700251889227,3.2745591939546568
2023-08-14,3.82,3.88,3.77,3.88,256580223.0,1014051466.0,37288767943.0,0.006880898381845472,0.029999999999999805,0.7792207792207684,2.857142857142854
2023-08-15,3.87,3.9,3.83,3.87,206077586.0,819402892.0,37288767943.0,0.0055265324484577326,-0.009999999999999787,-0.2577319587628857,1.8041237113402022
2023-08-16,3.85,3.87,3.81,3.82,196257080.0,774327432.0,37288767943.0,0.005263168799248091,-0.050000000000000266,-1.2919896640826933,1.5503875968992262
2023-08-17,3.8,3.84,3.79,3.83,173303092.0,680551305.0,37288767943.0,0.004647595014802122,0.010000000000000231,0.2617801047120505,1.308900523560205
2023-08-18,3.84,3.84,3.75,3.75,204404715.0,796211951.0,37288767943.0,0.00548166985062245,-0.08000000000000007,-2.088772845953002,2.349869451697124
2023-08-21,3.75,3.77,3.7,3.7,193534088.0,744635786.0,37288767943.0,0.0051901443430857844,-0.04999999999999982,-1.3333333333333308,1.8666666666666623
2023-08-22,3.72,3.8,3.71,3.79,286163315.0,1107848189.0,37288767943.0,0.007674249667820408,0.08999999999999986,2.43243243243243,2.4324324324324285
2023-08-23,3.78,3.79,3.7,3.71,257932961.0,992227022.0,37288767943.0,0.006917175740273292,-0.08000000000000007,-2.110817941952503,2.374670184696566
2023-08-24,3.73,3.75,3.68,3.71,190696917.0,730069398.0,37288767943.0,0.00511405786566886,0.0,0.0,1.8867924528301845
2023-08-25,3.69,3.7,3.63,3.66,300231878.0,1130555124.0,37288767943.0,0.008051536550066164,-0.04999999999999982,-1.3477088948786964,1.8867924528301963
2023-08-28,3.83,3.85,3.7,3.71,326835304.0,1268304648.0,37288767943.0,0.00876497996661096,0.04999999999999982,1.3661202185792254,4.098360655737703
2023-08-29,3.7,3.8,3.69,3.77,295018767.0,1140920777.0,37260581810.0,0.00791771767022765,0.06000000000000005,1.6172506738544534,2.9649595687331503
2023-08-30,3.8,3.9,3.8,3.87,431947243.0,1716136942.0,37260581810.0,0.011592605966342531,0.10000000000000009,2.652519893899208,2.6525198938992065
2023-08-31,3.88,3.91,3.85,3.9,297942039.0,1191478741.0,37260581810.0,0.007996172483813398,0.029999999999999805,0.7751937984496138,1.5503875968992262
2023-09-01,3.9,3.92,3.87,3.89,137521565.0,549939335.0,37260581810.0,0.003690805626741232,-0.009999999999999787,-0.2564102564102555,1.2820512820512775
2023-09-04,3.91,3.96,3.89,3.96,240823737.0,975401564.0,37260581810.0,0.006463230720014353,0.06999999999999984,1.799485861182526,1.7994858611825153
2023-09-05,3.96,4.0,3.94,3.97,294230374.0,1203494742.0,37260581810.0,0.007896558768200296,0.010000000000000231,0.2525252525252597,1.5151515151515165
2023-09-06,3.95,3.96,3.92,3.95,180765925.0,731913793.0,37260581810.0,0.004851398346965318,-0.020000000000000018,-0.5037783375314908,1.0075566750629732
2023-09-07,3.93,3.94,3.84,3.85,266621831.0,1062666634.0,37260581810.0,0.007155600316698329,-0.10000000000000009,-2.5316455696202556,2.531645569620255
2023-09-08,3.85,3.87,3.81,3.86,152148899.0,601412958.0,37260581810.0,0.004083374215030809,0.009999999999999787,0.2597402597402487,1.5584415584415598
2023-09-11,3.87,3.88,3.81,3.82,287678907.0,1135316967.0,37260581810.0,0.007720730407993594,-0.040000000000000036,-1.0362694300518172,1.8134715025906696
2023-09-12,3.82,3.87,3.81,3.85,203015170.0,801275630.0,37260581810.0,0.005448523886052546,0.03000000000000025,0.7853403141361293,1.5706806282722525
2023-09-13,3.84,3.84,3.76,3.78,222742075.0,869720351.0,37260581810.0,0.005977954830008061,-0.07000000000000028,-1.81818181818183,2.0779220779220795
2023-09-14,3.78,3.79,3.74,3.77,182484357.0,707278557.0,37260581810.0,0.004897517648289239,-0.009999999999999787,-0.2645502645502562,1.3227513227513181
2023-09-15,3.79,3.79,3.73,3.74,255727499.0,989495633.0,37260581810.0,0.0068632180867172566,-0.029999999999999805,-0.7957559681697535,1.591511936339524
2023-09-18,3.72,3.76,3.7,3.73,196294652.0,753987248.0,37260581810.0,0.005268158532814923,-0.010000000000000231,-0.2673796791443861,1.6042780748662995
2023-09-19,3.72,3.73,3.69,3.7,163435436.0,623474862.0,37260581810.0,0.004386282448121548,-0.029999999999999805,-0.8042895442359144,1.0723860589812342
2023-09-20,3.71,3.72,3.68,3.68,170586750.0,649381530.0,37260581810.0,0.0045782095102502645,-0.020000000000000018,-0.5405405405405461,1.081081081081082
2023-09-21,3.68,3.68,3.66,3.66,191543960.0,723173242.0,37260581810.0,0.005140659396482999,-0.020000000000000018,-0.5434782608695676,0.5434782608695656
2023-09-22,3.66,3.8,3.66,3.78,305128707.0,1173361273.0,37260581810.0,0.008189048377073637,0.11999999999999966,3.2786885245901454,3.825136612021849
2023-09-25,3.79,3.79,3.72,3.73,183006618.0,703889995.0,37260581810.0,0.004911534096090917,-0.04999999999999982,-1.3227513227513144,1.8518518518518476
2023-09-26,3.73,3.74,3.7,3.71,139988343.0,535975572.0,37260581810.0,0.0037570090481633305,-0.020000000000000018,-0.536193029490617,1.0723860589812342
2023-09-27,3.71,3.73,3.68,3.69,231307499.0,881721632.0,37260581810.0,0.006207833795497033,-0.020000000000000018,-0.5390835579514808,1.3477088948787015
2023-09-28,3.7,3.77,3.69,3.75,252668905.0,970723650.0,37260685760.0,0.006781112581434143,0.06000000000000005,1.6260162601626105,2.168021680216804
2023-10-09,3.74,3.83,3.72,3.81,302446994.0,1177878403.0,37260685760.0,0.008117053882155926,0.06000000000000005,1.6000000000000014,2.93333333333333
2023-10-10,3.81,3.88,3.8,3.85,312347940.0,1236899725.0,37260685760.0,0.008382774863883773,0.040000000000000036,1.049868766404205,2.0997375328084007
2023-10-11,3.86,3.87,3.81,3.84,190281679.0,751385902.0,37260685760.0,0.005106768034963831,-0.010000000000000231,-0.25974025974027093,1.5584415584415598
2023-10-12,3.86,3.89,3.84,3.86,159625514.0,633684536.0,37260685760.0,0.00428401975820211,0.020000000000000018,0.5208333333333259,1.3020833333333404
2023-10-13,3.84,3.91,3.82,3.89,285685921.0,1140576114.0,37260685760.0,0.007667221232591721,0.03000000000000025,0.7772020725388629,2.331606217616588
2023-10-16,3.89,3.9,3.82,3.83,297301352.0,1177151358.0,37260685760.0,0.007978955457635679,-0.06000000000000005,-1.5424164524421635,2.0565552699228813
2023-10-17,3.85,3.88,3.8,3.83,208540885.0,821058447.0,37260685760.0,0.005596807486132537,0.0,0.0,2.088772845953004
2023-10-18,3.82,3.89,3.8,3.8,204716455.0,805006046.0,37260685760.0,0.005494167668265696,-0.03000000000000025,-0.7832898172323799,2.3498694516971357
2023-10-19,3.78,3.82,3.71,3.71,239935840.0,928834028.0,37260685760.0,0.006439383363619554,-0.08999999999999986,-2.368421052631575,2.89473684210526
2023-10-20,3.7,3.73,3.65,3.66,288943859.0,1093424855.0,37260685760.0,0.007754657572893796,-0.04999999999999982,-1.3477088948786964,2.156334231805932
2023-10-23,3.66,3.66,3.57,3.59,284564126.0,1055975672.0,37260685760.0,0.0076371145671581975,-0.07000000000000028,-1.9125683060109422,2.4590163934426315
2023-10-24,3.61,3.62,3.56,3.6,322082829.0,1189376710.0,37260685760.0,0.008644039218026459,0.010000000000000231,0.278551532033422,1.6713091922005585
2023-10-25,3.64,3.69,3.61,3.67,240619835.0,904436391.0,37260685760.0,0.006457740379494293,0.06999999999999984,1.9444444444444375,2.222222222222224
2023-10-26,3.66,3.71,3.65,3.7,258570491.0,978898747.0,37260685760.0,0.006939498984679986,0.03000000000000025,0.8174386920980936,1.6348773841961868
2023-10-27,3.7,3.73,3.68,3.72,219096079.0,836643890.0,37260685760.0,0.005880087135572891,0.020000000000000018,0.540540540540535,1.3513513513513467
2023-10-30,3.71,3.93,3.7,3.91,587325963.0,2325377307.0,37260685760.0,0.015762618186445317,0.18999999999999995,5.107526881720426,6.18279569892473
2023-10-31,3.89,3.92,3.8,3.81,342075870.0,1353355215.0,37260685760.0,0.00918061122662494,-0.10000000000000009,-2.5575447570332477,3.0690537084399003
2023-11-01,3.77,3.78,3.64,3.65,669485427.0,2532433440.0,37260685760.0,0.017967608844137388,-0.16000000000000014,-4.199475065616798,3.6745406824146896
2023-11-02,3.66,3.71,3.66,3.68,288637158.0,1094632796.0,37260685760.0,0.007746426350259421,0.03000000000000025,0.8219178082191858,1.3698630136986254
2023-11-03,3.69,3.76,3.66,3.74,418420911.0,1602869994.0,37260685760.0,0.011229554756321264,0.06000000000000005,1.6304347826086918,2.7173913043478164
2023-11-06,3.77,3.92,3.76,3.9,731418080.0,2920198131.0,37260685760.0,0.019629753588303257,0.1599999999999997,4.278074866310155,4.278074866310163
2023-11-07,3.89,3.92,3.87,3.89,360698478.0,1443219394.0,37260685760.0,0.009680403638389718,-0.009999999999999787,-0.2564102564102555,1.2820512820512775
2023-11-08,3.89,3.91,3.81,3.84,331942593.0,1314331602.0,37260685760.0,0.008908654959763146,-0.050000000000000266,-1.285347043701801,2.5706940874036013
2023-11-09,3.84,3.91,3.82,3.84,253343822.0,1003628464.0,37260685760.0,0.006799225962501448,0.0,0.0,2.343750000000008
2023-11-10,3.83,3.85,3.79,3.84,229563274.0,903998338.0,37260685760.0,0.006161005073246403,0.0,0.0,1.5625000000000013
2023-11-13,3.86,3.88,3.82,3.84,190221699.0,750811738.0,37260685760.0,0.005105158295401163,0.0,0.0,1.5625000000000013
2023-11-14,3.83,3.9,3.82,3.87,279019940.0,1110769634.0,37260685760.0,0.007488320043200407,0.03000000000000025,0.78125,2.0833333333333353
2023-11-15,3.91,3.92,3.86,3.88,228014011.0,910332245.0,37260685760.0,0.006119426047836646,0.009999999999999787,0.2583979328165231,1.5503875968992262
2023-11-16,3.87,3.9,3.84,3.85,191655070.0,762523161.0,37260685760.0,0.005143627018420178,-0.029999999999999805,-0.773195876288657,1.546391752577321
2023-11-17,3.83,3.88,3.83,3.87,211160786.0,839278408.0,37260685760.0,0.005667120228546218,0.020000000000000018,0.5194805194805197,1.298701298701294
2023-11-20,3.87,3.89,3.82,3.83,249755659.0,986425780.0,37260685760.0,0.006702927063895241,-0.040000000000000036,-1.033591731266148,1.8087855297157693
2023-11-21,3.84,3.86,3.81,3.83,232424551.0,917724893.0,37260685760.0,0.006237795849949488,0.0,0.0,1.305483028720622
2023-11-22,3.82,3.83,3.77,3.77,220593164.0,861123880.0,37260685760.0,0.005920265811017645,-0.06000000000000005,-1.5665796344647487,1.5665796344647531
2023-11-23,3.79,3.81,3.76,3.8,165684532.0,645823291.0,37260685760.0,0.004446631311811906,0.029999999999999805,0.7957559681697646,1.326259946949609
2023-11-24,3.79,3.8,3.75,3.75,205494520.0,798598110.0,37260685760.0,0.005515049329033068,-0.04999999999999982,-1.3157894736842035,1.315789473684206
2023-11-27,3.75,3.81,3.73,3.79,300320065.0,1165873433.0,37260685760.0,0.008059971492054471,0.040000000000000036,1.0666666666666602,2.1333333333333355
2023-11-28,3.8,3.85,3.77,3.81,299075712.0,1171061140.0,37260685760.0,0.008026575622530894,0.020000000000000018,0.5277044854881341,2.110817941952509
2023-11-29,3.81,3.88,3.8,3.8,283095185.0,1114960620.0,37260685760.0,0.007597691218659954,-0.010000000000000231,-0.2624671916010568,2.0997375328084007
2023-11-30,3.79,3.8,3.71,3.76,299796179.0,1155571393.0,37260685760.0,0.00804591147170556,-0.040000000000000036,-1.0526315789473717,2.368421052631575
2023-12-01,3.76,3.78,3.71,3.76,216668162.0,836142452.0,37260685760.0,0.005814926847980803,0.0,0.0,1.8617021276595702
2023-12-04,3.77,3.78,3.74,3.75,175228689.0,678070976.0,37260685760.0,0.0047027768122322395,-0.009999999999999787,-0.26595744680850686,1.0638297872340319
2023-12-05,3.75,3.76,3.67,3.68,312783964.0,1193287504.0,37260685760.0,0.008394476849263442,-0.06999999999999984,-1.866666666666661,2.3999999999999964
2023-12-06,3.68,3.77,3.65,3.75,335125439.0,1282686768.0,37260685760.0,0.008994075985573058,0.06999999999999984,1.9021739130434812,3.260869565217394
2023-12-07,3.75,3.75,3.7,3.72,192436700.0,737944907.0,37260685760.0,0.005164604356438984,-0.029999999999999805,-0.7999999999999896,1.3333333333333286
2023-12-08,3.73,3.78,3.72,3.76,300537121.0,1161153652.0,37260685760.0,0.008065796827674918,0.03999999999999959,1.0752688172043001,1.612903225806441
2023-12-11,3.76,3.76,3.64,3.67,526006036.0,1982015918.0,37260685760.0,0.01411691774510164,-0.08999999999999986,-2.393617021276595,3.191489361702119
2023-12-12,3.66,3.7,3.66,3.69,212753978.0,805043055.0,37260685760.0,0.0057098782177647175,0.020000000000000018,0.5449591280654031,1.0899182561307912
2023-12-13,3.69,3.71,3.65,3.65,225552194.0,854812785.0,37260685760.0,0.0060533559541229446,-0.040000000000000036,-1.084010840108407,1.6260162601626031
2023-12-14,3.66,3.67,3.63,3.63,204960566.0,768726594.0,37260685760.0,0.005500719104317419,-0.020000000000000018,-0.5479452054794498,1.0958904109589052
2023-12-15,3.65,3.67,3.62,3.63,211566807.0,791879685.0,37260685760.0,0.005678016995251351,0.0,0.0,1.3774104683195545
2023-12-18,3.63,3.63,3.59,3.6,179124854.0,664019230.0,37260685760.0,0.004807341849631057,-0.029999999999999805,-0.8264462809917328,1.1019283746556485
2023-12-19,3.6,3.65,3.58,3.62,163576745.0,607445428.0,37260685760.0,0.0043900626535328694,0.020000000000000018,0.5555555555555536,1.94444444444444
2023-12-20,3.62,3.65,3.59,3.59,219501347.0,816610609.0,37260685760.0,0.00589096369331019,-0.03000000000000025,-0.8287292817679592,1.657458563535913
2023-12-21,3.58,3.59,3.54,3.58,273497373.0,1003811693.0,37260685760.0,0.007340105728639171,-0.009999999999999787,-0.278551532033422,1.392757660167126
2023-12-22,3.59,3.66,3.58,3.64,332825891.0,1243057082.0,37260685760.0,0.008932360857332755,0.06000000000000005,1.6759776536312776,2.2346368715083815
2023-12-25,3.65,3.66,3.62,3.66,186595578.0,698583672.0,36760685841.0,0.0050759547525058915,0.020000000000000018,0.5494505494505475,1.0989010989010999
2023-12-26,3.65,3.66,3.59,3.6,159864201.0,593796379.0,36760685841.0,0.004348781785287041,-0.06000000000000005,-1.6393442622950838,1.9125683060109366
2023-12-27,3.61,3.7,3.6,3.68,303948933.0,1144982838.0,36760685841.0,0.008268315077544039,0.08000000000000007,2.2222222222222143,2.77777777777778
2023-12-28,3.68,3.72,3.66,3.71,271693130.0,1033057097.0,36760685841.0,0.007390861290650206,0.029999999999999805,0.8152173913043459,1.630434782608697
2023-12-29,3.71,3.81,3.69,3.79,483962097.0,1873698998.0,36760685841.0,0.013165208589776267,0.08000000000000007,2.156334231805923,3.234501347708898
2024-01-02,3.78,3.79,3.73,3.76,310637188.0,1201721504.0,36760685841.0,0.008450255507843098,-0.03000000000000025,-0.7915567282322011,1.5831134564643814
2024-01-03,3.75,3.78,3.71,3.74,264772115.0,1019815022.0,36760685841.0,0.007202589096003586,-0.019999999999999574,-0.5319148936170137,1.8617021276595702
2024-01-04,3.73,3.74,3.66,3.69,260849504.0,990575367.0,36760685841.0,0.007095882408947572,-0.050000000000000266,-1.3368983957219305,2.1390374331550817
2024-01-05,3.69,3.74,3.66,3.68,282527220.0,1078996758.0,36760685841.0,0.007685580764787886,-0.009999999999999787,-0.27100271002709064,2.168021680216804
2024-01-08,3.71,3.86,3.7,3.77,601705642.0,2346299630.0,36760685841.0,0.016368183243439503,0.08999999999999986,2.4456521739130377,4.3478260869565135
2024-01-09,3.75,3.81,3.66,3.67,438196798.0,1677063516.0,36760685841.0,0.01192025632751578,-0.10000000000000009,-2.652519893899208,3.978779840848804
2024-01-10,3.66,3.67,3.61,3.62,312938530.0,1168411121.0,36760685841.0,0.008512858855613972,-0.04999999999999982,-1.3623978201634857,1.6348773841961868
2024-01-11,3.63,3.66,3.61,3.66,228545185.0,855965250.0,36760685841.0,0.006217108842542283,0.040000000000000036,1.104972375690605,1.381215469613267
2024-01-12,3.65,3.66,3.61,3.62,223497863.0,835198125.0,36760685841.0,0.006079806670819181,-0.040000000000000036,-1.0928961748633892,1.3661202185792423
2024-01-15,3.6,3.65,3.59,3.62,193864016.0,721545641.0,36760685841.0,0.005273677886166618,0.0,0.0,1.657458563535913
2024-01-16,3.63,3.64,3.56,3.63,310656073.0,1149691608.0,36760685841.0,0.008450769236016769,0.009999999999999787,0.2762430939226457,2.2099447513812174
2024-01-17,3.62,3.63,3.58,3.58,222970600.0,826388162.0,36760685841.0,0.0060654635488687205,-0.04999999999999982,-1.377410468319551,1.3774104683195545
2024-01-18,3.58,3.59,3.44,3.57,490711499.0,1770996795.0,36760685841.0,0.01334881240035785,-0.010000000000000231,-0.27932960893854997,4.1899441340782095
2024-01-19,3.55,3.59,3.5,3.55,306907539.0,1118105654.0,36760685841.0,0.008348797961154992,-0.020000000000000018,-0.5602240896358524,2.521008403361341
2024-01-22,3.55,3.57,3.45,3.48,347503979.0,1259434991.0,36760685841.0,0.009453141883779034,-0.06999999999999984,-1.9718309859154903,3.3802816901408357
2024-01-23,3.47,3.52,3.43,3.48,282421057.0,1008330680.0,36760685841.0,0.007682692815404701,0.0,0.0,2.5862068965517198
2024-01-24,3.49,3.57,3.43,3.56,268791011.0,967834694.0,36760685841.0,0.007311915021460548,0.08000000000000007,2.298850574712641,4.022988505747118
2024-01-25,3.56,3.65,3.54,3.64,309853817.0,1150401966.0,36760685841.0,0.008428945486496153,0.08000000000000007,2.2471910112359605,3.089887640449435
2024-01-26,3.63,3.67,3.61,3.65,317946499.0,1191565002.0,36760685841.0,0.008649090508681078,0.009999999999999787,0.27472527472527375,1.6483516483516498
2024-01-29,3.66,3.68,3.64,3.64,245639573.0,924638822.0,36760685841.0,0.0066821270436155135,-0.009999999999999787,-0.2739726027397249,1.0958904109589052
2024-01-30,3.63,3.65,3.55,3.55,250552149.0,928215792.0,36760685841.0,0.006815763723334935,-0.0900000000000003,-2.472527472527486,2.7472527472527495
2024-01-31,3.55,3.57,3.48,3.5,291225241.0,1054996194.0,36760685841.0,0.00792219280836132,-0.04999999999999982,-1.4084507042253502,2.53521126760563
2024-02-01,3.48,3.64,3.47,3.57,363587128.0,1334934001.0,36760685841.0,0.009890651376109075,0.06999999999999984,2.0000000000000018,4.857142857142855
2024-02-02,3.59,3.61,3.45,3.55,389005710.0,1413168329.0,36760685841.0,0.0105821124144026,-0.020000000000000018,-0.5602240896358524,4.481792717086827
2024-02-05,3.53,3.6,3.47,3.55,473843827.0,1720309007.0,36760685841.0,0.012889961548854226,0.0,0.0,3.661971830985913
2024-02-06,3.52,3.72,3.51,3.71,552147844.0,2072658495.0,36760685841.0,0.015020063727542792,0.16000000000000014,4.507042253521121,5.9154929577464905
2024-02-07,3.73,3.78,3.71,3.77,554487959.0,2143944941.0,36760685841.0,0.015083721816244445,0.06000000000000005,1.6172506738544534,1.8867924528301845
2024-02-08,3.76,3.79,3.72,3.77,467307383.0,1810685604.0,36760685841.0,0.012712150829318909,0.0,0.0,1.8567639257294388
2024-02-19,3.79,3.84,3.75,3.84,452831759.0,1776347592.0,36760685841.0,0.012318370798592305,0.06999999999999984,1.8567639257294433,2.3872679045092804
2024-02-20,3.82,3.86,3.8,3.85,317596246.0,1253422509.0,36760685841.0,0.0086395625852491,0.010000000000000231,0.26041666666667407,1.5625000000000013
2024-02-21,3.84,3.92,3.81,3.86,435794460.0,1740056569.0,36760685841.0,0.011854905588131027,0.009999999999999787,0.2597402597402487,2.857142857142854
2024-02-22,3.87,3.89,3.83,3.87,322997628.0,1282298395.0,36760685841.0,0.00878649624212815,0.010000000000000231,0.2590673575129543,1.5544041450777215
2024-02-23,3.88,3.89,3.84,3.87,256257392.0,1018522011.0,36760685841.0,0.00697096330325237,0.0,0.0,1.2919896640826942
2024-02-26,3.87,3.89,3.82,3.82,283191515.0,1122148581.0,36760685841.0,0.007703651564741763,-0.050000000000000266,-1.2919896640826933,1.8087855297157693
2024-02-27,3.82,3.88,3.81,3.87,270750799.0,1072043389.0,36760685841.0,0.007365227084474732,0.050000000000000266,1.308900523560208,1.8324607329842892
2024-02-28,3.88,3.89,3.79,3.79,409833790.0,1616784894.0,36760685841.0,0.01114869814378989,-0.08000000000000007,-2.067183462532296,2.583979328165377
2024-02-29,3.77,3.88,3.77,3.88,384614846.0,1518212092.0,36760685841.0,0.010462667852922118,0.08999999999999986,2.37467018469657,2.9023746701846935
2024-03-01,3.88,4.0,3.88,4.0,696023332.0,2826205225.0,36760685841.0,0.018933904960600868,0.1200000000000001,3.0927835051546504,3.092783505154642
2024-03-04,4.01,4.02,3.93,3.94,415197899.0,1688960387.0,36760685841.0,0.011294617864199928,-0.06000000000000005,-1.5000000000000013,2.2499999999999853
2024-03-05,3.93,3.98,3.92,3.96,379207883.0,1541094379.0,36760685841.0,0.010315582376242315,0.020000000000000018,0.50761421319796,1.52284263959391
2024-03-06,3.96,4.01,3.94,3.94,340575173.0,1388119033.0,36760685841.0,0.009264657750757986,-0.020000000000000018,-0.5050505050505083,1.7676767676767637
2024-03-07,3.94,3.97,3.91,3.92,265599207.0,1074070261.0,36760685841.0,0.007225088458599197,-0.020000000000000018,-0.5076142131979711,1.52284263959391
2024-03-08,3.93,3.95,3.91,3.94,207941830.0,840716269.0,36760685841.0,0.005656636301602347,0.020000000000000018,0.5102040816326481,1.020408163265307
2024-03-11,3.94,3.99,3.92,3.97,343859419.0,1399474886.0,36760685841.0,0.009353999010989236,0.03000000000000025,0.761421319796951,1.7766497461929007
2024-03-12,3.98,3.98,3.92,3.95,293267130.0,1188820766.0,36760685841.0,0.007977738262785966,-0.020000000000000018,-0.5037783375314908,1.5113350125944598
2024-03-13,3.95,3.98,3.93,3.95,307841234.0,1252608984.0,36760685841.0,0.008374197242442575,0.0,0.0,1.265822784810122
2024-03-14,3.94,3.96,3.88,3.89,293655367.0,1182204962.0,36760685841.0,0.00798829946400183,-0.06000000000000005,-1.518987341772149,2.0253164556962044
2024-03-15,3.89,3.93,3.87,3.93,258782166.0,1038739236.0,36760685841.0,0.007039644666024554,0.040000000000000036,1.0282776349614497,1.5424164524421609
2024-03-18,3.93,3.95,3.9,3.94,333099570.0,1343637742.0,36760685841.0,0.009061299112882348,0.009999999999999787,0.2544529262086481,1.2722646310432637
2024-03-19,3.93,3.97,3.92,3.93,276061225.0,1119769189.0,36760685841.0,0.007509686467604009,-0.009999999999999787,-0.25380710659898,1.2690355329949305
2024-03-20,3.92,3.94,3.88,3.9,256162976.0,1027584670.0,36760685841.0,0.006968394907210785,-0.03000000000000025,-0.7633587786259555,1.5267175572519098
2024-03-21,3.91,3.97,3.89,3.89,323563653.0,1304912951.0,36760685841.0,0.00880189380577667,-0.009999999999999787,-0.2564102564102555,2.051282051282053
2024-03-22,3.89,3.91,3.81,3.81,361396171.0,1426570654.0,36760685841.0,0.009831050828679777,-0.08000000000000007,-2.0565552699228773,2.5706940874036013
2024-03-25,3.81,3.87,3.79,3.82,286643070.0,1132912017.0,36760685841.0,0.007797544127435748,0.009999999999999787,0.2624671916010346,2.0997375328084007
2024-03-26,3.82,3.85,3.79,3.83,217522162.0,854498358.0,36760685841.0,0.005917249828821005,0.010000000000000231,0.2617801047120505,1.5706806282722525
2024-03-27,3.83,3.89,3.81,3.84,356121558.0,1411584414.0,36760685841.0,0.00968756566567672,0.009999999999999787,0.26109660574411553,2.088772845953004
2024-03-28,3.84,3.96,3.83,3.92,389520924.0,1564838389.0,36760685841.0,0.010596127767713157,0.08000000000000007,2.083333333333326,3.3854166666666643
2024-03-29,3.93,3.95,3.91,3.95,195239200.0,787714887.0,36760685841.0,0.005311086981468812,0.03000000000000025,0.7653061224489832,1.020408163265307
2024-04-01,3.97,4.27,3.96,4.22,1193725057.0,5130006720.0,36760685841.0,0.03247287230067433,0.2699999999999996,6.835443037974676,7.848101265822774
2024-04-02,4.19,4.22,4.12,4.18,550133067.0,2357191633.0,36760685841.0,0.014965255800163132,-0.040000000000000036,-0.9478672985781977,2.3696682464454897
2024-04-03,4.18,4.29,4.16,4.22,557694455.0,2419524827.0,36760685841.0,0.015170948045207338,0.040000000000000036,0.9569377990430672,3.1100478468899495
2024-04-08,4.24,4.3,4.2,4.23,463667160.0,2028590805.0,36760685841.0,0.012613125935829571,0.010000000000000675,0.23696682464455776,2.3696682464454897
2024-04-09,4.24,4.26,4.15,4.21,361837761.0,1559763874.0,36760685841.0,0.009843063390194815,-0.020000000000000462,-0.47281323877069736,2.600472813238757
2024-04-10,4.2,4.21,4.1,4.14,334414355.0,1428026062.0,36760685841.0,0.009097065175726953,-0.07000000000000028,-1.6627078384798155,2.6128266033254235
2024-04-11,4.11,4.16,4.11,4.12,293586296.0,1248385587.0,36852705766.0,0.007966478712964959,-0.019999999999999574,-0.48309178743960457,1.2077294685990296
2024-04-12,4.17,4.22,4.1,4.11,490164258.0,2089246272.0,36852705766.0,0.013300631468211527,-0.009999999999999787,-0.24271844660194164,2.9126213592233037
2024-04-15,4.11,4.2,4.1,4.18,458095539.0,1962152188.0,36852705766.0,0.012430445186541367,0.0699999999999994,1.703163017031617,2.433090024330913
2024-04-16,4.18,4.19,4.09,4.1,388150021.0,1648690147.0,36852705766.0,0.010532470084139765,-0.08000000000000007,-1.9138755980861233,2.3923444976076684
2024-04-17,4.1,4.17,4.1,4.16,377488510.0,1603181502.0,36852705766.0,0.010243169454012458,0.0600000000000005,1.4634146341463428,1.7073170731707388
2024-04-18,4.15,4.29,4.15,4.18,445087657.0,1931921419.0,36852705766.0,0.012077475662876135,0.019999999999999574,0.48076923076922906,3.3653846153846074
2024-04-19,4.16,4.18,4.09,4.12,375183476.0,1592834340.0,36852705766.0,0.01018062224202113,-0.05999999999999961,-1.4354066985645786,2.1531100478468868
2024-04-22,4.11,4.12,4.06,4.1,239121122.0,1008134856.0,36852705766.0,0.006488563513309548,-0.020000000000000462,-0.4854368932038944,1.4563106796116625
2024-04-23,4.13,4.18,4.08,4.09,339250615.0,1437579667.0,36852705766.0,0.009205582275399431,-0.009999999999999787,-0.24390243902439046,2.439024390243894
2024-04-24,4.09,4.17,4.08,4.16,315782100.0,1342628130.0,36852705766.0,0.008568762956106684,0.07000000000000028,1.7114914425427896,2.200488997555009
2024-04-25,4.16,4.25,4.14,4.2,353219525.0,1527145801.0,36852705766.0,0.009584629341541522,0.040000000000000036,0.9615384615384581,2.6442307692307767
2024-04-26,4.2,4.25,4.19,4.25,358244855.0,1560142524.0,36852705766.0,0.009720991920504077,0.04999999999999982,1.1904761904761862,1.428571428571419
2024-04-29,4.24,4.25,4.2,4.22,358108711.0,1553219123.0,36852705766.0,0.009717297646307103,-0.03000000000000025,-0.7058823529411784,1.17647058823529
2024-04-30,4.24,4.3,4.23,4.24,433288215.0,1899395510.0,36852705766.0,0.011757297218587084,0.020000000000000462,0.4739336492891155,1.6587677725118342
2024-05-06,4.33,4.43,4.29,4.39,746966432.0,3357662786.0,36852705766.0,0.020268971205070783,0.14999999999999947,3.537735849056589,3.3018867924528226
2024-05-07,4.38,4.4,4.29,4.31,475016799.0,2124494175.0,36852705766.0,0.012889604416461777,-0.08000000000000007,-1.8223234624145768,2.5056947608200533
2024-05-08,4.32,4.33,4.25,4.3,405321919.0,1787022742.0,36852705766.0,0.01099843038862961,-0.009999999999999787,-0.23201856148491462,1.856148491879352
2024-05-09,4.28,4.34,4.26,4.27,348873837.0,1542804959.0,36852705766.0,0.009466708881980332,-0.03000000000000025,-0.6976744186046546,1.8604651162790715
2024-05-10,4.29,4.3,4.22,4.26,318200703.0,1390409617.0,36852705766.0,0.008634391868549564,-0.009999999999999787,-0.23419203747072626,1.8735362997658096
2024-05-13,4.24,4.28,4.21,4.24,325762171.0,1422525373.0,36852705766.0,0.008839572678013387,-0.019999999999999574,-0.46948356807510194,1.6431924882629174
2024-05-14,4.26,4.31,4.24,4.26,268778006.0,1179797900.0,36852705766.0,0.0072933045325527315,0.019999999999999574,0.4716981132075304,1.6509433962264008
2024-05-15,4.25,4.26,4.2,4.21,226047646.0,982623120.0,36852705766.0,0.006133814093198815,-0.04999999999999982,-1.1737089201877882,1.408450704225343
2024-05-16,4.21,4.24,4.15,4.18,280860019.0,1212622042.0,36852705766.0,0.007621150554951086,-0.03000000000000025,-0.7125890736342066,2.1377672209026097
2024-05-17,4.17,4.29,4.16,4.29,376993235.0,1642020079.0,36852705766.0,0.010229730142306425,0.11000000000000032,2.6315789473684292,3.1100478468899495
2024-05-20,4.29,4.31,4.2,4.22,408026792.0,1781339160.0,36852705766.0,0.011071827251730377,-0.07000000000000028,-1.631701631701643,2.564102564102551
2024-05-21,4.22,4.29,4.2,4.24,289661105.0,1267282168.0,36852705766.0,0.00785996846036849,0.020000000000000462,0.4739336492891155,2.1327014218009444
2024-05-22,4.25,4.27,4.2,4.25,328773010.0,1430107861.0,36852705766.0,0.008921271943709579,0.009999999999999787,0.2358490566037652,1.6509433962264008
2024-05-23,4.24,4.25,4.13,4.14,358452816.0,1535147316.0,36852705766.0,0.009726634952560405,-0.11000000000000032,-2.588235294117658,2.8235294117647083
2024-05-24,4.13,4.16,4.1,4.11,292666254.0,1244248025.0,36852705766.0,0.007941513327632281,-0.02999999999999936,-0.7246376811594013,1.4492753623188528
2024-05-27,4.11,4.18,4.09,4.17,273622959.0,1163463560.0,36852705766.0,0.007424772572667982,0.05999999999999961,1.4598540145985384,2.1897810218978067
2024-05-28,4.17,4.19,3.96,3.98,645584662.0,2680421135.0,36852705766.0,0.01751797184443404,-0.18999999999999995,-4.55635491606714,5.515587529976029
2024-05-29,3.99,4.03,3.97,3.98,363857730.0,1494516203.0,36852705766.0,0.009873297562202125,0.0,0.0,1.5075376884422125
2024-05-30,3.99,4.01,3.95,4.0,274626183.0,1126661202.0,36852705766.0,0.007451995105699073,0.020000000000000018,0.5025125628140614,1.5075376884422014
2024-05-31,4.01,4.04,3.96,3.97,275525407.0,1132948594.0,36852705766.0,0.007476395593568531,-0.029999999999999805,-0.7499999999999951,2.0000000000000018
2024-06-03,3.97,4.0,3.9,3.98,330413355.0,1344597649.0,36852705766.0,0.008965782786696672,0.009999999999999787,0.25188916876572875,2.5188916876574328
2024-06-04,3.98,4.06,3.96,4.02,387898283.0,1605612963.0,36852705766.0,0.010525639161015735,0.03999999999999959,1.0050251256281229,2.5125628140703427
2024-06-05,4.04,4.05,4.0,4.0,236746450.0,978046338.0,36852705766.0,0.006424126670732012,-0.019999999999999574,-0.4975124378109319,1.2437810945273589
2024-06-06,4.01,4.04,3.97,3.98,277030229.0,1139955102.0,36852705766.0,0.007517229013224472,-0.020000000000000018,-0.5000000000000004,1.749999999999996
2024-06-07,4.0,4.03,3.97,4.02,277043449.0,1140907955.0,36852705766.0,0.007517587738580595,0.03999999999999959,1.0050251256281229,1.5075376884422125
2024-06-11,4.01,4.02,3.98,4.01,257640601.0,1059995165.0,36852705766.0,0.006991090495116293,-0.009999999999999787,-0.24875621890546595,0.9950248756218805
2024-06-12,4.01,4.04,3.96,3.97,314801560.0,1292597731.0,36852705766.0,0.008542155954541424,-0.03999999999999959,-0.9975062344139585,1.9950124688279323
2024-06-13,3.98,3.99,3.85,3.91,373162658.0,1504441156.0,36852705766.0,0.010125787245295751,-0.06000000000000005,-1.5113350125944613,3.526448362720406
2024-06-14,3.91,3.96,3.9,3.96,277404300.0,1121571694.0,36852705766.0,0.00752737944837502,0.04999999999999982,1.2787723785166127,1.5345268542199502
2024-06-17,3.94,4.01,3.88,3.97,395935426.0,1608210578.0,36852705766.0,0.010743727435212824,0.010000000000000231,0.2525252525252597,3.28282828282828
2024-06-18,3.97,4.03,3.96,4.02,345190175.0,1420444151.0,36852705766.0,0.00936675253078621,0.04999999999999938,1.2594458438287104,1.7632241813602085
2024-06-19,4.03,4.05,4.0,4.02,223969799.0,921266765.0,36852705766.0,0.006077431611728024,0.0,0.0,1.2437810945273589
2024-06-20,4.01,4.03,3.94,3.95,313087971.0,1270916320.0,36852705766.0,0.008495657631979152,-0.0699999999999994,-1.741293532338295,2.2388059701492615
2024-06-21,3.95,3.98,3.91,3.97,288415245.0,1161013342.0,36852705766.0,0.007826161987435113,0.020000000000000018,0.5063291139240533,1.7721518987341731
2024-06-24,3.96,3.96,3.87,3.88,366410233.0,1465887743.0,36852705766.0,0.009942559857790606,-0.0900000000000003,-2.267002518891692,2.267002518891684
2024-06-25,3.88,3.89,3.79,3.83,408393173.0,1600102801.0,36852705766.0,0.011081769018349261,-0.04999999999999982,-1.2886597938144284,2.5773195876288684
2024-06-26,3.82,3.93,3.81,3.91,301662185.0,1189178451.0,36852705766.0,0.008185618361795053,0.08000000000000007,2.088772845953013,3.1331592689295062
2024-06-27,3.9,3.98,3.88,3.96,372424910.0,1500575423.0,36852705766.0,0.01010576841670052,0.04999999999999982,1.2787723785166127,2.55754475703325
2024-06-28,3.94,4.05,3.94,4.0,372450916.0,1525071773.0,36852705766.0,0.010106474090801227,0.040000000000000036,1.0101010101010166,2.7777777777777746
2024-07-01,4.0,4.03,3.99,4.02,218273513.0,894375721.0,36852705766.0,0.005922862608405197,0.019999999999999574,0.49999999999998934,1.0000000000000009
2024-07-02,4.02,4.03,3.99,4.01,205256019.0,841333686.0,36852705766.0,0.00556963226264291,-0.009999999999999787,-0.24875621890546595,0.9950248756218916
2024-07-03,4.0,4.05,4.0,4.04,219490658.0,902973206.0,36852705766.0,0.005955889898388418,0.03000000000000025,0.7481296758104827,1.246882793017452
2024-07-04,4.04,4.07,4.0,4.0,236696421.0,973857427.0,36852705766.0,0.006422769131334018,-0.040000000000000036,-0.990099009900991,1.7326732673267398
2024-07-05,4.01,4.01,3.93,3.98,280849595.0,1137030452.0,36852705766.0,0.007620867699193732,-0.020000000000000018,-0.5000000000000004,1.9999999999999907
2024-07-08,3.99,4.02,3.94,3.95,254115140.0,1031963133.0,36852705766.0,0.006895426935908856,-0.029999999999999805,-0.7537688442211032,2.010050251256272
2024-07-09,3.94,4.02,3.92,4.01,334220798.0,1359394053.0,36852705766.0,0.00906909794146918,0.05999999999999961,1.5189873417721378,2.531645569620244
2024-07-10,4.02,4.14,4.02,4.1,420176026.0,1757715100.0,36852705766.0,0.011401497319299982,0.08999999999999986,2.244389027431426,2.992518703241898
2024-07-11,4.14,4.23,4.12,4.22,516657788.0,2203627224.0,36852705766.0,0.014019534719664035,0.1200000000000001,2.9268292682926855,2.6829268292683004
2024-07-12,4.2,4.23,4.16,4.21,349009635.0,1494353489.0,36852705766.0,0.009470393767450134,-0.009999999999999787,-0.23696682464454666,1.658767772511855
2024-07-15,4.06,4.07,3.88,3.9,1120952624.0,4495750156.0,36852705766.0,0.030417105086329416,-0.31000000000000005,-7.3634204275534465,4.513064133016637
2024-07-16,3.9,4.02,3.86,4.02,681219766.0,2750764036.0,36852705766.0,0.018484932160082738,0.11999999999999966,3.076923076923066,4.102564102564095
2024-07-17,4.01,4.03,3.98,3.99,359373938.0,1467132850.0,36852705766.0,0.009751629643746686,-0.02999999999999936,-0.7462686567163979,1.24378109452737
2024-07-18,3.97,3.98,3.9,3.96,355429194.0,1429842976.0,36852705766.0,0.00964458881952478,-0.03000000000000025,-0.7518796992481258,2.0050125313283225
2024-07-19,3.95,4.0,3.94,3.99,321570232.0,1306228056.0,36852705766.0,0.008725824205197926,0.03000000000000025,0.7575757575757569,1.5151515151515165
2024-07-22,4.0,4.0,3.9,3.93,372392142.0,1494078917.0,36852705766.0,0.01010487925539421,-0.06000000000000005,-1.5037593984962405,2.506265664160403
2024-07-23,3.93,3.93,3.82,3.82,447895687.0,1767704511.0,36852705766.0,0.012153671696291696,-0.11000000000000032,-2.7989821882951738,2.7989821882951733
2024-07-24,3.82,3.83,3.67,3.72,606184021.0,2304690001.0,36852705766.0,0.016448833495402673,-0.09999999999999964,-2.617801047120405,4.188481675392674
2024-07-25,3.68,3.72,3.67,3.7,368052324.0,1389051756.0,36852705766.0,0.009987118078574355,-0.020000000000000018,-0.5376344086021501,1.3440860215053836
2024-07-26,3.7,3.78,3.7,3.77,349519821.0,1339365329.0,36852705766.0,0.009484237689881216,0.06999999999999984,1.8918918918918948,2.162162162162152
2024-07-29,3.78,3.8,3.75,3.76,208510173.0,803136411.0,36852705766.0,0.005657933892940088,-0.010000000000000231,-0.2652519893899252,1.3262599469495973
2024-07-30,3.75,3.78,3.73,3.76,224353714.0,860173746.0,36852705766.0,0.006087849164307139,0.0,0.0,1.3297872340425485
2024-07-31,3.77,3.87,3.77,3.86,345472418.0,1351059124.0,36852705766.0,0.009374411208599234,0.10000000000000009,2.659574468085113,2.659574468085109
2024-08-01,3.86,3.89,3.82,3.83,250998760.0,985572432.0,36852705766.0,0.006810863809939551,-0.029999999999999805,-0.7772020725388518,1.8134715025906811
2024-08-02,3.81,3.85,3.79,3.79,238085900.0,928767659.0,36852705766.0,0.006460472712960362,-0.040000000000000036,-1.0443864229765065,1.5665796344647531
2024-08-05,3.77,3.8,3.68,3.68,397857454.0,1513666017.0,36852705766.0,0.01079588176038515,-0.10999999999999988,-2.902374670184693,3.1662269129287512
2024-08-06,3.7,3.73,3.65,3.69,308396945.0,1160670986.0,36852705766.0,0.008368366408648464,0.009999999999999787,0.27173913043476716,2.1739130434782625
2024-08-07,3.69,3.7,3.66,3.67,218457907.0,820556426.0,36852705766.0,0.00592786614874687,-0.020000000000000018,-0.5420054200542035,1.084010840108402
2024-08-08,3.65,3.68,3.62,3.66,241622902.0,901072295.0,36852705766.0,0.006556449437775592,-0.009999999999999787,-0.27247956403269047,1.6348773841961868
2024-08-09,3.67,3.7,3.65,3.65,210866617.0,791558347.0,36852705766.0,0.005721876117832949,-0.010000000000000231,-0.2732240437158584,1.3661202185792423
2024-08-12,3.65,3.66,3.61,3.62,200828780.0,746242825.0,36852705766.0,0.005449498912649257,-0.029999999999999805,-0.8219178082191747,1.3698630136986376
2024-08-13,3.62,3.65,3.6,3.65,228006201.0,844659515.0,36852705766.0,0.0061869595803290146,0.029999999999999805,0.8287292817679592,1.3812154696132548
2024-08-14,3.65,3.68,3.64,3.64,172046055.0,642600638.0,36852705766.0,0.004668478241256528,-0.009999999999999787,-0.2739726027397249,1.0958904109589052
2024-08-15,3.65,3.74,3.63,3.71,344577366.0,1303109422.0,36852705766.0,0.009350123928156836,0.06999999999999984,1.9230769230769162,3.021978021978031
2024-08-16,3.72,3.75,3.71,3.72,232741061.0,886627438.0,36852705766.0,0.00631544024142523,0.010000000000000231,0.26954177897575704,1.078167115902966
2024-08-19,3.72,3.75,3.71,3.73,198053375.0,755789745.0,36852705766.0,0.005374188160227909,0.009999999999999787,0.26881720430107503,1.0752688172043021
2024-08-20,3.74,3.77,3.71,3.72,277074010.0,1057437690.0,36852705766.0,0.007518417012832371,-0.009999999999999787,-0.2680965147452974,1.6085790884718514
2024-08-21,3.72,3.8,3.71,3.75,256238985.0,985804035.0,36852705766.0,0.006953057575392577,0.029999999999999805,0.8064516129032251,2.4193548387096735
2024-08-22,3.75,3.79,3.73,3.77,228000740.0,877089030.0,36852705766.0,0.006186811395822979,0.020000000000000018,0.5333333333333412,1.6000000000000014
2024-08-23,3.76,3.79,3.72,3.78,243248388.0,934908154.0,36852705766.0,0.0066005570810602175,0.009999999999999787,0.2652519893899141,1.8567639257294388
2024-08-26,3.79,3.84,3.78,3.82,230305968.0,895884845.0,36852705766.0,0.006249363872013934,0.040000000000000036,1.0582010582010692,1.587301587301589
2024-08-27,3.81,3.81,3.69,3.71,297459084.0,1133470284.0,36852705766.0,0.00807156700755561,-0.10999999999999988,-2.8795811518324554,3.141361256544505
2024-08-28,3.72,3.75,3.68,3.74,223834810.0,850891984.0,36852705766.0,0.006073768678513373,0.03000000000000025,0.8086253369272267,1.8867924528301845
2024-08-29,3.74,3.82,3.72,3.8,321524948.0,1245594730.0,36852705766.0,0.008724595421610432,0.05999999999999961,1.6042780748662944,2.6737967914438405
2024-08-30,3.82,3.87,3.78,3.78,466288584.0,1815830778.0,36852705766.0,0.01265276386924604,-0.020000000000000018,-0.5263157894736858,2.368421052631587
2024-09-02,3.78,3.8,3.73,3.75,287400907.0,1105484488.0,36852705766.0,0.007798637875462422,-0.029999999999999805,-0.7936507936507908,1.8518518518518476
2024-09-03,3.75,3.83,3.74,3.81,297341214.0,1153620644.0,36852705766.0,0.008068368599255594,0.06000000000000005,1.6000000000000014,2.3999999999999964
2024-09-04,3.8,3.82,3.75,3.81,205891321.0,797670303.0,36852705766.0,0.005586871213943635,0.0,0.0,1.8372703412073448
2024-09-05,3.8,3.81,3.76,3.77,243323014.0,939698346.0,36852705766.0,0.006602582061273986,-0.040000000000000036,-1.049868766404205,1.3123359580052563
2024-09-06,3.78,3.8,3.74,3.74,163738439.0,629387568.0,36852705766.0,0.004443050668780574,-0.029999999999999805,-0.7957559681697535,1.591511936339512
2024-09-09,3.77,3.77,3.69,3.71,240921491.0,914644473.0,36852705766.0,0.006537416615478806,-0.03000000000000025,-0.8021390374331583,2.1390374331550817
2024-09-10,3.71,3.77,3.67,3.76,262065538.0,996180225.0,36852705766.0,0.007111161380225695,0.04999999999999982,1.3477088948786964,2.695417789757415
2024-09-11,3.76,3.77,3.66,3.68,248318767.0,938133600.0,36852705766.0,0.006738142066873603,-0.07999999999999963,-2.127659574468077,2.925531914893614
2024-09-12,3.68,3.71,3.63,3.63,232112347.0,868404028.0,36852705766.0,0.006298380055831475,-0.050000000000000266,-1.3586956521739246,2.1739130434782625
2024-09-13,3.64,3.66,3.56,3.57,296687777.0,1091935048.0,36852705766.0,0.008050637553829811,-0.06000000000000005,-1.6528925619834767,2.754820936639121
2024-09-18,3.58,3.59,3.52,3.55,234219070.0,847639538.0,36852705766.0,0.006355546088995413,-0.020000000000000018,-0.5602240896358524,1.9607843137254857
2024-09-19,3.58,3.67,3.57,3.66,343579574.0,1274900883.0,36852705766.0,0.009323048792715342,0.11000000000000032,3.0985915492957927,2.8169014084507067
2024-09-20,3.67,3.72,3.64,3.7,296515422.0,1115046700.0,36852705766.0,0.008045960692350645,0.040000000000000036,1.0928961748633892,2.1857923497267775
2024-09-23,3.71,3.74,3.67,3.72,214047225.0,813038485.0,36852705766.0,0.005808182073769959,0.020000000000000018,0.540540540540535,1.8918918918918997
2024-09-24,3.73,3.81,3.72,3.8,429881449.0,1659092497.0,36852705766.0,0.011664854454095609,0.07999999999999963,2.1505376344086002,2.4193548387096735
2024-09-25,3.83,3.89,3.79,3.81,465188951.0,1827496341.0,36852705766.0,0.012622925273215067,0.010000000000000231,0.263157894736854,2.631578947368424
2024-09-26,3.78,3.9,3.77,3.89,565378154.0,2213837799.0,36852705766.0,0.01534156426911842,0.08000000000000007,2.09973753280841,3.4120734908136456
2024-09-27,3.95,4.11,3.94,4.06,896616844.0,3679363650.0,36852705766.0,0.02432974256200236,0.16999999999999948,4.370179948586106,4.370179948586127
2024-09-30,4.17,4.4,4.12,4.38,1517585680.0,6615144258.0,36851897866.0,0.04118066552550995,0.3200000000000003,7.881773399014791,6.896551724137938
2024-10-08,4.82,4.82,4.41,4.62,1827104882.0,8616898239.0,36851897866.0,0.04957966855991178,0.2400000000000002,5.47945205479452,9.36073059360731
2024-10-09,4.55,4.55,4.24,4.26,1221661350.0,5458203052.0,36851897866.0,0.03315056810485517,-0.3600000000000003,-7.792207792207795,6.709956709956702
2024-10-10,4.27,4.38,4.22,4.28,757922052.0,3329698029.0,36851897866.0,0.020566703369143652,0.020000000000000462,0.46948356807512415,3.7558685446009425
2024-10-11,4.26,4.27,4.04,4.1,659297535.0,2792792654.0,36851897866.0,0.017890463535889578,-0.1800000000000006,-4.205607476635532,5.373831775700923
2024-10-14,4.12,4.19,4.07,4.16,602350252.0,2545426299.0,36851897866.0,0.016345162308607598,0.0600000000000005,1.4634146341463428,2.926829268292686
2024-10-15,4.16,4.19,4.06,4.06,550830402.0,2321805097.0,36851897866.0,0.014947137973813899,-0.10000000000000053,-2.4038461538461675,3.1250000000000187
2024-10-16,4.01,4.07,4.0,4.04,454688326.0,1871906646.0,36851897866.0,0.01233826077705216,-0.019999999999999574,-0.49261083743841194,1.72413793103449
2024-10-17,4.05,4.11,4.0,4.0,462213740.0,1915046928.0,36851897866.0,0.012542467736144572,-0.040000000000000036,-0.990099009900991,2.7227722772277305
2024-10-18,4.0,4.15,3.97,4.07,843399864.0,3487259740.0,36851897866.0,0.02288619888904367,0.07000000000000028,1.750000000000007,4.5000000000000036
2024-10-21,4.1,4.2,4.09,4.14,945184801.0,4012207003.0,36851897866.0,0.02564819875591913,0.0699999999999994,1.7199017199017064,2.7027027027027106
2024-10-22,4.14,4.2,4.09,4.19,717453717.0,3047262477.0,36851897866.0,0.019468569016683708,0.05000000000000071,1.2077294685990614,2.657004830917882
2024-10-23,4.19,4.33,4.17,4.25,943893003.0,4101150298.0,36851897866.0,0.02561314498461277,0.05999999999999961,1.4319809069212264,3.818615751789979
2024-10-24,4.22,4.23,4.14,4.16,484610717.0,2063701149.0,36851897866.0,0.013150224142108773,-0.08999999999999986,-2.117647058823524,2.117647058823547
2024-10-25,4.16,4.3,4.15,4.28,704225468.0,3054323702.0,36851897866.0,0.01910961195433375,0.1200000000000001,2.8846153846153966,3.605769230769218
2024-10-28,4.28,4.28,4.2,4.26,667338928.0,2883064498.0,36851897866.0,0.018108671917700467,-0.020000000000000462,-0.4672897196261738,1.8691588785046744
2024-10-29,4.28,4.29,4.21,4.22,565078058.0,2449711434.0,36851897866.0,0.015333757302126568,-0.040000000000000036,-0.9389671361502372,1.8779342723004713
2024-10-30,4.22,4.52,4.2,4.43,1756182506.0,7873931174.0,36851897866.0,0.047655144176991626,0.20999999999999996,4.976303317535535,7.582938388625579
2024-10-31,4.51,4.65,4.35,4.57,2057376082.0,9439066969.0,36851897866.0,0.05582822598393663,0.14000000000000057,3.1602708803611934,6.772009029345388
2024-11-01,4.6,4.63,4.35,4.37,1422533931.0,6464534866.0,36851897866.0,0.03860137505461955,-0.20000000000000018,-4.37636761487965,6.126914660831515
2024-11-04,4.36,4.47,4.34,4.41,710848080.0,3203193383.0,36851897866.0,0.019289320799291503,0.040000000000000036,0.9153318077803174,2.9748283752860387
2024-11-05,4.43,4.55,4.4,4.52,1084820919.0,4977801359.0,36851897866.0,0.02943731481468336,0.10999999999999943,2.494331065759625,3.401360544217675
2024-11-06,4.53,4.54,4.43,4.47,932691539.0,4271153937.0,36851897866.0,0.025309186039520433,-0.04999999999999982,-1.106194690265483,2.433628318584078
2024-11-07,4.45,4.56,4.43,4.56,1028628512.0,4735598648.0,36851897866.0,0.027912497634186295,0.08999999999999986,2.0134228187919323,2.908277404921698
2024-11-08,4.58,4.61,4.5,4.53,879021872.0,4093173218.0,36851897866.0,0.023852825034853798,-0.02999999999999936,-0.6578947368420907,2.4122807017543932
2024-11-11,4.5,4.62,4.47,4.56,958376289.0,4455056099.0,36851897866.0,0.026006158284841263,0.02999999999999936,0.6622516556291203,3.3112582781457034
2024-11-12,4.55,4.58,4.42,4.45,996253801.0,4585001481.0,36851897866.0,0.027033988985385626,-0.10999999999999943,-2.412280701754377,3.5087719298245648
2024-11-13,4.42,4.47,4.38,4.46,662013028.0,2987642307.0,36851897866.0,0.01796415018860619,0.009999999999999787,0.22471910112358273,2.0224719101123565
2024-11-14,4.47,4.47,4.31,4.31,689238968.0,3082907196.0,36851897866.0,0.018702943617888948,-0.15000000000000036,-3.363228699551579,3.587443946188344
2024-11-15,4.3,4.45,4.29,4.32,778116803.0,3472426459.0,36851897866.0,0.02111470095324181,0.010000000000000675,0.23201856148493682,3.712296983758704
2024-11-18,4.41,4.45,4.31,4.32,834495592.0,3727032797.0,36851897866.0,0.022644575729433885,0.0,0.0,3.240740740740754
2024-11-19,4.33,4.35,4.2,4.31,742327636.0,3240828429.0,36851897866.0,0.020143538840231085,-0.010000000000000675,-0.23148148148149916,3.47222222222221
2024-11-20,4.32,4.34,4.28,4.32,448523352.0,1973634223.0,36851897866.0,0.01217097023417654,0.010000000000000675,0.23201856148493682,1.392111368909504
2024-11-21,4.32,4.33,4.26,4.28,436590523.0,1911660569.0,36851897866.0,0.011847165228437356,-0.040000000000000036,-0.92592592592593,1.620370370370377
2024-11-22,4.27,4.3,4.15,4.15,574991771.0,2486567679.0,36851897866.0,0.015602772293865882,-0.1299999999999999,-3.0373831775700855,3.504672897196249
2024-11-25,4.15,4.17,4.07,4.11,539312222.0,2270746985.0,36851897866.0,0.014634584735935022,-0.040000000000000036,-0.9638554216867434,2.4096385542168584
2024-11-26,4.1,4.15,4.09,4.1,420739192.0,1769736757.0,36851897866.0,0.011417029145415574,-0.010000000000000675,-0.24330900243311193,1.4598540145985521
2024-11-27,4.1,4.22,4.06,4.21,569823478.0,2414487461.0,36851897866.0,0.015462527332295847,0.11000000000000032,2.682926829268295,3.9024390243902474
2024-11-28,4.21,4.22,4.16,4.17,345027850.0,1475634018.0,36851897866.0,0.009362553083550327,-0.040000000000000036,-0.9501187648456089,1.4251781472683993
2024-11-29,4.17,4.24,4.16,4.21,427220739.0,1833585184.0,36851897866.0,0.011592910100680566,0.040000000000000036,0.9592326139088669,1.9184652278177474
2024-12-02,4.22,4.25,4.21,4.23,429943349.0,1858405741.0,36851897866.0,0.011666789877779154,0.020000000000000462,0.47505938242280443,0.9501187648456066
2024-12-03,4.23,4.24,4.19,4.22,395104973.0,1701106431.0,36851897866.0,0.010721428091347462,-0.010000000000000675,-0.23640661938535423,1.1820330969267097
2024-12-04,4.22,4.23,4.16,4.17,449792160.0,1924035912.0,36851897866.0,0.012205400157015621,-0.04999999999999982,-1.1848341232227444,1.658767772511855
2024-12-05,4.16,4.19,4.15,4.17,335981608.0,1432250690.0,36851897866.0,0.009117077476489498,0.0,0.0,0.9592326139088737
2024-12-06,4.17,4.23,4.16,4.22,479284158.0,2060279634.0,36851555686.0,0.013005805293101405,0.04999999999999982,1.1990407673860837,1.6786570743405345
2024-12-09,4.22,4.24,4.17,4.2,429486729.0,1841863509.0,36851555686.0,0.011654507415087584,-0.019999999999999574,-0.4739336492890933,1.658767772511855
2024-12-10,4.27,4.32,4.24,4.26,764678241.0,3342667530.0,36851555686.0,0.020750229583672723,0.05999999999999961,1.4285714285714235,1.9047619047619064
2024-12-11,4.25,4.31,4.22,4.3,580774532.0,2542209748.0,36851555686.0,0.015759837575069803,0.040000000000000036,0.9389671361502261,2.112676056338025
2024-12-12,4.3,4.33,4.27,4.3,510124393.0,2236989611.0,36851555686.0,0.013842682717294282,0.0,0.0,1.395348837209314
2024-12-13,4.29,4.35,4.25,4.27,700493864.0,3067845668.0,36851555686.0,0.019008528974154528,-0.03000000000000025,-0.6976744186046546,2.3255813953488293
2024-12-16,4.26,4.29,4.2,4.21,427209163.0,1852290127.0,36851555686.0,0.011592703619898951,-0.05999999999999961,-1.4051522248243464,2.107728337236531
2024-12-17,4.21,4.29,4.21,4.24,462989745.0,2007493244.0,36851555686.0,0.012563641788829311,0.03000000000000025,0.7125890736342066,1.9002375296912133
2024-12-18,4.24,4.34,4.24,4.29,527338216.0,2315466105.0,36851555686.0,0.014309795236143508,0.04999999999999982,1.1792452830188704,2.3584905660377276
2024-12-19,4.28,4.34,4.25,4.34,490621906.0,2158030119.0,36851555686.0,0.013313465249077354,0.04999999999999982,1.1655011655011593,2.0979020979020944
2024-12-20,4.33,4.35,4.29,4.3,419387629.0,1849366873.0,36851555686.0,0.011380459283007323,-0.040000000000000036,-0.9216589861751112,1.382488479262664
2024-12-23,4.32,4.41,4.27,4.27,639410313.0,2821446702.0,36851555686.0,0.017350972057956122,-0.03000000000000025,-0.6976744186046546,3.2558139534883854
2024-12-24,4.28,4.32,4.26,4.31,457997109.0,2008010806.0,36851555686.0,0.0124281621352011,0.040000000000000036,0.936768149882905,1.4051522248243677
2024-12-25,4.31,4.32,4.25,4.29,317548389.0,1388520663.0,36851555686.0,0.008616960209379639,-0.019999999999999574,-0.46403712296982924,1.6241299303944383
2024-12-26,4.28,4.31,4.26,4.29,306241650.0,1341682813.0,36851555686.0,0.008310141710417452,0.0,0.0,1.1655011655011613
2024-12-27,4.28,4.3,4.25,4.25,435324047.0,1899579069.0,36851555686.0,0.011812908272021218,-0.040000000000000036,-0.9324009324009341,1.1655011655011613
2024-12-30,4.27,4.37,4.25,4.36,800319476.0,3539711595.0,36851555686.0,0.021717386446837125,0.11000000000000032,2.5882352941176467,2.8235294117647083
2024-12-31,4.35,4.38,4.29,4.3,721383487.0,3182210971.0,36851555686.0,0.01957538762126277,-0.0600000000000005,-1.3761467889908396,2.0642201834862353
2025-01-02,4.3,4.31,4.12,4.15,750407680.0,3228058594.0,36851555686.0,0.020362985117751264,-0.14999999999999947,-3.48837209302324,4.41860465116278
2025-01-03,4.15,4.2,4.11,4.11,485116223.0,2057630950.0,36851555686.0,0.013164063605170863,-0.040000000000000036,-0.9638554216867434,2.168674698795177
2025-01-06,4.11,4.13,4.04,4.09,423502671.0,1768260904.0,36851555686.0,0.011492124636705358,-0.020000000000000462,-0.48661800486619056,2.1897810218978067
2025-01-07,4.1,4.39,4.09,4.34,1115358647.0,4896053477.0,36851555686.0,0.030266256776338145,0.25,6.112469437652801,7.33496332518337
2025-01-08,4.29,4.3,4.15,4.23,754891654.0,3254631813.0,36851555686.0,0.020484661772007234,-0.10999999999999943,-2.5345622119815503,3.45622119815667
2025-01-09,4.2,4.26,4.19,4.22,294551529.0,1270694624.0,36851555686.0,0.007992919797193281,-0.010000000000000675,-0.23640661938535423,1.6548463356973848
2025-01-10,4.22,4.23,4.11,4.11,385711346.0,1639425286.0,36851555686.0,0.010466623153891241,-0.10999999999999943,-2.6066350710900354,2.8436018957346
2025-01-13,4.09,4.1,4.05,4.07,309247905.0,1287547829.0,36851555686.0,0.008391719134871804,-0.040000000000000036,-0.9732360097323589,1.2165450121654457
2025-01-14,4.07,4.23,4.07,4.23,506581933.0,2156372347.0,36851555686.0,0.013746554889471106,0.16000000000000014,3.9312039312039415,3.9312039312039344
2025-01-15,4.2,4.21,4.14,4.17,294990667.0,1258336152.0,36851555686.0,0.008004836200499067,-0.0600000000000005,-1.4184397163120699,1.6548463356974061
2025-01-16,4.2,4.25,4.17,4.22,355693814.0,1530472816.0,36851555686.0,0.00965207051313519,0.04999999999999982,1.1990407673860837,1.9184652278177474
2025-01-17,4.21,4.27,4.19,4.25,336883543.0,1460473319.0,36851555686.0,0.009141636946631887,0.03000000000000025,0.7109004739336511,1.8957345971563788
2025-01-20,4.29,4.34,4.28,4.3,403526798.0,1775345252.0,36851555686.0,0.010950061415000205,0.04999999999999982,1.17647058823529,1.4117647058823437
2025-01-21,4.36,4.43,4.32,4.41,810609882.0,3629947227.0,36851555686.0,0.021996625838728235,0.11000000000000032,2.55813953488373,2.5581395348837077
2025-01-22,4.4,4.43,4.36,4.4,385305787.0,1726215330.0,36851555686.0,0.010455617946853154,-0.009999999999999787,-0.22675736961450532,1.5873015873015737
2025-01-23,4.41,4.43,4.34,4.36,545024597.0,2435447122.0,36851555686.0,0.01478973103995868,-0.040000000000000036,-0.909090909090915,2.045454545454542
2025-01-24,4.36,4.44,4.35,4.39,443457750.0,1994257745.0,36851555686.0,0.01203362359457923,0.02999999999999936,0.6880733944953921,2.0642201834862557
2025-01-27,4.41,4.42,4.37,4.37,290540490.0,1302954770.0,36851555686.0,0.007884076658136228,-0.019999999999999574,-0.4555808656036331,1.1389521640091078
2025-02-05,4.4,4.42,4.34,4.42,418991454.0,1877880508.0,36851555686.0,0.011369708719221749,0.04999999999999982,1.1441647597253857,1.8306636155606424
2025-02-06,4.4,4.47,4.37,4.45,450537724.0,2036079719.0,36851555686.0,0.012225745036081623,0.03000000000000025,0.6787330316742057,2.262443438914019
2025-02-07,4.44,4.48,4.41,4.45,470078994.0,2137775895.0,36851555686.0,0.0127560149157715,0.0,0.0,1.5730337078651748
2025-02-10,4.45,4.46,4.37,4.42,482324088.0,2172403308.0,36851555686.0,0.013088296518869518,-0.03000000000000025,-0.6741573033707926,2.0224719101123565
2025-02-11,4.42,4.43,4.39,4.41,289481236.0,1303333682.0,36851555686.0,0.00785533285125259,-0.009999999999999787,-0.2262443438914019,0.9049773755656116
2025-02-12,4.42,4.46,4.36,4.46,445959672.0,2004969086.0,36851555686.0,0.012101515490957176,0.04999999999999982,1.1337868480725488,2.2675736961451167
2025-02-13,4.45,4.47,4.37,4.42,446631391.0,2014829149.0,36851555686.0,0.012119743188200773,-0.040000000000000036,-0.8968609865470878,2.242152466367705
2025-02-14,4.4,4.5,4.39,4.48,594290661.0,2710177557.0,36851555686.0,0.016126609852342613,0.0600000000000005,1.3574660633484337,2.488687782805437
2025-02-17,4.49,4.54,4.47,4.49,526714509.0,2425086071.0,36851555686.0,0.014292870387561418,0.009999999999999787,0.22321428571427937,1.5625000000000062
2025-02-18,4.48,4.58,4.42,4.44,581605197.0,2673627431.0,36851555686.0,0.01578237841451435,-0.04999999999999982,-1.1135857461024412,3.563474387527843
2025-02-19,4.45,4.48,4.37,4.41,561853183.0,2531125324.0,36851555686.0,0.015246389807457964,-0.03000000000000025,-0.6756756756756799,2.4774774774774846
2025-02-20,4.4,4.45,4.36,4.41,453911329.0,2044894750.0,36851555686.0,0.012317290832105686,0.0,0.0,2.040816326530609
2025-02-21,4.4,4.47,4.38,4.45,521948561.0,2363051114.0,36851555686.0,0.0141635421160331,0.040000000000000036,0.9070294784580435,2.040816326530609
2025-02-24,4.47,4.49,4.42,4.47,455067016.0,2069169897.0,36851555686.0,0.012348651434893998,0.019999999999999574,0.44943820224718767,1.5730337078651748
2025-02-25,4.46,4.47,4.39,4.46,492776760.0,2231077638.0,36851555686.0,0.013371939144137873,-0.009999999999999787,-0.22371364653243075,1.7897091722595095
2025-02-26,4.46,4.47,4.37,4.39,570347690.0,2560628134.0,36851555686.0,0.01547689587000737,-0.07000000000000028,-1.5695067264574036,2.242152466367705
2025-02-27,4.39,4.4,4.26,4.29,635806040.0,2796213653.0,36851555686.0,0.0172531668789642,-0.09999999999999964,-2.27790432801821,3.189066059225526
2025-02-28,4.28,4.29,4.19,4.22,486167227.0,2104425951.0,36851555686.0,0.013192583540908591,-0.07000000000000028,-1.631701631701643,2.3310023310023227
2025-03-03,4.23,4.3,4.21,4.25,410253444.0,1781784611.0,36851555686.0,0.011132594984473242,0.03000000000000025,0.7109004739336511,2.1327014218009444
2025-03-04,4.25,4.31,4.23,4.28,362436466.0,1585880553.0,36851555686.0,0.009835038419767189,0.03000000000000025,0.7058823529411784,1.8823529411764512
2025-03-05,4.27,4.31,4.24,4.29,305437029.0,1334519792.0,36851555686.0,0.00828830759826067,0.009999999999999787,0.2336448598130758,1.6355140186915746
2025-03-06,4.31,4.38,4.29,4.36,443892369.0,1966270611.0,36851555686.0,0.01204541737076885,0.07000000000000028,1.631701631701632,2.0979020979020944
2025-03-07,4.35,4.36,4.32,4.33,288354711.0,1277200586.0,36851555686.0,0.007824763585477252,-0.03000000000000025,-0.6880733944954143,0.9174311926605512
2025-03-10,4.33,4.36,4.29,4.31,288904561.0,1273665391.0,36851555686.0,0.007839684258153465,-0.020000000000000462,-0.46189376443419583,1.6166281755196372
2025-03-11,4.28,4.31,4.27,4.31,271147984.0,1188170088.0,36851555686.0,0.007357843622949406,0.0,0.0,0.928074245939676
2025-03-12,4.31,4.33,4.27,4.27,293082633.0,1281995570.0,36851555686.0,0.007953059987406252,-0.040000000000000036,-0.9280742459396807,1.3921113689095246
2025-03-13,4.27,4.28,4.21,4.22,337120878.0,1459268112.0,36851555686.0,0.009148077244621536,-0.04999999999999982,-1.1709601873536313,1.6393442622950887
2025-03-14,4.23,4.31,4.23,4.31,384594299.0,1679743143.0,36851555686.0,0.010436311082142683,0.08999999999999986,2.1327014218009532,1.8957345971563788
2025-03-17,4.33,4.33,4.28,4.29,287472046.0,1260730359.0,36851555686.0,0.007800811679416057,-0.019999999999999574,-0.46403712296982924,1.16009280742459
2025-03-18,4.3,4.33,4.29,4.31,333044535.0,1465364215.0,36851555686.0,0.009037462022981148,0.019999999999999574,0.4662004662004504,0.9324009324009332
2025-03-19,4.31,4.32,4.25,4.26,328213275.0,1432134278.0,36851555686.0,0.008906361451782321,-0.04999999999999982,-1.1600928074245953,1.6241299303944383
2025-03-20,4.28,4.29,4.22,4.22,341959163.0,1483893456.0,36851555686.0,0.009279368445493093,-0.040000000000000036,-0.9389671361502372,1.6431924882629174
2025-03-21,4.22,4.24,4.14,4.16,471785492.0,2017921915.0,36851555686.0,0.012802322268832534,-0.05999999999999961,-1.421800947867291,2.36966824644551
2025-03-24,4.16,4.2,4.15,4.18,352417490.0,1502879343.0,36851555686.0,0.009563164524256009,0.019999999999999574,0.48076923076922906,1.2019230769230727
2025-03-25,4.18,4.18,4.13,4.13,312696773.0,1324561440.0,36851555686.0,0.008485307259872187,-0.04999999999999982,-1.1961722488038284,1.1961722488038236
2025-03-26,4.14,4.16,4.12,4.13,235739594.0,996594679.0,36851555686.0,0.006397005217599486,0.0,0.0,0.9685230024213084
2025-03-27,4.12,4.15,4.1,4.12,291632087.0,1228497608.0,36851555686.0,0.007913698121319524,-0.009999999999999787,-0.2421307506053183,1.2106537530266517
2025-03-28,4.12,4.13,4.09,4.12,251327881.0,1055213720.0,36851555686.0,0.006820007359838003,0.0,0.0,0.9708737864077678
2025-03-31,4.11,4.12,4.05,4.06,344047979.0,1434752783.0,36851555686.0,0.009336050340222264,-0.0600000000000005,-1.456310679611661,1.699029126213599
2025-04-01,4.07,4.12,4.07,4.11,284925416.0,1193922893.0,36851555686.0,0.007731706591378553,0.05000000000000071,1.2315270935960854,1.2315270935960547
2025-04-02,4.11,4.13,4.09,4.12,218232835.0,917505802.0,36851555686.0,0.00592194361778076,0.009999999999999787,0.24330900243307862,0.9732360097323608
2025-04-03,4.09,4.11,4.04,4.07,321169939.0,1336103602.0,36851555686.0,0.008715234215254941,-0.04999999999999982,-1.2135922330097082,1.699029126213599
2025-04-07,3.85,3.85,3.66,3.66,806022868.0,3058154322.0,36851555686.0,0.021872153101699588,-0.41000000000000014,-10.073710073710075,4.668304668304667
2025-04-08,3.65,3.7,3.62,3.66,714626460.0,2666295661.0,36851555686.0,0.019392029636118954,0.0,0.0,2.1857923497267775
2025-04-09,3.62,3.68,3.56,3.65,701812209.0,2599428909.0,36851555686.0,0.0190443034475915,-0.010000000000000231,-0.2732240437158584,3.2786885245901667
2025-04-10,3.75,3.78,3.71,3.71,596441299.0,2277439520.0,36851555686.0,0.016184969342463596,0.06000000000000005,1.6438356164383494,1.9178082191780779
2025-04-11,3.68,3.71,3.65,3.68,546303977.0,2056021691.0,36851555686.0,0.014824448163189547,-0.029999999999999805,-0.8086253369272156,1.617250673854449
2025-04-14,3.78,3.81,3.72,3.72,688863011.0,2645141669.0,36851555686.0,0.018692915351242574,0.040000000000000036,1.0869565217391353,2.4456521739130395
2025-04-15,3.71,3.72,3.65,3.7,431648659.0,1622881148.0,36851555686.0,0.011713173323751552,-0.020000000000000018,-0.5376344086021501,1.8817204301075345
2025-04-16,3.73,3.75,3.68,3.73,433329293.0,1642865848.0,36851555686.0,0.011758778833986183,0.029999999999999805,0.8108108108108025,1.8918918918918874
2025-04-17,3.71,3.75,3.7,3.73,328424934.0,1251943485.0,36851555686.0,0.008912105008494105,0.0,0.0,1.3404825737265367
2025-04-18,3.72,3.76,3.72,3.74,270029700.0,1031151661.0,36851555686.0,0.0073274979840969095,0.010000000000000231,0.2680965147453085,1.0723860589812224
2025-04-21,3.75,3.76,3.73,3.75,257360715.0,984210283.0,36851555686.0,0.006983713718706644,0.009999999999999787,0.2673796791443861,0.8021390374331497
2025-04-22,3.8,3.81,3.75,3.76,475998473.0,1838044564.0,36851555686.0,0.012916645285095332,0.009999999999999787,0.2666666666666595,1.6000000000000014
2025-04-23,3.78,3.8,3.74,3.75,387655440.0,1488357886.0,36851555686.0,0.010519377887410905,-0.009999999999999787,-0.26595744680850686,1.5957446808510536
2025-04-24,3.75,3.76,3.72,3.72,277765963.0,1060297150.0,36851555686.0,0.007537428415960307,-0.029999999999999805,-0.7999999999999896,1.0666666666666558
2025-04-25,3.73,3.79,3.72,3.78,423653171.0,1629144839.0,36850667596.0,0.011496485644292261,0.05999999999999961,1.6129032258064502,1.8817204301075225
2025-04-28,3.78,3.78,3.74,3.76,225768396.0,866526777.0,36850667596.0,0.006126575466016966,-0.020000000000000018,-0.5291005291005346,1.0582010582010475
2025-04-29,3.75,3.77,3.73,3.74,256389798.0,982108536.0,36939764136.0,0.006940753521220588,-0.019999999999999574,-0.5319148936170137,1.0638297872340436
2025-04-30,3.75,3.77,3.74,3.76,238140480.0,913708386.0,36939764136.0,0.006446724432869833,0.019999999999999574,0.53475935828875,0.8021390374331497
2025-05-06,3.77,3.81,3.76,3.8,380257533.0,1472994516.0,36939764136.0,0.010293989198198924,0.040000000000000036,1.0638297872340496,1.3297872340425603
2025-05-07,3.84,3.86,3.78,3.79,366133950.0,1422404643.0,36939764136.0,0.009911648289144885,-0.009999999999999787,-0.2631578947368318,2.105263157894739
2025-05-08,3.79,3.81,3.78,3.8,311250356.0,1207653512.0,36939764136.0,0.008425889100268185,0.009999999999999787,0.26385224274405594,0.7915567282321965
2025-05-09,3.8,3.81,3.77,3.78,286373134.0,1106345743.0,36939764136.0,0.007752435368717266,-0.020000000000000018,-0.5263157894736858,1.0526315789473695
2025-05-12,3.81,3.86,3.8,3.85,451929058.0,1769365722.0,36939764136.0,0.012234216123745312,0.07000000000000028,1.85185185185186,1.587301587301589
2025-05-13,3.9,3.9,3.83,3.84,362408693.0,1427449838.0,36939764136.0,0.009810801489303803,-0.010000000000000231,-0.25974025974027093,1.818181818181814
2025-05-14,3.84,3.88,3.81,3.87,364221708.0,1430802391.0,36939764136.0,0.009859881797270174,0.03000000000000025,0.78125,1.8229166666666625
2025-05-15,3.87,3.87,3.81,3.81,345779367.0,1352923423.0,36939764136.0,0.009360627364239649,-0.06000000000000005,-1.5503875968992276,1.5503875968992262
2025-05-16,3.8,3.82,3.79,3.81,250045450.0,971962970.0,36939764136.0,0.0067690050504766435,0.0,0.0,0.7874015748031444
2025-05-19,3.8,3.81,3.78,3.8,263298118.0,1019925433.0,36939764136.0,0.007127769333627128,-0.010000000000000231,-0.2624671916010568,0.7874015748031562
2025-05-20,3.8,3.83,3.79,3.82,274115475.0,1066893703.0,36939764136.0,0.0074206070723894565,0.020000000000000018,0.5263157894736858,1.0526315789473695
2025-05-21,3.83,3.83,3.8,3.8,202946328.0,789620852.0,36939764136.0,0.005493980071253804,-0.020000000000000018,-0.5235602094240788,0.7853403141361323
2025-05-22,3.8,3.82,3.78,3.79,242357828.0,939959141.0,36939764136.0,0.0065608926767295695,-0.009999999999999787,-0.2631578947368318,1.0526315789473695
2025-05-23,3.79,3.8,3.74,3.74,311804371.0,1200800076.0,36939764136.0,0.008440886895001262,-0.04999999999999982,-1.319261213720313,1.5831134564643696
2025-05-26,3.74,3.78,3.74,3.75,232684076.0,892989250.0,36939764136.0,0.0062990135817688,0.009999999999999787,0.2673796791443861,1.069518716577529
2025-05-27,3.75,3.76,3.73,3.75,223608992.0,855960647.0,36939764136.0,0.006053341087310293,0.0,0.0,0.7999999999999948
2025-05-28,3.76,3.8,3.74,3.74,318944505.0,1225718019.0,36934933101.0,0.00863530750489879,-0.009999999999999787,-0.2666666666666595,1.5999999999999897
2025-05-29,3.75,3.78,3.74,3.77,271163677.0,1042054809.0,36706050201.0,0.00738743818839469,0.029999999999999805,0.8021390374331583,1.069518716577529
2025-05-30,3.76,3.76,3.72,3.72,348094788.0,1326687986.0,36706050201.0,0.009483308231036982,-0.04999999999999982,-1.3262599469495928,1.061007957559671
2025-06-03,3.72,3.74,3.71,3.72,248633446.0,945702806.0,36706050201.0,0.006773636624984139,0.0,0.0,0.8064516129032324
2025-06-04,3.73,3.84,3.72,3.83,651505042.0,2522721280.0,36706050201.0,0.017749254916625455,0.10999999999999988,2.9569892473118253,3.225806451612894
2025-06-05,3.82,3.89,3.82,3.86,547210142.0,2157840524.0,36706050201.0,0.014907900441576034,0.029999999999999805,0.7832898172323688,1.8276762402088846
2025-06-06,3.87,3.88,3.83,3.86,290213993.0,1141635250.0,36706050201.0,0.007906434808725172,0.0,0.0,1.2953367875647623
2025-06-09,3.87,3.9,3.86,3.88,302637108.0,1197610606.0,36706050201.0,0.00824488350946992,0.020000000000000018,0.5181347150259086,1.0362694300518145
2025-06-10,3.88,3.89,3.8,3.82,313235644.0,1226976649.0,36706050201.0,0.008533624355787165,-0.06000000000000005,-1.5463917525773252,2.319587628865987
2025-06-11,3.83,3.87,3.82,3.85,248575090.0,978880867.0,36706050201.0,0.006772046805330963,0.03000000000000025,0.7853403141361293,1.3089005235602165
2025-06-12,3.85,3.87,3.83,3.85,238111101.0,935964175.0,36706050201.0,0.006486971485521289,0.0,0.0,1.0389610389610398
2025-06-13,3.84,3.85,3.79,3.81,294049739.0,1144260530.0,36706050201.0,0.008010933821258412,-0.040000000000000036,-1.0389610389610393,1.5584415584415598
2025-06-16,3.8,3.82,3.79,3.81,228400100.0,887750814.0,36706050201.0,0.006222410168059368,0.0,0.0,0.7874015748031444
2025-06-17,3.82,3.86,3.8,3.84,313793130.0,1229343576.0,36706050201.0,0.008548812206208206,0.029999999999999805,0.7874015748031482,1.5748031496063006
2025-06-18,3.85,3.88,3.84,3.87,323590466.0,1276956549.0,36706050201.0,0.008815725588235158,0.03000000000000025,0.78125,1.0416666666666676
2025-06-19,3.86,3.87,3.82,3.85,301093861.0,1181508100.0,36706050201.0,0.008202840113584249,-0.020000000000000018,-0.5167958656330796,1.2919896640826942
2025-06-20,3.84,3.88,3.84,3.85,263629583.0,1038764587.0,36706050201.0,0.007182183360954969,0.0,0.0,1.0389610389610398
2025-06-23,3.84,3.89,3.82,3.88,280594207.0,1107815063.0,36706050201.0,0.0076443585039382865,0.029999999999999805,0.7792207792207684,1.8181818181818254
2025-06-24,3.88,3.9,3.87,3.9,309422980.0,1228078402.0,36706050201.0,0.008429754176916868,0.020000000000000018,0.5154639175257714,0.7731958762886548
2025-06-25,3.91,3.93,3.89,3.93,349349244.0,1376915629.0,36706050201.0,0.009517483959374155,0.03000000000000025,0.7692307692307665,1.0256410256410264
2025-06-26,3.92,3.99,3.92,3.92,410437212.0,1633544780.0,36706050201.0,0.011181731887589972,-0.010000000000000231,-0.2544529262086592,1.781170483460567
2025-06-27,3.92,3.97,3.92,3.94,312778916.0,1242877241.0,36706050201.0,0.008521181502429233,0.020000000000000018,0.5102040816326481,1.2755102040816395
2025-06-30,3.95,3.99,3.95,3.96,269095083.0,1075846522.0,36706050201.0,0.0073310825198149195,0.020000000000000018,0.50761421319796,1.0152284263959401
2025-07-01,3.97,3.98,3.94,3.96,219945646.0,876210057.0,36706050201.0,0.005992081545020279,0.0,0.0,1.010101010101011
2025-07-02,3.96,3.96,3.94,3.95,200855726.0,798963311.0,36706050201.0,0.005472005974495398,-0.009999999999999787,-0.2525252525252486,0.5050505050505055
2025-07-03,3.96,4.0,3.95,3.99,345344370.0,1382686300.0,36706050201.0,0.009408377314064471,0.040000000000000036,1.0126582278481067,1.265822784810122
2025-07-04,3.99,4.0,3.96,3.97,293295257.0,1175987887.0,36706050201.0,0.007990379117173704,-0.020000000000000018,-0.5012531328320802,1.0025062656641612
2025-07-07,3.96,3.97,3.92,3.93,271903140.0,1077579422.0,36706050201.0,0.007407583722876083,-0.040000000000000036,-1.0075566750629705,1.259445843828722
2025-07-08,3.93,3.97,3.92,3.97,249212920.0,991418088.0,36706050201.0,0.00678942350471723,0.040000000000000036,1.0178117048346147,1.2722646310432637
2025-07-09,3.96,3.99,3.94,3.95,317459001.0,1268919001.0,36706050201.0,0.008648683235096521,-0.020000000000000018,-0.5037783375314908,1.259445843828722
2025-07-10,3.95,4.03,3.95,4.0,535539939.0,2154838766.0,36706050201.0,0.014589963672675683,0.04999999999999982,1.2658227848101111,2.0253164556962044
2025-07-11,4.0,4.05,3.97,4.03,431436592.0,1746749405.0,36706050201.0,0.011753827765109038,0.03000000000000025,0.7500000000000062,1.9999999999999907
2025-07-14,4.02,4.04,4.01,4.02,353838531.0,1434451704.0,36706050201.0,0.00963978769337487,-0.010000000000000675,-0.24813895781639062,0.7444168734491377
2025-07-15,4.01,4.01,3.93,3.94,522658521.0,2084419624.0,36706050201.0,0.014239029210115366,-0.07999999999999963,-1.990049751243772,1.990049751243772
2025-07-16,3.94,3.95,3.91,3.92,306183752.0,1210681338.0,36706050201.0,0.008341506381736995,-0.020000000000000018,-0.5076142131979711,1.0152284263959401
2025-07-17,3.92,4.01,3.91,4.01,462111565.0,1847396370.0,36706050201.0,0.01258952032347546,0.08999999999999986,2.2959183673469274,2.5510204081632564
2025-07-18,4.01,4.02,3.94,3.96,351736040.0,1405856607.0,36706050201.0,0.009582508553056398,-0.04999999999999982,-1.2468827930174564,1.9950124688279212
2025-07-21,3.96,4.07,3.95,4.04,540425805.0,2184507259.0,36706050201.0,0.014723071592848117,0.08000000000000007,2.020202020202011,3.030303030303033
2025-07-22,4.03,4.08,4.01,4.08,457196226.0,1865188506.0,36706050201.0,0.012455609456654216,0.040000000000000036,0.990099009900991,1.7326732673267398
2025-07-23,4.08,4.11,4.06,4.07,428216390.0,1760703699.0,36706050201.0,0.011666098304097396,-0.009999999999999787,-0.2450980392156854,1.2254901960784488
2025-07-24,4.07,4.1,4.07,4.1,335403010.0,1381532131.0,36706050201.0,0.009137540219210578,0.02999999999999936,0.7371007371007154,0.7371007371007213
2025-07-25,4.1,4.1,4.06,4.07,277098816.0,1137738671.0,36706050201.0,0.007549131940991321,-0.02999999999999936,-0.7317073170731603,0.9756097560975618
2025-07-28,4.08,4.08,4.05,4.07,253067026.0,1036910008.0,36706050201.0,0.006894422707270901,0.0,0.0,0.7371007371007432
2025-07-29,4.06,4.09,4.03,4.08,342520784.0,1398930974.0,36706050201.0,0.009331453047232758,0.009999999999999787,0.24570024570023108,1.4742014742014646
2025-07-30,4.07,4.09,4.03,4.05,317874894.0,1301703987.0,36706050201.0,0.008660013601554438,-0.03000000000000025,-0.7352941176470673,1.470588235294108
2025-07-31,4.05,4.06,3.99,4.01,434004768.0,1759884631.0,36706050201.0,0.01182379377850293,-0.040000000000000036,-0.987654320987652,1.7283950617283803
2025-08-01,4.0,4.05,3.99,4.0,335715426.0,1359117265.0,36706050201.0,0.009146051513623603,-0.009999999999999787,-0.24937655860348684,1.496259351620938
2025-08-04,4.0,4.01,3.96,3.99,310228177.0,1244349280.0,36706050201.0,0.008451690533337426,-0.009999999999999787,-0.24999999999999467,1.2499999999999956
2025-08-05,3.99,4.05,3.98,4.01,343597532.0,1392718908.0,36706050201.0,0.009360787393862367,0.019999999999999574,0.5012531328320691,1.7543859649122764
2025-08-06,4.03,4.03,4.0,4.03,243885996.0,986871824.0,36706050201.0,0.0066442996362860015,0.020000000000000462,0.4987531172069959,0.7481296758104801
2025-08-07,4.03,4.04,3.99,4.0,290468593.0,1173713991.0,36706050201.0,0.00791337099495621,-0.03000000000000025,-0.7444168734491385,1.2406947890818814
2025-08-08,4.0,4.01,3.97,3.97,314182236.0,1262676148.0,36706050201.0,0.008559412801964745,-0.029999999999999805,-0.7499999999999951,0.9999999999999898
2025-08-11,3.98,4.0,3.96,3.98,415197192.0,1663497130.0,36706050201.0,0.011311410236906629,0.009999999999999787,0.25188916876572875,1.0075566750629732
2025-08-12,3.98,3.99,3.95,3.96,382196205.0,1525715004.0,36706050201.0,0.01041234899715763,-0.020000000000000018,-0.5025125628140725,1.0050251256281415
2025-08-13,3.96,3.97,3.95,3.95,387002232.0,1543818007.0,36706050201.0,0.010543281826314746,-0.009999999999999787,-0.2525252525252486,0.5050505050505055
2025-08-14,3.95,3.96,3.87,3.87,858002404.0,3381880946.0,36706050201.0,0.023374958604961124,-0.08000000000000007,-2.0253164556962022,2.278481012658224
2025-08-15,3.86,3.93,3.85,3.93,565161321.0,2218979860.0,36706050201.0,0.015396952761335325,0.06000000000000005,1.5503875968992276,2.0671834625323013
2025-08-18,3.93,3.96,3.91,3.92,635709887.0,2520368579.0,36706050201.0,0.01731894016160532,-0.010000000000000231,-0.2544529262086592,1.2722646310432524
2025-08-19,3.92,3.93,3.89,3.9,459904795.0,1811213490.0,36706050201.0,0.012529400261853034,-0.020000000000000018,-0.5102040816326481,1.020408163265307
2025-08-20,3.89,3.98,3.87,3.98,722161047.0,2860961930.0,36706050201.0,0.019674169327549326,0.08000000000000007,2.051282051282044,2.8205128205128176
2025-08-21,3.98,4.05,3.97,4.01,806658914.0,3257906887.0,36706050201.0,0.021976184023690563,0.029999999999999805,0.7537688442210921,2.010050251256272
2025-08-22,4.01,4.16,4.0,4.15,1298175506.0,5345248540.0,36706050201.0,0.035366799175919866,0.14000000000000057,3.4912718204488824,3.9900249376558645
2025-08-25,4.17,4.19,4.08,4.13,986526478.0,4095228295.0,36706050201.0,0.026876399737859116,-0.020000000000000462,-0.48192771084338837,2.650602409638562
2025-08-26,4.12,4.17,4.1,4.15,876513090.0,3654376545.0,36706050201.0,0.023879253834184554,0.020000000000000462,0.4842615012106588,1.6949152542372952
2025-08-27,4.13,4.23,4.09,4.1,1088052643.0,4567482027.0,36706050201.0,0.029642324277384596,-0.05000000000000071,-1.2048192771084487,3.3734939759036275
2025-08-28,4.12,4.17,4.07,4.17,941753182.0,3920003211.0,36706050201.0,0.02565662000795562,0.07000000000000028,1.7073170731707332,2.439024390243894
2025-08-29,4.16,4.22,4.15,4.19,945984672.0,3992950843.0,36706050201.0,0.025771900458367164,0.020000000000000462,0.4796163069544557,1.678657074340513
2025-09-01,4.2,4.21,4.13,4.16,721297516.0,3021058143.0,36706050201.0,0.019650643750831826,-0.03000000000000025,-0.7159904534606243,1.9093078758949895
2025-09-02,4.16,4.16,4.05,4.08,770818762.0,3183217110.0,36706050201.0,0.020999774091166046,-0.08000000000000007,-1.9230769230769273,2.6442307692307767
2025-09-03,4.09,4.09,3.99,4.01,574584094.0,2334786394.0,36706050201.0,0.015653661749319633,-0.07000000000000028,-1.715686274509809,2.450980392156854
2025-09-04,4.02,4.12,3.98,4.02,910549341.0,3706548846.0,36706050201.0,0.024806519252654254,0.009999999999999787,0.24937655860348684,3.491271820448881
2025-09-05,4.04,4.08,4.0,4.08,626611610.0,2551594522.0,36706050201.0,0.01707107156909323,0.0600000000000005,1.4925373134328401,1.9900497512437831
2025-09-08,4.08,4.14,4.04,4.1,571424758.0,2351143587.0,36706050201.0,0.015567590489058734,0.019999999999999574,0.4901960784313708,2.450980392156854
2025-09-09,4.09,4.1,4.03,4.07,461217173.0,1887151035.0,36706050201.0,0.0125651539861795,-0.02999999999999936,-0.7317073170731603,1.7073170731707172
2025-09-10,4.07,4.07,4.03,4.05,364481735.0,1487420804.0,36706050201.0,0.00992974545079411,-0.020000000000000462,-0.49140049140050657,0.9828009828009836
2025-09-11,4.05,4.13,4.03,4.13,705155208.0,2908382788.0,36706050201.0,0.01921087134514923,0.08000000000000007,1.975308641975304,2.469135802469127
2025-09-12,4.16,4.16,4.12,4.14,595365234.0,2483992512.0,36706050201.0,0.016219812013001066,0.009999999999999787,0.2421307506053294,0.9685230024213084
2025-09-15,4.14,4.21,4.12,4.13,578783698.0,2424286731.0,36706050201.0,0.015768073514600925,-0.009999999999999787,-0.24154589371979673,2.1739130434782576
2025-09-16,4.14,4.15,4.07,4.1,509873145.0,2103302503.0,36706050201.0,0.013890711264436436,-0.03000000000000025,-0.7263922518159882,1.9370460048426168
2025-09-17,4.1,4.15,4.07,4.13,527544119.0,2189133373.0,36706050201.0,0.014372129829039133,0.03000000000000025,0.7317073170731714,1.9512195121951237
2025-09-18,4.13,4.18,4.07,4.11,842730592.0,3514369252.0,36706050201.0,0.022958901526730902,-0.019999999999999574,-0.4842615012106477,2.6634382566585817
2025-09-19,4.09,4.15,4.09,4.1,553534222.0,2299804727.0,36706050201.0,0.015080190294757451,-0.010000000000000675,-0.24330900243311193,1.4598540145985521
2025-09-22,4.1,4.15,4.05,4.11,503754598.0,2079566768.0,36706050201.0,0.0137240208423808,0.010000000000000675,0.24390243902441266,2.4390243902439157
2025-09-23,4.12,4.15,4.02,4.13,712982487.0,2932731471.0,36706050201.0,0.019424113547923387,0.019999999999999574,0.48661800486617945,3.1630170316301895
2025-09-24,4.11,4.18,4.08,4.17,948599311.0,3974622845.0,36706050201.0,0.02584313228488302,0.040000000000000036,0.9685230024213176,2.4213075060532603
2025-09-25,4.16,4.17,4.12,4.14,654962542.0,2735280005.0,36706050201.0,0.017843449197433848,-0.03000000000000025,-0.7194244604316613,1.199040767386087
2025-09-26,4.13,4.14,4.07,4.07,709105795.0,2923583292.0,36706050201.0,0.019318499024465495,-0.0699999999999994,-1.6908212560386326,1.690821256038633
2025-09-29,4.07,4.1,4.01,4.09,731318776.0,2984613077.0,36706050201.0,0.019923657598552413,0.019999999999999574,0.49140049140048436,2.2113022113022076
2025-09-30,4.08,4.14,4.08,4.13,694157965.0,2880953710.0,36706050201.0,0.018911268338566396,0.040000000000000036,0.9779951100244544,1.4669926650366654
2025-10-09,4.14,4.3,4.14,4.24,1195406082.0,5103439303.0,36706050201.0,0.03256700395313667,0.11000000000000032,2.6634382566586012,3.8740920096852336
2025-10-10,4.22,4.23,4.13,4.14,870448913.0,3654399538.0,36706050201.0,0.023714044639329947,-0.10000000000000053,-2.358490566037752,2.358490566037748
2025-10-13,4.05,4.09,4.01,4.08,1063484268.0,4329024308.0,36706050201.0,0.02897299660890855,-0.05999999999999961,-1.449275362318836,1.932367149758456
2025-10-14,4.09,4.12,4.02,4.03,842904461.0,3454369141.0,36706050201.0,0.022963638320775696,-0.04999999999999982,-1.225490196078427,2.450980392156876
2025-10-15,4.04,4.09,4.02,4.07,568230258.0,2321083018.0,36706050201.0,0.015480561239588766,0.040000000000000036,0.992555831265518,1.7369727047146473
2025-10-16,4.07,4.08,4.03,4.05,403734272.0,1648298521.0,36706050201.0,0.010999120575196098,-0.020000000000000462,-0.49140049140050657,1.228501228501224
2025-10-17,4.04,4.06,3.97,3.97,653810572.0,2638604172.0,36706050201.0,0.01781206554286759,-0.07999999999999963,-1.975308641975304,2.2222222222222077
2025-10-20,4.0,4.01,3.96,3.97,415332858.0,1665718366.0,36706050201.0,0.011315106248851719,0.0,0.0,1.2594458438287108
2025-10-21,3.98,4.01,3.97,3.99,349576108.0,1407596040.0,36706050201.0,0.009523664520855376,0.020000000000000018,0.5037783375314797,1.007556675062962
2025-10-22,3.99,4.01,3.98,3.99,241481062.0,972181787.0,36706050201.0,0.006578780900632594,0.0,0.0,0.7518796992481154
2025-10-23,3.99,4.02,3.97,4.02,339828222.0,1368731171.0,36706050201.0,0.009258098328180838,0.02999999999999936,0.7518796992481036,1.2531328320801849
2025-10-24,4.02,4.04,4.0,4.02,271225772.0,1098279999.0,36706050201.0,0.007389129871364118,0.0,0.0,0.9950248756218916
2025-10-27,4.04,4.05,4.02,4.04,388768598.0,1580741526.0,36706050201.0,0.010591403756904594,0.020000000000000462,0.4975124378109541,0.7462686567164242
2025-10-28,4.03,4.04,4.01,4.03,340972306.0,1383148119.0,36706050201.0,0.009289267140780806,-0.009999999999999787,-0.24752475247524774,0.7425742574257487
2025-10-29,4.02,4.05,4.01,4.04,351862940.0,1428652705.0,36706050201.0,0.009585965748785851,0.009999999999999787,0.2481389578163684,0.9925558312655095
2025-10-30,4.04,4.11,4.03,4.06,631440917.0,2588031798.0,36706050201.0,0.01720263862611939,0.019999999999999574,0.4950495049504955,1.980198019801982
2025-10-31,4.07,4.09,4.02,4.03,540592841.0,2205281357.0,36706050201.0,0.014727622232295437,-0.02999999999999936,-0.7389162561576179,1.72413793103449
2025-11-03,4.03,4.04,4.0,4.03,377856828.0,1528023305.0,36706050201.0,0.010294129331019818,0.0,0.0,0.9925558312655095
2025-11-04,4.02,4.03,3.97,3.97,498363631.0,2003625535.0,36706050201.0,0.013577152220710003,-0.06000000000000005,-1.488833746898266,1.4888337468982642
2025-11-05,3.96,3.99,3.93,3.97,412478974.0,1645610522.0,36706050201.0,0.011237356559512433,0.0,0.0,1.5113350125944598
2025-11-06,3.97,3.99,3.96,3.97,314566856.0,1259635603.0,36706050201.0,0.008569891183536552,0.0,0.0,0.7556675062972354
2025-11-07,3.97,3.99,3.95,3.98,304286742.0,1218198534.0,36706050201.0,0.008289825255884115,0.009999999999999787,0.25188916876572875,1.0075566750629732
2025-11-10,3.98,4.04,3.96,4.03,571549657.0,2306375737.0,36706050201.0,0.01557099317061439,0.050000000000000266,1.2562814070351758,2.010050251256283
2025-11-11,4.04,4.04,4.0,4.01,350811710.0,1419617895.0,36706050201.0,0.009557326600900324,-0.020000000000000462,-0.49627791563277013,0.9925558312655095
2025-11-12,4.01,4.03,3.98,4.01,489117108.0,1972766400.0,36706050201.0,0.013325244893461045,0.0,0.0,1.246882793017463
2025-11-13,4.0,4.02,3.99,4.01,384000965.0,1548913679.0,36706050201.0,0.010461516913349029,0.0,0.0,0.748129675810458
2025-11-14,3.99,4.0,3.96,3.97,393704865.0,1579251592.0,36706050201.0,0.010725884774964813,-0.03999999999999959,-0.9975062344139585,0.9975062344139661
2025-11-17,3.96,3.97,3.93,3.93,411877681.0,1637454772.0,36706050201.0,0.011220975254612903,-0.040000000000000036,-1.0075566750629705,1.0075566750629732
2025-11-18,3.93,3.94,3.89,3.9,418763150.0,1649319682.0,36706050201.0,0.011408559289459901,-0.03000000000000025,-0.7633587786259555,1.2722646310432524
2025-11-19,3.89,3.91,3.85,3.89,443266090.0,1731734666.0,36706050201.0,0.012076104281792866,-0.009999999999999787,-0.2564102564102555,1.5384615384615399
2025-11-20,3.89,3.91,3.87,3.87,354267523.0,1388610092.0,36706050201.0,0.009651474921982985,-0.020000000000000018,-0.5141388174807249,1.0282776349614406
2025-11-21,3.85,3.86,3.79,3.8,525728669.0,2027238704.0,36706050201.0,0.01432267068020512,-0.07000000000000028,-1.8087855297157729,1.808785529715758
2025-11-24,3.81,3.82,3.76,3.79,475287261.0,1815626625.0,36706050201.0,0.012948471938477639,-0.009999999999999787,-0.2631578947368318,1.578947368421054
2025-11-25,3.8,3.84,3.79,3.82,357615839.0,1378973130.0,36706050201.0,0.00974269465229079,0.029999999999999805,0.79155672823219,1.319261213720312
2025-11-26,3.83,3.85,3.82,3.83,276576130.0,1068537512.0,36706050201.0,0.007534892163158027,0.010000000000000231,0.2617801047120505,0.7853403141361323
2025-11-27,3.83,3.84,3.8,3.81,247769757.0,953888296.0,36706050201.0,0.0067501067437991434,-0.020000000000000018,-0.5221932114882533,1.044386422976502
2025-11-28,3.81,3.83,3.79,3.83,235344996.0,904344536.0,36706050201.0,0.0064116132003107324,0.020000000000000018,0.5249343832020914,1.0498687664042003
2025-12-01,3.83,3.88,3.82,3.87,365525297.0,1419026262.0,36706050201.0,0.009958175695788751,0.040000000000000036,1.0443864229765065,1.5665796344647531
2025-12-02,3.87,3.88,3.84,3.85,314216127.0,1221233044.0,36706050201.0,0.008560336110242655,-0.020000000000000018,-0.5167958656330796,1.0335917312661507
2025-12-03,3.86,4.05,3.85,4.0,1300730182.0,5204396132.0,36706050201.0,0.03543639740253403,0.1499999999999999,3.8961038961038863,5.194805194805188
2025-12-04,3.99,4.05,3.98,4.02,794771447.0,3219445781.0,36706050201.0,0.02165232823057458,0.019999999999999574,0.49999999999998934,1.749999999999996
2025-12-05,4.02,4.22,4.01,4.22,1900140269.0,7914360386.0,36706050201.0,0.051766405227338615,0.20000000000000018,4.975124378109452,5.223880597014925
2025-12-08,4.22,4.31,4.16,4.17,1189101605.0,5049918352.0,36706050201.0,0.03239524815360288,-0.04999999999999982,-1.1848341232227444,3.554502369668234
2025-12-09,4.16,4.19,4.12,4.14,752810284.0,3147923505.0,36706050201.0,0.02050916074809626,-0.03000000000000025,-0.7194244604316613,1.6786570743405345
2025-12-10,4.14,4.2,4.12,4.15,694559486.0,2901766002.0,36706050201.0,0.01892220716194296,0.010000000000000675,0.24154589371983004,1.932367149758456
2025-12-11,4.15,4.16,4.07,4.08,555365632.0,2295224945.0,36706050201.0,0.0151300842492955,-0.07000000000000028,-1.6867469879518149,2.168674698795177
2025-12-12,4.09,4.13,4.06,4.11,700057824.0,2891234201.0,36706050201.0,0.019072000941712002,0.03000000000000025,0.7352941176470562,1.715686274509811
2025-12-15,4.08,4.15,4.07,4.1,729757200.0,3022341196.0,36706050201.0,0.01988111485719373,-0.010000000000000675,-0.24330900243311193,1.9464720194647216
2025-12-16,4.11,4.15,4.08,4.11,769381768.0,3191279290.0,36706050201.0,0.020960625395184562,0.010000000000000675,0.24390243902441266,1.7073170731707388
2025-12-17,4.11,4.16,4.1,4.14,709016991.0,2949819938.0,36706050201.0,0.01931607969578497,0.02999999999999936,0.7299270072992581,1.4598540145985521
2025-12-18,4.12,4.13,4.04,4.08,622387960.0,2554903593.0,36706050201.0,0.016956004707448583,-0.05999999999999961,-1.449275362318836,2.1739130434782576
2025-12-19,4.09,4.1,4.06,4.06,430793425.0,1769824923.0,36706050201.0,0.011736305667349185,-0.020000000000000462,-0.4901960784313819,0.980392156862746
2025-12-22,4.06,4.07,4.0,4.01,690822400.0,2803120679.0,36706050201.0,0.018820395989682912,-0.04999999999999982,-1.231527093596052,1.72413793103449
2025-12-23,4.02,4.03,3.99,4.01,519673375.0,2097091502.0,36706050201.0,0.014157703489051576,0.0,0.0,0.9975062344139661
2025-12-24,4.0,4.04,3.97,4.03,523862162.0,2114407390.0,36706050201.0,0.014271820561770173,0.020000000000000462,0.4987531172069959,1.745635910224435
2025-12-25,4.02,4.05,4.02,4.03,354381001.0,1440968281.0,36706050201.0,0.009654566455922992,0.0,0.0,0.7444168734491377
2025-12-26,4.03,4.04,4.0,4.01,374638452.0,1517451545.0,36706050201.0,0.010206449616575568,-0.020000000000000462,-0.49627791563277013,0.9925558312655095
2025-12-29,4.02,4.16,4.01,4.1,922285357.0,3810078209.0,36706050201.0,0.025126248995727515,0.08999999999999986,2.244389027431426,3.740648379052378
2025-12-30,4.09,4.16,4.08,4.14,610001837.0,2542195065.0,36706050201.0,0.01661856379696722,0.040000000000000036,0.9756097560975618,1.9512195121951237
2025-12-31,4.14,4.23,4.12,4.17,817879846.0,3445261537.0,36711216092.0,0.02227874565501604,0.03000000000000025,0.7246376811594235,2.657004830917882
2026-01-05,4.18,4.23,4.16,4.19,850761574.0,3594432719.0,36711216092.0,0.023174431810375127,0.020000000000000462,0.4796163069544557,1.6786570743405345
2026-01-06,4.2,4.5,4.19,4.46,2103770763.0,9305295623.0,36711216092.0,0.057305940444137116,0.2699999999999996,6.443914081145574,7.3985680190930685
2026-01-07,4.41,4.43,4.29,4.32,1275938261.0,5580739006.0,36711216092.0,0.03475608810676388,-0.13999999999999968,-3.139013452914796,3.1390134529147913
2026-01-08,4.31,4.35,4.28,4.31,680469124.0,2961903546.0,36341663692.0,0.018724214988258606,-0.010000000000000675,-0.23148148148149916,1.6203703703703565
2026-01-09,4.3,4.5,4.29,4.37,1073467384.0,4769330499.0,36341663692.0,0.02953820147304664,0.0600000000000005,1.3921113689095321,4.872389791183294
2026-01-12,4.41,4.47,4.39,4.42,867335426.0,3880721785.0,36341663692.0,0.023866145296780376,0.04999999999999982,1.1441647597253857,1.8306636155606424
2026-01-13,4.44,4.51,4.4,4.42,913792034.0,4094740341.0,36341663692.0,0.025144474445212475,0.0,0.0,2.488687782805417
2026-01-14,4.5,4.69,4.49,4.56,1772476589.0,8199024927.0,36341663692.0,0.048772576952501506,0.13999999999999968,3.1674208144796268,4.524886877828059
2026-01-15,4.5,4.57,4.46,4.49,870073404.0,3955664026.0,36341663692.0,0.02394148521581118,-0.0699999999999994,-1.5350877192982337,2.4122807017543932
2026-01-16,4.51,4.53,4.4,4.42,867002583.0,3877046504.0,36341663692.0,0.02385698658013986,-0.07000000000000028,-1.5590200445434355,2.895322939866367
2026-01-19,4.39,4.5,4.38,4.47,704684923.0,3171097852.0,36341663692.0,0.019390552093935216,0.04999999999999982,1.1312217194570096,2.714932126696835
2026-01-20,4.47,4.49,4.38,4.41,745262222.0,3316657790.0,36341663692.0,0.0205071024903039,-0.05999999999999961,-1.3422818791946178,2.4608501118568307
2026-01-21,4.4,4.47,4.39,4.42,744874389.0,3329437119.0,36341663692.0,0.02049643063435127,0.009999999999999787,0.22675736961450532,1.8140589569161012
2026-01-22,4.42,4.44,4.34,4.36,785561484.0,3464389190.0,36341663692.0,0.021616002246284835,-0.05999999999999961,-1.3574660633484115,2.262443438914039
2026-01-23,4.37,4.47,4.35,4.41,1066707697.0,4758781999.0,36341663692.0,0.02935219768804414,0.04999999999999982,1.1467889908256756,2.7522935779816535
2026-01-26,4.44,4.51,4.43,4.43,898430315.0,4049436157.0,36341663692.0,0.024721771755258803,0.019999999999999574,0.45351473922901064,1.8140589569161012
2026-01-27,4.43,4.56,4.41,4.52,1098498792.0,4981911620.0,36341663692.0,0.030226981387255967,0.08999999999999986,2.0316027088036037,3.386004514672675
2026-01-28,4.51,4.54,4.46,4.49,812326697.0,3682445602.0,36341663692.0,0.022352490625761307,-0.02999999999999936,-0.6637168141592764,1.7699115044247804
2026-01-29,4.48,4.5,4.37,4.41,863990073.0,3857667101.0,36341663692.0,0.02377409246649852,-0.08000000000000007,-1.7817371937639215,2.895322939866367
2026-01-30,4.39,4.41,4.21,4.33,962397286.0,4172981840.0,36341663692.0,0.026481927028889858,-0.08000000000000007,-1.814058956916098,4.535147392290254
2026-02-02,4.28,4.33,4.19,4.2,724865455.0,3116746259.0,36341663692.0,0.019945852263212892,-0.1299999999999999,-3.002309468822173,3.2332563510392536
2026-02-03,4.26,4.29,4.18,4.27,629931286.0,2691952493.0,36341663692.0,0.017333584156706307,0.0699999999999994,1.6666666666666607,2.6190476190476266
2026-02-04,4.26,4.38,4.25,4.35,745441878.0,3262242003.0,36341663692.0,0.020512046017422597,0.08000000000000007,1.87353629976581,3.044496487119436
2026-02-05,4.33,4.37,4.3,4.37,605328152.0,2650425564.0,36341663692.0,0.01665658889835725,0.020000000000000462,0.45977011494253706,1.609195402298857
2026-02-06,4.34,4.38,4.3,4.33,493793405.0,2163713431.0,36341663692.0,0.013587528881037448,-0.040000000000000036,-0.9153318077803174,1.8306636155606424
2026-02-09,4.37,4.38,4.29,4.31,536154455.0,2337830516.0,36341663692.0,0.014753162088119408,-0.020000000000000462,-0.46189376443419583,2.0785219399538075
2026-02-10,4.3,4.31,4.23,4.28,447684500.0,1927873395.0,36341663692.0,0.012318767346321301,-0.02999999999999936,-0.6960556844547439,1.8561484918793316
2026-02-11,4.27,4.3,4.24,4.25,371974600.0,1601277108.0,36341663692.0,0.010235486276922537,-0.03000000000000025,-0.7009345794392607,1.4018691588784955
2026-02-12,4.25,4.26,4.18,4.19,517699004.0,2198451661.0,36341663692.0,0.014245330329055977,-0.05999999999999961,-1.4117647058823457,1.8823529411764721
2026-02-13,4.17,4.19,4.14,4.15,537441690.0,2253914035.0,36341663692.0,0.014788582453320888,-0.040000000000000036,-0.9546539379474916,1.1933174224343843
2026-02-24,4.18,4.26,4.17,4.24,540087786.0,2307072937.0,36341663692.0,0.014861394089640732,0.08999999999999986,2.168674698795181,2.168674698795177
2026-02-25,4.25,4.35,4.24,4.32,601170062.0,2607984135.0,36341663692.0,0.016542172287295074,0.08000000000000007,1.8867924528301883,2.594339622641496
2026-02-26,4.34,4.34,4.28,4.29,460039197.0,1998416917.0,36341663692.0,0.012658726933881946,-0.03000000000000025,-0.6944444444444531,1.3888888888888797
2026-02-27,4.29,4.45,4.28,4.44,1099266920.0,4868981872.0,36341663692.0,0.03024811767882781,0.15000000000000036,3.4965034965035002,3.962703962703961
2026-03-02,4.4,4.55,4.39,4.45,1024728773.0,4626565706.0,36341663692.0,0.028197079299525207,0.009999999999999787,0.22522522522521182,3.6036036036036063
2026-03-03,4.47,4.49,4.27,4.28,932425178.0,4093258571.0,36341663692.0,0.025657195716256038,-0.16999999999999993,-3.8202247191011174,4.943820224719115
2026-03-04,4.25,4.34,4.22,4.28,679471420.0,2942662127.0,36341663692.0,0.01869676153955423,0.0,0.0,2.803738317757012
2026-03-05,4.34,4.49,4.34,4.42,1040317051.0,4660702099.0,36341663692.0,0.028626016128948113,0.13999999999999968,3.2710280373831724,3.5046728971962695
2026-03-06,4.38,4.39,4.27,4.33,937985504.0,4085736971.0,36341663692.0,0.025810197132127486,-0.08999999999999986,-2.036199095022617,2.714932126696835
2026-03-09,4.27,4.29,4.18,4.27,842799774.0,3593024477.0,36341663692.0,0.023191006915446417,-0.0600000000000005,-1.3856812933025542,2.540415704387998
2026-03-10,4.31,4.35,4.29,4.31,572124310.0,2494726351.0,36341663692.0,0.01574293116707102,0.040000000000000036,0.936768149882905,1.4051522248243469
2026-03-11,4.3,4.36,4.29,4.35,581726739.0,2542860609.0,36341663692.0,0.016007157623002748,0.040000000000000036,0.9280742459396807,1.6241299303944383
2026-03-12,4.36,4.43,4.34,4.38,753526371.0,3332652943.0,36341663692.0,0.020734503994815075,0.03000000000000025,0.6896551724137945,2.0689655172413763
2026-03-13,4.36,4.41,4.31,4.32,528982769.0,2328660718.0,36341663692.0,0.0145558214803591,-0.05999999999999961,-1.3698630136986245,2.2831050228310628
2026-03-16,4.3,4.3,4.16,4.19,906115301.0,3842349740.0,36341663692.0,0.024933236647596457,-0.1299999999999999,-3.009259259259256,3.240740740740733
2026-03-17,4.21,4.23,4.15,4.15,514356608.0,2171472099.0,36341663692.0,0.014153358865439803,-0.040000000000000036,-0.9546539379474916,1.9093078758949895
2026-03-18,4.19,4.19,4.12,4.16,505072077.0,2111466286.0,36341663692.0,0.013897879890159873,0.009999999999999787,0.24096385542167198,1.6867469879518138
2026-03-19,4.12,4.13,4.05,4.06,520347525.0,2139925058.0,36341663692.0,0.014318208693196005,-0.10000000000000053,-2.4038461538461675,1.9230769230769247
2026-03-20,4.08,4.12,4.04,4.05,484291217.0,1993635250.0,36341663692.0,0.013326060719300764,-0.009999999999999787,-0.24630541871920597,1.9704433497536966
2026-03-23,3.98,3.99,3.82,3.84,913918696.0,3584773807.0,36341663692.0,0.02514795975620631,-0.20999999999999996,-5.185185185185182,4.19753086419754
2026-03-24,3.89,3.97,3.87,3.97,584020378.0,2302680815.0,36341663692.0,0.01607027083156246,0.13000000000000034,3.385416666666674,2.604166666666669
2026-03-25,4.0,4.01,3.95,3.96,439300714.0,1760085995.0,36341663692.0,0.012088073835120118,-0.010000000000000231,-0.25188916876575096,1.5113350125944485
2026-03-26,3.96,3.98,3.9,3.91,394296309.0,1562818115.0,36341663692.0,0.01084970441479259,-0.04999999999999982,-1.262626262626254,2.020202020202022
2026-03-27,3.88,3.94,3.87,3.92,356630461.0,1408695311.0,36341663692.0,0.009813267329269413,0.009999999999999787,0.2557544757033181,1.7902813299232694
2026-03-30,3.88,3.92,3.86,3.91,356712342.0,1399472627.0,36341663692.0,0.009815520418194949,-0.009999999999999787,-0.25510204081632404,1.5306122448979604
2026-03-31,3.9,3.94,3.87,3.88,389281816.0,1532613174.0,36341663692.0,0.010711722481920765,-0.03000000000000025,-0.7672634271099765,1.7902813299232694
2026-04-01,3.98,4.03,3.94,3.98,583140390.0,2340737070.0,36341663692.0,0.01604605653010785,0.10000000000000009,2.577319587628879,2.319587628865987
2026-04-02,3.98,3.98,3.9,3.92,390394485.0,1548237928.0,36341663692.0,0.010742339379634366,-0.06000000000000005,-1.5075376884422176,2.010050251256283
2026-04-03,3.93,3.94,3.89,3.9,277051391.0,1090994954.0,36341663692.0,0.0076235197526465515,-0.020000000000000018,-0.5102040816326481,1.2755102040816282
2026-04-07,3.92,3.92,3.86,3.88,346529602.0,1357383440.0,36341663692.0,0.009535325761002036,-0.020000000000000018,-0.512820512820511,1.5384615384615399
2026-04-08,3.95,4.01,3.92,4.0,579090452.0,2313171005.0,36341663692.0,0.015934615897275968,0.1200000000000001,3.0927835051546504,2.3195876288659756
2026-04-09,3.96,4.0,3.94,3.98,418250587.0,1674086171.0,36341663692.0,0.011508845344690996,-0.020000000000000018,-0.5000000000000004,1.5000000000000013
2026-04-10,4.02,4.05,4.0,4.01,462269781.0,1874658593.0,36341663692.0,0.012720105081533756,0.029999999999999805,0.7537688442210921,1.2562814070351713
2026-04-13,3.98,4.01,3.96,4.0,404643636.0,1627020594.0,36341663692.0,0.01113442795105375,-0.009999999999999787,-0.24937655860348684,1.246882793017452
2026-04-14,4.02,4.05,3.96,3.99,442694075.0,1780807989.0,36341663692.0,0.012181447683625215,-0.009999999999999787,-0.24999999999999467,2.2499999999999964
2026-04-15,4.01,4.03,3.97,3.97,534892754.0,2154823755.0,36341663692.0,0.014718444332468675,-0.020000000000000018,-0.5012531328320802,1.5037593984962419
2026-04-16,3.98,4.01,3.95,4.0,415428481.0,1663886880.0,36341663692.0,0.011431190506874057,0.029999999999999805,0.7556675062972307,1.5113350125944485
2026-04-17,3.98,4.01,3.97,3.99,309867654.0,1245028832.0,36341663692.0,0.00852651261720338,-0.009999999999999787,-0.24999999999999467,0.9999999999999898
2026-04-20,4.03,4.2,4.02,4.16,1190459449.0,4939630314.0,36341663692.0,0.03275742847353627,0.16999999999999993,4.260651629072676,4.511278195488737
2026-04-21,4.16,4.3,4.11,4.18,1134802366.0,4785754663.0,36341663692.0,0.03122593328741324,0.019999999999999574,0.48076923076922906,4.56730769230768
2026-04-22,4.16,4.24,4.16,4.23,681288243.0,2896227718.0,36341663692.0,0.01874675438015167,0.05000000000000071,1.1961722488038395,1.913875598086126
2026-04-23,4.22,4.25,4.14,4.16,691490145.0,2915342391.0,36341663692.0,0.01902747631094885,-0.07000000000000028,-1.654846335697402,2.600472813238778
2026-04-24,4.14,4.16,4.08,4.1,460099783.0,1905351533.0,36341663692.0,0.012660394056238079,-0.0600000000000005,-1.4423076923077094,1.9230769230769247
2026-04-27,4.12,4.18,4.1,4.17,482406590.0,2018714636.0,36341663692.0,0.013274202141334372,0.07000000000000028,1.7073170731707332,1.9512195121951237
2026-04-28,4.16,4.17,4.11,4.12,395438634.0,1647186381.0,36341663692.0,0.010881137345592934,-0.04999999999999982,-1.1990407673860837,1.4388489208633
2026-04-29,4.11,4.15,4.09,4.14,414009111.0,1719219083.0,36341663692.0,0.011392134232179829,0.019999999999999574,0.4854368932038833,1.4563106796116625
2026-04-30,4.1,4.15,4.05,4.05,745404905.0,3060106520.0,36341663692.0,0.020511028645176975,-0.08999999999999986,-2.1739130434782594,2.4154589371980806
2026-05-06,4.08,4.18,4.06,4.15,828038480.0,3436739694.0,36341663692.0,0.022784825896186987,0.10000000000000053,2.4691358024691468,2.962962962962966
2026-05-07,4.16,4.21,4.13,4.17,665042571.0,2796958858.0,36341663692.0,0.01829972828531782,0.019999999999999574,0.48192771084336616,1.9277108433734955
2026-05-08,4.16,4.16,4.09,4.14,637905658.0,2646109505.0,36341663692.0,0.017553011975630167,-0.03000000000000025,-0.7194244604316613,1.6786570743405345
2026-05-11,4.14,4.19,4.13,4.16,610083981.0,2556271292.0,36341663692.0,0.01678745327045387,0.020000000000000462,0.48309178743961567,1.4492753623188528
2026-05-12,4.16,4.19,4.11,4.14,618521296.0,2590545784.0,36341663692.0,0.017019619719175292,-0.020000000000000462,-0.48076923076924016,1.9230769230769247
2026-05-13,4.14,4.19,4.12,4.19,638220586.0,2678779218.0,36341663692.0,0.017561677731900132,0.05000000000000071,1.2077294685990614,1.6908212560386544
2026-05-14,4.24,4.29,4.16,4.18,876112134.0,3732635812.0,36341663692.0,0.02410765069604838,-0.010000000000000675,-0.23866348448688957,3.1026252983293525
2026-05-15,4.18,4.2,4.09,4.11,821594531.0,3418420930.0,36341663692.0,0.022607510155922224,-0.0699999999999994,-1.6746411483253398,2.631578947368429
2026-05-18,4.09,4.19,4.05,4.17,839958701.0,3511996412.0,36341663692.0,0.02311283016976745,0.05999999999999961,1.4598540145985384,3.4063260340632744
2026-05-19,4.16,4.28,4.14,4.27,880105122.0,3740643042.0,36341663692.0,0.024217524256979466,0.09999999999999964,2.3980815347721673,3.357314148681069
2026-05-20,4.25,4.27,4.2,4.22,571778743.0,2440830457.0,36341663692.0,0.015733422328870084,-0.04999999999999982,-1.1709601873536313,1.6393442622950678
2026-05-21,4.65,4.65,4.65,4.65,1036009956.0,4858886694.0,36341663692.0,0.028507499402897728,0.4300000000000006,10.18957345971565,0.0
2026-05-22,4.66,5.12,4.43,5.12,6011059197.0,29162865532.0,36341663692.0,0.1654040730755877,0.46999999999999975,10.10752688172043,14.838709677419363
2026-05-25,5.13,5.33,5.02,5.23,4308875818.0,22498860486.0,36341663692.0,0.11856572815483199,0.11000000000000032,2.1484375,6.05468750000001
2026-05-26,5.18,5.75,5.14,5.72,5137725121.0,28645747449.0,36341663692.0,0.14137286516497546,0.4899999999999993,9.369024856596543,11.66347992351817
2026-05-27,5.75,6.04,5.48,5.67,5018521556.0,29012705322.0,36341663692.0,0.1380927851441414,-0.04999999999999982,-0.8741258741258751,9.790209790209783
2026-05-28,5.67,5.73,5.46,5.63,3285486853.0,18529038148.0,36341663692.0,0.09040551585213322,-0.040000000000000036,-0.7054673721340388,4.76190476190477
2026-05-29,5.58,5.59,5.07,5.07,3625385864.0,19135809571.0,36341663692.0,0.0997583901145964,-0.5599999999999996,-9.94671403197157,9.236234458259318
2026-06-01,5.08,5.54,5.08,5.32,3386887593.0,18297384714.0,36341663692.0,0.09319572218003783,0.25,4.930966469428011,9.072978303747533
2026-06-02,5.27,5.49,5.07,5.42,3025845529.0,16146951841.0,36341663692.0,0.08326106241707609,0.09999999999999964,1.8796992481203034,7.894736842105261
2026-06-03,5.53,5.87,5.48,5.54,3679758381.0,20984987698.0,36341663692.0,0.10125453837739509,0.1200000000000001,2.2140221402213944,7.195571955719552
2026-06-04,5.64,6.1,5.64,6.1,3322998819.0,19950265964.0,36341663692.0,0.09143771862407889,0.5599999999999996,10.10830324909746,8.303249097472923
2026-06-05,6.06,6.71,5.96,6.38,5504115519.0,35684789249.0,36341663692.0,0.15145469303904316,0.28000000000000025,4.590163934426239,12.295081967213116
2026-06-08,6.43,6.68,6.17,6.24,4599875918.0,29701641889.0,36342145617.0,0.1265713908715474,-0.13999999999999968,-2.1943573667711602,7.9937304075235085
2026-06-09,6.44,6.58,6.09,6.47,4003164716.0,25595961243.0,35367134117.0,0.11318883522642537,0.22999999999999954,3.685897435897423,7.852564102564105
2026-06-10,6.29,6.33,5.89,5.98,3228480444.0,19645901373.0,35367134117.0,0.09128476266467288,-0.4899999999999993,-7.573415765069546,6.800618238021644
2026-06-11,5.95,6.07,5.65,5.78,3299682855.0,19435833039.0,35367134117.0,0.09329799932570544,-0.20000000000000018,-3.3444816053511683,7.023411371237456
2026-06-12,5.9,5.96,5.51,5.52,2914643393.0,16741278096.0,35367134117.0,0.08241107077994798,-0.2600000000000007,-4.498269896193785,7.785467128027684
2026-06-15,5.69,5.96,5.68,5.87,2992830668.0,17610050750.0,35367134117.0,0.08462180334146524,0.35000000000000053,6.340579710144945,5.072463768115947
2026-06-16,5.88,6.18,5.81,6.05,2602837228.0,15822472936.0,35367134117.0,0.07359480186857686,0.17999999999999972,3.066439522998299,6.303236797274278
2026-06-17,6.01,6.65,6.0,6.65,1855020550.0,12134264342.0,35367134117.0,0.0524504061839815,0.6000000000000005,9.917355371900838,10.743801652892568
2026-06-18,6.86,6.93,6.49,6.55,4003242676.0,26654280034.0,35367134117.0,0.113191039532823,-0.10000000000000053,-1.5037593984962516,6.616541353383451
