date,open,high,low,close,volume,amount,outstanding_share,turnover,change,pct_chg,amplitude
2023-03-06,13.2,13.24,12.86,12.95,6664562.0,129202522.0,194251429.0,0.03430894709145228,,,
2023-03-07,12.88,12.94,12.57,12.57,8182360.0,155396141.0,194251429.0,0.04212252152852888,-0.379999999999999,-2.934362934362922,2.857142857142851
2023-03-08,12.55,12.76,12.49,12.72,4924250.0,92774505.0,194251429.0,0.02534987786370416,0.15000000000000036,1.1933174224343812,2.147971360381858
2023-03-09,12.71,12.72,12.44,12.58,4795635.0,89679276.0,194251429.0,0.024687772052374452,-0.14000000000000057,-1.1006289308176154,2.201257861635229
2023-03-10,12.47,12.61,12.35,12.35,5325718.0,99182888.0,194251429.0,0.027416621990461652,-0.23000000000000043,-1.8282988871224148,2.0667726550079477
2023-03-13,12.22,12.57,12.18,12.55,5146056.0,95081153.0,194251429.0,0.02649172789354358,0.20000000000000107,1.619433198380582,3.15789473684211
2023-03-14,12.53,12.57,12.14,12.35,5130441.0,94414869.0,194251429.0,0.026411342384513422,-0.20000000000000107,-1.5936254980079778,3.426294820717129
2023-03-15,12.53,12.53,12.28,12.31,3867138.0,71289153.0,194251429.0,0.01990789987959368,-0.03999999999999915,-0.32388663967610754,2.0242914979757085
2023-03-16,12.2,12.54,12.14,12.28,4459208.0,81881008.0,194251429.0,0.022955856865279484,-0.030000000000001137,-0.2437043054427379,3.249390739236382
2023-03-17,12.51,13.2,12.49,13.12,17613146.0,338694024.0,194251429.0,0.09067189925279777,0.8399999999999999,6.84039087947883,5.781758957654716
2023-03-20,13.21,14.44,13.2,14.02,33480047.0,689246074.0,194251429.0,0.17235418638799305,0.9000000000000004,6.859756097560976,9.451219512195125
2023-03-21,13.75,15.43,13.75,15.3,52134132.0,1162911092.0,194251429.0,0.2683848055501306,1.2800000000000011,9.129814550641946,11.982881597717544
2023-03-22,15.03,16.83,15.03,16.83,43872913.0,1056993201.0,194251429.0,0.2258563204701058,1.5299999999999976,9.999999999999986,11.764705882352935
2023-03-23,16.24,17.4,16.1,16.81,37730736.0,935238906.0,196946819.0,0.19157829606783341,-0.019999999999999574,-0.11883541295305555,7.7243018419488845
2023-03-24,16.81,17.44,16.4,17.22,36955448.0,931048823.0,196946819.0,0.18764176130207008,0.41000000000000014,2.4390243902439046,6.1867935752528425
2023-03-27,16.77,17.16,16.38,16.85,23358755.0,584444819.0,196946819.0,0.11860437816972307,-0.36999999999999744,-2.1486643437862774,4.529616724738683
2023-03-28,16.75,16.75,15.45,15.57,26559270.0,635235484.0,196946819.0,0.13485503413995226,-1.2800000000000011,-7.596439169139469,7.715133531157274
2023-03-29,15.77,16.16,15.54,15.65,16411184.0,387992300.0,196946819.0,0.08332799729047667,0.08000000000000007,0.5138086062941527,3.982016698779711
2023-03-30,15.8,15.97,15.29,15.39,11708618.0,270386042.0,196946819.0,0.05945065809872258,-0.2599999999999998,-1.6613418530351476,4.345047923322693
2023-03-31,15.66,15.77,15.18,15.67,13566594.0,313927154.0,196946819.0,0.06888455507372272,0.27999999999999936,1.8193632228719947,3.833658219623131
2023-04-03,15.7,15.86,15.02,15.75,17980592.0,414899040.0,196946819.0,0.09129668654358922,0.08000000000000007,0.51052967453733,5.36056158264199
2023-04-04,15.76,15.77,14.83,15.18,21570133.0,489089478.0,196946819.0,0.10952262701942904,-0.5700000000000003,-3.6190476190476217,5.968253968253965
2023-04-06,15.07,15.28,14.83,15.12,13981556.0,313776650.0,196946819.0,0.07099152995205268,-0.0600000000000005,-0.39525691699605625,2.964426877470351
2023-04-07,15.09,15.72,14.75,15.58,22697240.0,497887613.0,196946819.0,0.11524552727099391,0.46000000000000085,3.0423280423280463,6.41534391534392
2023-04-10,15.35,15.74,14.68,14.74,24045186.0,521669360.0,196946819.0,0.12208974037808654,-0.8399999999999999,-5.391527599486523,6.803594351732994
2023-04-11,14.74,15.7,14.63,15.56,24547944.0,538897770.0,196946819.0,0.12464250057270537,0.8200000000000003,5.563093622795123,7.259158751696054
2023-04-12,15.85,17.12,15.82,16.74,34680344.0,817280116.0,196946819.0,0.17608989155595348,1.179999999999998,7.583547557840609,8.354755784061702
2023-04-13,16.93,18.11,16.9,17.86,36991094.0,932927407.0,196946819.0,0.1878227543243539,1.120000000000001,6.690561529271211,7.228195937873363
2023-04-14,17.47,17.82,16.07,16.54,38581919.0,915113042.0,196946819.0,0.19590018866971393,-1.3200000000000003,-7.390817469204924,9.798432250839866
2023-04-17,16.39,16.39,15.64,15.94,21654601.0,493681166.0,196946819.0,0.10995151437302474,-0.5999999999999996,-3.6275695284159637,4.534461910519952
2023-04-18,16.0,17.53,15.68,17.53,19289574.0,466100911.0,196946819.0,0.0979430594408331,1.5900000000000016,9.974905897114184,11.606022584692607
2023-04-19,18.24,19.29,17.88,19.29,46692422.0,1261485276.0,196946819.0,0.23708137169760532,1.759999999999998,10.039931545921267,8.043354249857387
2023-04-20,19.48,19.66,18.33,19.39,46304447.0,1258986589.0,196946819.0,0.23511142365797744,0.10000000000000142,0.5184033177812353,6.89476412649042
2023-04-21,18.67,19.13,18.09,18.26,27035562.0,717947035.0,196946819.0,0.13727341288005265,-1.129999999999999,-5.8277462609592545,5.363589479112941
2023-04-24,18.18,19.04,18.11,18.35,24565107.0,651432769.0,196946819.0,0.1247296459253805,0.08999999999999986,0.4928806133625452,5.093099671412923
2023-04-25,18.73,20.19,18.18,20.19,34125836.0,929212941.0,196946819.0,0.17327437007246102,1.8399999999999999,10.027247956403261,10.953678474114449
2023-04-26,22.21,22.21,22.21,22.21,12984746.0,412655228.0,196946819.0,0.06593021438949974,2.0199999999999996,10.004952947003453,0.0
2023-04-27,23.06,24.31,21.36,21.67,58971024.0,1935464782.0,196946819.0,0.29942613086835385,-0.5399999999999991,-2.4313372354795137,13.28230526789734
2023-04-28,21.35,23.84,21.2,23.84,32501187.0,1061205740.0,196946819.0,0.16502519393319068,2.169999999999998,10.013844023996299,12.18274111675127
2023-05-04,24.63,26.22,24.63,26.22,33940801.0,1257764259.0,196946819.0,0.17233485248624403,2.379999999999999,9.983221476510074,6.669463087248322
2023-05-05,26.97,28.84,26.91,28.84,26809540.0,1094344696.0,196946819.0,0.1361257832755349,2.620000000000001,9.992372234935164,7.360793287566743
2023-05-08,29.9,31.72,27.47,29.97,42923824.0,1799846602.0,196946819.0,0.21794626700723713,1.129999999999999,3.9181692094313325,14.736477115117891
2023-05-09,30.3,32.85,30.27,32.22,34884070.0,1573885268.0,196946819.0,0.17712431293444755,2.25,7.507507507507505,8.608608608608614
2023-05-10,31.24,31.81,29.0,29.0,35602615.0,1526089663.0,196946819.0,0.1807727343897847,-3.219999999999999,-9.993792675356916,8.721291123525758
2023-05-11,29.44,30.51,27.61,28.58,32158549.0,1333235358.0,196946819.0,0.16328544509266738,-0.4200000000000017,-1.4482758620689706,10.000000000000007
2023-05-12,28.77,29.54,27.61,27.92,22692246.0,924716992.0,196946819.0,0.1152201701719285,-0.6599999999999966,-2.309307207837641,6.752974107767669
2023-05-15,27.68,27.95,25.13,26.42,33651711.0,1261342578.0,196946819.0,0.17086699430265995,-1.5,-5.372492836676212,10.10028653295129
2023-05-16,26.28,28.32,26.28,26.85,26824027.0,1050630560.0,196946819.0,0.13619934120388102,0.4299999999999997,1.627554882664639,7.721423164269489
2023-05-17,25.93,29.53,25.93,29.53,10132312.0,415599984.0,196946819.0,0.051446944162119215,2.6799999999999997,9.981378026070754,13.407821229050285
2023-05-18,31.09,31.17,28.98,30.25,31189592.0,1349597432.0,196946819.0,0.15836555349492595,0.7199999999999989,2.438198442262096,7.416186928547244
2023-05-19,29.93,30.08,27.61,28.23,22690935.0,932189667.0,196946819.0,0.11521351355261036,-2.0199999999999996,-6.677685950413226,8.165289256198344
2023-05-22,28.65,28.83,26.19,26.87,20669204.0,797929713.0,196946819.0,0.10494814846438318,-1.3599999999999994,-4.817569961034362,9.35175345377257
2023-05-23,26.68,29.56,26.35,28.31,32064328.0,1294125271.0,196946819.0,0.16280703675645555,1.4399999999999977,5.359136583550428,11.946408634164484
2023-05-24,28.09,29.35,27.34,28.86,28478756.0,1160223148.0,196946819.0,0.14460124892903195,0.5500000000000007,1.9427764040975015,7.099964676792658
2023-05-25,28.09,28.99,25.98,26.53,29439880.0,1122409982.0,196946819.0,0.14948136836878792,-2.3299999999999983,-8.073458073458074,10.429660429660423
2023-05-26,25.37,28.51,25.05,27.73,30241227.0,1169113070.0,196946819.0,0.15355021804134852,1.1999999999999993,4.523181304183943,13.041839427063703
2023-05-29,28.1,30.45,27.68,27.85,28548768.0,1187075021.0,196946819.0,0.1449567357571792,0.120000000000001,0.43274432023079346,9.98918139199423
2023-05-30,27.98,30.03,27.05,29.02,28883716.0,1187309444.0,196946819.0,0.1466574385240515,1.1699999999999982,4.201077199281866,10.700179533213646
2023-05-31,29.32,31.92,27.81,29.37,49202389.0,2087447381.0,196946819.0,0.24982576133915624,0.3500000000000014,1.2060647829083448,14.16264645072365
2023-06-01,27.95,30.12,26.91,29.82,38400727.0,1574912194.0,196946819.0,0.19498018396529673,0.4499999999999993,1.532175689479054,10.929519918283965
2023-06-02,29.53,32.8,29.04,32.8,55772796.0,2566747589.0,196946819.0,0.2831870871699634,2.979999999999997,9.993293091884636,12.608987256874574
2023-06-05,32.18,32.18,30.06,31.38,44144575.0,1962842059.0,196946819.0,0.22414464587011176,-1.4199999999999982,-4.32926829268292,6.4634146341463445
2023-06-06,30.54,30.72,29.57,29.72,24241607.0,1044464491.0,196946819.0,0.12308707052536857,-1.6600000000000001,-5.2899936265137,3.664754620777561
2023-06-07,29.35,30.82,29.11,30.26,24128192.0,1044273473.0,196946819.0,0.122511204407927,0.5400000000000027,1.816958277254388,5.753701211305521
2023-06-08,28.77,29.28,27.23,27.23,32153962.0,1273227666.0,196946819.0,0.16326215454132315,-3.030000000000001,-10.01321877065433,6.77461996034369
2023-06-09,26.56,27.91,26.4,27.49,22000001.0,855190498.0,196946819.0,0.11170528730398027,0.259999999999998,0.9548292324641938,5.545354388542055
2023-06-12,27.49,27.95,26.91,26.98,18313031.0,716184533.0,196946819.0,0.09298464983077488,-0.509999999999998,-1.8552200800290963,3.7831938886867924
2023-06-13,26.4,27.54,26.21,27.47,16304312.0,631158755.0,196946819.0,0.0827853533394718,0.48999999999999844,1.8161601186063692,4.929577464788726
2023-06-14,27.26,29.6,26.79,29.27,30831132.0,1253712618.0,196946819.0,0.15654546824643054,1.8000000000000007,6.552602839461241,10.229341099381152
2023-06-15,29.36,30.6,28.35,28.52,27063248.0,1143930159.0,196946819.0,0.13741398890022183,-0.75,-2.5623505295524374,7.6870515886573285
2023-06-16,28.53,29.94,27.68,29.0,24270959.0,1010883276.0,196946819.0,0.12323610568191,0.4800000000000004,1.6830294530154388,7.924263674614311
2023-06-19,29.0,30.25,27.94,28.28,22514697.0,919963032.0,196946819.0,0.11431866284674544,-0.7199999999999989,-2.4827586206896513,7.965517241379307
2023-06-20,27.95,31.11,27.54,30.25,36155932.0,1522722221.0,196946819.0,0.18358220855549842,1.9699999999999989,6.9660537482319596,12.623762376237623
2023-06-21,31.27,33.27,29.77,31.85,56298828.0,2589117089.0,196946819.0,0.28585802139815214,1.6000000000000014,5.289256198347103,11.570247933884309
2023-06-26,29.32,29.69,28.67,28.67,20261800.0,834291619.0,196946819.0,0.10287954942801082,-3.1799999999999997,-9.984301412872842,3.202511773940344
2023-06-27,27.66,28.86,26.56,27.88,25212837.0,1004202439.0,196946819.0,0.12801850330976913,-0.7900000000000027,-2.7554935472619557,8.022322985699338
2023-06-28,27.54,28.49,25.91,27.77,22460520.0,868745105.0,196946819.0,0.11404357843423711,-0.10999999999999943,-0.39454806312768653,9.25394548063127
2023-06-29,27.42,29.0,27.26,28.35,19769752.0,803751539.0,196946819.0,0.10038116939578497,0.5800000000000018,2.0885848037450527,6.26575441123514
2023-06-30,28.34,28.74,27.58,27.95,15213209.0,609283237.0,197343144.0,0.07709013189736148,-0.40000000000000213,-1.4109347442680886,4.091710758377425
2023-07-03,27.68,27.95,25.16,25.86,25156594.0,935321252.0,197343144.0,0.12747640222048962,-2.09,-7.4776386404293405,9.982110912343467
2023-07-04,25.54,26.67,25.47,26.54,15560056.0,582130951.0,197343144.0,0.07884771512508182,0.6799999999999997,2.629543696829084,4.640371229698387
2023-07-05,26.44,27.22,26.34,26.42,11710330.0,449000978.0,197343144.0,0.059339938356307936,-0.11999999999999744,-0.45214770158250595,3.3157498116051203
2023-07-06,26.26,27.05,25.91,26.44,9357751.0,355286075.0,197343144.0,0.04741867799572505,0.019999999999999574,0.07570022710068347,4.314912944738836
2023-07-07,26.21,26.7,24.89,25.96,11252270.0,415583089.0,197343144.0,0.057018803754337676,-0.4800000000000004,-1.8154311649016708,6.8456883509833535
2023-07-10,25.96,26.8,25.72,26.76,10107116.0,382599479.0,197343144.0,0.05121594698014946,0.8000000000000007,3.081664098613257,4.160246533127896
2023-07-11,26.76,26.76,25.33,26.57,9627365.0,361724397.0,197343144.0,0.04878489723463613,-0.19000000000000128,-0.710014947683113,5.343796711509728
2023-07-12,26.32,26.93,24.24,24.32,19422842.0,702498550.0,197343144.0,0.0984216710361116,-2.25,-8.468197214904027,10.124200225818598
2023-07-13,24.76,25.02,24.14,24.59,12962753.0,455389769.0,197343144.0,0.06568636101186266,0.2699999999999996,1.1101973684210398,3.6184210526315748
2023-07-14,24.84,26.27,24.84,25.89,15581410.0,574818518.0,197343144.0,0.07895592258325428,1.3000000000000007,5.286701911346081,5.815372102480683
2023-07-17,25.82,25.82,24.7,25.08,10118793.0,362849201.0,197343144.0,0.05127511802487549,-0.8100000000000023,-3.128621089223649,4.325994592506762
2023-07-18,25.05,25.23,24.41,24.75,5573670.0,198179720.0,197343144.0,0.02824354516212633,-0.3299999999999983,-1.3157894736842035,3.2695374800637973
2023-07-19,25.3,26.88,25.2,25.82,13442556.0,498113192.0,197343144.0,0.06811767425778927,1.0700000000000003,4.323232323232329,6.787878787878787
2023-07-20,25.85,27.51,25.84,26.12,23099954.0,878768884.0,197343144.0,0.11705475818303573,0.3000000000000007,1.161890007745936,6.467854376452369
2023-07-21,26.12,26.21,24.32,24.9,16047771.0,577568827.0,197343144.0,0.08131912097235058,-1.2200000000000024,-4.670750382848398,7.235834609494642
2023-07-24,25.2,27.39,25.16,27.39,22385868.0,862853977.0,197343144.0,0.1134362590270681,2.490000000000002,10.000000000000009,8.955823293172694
2023-07-25,27.99,28.48,27.35,27.62,26976663.0,1074419690.0,197343144.0,0.13669926632971854,0.23000000000000043,0.8397225264695107,4.125593282219785
2023-07-26,27.65,28.07,26.61,27.04,18890718.0,733368836.0,197343144.0,0.09572523076859463,-0.5800000000000018,-2.0999275887038427,5.286024619840698
2023-07-27,26.63,27.17,25.47,25.72,14298461.0,534903959.0,197343144.0,0.07245481505047878,-1.3200000000000003,-4.8816568047337245,6.286982248520721
2023-07-28,25.7,25.7,24.91,25.27,9380129.0,339498928.0,197343144.0,0.047532074385112665,-0.4499999999999993,-1.749611197511658,3.071539657853807
2023-07-31,25.08,25.39,24.63,24.96,11563320.0,413690337.0,197343144.0,0.05859499228409982,-0.3099999999999987,-1.2267510882469246,3.0075187969924873
2023-08-01,25.15,25.15,22.92,24.21,17706120.0,600263738.0,197343144.0,0.08972249879630985,-0.75,-3.004807692307687,8.93429487179486
2023-08-02,23.81,23.99,23.62,23.89,7049149.0,239938940.0,197343144.0,0.03572026297503399,-0.3200000000000003,-1.321767864518797,1.5282940933498448
2023-08-03,23.89,24.3,23.54,23.68,6985630.0,238692074.0,197343144.0,0.03539839215290905,-0.21000000000000085,-0.8790288823775638,3.1812473838426185
2023-08-04,23.68,24.32,23.51,24.15,9131130.0,314830872.0,197343144.0,0.046270317858116215,0.46999999999999886,1.9847972972973027,3.420608108108103
2023-08-07,24.15,24.8,24.05,24.29,8436027.0,294885376.0,197343144.0,0.04274801155493905,0.14000000000000057,0.5797101449275477,3.1055900621118013
2023-08-08,24.11,24.43,23.61,23.67,6174367.0,211033238.0,197343144.0,0.03128746646501183,-0.6199999999999974,-2.5524907369287697,3.375874845615481
2023-08-09,23.57,24.0,22.8,23.0,7786418.0,259145460.0,197343144.0,0.03945623770947928,-0.6700000000000017,-2.8305872412336397,5.06970849176172
2023-08-10,22.9,23.14,22.64,22.9,5579901.0,182833587.0,197343144.0,0.028275119605877974,-0.10000000000000142,-0.43478260869566077,2.1739130434782608
2023-08-11,22.84,22.9,22.13,22.23,6300750.0,202200815.0,197343144.0,0.03192788901751763,-0.6699999999999982,-2.925764192139735,3.3624454148471603
2023-08-14,22.21,24.11,21.8,23.76,12204772.0,401943714.0,197343144.0,0.061845432035885675,1.5300000000000011,6.882591093117418,10.391363022941965
2023-08-15,24.01,24.03,23.07,23.17,6707517.0,223426991.0,197343144.0,0.03398910579837524,-0.5899999999999999,-2.483164983164987,4.040404040404043
2023-08-16,23.04,23.26,22.63,22.92,4549918.0,149447383.0,197343144.0,0.023055870641242038,-0.25,-1.0789814415192112,2.71903323262841
2023-08-17,22.73,23.26,22.43,22.96,5497918.0,179986813.0,197343144.0,0.027859685867779628,0.03999999999999915,0.17452006980802626,3.6212914485165872
2023-08-18,23.07,23.31,22.03,22.03,6217750.0,200389638.0,197343144.0,0.0315073018194136,-0.9299999999999997,-4.050522648083621,5.574912891986052
2023-08-21,22.04,22.59,21.89,21.92,4711550.0,149605457.0,197343144.0,0.023874911002735418,-0.10999999999999943,-0.49931911030413056,3.1774852473899196
2023-08-22,22.08,23.62,21.81,23.42,10390096.0,338005553.0,197343144.0,0.05264989595990221,1.5,6.84306569343065,8.257299270073002
2023-08-23,23.19,23.24,21.97,22.01,7445360.0,238475687.0,197343144.0,0.03772798917199779,-1.4100000000000001,-6.02049530315969,5.422715627668657
2023-08-24,22.12,23.32,22.12,22.8,8700800.0,283289834.0,197343144.0,0.04408969991883782,0.7899999999999991,3.5892776010904015,5.4520672421626495
2023-08-25,22.52,22.53,21.53,21.81,7229040.0,227166636.0,197343144.0,0.03663182745279461,-0.990000000000002,-4.342105263157903,4.385964912280701
2023-08-28,23.43,23.57,21.97,22.19,5762950.0,185086968.0,197343144.0,0.029202686666429112,0.38000000000000256,1.7423200366804226,7.336084364970204
2023-08-29,21.88,23.89,21.8,23.5,13234364.0,441012977.0,197343144.0,0.06706269968010645,1.3099999999999987,5.903560162235233,9.418657052726452
2023-08-30,23.41,24.6,23.41,24.44,13091542.0,452811062.0,197343144.0,0.06633897552579784,0.9400000000000013,4.0000000000000036,5.063829787234049
2023-08-31,24.87,24.89,22.85,23.66,16420008.0,557448908.0,197343144.0,0.08320536334416563,-0.7800000000000011,-3.1914893617021267,8.346972176759406
2023-09-01,23.66,23.72,22.52,22.71,10380431.0,341928266.0,197343144.0,0.05260092035424347,-0.9499999999999993,-4.015215553677088,5.071851225697376
2023-09-04,22.75,22.75,21.66,22.29,11588712.0,366856296.0,197343144.0,0.05872366156282582,-0.4200000000000017,-1.8494055482166538,4.799647732276529
2023-09-05,22.28,22.28,21.66,21.88,8487593.0,265597303.0,197343144.0,0.04300931275322136,-0.41000000000000014,-1.8393898609241788,2.7815163750560834
2023-09-06,21.85,21.85,20.83,21.0,11644920.0,353522847.0,197343144.0,0.05900848524030812,-0.879999999999999,-4.021937842778788,4.661791590493616
2023-09-07,20.97,21.47,20.76,20.97,7804394.0,235024761.0,197343144.0,0.039547327775420464,-0.030000000000001137,-0.14285714285714457,3.380952380952368
2023-09-08,20.64,20.71,20.09,20.34,7806807.0,226755651.0,197343144.0,0.039559555208059316,-0.629999999999999,-3.0042918454935563,2.9566046733428757
2023-09-11,20.33,20.86,20.2,20.54,7610786.0,223463067.0,197343144.0,0.0385662549290286,0.1999999999999993,0.9832841691248762,3.244837758112095
2023-09-12,20.43,20.59,20.27,20.37,3779465.0,110366071.0,197343144.0,0.019151742104605365,-0.16999999999999815,-0.8276533592989188,1.5579357351509264
2023-09-13,20.27,20.37,19.76,19.99,5165996.0,147814253.0,197343144.0,0.026177732325983416,-0.38000000000000256,-1.8654884634266233,2.9945999018163936
2023-09-14,19.95,20.08,19.53,19.67,4453654.0,125650512.0,197343144.0,0.0225680705684916,-0.31999999999999673,-1.6008004002000864,2.751375687843908
2023-09-15,19.68,19.97,19.53,19.65,4471613.0,126188554.0,197343144.0,0.022659074490066905,-0.020000000000003126,-0.10167768174886849,2.236908998474823
2023-09-18,19.65,19.81,19.45,19.75,3723943.0,105031939.0,197343144.0,0.01887039460565197,0.10000000000000142,0.5089058524173184,1.8320610687022874
2023-09-19,19.74,19.75,19.32,19.4,3739584.0,104070222.0,197343144.0,0.0189496524895742,-0.3500000000000014,-1.7721518987341867,2.1772151898734164
2023-09-20,19.42,19.9,19.34,19.39,5042733.0,141440202.0,197343144.0,0.025553119798273814,-0.00999999999999801,-0.051546391752566034,2.8865979381443236
2023-09-21,19.25,19.53,19.16,19.29,3374176.0,93319092.0,197343144.0,0.017098014816263392,-0.10000000000000142,-0.5157297576070197,1.9082001031459566
2023-09-22,19.22,20.83,19.19,20.64,13621659.0,394663510.0,197343144.0,0.06902524569082573,1.3500000000000014,6.998444790046654,8.50181441161222
2023-09-25,20.67,21.01,20.46,20.53,7457804.0,221077941.0,197343144.0,0.03779104684781955,-0.10999999999999943,-0.5329457364341095,2.664728682170546
2023-09-26,20.62,22.59,20.62,22.59,20235840.0,639690326.0,197343144.0,0.10254138851664388,2.0599999999999987,10.034096444227947,9.59571358986848
2023-09-27,22.02,22.94,22.0,22.64,20958497.0,675041907.0,197343144.0,0.10620331963496031,0.05000000000000071,0.2213368747233213,4.161133244798589
2023-09-28,22.9,23.29,22.39,22.64,13048563.0,423873363.0,197343144.0,0.06612118736691455,0.0,0.0,3.975265017667838
2023-10-09,22.64,22.64,21.83,21.99,8910983.0,281390842.0,198146591.99999997,0.04497166925787955,-0.6500000000000021,-2.8710247349823415,3.5777385159010704
2023-10-10,22.05,22.34,21.85,21.94,5985260.0,189021539.0,198146591.99999997,0.03020622227002522,-0.04999999999999716,-0.22737608003636778,2.228285584356519
2023-10-11,22.09,22.35,21.48,21.66,8947900.0,279928181.0,198146591.99999997,0.04515798081452747,-0.28000000000000114,-1.2762078395624488,3.965360072926167
2023-10-12,21.98,22.04,21.04,21.15,8805800.0,268736591.0,198146591.99999997,0.04444083499553705,-0.5100000000000016,-2.3545706371191244,4.616805170821791
2023-10-13,20.97,20.97,19.57,19.85,10490783.0,301970691.0,198146591.99999997,0.05294455430250348,-1.2999999999999972,-6.146572104018899,6.619385342789593
2023-10-16,19.92,20.04,19.57,19.68,5814163.0,164031280.0,198146591.99999997,0.02934273530175074,-0.1700000000000017,-0.8564231738035333,2.367758186397979
2023-10-17,19.77,19.9,19.22,19.59,5245699.0,146120035.0,198146591.99999997,0.026473829032598255,-0.08999999999999986,-0.45731707317072656,3.455284552845527
2023-10-18,19.27,19.42,18.65,19.02,5778825.0,156603346.0,198146591.99999997,0.029164392592732562,-0.5700000000000003,-2.9096477794793296,3.9305768249106845
2023-10-19,18.87,19.29,18.76,18.87,5135887.0,139840500.0,198146591.99999997,0.025919633278376045,-0.14999999999999858,-0.7886435331230235,2.7865404837013545
2023-10-20,18.74,19.08,18.38,18.42,5184839.0,138268893.0,198146591.99999997,0.026166682695203766,-0.4499999999999993,-2.38473767885532,3.7095919448860584
2023-10-23,18.17,18.42,17.71,17.78,4760001.0,122590061.0,198146591.99999997,0.024022623613935288,-0.6400000000000006,-3.4744842562432154,3.85450597176982
2023-10-24,17.96,19.55,17.95,19.55,8530704.0,233136749.0,198146591.99999997,0.043052489138950226,1.7699999999999996,9.955005624296964,8.998875140607431
2023-10-25,19.89,19.9,18.93,19.16,13671233.0,375826866.0,198146591.99999997,0.06899554951719786,-0.39000000000000057,-1.994884910485939,4.961636828644496
2023-10-26,19.0,19.11,18.59,18.97,9044853.0,243738722.0,198146591.99999997,0.04564728017123808,-0.19000000000000128,-0.9916492693110679,2.7139874739039644
2023-10-27,18.87,19.27,18.6,19.13,10173802.0,276952506.0,198146591.99999997,0.05134482454283141,0.16000000000000014,0.8434370057986307,3.5318924617817515
2023-10-30,18.88,19.16,18.55,19.02,11203289.0,302971821.0,198146591.99999997,0.0565404072152803,-0.10999999999999943,-0.5750130684788246,3.1887088342916856
2023-10-31,19.22,19.66,18.58,19.07,15171775.0,412744927.0,198146591.99999997,0.07656843777560404,0.05000000000000071,0.2628811777076745,5.678233438485814
2023-11-01,18.88,20.73,18.76,20.47,27778956.0,784079974.0,198146591.99999997,0.1401939630634677,1.3999999999999986,7.341373885684321,10.330361824855789
2023-11-02,19.84,20.02,19.49,19.55,17875910.0,503753297.0,198146591.99999997,0.09021558140147069,-0.9199999999999982,-4.494382022471899,2.5891548607718673
2023-11-03,19.67,21.18,19.41,20.34,22198918.0,644262127.0,198146591.99999997,0.11203280246172492,0.7899999999999991,4.040920716112528,9.053708439897695
2023-11-06,21.04,21.83,20.17,21.39,22079102.0,665316046.0,198146591.99999997,0.11142811883436281,1.0500000000000007,5.1622418879056164,8.161258603736462
2023-11-07,21.18,21.94,20.98,21.7,16384323.0,501361484.0,198146591.99999997,0.08268788695593615,0.3099999999999987,1.4492753623188248,4.488078541374478
2023-11-08,21.71,22.4,21.46,21.75,16203867.0,507580186.0,198146591.99999997,0.081777167280273,0.05000000000000071,0.23041474654377225,4.331797235023031
2023-11-09,21.75,23.16,21.62,22.24,15153056.0,488688829.0,198146591.99999997,0.07647396731405808,0.48999999999999844,2.252873563218394,7.080459770114938
2023-11-10,21.79,22.22,21.38,21.44,10359928.0,320746975.0,198146591.99999997,0.05228415939649369,-0.7999999999999972,-3.597122302158262,3.7769784172661867
2023-11-13,21.59,22.57,21.46,22.09,11153642.0,352364510.0,198146591.99999997,0.05628985029427103,0.6499999999999986,3.031716417910446,5.177238805970146
2023-11-14,21.94,22.12,21.53,21.98,8323981.0,259321305.0,198146591.99999997,0.04200920599229888,-0.10999999999999943,-0.49796287913083104,2.67089180624717
2023-11-15,22.14,22.2,21.56,21.64,6503796.0,202754481.0,198146591.99999997,0.03282315347619,-0.33999999999999986,-1.5468607825295688,2.91173794358508
2023-11-16,21.53,21.75,21.09,21.34,5040586.0,155159023.0,198146591.99999997,0.02543867118340345,-0.3000000000000007,-1.3863216266173817,3.049907578558226
2023-11-17,21.39,22.46,21.36,22.04,9724249.0,305024724.0,198146591.99999997,0.04907603457545211,0.6999999999999993,3.280224929709452,5.1546391752577385
2023-11-20,21.85,22.94,21.73,22.24,9000014.0,286954109.0,198146591.99999997,0.04542098811368909,0.1999999999999993,0.9074410163339319,5.490018148820331
2023-11-21,22.16,22.43,21.71,21.78,5639218.0,177916026.0,198146591.99999997,0.028459828367878266,-0.4599999999999973,-2.0683453237409943,3.237410071942441
2023-11-22,22.64,23.76,22.24,22.28,17754184.0,581960285.0,198146591.99999997,0.08960125844607009,0.5,2.2956841138659367,6.978879706152448
2023-11-23,22.48,24.4,22.48,23.76,24909665.0,837339986.0,198146591.99999997,0.12571331532161806,1.4800000000000004,6.642728904847406,8.617594254937154
2023-11-24,24.12,24.32,22.16,22.45,17817430.0,583707366.0,198146591.99999997,0.08992044637335979,-1.3100000000000023,-5.513468013468026,9.090909090909092
2023-11-27,21.7,22.13,20.97,21.14,14132197.0,431304014.0,198146591.99999997,0.07132192816114648,-1.3099999999999987,-5.835189309576827,5.167037861915368
2023-11-28,21.22,21.3,20.84,21.22,6626136.0,200089491.0,198146591.99999997,0.033440575147515035,0.0799999999999983,0.37842951750235443,2.1759697256386037
2023-11-29,21.04,22.05,20.78,21.96,10775629.0,332490231.0,198146591.99999997,0.054382106153004144,0.740000000000002,3.4872761545711617,5.98491988689915
2023-11-30,21.79,22.38,21.11,21.32,7213742.0,223282852.0,198146591.99999997,0.036406086661334054,-0.6400000000000006,-2.914389799635708,5.783242258652092
2023-12-01,21.11,23.45,21.08,23.45,24905248.0,818584388.0,198146591.99999997,0.12569102374468294,2.129999999999999,9.9906191369606,11.11632270168856
2023-12-04,23.92,25.22,23.92,24.5,28839507.0,1011394569.0,198146591.99999997,0.14554631855591038,1.0500000000000007,4.47761194029852,5.5437100213219495
2023-12-05,24.62,25.26,23.75,24.17,22254985.0,779661619.0,198146591.99999997,0.11231575963718822,-0.3299999999999983,-1.346938775510198,6.163265306122455
2023-12-06,24.11,24.61,23.41,24.08,13555005.0,464758857.0,198146591.99999997,0.06840897369559605,-0.09000000000000341,-0.37236243276790315,4.964832436905251
2023-12-07,24.8,26.38,24.74,26.03,21237934.0,780555125.0,198146591.99999997,0.10718293857913036,1.9500000000000028,8.098006644518275,6.8106312292358835
2023-12-08,25.68,26.38,25.16,25.44,14910830.0,546036645.0,198146591.99999997,0.07525150874156848,-0.5899999999999999,-2.266615443718789,4.686899731079519
2023-12-11,25.44,25.83,24.73,25.68,11270940.0,407543155.0,198146591.99999997,0.05688182615828185,0.23999999999999844,0.943396226415083,4.3238993710691735
2023-12-12,25.97,26.35,25.33,25.45,11618801.0,428874910.0,198146591.99999997,0.058637400132524116,-0.23000000000000043,-0.8956386292834906,3.971962616822442
2023-12-13,25.16,25.66,24.82,24.85,7160361.0,257488914.0,198146591.99999997,0.03613668510634794,-0.5999999999999979,-2.357563850687616,3.3005893909626716
2023-12-14,24.92,26.0,24.77,24.96,8634660.0,313432087.0,198146591.99999997,0.04357713101621249,0.10999999999999943,0.44265593561367833,4.949698189134811
2023-12-15,24.87,25.51,24.1,25.15,9173969.0,326795796.0,198146591.99999997,0.04629889874664108,0.18999999999999773,0.7612179487179294,5.649038461538462
2023-12-18,25.09,25.27,24.08,24.22,6412122.0,225062557.0,198146591.99999997,0.03236049601095335,-0.9299999999999997,-3.697813121272364,4.731610337972173
2023-12-19,24.32,24.85,24.03,24.47,5695730.0,198887376.0,198146591.99999997,0.028745031355371486,0.25,1.0322047894302244,3.3856317093311326
2023-12-20,24.43,24.45,23.54,23.59,5717627.0,194689351.0,198146591.99999997,0.02885554044754906,-0.879999999999999,-3.59624029423784,3.718839395177769
2023-12-21,23.41,24.6,23.38,24.13,6413599.0,219892593.0,198146591.99999997,0.03236795008818522,0.5399999999999991,2.289105553200499,5.171682916490048
2023-12-22,23.94,24.29,22.71,22.88,8027750.0,266515438.0,198146591.99999997,0.04051419668121267,-1.25,-5.180273518441769,6.547865727310395
2023-12-25,23.03,23.06,22.3,23.03,5090180.0,164663698.0,198146591.99999997,0.025688960625676573,0.15000000000000213,0.6555944055944174,3.3216783216783132
2023-12-26,22.96,22.99,22.01,22.26,4220030.0,134923791.0,198146591.99999997,0.02129751492268916,-0.7699999999999996,-3.3434650455927084,4.255319148936156
2023-12-27,22.28,22.4,21.96,22.18,3599204.0,114065449.0,198146591.99999997,0.018164349755760627,-0.08000000000000185,-0.3593890386343279,1.9766397124887587
2023-12-28,22.15,22.73,21.59,22.58,5517642.0,176345094.0,198146591.99999997,0.027846262427768633,0.3999999999999986,1.8034265103696878,5.139765554553655
2023-12-29,22.36,23.33,22.36,23.15,7777231.0,254992054.0,198146591.99999997,0.03924988525666897,0.5700000000000003,2.524357838795388,4.295837023914964
2024-01-02,23.02,23.4,22.45,22.52,4294674.0,139974553.0,201092308.0,0.02135672936828593,-0.629999999999999,-2.7213822894168405,4.103671706263496
2024-01-03,22.35,22.96,22.1,22.62,4523216.0,146143843.0,201092308.0,0.022493232311998727,0.10000000000000142,0.4440497335701732,3.818827708703372
2024-01-04,22.48,22.71,21.98,22.46,3428509.0,109694383.0,201092308.0,0.01704942886229144,-0.16000000000000014,-0.7073386383731228,3.2272325375773665
2024-01-05,22.43,22.46,21.62,21.71,4164900.0,131235891.0,201092308.0,0.02071138394811203,-0.75,-3.339269813000889,3.7399821905609967
2024-01-08,21.59,21.8,21.19,21.27,3008252.0,92269087.0,201092308.0,0.014959557776819588,-0.4400000000000013,-2.0267157991708973,2.809765085214184
2024-01-09,21.48,21.66,20.94,21.14,3542902.0,107805142.0,201092308.0,0.017618287020704938,-0.129999999999999,-0.611189468735307,3.3850493653032387
2024-01-10,21.07,21.19,20.56,20.65,3105850.0,92505038.0,201092308.0,0.01544489707681907,-0.490000000000002,-2.3178807947019986,2.980132450331138
2024-01-11,20.65,21.44,20.49,21.21,5359510.0,161787095.0,201092308.0,0.026651989095475496,0.5600000000000023,2.7118644067796627,4.600484261501225
2024-01-12,21.14,21.42,20.55,20.55,4609677.0,137107023.0,201092308.0,0.022923189085879904,-0.6600000000000001,-3.111739745403108,4.101838755304106
2024-01-15,20.55,21.06,20.32,20.78,3293023.0,97978028.0,201092308.0,0.0163756785764277,0.23000000000000043,1.119221411192206,3.6009732360097244
2024-01-16,20.79,20.79,19.92,20.29,6086480.0,175969963.0,201092308.0,0.03026709504970225,-0.490000000000002,-2.358036573628497,4.18671799807506
2024-01-17,20.27,20.31,19.71,19.76,4445591.0,127700104.0,201092308.0,0.02210721555794168,-0.5299999999999976,-2.612124199112853,2.9571217348447405
2024-01-18,19.6,20.34,19.34,20.04,8223059.0,233086690.0,201092308.0,0.04089196191432643,0.2799999999999976,1.4170040485829816,5.060728744939271
2024-01-19,20.02,20.47,19.78,19.88,4472000.0,128771106.0,201092308.0,0.022238543306191502,-0.16000000000000014,-0.7984031936127733,3.443113772455079
2024-01-22,19.87,19.99,18.53,18.64,4708889.0,129661904.0,201092308.0,0.023416554550659392,-1.2399999999999984,-6.237424547283698,7.3440643863178945
2024-01-23,18.67,20.19,18.54,19.9,8953224.0,251023374.0,201092308.0,0.04452295609437234,1.259999999999998,6.759656652360513,8.851931330472114
2024-01-24,20.17,20.4,19.29,20.16,8201488.0,233987108.0,201092308.0,0.0407846927690541,0.26000000000000156,1.3065326633165952,5.577889447236179
2024-01-25,20.06,20.69,19.6,20.62,8800591.0,254586099.0,201092308.0,0.04376393651019213,0.46000000000000085,2.281746031746046,5.406746031746032
2024-01-26,20.55,20.61,19.92,20.0,6267120.0,181726046.0,201092308.0,0.031165388981462185,-0.620000000000001,-3.0067895247332777,3.3462657613966913
2024-01-29,19.99,19.99,19.15,19.16,5708022.0,158650816.0,201092308.0,0.028385083729806315,-0.8399999999999999,-4.200000000000004,4.199999999999999
2024-01-30,18.96,19.27,18.53,18.58,3918324.0,105849745.0,201092308.0,0.019485200796442198,-0.5800000000000018,-3.0271398747390488,3.86221294363256
2024-01-31,18.38,18.83,17.48,17.7,4429866.0,115041876.0,201092308.0,0.022029017639003876,-0.879999999999999,-4.736275565123782,7.265877287405802
2024-02-01,17.69,18.74,17.06,17.85,6840315.0,174939680.0,201092308.0,0.034015796367507005,0.15000000000000213,0.847457627118664,9.491525423728813
2024-02-02,17.93,18.17,16.29,16.93,7387885.0,182392364.0,201092308.0,0.03673877471235747,-0.9200000000000017,-5.154061624649864,10.532212885154076
2024-02-05,16.7,16.79,15.24,15.71,7617102.0,173461884.0,201092308.0,0.03787863432349685,-1.2199999999999989,-7.206142941523918,9.155345540460715
2024-02-06,15.72,16.97,15.05,16.7,7849203.0,181169011.0,201092308.0,0.03903283560701884,0.9899999999999984,6.301718650541055,12.221514958625066
2024-02-07,16.6,18.37,16.6,17.73,12485743.0,320833489.0,201092308.0,0.06208961011079549,1.0300000000000011,6.167664670658679,10.59880239520958
2024-02-08,17.73,19.51,17.4,19.39,11517953.0,305489111.0,201092308.0,0.05727694467557655,1.6600000000000001,9.362662154540335,11.90073322053019
2024-02-19,20.5,21.34,20.48,21.34,12481343.0,374192365.0,201092308.0,0.062067729612014795,1.9499999999999993,10.056730273336779,4.435275915420317
2024-02-20,20.91,21.23,20.5,20.88,10557195.0,316122428.0,201092308.0,0.05249924825568166,-0.46000000000000085,-2.1555763823805085,3.420805998125588
2024-02-21,20.55,22.18,20.53,21.23,9852437.0,298921283.0,201092308.0,0.048994599037572334,0.3500000000000014,1.676245210727978,7.902298850574706
2024-02-22,21.24,21.62,20.81,21.46,8779503.0,266812990.0,201092308.0,0.04365906924694504,0.23000000000000043,1.0833725859632715,3.8153556288271417
2024-02-23,22.36,23.24,21.59,22.65,15040414.0,479153232.0,201092308.0,0.07479358186092329,1.1899999999999977,5.545200372786563,7.688723205964579
2024-02-26,22.64,23.04,22.08,22.47,9906783.0,321442444.0,201092308.0,0.04926485303455764,-0.17999999999999972,-0.7947019867549643,4.238410596026494
2024-02-27,22.6,23.41,22.56,23.27,9180001.0,302143727.0,201092308.0,0.0456506819743697,0.8000000000000007,3.5603026257231996,3.7828215398308918
2024-02-28,23.23,23.64,21.53,21.62,9545124.0,310078055.0,201092308.0,0.047466380464438254,-1.6499999999999986,-7.090674688440046,9.067468844005154
2024-02-29,21.04,22.67,21.04,22.66,8473584.0,269981492.0,201092308.0,0.04213778281365193,1.0399999999999991,4.810360777058276,7.539315448658661
2024-03-01,22.59,24.92,22.38,24.92,22176078.0,773617827.0,201092308.0,0.11027810173624343,2.2600000000000016,9.973521624007065,11.20917917034423
2024-03-04,25.02,25.02,23.61,24.3,17502376.0,603949163.0,201092308.0,0.08703652652890134,-0.620000000000001,-2.487961476725531,5.658105939004816
2024-03-05,24.07,25.86,23.37,24.87,17619476.0,619235546.0,201092308.0,0.0876188461669056,0.5700000000000003,2.3456790123456805,10.246913580246906
2024-03-06,24.53,25.17,23.76,24.24,9970300.0,346658891.0,201092308.0,0.049580712952978785,-0.6300000000000026,-2.533172496984326,5.669481302774428
2024-03-07,24.31,24.37,23.22,23.22,7842108.0,266043268.0,201092308.0,0.03899755330273498,-1.0199999999999996,-4.207920792079212,4.744224422442253
2024-03-08,23.22,24.08,23.14,23.87,6069691.0,205165041.0,201092308.0,0.030183606028332022,0.6500000000000021,2.7993109388458226,4.0482342807924105
2024-03-11,23.61,24.52,23.33,24.42,7351477.0,254095310.0,201092308.0,0.036557723530628534,0.5500000000000007,2.304147465437789,4.985337243401765
2024-03-12,24.43,24.7,24.08,24.13,6674763.0,232311879.0,201092308.0,0.033192532655202306,-0.2900000000000027,-1.1875511875511946,2.538902538902543
2024-03-13,24.32,25.51,24.12,24.8,9523970.0,337826618.0,201092308.0,0.047361184993709456,0.6700000000000017,2.776626605884802,5.7604641525072555
2024-03-14,24.6,24.74,23.83,24.24,5423091.0,188134121.0,201092308.0,0.026968167275697088,-0.5600000000000023,-2.2580645161290436,3.669354838709678
2024-03-15,24.24,24.62,23.94,24.57,4234379.0,147333648.0,201092308.0,0.021056891942381008,0.33000000000000185,1.3613861386138737,2.8052805280528044
2024-03-18,24.52,24.92,23.97,24.86,5971805.0,209718276.0,201092308.0,0.029696834550230533,0.28999999999999915,1.1803011803011687,3.866503866503878
2024-03-19,24.94,25.4,24.67,24.87,7438545.0,267066574.0,201092308.0,0.036990698818773315,0.010000000000001563,0.04022526146421068,2.9364440868865525
2024-03-20,24.46,26.15,24.39,26.0,11791822.0,431875384.0,201092308.0,0.05863885156661487,1.129999999999999,4.543626859670291,7.076799356654595
2024-03-21,25.8,26.79,25.72,26.4,10388871.0,391000978.0,201092308.0,0.05166219982914513,0.3999999999999986,1.538461538461533,4.115384615384617
2024-03-22,26.3,26.4,25.52,25.94,4914944.0,182044911.0,201092308.0,0.02444123322708097,-0.4599999999999973,-1.7424242424242342,3.33333333333333
2024-03-25,25.62,26.05,24.79,24.84,5102453.0,185463571.0,201626591.0,0.025306448790774823,-1.1000000000000014,-4.240555127216661,4.8573631457209
2024-03-26,24.81,25.61,23.9,24.17,6058413.0,212394423.0,201626591.0,0.030047688501562773,-0.6699999999999982,-2.6972624798711653,6.884057971014496
2024-03-27,24.19,24.24,23.01,23.03,4101457.0,137648228.0,201626591.0,0.020341845684431575,-1.1400000000000006,-4.716590815059996,5.088953247827872
2024-03-28,22.98,25.16,22.71,24.34,6287884.0,217892160.0,201626591.0,0.031185787394481117,1.3099999999999987,5.688232739904464,10.638297872340422
2024-03-29,24.8,25.28,23.77,25.19,5940530.0,209532501.0,201626591.0,0.029463028514924404,0.8500000000000014,3.492193919474129,6.203779786359908
2024-04-01,25.1,25.47,24.75,24.98,4884476.0,175068380.0,201626591.0,0.024225356267616505,-0.21000000000000085,-0.833664152441449,2.85827709408495
2024-04-02,24.94,24.94,23.27,23.59,7944265.0,270356510.0,201626591.0,0.03940087942071093,-1.3900000000000006,-5.564451561249006,6.685348278622905
2024-04-03,23.59,23.59,22.85,23.17,4114500.0,136362776.0,201626591.0,0.020406534572614977,-0.41999999999999815,-1.7804154302670572,3.136922424756246
2024-04-08,23.19,23.2,22.41,22.45,4504110.0,146642392.0,201626591.0,0.022338868983803828,-0.7200000000000024,-3.107466551575322,3.409581355200687
2024-04-09,22.55,22.87,22.15,22.63,4098085.0,131763190.0,201626591.0,0.02032512169984563,0.17999999999999972,0.801781737193763,3.2071269487750667
2024-04-10,22.79,22.91,21.85,22.07,5160367.0,159692819.0,201626591.0,0.025593682730072047,-0.5599999999999987,-2.4745912505523604,4.684047724259827
2024-04-11,21.92,22.64,21.86,22.25,3666449.0,113936970.0,201626591.0,0.018184352479579443,0.17999999999999972,0.8155867693701913,3.534209333937477
2024-04-12,22.17,22.85,22.04,22.57,5421740.0,169082673.0,201626591.0,0.026890004801003654,0.3200000000000003,1.4382022471910227,3.6404494382022574
2024-04-15,22.54,22.68,21.27,22.07,7130837.0,216729247.0,201626591.0,0.035366550436792335,-0.5,-2.215330084182543,6.247230837394772
2024-04-16,21.89,22.9,21.06,22.23,7476366.0,228211860.0,201626591.0,0.03708025793085992,0.16000000000000014,0.7249660172179428,8.337109198006342
2024-04-17,22.43,23.03,22.28,22.6,8906260.0,280044065.0,201626591.0,0.044172050699404025,0.370000000000001,1.6644174538911427,3.3738191632928474
2024-04-18,22.36,22.39,21.58,21.79,7929306.0,241008241.0,201626591.0,0.03932668781767976,-0.8100000000000023,-3.5840707964601815,3.5840707964601872
2024-04-19,21.49,22.56,21.13,21.45,5741719.0,171244631.0,201626591.0,0.02847699289822343,-0.33999999999999986,-1.5603487838457997,6.562643414410278
2024-04-22,21.06,21.71,20.61,21.24,4336589.0,128025836.0,201626591.0,0.021508021231187707,-0.21000000000000085,-0.9790209790209836,5.128205128205135
2024-04-23,21.3,21.86,21.25,21.5,3644855.0,108795561.0,201626591.0,0.018077253510674095,0.26000000000000156,1.2241054613935987,2.871939736346514
2024-04-24,21.49,23.65,21.43,23.65,12226545.0,387928874.0,201626591.0,0.06063954629873199,2.1499999999999986,9.999999999999986,10.325581395348832
2024-04-25,23.06,23.75,22.99,23.4,8709400.0,282487536.0,201626591.0,0.04319569138576568,-0.25,-1.0570824524312905,3.213530655391127
2024-04-26,23.91,24.88,23.52,24.32,10191495.0,344838548.0,201626591.0,0.05054638353727857,0.9200000000000017,3.93162393162394,5.81196581196581
2024-04-29,24.36,25.09,24.36,24.88,6383487.0,219807714.0,201626591.0,0.03165994608320288,0.5599999999999987,2.3026315789473673,3.001644736842107
2024-04-30,24.73,24.98,24.55,24.76,5699110.0,195981189.0,201626591.0,0.02826566660545285,-0.11999999999999744,-0.4823151125401881,1.7282958199356904
2024-05-06,25.12,25.5,24.68,24.88,5160300.0,178814371.0,201626591.0,0.02559335043263217,0.11999999999999744,0.4846526655896577,3.311793214862683
2024-05-07,24.79,25.45,24.79,25.25,4566556.0,159752435.0,201626591.0,0.02264858011709378,0.370000000000001,1.4871382636655994,2.6527331189710615
2024-05-08,25.23,25.23,23.93,24.06,6841739.0,230783322.0,201626591.0,0.03393272170137519,-1.1900000000000013,-4.712871287128717,5.148514851485151
2024-05-09,24.15,24.32,23.8,23.98,3836481.0,127767750.0,201626591.0,0.01902765394669595,-0.0799999999999983,-0.33250207813798616,2.1612635078969227
2024-05-10,24.06,24.47,23.49,23.65,3836485.0,126413302.0,201626591.0,0.019027673785349076,-0.33000000000000185,-1.3761467889908285,4.086738949124272
2024-05-13,23.44,24.23,23.1,23.76,4489083.0,147744818.0,201626591.0,0.022264340123669502,0.11000000000000298,0.46511627906977715,4.7780126849894256
2024-05-14,24.03,24.22,23.62,24.2,4682010.0,155926541.0,201626591.0,0.023221193081620867,0.4399999999999977,1.8518518518518379,2.525252525252516
2024-05-15,24.2,24.22,23.06,23.15,5318500.0,172670097.0,201626591.0,0.02637796916379943,-1.0500000000000007,-4.338842975206614,4.793388429752067
2024-05-16,23.15,23.42,23.01,23.04,3580200.0,115101689.0,201626591.0,0.017756586481194835,-0.10999999999999943,-0.4751619870410395,1.7710583153347739
2024-05-17,23.08,23.29,22.69,23.26,3345680.0,107156710.0,201626591.0,0.016593446248367113,0.22000000000000242,0.954861111111116,2.604166666666657
2024-05-20,23.12,23.29,22.72,23.04,3553160.0,113507081.0,201626591.0,0.01762247718605727,-0.22000000000000242,-0.9458297506448887,2.4505588993981093
2024-05-21,22.96,23.42,22.9,23.21,3316495.0,106862202.0,201626591.0,0.01644869847549027,0.1700000000000017,0.7378472222222321,2.256944444444458
2024-05-22,23.15,23.39,22.83,23.33,3355454.0,107993964.0,201626591.0,0.01664192199728259,0.11999999999999744,0.5170185264971927,2.4127531236536073
2024-05-23,23.33,23.38,22.47,22.51,4590367.0,144924402.0,201626591.0,0.02276667465949469,-0.8199999999999967,-3.5147878268323884,3.9005572224603524
2024-05-24,22.5,22.68,22.22,22.22,3144077.0,97606963.0,201626591.0,0.01559356325178359,-0.2900000000000027,-1.2883163038649559,2.043536206130612
2024-05-27,23.08,23.29,22.57,22.89,8219650.0,261168297.0,201626591.0,0.04076669629354592,0.6700000000000017,3.015301530153014,3.240324032403236
2024-05-28,22.28,22.28,21.38,21.4,9146920.0,275856041.0,201626591.0,0.04536564326478148,-1.490000000000002,-6.509392747924869,3.9318479685452252
2024-05-29,21.27,21.86,20.91,21.65,4161239.0,124920916.0,201626591.0,0.02063834427473904,0.25,1.1682242990654235,4.439252336448595
2024-05-30,21.63,21.66,21.06,21.14,4382584.0,129260471.0,201626591.0,0.02173614094383017,-0.509999999999998,-2.3556581986143077,2.7713625866050875
2024-05-31,21.13,21.44,21.06,21.32,2988585.0,88212741.0,201626591.0,0.014822375288783215,0.17999999999999972,0.8514664143803197,1.7975402081362466
2024-06-03,21.38,21.53,21.17,21.38,3804676.0,112645804.0,201626591.0,0.018869911856021014,0.05999999999999872,0.2814258911819856,1.6885553470919297
2024-06-04,21.42,21.61,21.19,21.61,3726910.0,110935726.0,201626591.0,0.01848421868125519,0.23000000000000043,1.0757717492984042,1.9644527595883916
2024-06-05,21.61,21.63,20.99,21.0,3591183.0,106085844.0,201626591.0,0.017811058463017906,-0.6099999999999994,-2.822767237390089,2.9615918556224
2024-06-06,21.04,21.24,20.44,20.55,4697692.0,134884845.0,201626591.0,0.023298970521204717,-0.4499999999999993,-2.1428571428571352,3.809523809523796
2024-06-07,20.7,20.91,20.34,20.77,3176160.0,90880323.0,201626591.0,0.015752684128850843,0.21999999999999886,1.0705596107055904,2.7737226277372273
2024-06-11,20.7,20.96,20.19,20.91,4524178.0,128760118.0,201626591.0,0.02243839950654128,0.14000000000000057,0.6740491092922518,3.707270101107364
2024-06-12,21.25,21.27,20.93,21.09,4120620.0,120707704.0,201626591.0,0.020436887711899072,0.17999999999999972,0.8608321377331363,1.6260162601626011
2024-06-13,20.93,21.09,20.75,20.93,4384690.0,127245963.0,201626591.0,0.021746585994701462,-0.16000000000000014,-0.7586533902323334,1.6121384542437167
2024-06-14,20.93,21.24,20.8,21.24,5025251.0,147246923.0,201626591.0,0.024923552866099888,0.3099999999999987,1.481127568084073,2.1022455805064393
2024-06-17,21.24,21.27,20.87,21.02,3665290.0,107016090.0,201626591.0,0.018178604229835936,-0.21999999999999886,-1.0357815442561202,1.8832391713747578
2024-06-18,21.02,21.55,20.99,21.45,4176750.0,123982710.0,201626591.0,0.020715273611901716,0.4299999999999997,2.0456707897240634,2.6641294005708955
2024-06-19,21.42,21.49,20.69,20.72,4249109.0,123653736.0,201626591.0,0.021074149887303308,-0.7300000000000004,-3.4032634032634013,3.7296037296037166
2024-06-20,20.71,20.71,19.76,19.78,5935360.0,165131290.0,201626591.0,0.02943738705575794,-0.9399999999999977,-4.536679536679522,4.584942084942082
2024-06-21,19.74,20.0,19.47,19.96,4085577.0,112165555.0,201626591.0,0.020263086231517943,0.17999999999999972,0.9100101112234471,2.6794742163801875
2024-06-24,19.82,19.82,19.22,19.23,5219946.0,140356453.0,201626591.0,0.025889174508733324,-0.7300000000000004,-3.6573146292585235,3.006012024048103
2024-06-25,19.2,19.41,18.46,18.76,5621500.0,146651532.0,201626591.0,0.027880747138158975,-0.46999999999999886,-2.4440977639105466,4.940197607904313
2024-06-26,18.78,20.08,18.75,20.05,7511340.0,202228549.0,201626591.0,0.03725371719447461,1.2899999999999991,6.876332622601278,7.08955223880596
2024-06-27,19.84,20.16,19.69,19.69,4286100.0,118391995.0,201626591.0,0.021257612791757214,-0.35999999999999943,-1.7955112219451341,2.3441396508728123
2024-06-28,19.84,19.94,19.3,19.44,5006480.0,136470336.0,201626591.0,0.024830455026638824,-0.25,-1.2696800406297615,3.2503809040121916
2024-07-01,19.44,19.46,18.68,19.38,6793280.0,180156303.0,201751898.0,0.03367145522467402,-0.060000000000002274,-0.30864197530865445,4.012345679012351
2024-07-02,19.41,19.69,19.14,19.2,4691080.0,126562076.0,201751898.0,0.023251726732206504,-0.17999999999999972,-0.9287925696594423,2.8379772961816343
2024-07-03,19.26,19.26,18.75,18.86,2959800.0,77739692.0,201751898.0,0.014670493954906933,-0.33999999999999986,-1.7708333333333326,2.6562500000000084
2024-07-04,18.88,19.01,18.4,18.48,2842483.0,73512924.0,201751898.0,0.01408900252328729,-0.379999999999999,-2.0148462354188656,3.234358430540843
2024-07-05,18.4,18.76,18.37,18.63,2673140.0,68856719.0,201751898.0,0.013249639911689952,0.14999999999999858,0.8116883116882967,2.1103896103896136
2024-07-08,18.62,18.62,17.94,17.96,4173600.0,104807356.0,201751898.0,0.020686794232785854,-0.6699999999999982,-3.596349973161561,3.6500268384326344
2024-07-09,18.01,18.71,17.89,18.62,4747300.0,120612928.0,201751898.0,0.02353038582070737,0.6600000000000001,3.674832962138086,4.565701559020046
2024-07-10,18.58,18.72,18.24,18.38,3799941.0,97309812.0,201751898.0,0.018834722437158932,-0.240000000000002,-1.2889366272824998,2.5778732545649863
2024-07-11,18.75,18.99,18.55,18.82,4932963.0,128394484.0,201751898.0,0.024450639864612326,0.4400000000000013,2.393906420021774,2.3939064200217506
2024-07-12,18.84,18.89,18.27,18.37,3855168.0,98767517.0,201751898.0,0.019108459638877844,-0.4499999999999993,-2.3910733262486716,3.2943676939426196
2024-07-15,18.39,18.5,18.26,18.32,3482524.0,88749645.0,201751898.0,0.017261418774855836,-0.05000000000000071,-0.27218290691345404,1.3064779531845314
2024-07-16,18.3,18.43,17.99,18.32,3307058.0,83520646.0,201751898.0,0.016391707006394557,0.0,0.0,2.401746724890837
2024-07-17,18.27,18.57,18.19,18.22,3141889.0,79902684.0,201751898.0,0.015573033171663149,-0.10000000000000142,-0.5458515283842891,2.0742358078602563
2024-07-18,18.17,18.2,17.68,18.05,3362689.0,83556786.0,201751898.0,0.016667446667589715,-0.16999999999999815,-0.9330406147091019,2.8540065861690427
2024-07-19,18.66,18.92,18.4,18.82,8449076.0,218893483.0,201751898.0,0.04187854530121942,0.7699999999999996,4.265927977839334,2.880886426592815
2024-07-22,18.6,18.62,18.2,18.28,6949404.0,176519935.0,201751898.0,0.03444529676741876,-0.5399999999999991,-2.8692879914984037,2.2316684378321026
2024-07-23,18.35,18.35,17.78,17.79,4643270.0,116358354.0,201751898.0,0.023014752505574942,-0.490000000000002,-2.6805251641138006,3.118161925601752
2024-07-24,17.71,17.99,17.49,17.54,4231112.0,103916391.0,201751898.0,0.02097185722634441,-0.25,-1.4052838673412005,2.810567734682406
2024-07-25,17.45,17.93,17.38,17.68,3479838.0,85329362.0,201751898.0,0.017248105393288544,0.14000000000000057,0.7981755986317118,3.1356898517673932
2024-07-26,17.65,18.05,17.65,17.83,2929394.0,72400899.0,201751898.0,0.014519784096405378,0.14999999999999858,0.8484162895927572,2.262443438914039
2024-07-29,17.82,17.88,17.63,17.7,2548374.0,62717416.0,201751898.0,0.012631226894331373,-0.129999999999999,-0.7291082445316843,1.4021312394840157
2024-07-30,17.5,17.88,17.35,17.78,3222504.0,78980113.0,201751898.0,0.015972608099082172,0.08000000000000185,0.4519774011299438,2.994350282485862
2024-07-31,17.79,18.76,17.75,18.75,6709225.0,171527353.0,201751898.0,0.033254829652209765,0.9699999999999989,5.455568053993254,5.680539932508445
2024-08-01,18.78,18.9,18.21,18.47,5837546.0,149937769.0,201751898.0,0.028934280459656445,-0.28000000000000114,-1.4933333333333354,3.679999999999988
2024-08-02,18.25,18.5,17.98,18.01,3899250.0,98520714.0,201751898.0,0.019326955724599925,-0.4599999999999973,-2.4905251759610003,2.815376285868975
2024-08-05,17.88,18.5,17.79,17.8,5609820.0,141536954.0,201751898.0,0.02780553767082776,-0.21000000000000085,-1.1660188784008985,3.9422543031649124
2024-08-06,17.99,18.39,17.86,18.13,3852400.0,96765949.0,201751898.0,0.019094739817515867,0.3299999999999983,1.8539325842696464,2.9775280898876466
2024-08-07,18.19,18.21,17.86,17.87,3000480.0,74868398.0,201751898.0,0.014872127745732534,-0.259999999999998,-1.4340871483728534,1.9305019305019384
2024-08-08,17.76,17.99,17.46,17.83,2891400.0,70992850.0,201751898.0,0.014331463687147073,-0.0400000000000027,-0.22383883603807053,2.9658645775041834
2024-08-09,17.9,18.03,17.59,17.59,2156000.0,53153566.0,201751898.0,0.010686392650442376,-0.23999999999999844,-1.3460459899046429,2.467750981491875
2024-08-12,17.49,17.65,17.24,17.34,2773699.0,66808535.0,201751898.0,0.013748068927708428,-0.25,-1.421262080727681,2.330869812393406
2024-08-13,17.34,17.49,17.21,17.46,2637911.0,63553109.0,201751898.0,0.013075024454045037,0.120000000000001,0.6920415224913601,1.6147635524798014
2024-08-14,17.49,18.11,17.37,17.83,4502501.0,111336557.0,201751898.0,0.022317019292676,0.36999999999999744,2.11912943871706,4.238258877434125
2024-08-15,17.73,18.18,17.49,17.73,4244280.0,105026843.0,201751898.0,0.021037125509471042,-0.09999999999999787,-0.5608524957935956,3.8698822209758905
2024-08-16,17.74,17.97,17.69,17.8,2647117.0,65439571.0,201751898.0,0.013120654755872483,0.07000000000000028,0.3948110547095318,1.5792442188381137
2024-08-19,17.82,18.87,17.82,18.6,9227631.0,237341554.0,201751898.0,0.04573751767133313,0.8000000000000007,4.494382022471921,5.898876404494386
2024-08-20,18.39,18.46,17.65,17.71,8086217.0,200544918.0,201751898.0,0.04008000460050195,-0.8900000000000006,-4.78494623655914,4.3548387096774315
2024-08-21,17.68,17.99,17.46,17.47,4314090.0,105658811.0,201751898.0,0.021383144559066303,-0.240000000000002,-1.3551665725578865,2.992659514398631
2024-08-22,17.41,17.76,17.13,17.21,4342190.0,104810697.0,201751898.0,0.02152242453748812,-0.259999999999998,-1.4882655981682813,3.6061820263308677
2024-08-23,17.17,17.44,17.03,17.31,3339300.0,79956928.0,201751898.0,0.016551517151030717,0.09999999999999787,0.5810575246949279,2.3823358512492745
2024-08-26,17.24,17.56,17.09,17.44,2911460.0,70141739.0,201751898.0,0.014430892739358516,0.13000000000000256,0.7510109763142925,2.7151935297515823
2024-08-27,17.29,17.35,16.96,17.1,2851543.0,67771547.0,201751898.0,0.014133909164016885,-0.33999999999999986,-1.9495412844036664,2.236238532110095
2024-08-28,16.98,17.17,16.59,17.05,2919990.0,68677435.0,201751898.0,0.01447317239117126,-0.05000000000000071,-0.29239766081872176,3.3918128654970867
2024-08-29,16.95,17.57,16.87,17.43,4612190.0,111104423.0,201751898.0,0.022860701910224407,0.379999999999999,2.228739002932545,4.105571847507327
2024-08-30,17.34,18.59,17.34,18.32,9408354.0,236447110.0,201751898.0,0.046633286195899876,0.8900000000000006,5.1061388410786,7.17154331612163
2024-09-02,18.24,18.41,17.31,17.31,8683430.0,213645736.0,201751898.0,0.04304014032125735,-1.0100000000000016,-5.513100436681229,6.004366812227082
2024-09-03,17.38,17.83,17.31,17.73,6183900.0,151284842.0,201751898.0,0.030651012760236834,0.4200000000000017,2.4263431542461023,3.0040439052570744
2024-09-04,17.53,17.69,17.42,17.52,3353033.0,81589347.0,201751898.0,0.016619585903474374,-0.21000000000000085,-1.1844331641285955,1.5228426395939063
2024-09-05,17.57,18.12,17.57,17.92,5634901.0,139932120.0,201751898.0,0.02792985372558924,0.40000000000000213,2.2831050228310668,3.1392694063926982
2024-09-06,17.96,18.07,17.52,17.53,3994700.0,98175797.0,201751898.0,0.019800061558776512,-0.39000000000000057,-2.1763392857142905,3.0691964285714324
2024-09-09,17.31,17.54,17.0,17.12,4266241.0,101830089.0,201751898.0,0.021145977025703123,-0.41000000000000014,-2.338847689674839,3.080433542498569
2024-09-10,17.24,17.8,16.91,17.65,5810700.0,139972255.0,201751898.0,0.02880121603614356,0.5299999999999976,3.0957943925233433,5.198598130841125
2024-09-11,17.65,17.65,17.11,17.24,4479480.0,107331356.0,201751898.0,0.02220291379861021,-0.41000000000000014,-2.322946175637397,3.059490084985831
2024-09-12,17.3,17.63,17.03,17.03,4077340.0,97714130.0,201751898.0,0.020209673566491056,-0.2099999999999973,-1.2180974477958073,3.48027842227377
2024-09-13,17.01,17.17,16.82,16.82,3161749.0,74277241.0,201751898.0,0.015671470907302195,-0.21000000000000085,-1.2331180270111597,2.0551967116852694
2024-09-18,16.72,16.87,16.34,16.71,3304700.0,75918627.0,201751898.0,0.016380019384005993,-0.10999999999999943,-0.6539833531510109,3.1510107015457853
2024-09-19,16.73,17.13,16.52,16.8,5309536.0,123817512.0,201751898.0,0.02631715514269908,0.08999999999999986,0.538599640933568,3.650508677438656
2024-09-20,16.8,17.05,16.65,16.89,4677000.0,109428177.0,202103116.0,0.02314165210594774,0.08999999999999986,0.5357142857142838,2.380952380952394
2024-09-23,16.85,17.47,16.77,17.18,6628903.0,157742109.0,202103116.0,0.03279960809708644,0.28999999999999915,1.7169923031379541,4.144464179988154
2024-09-24,17.83,18.66,17.49,18.41,17677509.0,441852268.0,202103116.0,0.087467770660201,1.2300000000000004,7.159487776484297,6.810244470314329
2024-09-25,18.41,19.27,18.41,18.68,16938316.0,444034142.0,202103116.0,0.08381026643844522,0.2699999999999996,1.4665942422596334,4.671374253123299
2024-09-26,18.6,19.1,18.4,19.1,11174432.0,290075828.0,202103116.0,0.05529074573991229,0.4200000000000017,2.248394004282672,3.747323340471107
2024-09-27,19.55,20.36,19.12,20.1,13036953.0,348708361.0,202103116.0,0.0645064423450057,1.0,5.235602094240832,6.492146596858631
2024-09-30,21.4,22.11,20.84,22.09,15749470.0,461966820.0,202103116.0,0.07792789300685497,1.9899999999999984,9.9004975124378,6.318407960199002
2024-10-08,24.23,24.29,21.72,23.71,20114823.0,634666599.0,202103116.0,0.09952752534503229,1.620000000000001,7.333635129017657,11.634223630602083
2024-10-09,22.83,22.83,21.34,21.34,15966807.0,477741846.0,202103116.0,0.07900326979619651,-2.370000000000001,-9.995782370307893,6.284268241248411
2024-10-10,21.36,21.84,20.51,20.82,11638745.0,334115239.0,202103116.0,0.057588152178712576,-0.5199999999999996,-2.4367385192127444,6.232427366447977
2024-10-11,20.62,20.92,19.85,20.16,10308581.0,284209388.0,202103116.0,0.051006541630956345,-0.6600000000000001,-3.170028818443804,5.139289145052835
2024-10-14,20.52,21.08,19.7,21.07,11975810.0,333293312.0,202103116.0,0.05925593942846483,0.9100000000000001,4.513888888888884,6.8452380952380905
2024-10-15,20.8,22.2,20.44,21.36,18789177.0,552484694.0,202103116.0,0.09296826972227386,0.28999999999999915,1.3763644992880852,8.35310868533459
2024-10-16,20.77,21.37,20.55,20.94,9637140.0,274073321.0,202103116.0,0.047684272220721226,-0.41999999999999815,-1.9662921348314488,3.838951310861425
2024-10-17,21.03,21.67,20.96,21.07,10040801.0,290434290.0,202103116.0,0.049681574429560005,0.129999999999999,0.620821394460358,3.390639923591217
2024-10-18,21.03,22.29,20.86,21.8,13492476.0,395826248.0,202103116.0,0.06676035613424189,0.7300000000000004,3.4646416706217487,6.78690080683436
2024-10-21,22.17,22.84,21.95,22.53,15670243.0,476718341.0,202103116.0,0.07753588024837776,0.7300000000000004,3.348623853211019,4.0825688073394515
2024-10-22,22.59,22.61,21.81,22.03,11901564.0,357219254.0,202103116.0,0.0588885725047406,-0.5,-2.219263204616062,3.550821127385711
2024-10-23,21.89,22.12,21.56,21.64,9078530.0,269304237.0,202103116.0,0.04492028712709209,-0.39000000000000057,-1.7703132092600993,2.5419881979119485
2024-10-24,21.58,21.64,21.17,21.43,5332219.0,154772051.0,202103116.0,0.026383655559274008,-0.21000000000000085,-0.9704251386321694,2.171903881700549
2024-10-25,21.37,21.8,21.28,21.75,6315214.0,184970656.0,202103116.0,0.031247484576140825,0.3200000000000003,1.4932337844143717,2.426504899673353
2024-10-28,21.75,22.92,21.72,22.49,11570734.0,352665978.0,202103116.0,0.05725163584316038,0.7399999999999984,3.402298850574703,5.517241379310358
2024-10-29,22.46,22.51,21.65,21.65,8943815.0,267259059.0,202103116.0,0.04425372145177613,-0.8399999999999999,-3.734993330369052,3.8239217429969012
2024-10-30,21.5,21.7,21.08,21.33,6904520.0,200191305.0,202103116.0,0.03416335253336718,-0.3200000000000003,-1.4780600461893778,2.8637413394919218
2024-10-31,21.38,22.19,20.99,22.0,10658764.0,313642449.0,202103116.0,0.05273923634111609,0.6700000000000017,3.1411157993436634,5.625879043600576
2024-11-01,21.86,23.1,21.22,22.03,17577930.0,528817580.0,202103116.0,0.08697505683187982,0.030000000000001137,0.13636363636364557,8.545454545454557
2024-11-04,22.35,23.42,22.03,23.39,19139459.0,594831970.0,202103116.0,0.09470145428138772,1.3599999999999994,6.173399909214705,6.309577848388563
2024-11-05,22.9,23.46,22.46,23.31,21235527.0,661908509.0,202103116.0,0.10507273425710072,-0.08000000000000185,-0.34202650705430493,4.275331338178709
2024-11-06,23.24,24.18,22.98,23.66,18764087.0,603832933.0,202103116.0,0.09284412517420068,0.3500000000000014,1.501501501501501,5.148005148005145
2024-11-07,23.55,23.65,22.89,23.61,10955484.0,346412217.0,202103116.0,0.05420739777213529,-0.05000000000000071,-0.21132713440406015,3.2121724429416654
2024-11-08,23.72,23.85,22.72,22.87,12504225.0,393860618.0,202103116.0,0.06187052059108282,-0.7399999999999984,-3.1342651418890255,4.786107581533259
2024-11-11,22.86,25.16,22.73,25.16,25961990.0,857630964.0,202103116.0,0.12845912776525426,2.289999999999999,10.013117621337987,10.625273283777874
2024-11-12,24.91,25.72,24.4,24.61,18898290.0,642266152.0,202103116.0,0.093508157489269,-0.5500000000000007,-2.1860095389507173,5.246422893481719
2024-11-13,24.86,27.07,24.82,27.07,31304202.0,1127581570.0,202103116.0,0.15489222838108047,2.460000000000001,9.995936611133693,9.14262494920764
2024-11-14,26.92,29.24,26.36,27.56,32023876.0,1217734409.0,202103116.0,0.15845315319136397,0.48999999999999844,1.810121906169182,10.639083856667893
2024-11-15,27.42,30.32,27.42,28.68,32141905.0,1276880207.0,202103116.0,0.15903715705204663,1.120000000000001,4.063860667634267,10.522496371552972
2024-11-18,28.41,28.41,25.81,25.81,17010741.0,605647301.0,202103116.0,0.08416862311019489,-2.870000000000001,-10.006973500697358,9.065550906555096
2024-11-19,24.55,25.85,24.51,25.55,19001500.0,647650480.0,202103116.0,0.09401883739387769,-0.259999999999998,-1.0073614877954218,5.191786129407206
2024-11-20,25.63,27.62,25.63,27.51,19970364.0,730567829.0,202103116.0,0.0988127466575033,1.9600000000000009,7.671232876712342,7.7886497064579325
2024-11-21,27.42,27.46,26.29,26.71,16315319.0,594754281.0,202103116.0,0.08072769644976677,-0.8000000000000007,-2.9080334423845944,4.252998909487466
2024-11-22,26.95,29.38,26.76,28.0,26230434.0,1021391263.0,202103116.0,0.12978738041822174,1.2899999999999991,4.82965181579933,9.809060277049785
2024-11-25,28.72,29.3,26.72,28.9,26113875.0,986174751.0,202103116.0,0.12921065007231258,0.8999999999999986,3.214285714285703,9.21428571428572
2024-11-26,27.87,28.35,26.31,26.51,17201283.0,633981740.0,202103116.0,0.08511141906391982,-2.389999999999997,-8.26989619377162,7.058823529411774
2024-11-27,25.78,29.16,25.76,29.16,23621121.0,899258364.0,202103116.0,0.11687657997316578,2.6499999999999986,9.996227838551475,12.82534892493398
2024-11-28,29.46,31.08,29.32,29.99,23741390.0,969552850.0,202103116.0,0.11747166728493191,0.8299999999999983,2.8463648834019084,6.035665294924547
2024-11-29,29.83,31.22,29.16,30.13,20994042.0,862429439.0,202103116.0,0.10387787390670414,0.14000000000000057,0.4668222740913608,6.86895631877292
2024-12-02,29.91,30.84,28.93,29.4,20242105.0,815661869.0,202103116.0,0.10015731276503426,-0.7300000000000004,-2.422834384334549,6.339196813806838
2024-12-03,29.24,29.31,27.85,28.4,18345339.0,706734658.0,202103116.0,0.09077217295353328,-1.0,-3.401360544217691,4.965986394557814
2024-12-04,28.96,31.24,28.82,29.5,22405318.0,909235634.0,202103116.0,0.11086082413494308,1.1000000000000014,3.8732394366197243,8.521126760563375
2024-12-05,30.13,32.45,30.13,32.45,20201832.0,872870462.0,202103116.0,0.09995804320008604,2.950000000000003,10.000000000000009,7.864406779661031
2024-12-06,33.03,35.64,32.4,33.63,32476642.0,1484343241.0,202103116.0,0.16069342542942286,1.1799999999999997,3.6363636363636376,9.98459167950694
2024-12-09,33.77,36.95,32.77,36.77,29644608.0,1407860420.0,202103116.0,0.1466806083286712,3.1400000000000006,9.336901575973844,12.429378531073445
2024-12-10,36.75,40.44,34.8,39.1,33160938.0,1727365406.0,202103116.0,0.16407930098415702,2.3299999999999983,6.336687516997541,15.338591242861026
2024-12-11,39.84,40.86,36.0,37.33,37090775.0,1934275891.0,202103116.0,0.1835240135535565,-1.7700000000000031,-4.526854219948861,12.429667519181583
2024-12-12,36.09,36.59,33.6,34.66,31816072.0,1500346756.0,202103116.0,0.15742494539272714,-2.6700000000000017,-7.152424323600326,8.00964371818913
2024-12-13,34.21,35.69,33.47,33.54,27256875.0,1284028975.0,202103116.0,0.13486617890641528,-1.1199999999999974,-3.2313906520484603,6.4050778995960735
2024-12-16,33.15,34.98,32.44,34.0,19850137.0,910664873.0,202103116.0,0.09821786716044496,0.46000000000000085,1.3714967203339423,7.573047107930826
2024-12-17,33.21,33.62,32.02,32.2,17567553.0,777105153.0,202103116.0,0.08692371175514187,-1.7999999999999972,-5.294117647058815,4.70588235294116
2024-12-18,32.37,33.88,31.59,33.13,16830048.0,753615942.0,202103116.0,0.08327455970545254,0.9299999999999997,2.8881987577639823,7.111801242236032
2024-12-19,32.48,33.47,31.51,33.46,16741624.0,736062275.0,202103116.0,0.08283704047393312,0.3299999999999983,0.9960760639903254,5.916088137639592
2024-12-20,33.48,35.79,33.48,35.25,23368134.0,1105924811.0,202103116.0,0.11562480808064335,1.7899999999999991,5.34967124925283,6.903765690376576
2024-12-23,34.53,34.53,31.73,31.73,18976266.0,847658296.0,202103116.0,0.09389398033823486,-3.5199999999999996,-9.985815602836878,7.943262411347519
2024-12-24,31.7,32.42,30.81,31.66,14214817.0,606406538.0,202103116.0,0.0703344771784716,-0.07000000000000028,-0.2206114087614286,5.074062401512773
2024-12-25,31.59,31.59,29.6,30.71,17841353.0,737100825.0,202103116.0,0.08827846573132499,-0.9499999999999993,-3.00063171193935,6.2855337965887506
2024-12-26,30.61,31.3,30.41,30.56,12594923.0,527386991.0,202103116.0,0.06231929150463964,-0.15000000000000213,-0.48844024747639603,2.898078801693261
2024-12-27,30.47,32.09,30.23,31.47,18315530.0,783767331.0,202103116.0,0.09062467893864636,0.9100000000000001,2.97774869109948,6.086387434554983
2024-12-30,31.28,32.17,30.49,31.57,10251557.0,438513658.0,202103116.0,0.05072438863337466,0.10000000000000142,0.3177629488401612,5.3384175405147865
2024-12-31,31.59,31.77,30.69,30.69,7926356.0,335051594.0,202033116.0,0.039232954264784986,-0.879999999999999,-2.7874564459930307,3.420969274627806
2025-01-02,30.51,31.47,30.16,30.78,10903121.0,456225873.0,202033116.0,0.053966999152752756,0.08999999999999986,0.2932551319648091,4.268491365265555
2025-01-03,30.55,30.71,28.79,28.95,11799299.0,471839186.0,202033116.0,0.05840279669794332,-1.8300000000000018,-5.945419103313842,6.237816764132559
2025-01-06,28.75,29.16,27.95,28.21,11831480.0,457224684.0,202033116.0,0.05856208246572804,-0.7399999999999984,-2.5561312607944697,4.179620034542317
2025-01-07,28.23,29.14,28.23,28.93,9494860.0,370348813.0,202033116.0,0.04699655278296059,0.7199999999999989,2.5522864232541576,3.225806451612904
2025-01-08,28.67,30.08,28.41,29.52,13824487.0,550727492.0,202033116.0,0.06842683651921698,0.5899999999999999,2.0394054614586876,5.772554441755956
2025-01-09,29.33,30.28,29.26,29.85,11075600.0,448576016.0,202033116.0,0.05482071562960995,0.33000000000000185,1.1178861788617933,3.455284552845527
2025-01-10,29.49,30.17,28.84,28.84,9300016.0,371220006.0,202033116.0,0.04603213663249148,-1.0100000000000016,-3.383584589614741,4.455611390284763
2025-01-13,28.4,29.13,27.93,28.23,7643694.0,294206581.0,202033116.0,0.037833866800331885,-0.6099999999999994,-2.11511789181692,4.160887656033284
2025-01-14,28.46,30.66,28.09,30.5,14237190.0,576928910.0,202033116.0,0.07046958578810417,2.2699999999999996,8.041091037902937,9.10379029401346
2025-01-15,30.64,32.4,30.34,31.57,18902123.0,807858334.0,202033116.0,0.09355952813201178,1.0700000000000003,3.508196721311485,6.754098360655733
2025-01-16,31.61,32.82,30.64,31.34,15765980.0,677350058.0,202033116.0,0.07803661257197063,-0.23000000000000043,-0.728539752930002,6.905289832119099
2025-01-17,31.01,31.78,30.57,31.2,9602000.0,405726151.0,202033116.0,0.04752686188337559,-0.14000000000000057,-0.4467134652201721,3.8608806636885795
2025-01-20,31.37,31.91,30.8,31.57,10963650.0,468044485.0,202033116.0,0.0542665985511009,0.370000000000001,1.1858974358974317,3.557692307692306
2025-01-21,31.64,32.52,31.53,32.31,9250827.0,401590348.0,202033116.0,0.04578866664611558,0.740000000000002,2.3439974659486884,3.1358885017421665
2025-01-22,32.15,32.49,31.22,31.47,8155811.0,352480065.0,202033116.0,0.04036868391417573,-0.8400000000000034,-2.5998142989786532,3.9306716186939124
2025-01-23,31.74,33.99,31.53,32.34,13769547.0,613104385.0,202033116.0,0.06815490090248373,0.8700000000000045,2.764537654909449,7.816968541468068
2025-01-24,32.73,35.57,32.62,35.57,20314232.0,957311315.0,202033116.0,0.1005490208842792,3.229999999999997,9.987631416202824,9.121830550401986
2025-01-27,36.37,38.29,36.37,37.47,24596954.0,1249844196.0,202033116.0,0.12174713971149166,1.8999999999999986,5.34157998313185,5.397807140849035
2025-02-05,38.84,40.25,36.67,36.98,27647354.0,1436872933.0,202033116.0,0.13684565455100936,-0.490000000000002,-1.3077128369362256,9.554310114758469
2025-02-06,36.45,36.77,35.36,35.82,26059621.0,1271905977.0,202033116.0,0.1289868785669771,-1.1599999999999966,-3.136830719307726,3.812871822606825
2025-02-07,35.38,36.05,34.14,35.48,21656868.0,1032347275.0,202033116.0,0.10719464426812088,-0.3400000000000034,-0.9491903964265913,5.332216638749292
2025-02-10,35.58,36.73,35.42,36.15,21246024.0,1041577550.0,202033116.0,0.1051610964610376,0.6700000000000017,1.8883878241262808,3.6922209695603025
2025-02-11,35.83,37.12,35.42,36.54,19339281.0,952313259.0,202033116.0,0.09572332191322536,0.39000000000000057,1.078838174273855,4.70262793914245
2025-02-12,36.01,37.56,35.72,36.88,17022254.0,850528800.0,202033116.0,0.08425477138114328,0.3400000000000034,0.9304871373837065,5.035577449370562
2025-02-13,38.49,38.75,34.93,35.0,23248243.0,1159467790.0,202033116.0,0.11507144699980769,-1.8800000000000026,-5.0976138828633495,10.357917570498916
2025-02-14,35.0,35.61,33.8,35.61,18655709.0,876661880.0,202033116.0,0.09233985679852603,0.6099999999999994,1.7428571428571349,5.171428571428578
2025-02-17,35.61,36.49,34.3,34.69,16576433.0,791016605.0,202033116.0,0.08204809849094244,-0.9200000000000017,-2.5835439483291256,6.1499578770008565
2025-02-18,34.47,34.77,32.64,32.82,15126605.0,688004215.0,202033116.0,0.07487190862313879,-1.8699999999999974,-5.390602479100604,6.140098010954173
2025-02-19,32.9,34.16,32.63,33.82,10920448.0,497529731.0,202033116.0,0.054052762320410876,1.0,3.0469226081657474,4.661791590493583
2025-02-20,33.64,33.99,32.97,33.7,10005463.0,455457663.0,202033116.0,0.04952387607584095,-0.11999999999999744,-0.3548196333530429,3.015966883500896
2025-02-21,33.73,34.1,32.68,33.87,21963080.0,993761213.0,202033116.0,0.1087102967812465,0.1699999999999946,0.5044510385756595,4.213649851632052
2025-02-24,33.51,34.1,33.14,33.74,11407817.0,521350433.0,202033116.0,0.05646508466463488,-0.12999999999999545,-0.38382049010923236,2.8343666961913225
2025-02-25,33.35,33.35,32.4,32.68,12443566.0,554982632.0,202033116.0,0.061591714498924026,-1.0600000000000023,-3.141671606401908,2.8156490812092554
2025-02-26,33.1,34.24,32.95,33.57,17322623.0,788091756.0,202033116.0,0.08574150289302077,0.8900000000000006,2.7233782129743034,3.947368421052629
2025-02-27,33.33,33.96,32.01,32.64,13993450.0,624863616.0,202033116.0,0.06926314990855262,-0.9299999999999997,-2.7703306523681803,5.808757819481689
2025-02-28,32.33,32.38,29.79,30.19,15321490.0,646108403.0,202033116.0,0.07583652771063532,-2.4499999999999993,-7.506127450980394,7.935049019607854
2025-03-03,30.35,33.21,29.71,32.55,22970934.0,1010753885.0,202033116.0,0.11369885519164095,2.359999999999996,7.8171579993375095,11.593242795627692
2025-03-04,31.89,33.54,31.89,33.2,22681981.0,1019849278.0,202033116.0,0.11226862926768896,0.6500000000000057,1.9969278033794335,5.06912442396313
2025-03-05,33.07,33.32,32.41,32.82,10998600.0,489901503.0,202033116.0,0.054439589992761384,-0.38000000000000256,-1.1445783132530196,2.7409638554216977
2025-03-06,34.61,36.1,34.61,36.1,25537015.0,1240352665.0,202033116.0,0.12640014422190074,3.280000000000001,9.993906154783684,4.539914686166977
2025-03-07,36.82,39.71,34.83,35.23,48091654.0,2434431009.0,202033116.0,0.2380384708811797,-0.8700000000000045,-2.409972299168983,13.518005540166211
2025-03-10,34.65,35.33,32.99,33.24,25224122.0,1154829550.0,202033116.0,0.124851422872674,-1.9899999999999949,-5.648594947487917,6.6420664206641975
2025-03-11,32.51,33.23,32.43,32.7,11517323.0,511866579.0,202033116.0,0.057007104716436684,-0.5399999999999991,-1.6245487364620947,2.406738868832723
2025-03-12,33.01,33.94,33.0,33.29,16490130.0,751786701.0,202033116.0,0.08162092594760555,0.5899999999999963,1.8042813455657392,2.874617737003051
2025-03-13,33.43,34.16,32.44,32.81,10871200.0,487791820.0,202033116.0,0.05380900030270285,-0.4799999999999969,-1.4418744367677871,5.166716731751273
2025-03-14,32.7,33.41,32.44,33.12,9195228.0,411691909.0,202033116.0,0.04551346918789294,0.30999999999999517,0.9448338921060451,2.956415726912523
2025-03-17,33.15,33.28,32.26,32.43,11606975.0,512370448.0,202033116.0,0.05745085375013471,-0.6899999999999977,-2.083333333333326,3.079710144927546
2025-03-18,32.55,33.29,32.51,32.59,8259390.0,367460002.0,202033116.0,0.04088136719130739,0.1600000000000037,0.4933703361085451,2.405180388529143
2025-03-19,32.41,32.51,31.92,32.11,7112300.0,310999851.0,202033116.0,0.03520363463581881,-0.480000000000004,-1.4728444308070077,1.8103712795335878
2025-03-20,32.12,32.4,31.78,31.85,6248710.0,272006739.0,202033116.0,0.030929137379636318,-0.259999999999998,-0.8097165991902799,1.930862659607591
2025-03-21,31.67,32.17,30.94,31.95,8771813.0,375697828.0,202033116.0,0.04341769890833144,0.09999999999999787,0.31397174254317317,3.861852433281006
2025-03-24,31.63,32.56,31.31,32.56,10121614.0,441574126.0,202033116.0,0.05009878677513443,0.610000000000003,1.9092331768388204,3.912363067292656
2025-03-25,32.62,32.7,31.47,31.75,6991587.0,303919452.0,202033116.0,0.03460614347996296,-0.8100000000000023,-2.487714987714995,3.7776412776412895
2025-03-26,31.52,31.89,31.38,31.41,4298324.0,184229504.0,202033116.0,0.021275343790668456,-0.33999999999999986,-1.0708661417322851,1.6062992125984301
2025-03-27,31.24,31.55,30.86,31.23,4287206.0,181754023.0,202033116.0,0.0212203132084544,-0.17999999999999972,-0.5730659025787954,2.1967526265520574
2025-03-28,31.31,31.97,31.11,31.15,3805500.0,162263034.0,202033116.0,0.018836020922431352,-0.08000000000000185,-0.2561639449247588,2.7537624079410805
2025-03-31,30.93,31.81,30.48,31.7,7040920.0,299722944.0,202033116.0,0.0348503262207766,0.5500000000000007,1.7656500802568198,4.269662921348309
2025-04-01,31.69,32.03,31.35,31.82,5872549.0,253331553.0,202033116.0,0.02906725944869355,0.120000000000001,0.3785488958990557,2.1451104100946363
2025-04-02,31.63,33.06,31.63,32.84,11655585.0,517792340.0,202033116.0,0.05769145786970885,1.0200000000000031,3.2055311125078756,4.494028912633574
2025-04-03,32.33,32.83,30.64,30.77,10789830.0,461952114.0,202033116.0,0.05340624454854223,-2.070000000000004,-6.303288672350805,6.668696711327642
2025-04-07,27.73,28.56,27.69,27.69,3742700.0,141147131.0,202033116.0,0.018525180792637975,-3.0799999999999983,-10.009749756256092,2.827429314267135
2025-04-08,25.48,27.04,24.92,24.92,10542400.0,362746669.0,202033116.0,0.05218154433652352,-2.7699999999999996,-10.003611412062119,7.65619357168652
2025-04-09,24.3,25.39,22.43,25.17,18412984.0,589959053.0,202033116.0,0.09113844484782385,0.25,1.0032102728732006,11.878009630818623
2025-04-10,25.89,26.81,25.38,26.54,14464007.0,515535669.0,202033116.0,0.07159225817217015,1.3699999999999974,5.442987683750489,5.681366706396503
2025-04-11,26.24,27.54,26.08,27.15,10264812.0,370615594.0,202033116.0,0.05080757156663366,0.6099999999999994,2.298417483044468,5.50113036925396
2025-04-14,27.62,28.57,27.37,28.29,10620128.0,398553854.0,202033116.0,0.05256627334302957,1.1400000000000006,4.198895027624316,4.4198895027624285
2025-04-15,27.95,30.14,27.15,29.03,18332419.0,698383424.0,202033116.0,0.09073967358895757,0.740000000000002,2.615765288087668,10.569105691056919
2025-04-16,29.32,30.14,27.71,28.07,14547077.0,558003095.0,202033116.0,0.07200342838844301,-0.9600000000000009,-3.306923871856704,8.37065105063727
2025-04-17,27.32,28.9,27.32,28.28,11342693.0,427954307.0,202033116.0,0.056142741470165715,0.21000000000000085,0.7481296758104827,5.628785179907368
2025-04-18,28.21,28.26,27.5,27.8,7337400.0,272823141.0,202033116.0,0.03631780841315144,-0.4800000000000004,-1.6973125884017004,2.6874115983026927
2025-04-21,28.01,30.36,27.84,29.91,17677612.0,699238349.0,202033116.0,0.08749858612288096,2.1099999999999994,7.589928057553963,9.064748201438848
2025-04-22,30.29,30.87,29.62,29.82,19649790.0,795222814.0,202033116.0,0.09726024321676056,-0.08999999999999986,-0.30090270812437314,4.179204279505182
2025-04-23,29.85,30.51,29.11,29.7,14586212.0,578833331.0,202033116.0,0.0721971342559504,-0.120000000000001,-0.4024144869215318,4.694835680751181
2025-04-24,29.58,29.85,28.89,29.05,6856173.0,267565331.0,202033116.0,0.0339358870255706,-0.6499999999999986,-2.188552188552184,3.232323232323235
2025-04-25,29.32,29.67,29.0,29.09,6594949.0,257942125.0,202033116.0,0.03264291087803645,0.03999999999999915,0.1376936316695332,2.306368330464722
2025-04-28,29.35,29.64,28.68,28.83,7316664.0,285016965.0,202033116.0,0.03621517177411648,-0.26000000000000156,-0.8937779305603355,3.3001031282227604
2025-04-29,28.46,29.23,28.33,29.04,5956480.0,230594963.0,202033116.0,0.02948269134254208,0.21000000000000085,0.7284079084287187,3.1217481789802366
2025-04-30,30.68,31.94,30.62,31.63,23394171.0,989317312.0,202033116.0,0.11579374442752247,2.59,8.918732782369144,4.545454545454546
2025-05-06,31.32,33.05,31.19,32.4,24161916.0,1042322340.0,202033116.0,0.11959383925950041,0.7699999999999996,2.4343977236800596,5.8804932026556935
2025-05-07,32.57,32.87,31.82,32.23,10857641.0,468755884.0,202033116.0,0.05374188754283234,-0.1700000000000017,-0.5246913580246981,3.240740740740732
2025-05-08,32.25,32.89,32.08,32.28,8205520.0,355857680.0,202033116.0,0.040614727736021254,0.05000000000000426,0.15513496742167732,2.513186472230848
2025-05-09,32.25,32.27,31.19,31.27,6621000.0,279106588.0,202033116.0,0.03277185508538115,-1.0100000000000016,-3.1288723667905916,3.345724907063203
2025-05-12,32.06,32.28,31.78,32.0,6754023.0,288963519.0,202033116.0,0.03343027684629682,0.7300000000000004,2.334505916213625,1.598976654940838
2025-05-13,32.99,33.23,32.04,32.09,8458600.0,367623017.0,202033116.0,0.04186739366035418,0.09000000000000341,0.28125000000001066,3.718749999999993
2025-05-14,31.95,32.91,31.69,32.67,9765255.0,422357743.0,202033116.0,0.04833492247874848,0.5799999999999983,1.807416640698034,3.801807416640683
2025-05-15,32.69,33.1,31.12,31.18,9742419.0,415058365.0,202033116.0,0.04822189150416311,-1.490000000000002,-4.560759106213652,6.060606060606061
2025-05-16,30.83,31.33,30.83,31.04,4765483.0,197875110.0,202033116.0,0.0235876330294287,-0.14000000000000057,-0.4490057729313657,1.603592046183451
2025-05-19,31.04,31.09,30.16,30.61,4531310.0,184684493.0,202033116.0,0.022428550772834687,-0.4299999999999997,-1.3853092783505105,2.996134020618556
2025-05-20,30.53,31.95,30.21,31.01,6283090.0,261024022.0,202033116.0,0.031099307501647404,0.40000000000000213,1.3067624959163693,5.684416857236192
2025-05-21,30.77,31.14,30.56,30.91,4214598.0,173759297.0,202033116.0,0.02086092658195699,-0.10000000000000142,-0.32247662044502245,1.8703643985811087
2025-05-22,30.76,32.49,30.63,31.62,12777095.0,545746078.0,202033116.0,0.06324257751882617,0.7100000000000009,2.296991264962789,6.0174700744095855
2025-05-23,31.44,32.15,30.8,30.85,6896569.0,288446336.0,202033116.0,0.03413583444409183,-0.7699999999999996,-2.4351676154332647,4.269449715370012
2025-05-26,30.68,31.1,30.42,30.78,4605389.0,189014526.0,202033116.0,0.022795218383900983,-0.07000000000000028,-0.22690437601297075,2.2042139384116686
2025-05-27,30.66,30.66,30.19,30.46,3398600.0,138130804.0,202033116.0,0.01682199466744848,-0.3200000000000003,-1.0396361273554255,1.5269655620532776
2025-05-28,30.41,30.54,29.92,30.06,3379530.0,135872941.0,202033116.0,0.016727604201283518,-0.40000000000000213,-1.3131976362442566,2.0354563361785862
2025-05-29,30.12,31.54,30.03,31.28,7063401.0,293163587.0,202033116.0,0.034961600057685595,1.2200000000000024,4.058549567531622,5.023286759813699
2025-05-30,31.04,31.12,30.42,30.5,3747700.0,153556505.0,202033116.0,0.018549929210615154,-0.7800000000000011,-2.493606138107418,2.23785166240409
2025-06-03,30.3,31.37,30.3,30.81,4004200.0,165451441.0,202033116.0,0.019819523052844467,0.3099999999999987,1.0163934426229426,3.508196721311476
2025-06-04,30.79,31.36,30.59,31.1,3132241.0,129815237.0,202033116.0,0.015503601894651766,0.2900000000000027,0.9412528399870279,2.499188575137941
2025-06-05,31.04,31.66,30.87,31.55,5006356.0,210090998.0,202033116.0,0.024779878166112133,0.4499999999999993,1.4469453376205754,2.5401929260450133
2025-06-06,31.59,31.6,30.79,30.9,4718700.0,195567854.0,202033116.0,0.02335607198178342,-0.6500000000000021,-2.0602218700475516,2.567353407290023
2025-06-09,30.93,32.13,30.93,31.74,7398393.0,313499024.0,202033116.0,0.03661970446468786,0.8399999999999999,2.7184466019417375,3.8834951456310773
2025-06-10,31.7,31.75,30.89,31.43,4934800.0,206775204.0,202033116.0,0.024425698606757123,-0.3099999999999987,-0.9766855702583399,2.7095148078134828
2025-06-11,31.24,31.69,31.0,31.19,4797771.0,200842602.0,202033116.0,0.023747448413358133,-0.23999999999999844,-0.7636016544702473,2.1953547566019767
2025-06-12,31.19,32.05,30.89,31.42,5552124.0,234206921.0,202033116.0,0.027481257082626,0.23000000000000043,0.7374158384097385,3.71914075024045
2025-06-13,31.36,31.51,29.76,30.19,7704884.0,313300789.0,202033116.0,0.038136737939536605,-1.2300000000000004,-3.9147040101846,5.569700827498409
2025-06-16,29.94,30.89,29.85,30.83,5409531.0,222205054.0,202033116.0,0.026775466849702008,0.639999999999997,2.119907254057618,3.4448492878436534
2025-06-17,30.86,31.04,30.49,30.89,4137162.0,170310029.0,202033116.0,0.020477642883060816,0.060000000000002274,0.19461563412261906,1.7839766461239077
2025-06-18,30.81,30.85,30.42,30.58,2601686.0,106385449.0,202033116.0,0.012877522514675267,-0.3100000000000023,-1.003561022984789,1.3920362576885714
2025-06-19,30.57,30.72,29.58,29.85,5258353.0,211420168.0,202033116.0,0.026027183583111197,-0.7299999999999969,-2.3871811641595686,3.727926749509485
2025-06-20,29.72,29.9,29.09,29.22,4412181.0,173047400.0,202033116.0,0.021838899915794,-0.6300000000000026,-2.110552763819107,2.7135678391959757
2025-06-23,29.04,30.18,28.99,29.75,3780645.0,149925088.0,202033116.0,0.01871299653666679,0.5300000000000011,1.8138261464750283,4.072553045859005
2025-06-24,29.78,32.07,29.78,31.68,11923645.0,497707445.0,202033116.0,0.059018270054301394,1.9299999999999997,6.4873949579831836,7.697478991596636
2025-06-25,31.62,33.24,31.13,32.88,17137576.0,745419354.0,202033116.0,0.08482557879273614,1.2000000000000028,3.7878787878788067,6.660353535353544
2025-06-26,32.74,33.79,32.43,33.11,13477559.0,595386134.0,202033116.0,0.06670965268881959,0.22999999999999687,0.6995133819951205,4.1362530413625285
2025-06-27,32.97,33.65,32.16,32.27,9454953.0,412525466.0,202033116.0,0.04679902575971753,-0.8399999999999963,-2.5369978858350795,4.500151011778924
2025-06-30,32.38,34.64,32.38,34.17,14953716.0,676994266.0,202315261.0,0.07391294124865845,1.8999999999999986,5.887821506042767,7.003408738766649
2025-07-01,34.1,34.31,33.28,33.62,7434184.0,333776740.0,202315261.0,0.036745542393858265,-0.5500000000000043,-1.6095990635060065,3.0143400643839655
2025-07-02,33.38,33.62,32.71,32.91,5628836.0,248759880.0,202315261.0,0.027822102851647955,-0.7100000000000009,-2.1118381915526507,2.7067221891731013
2025-07-03,33.18,33.88,32.66,33.56,7359708.0,328089981.0,202315261.0,0.03637742384643935,0.6500000000000057,1.9750835612275974,3.7070799149194955
2025-07-04,33.35,34.36,32.96,34.06,10292375.0,465365823.0,202315261.0,0.050872954166319664,0.5,1.489868891537549,4.171632896305121
2025-07-07,34.04,36.27,33.84,35.33,16731669.0,784005330.0,202315261.0,0.08270097330917611,1.269999999999996,3.728714034057523,7.134468584850263
2025-07-08,35.33,36.7,34.43,36.12,17273893.0,821088112.0,202315261.0,0.08538106771886081,0.7899999999999991,2.2360600056609004,6.425134446645919
2025-07-09,35.97,38.71,35.97,38.23,22267566.0,1125993494.0,202315261.0,0.11006369905036477,2.1099999999999994,5.841638981173869,7.585825027685498
2025-07-10,38.07,38.11,36.94,37.41,10647272.0,533356475.0,202315261.0,0.05262713226561787,-0.8200000000000003,-2.144912372482344,3.0604237509809096
2025-07-11,37.09,37.41,36.1,36.46,10242938.0,501244208.0,202315261.0,0.05062859790888439,-0.9499999999999957,-2.5394279604383785,3.50173750334134
2025-07-14,36.16,36.61,35.57,36.49,7675910.0,370342462.0,202315261.0,0.03794034104031332,0.030000000000001137,0.08228195282502515,2.8524410312671398
2025-07-15,36.33,38.26,36.2,38.1,14324091.0,712534779.0,202315261.0,0.0708008428489238,1.6099999999999994,4.41216771718278,5.645382296519581
2025-07-16,37.53,40.25,37.47,38.38,17737989.0,929252333.0,202315261.0,0.08767499254542148,0.28000000000000114,0.7349081364829368,7.296587926509189
2025-07-17,38.37,39.41,37.95,38.96,9194602.0,476066721.0,202315261.0,0.04544690279197475,0.5799999999999983,1.5112037519541488,3.8040646169879984
2025-07-18,39.25,42.86,39.04,41.51,20692898.0,1151015814.0,202315261.0,0.10228046019721666,2.549999999999997,6.545174537987664,9.804928131416839
2025-07-21,41.51,42.57,40.42,40.53,14558615.0,803294136.0,202315261.0,0.07196004358761646,-0.9799999999999969,-2.360876897133213,5.179474825343287
2025-07-22,40.32,41.42,39.93,40.28,8294899.0,450050020.0,202315261.0,0.04099986802280822,-0.25,-0.6168270416975097,3.6762891685171524
2025-07-23,39.85,40.5,39.19,40.21,6506129.0,349048973.0,202315261.0,0.03215836990171493,-0.07000000000000028,-0.17378351539225623,3.2522343594836203
2025-07-24,40.39,40.98,38.1,38.39,15844996.0,822862016.0,202315261.0,0.07831834297463107,-1.8200000000000003,-4.526237254414323,7.1623974135787
2025-07-25,38.14,39.55,37.99,39.34,9961445.0,515813748.0,202315261.0,0.0492372396959219,0.9500000000000028,2.4746027611357135,4.0635582182859995
2025-07-28,39.04,39.19,38.1,38.75,7594185.0,391252310.0,202315261.0,0.037536392274431535,-0.5900000000000034,-1.499745805795638,2.7707168276563197
2025-07-29,38.66,39.03,38.25,38.69,5804151.0,299719256.0,202315261.0,0.02868864647832968,-0.060000000000002274,-0.15483870967742952,2.0129032258064545
2025-07-30,38.69,38.96,37.77,38.15,6127345.0,313849139.0,202315261.0,0.03028612359598518,-0.5399999999999991,-1.3957094856552055,3.0757301628327673
2025-07-31,38.49,41.54,38.33,40.1,18826953.0,1005424476.0,202315261.0,0.09305750296316005,1.9500000000000028,5.111402359108785,8.414154652686765
2025-08-01,40.91,42.91,40.02,42.39,18558279.0,1024192434.0,202315261.0,0.09172950625805731,2.289999999999999,5.710723192019951,7.206982543640882
2025-08-04,41.92,42.98,41.28,42.64,11742220.0,659852096.0,202315261.0,0.058039220284029885,0.25,0.5897617362585539,4.010379806558141
2025-08-05,42.48,42.63,39.38,40.91,16114550.0,872800432.0,202315261.0,0.07965068932689166,-1.730000000000004,-4.057223264540344,7.621951219512195
2025-08-06,40.08,40.88,40.08,40.51,7940600.0,430355298.0,202315261.0,0.03924864570646502,-0.3999999999999986,-0.9777560498655524,1.9555120997311277
2025-08-07,41.51,41.75,39.59,39.76,10880166.0,591023569.0,202315261.0,0.053778276271506775,-0.75,-1.8513947173537382,5.332016785978762
2025-08-08,39.29,39.55,38.29,38.47,9603191.0,496897270.0,202315261.0,0.04746646868127264,-1.2899999999999991,-3.244466800804824,3.169014084507037
2025-08-11,38.14,38.87,38.08,38.58,6725968.0,346850394.0,202315261.0,0.03324498590346084,0.10999999999999943,0.2859370938393502,2.0535482193917316
2025-08-12,38.58,38.84,38.3,38.61,7111409.0,366213511.0,202315261.0,0.03515013630138361,0.030000000000001137,0.07776049766718973,1.3996889580093475
2025-08-13,38.68,38.69,37.39,37.66,14330570.0,723928917.0,202315261.0,0.07083286712612352,-0.9500000000000028,-2.4605024605024672,3.36700336700336
2025-08-14,37.77,38.55,37.28,37.35,10187426.0,516862909.0,202315261.0,0.050354214257717314,-0.30999999999999517,-0.8231545406266472,3.372278279341466
2025-08-15,37.34,37.61,37.09,37.39,7551056.0,377404224.0,202315261.0,0.03732321507866873,0.03999999999999915,0.10709504685408877,1.3922356091030683
2025-08-18,37.39,38.18,37.3,37.92,9552800.0,482919249.0,202315261.0,0.047217397010895786,0.5300000000000011,1.4174913078363272,2.353570473388613
2025-08-19,38.21,38.8,37.47,38.06,11336440.0,576970493.0,202315261.0,0.05603353866617111,0.14000000000000057,0.3691983122362963,3.507383966244721
2025-08-20,38.23,38.51,37.54,38.51,9393980.0,479521351.0,202315261.0,0.04643238455451959,0.44999999999999574,1.1823436678927823,2.5486074619022565
2025-08-21,38.75,40.01,38.59,39.77,14340565.0,757464284.0,202315261.0,0.07088227022083124,1.2600000000000051,3.271877434432624,3.6873539340430916
2025-08-22,39.33,39.86,38.65,39.82,13724111.0,720004135.0,202315261.0,0.06783527318781948,0.04999999999999716,0.12572290671359898,3.0424943424691997
2025-08-25,39.92,39.97,39.14,39.49,9268570.0,490159571.0,202315261.0,0.04581251040671618,-0.3299999999999983,-0.8287292817679481,2.084379708689097
2025-08-26,39.12,39.71,38.75,39.39,8501964.0,445471560.0,202315261.0,0.04202334494183313,-0.10000000000000142,-0.25322866548493916,2.430995188655358
2025-08-27,39.85,40.61,38.81,38.82,12476198.0,665818318.0,202315261.0,0.061667112694973616,-0.5700000000000003,-1.44706778370145,4.569687738004562
2025-08-28,38.03,38.5,36.35,37.72,14959737.0,749169302.0,202315261.0,0.07394270173222375,-1.1000000000000014,-2.8335909325090225,5.5383822771767095
2025-08-29,37.39,38.35,37.03,38.19,7671167.0,388524802.0,202315261.0,0.03791689743068863,0.46999999999999886,1.2460233297985068,3.4994697773064694
2025-09-01,39.26,40.76,38.52,39.38,12102530.0,637476338.0,202315261.0,0.059820153656129776,1.1900000000000048,3.1159989526054144,5.865409793139553
2025-09-02,39.23,39.58,36.94,37.34,9835021.0,498649034.0,202315261.0,0.04861235356832523,-2.039999999999999,-5.180294565769428,6.703910614525141
2025-09-03,37.14,37.52,35.66,35.79,7062293.0,344059603.0,202315261.0,0.03490736667660479,-1.5500000000000043,-4.151044456347098,4.981253347616514
2025-09-04,35.85,36.91,34.48,35.18,8607686.0,412465011.0,202315261.0,0.04254590562004119,-0.6099999999999994,-1.7043867001955815,6.789606035205365
2025-09-05,35.31,36.06,34.87,35.78,5950647.0,283645614.0,202315261.0,0.02941274410337241,0.6000000000000014,1.7055144968732172,3.3826037521319066
2025-09-08,35.78,37.21,35.62,36.9,10379680.0,509610980.0,202315261.0,0.05130448364940695,1.1199999999999974,3.1302403577417426,4.443823365008394
2025-09-09,36.87,37.21,35.84,36.24,5333520.0,259808683.0,202315261.0,0.02636242057884106,-0.6599999999999966,-1.788617886178856,3.712737127371267
2025-09-10,35.94,36.53,35.78,35.88,3179402.0,153323081.0,202315261.0,0.015715087355669132,-0.35999999999999943,-0.9933774834437026,2.0695364238410594
2025-09-11,35.9,36.49,35.52,36.27,7577412.0,365796776.0,202315261.0,0.03745348701104659,0.39000000000000057,1.0869565217391353,2.703455964325526
2025-09-12,36.49,37.09,35.9,35.92,7922930.0,385930080.0,202315261.0,0.03916130676864757,-0.3500000000000014,-0.964984835952587,3.2809484422387776
2025-09-15,34.77,35.26,33.55,34.92,11171255.0,517398840.0,202315261.0,0.05521706540961337,-1.0,-2.7839643652561197,4.760579064587976
2025-09-16,35.05,35.81,34.74,35.49,7384440.0,349699678.0,202315261.0,0.03649966870269861,0.5700000000000003,1.632302405498276,3.0641466208476524
2025-09-17,35.19,36.02,35.08,35.93,5944640.0,282885067.0,202315261.0,0.029383052818739167,0.4399999999999977,1.239785855170461,2.6486334178642004
2025-09-18,35.88,36.17,34.55,34.87,7915208.0,375035781.0,202315261.0,0.03912313861483736,-1.0600000000000023,-2.9501809073197993,4.508767047035915
2025-09-19,35.07,35.6,34.94,35.22,4941230.0,232936228.0,202315261.0,0.02442341707479991,0.3500000000000014,1.0037281330656844,1.892744479495279
2025-09-22,35.15,35.88,34.83,35.24,5666940.0,266979160.0,202315261.0,0.028010442573583216,0.020000000000003126,0.05678591709257219,2.9812606473594667
2025-09-23,35.13,35.13,33.67,34.33,5783933.0,264473952.0,202315261.0,0.028588713334877888,-0.9100000000000037,-2.582292849035195,4.143019296254258
2025-09-24,34.17,35.47,34.03,35.31,6768333.0,316233822.0,202315261.0,0.03345438681464568,0.980000000000004,2.854646082143919,4.194581998252251
2025-09-25,35.37,37.83,35.15,36.69,16561428.0,819564114.0,202315261.0,0.08185950935258414,1.3799999999999955,3.908241291418846,7.589917870291702
2025-09-26,36.42,36.48,34.99,35.04,8226811.0,386486465.0,202315261.0,0.040663323959530664,-1.6499999999999986,-4.497138184791494,4.061052057781398
2025-09-29,35.05,35.9,34.51,35.64,6357318.0,296354122.0,202315261.0,0.03142282973897852,0.6000000000000014,1.7123287671232834,3.9668949771689515
2025-09-30,36.57,37.59,36.3,36.61,9691133.0,471576917.0,202315261.0,0.04790114671576851,0.9699999999999989,2.7216610549943843,3.619528619528637
2025-10-09,36.76,37.81,35.48,37.7,17532479.0,854637097.0,202315261.0,0.08665920165063573,1.0900000000000034,2.9773285987435116,6.364381316580184
2025-10-10,37.17,37.17,36.28,36.41,9947764.0,479875034.0,202315261.0,0.04916961751095979,-1.2900000000000063,-3.4217506631299854,2.3607427055702934
2025-10-13,34.83,35.68,34.44,35.24,6694232.0,310166477.0,202315261.0,0.03308812181004971,-1.1699999999999946,-3.213402911288088,3.4056577863224446
2025-10-14,35.43,35.85,34.45,34.62,5841563.0,269749180.0,202315261.0,0.02887356579590899,-0.6200000000000045,-1.759364358683324,3.9727582292848993
2025-10-15,34.62,34.91,34.18,34.82,3566530.0,163232706.0,202315261.0,0.017628576224904755,0.20000000000000284,0.5777007510109788,2.108607741190055
2025-10-16,34.81,35.04,34.08,34.28,3966011.0,180664939.0,202315261.0,0.01960312326611881,-0.5399999999999991,-1.5508328546812167,2.757036186099945
2025-10-17,34.3,34.45,32.84,32.9,5327900.0,235127556.0,202315261.0,0.0263346421504011,-1.3800000000000026,-4.025670945157533,4.6966161026837785
2025-10-20,33.1,33.52,33.03,33.21,3825882.0,168253271.0,202315261.0,0.01891049632681936,0.3100000000000023,0.9422492401215843,1.4893617021276657
2025-10-21,33.29,33.39,32.58,32.86,6013716.0,261271905.0,202315261.0,0.029724480349507594,-0.3500000000000014,-1.053899427883176,2.439024390243909
2025-10-22,32.81,33.03,32.48,32.65,3773458.0,162968182.0,202315261.0,0.018651375982951676,-0.21000000000000085,-0.6390748630553889,1.6737674984784061
2025-10-23,32.51,33.65,32.25,33.62,5847500.0,255007617.0,202315261.0,0.02890291108588195,0.9699999999999989,2.9709035222051927,4.287901990811634
2025-10-24,33.49,34.83,33.46,34.71,7970835.0,362837751.0,202315261.0,0.03939809068580348,1.0900000000000034,3.24211778703154,4.074955383700171
2025-10-27,34.81,34.96,34.09,34.51,5792156.0,263989432.0,202315261.0,0.028629357821899556,-0.20000000000000284,-0.5762028233938454,2.5064822817631733
2025-10-28,34.01,34.3,33.24,34.09,7539576.0,336678499.0,202315261.0,0.037266471954382124,-0.4199999999999946,-1.2170385395537386,3.0715734569689808
2025-10-29,33.95,34.36,33.57,34.34,4676500.0,210140054.0,202315261.0,0.023114914697413756,0.25,0.733352889410388,2.3173951305368115
2025-10-30,34.3,34.32,33.24,33.24,6654889.0,295460481.0,202315261.0,0.032893657982627424,-1.1000000000000014,-3.2032615026208577,3.145020384391375
2025-10-31,33.47,36.33,33.47,35.85,18080674.0,846336231.0,202315261.0,0.08936880940484267,2.6099999999999994,7.851985559566788,8.604091456077013
2025-11-03,36.43,37.07,36.08,36.49,12647851.0,610491916.0,202315261.0,0.06251555585814161,0.6400000000000006,1.7852161785216092,2.761506276150633
2025-11-04,36.36,36.73,35.62,36.5,9537368.0,455588776.0,202315261.0,0.04714112001664571,0.00999999999999801,0.027404768429706294,3.0419292956974497
2025-11-05,35.99,36.34,35.21,35.86,6322800.0,298452248.0,202315261.0,0.031252214829211526,-0.6400000000000006,-1.7534246575342527,3.095890410958911
2025-11-06,35.8,35.86,34.96,35.32,6172902.0,287718141.0,202315261.0,0.030511301863678984,-0.5399999999999991,-1.5058561070831034,2.5097601784718306
2025-11-07,35.14,35.27,33.87,33.98,7263798.0,329161313.0,202315261.0,0.035903361734041406,-1.3400000000000034,-3.7938844847112185,3.9637599093997897
2025-11-10,34.0,34.46,33.83,34.02,4441300.0,199883328.0,202315261.0,0.021952372638858915,0.04000000000000625,0.11771630370809305,1.854031783402009
2025-11-11,34.19,34.38,33.32,33.37,4702830.0,209047152.0,202315261.0,0.02324505811748922,-0.6500000000000057,-1.910640799529706,3.1158142269253446
2025-11-12,33.37,33.49,32.8,33.02,3560280.0,155695306.0,202315261.0,0.01759768384452224,-0.3499999999999943,-1.0488462691039646,2.067725501947872
2025-11-13,33.09,33.39,32.69,33.39,5624103.0,244905456.0,202315261.0,0.027798708669831883,0.36999999999999744,1.1205330102967759,2.119927316777719
2025-11-14,33.05,33.05,32.45,32.46,5245120.0,226921267.0,202315261.0,0.025925478750710752,-0.9299999999999997,-2.785265049415997,1.7969451931715914
2025-11-17,32.43,32.78,32.18,32.71,3651500.0,156762247.0,202315261.0,0.018048564314681135,0.25,0.7701786814541034,1.848428835489838
2025-11-18,32.69,34.57,32.48,34.21,11812813.0,528282492.0,202315261.0,0.058388146013364756,1.5,4.585753592173658,6.389483338428626
2025-11-19,34.21,34.4,33.46,33.64,6175236.0,276389822.0,202315261.0,0.03052283831420903,-0.5700000000000003,-1.6661794796843044,2.7477345805320015
2025-11-20,33.93,34.04,32.9,32.93,3961311.0,174071237.0,202315261.0,0.01957989219607116,-0.7100000000000009,-2.110582639714631,3.3888228299643295
2025-11-21,32.83,34.03,32.56,33.49,7734992.0,341456179.0,202315261.0,0.038232370419154886,0.5600000000000023,1.7005769814758542,4.464014576374123
2025-11-24,33.77,36.83,32.84,36.57,22480325.0,1052931017.0,202315261.0,0.11111532016361336,3.0799999999999983,9.196775156763204,11.914004180352327
2025-11-25,36.54,37.54,35.92,35.92,22631020.0,1101046854.0,202315261.0,0.11186017252549228,-0.6499999999999986,-1.7774131802023474,4.429860541427392
2025-11-26,35.9,36.94,35.83,35.96,10679901.0,512209730.0,202315261.0,0.05278841026233805,0.03999999999999915,0.11135857461024301,3.090200445434297
2025-11-27,36.11,36.23,34.63,34.66,9452050.0,440875775.0,202315261.0,0.04671941183912962,-1.3000000000000043,-3.615127919911021,4.44938820912123
2025-11-28,34.59,35.17,34.24,34.69,7375900.0,337152894.0,202315261.0,0.036457457354143935,0.030000000000001137,0.08655510675130706,2.6832083092902477
2025-12-01,34.7,34.71,33.92,34.29,8432600.0,380323535.0,202315261.0,0.04168049389017668,-0.3999999999999986,-1.153070049005478,2.277313346785815
2025-12-02,34.07,34.22,33.46,33.49,5923100.0,263317288.0,202315261.0,0.029276585318988864,-0.7999999999999972,-2.333041703120431,2.216389617964415
2025-12-03,33.6,33.65,32.4,32.48,9555600.0,413378990.0,202315261.0,0.04723123679730715,-1.0100000000000051,-3.015825619587953,3.7324574499850702
2025-12-04,32.56,32.87,32.31,32.67,5884990.0,253141305.0,202315261.0,0.029088215940368433,0.19000000000000483,0.5849753694581405,1.7241379310344682
2025-12-05,32.64,32.78,31.93,32.74,6737000.0,288792636.0,202315261.0,0.033299514661921624,0.07000000000000028,0.214263850627483,2.6017753290480607
2025-12-08,32.78,33.28,32.62,33.24,7050850.0,307814848.0,202315261.0,0.03485080643521005,0.5,1.5271838729383092,2.0158827122785694
2025-12-09,32.97,33.14,32.57,32.62,4758730.0,205992277.0,202315261.0,0.02352135956763044,-0.6200000000000045,-1.8652226233453861,1.7148014440433221
2025-12-10,32.59,32.81,32.4,32.77,3091400.0,133307638.0,202315261.0,0.015280112754321583,0.15000000000000568,0.4598405885959611,1.2568976088289507
2025-12-11,32.78,32.86,32.42,32.43,2947688.0,126807914.0,202315261.0,0.014569775831196442,-0.3400000000000034,-1.0375343301800566,1.3426914861153423
2025-12-12,32.5,32.63,32.33,32.55,4530193.0,194114771.0,202315261.0,0.02239175125795379,0.11999999999999744,0.37002775208139216,0.9250693802035285
2025-12-15,32.37,32.37,31.41,31.42,6066684.0,253528891.0,202315261.0,0.02998628956616377,-1.1299999999999955,-3.4715821812595915,2.949308755760361
2025-12-16,31.43,32.33,31.43,31.6,4227850.0,177555350.0,202315261.0,0.020897336064035228,0.17999999999999972,0.5728835136855404,2.8644175684277484
2025-12-17,31.44,32.68,31.09,32.59,6889890.0,291243197.0,202315261.0,0.034055216427790885,0.990000000000002,3.13291139240508,5.0316455696202524
2025-12-18,32.24,32.65,32.11,32.11,3153200.0,134765838.0,202315261.0,0.015585576611543901,-0.480000000000004,-1.4728444308070077,1.6569499846578677
2025-12-19,32.62,33.46,32.16,32.27,6522400.0,281956422.0,202315261.0,0.03223879388910755,0.1600000000000037,0.4982871379632714,4.04858299595143
2025-12-22,32.28,33.06,31.88,32.91,6819321.0,294242660.0,202315261.0,0.03370640932519668,0.6399999999999935,1.9832661915091254,3.6566470405949896
2025-12-23,32.71,33.35,32.35,33.18,6615276.0,287766750.0,202315261.0,0.0326978596043726,0.2700000000000031,0.8204193254330194,3.038590094196293
2025-12-24,33.09,33.22,32.69,32.99,3327100.0,144777600.0,202315261.0,0.016445126203307025,-0.18999999999999773,-0.572634116937909,1.5973477998794487
2025-12-25,32.99,33.44,32.99,33.2,4239100.0,186094117.0,202315261.0,0.020952942348723757,0.21000000000000085,0.6365565322825173,1.3640497120339368
2025-12-26,33.1,33.15,32.57,32.68,3630570.0,157389157.0,202315261.0,0.017945111911256164,-0.5200000000000031,-1.5662650602409678,1.7469879518072235
2025-12-29,32.59,33.4,32.51,32.94,4114300.0,179317260.0,202315261.0,0.020336083297245677,0.259999999999998,0.7955936352509019,2.723378212974298
2025-12-30,33.31,34.36,33.27,33.55,9832975.0,439568920.0,202315261.0,0.04860224063868321,0.6099999999999994,1.85185185185186,3.3090467516696913
2025-12-31,33.37,35.18,33.34,34.65,11193820.0,510368545.0,202240975.0,0.055348922244861605,1.1000000000000014,3.2786885245901676,5.4843517138599
2026-01-05,34.9,37.14,34.62,36.49,16922490.0,799051536.0,202240975.0,0.08367488339096467,1.8400000000000034,5.3102453102453095,7.272727272727282
2026-01-06,36.34,36.76,35.58,36.51,10834828.0,517184870.0,202240975.0,0.05357385168856113,0.01999999999999602,0.05480953685941259,3.2337626747053974
2026-01-07,36.34,36.67,35.83,35.92,5512150.0,263173533.0,202240975.0,0.02725535713027491,-0.5899999999999963,-1.6159956176389878,2.300739523418251
2026-01-08,35.81,37.76,35.63,36.86,9390340.0,456129451.0,202240975.0,0.046431441501901385,0.9399999999999977,2.616926503340755,5.929844097995533
2026-01-09,36.65,40.54,36.65,40.33,22513105.0,1171442118.0,202240975.0,0.11131821827896152,3.469999999999999,9.413998914812804,10.553445469343464
2026-01-12,41.56,44.37,41.41,44.14,36350343.0,2076842601.0,202240975.0,0.1797377756906087,3.8100000000000023,9.447061740639718,7.339449541284406
2026-01-13,44.47,46.01,42.66,43.68,28822895.0,1678608560.0,202240975.0,0.1425175832938899,-0.46000000000000085,-1.04213864975079,7.589487992750343
2026-01-14,42.79,48.05,42.77,46.35,31933431.0,1962461718.0,202240975.0,0.15789792844897035,2.6700000000000017,6.112637362637363,12.087912087912073
2026-01-15,45.52,45.65,42.4,43.33,26140912.0,1500068423.0,202240975.0,0.12925625976635052,-3.020000000000003,-6.515641855447685,7.011866235167206
2026-01-16,42.86,44.4,41.53,42.92,17407760.0,986622146.0,202240975.0,0.08607434769338904,-0.4099999999999966,-0.9462266328179036,6.623586429725357
2026-01-19,42.55,43.34,40.73,40.93,14146965.0,774479118.0,202240975.0,0.06995103242555076,-1.990000000000002,-4.636533084808947,6.081081081081096
2026-01-20,41.25,41.47,40.19,40.58,9025649.0,485636744.0,202240975.0,0.044628191690630446,-0.3500000000000014,-0.855118494991447,3.12729049596873
2026-01-21,40.29,41.03,39.67,40.07,10025120.0,532392990.0,202240975.0,0.04957017241436855,-0.509999999999998,-1.2567767373090177,3.35140463282405
2026-01-22,40.1,41.4,39.88,40.13,9039820.0,483164070.0,202240975.0,0.044698261566430836,0.060000000000002274,0.1497379585724934,3.7933616171699427
2026-01-23,40.3,41.21,40.05,40.67,10126537.0,544767017.0,202240975.0,0.05007163854901313,0.5399999999999991,1.3456267131821464,2.890605532020941
2026-01-26,41.1,42.51,39.85,40.47,12629966.0,684190378.0,202240975.0,0.06245008460822541,-0.20000000000000284,-0.4917629702483439,6.540447504302917
2026-01-27,40.44,41.51,39.75,40.75,8862550.0,472338683.0,202240975.0,0.04382173295990093,0.28000000000000114,0.6918705213738496,4.348900420064241
2026-01-28,40.51,40.94,39.31,39.43,9561819.0,504387188.0,202240975.0,0.047279335950590626,-1.3200000000000003,-3.2392638036809807,3.999999999999989
2026-01-29,39.1,41.98,38.7,39.93,14115518.0,759061018.0,202240975.0,0.06979553970208065,0.5,1.2680699974638499,8.318539183362907
2026-01-30,39.6,39.69,38.39,39.33,8595583.0,443354465.0,202240975.0,0.04250168888871308,-0.6000000000000014,-1.5026296018031626,3.2556974705734967
2026-02-02,39.06,39.82,37.86,37.89,6380866.0,325324949.0,202240975.0,0.031550807149738076,-1.4399999999999977,-3.661327231121281,4.983473175692858
2026-02-03,38.54,39.13,37.87,39.04,6982513.0,356133185.0,202240975.0,0.03452570874917904,1.1499999999999986,3.035101609923463,3.3254156769596332
2026-02-04,38.69,38.77,35.87,36.58,15650969.0,756798659.0,202240975.0,0.07738772521246004,-2.460000000000001,-6.301229508196727,7.428278688524605
2026-02-05,36.15,36.76,36.05,36.19,7501164.0,361243999.0,202240975.0,0.0370902286245406,-0.39000000000000057,-1.0661563696008791,1.9409513395298001
2026-02-06,35.95,36.53,35.26,35.75,6189640.0,293266431.0,202240975.0,0.030605271755637056,-0.4399999999999977,-1.2158054711246091,3.509256700746071
2026-02-09,36.45,37.0,36.02,36.8,8378491.0,404178152.0,202240975.0,0.041428256563735416,1.0499999999999972,2.9370629370629286,2.7412587412587324
2026-02-10,37.05,37.84,36.5,37.43,10381642.0,511979368.0,202240975.0,0.05133302981752338,0.6300000000000026,1.7119565217391441,3.6413043478260967
2026-02-11,37.23,37.51,36.73,36.85,5615820.0,274685867.0,202240975.0,0.027767963440643025,-0.5799999999999983,-1.5495591771306438,2.0838899278653518
2026-02-12,36.84,37.7,36.64,37.26,6096180.0,298941243.0,202240975.0,0.03014314977466856,0.4099999999999966,1.1126187245590113,2.876526458616017
2026-02-13,36.95,37.39,36.08,36.14,7908778.0,381700014.0,202240975.0,0.03910571534774296,-1.1199999999999974,-3.0059044551798086,3.515834675254972
2026-02-24,36.48,36.5,33.88,33.95,15987823.0,724586790.0,202240975.0,0.07905333229331989,-2.1899999999999977,-6.059767570558927,7.2495849474266665
2026-02-25,34.01,34.34,33.92,34.11,6491045.0,292977868.0,202240975.0,0.032095597838173,0.1599999999999966,0.4712812960235624,1.2371134020618606
2026-02-26,34.11,34.43,33.93,34.27,6072822.0,274265853.0,202240975.0,0.030027653891601343,0.1600000000000037,0.4690706537672451,1.465845793022574
2026-02-27,34.27,35.14,34.07,34.77,7655393.0,350743754.0,202240975.0,0.037852828785066926,0.5,1.4590020426028527,3.1222643711701203
2026-03-02,34.07,34.41,33.4,33.83,8486455.0,380145674.0,202240975.0,0.04196209497111058,-0.9400000000000048,-2.703480011504189,2.904802991084262
2026-03-03,33.87,34.03,32.35,32.49,7824880.0,341014242.0,202240975.0,0.038690873597697004,-1.3399999999999963,-3.960981377475603,4.9660065031037535
2026-03-04,32.2,32.71,31.75,32.02,6971486.0,296567827.0,202240975.0,0.034471184684508174,-0.46999999999999886,-1.4465989535241586,2.954755309325949
2026-03-05,32.63,32.99,32.42,32.71,5148756.0,221968271.0,202240975.0,0.025458520460554544,0.6899999999999977,2.1549031855090606,1.780137414116178
2026-03-06,32.55,33.16,32.49,32.96,4431725.0,192916455.0,202240975.0,0.021913091548337323,0.25,0.7642922653622763,2.0483032711708793
2026-03-09,32.68,33.27,32.15,33.04,5593810.0,241223768.0,202240975.0,0.027659132873543553,0.0799999999999983,0.24271844660193054,3.398058252427198
2026-03-10,33.37,33.87,33.04,33.18,6923096.0,304231176.0,202240975.0,0.03423191566397462,0.14000000000000057,0.4237288135593209,2.5121065375302614
2026-03-11,33.17,33.29,32.78,32.96,4460180.0,194520008.0,202240975.0,0.022053790039333027,-0.21999999999999886,-0.6630500301386344,1.5370705244122906
2026-03-12,32.87,33.06,32.39,32.48,4649615.0,200350840.0,202240975.0,0.022990469661254353,-0.480000000000004,-1.456310679611661,2.0327669902912673
2026-03-13,32.49,32.62,31.53,31.69,7219460.0,303870945.0,202240975.0,0.035697316035981336,-0.7899999999999956,-2.432266009852202,3.35591133004925
2026-03-16,31.56,31.82,31.24,31.59,6025670.0,250661269.0,202240975.0,0.029794506281429864,-0.10000000000000142,-0.315556958030927,1.830230356579368
2026-03-17,31.7,32.14,31.48,31.5,4837760.0,203012378.0,202240975.0,0.023920770753800016,-0.08999999999999986,-0.2849002849002802,2.089268755935423
2026-03-18,31.56,31.81,31.44,31.62,6003920.0,250357837.0,202240975.0,0.029686961309398355,0.120000000000001,0.3809523809523929,1.1746031746031664
2026-03-19,31.28,31.28,30.39,30.57,6211650.0,252082174.0,202240975.0,0.03071410232273653,-1.0500000000000007,-3.320683111954459,2.8146742567994956
2026-03-20,31.16,31.73,30.66,30.67,11396390.0,470793765.0,202240975.0,0.056350549140697134,0.10000000000000142,0.3271180896303516,3.500163559044816
2026-03-23,30.61,31.0,28.85,29.19,9091390.0,358723455.0,202240975.0,0.04495325440356485,-1.4800000000000004,-4.825562438865338,7.010107597000322
2026-03-24,29.66,29.75,29.13,29.61,5282428.0,205265908.0,202240975.0,0.02611947455257274,0.41999999999999815,1.4388489208633004,2.124015073655365
2026-03-25,29.61,30.12,29.61,29.81,6750400.0,266198465.0,202240975.0,0.03337800364144803,0.1999999999999993,0.6754474839581137,1.722391084093217
2026-03-26,29.83,30.38,29.18,29.27,6859680.0,269002337.0,202240975.0,0.03391834913770565,-0.5399999999999991,-1.811472660181146,4.025494800402547
2026-03-27,28.86,29.81,28.85,29.62,5035450.0,196164295.0,202240975.0,0.02489826801912916,0.3500000000000014,1.1957635804578093,3.279808677827117
2026-03-30,29.28,30.12,29.08,29.92,5626843.0,220813556.0,202240975.0,0.027822467726928236,0.3000000000000007,1.0128291694800895,3.5111411208642895
2026-03-31,29.91,31.02,29.83,30.21,7310542.0,294361181.0,202240975.0,0.036147679766674386,0.28999999999999915,0.9692513368984024,3.9772727272727315
2026-04-01,30.65,30.81,29.97,30.34,7592099.0,303423430.0,202240975.0,0.037539865499560614,0.129999999999999,0.4303210857331985,2.780536246276067
2026-04-02,30.21,30.21,29.19,29.32,7421683.0,289387828.0,202240975.0,0.036697227156860766,-1.0199999999999996,-3.3618984838497012,3.361898483849702
2026-04-03,29.45,29.53,28.86,28.97,3997287.0,153795736.0,202240975.0,0.019764970970892522,-0.3500000000000014,-1.1937244201910002,2.2851296043656264
2026-04-07,29.16,29.66,29.0,29.32,5043588.0,195281372.0,202240975.0,0.024938507144756396,0.3500000000000014,1.2081463583016872,2.27821884708319
2026-04-08,29.85,31.27,29.85,31.27,11719218.0,473889876.0,202240975.0,0.057946803312236804,1.9499999999999993,6.650750341064127,4.8431105047748915
2026-04-09,30.7,30.78,30.19,30.36,8107200.0,325438594.0,202240975.0,0.04008683205764806,-0.9100000000000001,-2.910137511992328,1.8867924528301883
2026-04-10,30.51,31.18,30.51,31.08,7802675.0,319182896.0,202240975.0,0.03858107883429656,0.7199999999999989,2.371541501976271,2.206851119894592
2026-04-13,30.91,31.06,30.56,30.84,5911014.0,240543260.0,202240975.0,0.029227578634843904,-0.23999999999999844,-0.7722007722007707,1.6087516087516087
2026-04-14,31.41,31.53,30.9,31.2,6220223.0,255685678.0,202240975.0,0.030756492347804396,0.35999999999999943,1.1673151750972721,2.0428015564202417
2026-04-15,31.41,31.46,30.97,31.01,5584700.0,229873202.0,202240975.0,0.0276140876002007,-0.18999999999999773,-0.6089743589743568,1.5705128205128271
2026-04-16,31.4,32.09,31.27,31.87,9514289.0,399237786.0,202240975.0,0.04704431928297419,0.8599999999999994,2.77329893582714,2.6443082876491575
2026-04-17,31.87,32.1,31.53,32.05,7755782.0,325951219.0,202240975.0,0.03834921187459663,0.17999999999999616,0.5647944775651004,1.7885158456228436
2026-04-20,32.09,33.33,31.84,33.32,11500125.0,498965681.0,202240975.0,0.056863476849832235,1.2700000000000031,3.9625585023401078,4.648985959438373
2026-04-21,33.16,33.52,32.79,32.97,9251373.0,403950545.0,202240975.0,0.04574430577186448,-0.3500000000000014,-1.0504201680672343,2.1908763505402282
2026-04-22,32.92,33.63,32.59,33.62,9392331.0,409930813.0,202240975.0,0.04644128619336413,0.6499999999999986,1.9714892326357258,3.1543827722171645
2026-04-23,33.62,33.73,31.95,32.0,14007125.0,454697247.0,262913267.0,0.05327660014966076,-1.6199999999999974,-4.818560380725756,5.294467578822123
2026-04-24,31.54,32.31,31.06,31.35,10457488.0,330697372.0,262913267.0,0.039775429058131175,-0.6499999999999986,-2.0312499999999956,3.906250000000011
2026-04-27,31.45,31.45,30.71,30.88,7936840.0,246125014.0,262913267.0,0.030188054374601037,-0.4700000000000024,-1.4992025518341334,2.3604465709728815
2026-04-28,30.92,31.27,29.83,30.01,9157612.0,277167110.0,262913267.0,0.03483130427191413,-0.8699999999999974,-2.8173575129533557,4.663212435233165
2026-04-29,29.82,30.69,29.8,30.42,6485500.0,197278331.0,262913267.0,0.02466783085541286,0.41000000000000014,1.3662112629123646,2.965678107297569
2026-04-30,30.47,30.63,30.22,30.44,7201038.0,218828462.0,262913267.0,0.027389405191180407,0.019999999999999574,0.06574621959236637,1.3477975016436559
2026-05-06,30.57,31.97,30.57,31.53,10872038.0,341203169.0,262913267.0,0.04135218478723632,1.0899999999999999,3.580814717476999,4.599211563731926
2026-05-07,31.59,32.44,31.36,32.35,9451282.0,301768046.0,262913267.0,0.03594828860424149,0.8200000000000003,2.6006977481763505,3.4253092293054177
2026-05-08,32.67,33.72,32.45,32.84,16438749.0,542917506.0,262913267.0,0.0625253688700312,0.490000000000002,1.514683153013907,3.9258114374033877
2026-05-11,32.84,32.94,32.2,32.36,10785810.0,349829776.0,262913267.0,0.04102421350992531,-0.480000000000004,-1.461632155907444,2.2533495736906053
2026-05-12,32.3,32.36,31.38,31.46,9162698.0,290293173.0,262913267.0,0.034850649054541626,-0.8999999999999986,-2.781211372064274,3.028430160692214
2026-05-13,31.48,31.88,31.26,31.75,6563761.0,207965506.0,262913267.0,0.024965499363712215,0.28999999999999915,0.9218054672600173,1.9707565162110534
2026-05-14,31.9,32.1,30.52,30.54,8959403.0,277758166.0,262913267.0,0.03407740926211989,-1.2100000000000009,-3.8110236220472493,4.976377952755912
2026-05-15,30.65,31.55,30.58,30.86,7966150.0,247390950.0,262913267.0,0.030299536006298228,0.3200000000000003,1.047806155861175,3.1761624099541663
2026-05-18,30.61,31.18,30.27,30.88,5608998.0,172235798.0,262913267.0,0.021334024197417166,0.019999999999999574,0.06480881399870686,2.9488010369410245
2026-05-19,30.88,31.52,30.72,31.52,7528000.0,235594554.0,262913267.0,0.028633016834407218,0.6400000000000006,2.0725388601036343,2.5906735751295358
2026-05-20,31.38,31.61,30.4,30.58,7638981.0,235187448.0,262913267.0,0.029055137031179182,-0.9400000000000013,-2.9822335025380786,3.8388324873096473
2026-05-21,30.73,30.94,29.55,29.65,9453624.0,285514902.0,262913267.0,0.035957196484877274,-0.9299999999999997,-3.0412034009156264,4.545454545454548
2026-05-22,29.68,29.92,28.99,29.16,8249268.0,241424901.0,262913267.0,0.03137638542980031,-0.48999999999999844,-1.6526138279932545,3.136593591905576
2026-05-25,29.17,29.3,27.1,27.4,15825731.0,438010000.0,262913267.0,0.0601937330153826,-1.7600000000000016,-6.035665294924564,7.544581618655691
2026-05-26,27.13,27.47,26.45,27.28,8631164.0,232891188.0,262913267.0,0.03282894050378979,-0.11999999999999744,-0.4379562043795526,3.7226277372262757
2026-05-27,27.2,27.84,27.07,27.3,7745160.0,212202593.0,262913267.0,0.02945899264946565,0.019999999999999574,0.07331378299120228,2.8225806451612887
2026-05-28,27.5,27.52,26.33,26.7,7171484.0,191301609.0,262913267.0,0.027276995496769662,-0.6000000000000014,-2.197802197802201,4.358974358974364
2026-05-29,26.86,27.39,26.78,26.95,6567110.0,178179808.0,262913267.0,0.024978237404809246,0.25,0.9363295880149725,2.2846441947565523
2026-06-01,26.93,28.8,26.84,28.29,11899116.0,334194014.0,262913267.0,0.04525871263849154,1.3399999999999999,4.97217068645639,7.272727272727277
2026-06-02,28.62,29.82,28.36,28.48,12484547.0,362146932.0,262913267.0,0.04748542035347345,0.19000000000000128,0.6716154118062923,5.160834217037825
2026-06-03,28.2,28.3,27.33,27.52,8531930.0,237152887.0,262913267.0,0.032451500441018064,-0.9600000000000009,-3.370786516853941,3.405898876404503
2026-06-04,27.26,27.48,26.53,26.62,6238902.0,167613501.0,262913267.0,0.023729886556086193,-0.8999999999999986,-3.2703488372093026,3.452034883720928
2026-06-05,26.8,26.92,26.27,26.3,5743610.0,152385191.0,262913267.0,0.021846025746582048,-0.3200000000000003,-1.2021036814425234,2.441773102930136
2026-06-08,26.0,26.51,25.61,25.91,5677710.0,147916443.0,262913267.0,0.021595372743209645,-0.39000000000000057,-1.482889733840309,3.4220532319391714
2026-06-09,25.91,26.17,25.46,25.64,5480882.0,140849165.0,262913267.0,0.020846730416232667,-0.2699999999999996,-1.0420686993438788,2.7402547279042877
2026-06-10,25.35,25.68,24.68,24.91,6648548.0,166463043.0,262913267.0,0.02528798974606329,-0.7300000000000004,-2.8471138845553856,3.9001560062402496
2026-06-11,24.98,25.05,24.01,24.1,6768559.0,164289272.0,262913267.0,0.02574445587030798,-0.8099999999999987,-3.251706142111599,4.175030108390201
2026-06-12,24.36,24.79,23.91,24.69,6005897.0,147250777.0,262913267.0,0.02284364371768276,0.5899999999999999,2.448132780082979,3.651452282157672
2026-06-15,24.86,25.37,24.85,25.14,5076694.0,127407038.0,262913267.0,0.019309386924167657,0.4499999999999993,1.8226002430133725,2.1061158363709986
2026-06-16,25.14,25.14,24.68,24.93,4808200.0,119509135.0,262913267.0,0.01828816040690712,-0.21000000000000085,-0.835322195704058,1.8297533810660336
2026-06-17,24.9,24.92,24.25,24.45,4922407.0,120654881.0,262913267.0,0.018722550809883626,-0.4800000000000004,-1.9253910950661868,2.6875250701965574
2026-06-18,24.45,25.13,24.22,24.8,5601555.0,139094202.0,262913267.0,0.021305714481118215,0.3500000000000014,1.4314928425357865,3.721881390593048
