date,open,high,low,close,volume,amount,outstanding_share,turnover,change,pct_chg,amplitude
2023-03-06,8.59,8.68,8.35,8.64,45749680.0,389923511.0,1612972994.0,0.028363574697271094,,,
2023-03-07,8.62,8.63,8.39,8.41,31244600.0,265016061.0,1612972994.0,0.019370814090641866,-0.23000000000000043,-2.662037037037046,2.77777777777778
2023-03-08,8.37,8.55,8.35,8.51,23130206.0,195667704.0,1612972994.0,0.014340107420298197,0.09999999999999964,1.189060642092743,2.378121284185506
2023-03-09,8.48,8.61,8.46,8.51,20504975.0,175122357.0,1612972994.0,0.012712534603043701,0.0,0.0,1.7626321974147894
2023-03-10,8.52,8.58,8.38,8.38,24158362.0,204292287.0,1612972994.0,0.014977536567484526,-0.129999999999999,-1.5276145710928168,2.3501762632197334
2023-03-13,8.32,8.36,8.08,8.19,33832528.0,276732802.0,1612972994.0,0.02097526004827828,-0.19000000000000128,-2.2673031026253176,3.3412887828162217
2023-03-14,8.18,8.23,7.99,8.11,28875981.0,233667121.0,1612972994.0,0.017902333831635125,-0.08000000000000007,-0.9768009768009733,2.9304029304029333
2023-03-15,8.13,8.36,8.13,8.25,27413502.0,226713457.0,1612972994.0,0.01699563607200729,0.14000000000000057,1.7262638717632672,2.8360049321824743
2023-03-16,8.21,8.27,8.04,8.05,22476330.0,182977531.0,1612972994.0,0.01393472183577055,-0.1999999999999993,-2.4242424242424176,2.787878787878793
2023-03-17,8.11,8.26,8.08,8.13,20367350.0,165975805.0,1612972994.0,0.012627210793834283,0.08000000000000007,0.9937888198757738,2.236024844720493
2023-03-20,8.13,8.16,7.99,8.05,29597864.0,238959772.0,1612972994.0,0.018349881932369166,-0.08000000000000007,-0.9840098400983988,2.0910209102091013
2023-03-21,8.05,8.29,8.0,8.21,33258201.0,270061162.0,1612972994.0,0.020619192710426743,0.16000000000000014,1.9875776397515477,3.602484472049679
2023-03-22,8.23,8.33,8.14,8.3,26779594.0,219855840.0,1612972994.0,0.016602630111983138,0.08999999999999986,1.0962241169305775,2.314250913520091
2023-03-23,8.25,8.57,8.22,8.49,56262003.0,471135024.0,1612972994.0,0.03488093304059373,0.1899999999999995,2.289156626506017,4.216867469879514
2023-03-24,8.49,8.54,8.38,8.41,33357009.0,281339742.0,1612972994.0,0.020680451020620126,-0.08000000000000007,-0.9422850412249661,1.8845700824499219
2023-03-27,8.38,8.55,8.3,8.4,27413122.0,230528144.0,1612972994.0,0.01699540048219803,-0.009999999999999787,-0.11890606420926764,2.972651605231867
2023-03-28,8.61,9.02,8.61,8.79,100219285.0,885185040.0,1612972994.0,0.06213326904591684,0.3899999999999988,4.642857142857126,4.880952380952382
2023-03-29,8.75,8.8,8.53,8.77,65265819.0,565507356.0,1612972994.0,0.04046305749865518,-0.019999999999999574,-0.22753128555176305,3.071672354948821
2023-03-30,8.76,8.76,8.61,8.68,32826729.0,284746893.0,1612972994.0,0.02035169164152788,-0.08999999999999986,-1.026225769669331,1.7103762827822162
2023-03-31,9.2,9.45,9.06,9.12,183230396.0,1697612593.0,1612972994.0,0.11359793169605914,0.4399999999999995,5.069124423963123,4.493087557603673
2023-04-03,9.12,9.3,8.93,9.2,129493213.0,1185907855.0,1612972994.0,0.08028231934551534,0.08000000000000007,0.8771929824561431,4.0570175438596605
2023-04-04,9.13,9.36,9.07,9.18,91983872.0,847830357.0,1612972994.0,0.05702753384102846,-0.019999999999999574,-0.21739130434782483,3.152173913043469
2023-04-06,9.11,9.5,9.05,9.37,133753060.0,1247643900.0,1612972994.0,0.08292331024607347,0.1899999999999995,2.0697167755991286,4.901960784313718
2023-04-07,9.37,9.42,9.16,9.22,77873574.0,719414779.0,1612972994.0,0.04827952748724074,-0.14999999999999858,-1.6008537886872842,2.774813233724651
2023-04-10,9.16,9.25,9.01,9.05,57536157.0,524043695.0,1612972994.0,0.03567087435067124,-0.16999999999999993,-1.8438177874186557,2.6030368763557505
2023-04-11,9.08,9.13,8.83,8.92,60988240.0,545732626.0,1612972994.0,0.0378110732336291,-0.13000000000000078,-1.436464088397793,3.3149171270718307
2023-04-12,8.95,8.97,8.79,8.92,49597706.0,440208239.0,1612972994.0,0.030749247621935077,0.0,0.0,2.017937219730958
2023-04-13,8.91,8.91,8.61,8.62,63110907.0,551262789.0,1612972994.0,0.039127069848511054,-0.3000000000000007,-3.363228699551579,3.363228699551578
2023-04-14,8.7,8.92,8.61,8.86,57026829.0,500190799.0,1612972994.0,0.035355104649693846,0.2400000000000002,2.78422273781902,3.5962877030162472
2023-04-17,8.9,9.05,8.76,8.78,41548154.0,368081970.0,1612972994.0,0.025758741252675927,-0.08000000000000007,-0.9029345372460473,3.273137697516941
2023-04-18,8.63,8.63,8.4,8.42,59577095.0,504264137.0,1612972994.0,0.036936201177339735,-0.35999999999999943,-4.100227790432798,2.619589977220962
2023-04-19,8.26,8.39,8.25,8.28,41070206.0,341342893.0,1612972994.0,0.02546242631015805,-0.14000000000000057,-1.6627078384798155,1.6627078384798168
2023-04-20,8.28,8.34,8.13,8.15,41705983.0,342047784.0,1612972994.0,0.025856591000059857,-0.129999999999999,-1.5700483091787287,2.53623188405796
2023-04-21,8.18,8.2,7.75,7.77,68518418.0,544003663.0,1612972994.0,0.042479581651321804,-0.3800000000000008,-4.662576687116571,5.521472392638028
2023-04-24,7.77,7.77,7.53,7.58,40401393.0,307868383.0,1612972994.0,0.025047780186206885,-0.1899999999999995,-2.445302445302444,3.0888030888030804
2023-04-25,7.6,7.67,7.25,7.36,42233814.0,312565069.0,1612972994.0,0.02618383206482873,-0.21999999999999975,-2.902374670184693,5.5408970976253284
2023-04-26,7.39,7.58,7.33,7.51,34751903.0,260178867.0,1612972994.0,0.021545247892724485,0.14999999999999947,2.0380434782608647,3.3967391304347823
2023-04-27,7.48,7.58,7.46,7.49,28929038.0,217643242.0,1612972994.0,0.017935227748766637,-0.019999999999999574,-0.26631158455392434,1.59786950732357
2023-04-28,7.5,7.74,7.49,7.69,29949901.0,228704303.0,1612972994.0,0.018568135431534696,0.20000000000000018,2.6702269692923997,3.337783711615487
2023-05-04,7.66,7.93,7.61,7.81,31250769.0,244433471.0,1612972994.0,0.01937463870520327,0.11999999999999922,1.5604681404421283,4.161248374512345
2023-05-05,7.78,7.81,7.59,7.62,26459788.0,202355536.0,1612972994.0,0.01640435896845524,-0.1899999999999995,-2.432778489116516,2.8169014084507014
2023-05-08,7.46,7.62,7.34,7.48,28313554.0,212469628.0,1612972994.0,0.01755364417465256,-0.13999999999999968,-1.8372703412073421,3.6745406824147016
2023-05-09,7.47,7.52,7.32,7.35,30722485.0,227765163.0,1872888378.0,0.01640379926582042,-0.13000000000000078,-1.7379679144385096,2.6737967914438405
2023-05-10,7.33,7.44,7.3,7.36,31131238.0,229111879.0,1872888378.0,0.016622046655681687,0.010000000000000675,0.13605442176871652,1.9047619047619126
2023-05-11,7.06,7.45,6.86,7.21,70039152.0,496691350.0,1872888378.0,0.03739633008710998,-0.15000000000000036,-2.038043478260876,8.016304347826084
2023-05-12,7.19,7.31,7.0,7.0,34184242.0,243119398.0,1872888378.0,0.018252151276897933,-0.20999999999999996,-2.9126213592232997,4.299583911234391
2023-05-15,6.96,7.06,6.89,7.03,28339317.0,197813433.0,1872888378.0,0.015131343294608239,0.03000000000000025,0.4285714285714226,2.4285714285714275
2023-05-16,7.05,7.16,6.96,7.01,29530000.0,207955907.0,1872888378.0,0.015767090205094966,-0.020000000000000462,-0.2844950213371278,2.8449502133712685
2023-05-17,6.98,7.15,6.96,7.11,27791287.0,196754608.0,1872888378.0,0.014838731088543281,0.10000000000000053,1.4265335235378096,2.7104136947218316
2023-05-18,7.1,7.14,6.99,7.03,26121998.0,184178737.0,1872888378.0,0.013947439851111083,-0.08000000000000007,-1.1251758087201136,2.1097046413502034
2023-05-19,7.04,7.12,7.0,7.1,26551279.0,187871622.0,1872888378.0,0.014176647851461012,0.0699999999999994,0.9957325746799306,1.7069701280227612
2023-05-22,7.1,7.17,7.05,7.13,29509360.0,209799894.0,1872888378.0,0.01575606979392554,0.03000000000000025,0.42253521126760507,1.690140845070424
2023-05-23,7.11,7.14,7.03,7.03,22374202.0,158426340.0,1872888378.0,0.011946361706773323,-0.09999999999999964,-1.4025245441795176,1.5427769985974675
2023-05-24,7.03,7.23,7.0,7.11,30026491.0,213751609.0,1872888378.0,0.016032183953249988,0.08000000000000007,1.1379800853485111,3.2716927453769618
2023-05-25,7.09,7.22,7.03,7.16,38272263.0,272783984.0,1872888378.0,0.020434887337423588,0.04999999999999982,0.7032348804500765,2.67229254571026
2023-05-26,7.16,7.18,6.99,7.05,27747623.0,195545890.0,1872888378.0,0.014815417365999587,-0.11000000000000032,-1.5363128491620137,2.653631284916194
2023-05-29,7.05,7.06,6.78,6.85,44948839.0,309701289.0,1872888378.0,0.02399974260505556,-0.20000000000000018,-2.8368794326241176,3.97163120567375
2023-05-30,6.82,6.95,6.78,6.95,29541245.0,202922617.0,1872888378.0,0.015773094300230637,0.10000000000000053,1.4598540145985384,2.4817518248175174
2023-05-31,6.9,7.0,6.88,6.95,20849250.0,144953850.0,1872888378.0,0.011132136994872206,0.0,0.0,1.7266187050359725
2023-06-01,6.95,7.07,6.85,7.01,27201095.0,189943532.0,1872888378.0,0.014523607129778451,0.05999999999999961,0.8633093525179714,3.1654676258992898
2023-06-02,7.06,7.27,7.01,7.23,41826376.0,299930801.0,1872888378.0,0.022332551417007084,0.22000000000000064,3.1383737517831856,3.708987161198285
2023-06-05,7.24,7.3,7.17,7.18,25743969.0,185871707.0,1872888378.0,0.013745597069426633,-0.05000000000000071,-0.6915629322268413,1.7980636237897634
2023-06-06,7.2,7.2,7.03,7.06,24575203.0,174472845.0,1872888378.0,0.013121552404656974,-0.1200000000000001,-1.671309192200554,2.3676880222841215
2023-06-07,7.06,7.11,7.01,7.04,17598512.0,124057063.0,1872888378.0,0.009396455339635837,-0.019999999999999574,-0.28328611898016387,1.4164305949008575
2023-06-08,7.11,7.11,6.97,7.02,19921734.0,140139560.0,1872888378.0,0.010636904064338211,-0.020000000000000462,-0.28409090909091717,1.9886363636363715
2023-06-09,7.0,7.14,6.95,7.12,32912968.0,232711660.0,1872888378.0,0.017573374039058724,0.10000000000000053,1.4245014245014342,2.7065527065526997
2023-06-12,7.12,7.36,7.08,7.24,36731551.0,265929278.0,1872888378.0,0.01961224781544349,0.1200000000000001,1.6853932584269593,3.9325842696629247
2023-06-13,7.23,7.39,7.19,7.37,33066193.0,242165389.0,1872888378.0,0.017655186175756173,0.1299999999999999,1.7955801104972302,2.7624309392265096
2023-06-14,7.35,7.36,7.18,7.2,32967305.0,238656353.0,1872888378.0,0.017602386446118466,-0.16999999999999993,-2.3066485753052923,2.442333785617376
2023-06-15,7.2,7.34,7.17,7.32,33848841.0,246686242.0,1872888378.0,0.018073069061460105,0.1200000000000001,1.6666666666666607,2.36111111111111
2023-06-16,7.32,7.32,7.24,7.3,23452874.0,170834815.0,1872888378.0,0.012522302063214575,-0.020000000000000462,-0.2732240437158584,1.0928961748633887
2023-06-19,7.31,7.32,7.23,7.23,20136514.0,146227625.0,1872888378.0,0.010751582548396806,-0.0699999999999994,-0.9589041095890316,1.2328767123287652
2023-06-20,7.21,7.25,7.14,7.16,19355950.0,139005014.0,1872888378.0,0.010334812382502808,-0.07000000000000028,-0.9681881051175734,1.5214384508990362
2023-06-21,7.19,7.2,7.02,7.02,23265126.0,165072282.0,1872888378.0,0.012422056900606172,-0.14000000000000057,-1.9553072625698387,2.513966480446936
2023-06-26,7.0,7.12,6.92,6.99,24676255.0,172904211.0,1872888378.0,0.01317550756887659,-0.02999999999999936,-0.42735042735041473,2.8490028490028516
2023-06-27,7.0,7.19,6.96,7.09,23576974.0,166824710.0,1872888378.0,0.01258856335324005,0.09999999999999964,1.4306151645207432,3.290414878397717
2023-06-28,7.68,7.8,7.56,7.8,57188438.0,443076516.0,1872888378.0,0.03053488860936271,0.71,10.014104372355437,3.385049365303247
2023-06-29,8.17,8.34,8.02,8.07,247909567.0,2024353428.0,1872888378.0,0.13236750780883963,0.27000000000000046,3.4615384615384714,4.102564102564106
2023-06-30,8.03,8.11,7.85,7.88,133508705.0,1062682389.0,1872888378.0,0.07128492363360696,-0.1900000000000004,-2.354399008674102,3.221809169764557
2023-07-03,7.88,8.19,7.88,8.03,124912894.0,1008638123.0,1872888378.0,0.0666953222985935,0.14999999999999947,1.9035532994923887,3.934010152284259
2023-07-04,8.1,8.28,8.01,8.1,107357463.0,872823630.0,1872888378.0,0.05732186939760059,0.07000000000000028,0.8717310087173136,3.362391033623905
2023-07-05,7.99,8.07,7.88,7.91,73674780.0,586966667.0,1872888378.0,0.03933751784966226,-0.1899999999999995,-2.3456790123456694,2.345679012345684
2023-07-06,8.1,8.25,7.95,7.97,70887476.0,571438940.0,1872888378.0,0.03784927966486639,0.05999999999999961,0.7585335018963191,3.792667509481666
2023-07-07,7.95,8.03,7.86,7.89,56298444.0,447444708.0,1891453762.0,0.029764641954805555,-0.08000000000000007,-1.0037641154328703,2.132998745294844
2023-07-10,7.95,8.03,7.88,7.91,46312606.0,367387415.0,1891453762.0,0.02448519066679675,0.020000000000000462,0.25348542458809575,1.9011406844106398
2023-07-11,7.94,7.94,7.74,7.81,58815405.0,458022896.0,1891453762.0,0.03109534379408213,-0.10000000000000053,-1.2642225031605614,2.528445006321115
2023-07-12,7.8,7.81,7.66,7.68,45860495.0,354249206.0,1891453762.0,0.02424616235477397,-0.1299999999999999,-1.6645326504481472,1.920614596670928
2023-07-13,7.71,7.81,7.71,7.73,36179871.0,280336428.0,1891453762.0,0.019128075836093317,0.05000000000000071,0.6510416666666741,1.3020833333333286
2023-07-14,7.68,7.73,7.61,7.62,38770404.0,296680547.0,1891453762.0,0.02049767474040954,-0.11000000000000032,-1.4230271668822847,1.552393272962485
2023-07-17,7.58,7.6,7.43,7.53,35706203.0,267928723.0,1891453762.0,0.018877650470421597,-0.08999999999999986,-1.1811023622047223,2.230971128608923
2023-07-18,7.5,7.84,7.47,7.72,67826019.0,521037995.0,1891453762.0,0.03585920013623891,0.1899999999999995,2.5232403718459473,4.913678618857903
2023-07-19,7.65,7.7,7.54,7.58,29855746.0,227063291.0,1891453762.0,0.015784549746767747,-0.13999999999999968,-1.813471502590669,2.072538860103629
2023-07-20,7.55,7.63,7.45,7.46,28090858.0,211720254.0,1891453762.0,0.014851464288662849,-0.1200000000000001,-1.58311345646438,2.374670184696566
2023-07-21,7.44,7.5,7.38,7.4,22176566.0,164836637.0,1891453762.0,0.011724614392133367,-0.05999999999999961,-0.8042895442359144,1.6085790884718514
2023-07-24,7.39,7.46,7.3,7.36,18236919.0,134635194.0,1891453762.0,0.009641747192760612,-0.040000000000000036,-0.5405405405405461,2.162162162162164
2023-07-25,7.41,7.56,7.4,7.55,31422374.0,235254812.0,1891453762.0,0.01661281635918732,0.1899999999999995,2.5815217391304213,2.1739130434782505
2023-07-26,7.5,7.51,7.37,7.39,26496066.0,196591701.0,1891453762.0,0.014008307542227934,-0.16000000000000014,-2.119205298013249,1.854304635761585
2023-07-27,7.4,7.44,7.26,7.28,23084654.0,169467200.0,1891453762.0,0.012204714946661224,-0.10999999999999943,-1.4884979702300294,2.4357239512855293
2023-07-28,7.26,7.4,7.21,7.37,24705768.0,180784176.0,1891453762.0,0.013061787973012051,0.08999999999999986,1.2362637362637319,2.6098901098901153
2023-07-31,7.36,7.47,7.34,7.45,21380844.0,158820971.0,1891453762.0,0.011303921052446007,0.08000000000000007,1.085481682496603,1.7639077340569864
2023-08-01,7.44,7.49,7.38,7.47,20592316.0,153231369.0,1891453762.0,0.010887031136423836,0.019999999999999574,0.26845637583892135,1.4765100671140983
2023-08-02,7.47,7.51,7.4,7.42,16134000.0,119928394.0,1891453762.0,0.00852994681875813,-0.04999999999999982,-0.669344042838016,1.4725568942436338
2023-08-03,7.3,7.42,7.21,7.4,24773863.0,182251685.0,1891453762.0,0.013097789381752807,-0.019999999999999574,-0.26954177897573484,2.830188679245283
2023-08-04,7.39,7.47,7.38,7.4,21739690.0,161118830.0,1891453762.0,0.011493640731144662,0.0,0.0,1.2162162162162142
2023-08-07,7.37,7.43,7.36,7.37,15072564.0,111245529.0,1891453762.0,0.007968772117412194,-0.03000000000000025,-0.40540540540541237,0.9459459459459376
2023-08-08,7.38,7.42,7.28,7.33,19770521.0,145020848.0,1891453762.0,0.010452553161592961,-0.040000000000000036,-0.5427408412483015,1.8995929443690593
2023-08-09,7.29,7.34,7.26,7.29,12530500.0,91377206.0,1891453762.0,0.0066247984760412024,-0.040000000000000036,-0.545702592087316,1.0914051841746257
2023-08-10,7.25,7.33,7.24,7.24,14215800.0,103401807.0,1891453762.0,0.0075158062468142954,-0.04999999999999982,-0.6858710562414272,1.2345679012345658
2023-08-11,7.25,7.27,7.07,7.07,28299162.0,202299840.0,1891453762.0,0.01496159333552876,-0.16999999999999993,-2.3480662983425438,2.7624309392265096
2023-08-14,7.01,7.12,6.96,7.11,21607239.0,151922984.0,1891453762.0,0.011423614700024584,0.040000000000000036,0.5657708628005631,2.263083451202265
2023-08-15,7.12,7.12,6.94,7.01,19197095.0,134541684.0,1891453762.0,0.010149386353331328,-0.10000000000000053,-1.406469760900153,2.531645569620249
2023-08-16,6.98,7.05,6.95,6.96,13456372.0,94197410.0,1891453762.0,0.007114301322265154,-0.04999999999999982,-0.7132667617688937,1.426533523537798
2023-08-17,6.92,7.04,6.85,7.03,16632746.0,115820407.0,1891453762.0,0.00879363076917764,0.07000000000000028,1.0057471264367956,2.72988505747127
2023-08-18,7.04,7.05,6.91,6.92,15650305.0,109225073.0,1891453762.0,0.00827422023970153,-0.11000000000000032,-1.5647226173541973,1.9914651493598816
2023-08-21,6.92,6.96,6.87,6.87,13420580.0,92812822.0,1891453762.0,0.007095378311447193,-0.04999999999999982,-0.7225433526011571,1.3005780346820788
2023-08-22,6.88,6.95,6.71,6.87,21639439.0,147665943.0,1891453762.0,0.011440638642479276,0.0,0.0,3.493449781659392
2023-08-23,6.87,6.92,6.77,6.85,16459907.0,112643255.0,1891453762.0,0.008702251850235819,-0.020000000000000462,-0.29112081513829047,2.183406113537123
2023-08-24,6.76,6.8,6.38,6.52,49909711.0,325341840.0,1891453762.0,0.026386958012246668,-0.33000000000000007,-4.817518248175179,6.131386861313868
2023-08-25,6.5,6.55,6.35,6.43,27487407.0,177385953.0,1891453762.0,0.014532423447103012,-0.08999999999999986,-1.3803680981595123,3.06748466257669
2023-08-28,6.79,6.83,6.48,6.52,36151748.0,240043018.0,1891453762.0,0.019113207378526443,0.08999999999999986,1.3996889580093264,5.44323483670295
2023-08-29,6.55,6.74,6.5,6.73,27838778.0,185319193.0,1891453762.0,0.014718191139160397,0.21000000000000085,3.220858895705536,3.680981595092028
2023-08-30,6.75,6.94,6.74,6.8,28509074.0,194877160.0,1891453762.0,0.015072572522129674,0.0699999999999994,1.0401188707280795,2.97176820208024
2023-08-31,6.77,6.8,6.73,6.75,15503418.0,104792434.0,1891453762.0,0.008196561983945553,-0.04999999999999982,-0.7352941176470562,1.0294117647058736
2023-09-01,6.76,6.82,6.7,6.73,12726637.0,85802730.0,1891453762.0,0.006728494904651018,-0.019999999999999574,-0.2962962962962945,1.7777777777777795
2023-09-04,6.74,6.85,6.72,6.85,19910221.0,135242411.0,1891453762.0,0.010526411694540804,0.11999999999999922,1.7830609212481363,1.9316493313521528
2023-09-05,6.85,6.89,6.81,6.88,18592161.0,127533226.0,1891453762.0,0.009829561458769617,0.03000000000000025,0.43795620437956373,1.1678832116788334
2023-09-06,6.85,7.02,6.8,7.0,27532886.0,191162755.0,1891453762.0,0.014556467915391738,0.1200000000000001,1.744186046511631,3.197674418604648
2023-09-07,6.93,6.97,6.78,6.78,24884588.0,170710162.0,1891453762.0,0.013156329009960752,-0.21999999999999975,-3.142857142857136,2.7142857142857073
2023-09-08,6.73,6.84,6.7,6.78,13152955.0,89286693.0,1891453762.0,0.006953886615812499,0.0,0.0,2.064896755162237
2023-09-11,6.78,6.84,6.72,6.8,17764508.0,120713877.0,1891453762.0,0.009391986395277264,0.019999999999999574,0.2949852507374562,1.7699115044247802
2023-09-12,6.79,6.83,6.77,6.81,12782822.0,86920844.0,1891453762.0,0.006758199569458997,0.009999999999999787,0.14705882352941124,0.8823529411764779
2023-09-13,6.79,6.8,6.66,6.71,19864758.0,133327951.0,1891453762.0,0.010502375685353919,-0.09999999999999964,-1.468428781204112,2.055800293685752
2023-09-14,6.71,6.72,6.6,6.63,14697293.0,97832459.0,1891453762.0,0.007770368641980052,-0.08000000000000007,-1.1922503725782407,1.7883755588673638
2023-09-15,6.66,6.7,6.57,6.62,13806928.0,91472718.0,1891453762.0,0.007299638128822522,-0.009999999999999787,-0.15082956259426794,1.9607843137254888
2023-09-18,6.59,6.72,6.54,6.64,14080500.0,93622728.0,1891453762.0,0.007444273966872683,0.019999999999999574,0.302114803625364,2.7190332326283944
2023-09-19,6.64,6.64,6.47,6.49,17835449.0,116267362.0,1891453762.0,0.009429492466757958,-0.14999999999999947,-2.259036144578308,2.560240963855421
2023-09-20,6.45,6.53,6.42,6.42,11035150.0,71377502.0,1891453762.0,0.005834216104934845,-0.07000000000000028,-1.078582434514641,1.694915254237293
2023-09-21,6.42,6.46,6.36,6.36,12631921.0,80844281.0,1891453762.0,0.0066784191365286995,-0.05999999999999961,-0.9345794392523255,1.5576323987538885
2023-09-22,6.35,6.5,6.33,6.49,18371839.0,118156864.0,1891453762.0,0.009713078569033504,0.1299999999999999,2.0440251572326984,2.672955974842766
2023-09-25,6.48,6.5,6.26,6.29,30412271.0,192461900.0,1891453762.0,0.016078781100016128,-0.20000000000000018,-3.081664098613257,3.6979969183359045
2023-09-26,6.28,6.41,6.2,6.34,25423707.0,160138978.0,1891453762.0,0.013441357917794028,0.04999999999999982,0.7949125596184325,3.3386327503974558
2023-09-27,6.83,6.97,6.83,6.97,50816898.0,352452604.0,1891453762.0,0.02686658221360211,0.6299999999999999,9.936908517350162,2.2082018927444746
2023-09-28,6.98,7.12,6.81,6.91,125174187.0,873043013.0,1891453762.0,0.0661788247298429,-0.05999999999999961,-0.8608321377331363,4.447632711621241
2023-10-09,6.86,7.08,6.84,6.99,58782814.0,410508417.0,1891453762.0,0.031078113132326203,0.08000000000000007,1.1577424023154759,3.4732272069464574
2023-10-10,7.0,7.04,6.93,6.99,38820104.0,271029926.0,1891453762.0,0.020523950825502655,0.0,0.0,1.5736766809728229
2023-10-11,7.03,7.13,6.99,7.08,48887835.0,345621037.0,1891453762.0,0.02584669844020221,0.08999999999999986,1.2875536480686733,2.002861230329037
2023-10-12,7.06,7.08,7.01,7.04,39375998.0,277374207.0,1891453762.0,0.020817848572922185,-0.040000000000000036,-0.5649717514124353,0.9887005649717555
2023-10-13,7.0,7.08,6.93,6.97,30566373.0,213482224.0,1891453762.0,0.016160253882008455,-0.07000000000000028,-0.9943181818181879,2.1306818181818232
2023-10-16,6.94,6.96,6.74,6.78,29193313.0,198906763.0,1891453762.0,0.015434325483659379,-0.1899999999999995,-2.7259684361549463,3.156384505021517
2023-10-17,6.8,6.8,6.68,6.72,17924507.0,120484706.0,1891453762.0,0.00947657688499181,-0.0600000000000005,-0.8849557522124019,1.7699115044247802
2023-10-18,6.71,6.72,6.54,6.55,20445103.0,135079572.0,1891453762.0,0.010809200526467852,-0.16999999999999993,-2.529761904761907,2.6785714285714244
2023-10-19,6.51,6.68,6.5,6.56,24281551.0,160501965.0,1891453762.0,0.012837507047661047,0.009999999999999787,0.15267175572519776,2.748091603053431
2023-10-20,6.5,6.68,6.35,6.54,24440439.0,160846356.0,1891453762.0,0.01292151015849152,-0.019999999999999574,-0.304878048780477,5.03048780487805
2023-10-23,6.57,6.58,6.3,6.35,24234550.0,155227687.0,1891453762.0,0.012812657907309712,-0.1900000000000004,-2.905198776758411,4.281345565749239
2023-10-24,6.39,6.45,6.28,6.43,25023690.0,159538205.0,1891453762.0,0.013229871383977295,0.08000000000000007,1.2598425196850505,2.6771653543307075
2023-10-25,6.45,6.58,6.43,6.51,21136677.0,137717777.0,1891453762.0,0.011174831457497716,0.08000000000000007,1.244167962674969,2.332814930015558
2023-10-26,6.47,6.62,6.38,6.61,32249901.0,210029715.0,1891453762.0,0.017050324807252677,0.10000000000000053,1.5360983102918668,3.6866359447004644
2023-10-27,6.58,6.76,6.51,6.71,32131896.0,213500105.0,1891453762.0,0.01698793628770715,0.09999999999999964,1.5128593040847127,3.7821482602118
2023-10-30,6.7,6.86,6.67,6.86,30074900.0,204209951.0,1891453762.0,0.015900415122069477,0.15000000000000036,2.2354694485842153,2.8315946348733294
2023-10-31,6.85,6.88,6.68,6.72,28085062.0,189557407.0,1891453762.0,0.014848399979021005,-0.14000000000000057,-2.0408163265306256,2.9154518950437343
2023-11-01,6.76,6.81,6.69,6.71,18625595.0,125485541.0,1891453762.0,0.009847237809453785,-0.009999999999999787,-0.14880952380952328,1.7857142857142743
2023-11-02,6.73,6.74,6.61,6.61,18260663.0,121608915.0,1891453762.0,0.00965430049989242,-0.09999999999999964,-1.4903129657227954,1.9374068554396409
2023-11-03,6.61,6.76,6.6,6.74,20552458.0,137852280.0,1891453762.0,0.01086595845635057,0.1299999999999999,1.9667170953101332,2.4205748865355545
2023-11-06,6.76,6.89,6.75,6.87,29543111.0,202550754.0,1891453762.0,0.015619261540267037,0.1299999999999999,1.928783382789323,2.0771513353115676
2023-11-07,6.86,6.93,6.82,6.9,21955340.0,151317347.0,1891453762.0,0.011607653563143248,0.03000000000000025,0.4366812227074357,1.6011644832605447
2023-11-08,6.9,6.9,6.79,6.85,22449505.0,153674792.0,1891453762.0,0.01186891556696695,-0.05000000000000071,-0.7246376811594346,1.594202898550729
2023-11-09,6.85,6.9,6.79,6.8,18946400.0,129446338.0,1891453762.0,0.010016845444831973,-0.04999999999999982,-0.7299270072992692,1.605839416058399
2023-11-10,6.82,6.86,6.76,6.79,15935850.0,108430670.0,1891453762.0,0.008425186129397966,-0.009999999999999787,-0.14705882352941124,1.4705882352941255
2023-11-13,6.81,6.92,6.8,6.9,23233999.0,159728090.0,1891453762.0,0.0122836727319375,0.11000000000000032,1.6200294550809957,1.767304860088367
2023-11-14,6.9,6.94,6.85,6.93,21483079.0,148382839.0,1891453762.0,0.011357972069739656,0.02999999999999936,0.43478260869564966,1.3043478260869672
2023-11-15,6.98,7.02,6.94,6.96,28986226.0,202339442.0,1891453762.0,0.015324839857227237,0.03000000000000025,0.43290043290042934,1.1544011544011425
2023-11-16,6.92,6.94,6.86,6.87,21597196.0,148935167.0,1891453762.0,0.011418305027537861,-0.08999999999999986,-1.2931034482758563,1.1494252873563229
2023-11-17,6.85,6.93,6.84,6.91,16762192.0,115524928.0,1891453762.0,0.008862068075233234,0.040000000000000036,0.5822416302765587,1.3100436681222687
2023-11-20,6.91,6.96,6.88,6.95,17969103.0,124470342.0,1891453762.0,0.009500154516597694,0.040000000000000036,0.5788712011577379,1.1577424023154859
2023-11-21,6.94,7.07,6.85,6.86,40711084.0,282559527.0,1891453762.0,0.02152370035043976,-0.08999999999999986,-1.2949640287769792,3.1654676258992898
2023-11-22,6.82,6.89,6.72,6.72,25179200.0,170674028.0,1891453762.0,0.01331208856693162,-0.14000000000000057,-2.0408163265306256,2.478134110787171
2023-11-23,6.7,6.79,6.67,6.77,15842606.0,106930244.0,1891453762.0,0.008375888598645003,0.04999999999999982,0.7440476190476275,1.7857142857142874
2023-11-24,6.76,6.76,6.63,6.65,17833500.0,119043401.0,1891453762.0,0.009428462042414971,-0.11999999999999922,-1.7725258493352936,1.92023633677991
2023-11-27,6.65,6.7,6.6,6.62,15299569.0,101430408.0,1891453762.0,0.008088788268248452,-0.03000000000000025,-0.4511278195488799,1.5037593984962485
2023-11-28,6.62,6.72,6.59,6.7,17216318.0,114981405.0,1891453762.0,0.009102161705394097,0.08000000000000007,1.2084592145015227,1.963746223564953
2023-11-29,6.66,7.29,6.66,6.97,107139944.0,754477102.0,1891453762.0,0.05664423109487569,0.2699999999999996,4.029850746268648,9.402985074626864
2023-11-30,6.85,6.98,6.69,6.78,63295546.0,432296303.0,1891453762.0,0.033463966855352606,-0.1899999999999995,-2.7259684361549463,4.160688665710187
2023-12-01,6.64,6.71,6.5,6.67,40441644.0,268830073.0,1891453762.0,0.021381249075439996,-0.11000000000000032,-1.6224188790560534,3.097345132743362
2023-12-04,6.65,6.66,6.54,6.55,30932025.0,203564108.0,1891453762.0,0.01635357185115266,-0.1200000000000001,-1.799100449775115,1.799100449775114
2023-12-05,6.47,6.55,6.42,6.42,23686011.0,153381368.0,1891453762.0,0.012522648703267641,-0.1299999999999999,-1.984732824427482,1.9847328244274793
2023-12-06,6.41,6.53,6.4,6.5,19008477.0,123454163.0,1891453762.0,0.010049665173892842,0.08000000000000007,1.2461059190031154,2.024922118380061
2023-12-07,6.5,6.5,6.39,6.41,20995098.0,134812702.0,1891453762.0,0.01109997950877744,-0.08999999999999986,-1.3846153846153841,1.6923076923076972
2023-12-08,6.41,6.45,6.34,6.34,20547730.0,130985862.0,1891453762.0,0.010863458791756602,-0.07000000000000028,-1.092043681747279,1.7160686427457148
2023-12-11,6.33,6.42,6.28,6.42,19529239.0,124194950.0,1891453762.0,0.010324988848445347,0.08000000000000007,1.2618296529968376,2.2082018927444746
2023-12-12,6.38,6.44,6.37,6.41,13964022.0,89406918.0,1891453762.0,0.00738269276285909,-0.009999999999999787,-0.15576323987538387,1.0903426791277304
2023-12-13,6.42,6.44,6.35,6.36,16299696.0,104123525.0,1891453762.0,0.008617549277421881,-0.04999999999999982,-0.7800312012480437,1.4040561622465015
2023-12-14,6.39,6.42,6.32,6.32,14419793.0,91798574.0,1891453762.0,0.007623656094427964,-0.040000000000000036,-0.6289308176100628,1.5723270440251518
2023-12-15,6.33,6.38,6.26,6.28,16754600.0,105743082.0,1891453762.0,0.008858054231409755,-0.040000000000000036,-0.6329113924050667,1.8987341772151913
2023-12-18,6.28,6.3,6.13,6.14,24513424.0,151861541.0,1891453762.0,0.01296009688023238,-0.14000000000000057,-2.2292993630573354,2.7070063694267503
2023-12-19,6.15,6.22,6.11,6.15,14400374.0,88665118.0,1891453762.0,0.007613389388262508,0.010000000000000675,0.16286644951140072,1.791530944625398
2023-12-20,6.16,6.17,6.0,6.0,18376362.0,111421293.0,1891453762.0,0.009715469851385139,-0.15000000000000036,-2.4390243902439046,2.7642276422764214
2023-12-21,5.98,6.05,5.89,6.04,24409276.0,145628870.0,1891453762.0,0.012905034471574886,0.040000000000000036,0.6666666666666599,2.6666666666666687
2023-12-22,6.04,6.05,5.91,5.98,18366198.0,109829450.0,1891453762.0,0.009710096206940744,-0.05999999999999961,-0.9933774834437026,2.3178807947019817
2023-12-25,5.99,6.09,5.96,6.05,13454400.0,81076512.0,1891453762.0,0.00711325873796327,0.0699999999999994,1.1705685618728978,2.173913043478259
2023-12-26,6.01,6.04,5.94,5.96,13901847.0,83152236.0,1891453762.0,0.007349821221799447,-0.08999999999999986,-1.4876033057851235,1.6528925619834651
2023-12-27,5.99,6.0,5.92,5.95,11909119.0,70932626.0,1891453762.0,0.006296278153480973,-0.009999999999999787,-0.1677852348993203,1.342281879194632
2023-12-28,5.95,6.22,5.92,6.18,36498914.0,223317757.0,1891453762.0,0.019296751912881282,0.22999999999999954,3.8655462184873812,5.042016806722685
2023-12-29,6.18,6.21,6.15,6.2,21193684.0,131026287.0,1891453762.0,0.011204970708662769,0.020000000000000462,0.3236245954692629,0.9708737864077607
2024-01-02,6.19,6.22,6.17,6.17,14179446.0,87834375.0,1891453762.0,0.007496586110044175,-0.03000000000000025,-0.4838709677419395,0.8064516129032229
2024-01-03,6.16,6.2,6.1,6.15,14115462.0,86700599.0,1891453762.0,0.007462758161782651,-0.019999999999999574,-0.32414910858994395,1.6207455429497655
2024-01-04,6.16,6.16,6.05,6.07,12510781.0,76163749.0,1891453762.0,0.006614373161716231,-0.08000000000000007,-1.3008130081300862,1.7886178861788666
2024-01-05,6.08,6.13,5.95,5.97,14965907.0,90175748.0,1891453762.0,0.007912383215847283,-0.10000000000000053,-1.6474464579901205,2.9654036243822026
2024-01-08,5.94,5.99,5.85,5.86,17643766.0,104302381.0,1891453762.0,0.009328150840623087,-0.10999999999999943,-1.8425460636515845,2.345058626465671
2024-01-09,5.88,5.99,5.84,5.9,16554524.0,97808304.0,1891453762.0,0.008752275277665497,0.040000000000000036,0.6825938566553003,2.5597269624573435
2024-01-10,5.89,5.98,5.78,5.91,16389056.0,96588361.0,1891453762.0,0.00866479336120298,0.009999999999999787,0.16949152542371504,3.3898305084745792
2024-01-11,5.88,6.03,5.87,6.01,16399477.0,97927061.0,1891453762.0,0.008670302879970691,0.09999999999999964,1.6920473773265554,2.7072758037225064
2024-01-12,5.98,6.09,5.98,6.0,16291993.0,98324265.0,1891453762.0,0.008613476748579383,-0.009999999999999787,-0.16638935108153063,1.8302828618968294
2024-01-15,5.96,6.04,5.93,5.99,12697558.0,76061763.0,1891453762.0,0.006713121015749154,-0.009999999999999787,-0.1666666666666594,1.8333333333333386
2024-01-16,5.97,6.05,5.89,6.01,16471670.0,98315596.0,1891453762.0,0.008708470876170432,0.019999999999999574,0.33388981636059967,2.67111853088481
2024-01-17,6.0,6.0,5.83,5.83,13267580.0,78437160.0,1891453762.0,0.00701448815009415,-0.17999999999999972,-2.9950083194675514,2.828618968386022
2024-01-18,5.8,5.83,5.59,5.77,25597766.0,146048355.0,1891453762.0,0.013533381843251212,-0.0600000000000005,-1.0291595197255643,4.116638078902233
2024-01-19,5.77,5.84,5.67,5.67,14487642.0,83134497.0,1891453762.0,0.007659527444477916,-0.09999999999999964,-1.7331022530329254,2.9462738301559783
2024-01-22,5.67,5.69,5.23,5.26,22571875.0,123358321.0,1891453762.0,0.011933611835233433,-0.41000000000000014,-7.231040564373902,8.112874779541446
2024-01-23,5.3,5.46,5.22,5.44,25686820.0,138007919.0,1891453762.0,0.013580464146709603,0.1800000000000006,3.4220532319391817,4.562737642585556
2024-01-24,5.47,5.52,5.25,5.48,19977667.0,107794400.0,1891453762.0,0.010562069980963141,0.040000000000000036,0.7352941176470562,4.963235294117639
2024-01-25,5.48,5.6,5.42,5.6,17723685.0,98269229.0,1891453762.0,0.009370403525624222,0.11999999999999922,2.1897810218977964,3.2846715328467098
2024-01-26,5.59,5.62,5.53,5.56,14733000.0,82235433.0,1891453762.0,0.007789246713819484,-0.040000000000000036,-0.7142857142857117,1.6071428571428545
2024-01-29,5.56,5.61,5.4,5.42,15734412.0,86136395.0,1891453762.0,0.008318687094609506,-0.13999999999999968,-2.517985611510787,3.7769784172661867
2024-01-30,5.38,5.81,5.32,5.58,38151066.0,212308179.0,1891453762.0,0.020170234539415615,0.16000000000000014,2.9520295202952074,9.040590405904046
2024-01-31,5.46,5.54,5.13,5.14,36636816.0,194938938.0,1891453762.0,0.01936965985425976,-0.4400000000000004,-7.885304659498216,7.34767025089606
2024-02-01,5.06,5.47,4.93,5.14,32505092.0,168020770.0,1891453762.0,0.017185242723369305,0.0,0.0,10.505836575875488
2024-02-02,5.1,5.25,4.65,4.82,45028634.0,219858526.0,1891453762.0,0.023806362547497472,-0.3199999999999994,-6.225680933852129,11.673151750972757
2024-02-05,4.78,4.78,4.34,4.35,41970492.0,189346672.0,1891453762.0,0.022189541633637882,-0.47000000000000064,-9.75103734439835,9.1286307053942
2024-02-06,4.35,4.78,4.31,4.74,50230432.0,232150084.0,1891453762.0,0.026556521237340192,0.39000000000000057,8.965517241379327,10.80459770114944
2024-02-07,4.67,5.04,4.67,4.94,44244642.0,218040609.0,1891453762.0,0.02339187078684718,0.20000000000000018,4.219409282700415,7.8059071729957825
2024-02-08,5.03,5.29,4.99,5.19,39922298.0,208315559.0,1891453762.0,0.021106674031400405,0.25,5.06072874493928,6.072874493927122
2024-02-19,5.31,5.34,5.1,5.17,29130015.0,151450236.0,1891453762.0,0.01540086021938928,-0.020000000000000462,-0.3853564547206201,4.624277456647403
2024-02-20,5.18,5.18,5.06,5.13,19574296.0,99941077.0,1891453762.0,0.01034881020792302,-0.040000000000000036,-0.7736943907156735,2.321083172147004
2024-02-21,5.1,5.38,5.06,5.21,32021600.0,167783033.0,1891453762.0,0.01692962346916731,0.08000000000000007,1.5594541910331383,6.2378167641325595
2024-02-22,5.2,5.3,5.19,5.27,20285306.0,106612422.0,1891453762.0,0.010724716832914047,0.05999999999999961,1.151631477927051,2.1113243761996054
2024-02-23,5.29,5.42,5.25,5.4,30127788.0,160575655.0,1891453762.0,0.015928376683204376,0.13000000000000078,2.4667931688804767,3.2258064516129026
2024-02-26,5.44,5.56,5.37,5.48,31141995.0,169909932.0,1891453762.0,0.016464581701997747,0.08000000000000007,1.4814814814814836,3.518518518518509
2024-02-27,5.43,5.67,5.41,5.67,29150931.0,162091663.0,1891453762.0,0.01541191838027072,0.1899999999999995,3.4671532846715314,4.744525547445251
2024-02-28,5.7,5.83,5.34,5.34,49688850.0,279312963.0,1891453762.0,0.02627019015651729,-0.33000000000000007,-5.820105820105825,8.641975308641978
2024-02-29,5.36,5.6,5.34,5.6,34510104.0,190212604.0,1891453762.0,0.018245280267126084,0.2599999999999998,4.868913857677892,4.8689138576778985
2024-03-01,5.6,5.95,5.59,5.78,67382123.0,388354381.0,1891453762.0,0.03562451504431754,0.1800000000000006,3.214285714285725,6.428571428571435
2024-03-04,5.77,5.82,5.57,5.68,39999433.0,227329059.0,1891453762.0,0.021147454832681233,-0.10000000000000053,-1.730103806228378,4.325259515570934
2024-03-05,5.64,5.68,5.55,5.58,28368104.0,158885046.0,1891453762.0,0.014998042547973213,-0.09999999999999964,-1.7605633802816878,2.2887323943661957
2024-03-06,5.55,5.75,5.53,5.66,29528704.0,166260100.0,1891453762.0,0.015611644647753223,0.08000000000000007,1.4336917562723928,3.9426523297490994
2024-03-07,5.66,5.7,5.53,5.53,27509704.0,154218283.0,1891453762.0,0.014544211734212088,-0.1299999999999999,-2.29681978798586,3.0035335689045923
2024-03-08,5.53,5.62,5.51,5.58,17049600.0,94948529.0,1891453762.0,0.009014018921600263,0.04999999999999982,0.9041591320072317,1.9891500904159187
2024-03-11,5.61,5.75,5.58,5.74,31477958.0,179036421.0,1891453762.0,0.0166422032789824,0.16000000000000014,2.8673835125448077,3.046594982078852
2024-03-12,5.75,5.82,5.71,5.76,27270709.0,157078521.0,1891453762.0,0.01441785654393385,0.019999999999999574,0.34843205574912606,1.9163763066202144
2024-03-13,5.76,5.82,5.72,5.82,25421003.0,146878192.0,1891453762.0,0.013439928329582925,0.0600000000000005,1.041666666666674,1.7361111111111205
2024-03-14,5.82,5.83,5.68,5.74,24394543.0,140419496.0,1891453762.0,0.012897245224861067,-0.08000000000000007,-1.3745704467354014,2.577319587628872
2024-03-15,5.72,5.8,5.69,5.8,18308503.0,105471491.0,1891453762.0,0.009679593214396535,0.05999999999999961,1.0452961672473782,1.9163763066201993
2024-03-18,5.82,5.91,5.82,5.91,27255831.0,159629711.0,1891453762.0,0.0144099906366096,0.11000000000000032,1.8965517241379404,1.551724137931032
2024-03-19,5.91,5.95,5.86,5.86,21411439.0,126435296.0,1891453762.0,0.01132009644124729,-0.04999999999999982,-0.8460236886632777,1.5228426395939063
2024-03-20,5.86,5.93,5.86,5.89,17939342.0,105692875.0,1891453762.0,0.009484420058479865,0.02999999999999936,0.5119453924914641,1.1945392491467473
2024-03-21,5.88,5.93,5.81,5.84,23673298.0,138769307.0,1891453762.0,0.012515927418161227,-0.04999999999999982,-0.8488964346349714,2.037351443123941
2024-03-22,5.89,5.91,5.72,5.74,23365153.0,135218175.0,1891453762.0,0.012353013047114603,-0.09999999999999964,-1.7123287671232834,3.253424657534253
2024-03-25,5.72,5.78,5.61,5.61,22154658.0,126176451.0,1891453762.0,0.011713031766937795,-0.1299999999999999,-2.2648083623693416,2.9616724738675946
2024-03-26,5.61,5.71,5.56,5.65,21786052.0,122641494.0,1891453762.0,0.011518152036116228,0.040000000000000036,0.7130124777183555,2.6737967914438565
2024-03-27,5.65,5.66,5.37,5.38,23372621.0,128584618.0,1891453762.0,0.012356961332898816,-0.27000000000000046,-4.778761061946913,5.132743362831859
2024-03-28,5.38,5.6,5.36,5.46,20867597.0,114388960.0,1891453762.0,0.011032570512289373,0.08000000000000007,1.486988847583648,4.460966542750917
2024-03-29,5.48,5.52,5.4,5.48,14504152.0,79077159.0,1891453762.0,0.007668256180189933,0.020000000000000462,0.366300366300365,2.1978021978021833
2024-04-01,5.48,5.78,5.48,5.77,32512664.0,184376004.0,1891453762.0,0.017189245993315484,0.28999999999999915,5.291970802919699,5.474452554744522
2024-04-02,5.77,5.79,5.64,5.74,18717466.0,106926908.0,1891453762.0,0.009895809443530029,-0.02999999999999936,-0.5199306759098632,2.5996533795494
2024-04-03,5.71,5.73,5.64,5.7,16879604.0,95822888.0,1891453762.0,0.008924143079316786,-0.040000000000000036,-0.6968641114982632,1.567944250871093
2024-04-08,5.71,5.74,5.55,5.55,19321704.0,108433145.0,1891453762.0,0.010215266367161663,-0.15000000000000036,-2.6315789473684292,3.33333333333334
2024-04-09,5.55,5.74,5.54,5.72,21677528.0,123303982.0,1891453762.0,0.011460776063105263,0.16999999999999993,3.063063063063054,3.603603603603607
2024-04-10,5.68,5.72,5.52,5.58,20418049.0,114067021.0,1891453762.0,0.01079489724264272,-0.13999999999999968,-2.447552447552437,3.4965034965034993
2024-04-11,5.56,5.67,5.51,5.61,17886900.0,100487555.0,1891453762.0,0.009456694294808778,0.03000000000000025,0.5376344086021501,2.8673835125448055
2024-04-12,5.57,5.63,5.46,5.47,16517800.0,91182183.0,1891453762.0,0.008732859524165307,-0.14000000000000057,-2.4955436720142665,3.030303030303029
2024-04-15,5.48,5.88,5.29,5.58,64023428.0,358479627.0,1891453762.0,0.033848793603234804,0.11000000000000032,2.010968921389411,10.786106032906762
2024-04-16,5.47,5.55,5.14,5.15,44005242.0,233020160.0,1891453762.0,0.023265301475553595,-0.4299999999999997,-7.706093189964147,7.34767025089606
2024-04-17,5.2,5.48,5.2,5.47,35928402.0,193209132.0,1891453762.0,0.01899512571854241,0.3199999999999994,6.2135922330097015,5.436893203883499
2024-04-18,5.75,5.81,5.54,5.57,49419651.0,277928885.0,1891453762.0,0.026127866296739004,0.10000000000000053,1.8281535648994707,4.936014625228512
2024-04-19,5.48,5.64,5.46,5.56,36601107.0,203720494.0,1891453762.0,0.0193507807250326,-0.010000000000000675,-0.17953321364453378,3.2315978456014314
2024-04-22,5.49,5.61,5.44,5.53,21575751.0,119292576.0,1891453762.0,0.011406967187601808,-0.02999999999999936,-0.5395683453237266,3.0575539568345316
2024-04-23,5.52,5.58,5.46,5.5,16155364.0,89092491.0,1891453762.0,0.008541241834491115,-0.03000000000000025,-0.5424954792043413,2.1699819168173615
2024-04-24,5.5,5.64,5.45,5.6,23433244.0,130001440.0,1891453762.0,0.012389012341079898,0.09999999999999964,1.8181818181818077,3.4545454545454457
2024-04-25,5.56,5.65,5.53,5.61,19546730.0,109427542.0,1891453762.0,0.010334236232838983,0.010000000000000675,0.17857142857145014,2.142857142857145
2024-04-26,5.63,5.8,5.59,5.77,40146889.0,230252596.0,1891453762.0,0.021225413915246426,0.15999999999999925,2.852049910873422,3.7433155080213893
2024-04-29,5.78,5.93,5.78,5.93,40857332.0,240415650.0,1891453762.0,0.021601020770815965,0.16000000000000014,2.772963604852685,2.5996533795493844
2024-04-30,5.93,5.94,5.82,5.86,25167195.0,147778539.0,1891453762.0,0.013305741597081663,-0.0699999999999994,-1.1804384485666009,2.023608768971334
2024-05-06,5.93,6.02,5.91,5.93,37641911.0,224436267.0,1891453762.0,0.019901047414554774,0.0699999999999994,1.1945392491467421,1.877133105802038
2024-05-07,5.9,5.94,5.85,5.88,23979450.0,141163753.0,1891453762.0,0.012677788102334801,-0.04999999999999982,-0.8431703204047181,1.5177065767285118
2024-05-08,5.88,5.89,5.74,5.76,22851405.0,132617760.0,1891453762.0,0.012081397631331576,-0.1200000000000001,-2.0408163265306145,2.5510204081632564
2024-05-09,5.77,5.89,5.76,5.86,23876250.0,139585802.0,1891453762.0,0.012623226895461376,0.10000000000000053,1.736111111111116,2.256944444444443
2024-05-10,6.0,6.0,5.81,5.87,31060495.0,182754529.0,1891453762.0,0.016421493151995963,0.009999999999999787,0.17064846416381396,3.2423208191126345
2024-05-13,5.81,5.83,5.73,5.75,25083834.0,144801114.0,1891453762.0,0.013261669147797016,-0.1200000000000001,-2.044293015332199,1.7035775127768253
2024-05-14,5.71,5.81,5.7,5.73,15207182.0,87410388.0,1891453762.0,0.00803994382813784,-0.019999999999999574,-0.3478260869565153,1.9130434782608599
2024-05-15,5.71,5.75,5.63,5.64,17198110.0,97558401.0,1891453762.0,0.00909253524749922,-0.09000000000000075,-1.5706806282722696,2.094240837696337
2024-05-16,5.63,5.68,5.58,5.58,15655153.0,88113635.0,1891453762.0,0.008276783347559305,-0.05999999999999961,-1.0638297872340385,1.7730496453900648
2024-05-17,5.57,5.69,5.53,5.68,16878067.0,94905518.0,1891453762.0,0.0089233304768462,0.09999999999999964,1.7921146953404854,2.8673835125448055
2024-05-20,5.67,5.74,5.65,5.66,15427317.0,87721639.0,1891453762.0,0.008156327852121188,-0.019999999999999574,-0.35211267605632646,1.5845070422535186
2024-05-21,5.64,5.65,5.53,5.56,18760334.0,104399977.0,1891453762.0,0.009918473492137102,-0.10000000000000053,-1.7667844522968323,2.1201413427561855
2024-05-22,5.57,5.71,5.54,5.68,26767162.0,150805674.0,1891453762.0,0.014151634334268226,0.1200000000000001,2.158273381294973,3.0575539568345316
2024-05-23,5.68,5.68,5.44,5.46,27062050.0,149366767.0,1891453762.0,0.014307539810745847,-0.21999999999999975,-3.873239436619713,4.2253521126760445
2024-05-24,5.48,5.54,5.45,5.45,14661449.0,80548026.0,1891453762.0,0.007751418139081107,-0.009999999999999787,-0.1831501831501825,1.6483516483516456
2024-05-27,5.44,5.51,5.38,5.5,15498730.0,84324247.0,1891453762.0,0.008194083467106187,0.04999999999999982,0.917431192660545,2.3853211009174293
2024-05-28,5.5,5.73,5.46,5.53,32280409.0,180982501.0,1891453762.0,0.0170664541996877,0.03000000000000025,0.5454545454545601,4.909090909090918
2024-05-29,5.43,5.63,5.41,5.52,22882453.0,127007676.0,1891453762.0,0.012097812518453729,-0.010000000000000675,-0.1808318264014619,3.9783001808318215
2024-05-30,5.47,5.53,5.42,5.47,16645510.0,91010231.0,1891453762.0,0.00880037901767117,-0.04999999999999982,-0.9057971014492683,1.992753623188412
2024-05-31,5.47,5.54,5.47,5.52,14037735.0,77384064.0,1891453762.0,0.00742166437373371,0.04999999999999982,0.9140767824497242,1.2797074954296213
2024-06-03,5.52,5.56,5.35,5.38,21290335.0,115259716.0,1891453762.0,0.011256069499413964,-0.13999999999999968,-2.53623188405796,3.804347826086956
2024-06-04,5.35,5.4,5.25,5.36,14209650.0,75637456.0,1891453762.0,0.007512554779544222,-0.019999999999999574,-0.3717472118959009,2.7881040892193374
2024-06-05,5.36,5.41,5.26,5.27,11661169.0,62231606.0,1891453762.0,0.006165188509641189,-0.09000000000000075,-1.679104477611959,2.7985074626865734
2024-06-06,5.25,5.41,5.08,5.12,26702941.0,138607744.0,1891453762.0,0.014117681085560684,-0.14999999999999947,-2.8462998102466663,6.261859582542696
2024-06-07,5.15,5.21,5.08,5.15,16916312.0,87224193.0,1891453762.0,0.008943550373715137,0.03000000000000025,0.5859375,2.539062499999998
2024-06-11,5.16,5.28,5.07,5.27,18127835.0,94431564.0,1891453762.0,0.009584075151185218,0.11999999999999922,2.3300970873786353,4.07766990291262
2024-06-12,5.28,5.32,5.24,5.25,14986649.0,78936041.0,1891453762.0,0.007923349383996203,-0.019999999999999574,-0.3795066413662118,1.518026565464897
2024-06-13,5.25,5.28,5.19,5.2,14940500.0,78000162.0,1891453762.0,0.00789895069081789,-0.04999999999999982,-0.952380952380949,1.7142857142857115
2024-06-14,5.18,5.22,5.12,5.18,18173092.0,93945107.0,1891453762.0,0.009608002249435902,-0.020000000000000462,-0.38461538461539435,1.9230769230769162
2024-06-17,5.2,5.21,5.12,5.18,19212150.0,99496573.0,1891453762.0,0.010157345839469693,0.0,0.0,1.7374517374517346
2024-06-18,5.17,5.29,5.15,5.28,16851900.0,88516879.0,1891453762.0,0.00890949614447937,0.10000000000000053,1.9305019305019488,2.7027027027026964
2024-06-19,5.3,5.31,5.19,5.19,14828200.0,77481973.0,1891453762.0,0.007839578369772488,-0.08999999999999986,-1.7045454545454475,2.272727272727258
2024-06-20,5.19,5.22,5.01,5.04,19816000.0,100989310.0,1891453762.0,0.010476597629881687,-0.15000000000000036,-2.8901734104046284,4.046242774566473
2024-06-21,5.03,5.09,4.96,4.96,16610300.0,83263628.0,1891453762.0,0.00878176370668267,-0.08000000000000007,-1.5873015873015928,2.5793650793650773
2024-06-24,4.93,4.94,4.71,4.73,23955805.0,115073223.0,1891453762.0,0.012665287135895632,-0.22999999999999954,-4.637096774193539,4.637096774193557
2024-06-25,4.76,4.83,4.71,4.74,16902800.0,80587644.0,1891453762.0,0.008936406662210546,0.009999999999999787,0.21141649048626032,2.536997885835097
2024-06-26,4.74,4.85,4.67,4.85,17609900.0,83934635.0,1891453762.0,0.009310246094189217,0.10999999999999943,2.320675105485215,3.797468354430374
2024-06-27,4.84,4.86,4.72,4.73,14163307.0,67638712.0,1891453762.0,0.007488053519756091,-0.11999999999999922,-2.4742268041236914,2.886597938144342
2024-06-28,4.69,4.87,4.69,4.8,16500896.0,79486200.0,1891453762.0,0.008723922483070459,0.0699999999999994,1.4799154334038,3.8054968287526365
2024-07-01,4.82,4.86,4.73,4.83,12978347.0,62193179.0,1891453762.0,0.0068615724374234,0.03000000000000025,0.6250000000000089,2.7083333333333313
2024-07-02,4.83,4.87,4.8,4.83,12503831.0,60503076.0,1891453762.0,0.006610698739354116,0.0,0.0,1.4492753623188466
2024-07-03,4.84,4.85,4.77,4.82,11046100.0,53225880.0,1891453762.0,0.005840005302757171,-0.009999999999999787,-0.20703933747411307,1.656314699792962
2024-07-04,4.82,4.84,4.68,4.71,14294800.0,67805296.0,1891453762.0,0.007557573062153449,-0.11000000000000032,-2.2821576763485507,3.3195020746887995
2024-07-05,4.68,4.76,4.63,4.73,10555508.0,49585363.0,1891453762.0,0.005580632322113302,0.020000000000000462,0.424628450106157,2.760084925690019
2024-07-08,4.7,4.71,4.54,4.55,17601976.0,80991298.0,1891453762.0,0.00930605672400254,-0.1800000000000006,-3.8054968287526525,3.5940803382663833
2024-07-09,4.56,4.69,4.48,4.68,19056703.0,87645248.0,1891453762.0,0.010075161964228868,0.1299999999999999,2.857142857142847,4.615384615384615
2024-07-10,4.8,5.0,4.79,4.8,42714525.0,207548956.0,1891453762.0,0.02258290731613454,0.1200000000000001,2.564102564102577,4.487179487179486
2024-07-11,4.94,4.96,4.84,4.93,32684823.0,160292881.0,1891453762.0,0.017280265400429068,0.1299999999999999,2.708333333333335,2.500000000000002
2024-07-12,4.91,5.01,4.89,4.99,26795500.0,132862534.0,1891453762.0,0.014166616461016085,0.0600000000000005,1.217038539553772,2.4340770791075075
2024-07-15,4.97,4.99,4.86,4.87,17548917.0,85972833.0,1891453762.0,0.009278004756216715,-0.1200000000000001,-2.4048096192384794,2.605210420841681
2024-07-16,4.87,4.92,4.83,4.91,15520126.0,75675551.0,1891453762.0,0.00820539540104285,0.040000000000000036,0.8213552361396204,1.8480492813141656
2024-07-17,4.93,5.13,4.93,5.08,48396234.0,245021845.0,1891453762.0,0.0255867920074485,0.16999999999999993,3.462321792260692,4.073319755600818
2024-07-18,5.03,5.1,4.95,5.08,25884900.0,130214393.0,1891453762.0,0.013685187827499216,0.0,0.0,2.9527559055118004
2024-07-19,5.06,5.21,5.05,5.2,27518637.0,141828658.0,1891453762.0,0.014548934556508604,0.1200000000000001,2.3622047244094446,3.1496062992126013
2024-07-22,5.18,5.29,5.16,5.25,26507800.0,139137901.0,1891453762.0,0.014014511236040462,0.04999999999999982,0.9615384615384581,2.499999999999998
2024-07-23,5.25,5.33,5.2,5.2,26779876.0,141009344.0,1891453762.0,0.014158356148068504,-0.04999999999999982,-0.952380952380949,2.476190476190474
2024-07-24,5.2,5.34,5.19,5.25,34809251.0,184017220.0,1891453762.0,0.018403437450774968,0.04999999999999982,0.9615384615384581,2.8846153846153744
2024-07-25,5.2,5.31,5.18,5.24,22495004.0,118165664.0,1891453762.0,0.011892970609132976,-0.009999999999999787,-0.19047619047618536,2.476190476190474
2024-07-26,5.25,5.31,5.22,5.26,19004948.0,99940041.0,1891453762.0,0.010047799413243071,0.019999999999999574,0.3816793893129722,1.7175572519083944
2024-07-29,5.25,5.35,5.24,5.25,18432453.0,97312956.0,1891453762.0,0.0097451248189698,-0.009999999999999787,-0.1901140684410607,2.0912547528517003
2024-07-30,5.35,5.57,5.23,5.57,55355537.0,301238973.0,1891453762.0,0.029266132808590434,0.3200000000000003,6.095238095238109,6.476190476190473
2024-07-31,5.51,5.69,5.48,5.68,45700249.0,256024006.0,1891453762.0,0.024161441277674753,0.10999999999999943,1.9748653500897495,3.7701974865350083
2024-08-01,5.66,5.79,5.63,5.72,37197030.0,212660823.0,1891453762.0,0.019665841559176323,0.040000000000000036,0.7042253521126751,2.8169014084507067
2024-08-02,5.68,5.78,5.56,5.58,32944535.0,186527990.0,1891453762.0,0.017417573541509603,-0.13999999999999968,-2.447552447552437,3.8461538461538574
2024-08-05,5.53,5.63,5.34,5.36,41405420.0,226512567.0,1891453762.0,0.021890791533924897,-0.21999999999999975,-3.9426523297490967,5.197132616487456
2024-08-06,5.42,5.52,5.39,5.47,27034057.0,147348183.0,1891453762.0,0.01429274008338143,0.10999999999999943,2.0522388059701413,2.425373134328356
2024-08-07,5.47,5.59,5.45,5.57,26544560.0,146604623.0,1891453762.0,0.014033946022519794,0.10000000000000053,1.8281535648994707,2.5594149908592265
2024-08-08,5.54,5.63,5.45,5.54,22726366.0,125662069.0,1891453762.0,0.012015290279139269,-0.03000000000000025,-0.5385996409335791,3.2315978456014314
2024-08-09,5.57,5.63,5.45,5.47,15230800.0,84006510.0,1891453762.0,0.008052430519842653,-0.07000000000000028,-1.263537906137191,3.2490974729241824
2024-08-12,5.46,5.61,5.45,5.54,22607994.0,125620600.0,1891453762.0,0.011952707728945267,0.07000000000000028,1.2797074954296273,2.925045703839125
2024-08-13,5.63,6.04,5.61,5.83,73751003.0,427486774.0,1891453762.0,0.038991702827573534,0.29000000000000004,5.234657039711199,7.761732851985554
2024-08-14,5.78,6.16,5.78,5.97,94054858.0,564083746.0,1891453762.0,0.049726226402990445,0.13999999999999968,2.401372212692965,6.518010291595195
2024-08-15,5.97,6.01,5.88,6.0,55963800.0,333358419.0,1891453762.0,0.029587717725028904,0.03000000000000025,0.5025125628140836,2.1775544388609696
2024-08-16,6.02,6.12,5.94,6.06,57038794.0,344566932.0,1891453762.0,0.030156060457797222,0.05999999999999961,1.0000000000000009,2.9999999999999956
2024-08-19,5.98,6.03,5.85,5.89,51826100.0,306921951.0,1891453762.0,0.02740014111960089,-0.16999999999999993,-2.8052805280528004,2.9702970297029805
2024-08-20,5.88,5.97,5.82,5.85,26299300.0,154707219.0,1891453762.0,0.013904278565177,-0.040000000000000036,-0.6791171477079749,2.5466893039049148
2024-08-21,5.85,6.06,5.81,5.92,46201156.0,275029819.0,1891453762.0,0.02442626773553664,0.07000000000000028,1.1965811965811923,4.273504273504273
2024-08-22,5.92,5.95,5.74,5.77,39973320.0,233266387.0,1891453762.0,0.021133649049783116,-0.15000000000000036,-2.533783783783794,3.5472972972972965
2024-08-23,5.74,5.78,5.68,5.74,19432930.0,111441256.0,1891453762.0,0.010274070870995999,-0.02999999999999936,-0.5199306759098632,1.7331022530329383
2024-08-26,5.75,5.79,5.56,5.59,43647100.0,245981025.0,1891453762.0,0.02307595399733594,-0.15000000000000036,-2.6132404181184676,4.00696864111499
2024-08-27,5.55,5.61,5.35,5.37,37645120.0,205468856.0,1891453762.0,0.019902743993167726,-0.21999999999999975,-3.935599284436486,4.651162790697687
2024-08-28,5.37,5.51,5.34,5.49,23352874.0,127202619.0,1891453762.0,0.012346521215145623,0.1200000000000001,2.2346368715083775,3.1657355679702035
2024-08-29,5.5,5.57,5.23,5.55,38170555.0,207618267.0,1891453762.0,0.020180538254151625,0.05999999999999961,1.0928961748633892,6.193078324225863
2024-08-30,5.5,5.69,5.45,5.65,34846300.0,196041701.0,1891453762.0,0.018423025029781298,0.10000000000000053,1.8018018018018056,4.324324324324328
2024-09-02,5.64,5.8,5.58,5.7,37629874.0,215351921.0,1891453762.0,0.019894683526501134,0.04999999999999982,0.8849557522123908,3.8938053097345082
2024-09-03,5.7,5.77,5.65,5.67,18420300.0,104889125.0,1891453762.0,0.009738699602427818,-0.03000000000000025,-0.5263157894736858,2.105263157894723
2024-09-04,5.67,5.74,5.58,5.68,22321362.0,126430910.0,1891453762.0,0.011801167149017518,0.009999999999999787,0.17636684303350414,2.8218694885361577
2024-09-05,5.65,5.77,5.64,5.72,18571100.0,106378025.0,1891453762.0,0.009818426637277744,0.040000000000000036,0.7042253521126751,2.2887323943661957
2024-09-06,5.7,5.74,5.61,5.62,15844000.0,89976077.0,1891453762.0,0.008376625597892887,-0.09999999999999964,-1.748251748251739,2.272727272727271
2024-09-09,5.61,5.64,5.34,5.38,34371500.0,187921852.0,1891453762.0,0.01817200118265434,-0.2400000000000002,-4.270462633451966,5.338078291814943
2024-09-10,5.41,5.46,5.14,5.36,38323200.0,202366744.0,1891453762.0,0.020261240729182572,-0.019999999999999574,-0.3717472118959009,5.947955390334577
2024-09-11,5.32,5.41,5.28,5.33,16361991.0,87298480.0,1891453762.0,0.008650484261745332,-0.03000000000000025,-0.5597014925373234,2.425373134328356
2024-09-12,5.34,5.45,5.27,5.3,15913200.0,85277886.0,1891453762.0,0.008413211213354525,-0.03000000000000025,-0.5628517823639823,3.377110694183876
2024-09-13,5.33,5.33,5.18,5.2,16412889.0,85931082.0,1891453762.0,0.008677393722088778,-0.09999999999999964,-1.8867924528301772,2.8301886792452895
2024-09-18,5.22,5.24,5.01,5.07,19347700.0,98474437.0,1891453762.0,0.01022901029287757,-0.1299999999999999,-2.500000000000002,4.423076923076931
2024-09-19,5.14,5.22,5.05,5.13,18096700.0,92934969.0,1891453762.0,0.009567614267696806,0.05999999999999961,1.1834319526627057,3.353057199211044
2024-09-20,5.15,5.15,5.0,5.04,19929937.0,100698231.0,1891453762.0,0.01053683542278418,-0.08999999999999986,-1.754385964912275,2.9239766081871417
2024-09-23,5.05,5.08,4.98,5.0,17068782.0,85728910.0,1891453762.0,0.0090241603273197,-0.040000000000000036,-0.7936507936507908,1.984126984126977
2024-09-24,5.03,5.2,5.02,5.2,29911200.0,153408843.0,1891453762.0,0.01581386793636037,0.20000000000000018,4.0000000000000036,3.600000000000012
2024-09-25,5.25,5.43,5.25,5.26,35199620.0,187762291.0,1891453762.0,0.018609823146181672,0.05999999999999961,1.1538461538461497,3.4615384615384563
2024-09-26,5.3,5.44,5.22,5.41,34640634.0,184157062.0,1891453762.0,0.018314290677331396,0.15000000000000036,2.851711026615966,4.182509505703434
2024-09-27,5.49,5.95,5.47,5.86,75581158.0,432294167.0,1891453762.0,0.039959294548168815,0.4500000000000002,8.317929759704246,8.872458410351209
2024-09-30,6.22,6.45,6.12,6.45,126185219.0,802586079.0,1891453762.0,0.06671335114561473,0.5899999999999999,10.068259385665534,5.631399317406145
2024-10-08,7.1,7.1,6.63,7.1,149753322.0,1050626550.0,1891453762.0,0.07917366261264176,0.6499999999999995,10.077519379844958,7.286821705426353
2024-10-09,7.07,7.22,6.54,6.54,132068218.0,911503940.0,1891453762.0,0.06982365662502513,-0.5599999999999996,-7.887323943661961,9.57746478873239
2024-10-10,6.6,6.78,6.42,6.42,82285967.0,543290197.0,1891453762.0,0.043504085932818064,-0.1200000000000001,-1.834862385321101,5.504587155963308
2024-10-11,6.41,6.47,5.96,6.04,71311170.0,440586589.0,1891453762.0,0.03770177808872073,-0.3799999999999999,-5.919003115264799,7.9439252336448565
2024-10-14,6.04,6.2,5.98,6.2,50587905.0,309058420.0,1891453762.0,0.026745515019362127,0.16000000000000014,2.6490066225165476,3.6423841059602604
2024-10-15,6.15,6.25,6.0,6.01,48324920.0,296028350.0,1891453762.0,0.02554908873315614,-0.1900000000000004,-3.0645161290322687,4.032258064516129
2024-10-16,5.95,6.06,5.86,5.92,41062665.0,244480113.0,1891453762.0,0.021709579068208806,-0.08999999999999986,-1.4975041597337757,3.327787021630604
2024-10-17,5.93,6.03,5.85,5.86,40688800.0,241342332.0,1891453762.0,0.02151191893635093,-0.05999999999999961,-1.0135135135135087,3.0405405405405506
2024-10-18,5.86,6.29,5.83,6.13,74371988.0,451200400.0,1891453762.0,0.0393200137873632,0.2699999999999996,4.607508532423199,7.849829351535835
2024-10-21,6.22,6.42,6.18,6.29,80450317.0,507802056.0,1891453762.0,0.042533589039434314,0.16000000000000014,2.610114192495927,3.9151712887438865
2024-10-22,6.28,6.3,6.17,6.25,51084635.0,318780248.0,1891453762.0,0.02700813312294969,-0.040000000000000036,-0.6359300476947549,2.0667726550079477
2024-10-23,6.28,6.46,6.23,6.34,62865128.0,398700725.0,1891453762.0,0.03323640749934441,0.08999999999999986,1.4399999999999968,3.679999999999992
2024-10-24,6.31,6.32,6.19,6.23,38692405.0,241114782.0,1891453762.0,0.020456437147629306,-0.10999999999999943,-1.7350157728706517,2.050473186119872
2024-10-25,6.25,6.59,6.23,6.54,88234581.0,569345457.0,1891453762.0,0.046649081660183875,0.3099999999999996,4.97592295345104,5.7784911717495895
2024-10-28,6.58,6.63,6.41,6.56,74548455.0,485069223.0,1891453762.0,0.039413310807647435,0.019999999999999574,0.3058103975535076,3.363914373088681
2024-10-29,6.56,6.68,6.44,6.46,68215256.0,445748112.0,1891453762.0,0.036064987350190376,-0.09999999999999964,-1.5243902439024293,3.6585365853658436
2024-10-30,6.41,6.5,6.35,6.42,52435640.0,337292308.0,1891453762.0,0.027722401178105035,-0.040000000000000036,-0.6191950464396245,2.3219814241486123
2024-10-31,6.48,6.74,6.47,6.66,93978527.0,624174349.0,1891453762.0,0.04968587067157711,0.2400000000000002,3.738317757009346,4.205607476635522
2024-11-01,6.66,6.75,6.37,6.38,76611376.0,500068303.0,1891453762.0,0.040503964484435544,-0.28000000000000025,-4.20420420420421,5.705705705705704
2024-11-04,6.35,6.57,6.35,6.45,42289700.0,272784311.0,1891453762.0,0.022358304944913584,0.07000000000000028,1.0971786833855912,3.448275862068976
2024-11-05,6.44,6.57,6.39,6.56,67196357.0,437355095.0,1891453762.0,0.03552630169978218,0.10999999999999943,1.7054263565891459,2.790697674418614
2024-11-06,6.57,7.22,6.54,7.22,133100731.0,923863085.0,1891453762.0,0.07036953991371214,0.6600000000000001,10.060975609756095,10.365853658536581
2024-11-07,7.59,7.88,7.38,7.48,319685639.0,2425348302.0,1891453762.0,0.16901583608470996,0.2600000000000007,3.6011080332410073,6.9252077562326875
2024-11-08,7.4,8.22,7.34,7.65,299810292.0,2307815691.0,1891453762.0,0.158507862060019,0.16999999999999993,2.2727272727272707,11.764705882352951
2024-11-11,7.55,8.1,7.5,7.88,230140431.0,1802185752.0,1891453762.0,0.12167383397025383,0.22999999999999954,3.0065359477124076,7.843137254901955
2024-11-12,7.8,7.88,7.49,7.58,153760210.0,1180234541.0,1891453762.0,0.08129207971619451,-0.2999999999999998,-3.8071065989847663,4.949238578680199
2024-11-13,7.51,7.58,7.25,7.35,118000543.0,867846158.0,1891453762.0,0.06238616315697174,-0.23000000000000043,-3.034300791556732,4.353562005277046
2024-11-14,7.28,7.34,6.95,6.98,97460101.0,695338148.0,1891453762.0,0.051526557486103644,-0.3699999999999992,-5.034013605442167,5.306122448979587
2024-11-15,6.91,7.17,6.89,6.95,76547250.0,539480713.0,1891453762.0,0.04047006146164518,-0.03000000000000025,-0.42979942693409656,4.011461318051579
2024-11-18,6.96,7.06,6.54,6.58,76201664.0,513111689.0,1891453762.0,0.04028735226359713,-0.3700000000000001,-5.323741007194249,7.482014388489203
2024-11-19,6.61,6.89,6.6,6.88,65240811.0,439482881.0,1891453762.0,0.03449241652675409,0.2999999999999998,4.5592705167173175,4.407294832826748
2024-11-20,6.9,7.15,6.83,7.05,76642924.0,537779783.0,1891453762.0,0.04052064371849022,0.16999999999999993,2.470930232558133,4.651162790697678
2024-11-21,7.06,7.11,6.88,6.97,63292759.0,441028997.0,1891453762.0,0.033462493385550705,-0.08000000000000007,-1.134751773049647,3.2624113475177365
2024-11-22,6.9,7.05,6.64,6.68,74205666.0,510503492.0,1891453762.0,0.03923208036633993,-0.29000000000000004,-4.160688665710188,5.882352941176473
2024-11-25,6.71,6.78,6.48,6.62,47023987.0,310214040.0,1891453762.0,0.02486129343721171,-0.05999999999999961,-0.8982035928143617,4.491017964071854
2024-11-26,6.6,6.75,6.53,6.54,34828600.0,230390044.0,1891453762.0,0.01841366714836987,-0.08000000000000007,-1.2084592145015116,3.32326283987915
2024-11-27,6.51,6.67,6.35,6.67,45443260.0,295030677.0,1891453762.0,0.02402557276998876,0.1299999999999999,1.987767584097866,4.892966360856273
2024-11-28,6.73,6.78,6.63,6.65,37658967.0,251963088.0,1891453762.0,0.01991006481711711,-0.019999999999999574,-0.2998500749625155,2.248875562218896
2024-11-29,6.62,6.73,6.5,6.68,51128434.0,338811741.0,1891453762.0,0.027031289385545127,0.02999999999999936,0.4511278195488577,3.4586466165413596
2024-12-02,6.68,6.98,6.61,6.95,77668239.0,531511882.0,1891453762.0,0.041062721468736595,0.27000000000000046,4.041916167664672,5.538922155688625
2024-12-03,6.96,7.01,6.84,6.92,48503003.0,335582481.0,1891453762.0,0.0256432401227263,-0.03000000000000025,-0.4316546762589968,2.446043165467625
2024-12-04,6.96,7.04,6.78,6.81,49895404.0,344396002.0,1891453762.0,0.02637939398911936,-0.11000000000000032,-1.5895953757225523,3.7572254335260085
2024-12-05,6.75,6.9,6.71,6.85,37684817.0,257973103.0,1891453762.0,0.01992373155352872,0.040000000000000036,0.5873715124816492,2.790014684287818
2024-12-06,6.82,6.93,6.74,6.9,48141160.0,329644069.0,1891453762.0,0.02545193594851408,0.05000000000000071,0.7299270072992803,2.7737226277372193
2024-12-09,6.88,6.96,6.78,6.84,39440191.0,270997933.0,1891453762.0,0.020851787018201506,-0.0600000000000005,-0.8695652173913104,2.6086956521739086
2024-12-10,6.99,7.1,6.9,7.04,93408782.0,653981279.0,1891453762.0,0.04938464998543274,0.20000000000000018,2.923976608187129,2.9239766081871243
2024-12-11,7.02,7.21,6.96,7.21,89155095.0,636276493.0,1891453762.0,0.04713575176467888,0.16999999999999993,2.4147727272727293,3.5511363636363638
2024-12-12,7.22,7.23,7.06,7.13,56884027.0,405135190.0,1891453762.0,0.030074236094384633,-0.08000000000000007,-1.109570041608876,2.357836338418874
2024-12-13,7.1,7.16,6.92,6.93,61178594.0,429876407.0,1891453762.0,0.03234474732034184,-0.20000000000000018,-2.805049088359046,3.366058906030859
2024-12-16,6.89,7.62,6.89,7.62,126965270.0,953406011.0,1891453762.0,0.06712575932374286,0.6900000000000004,9.956709956709965,10.53391053391054
2024-12-17,7.6,7.86,7.31,7.45,225587403.0,1705603939.0,1891453762.0,0.11926667599924126,-0.16999999999999993,-2.2309711286089273,7.2178477690288805
2024-12-18,7.39,8.2,7.35,7.85,360367528.0,2851582636.0,1891453762.0,0.1905241012177595,0.39999999999999947,5.369127516778516,11.409395973154357
2024-12-19,7.59,8.28,7.59,7.78,309845034.0,2457165552.0,1891453762.0,0.16381316859280434,-0.0699999999999994,-0.8917197452229186,8.789808917197446
2024-12-20,7.6,8.56,7.46,8.56,210620523.0,1726236741.0,1891453762.0,0.11135377836426329,0.7800000000000002,10.025706940874034,14.138817480719801
2024-12-23,9.24,9.42,9.03,9.42,627317399.0,5860168400.0,1891453762.0,0.33165886029203395,0.8599999999999994,10.046728971962615,4.556074766355146
2024-12-24,9.44,9.99,8.48,9.0,648010351.0,5935380567.0,1891453762.0,0.34259909706426117,-0.41999999999999993,-4.458598726114649,16.02972399150743
2024-12-25,8.65,8.74,8.1,8.1,426530249.0,3532018042.0,1891453762.0,0.22550392590564422,-0.9000000000000004,-10.000000000000009,7.111111111111118
2024-12-26,7.91,8.91,7.87,8.91,370318709.0,3182519025.0,1891453762.0,0.19578522956248717,0.8100000000000005,10.000000000000009,12.839506172839506
2024-12-27,9.3,9.3,8.7,8.8,521286573.0,4671004308.0,1891453762.0,0.2756010130793776,-0.10999999999999943,-1.2345679012345623,6.73400673400675
2024-12-30,8.85,9.15,8.48,8.5,373332647.0,3293871103.0,1891453762.0,0.197378680092736,-0.3000000000000007,-3.409090909090917,7.613636363636362
2024-12-31,8.3,8.5,7.65,7.65,336577646.0,2671710198.0,1891453762.0,0.177946536554035,-0.8499999999999996,-9.999999999999998,9.999999999999996
2025-01-02,7.57,7.95,7.35,7.5,229414052.0,1746668368.0,1891453762.0,0.12128980184925081,-0.15000000000000036,-1.9607843137254943,7.843137254901968
2025-01-03,7.5,7.57,6.91,6.95,209120393.0,1501524116.0,1891453762.0,0.11056066883648198,-0.5499999999999998,-7.333333333333336,8.800000000000002
2025-01-06,6.95,7.02,6.64,6.71,133031646.0,904697365.0,1891453762.0,0.07033301509804499,-0.2400000000000002,-3.453237410071941,5.4676258992805735
2025-01-07,6.71,7.09,6.68,7.05,172339621.0,1193005163.0,1891453762.0,0.09111490032818471,0.33999999999999986,5.067064083457518,6.110283159463489
2025-01-08,6.93,7.03,6.61,6.92,166091049.0,1136586319.0,1891453762.0,0.08781131864644545,-0.1299999999999999,-1.8439716312056764,5.957446808510637
2025-01-09,6.82,7.08,6.82,6.93,125255525.0,874233664.0,1891453762.0,0.06622182763143855,0.009999999999999787,0.14450867052022698,3.7572254335260085
2025-01-10,6.85,6.95,6.51,6.52,139105716.0,934333331.0,1891453762.0,0.07354433864294485,-0.41000000000000014,-5.9163059163059195,6.349206349206356
2025-01-13,6.61,6.66,6.33,6.46,91651000.0,593635758.0,1891453762.0,0.04845532142593291,-0.05999999999999961,-0.9202453987730008,5.061349693251535
2025-01-14,6.5,6.93,6.47,6.92,146252700.0,987584412.0,1891453762.0,0.0773229052373737,0.45999999999999996,7.120743034055721,7.120743034055726
2025-01-15,6.82,6.97,6.74,6.86,112227033.0,767989958.0,1891453762.0,0.05933374384015209,-0.05999999999999961,-0.8670520231213841,3.3236994219653115
2025-01-16,6.92,7.09,6.83,6.95,119796910.0,832451799.0,1891453762.0,0.06333589136925463,0.08999999999999986,1.3119533527696792,3.7900874635568482
2025-01-17,6.95,7.47,6.88,7.3,256719331.0,1848580403.0,1891453762.0,0.13572593534009952,0.34999999999999964,5.035971223021574,8.489208633093522
2025-01-20,7.3,8.03,7.29,7.75,315425620.0,2438982390.0,1891453762.0,0.1667635901744026,0.4500000000000002,6.164383561643838,10.136986301369856
2025-01-21,7.74,7.96,7.65,7.79,243861811.0,1899161591.0,1891453762.0,0.12892824339630884,0.040000000000000036,0.5161290322580614,3.999999999999995
2025-01-22,7.72,8.05,7.71,7.79,224950570.0,1777680334.0,1891453762.0,0.11892998629907825,0.0,0.0,4.3645699614890985
2025-01-23,7.93,8.14,7.66,7.66,198093380.0,1561835190.0,1891453762.0,0.10473075471352707,-0.1299999999999999,-1.6688061617458283,6.161745827984601
2025-01-24,7.66,7.91,7.62,7.88,177855378.0,1390869268.0,1891453762.0,0.09403104721520547,0.21999999999999975,2.872062663185382,3.7859007832898173
2025-01-27,7.75,7.83,7.42,7.43,139524118.0,1059569221.0,1891453762.0,0.07376554521347056,-0.4500000000000002,-5.7106598984771555,5.203045685279189
2025-02-05,7.55,7.62,7.36,7.45,104891093.0,787158547.0,1891453762.0,0.055455277367758356,0.020000000000000462,0.2691790040376896,3.499327052489903
2025-02-06,7.46,7.8,7.41,7.78,151543868.0,1166771426.0,1891453762.0,0.08012031329793617,0.33000000000000007,4.429530201342291,5.234899328859056
2025-02-07,7.74,8.0,7.7,7.84,189752993.0,1490840831.0,1891453762.0,0.10032124327446287,0.05999999999999961,0.7712082262210762,3.856041131105396
2025-02-10,7.83,7.93,7.7,7.91,157364683.0,1231349280.0,1891453762.0,0.08319774247804214,0.07000000000000028,0.8928571428571397,2.9336734693877493
2025-02-11,7.88,8.25,7.77,8.25,250435036.0,2022151243.0,1891453762.0,0.132403467127419,0.33999999999999986,4.298356510745882,6.068268015170675
2025-02-12,8.11,8.43,8.05,8.27,200542777.0,1641770818.0,1891453762.0,0.10602573588050523,0.019999999999999574,0.24242424242424399,4.606060606060594
2025-02-13,8.2,9.02,8.12,8.41,282213749.0,2418572923.0,1891453762.0,0.1492046777297853,0.14000000000000057,1.692865779927466,10.882708585247888
2025-02-14,8.29,8.68,8.26,8.38,187087374.0,1586867414.0,1891453762.0,0.09891194686259532,-0.02999999999999936,-0.356718192627814,4.994054696789536
2025-02-17,8.46,8.49,8.05,8.17,204264358.0,1678516143.0,1891453762.0,0.10799331292350144,-0.21000000000000085,-2.505966587112185,5.250596658711211
2025-02-18,8.14,8.21,7.83,7.87,138507870.0,1110583904.0,1891453762.0,0.07322826113049863,-0.2999999999999998,-3.671970624234999,4.6511627906976845
2025-02-19,7.88,8.16,7.85,8.05,124116682.0,994215432.0,1891453762.0,0.06561972832408049,0.1800000000000006,2.287166454891998,3.9390088945362196
2025-02-20,8.0,8.07,7.9,8.01,99294782.0,793686903.0,1891453762.0,0.05249654207513216,-0.040000000000000924,-0.496894409937898,2.111801242236024
2025-02-21,8.05,8.34,7.98,8.25,180248658.0,1473045135.0,1891453762.0,0.09529635966855847,0.2400000000000002,2.9962546816479474,4.494382022471903
2025-02-24,8.25,8.25,8.08,8.14,114290210.0,930589098.0,1891453762.0,0.06042453286256965,-0.10999999999999943,-1.3333333333333308,2.0606060606060597
2025-02-25,8.01,8.17,7.93,8.03,102409689.0,823492046.0,1891453762.0,0.054143374296241456,-0.11000000000000121,-1.3513513513513709,2.948402948402951
2025-02-26,8.04,8.53,7.97,8.48,215973483.0,1785805921.0,1891453762.0,0.11418385547613508,0.45000000000000107,5.603985056039873,6.973848069738477
2025-02-27,8.48,8.56,8.18,8.32,140298095.0,1168171018.0,1891453762.0,0.07417474210506236,-0.16000000000000014,-1.8867924528301883,4.481132075471707
2025-02-28,8.26,8.5,8.07,8.1,133552013.0,1103328722.0,1891453762.0,0.07060812993852081,-0.22000000000000064,-2.644230769230782,5.168269230769227
2025-03-03,8.11,8.27,7.9,8.0,98188090.0,791661108.0,1891453762.0,0.051911440804229395,-0.09999999999999964,-1.2345679012345623,4.567901234567892
2025-03-04,7.91,8.09,7.85,8.03,61613800.0,492308995.0,1891453762.0,0.03257483806257591,0.02999999999999936,0.374999999999992,3.0000000000000027
2025-03-05,8.0,8.08,7.76,7.94,79527626.0,627711536.0,1891453762.0,0.0420457679683951,-0.08999999999999897,-1.1207970112079524,3.9850560398505643
2025-03-06,7.95,8.44,7.95,8.27,139499810.0,1150224637.0,1891453762.0,0.07375269372299888,0.3299999999999992,4.1561712846347465,6.171284634760696
2025-03-07,8.19,8.22,8.02,8.07,92223069.0,748380872.0,1891453762.0,0.048757770796619665,-0.1999999999999993,-2.4183796856106277,2.418379685610654
2025-03-10,8.11,8.32,8.09,8.19,85838127.0,705135548.0,1891453762.0,0.04538209113250319,0.11999999999999922,1.4869888475836257,2.8500619578686543
2025-03-11,8.05,8.59,8.01,8.44,152601618.0,1276133157.0,1891453762.0,0.08067953923369553,0.25,3.0525030525030417,7.081807081807083
2025-03-12,8.49,9.0,8.49,8.69,230931634.0,2035650366.0,1891453762.0,0.12209213814236501,0.25,2.962085308056883,6.042654028436017
2025-03-13,8.62,8.8,8.44,8.59,137658693.0,1180884630.0,1891453762.0,0.07277930646025488,-0.09999999999999964,-1.1507479861910253,4.142692750287702
2025-03-14,8.61,8.79,8.46,8.71,124958498.0,1081232210.0,1891453762.0,0.06606479127878358,0.120000000000001,1.396973224679865,3.841676367869596
2025-03-17,8.72,8.88,8.65,8.77,119897105.0,1050222515.0,1891453762.0,0.06338886385106357,0.05999999999999872,0.6888633754305262,2.6406429391504065
2025-03-18,8.84,8.9,8.55,8.58,110882963.0,960788852.0,1891453762.0,0.05862314227695089,-0.1899999999999995,-2.1664766248574607,3.9908779931584912
2025-03-19,8.59,8.64,8.46,8.49,78115498.0,666889546.0,1891453762.0,0.041299184558126145,-0.08999999999999986,-1.0489510489510523,2.0979020979020944
2025-03-20,8.47,8.63,8.42,8.45,68954000.0,588145412.0,1891453762.0,0.03645555677083477,-0.040000000000000924,-0.4711425206124997,2.4734982332155577
2025-03-21,8.41,8.5,8.24,8.27,67000655.0,559782443.0,1891453762.0,0.035422835253003666,-0.17999999999999972,-2.130177514792897,3.076923076923075
2025-03-24,8.2,8.25,7.7,7.92,119857966.0,951057682.0,1891453762.0,0.06336817130187927,-0.34999999999999964,-4.232164449818621,6.650544135429261
2025-03-25,7.9,7.97,7.77,7.8,56757625.0,445393542.0,1891453762.0,0.03000740813245426,-0.1200000000000001,-1.5151515151515138,2.5252525252525277
2025-03-26,7.81,7.9,7.78,7.82,42431900.0,332708353.0,1891453762.0,0.022433485212524057,0.020000000000000462,0.2564102564102555,1.5384615384615399
2025-03-27,7.77,7.86,7.65,7.74,46745977.0,362479233.0,1891453762.0,0.024714311255788445,-0.08000000000000007,-1.0230179028132946,2.68542199488491
2025-03-28,7.75,7.88,7.71,7.77,43364026.0,337842308.0,1891453762.0,0.022926294510180047,0.02999999999999936,0.3875968992248069,2.196382428940568
2025-03-31,7.71,7.91,7.68,7.85,57922715.0,452563415.0,1891453762.0,0.030623384067688355,0.08000000000000007,1.029601029601035,2.9601029601029656
2025-04-01,7.88,7.91,7.78,7.84,39890759.0,312711315.0,1891453762.0,0.02108999955559051,-0.009999999999999787,-0.1273885350318471,1.6560509554140113
2025-04-02,7.83,7.93,7.79,7.84,37124107.0,291879211.0,1891453762.0,0.019627287616455092,0.0,0.0,1.7857142857142818
2025-04-03,7.75,7.83,7.54,7.57,57088572.0,438313217.0,1891453762.0,0.03018237778101181,-0.2699999999999996,-3.4438775510204023,3.698979591836735
2025-04-07,6.91,7.19,6.81,6.81,56476900.0,389201294.0,1891453762.0,0.029858990547187377,-0.7600000000000007,-10.039630118890363,5.019815059445189
2025-04-08,6.62,6.92,6.42,6.59,80722373.0,535570643.0,1891453762.0,0.04267742337758505,-0.21999999999999975,-3.2305433186490373,7.342143906020558
2025-04-09,6.44,6.8,6.0,6.75,79813436.0,514580796.0,1891453762.0,0.04219687396196577,0.16000000000000014,2.427921092564489,12.139605462822455
2025-04-10,6.89,7.29,6.83,6.98,81170914.0,570624888.0,1891453762.0,0.0429145642525096,0.23000000000000043,3.4074074074074145,6.814814814814814
2025-04-11,6.83,7.15,6.83,7.03,55150125.0,387650117.0,1891453762.0,0.029157532744382254,0.04999999999999982,0.7163323782234832,4.584527220630377
2025-04-14,7.17,7.24,7.07,7.08,51837400.0,369681122.0,1891453762.0,0.027406115360275988,0.04999999999999982,0.7112375533428139,2.4182076813655753
2025-04-15,7.08,7.12,6.98,7.05,32724100.0,230392724.0,1891453762.0,0.01730103090936674,-0.03000000000000025,-0.4237288135593209,1.9774011299434981
2025-04-16,7.01,7.04,6.8,6.91,34858200.0,240632162.0,1891453762.0,0.018429316486775423,-0.13999999999999968,-1.9858156028368712,3.404255319148939
2025-04-17,6.86,6.98,6.83,6.87,25170000.0,174380655.0,1891453762.0,0.013307224583373136,-0.040000000000000036,-0.5788712011577379,2.1707670043415392
2025-04-18,6.87,6.95,6.8,6.94,27166825.0,186686585.0,1891453762.0,0.01436293371045673,0.07000000000000028,1.0189228529839944,2.183406113537123
2025-04-21,6.94,7.04,6.9,7.04,28239600.0,197900289.0,1891453762.0,0.014930103271538498,0.09999999999999964,1.4409221902017322,2.0172910662824157
2025-04-22,7.0,7.05,6.96,6.99,25047720.0,175294997.0,1891453762.0,0.013242575897554508,-0.04999999999999982,-0.7102272727272707,1.2784090909090888
2025-04-23,7.05,7.11,7.0,7.07,37573476.0,265225922.0,1891453762.0,0.0198648662498999,0.08000000000000007,1.1444921316166035,1.5736766809728229
2025-04-24,7.14,7.15,6.98,7.04,39674076.0,280019459.0,1891453762.0,0.020975440582829324,-0.03000000000000025,-0.4243281471004279,2.4045261669024036
2025-04-25,7.05,7.15,7.01,7.08,35928270.0,254719732.0,1891453762.0,0.018995055930952225,0.040000000000000036,0.5681818181818121,1.9886363636363715
2025-04-28,7.16,7.19,7.05,7.06,34127205.0,242084577.0,1891453762.0,0.018042843914891322,-0.020000000000000462,-0.28248587570621764,1.977401129943511
2025-04-29,7.05,7.12,7.0,7.01,31112600.0,219504243.0,1891453762.0,0.016449040745834528,-0.04999999999999982,-0.7082152974504208,1.6997167138810214
2025-04-30,7.02,7.18,7.01,7.14,47244970.0,336380761.0,1891453762.0,0.024978125793592623,0.1299999999999999,1.854493580599148,2.4251069900142643
2025-05-06,7.2,7.36,7.16,7.36,48223402.0,351665189.0,1891453762.0,0.025495416789363737,0.22000000000000064,3.08123249299721,2.801120448179274
2025-05-07,7.46,7.5,7.28,7.36,62208570.0,458428718.0,1891453762.0,0.03288928931269323,0.0,0.0,2.9891304347826053
2025-05-08,7.32,8.1,7.3,7.8,153970497.0,1191901230.0,1891453762.0,0.08140325716299482,0.4399999999999995,5.978260869565211,10.869565217391301
2025-05-09,7.63,7.69,7.5,7.54,85894896.0,651335281.0,1891453762.0,0.04541210455452836,-0.2599999999999998,-3.3333333333333326,2.435897435897441
2025-05-12,7.59,7.84,7.54,7.77,84374970.0,646731410.0,1891453762.0,0.044608529002994474,0.22999999999999954,3.050397877984068,3.978779840848804
2025-05-13,7.81,7.86,7.61,7.63,67598928.0,519994222.0,1891453762.0,0.03573913851773026,-0.13999999999999968,-1.8018018018017945,3.2175032175032174
2025-05-14,7.61,7.93,7.46,7.76,104502492.0,801790653.0,1891453762.0,0.055249826403105065,0.1299999999999999,1.7038007863696025,6.1598951507208355
2025-05-15,7.69,7.69,7.42,7.44,64738069.0,487364317.0,1891453762.0,0.034226619915649834,-0.3199999999999994,-4.123711340206182,3.4793814432989754
2025-05-16,7.39,7.52,7.35,7.4,32960146.0,245625336.0,1891453762.0,0.017425826981436937,-0.040000000000000036,-0.5376344086021501,2.2849462365591386
2025-05-19,7.42,7.48,7.36,7.45,29652500.0,220216944.0,1891453762.0,0.01567709483347127,0.04999999999999982,0.6756756756756799,1.621621621621623
2025-05-20,7.43,7.51,7.36,7.48,32057198.0,238981704.0,1891453762.0,0.016948443913375452,0.03000000000000025,0.402684563758382,2.0134228187919394
2025-05-21,7.52,8.23,7.52,8.23,261873400.0,2099145840.0,1891453762.0,0.13845086000045714,0.75,10.026737967914446,9.49197860962568
2025-05-22,8.23,8.56,8.01,8.02,341204687.0,2809971379.0,1891453762.0,0.1803928247440817,-0.21000000000000085,-2.5516403402187193,6.682867557715682
2025-05-23,8.18,8.19,7.76,7.78,183030523.0,1452472212.0,1891453762.0,0.09676711462746293,-0.23999999999999932,-2.9925187032418865,5.3615960099750595
2025-05-26,7.78,8.01,7.68,7.88,130086789.0,1021196185.0,1891453762.0,0.06877608726868788,0.09999999999999964,1.285347043701801,4.241645244215939
2025-05-27,7.81,8.11,7.76,8.06,142830879.0,1133587853.0,1891453762.0,0.07551380946736566,0.1800000000000006,2.2842639593908753,4.4416243654822285
2025-05-28,7.99,8.0,7.83,7.85,94063400.0,742992753.0,1891453762.0,0.04973074250598572,-0.21000000000000085,-2.6054590570719682,2.109181141439205
2025-05-29,7.81,8.11,7.81,8.0,112672116.0,899031306.0,1891453762.0,0.05956905649169128,0.15000000000000036,1.9108280254777066,3.821656050955412
2025-05-30,7.94,7.98,7.72,7.76,88138916.0,687690229.0,1891453762.0,0.04659850416158362,-0.2400000000000002,-3.0000000000000027,3.2500000000000084
2025-06-03,7.67,7.92,7.65,7.78,56851674.0,442154799.0,1891453762.0,0.030057131261768587,0.020000000000000462,0.2577319587628857,3.479381443298964
2025-06-04,7.78,8.22,7.77,8.05,155649229.0,1250319524.0,1891453762.0,0.08229079247246225,0.27000000000000046,3.470437017994854,5.784061696658111
2025-06-05,8.05,8.19,7.97,8.1,126777987.0,1023236286.0,1891453762.0,0.06702674395061421,0.049999999999998934,0.6211180124223503,2.732919254658382
2025-06-06,8.08,8.1,7.91,7.91,78830282.0,628505013.0,1891453762.0,0.04167708647376388,-0.1899999999999995,-2.3456790123456694,2.345679012345673
2025-06-09,7.92,8.02,7.92,7.98,59633988.0,475583480.0,1891453762.0,0.03152812360421846,0.07000000000000028,0.8849557522123908,1.2642225031605516
2025-06-10,8.0,8.0,7.67,7.78,89648600.0,700227434.0,1891453762.0,0.047396664830551646,-0.20000000000000018,-2.506265664160401,4.135338345864662
2025-06-11,7.78,7.84,7.73,7.8,50035400.0,389506608.0,1891453762.0,0.02645340901545126,0.019999999999999574,0.25706940874035134,1.413881748071972
2025-06-12,7.78,8.08,7.67,7.89,98915925.0,778008811.0,1891453762.0,0.05229624270349993,0.08999999999999986,1.1538461538461497,5.256410256410258
2025-06-13,7.77,7.8,7.65,7.65,64975600.0,500836545.0,1891453762.0,0.03435220109810964,-0.23999999999999932,-3.041825095057027,1.9011406844106398
2025-06-16,7.58,7.77,7.53,7.72,39205900.0,301713985.0,1891453762.0,0.020727918803864473,0.0699999999999994,0.9150326797385588,3.1372549019607754
2025-06-17,7.69,7.73,7.58,7.6,42342551.0,322920025.0,1891453762.0,0.022386246944375476,-0.1200000000000001,-1.5544041450777257,1.9430051813471552
2025-06-18,7.57,7.61,7.43,7.5,49027350.0,367644516.0,1891453762.0,0.02592045916478502,-0.09999999999999964,-1.3157894736842035,2.368421052631587
2025-06-19,7.46,7.59,7.27,7.3,53859282.0,397917534.0,1891453762.0,0.028475071969536202,-0.20000000000000018,-2.6666666666666727,4.266666666666671
2025-06-20,7.28,7.37,7.16,7.18,40934647.0,296443917.0,1891453762.0,0.021641896736992506,-0.1200000000000001,-1.6438356164383605,2.876712328767123
2025-06-23,7.1,7.27,7.08,7.24,28563590.0,206258476.0,1891453762.0,0.01510139479687688,0.0600000000000005,0.8356545961002881,2.6462395543175417
2025-06-24,7.26,7.4,7.26,7.4,36854500.0,271714726.0,1891453762.0,0.019484748049579868,0.16000000000000014,2.20994475138121,1.9337016574585715
2025-06-25,7.4,7.48,7.36,7.45,41526505.0,308047895.0,1891453762.0,0.02195480843057479,0.04999999999999982,0.6756756756756799,1.621621621621623
2025-06-26,7.46,7.55,7.38,7.39,42933300.0,320068409.0,1891453762.0,0.022698572316461416,-0.0600000000000005,-0.8053691275167862,2.2818791946308714
2025-06-27,7.41,7.62,7.39,7.49,59997530.0,450429440.0,1891453762.0,0.0317203260293074,0.10000000000000053,1.3531799729364025,3.112313937753727
2025-06-30,7.5,7.56,7.48,7.53,42720665.0,321056248.0,1891453762.0,0.022586153496465963,0.040000000000000036,0.5340453938584844,1.068090787716945
2025-07-01,7.5,7.57,7.48,7.55,38761400.0,291766095.0,1891453762.0,0.020492914380848607,0.019999999999999574,0.26560424966799445,1.1952191235059741
2025-07-02,7.53,7.54,7.44,7.48,35782200.0,267385228.0,1891453762.0,0.018917829618083998,-0.0699999999999994,-0.9271523178807861,1.3245033112582734
2025-07-03,7.45,7.51,7.42,7.49,33053088.0,246813855.0,1891453762.0,0.017474964846642654,0.009999999999999787,0.13368983957218195,1.2032085561497308
2025-07-04,7.48,7.69,7.44,7.52,67245858.0,509020606.0,1891453762.0,0.03555247257479615,0.02999999999999936,0.4005340453938411,3.337783711615487
2025-07-07,7.47,7.84,7.43,7.77,105352415.0,805630522.0,1891453762.0,0.055699175478972136,0.25,3.32446808510638,5.4521276595744705
2025-07-08,7.68,7.86,7.65,7.82,102362308.0,795305819.0,1891453762.0,0.0541183242522214,0.05000000000000071,0.6435006435006496,2.7027027027027026
2025-07-09,7.79,7.84,7.68,7.7,64307600.0,498339135.0,1891453762.0,0.03399903359625452,-0.1200000000000001,-1.534526854219953,2.0460358056266004
2025-07-10,7.7,7.82,7.7,7.74,51687108.0,400365520.0,1891453762.0,0.027326656901909507,0.040000000000000036,0.5194805194805197,1.5584415584415598
2025-07-11,7.74,7.75,7.65,7.7,47454616.0,365827554.0,1891453762.0,0.025088964347625434,-0.040000000000000036,-0.5167958656330796,1.2919896640826827
2025-07-14,7.69,7.79,7.67,7.73,45239335.0,350411601.0,1891453762.0,0.023917758873557914,0.03000000000000025,0.3896103896103842,1.5584415584415598
2025-07-15,7.68,7.85,7.62,7.7,51435985.0,396712183.0,1891453762.0,0.02719388971243591,-0.03000000000000025,-0.38809831824062613,2.9754204398447546
2025-07-16,7.71,7.8,7.71,7.74,52424218.0,406824483.0,1891453762.0,0.027716362436778403,0.040000000000000036,0.5194805194805197,1.168831168831167
2025-07-17,7.71,7.78,7.68,7.77,43443690.0,336608768.0,1891453762.0,0.022968412378245595,0.02999999999999936,0.3875968992248069,1.2919896640826942
2025-07-18,7.78,7.8,7.68,7.71,43272400.0,333915859.0,1891453762.0,0.02287785240610074,-0.05999999999999961,-0.7722007722007707,1.5444015444015458
2025-07-21,7.72,7.79,7.69,7.78,48508900.0,376330944.0,1891453762.0,0.025646357830448514,0.07000000000000028,0.9079118028534339,1.2970168612191912
2025-07-22,7.77,7.84,7.74,7.81,58124485.0,452956791.0,1891453762.0,0.030730058628840012,0.02999999999999936,0.385604113110527,1.2853470437017949
2025-07-23,7.78,7.81,7.68,7.7,55318269.0,428668194.0,1891453762.0,0.029246429445627654,-0.10999999999999943,-1.4084507042253502,1.6645326504481421
2025-07-24,7.77,7.98,7.75,7.87,85583677.0,672798649.0,1891453762.0,0.045247564978540565,0.16999999999999993,2.207792207792214,2.9870129870129927
2025-07-25,7.86,7.86,7.75,7.8,48132361.0,375420950.0,1891453762.0,0.025447283971195486,-0.07000000000000028,-0.8894536213468918,1.397712833545112
2025-07-28,7.8,7.82,7.73,7.77,38626705.0,300110127.0,1891453762.0,0.020421701960695354,-0.03000000000000025,-0.38461538461538325,1.153846153846152
2025-07-29,7.77,7.78,7.66,7.74,45819615.0,352696323.0,1891453762.0,0.02422454934957062,-0.02999999999999936,-0.3861003861003742,1.5444015444015458
2025-07-30,7.72,7.72,7.55,7.58,49787967.0,379863255.0,1891453762.0,0.026322592706339708,-0.16000000000000014,-2.067183462532296,2.196382428940568
2025-07-31,7.58,7.69,7.46,7.49,52871900.0,400686759.0,1891453762.0,0.027953049163672868,-0.08999999999999986,-1.187335092348285,3.034300791556734
2025-08-01,7.47,7.68,7.45,7.53,45064788.0,339592940.0,1891453762.0,0.023825476945494584,0.040000000000000036,0.5340453938584844,3.070761014686242
2025-08-04,7.48,7.53,7.4,7.53,33694121.0,251171448.0,1891453762.0,0.017813875061038896,0.0,0.0,1.726427622841964
2025-08-05,7.53,7.61,7.52,7.58,33679600.0,254553360.0,1891453762.0,0.017806197897424467,0.04999999999999982,0.6640106241699861,1.195219123505986
2025-08-06,7.56,7.62,7.52,7.62,36482572.0,276389950.0,1891453762.0,0.019288111997738593,0.040000000000000036,0.5277044854881341,1.3192612137203237
2025-08-07,7.63,7.64,7.54,7.56,35228540.0,267132952.0,1891453762.0,0.018625112972758994,-0.0600000000000005,-0.7874015748031593,1.3123359580052447
2025-08-08,7.56,7.56,7.46,7.48,33720252.0,253025418.0,1891453762.0,0.017827690360426585,-0.07999999999999918,-1.058201058201047,1.3227513227513181
2025-08-11,7.46,7.58,7.46,7.55,34223687.0,257868935.0,1891453762.0,0.018093853356379325,0.0699999999999994,0.9358288770053402,1.6042780748663115
2025-08-12,7.59,7.64,7.53,7.57,43589445.0,330551577.0,1891453762.0,0.023045472152546334,0.020000000000000462,0.26490066225166586,1.4569536423840983
2025-08-13,7.57,7.63,7.56,7.62,48565930.0,369692746.0,1891453762.0,0.025676509241572464,0.04999999999999982,0.6605019815059343,0.924702774108326
2025-08-14,7.63,7.67,7.48,7.53,48423910.0,366674560.0,1891453762.0,0.025601424138857697,-0.08999999999999986,-1.1811023622047223,2.4934383202099673
2025-08-15,7.51,7.76,7.51,7.74,86883953.0,667776790.0,1891453762.0,0.045935012922615655,0.20999999999999996,2.7888446215139417,3.3200531208499333
2025-08-18,7.77,7.9,7.74,7.86,99961278.0,783696842.0,1891453762.0,0.052848914421414234,0.1200000000000001,1.5503875968992276,2.0671834625323013
2025-08-19,7.86,7.94,7.77,7.88,73744330.0,578929745.0,1891453762.0,0.038988174853412036,0.019999999999999574,0.2544529262086481,2.1628498727735472
2025-08-20,7.88,8.11,7.85,8.0,105505716.0,843978626.0,1891453762.0,0.05578022477717856,0.1200000000000001,1.522842639593902,3.2994923857867993
2025-08-21,7.96,8.03,7.86,7.91,70926838.0,562834474.0,1891453762.0,0.03749858411817735,-0.08999999999999986,-1.1249999999999982,2.124999999999988
2025-08-22,7.89,7.99,7.87,7.96,67313999.0,533551303.0,1891453762.0,0.035588498303454695,0.04999999999999982,0.6321112515802696,1.5170670037926688
2025-08-25,7.98,8.05,7.92,7.99,83892593.0,670712701.0,1891453762.0,0.04435349924245201,0.03000000000000025,0.37688442211054607,1.6331658291457385
2025-08-26,7.95,8.36,7.88,8.15,155742001.0,1264733503.0,1891453762.0,0.0823398404597109,0.16000000000000014,2.0025031289111483,6.007509386733411
2025-08-27,8.31,8.34,7.9,7.91,138000155.0,1127035023.0,1891453762.0,0.07295983532480346,-0.2400000000000002,-2.944785276073625,5.398773006134963
2025-08-28,7.91,8.16,7.85,8.16,118288068.0,949376254.0,1891453762.0,0.06253817586052099,0.25,3.1605562579013924,3.919089759797731
2025-08-29,8.17,8.18,7.97,8.01,73123993.0,587298019.0,1891453762.0,0.038660206487246926,-0.15000000000000036,-1.8382352941176516,2.5735294117647056
2025-09-01,7.99,7.99,7.78,7.85,83565473.0,655924832.0,1891453762.0,0.044180552905316015,-0.16000000000000014,-1.9975031210986316,2.621722846441947
2025-09-02,7.86,8.64,7.85,8.26,336321949.0,2836747692.0,1891453762.0,0.17781135111882265,0.41000000000000014,5.222929936305731,10.063694267515935
2025-09-03,8.27,8.36,8.1,8.1,214278688.0,1760649209.0,1891453762.0,0.11328782775711331,-0.16000000000000014,-1.937046004842613,3.1476997578692467
2025-09-04,8.3,8.58,8.11,8.26,195995609.0,1632979365.0,1891453762.0,0.10362167605554187,0.16000000000000014,1.975308641975304,5.802469135802477
2025-09-05,8.21,9.09,8.21,9.09,317339182.0,2797359014.0,1891453762.0,0.1677752786642003,0.8300000000000001,10.04842615012107,10.65375302663437
2025-09-08,9.5,10.0,9.36,9.73,675020713.0,6662347506.0,1891453762.0,0.3568793097465102,0.6400000000000006,7.0407040704070445,7.040704070407047
2025-09-09,9.42,9.87,9.24,9.28,454318204.0,4286786350.0,1891453762.0,0.24019524723650104,-0.45000000000000107,-4.624871531346364,6.474820143884881
2025-09-10,9.36,9.37,8.87,9.19,329467678.0,3008198879.0,1891453762.0,0.17418754009171492,-0.08999999999999986,-0.969827586206895,5.387931034482759
2025-09-11,9.05,9.51,8.87,9.44,351255430.0,3207535408.0,1891453762.0,0.18570659090740174,0.25,2.7203482045701888,6.964091403699681
2025-09-12,9.51,9.83,9.28,9.29,385597936.0,3673999751.0,1891453762.0,0.20386326314013273,-0.15000000000000036,-1.588983050847459,5.826271186440686
2025-09-15,9.59,9.77,9.28,9.4,263919245.0,2491143062.0,1891453762.0,0.13953248570080562,0.11000000000000121,1.1840688912809538,5.274488697524222
2025-09-16,9.31,10.2,9.31,9.83,376745427.0,3690555375.0,1891453762.0,0.1991829959415101,0.4299999999999997,4.574468085106376,9.468085106382967
2025-09-17,10.81,10.81,10.63,10.81,94546677.0,1021872446.0,1891453762.0,0.049986248091006734,0.9800000000000004,9.969481180061045,1.831129196337739
2025-09-18,11.5,11.7,10.29,10.6,621322880.0,6893368255.0,1891453762.0,0.3284895948727929,-0.21000000000000085,-1.942645698427392,13.043478260869565
2025-09-19,10.71,10.92,10.04,10.05,401310697.0,4197244125.0,1891453762.0,0.21217050348386998,-0.5499999999999989,-5.188679245283012,8.301886792452837
2025-09-22,10.18,10.24,9.81,9.93,255711076.0,2557535848.0,1891453762.0,0.13519287710719094,-0.120000000000001,-1.194029850746281,4.278606965174126
2025-09-23,9.85,10.43,9.64,10.27,361041647.0,3646702967.0,1891453762.0,0.19088050379737487,0.33999999999999986,3.423967774420955,7.955689828801603
2025-09-24,10.09,10.16,9.73,9.98,239078427.0,2370177155.0,1891453762.0,0.1263992976213182,-0.28999999999999915,-2.8237585199610393,4.186952288218109
2025-09-25,9.95,10.0,9.57,9.61,206342249.0,2008271437.0,1891453762.0,0.10909188114744937,-0.370000000000001,-3.707414829659328,4.308617234468935
2025-09-26,9.56,9.76,9.36,9.46,179461437.0,1707763727.0,1891453762.0,0.09488016075541793,-0.14999999999999858,-1.5608740894901052,4.162330905306976
2025-09-29,9.39,9.4,9.19,9.32,134138925.0,1249304062.0,1891453762.0,0.07091842671224653,-0.14000000000000057,-1.4799154334038112,2.219873150105717
2025-09-30,9.37,9.48,9.25,9.28,108339343.0,1012770526.0,1891453762.0,0.057278345987925874,-0.040000000000000924,-0.42918454935623185,2.4678111587982876
2025-10-09,9.3,9.53,9.3,9.46,118945152.0,1122044877.0,1891453762.0,0.06288557214014519,0.1800000000000015,1.9396551724138122,2.4784482758620543
2025-10-10,9.37,9.38,9.03,9.08,134165210.0,1228559934.0,1891453762.0,0.07093232343048944,-0.3800000000000008,-4.016913319238913,3.6997885835095286
2025-10-13,8.6,8.95,8.6,8.92,105852143.0,931365827.0,1891453762.0,0.055963378606767124,-0.16000000000000014,-1.7621145374449365,3.854625550660789
2025-10-14,8.94,9.12,8.68,8.71,94243202.0,839851802.0,1891453762.0,0.049825802720309904,-0.20999999999999908,-2.354260089686089,4.932735426008963
2025-10-15,8.72,8.9,8.57,8.87,88650770.0,775046543.0,1891453762.0,0.04686911823118624,0.15999999999999837,1.8369690011480921,3.7887485648679684
2025-10-16,8.85,8.85,8.56,8.62,76163306.0,661205331.0,1891453762.0,0.04026707262432144,-0.25,-2.8184892897407,3.2694475760992012
2025-10-17,8.65,8.68,8.22,8.23,92791449.0,779046828.0,1891453762.0,0.04905826981563824,-0.3899999999999988,-4.524361948955901,5.336426914153122
2025-10-20,8.33,8.44,8.31,8.39,59109028.0,494852124.0,1891453762.0,0.03125058047282046,0.16000000000000014,1.9441069258809174,1.579586877278238
2025-10-21,8.36,8.45,8.34,8.43,52408150.0,440921238.0,1891453762.0,0.02770786738375474,0.03999999999999915,0.47675804529201393,1.3110846245530323
2025-10-22,8.36,8.45,8.32,8.36,41728313.0,349498662.0,1891453762.0,0.022061503082093318,-0.07000000000000028,-0.8303677342823335,1.5421115065243063
2025-10-23,8.33,8.33,8.15,8.28,60439677.0,496372701.0,1891453762.0,0.03195408643565879,-0.08000000000000007,-0.9569377990430672,2.1531100478468868
2025-10-24,8.31,8.44,8.28,8.42,72553057.0,607296332.0,1891453762.0,0.03835835612670927,0.14000000000000057,1.6908212560386549,1.932367149758456
2025-10-27,8.5,8.55,8.38,8.43,76628012.0,647789535.0,1891453762.0,0.040512759835574556,0.009999999999999787,0.11876484560569,2.0190023752969113
2025-10-28,8.4,8.48,8.34,8.38,56419169.0,474158310.0,1891453762.0,0.029828468521664025,-0.049999999999998934,-0.5931198102016477,1.660735468564657
2025-10-29,8.54,8.84,8.49,8.8,183900398.0,1599455070.0,1891453762.0,0.09722701220332554,0.41999999999999993,5.011933174224348,4.176610978520282
2025-10-30,8.75,9.15,8.64,8.93,201612186.0,1788850872.0,1891453762.0,0.10659112585803723,0.129999999999999,1.477272727272716,5.795454545454542
2025-10-31,8.94,9.04,8.81,8.87,119262174.0,1065482560.0,1891453762.0,0.06305317972663188,-0.0600000000000005,-0.6718924972004547,2.5755879059350355
2025-11-03,8.87,8.9,8.64,8.82,93599165.0,818545861.0,1891453762.0,0.049485304309543045,-0.049999999999998934,-0.5636978579481311,2.931228861330325
2025-11-04,8.78,8.82,8.59,8.67,71097609.0,617429196.0,1891453762.0,0.03758886969820624,-0.15000000000000036,-1.7006802721088454,2.6077097505668982
2025-11-05,8.5,8.78,8.46,8.69,69283871.0,597758367.0,1891453762.0,0.03662995754479353,0.019999999999999574,0.23068050749710522,3.6908881199538466
2025-11-06,8.69,8.88,8.66,8.79,81437299.0,714790074.0,1891453762.0,0.04305540036775163,0.09999999999999964,1.1507479861910141,2.531645569620261
2025-11-07,8.75,9.17,8.71,9.06,165505283.0,1489302940.0,1891453762.0,0.08750162775588907,0.27000000000000135,3.071672354948829,5.233219567690547
2025-11-10,9.08,9.14,8.92,9.01,114017910.0,1029288010.0,1891453762.0,0.06028056952311584,-0.05000000000000071,-0.551876379690952,2.4282560706401837
2025-11-11,9.01,9.42,9.0,9.35,186746868.0,1734130416.0,1891453762.0,0.09873192342938172,0.33999999999999986,3.7735849056603765,4.661487236403994
2025-11-12,9.35,9.36,9.02,9.13,119172684.0,1089319620.0,1891453762.0,0.06300586691264833,-0.21999999999999886,-2.35294117647058,3.636363636363635
2025-11-13,9.14,9.17,8.95,9.05,96024188.0,869817114.0,1891453762.0,0.05076739909225442,-0.08000000000000007,-0.8762322015334112,2.4096385542168743
2025-11-14,9.0,9.2,8.89,9.0,83816343.0,758777664.0,1891453762.0,0.04431318633524175,-0.05000000000000071,-0.5524861878453136,3.42541436464087
2025-11-17,8.95,8.97,8.78,8.85,78726467.0,695819547.0,1891453762.0,0.04162220012016345,-0.15000000000000036,-1.6666666666666718,2.1111111111111254
2025-11-18,8.81,8.83,8.53,8.57,80537860.0,693737425.0,1891453762.0,0.04257987248646261,-0.27999999999999936,-3.1638418079095953,3.3898305084745846
2025-11-19,8.59,8.64,8.37,8.45,54079833.0,458068025.0,1891453762.0,0.028591675930167412,-0.120000000000001,-1.4002333722287208,3.150525087514602
2025-11-20,8.55,8.71,8.46,8.57,66915771.0,573621434.0,1891453762.0,0.03537795760296254,0.120000000000001,1.4201183431952868,2.9585798816568047
2025-11-21,8.44,8.52,8.03,8.03,79023995.0,649676128.0,1891453762.0,0.041779501348444804,-0.5400000000000009,-6.301050175029177,5.717619603267213
2025-11-24,8.12,8.15,7.97,8.1,44620874.0,359472571.0,1891453762.0,0.02359078233708364,0.07000000000000028,0.8717310087173136,2.241594022415948
2025-11-25,8.12,8.27,8.12,8.18,43184212.0,354643354.0,1891453762.0,0.022831227951529486,0.08000000000000007,0.9876543209876631,1.8518518518518563
2025-11-26,7.89,8.03,7.76,7.85,102273007.0,804611247.0,1891453762.0,0.05407111136137834,-0.33000000000000007,-4.0342298288508545,3.3007334963325135
2025-11-27,7.86,7.92,7.76,7.78,53402270.0,418510174.0,1891453762.0,0.0282334525288808,-0.0699999999999994,-0.8917197452229186,2.038216560509556
2025-11-28,7.76,7.98,7.76,7.92,52921785.0,417885183.0,1891453762.0,0.027979423057131015,0.13999999999999968,1.799485861182526,2.827763496143967
2025-12-01,7.95,8.16,7.93,8.15,63416279.0,512566573.0,1891453762.0,0.033527797651762,0.23000000000000043,2.90404040404042,2.9040404040404098
2025-12-02,8.14,8.14,8.0,8.02,37237809.0,299033352.0,1891453762.0,0.0196874011662993,-0.13000000000000078,-1.5950920245398903,1.7177914110429515
2025-12-03,8.01,8.07,7.9,7.93,36323530.0,289690603.0,1891453762.0,0.019204027468052904,-0.08999999999999986,-1.122194513715713,2.119700748129675
2025-12-04,7.92,8.22,7.92,8.08,70229679.0,568018593.0,1891453762.0,0.03713000043191116,0.15000000000000036,1.8915510718789497,3.7831021437578904
2025-12-05,8.03,8.09,7.93,8.06,47773586.0,383222716.0,1891453762.0,0.02525760182976125,-0.019999999999999574,-0.24752475247524774,1.980198019801982
2025-12-08,8.08,8.15,8.04,8.11,50238981.0,406683905.0,1891453762.0,0.026561041041192526,0.049999999999998934,0.6203473945409321,1.3647642679900893
2025-12-09,8.08,8.11,7.98,8.02,47113395.0,378406304.0,1891453762.0,0.02490856289829833,-0.08999999999999986,-1.1097410604192337,1.602959309494439
2025-12-10,7.99,8.01,7.9,7.98,37450573.0,298036253.0,1891453762.0,0.019799888187803344,-0.03999999999999915,-0.4987531172069737,1.371571072319195
2025-12-11,7.98,8.02,7.85,7.87,32906594.0,261266539.0,1891453762.0,0.017397514367575643,-0.11000000000000032,-1.3784461152882233,2.1303258145363397
2025-12-12,7.84,8.18,7.84,8.14,90544731.0,732501694.0,1891453762.0,0.047870443792535064,0.27000000000000046,3.430749682338008,4.3202033036848775
2025-12-15,8.09,8.12,7.98,7.99,45011040.0,362072456.0,1891453762.0,0.02379706070763574,-0.15000000000000036,-1.8427518427518441,1.719901719901705
2025-12-16,7.97,7.99,7.7,7.72,55156883.0,428769068.0,1891453762.0,0.02916110565752228,-0.27000000000000046,-3.379224030037553,3.62953692115144
2025-12-17,7.72,7.78,7.59,7.77,42011640.0,323048000.0,1891453762.0,0.022211296328797068,0.04999999999999982,0.6476683937823857,2.461139896373062
2025-12-18,7.7,7.83,7.66,7.72,31583525.0,244993167.0,1891453762.0,0.016698015904234406,-0.04999999999999982,-0.6435006435006385,2.187902187902187
2025-12-19,7.72,7.81,7.72,7.79,31205800.0,242693427.0,1891453762.0,0.016498315014057425,0.07000000000000028,0.90673575129534,1.1658031088082883
2025-12-22,7.76,7.93,7.76,7.85,36994701.0,291140431.0,1891453762.0,0.0195588714581541,0.05999999999999961,0.7702182284980763,2.1822849807445435
2025-12-23,7.85,7.85,7.68,7.71,39030603.0,302718079.0,1891453762.0,0.020635240355402356,-0.13999999999999968,-1.7834394904458595,2.1656050955414003
2025-12-24,7.68,7.81,7.63,7.8,37029615.0,287413647.0,1891453762.0,0.019577330275758545,0.08999999999999986,1.1673151750972721,2.3346303501945487
2025-12-25,7.79,7.96,7.76,7.92,46332682.0,365142241.0,1891453762.0,0.024495804724831545,0.1200000000000001,1.538461538461533,2.5641025641025665
2025-12-26,7.88,7.97,7.84,7.93,46070400.0,365225332.0,1891453762.0,0.024357137840517826,0.009999999999999787,0.12626262626262985,1.64141414141414
2025-12-29,7.9,8.46,7.89,8.2,143490194.0,1180507726.0,1891453762.0,0.07586238526300279,0.2699999999999996,3.4047919293820783,7.18789407313999
2025-12-30,8.13,8.34,8.1,8.25,75790820.0,619433083.0,1891453762.0,0.040070141561303466,0.05000000000000071,0.6097560975609762,2.926829268292686
2025-12-31,8.21,8.22,8.08,8.1,50490705.0,409683297.0,1891453762.0,0.02669412597567902,-0.15000000000000036,-1.8181818181818188,1.6969696969697037
2026-01-05,8.12,8.15,8.03,8.13,52740578.0,426863978.0,1891453762.0,0.027883620027926433,0.030000000000001137,0.37037037037037646,1.4814814814814938
2026-01-06,8.11,8.34,8.07,8.29,81369233.0,672021039.0,1891453762.0,0.04301941429113296,0.15999999999999837,1.9680196801967753,3.321033210332098
2026-01-07,8.27,8.38,8.21,8.27,66915391.0,554718295.0,1891453762.0,0.03537775669929382,-0.019999999999999574,-0.24125452352231624,2.0506634499396856
2026-01-08,8.24,8.41,8.21,8.35,74813098.0,623827551.0,1891453762.0,0.03955322593817654,0.08000000000000007,0.96735187424426,2.4183796856106325
2026-01-09,8.31,8.49,8.3,8.37,84195465.0,706723684.0,1891453762.0,0.044513625810748206,0.019999999999999574,0.23952095808381646,2.2754491017964016
2026-01-12,8.37,8.52,8.34,8.51,131151945.0,1104665109.0,1891453762.0,0.06933922871121181,0.14000000000000057,1.6726403823178027,2.150537634408599
2026-01-13,8.5,8.5,8.23,8.27,105934516.0,881639762.0,1891453762.0,0.0560069287065131,-0.2400000000000002,-2.820211515863691,3.172737955346646
2026-01-14,8.27,8.41,8.13,8.21,102704872.0,851792256.0,1891453762.0,0.054299435737409266,-0.05999999999999872,-0.7255139056831728,3.38573155985489
2026-01-15,8.17,8.29,8.13,8.24,53740596.0,441030462.0,1891453762.0,0.028412323409468573,0.02999999999999936,0.3654080389768444,1.9488428745432198
2026-01-16,8.31,8.8,8.31,8.66,220924820.0,1896559969.0,1891453762.0,0.11680159697184286,0.41999999999999993,5.0970873786407855,5.946601941747575
2026-01-19,9.05,9.53,8.99,9.28,368192395.0,3389884019.0,1891453762.0,0.1946610603955118,0.6199999999999992,7.159353348729791,6.235565819861422
2026-01-20,9.08,9.45,8.93,9.18,255723794.0,2354853843.0,1891453762.0,0.1351996010357667,-0.09999999999999964,-1.0775862068965525,5.603448275862065
2026-01-21,9.04,9.99,8.95,9.81,361686327.0,3432891535.0,1891453762.0,0.19122134215829698,0.6300000000000008,6.8627450980392135,11.328976034858398
2026-01-22,9.63,9.73,9.33,9.46,269399851.0,2551874324.0,1891453762.0,0.14243004846977592,-0.34999999999999964,-3.567787971457692,4.0774719673802275
2026-01-23,9.36,9.89,9.31,9.6,259531629.0,2475470035.0,1891453762.0,0.13721278003939913,0.1399999999999988,1.4799154334038,6.13107822410148
2026-01-26,9.5,9.57,9.06,9.15,197960403.0,1827273617.0,1891453762.0,0.10466045058943398,-0.4499999999999993,-4.687499999999989,5.312499999999998
2026-01-27,9.08,9.28,8.75,9.21,155256587.0,1406341708.0,1891453762.0,0.08208320505590028,0.0600000000000005,0.6557377049180468,5.792349726775949
2026-01-28,9.16,9.27,8.98,8.99,121970177.0,1108309869.0,1891453762.0,0.06448488429927583,-0.22000000000000064,-2.3887079261672217,3.148751357220403
2026-01-29,8.92,9.05,8.78,8.79,112076935.0,998943724.0,1891453762.0,0.05925438794839543,-0.20000000000000107,-2.2246941045606317,3.003337041156856
2026-01-30,8.75,8.85,8.42,8.6,100766091.0,865673502.0,1891453762.0,0.05327441411702878,-0.1899999999999995,-2.1615472127417434,4.891922639362909
2026-02-02,8.66,8.74,8.51,8.53,71645943.0,619214253.0,1891453762.0,0.037878770520005975,-0.07000000000000028,-0.8139534883720989,2.674418604651168
2026-02-03,8.61,8.75,8.55,8.74,80298737.0,696314530.0,1891453762.0,0.042453449623369645,0.21000000000000085,2.4618991793669442,2.3446658851113633
2026-02-04,8.72,9.11,8.67,9.1,151540448.0,1357598983.0,1891453762.0,0.0801185051649177,0.35999999999999943,4.118993135011428,5.0343249427917565
2026-02-05,8.95,8.95,8.77,8.77,89136426.0,787958143.0,1891453762.0,0.04712588157891221,-0.33000000000000007,-3.6263736263736246,1.9780219780219748
2026-02-06,8.69,8.93,8.56,8.73,67943053.0,596325425.0,1891453762.0,0.035921075294041475,-0.03999999999999915,-0.45610034207524963,4.2189281641961145
2026-02-09,8.86,9.05,8.84,9.01,102967311.0,923049647.0,1891453762.0,0.054438185626659794,0.27999999999999936,3.2073310423825774,2.4054982817869512
2026-02-10,9.01,9.03,8.85,8.86,69566914.0,619785421.0,1891453762.0,0.036779600642439604,-0.15000000000000036,-1.6648168701442922,1.997780244173138
2026-02-11,8.81,8.91,8.75,8.76,53223826.0,468979269.0,1891453762.0,0.028139110280825358,-0.09999999999999964,-1.1286681715575564,1.8058690744921009
2026-02-12,8.78,8.9,8.72,8.82,63400060.0,559877900.0,1891453762.0,0.03351922276596471,0.0600000000000005,0.6849315068493178,2.054794520547942
2026-02-13,8.76,8.8,8.57,8.58,66479944.0,577123722.0,1891453762.0,0.035147538541838275,-0.2400000000000002,-2.7210884353741527,2.6077097505668982
2026-02-24,9.2,9.32,8.99,9.01,172780933.0,1575334727.0,1891453762.0,0.09134821927515879,0.4299999999999997,5.011655011655014,3.846153846153847
2026-02-25,9.16,9.24,8.98,9.16,134784985.0,1232146850.0,1891453762.0,0.0712599946707024,0.15000000000000036,1.6648168701442811,2.885682574916757
2026-02-26,9.16,9.48,9.16,9.36,185830311.0,1739138216.0,1891453762.0,0.09824734536651074,0.1999999999999993,2.183406113537112,3.493449781659392
2026-02-27,9.25,9.4,9.21,9.37,118986649.0,1109807420.0,1891453762.0,0.06290751134946328,0.009999999999999787,0.10683760683760646,2.029914529914525
2026-03-02,9.11,9.33,9.02,9.1,107961593.0,986447437.0,1891453762.0,0.05707863188040226,-0.2699999999999996,-2.8815368196371316,3.308431163287092
2026-03-03,9.09,9.16,8.55,8.57,130726128.0,1149212920.0,1891453762.0,0.06911410187567672,-0.5299999999999994,-5.824175824175814,6.703296703296697
2026-03-04,8.43,8.78,8.4,8.56,79906064.0,688027484.0,1891453762.0,0.04224584581729786,-0.009999999999999787,-0.1166861143523934,4.434072345390887
2026-03-05,8.76,8.98,8.75,8.83,109591512.0,974418572.0,1891453762.0,0.05794036005623488,0.2699999999999996,3.1542056074766345,2.686915887850472
2026-03-06,8.77,8.92,8.71,8.77,69327355.0,611163727.0,1891453762.0,0.03665294726882147,-0.0600000000000005,-0.6795016987542479,2.3782559456398533
2026-03-09,8.62,8.83,8.34,8.8,106316792.0,909378244.0,1891453762.0,0.05620903568246994,0.030000000000001137,0.3420752565564511,5.587229190421896
2026-03-10,8.92,9.07,8.88,8.98,100978457.0,906954601.0,1891453762.0,0.053386690718374534,0.17999999999999972,2.0454545454545503,2.1590909090909034
2026-03-11,9.0,9.09,8.96,8.98,94340906.0,851349723.0,1891453762.0,0.049877458225701,0.0,0.0,1.4476614699331738
2026-03-12,8.93,9.04,8.82,8.99,80442873.0,718920650.0,1891453762.0,0.04252965344230286,0.009999999999999787,0.11135857461024301,2.4498886414253773
2026-03-13,8.95,9.05,8.75,8.78,89919031.0,801174348.0,1891453762.0,0.04753964004117168,-0.21000000000000085,-2.3359288097886677,3.337041156840942
2026-03-16,8.8,8.85,8.57,8.67,66923834.0,579953234.0,1891453762.0,0.03538222046159646,-0.10999999999999943,-1.252847380410016,3.1890660592255053
2026-03-17,8.71,8.74,8.31,8.31,92397029.0,784747725.0,1891453762.0,0.04884974238138421,-0.35999999999999943,-4.152249134948094,4.959630911188001
2026-03-18,8.32,8.44,8.22,8.34,67282317.0,559261304.0,1891453762.0,0.0355717482244221,0.02999999999999936,0.3610108303248927,2.6474127557159908
2026-03-19,8.2,8.21,7.95,7.99,87332377.0,703590546.0,1891453762.0,0.04617209194035799,-0.34999999999999964,-4.196642685851315,3.117505995203845
2026-03-20,8.02,8.1,7.81,7.81,71089183.0,564443482.0,1891453762.0,0.03758441492369931,-0.1800000000000006,-2.252816020025039,3.62953692115144
2026-03-23,7.62,7.75,7.33,7.39,77432808.0,584257089.0,1891453762.0,0.0409382505433934,-0.41999999999999993,-5.3777208706786155,5.377720870678616
2026-03-24,7.53,7.61,7.35,7.6,59809533.0,447787788.0,1891453762.0,0.03162093316875911,0.20999999999999996,2.841677943166432,3.5182679296346504
2026-03-25,7.62,7.82,7.59,7.78,58082615.0,449751776.0,1891453762.0,0.03070792221671026,0.1800000000000006,2.3684210526315974,3.02631578947369
2026-03-26,7.76,7.8,7.54,7.59,51165810.0,391922717.0,1877621812.0,0.027250327873800818,-0.1900000000000004,-2.4421593830334265,3.3419023136246757
2026-03-27,7.47,7.69,7.44,7.62,39678598.0,301208556.0,1877621812.0,0.02113236954663158,0.03000000000000025,0.39525691699604515,3.293807641633729
2026-03-30,7.42,7.51,7.28,7.5,56384860.0,417291788.0,1877621812.0,0.030029934483952404,-0.1200000000000001,-1.5748031496062964,3.0183727034120675
2026-03-31,7.48,7.56,7.3,7.3,49870743.0,369682466.0,1877621812.0,0.026560589934177863,-0.20000000000000018,-2.6666666666666727,3.4666666666666637
2026-04-01,7.47,7.49,7.34,7.38,38081370.0,281331548.0,1877621812.0,0.020281704098567426,0.08000000000000007,1.0958904109588996,2.0547945205479503
2026-04-02,7.35,7.4,7.11,7.15,51618670.0,372794023.0,1877621812.0,0.027491515953906056,-0.22999999999999954,-3.1165311653116423,3.9295392953929547
2026-04-03,7.15,7.46,7.15,7.21,67391655.0,491448250.0,1877621812.0,0.03589202818655794,0.05999999999999961,0.8391608391608241,4.33566433566433
2026-04-07,7.18,7.2,7.06,7.13,48274325.0,344150799.0,1877621812.0,0.025710355882891715,-0.08000000000000007,-1.109570041608876,1.9417475728155418
2026-04-08,7.26,7.48,7.25,7.48,68188433.0,503766550.0,1877621812.0,0.03631638307789322,0.35000000000000053,4.908835904628339,3.2258064516129092
2026-04-09,7.4,7.4,7.28,7.31,41473973.0,304169972.0,1877621812.0,0.022088565830955524,-0.17000000000000082,-2.272727272727282,1.6042780748663115
2026-04-10,7.39,7.91,7.35,7.65,119294724.0,907314183.0,1877621812.0,0.06353501180992885,0.34000000000000075,4.651162790697683,7.660738714090294
2026-04-13,7.5,7.61,7.49,7.59,62031778.0,469497706.0,1877621812.0,0.03303741871954777,-0.0600000000000005,-0.7843137254902044,1.5686274509803935
2026-04-14,7.67,7.85,7.58,7.73,76257310.0,586893586.0,1877621812.0,0.04061377510243793,0.14000000000000057,1.8445322793148922,3.5573122529644214
2026-04-15,7.73,7.77,7.61,7.64,57324879.0,439772607.0,1877621812.0,0.030530577901062433,-0.09000000000000075,-1.1642949547218673,2.069857697283302
2026-04-16,7.63,7.66,7.58,7.65,41217473.0,314533526.0,1877621812.0,0.02195195685125541,0.010000000000000675,0.13089005235602524,1.0471204188481684
2026-04-17,7.66,7.78,7.62,7.71,50722567.0,391120934.0,1877621812.0,0.02701426169840426,0.05999999999999961,0.7843137254901933,2.0915032679738577
2026-04-20,7.72,7.95,7.72,7.83,72519222.0,569461495.0,1877621812.0,0.03862291199246039,0.1200000000000001,1.5564202334630295,2.9831387808041563
2026-04-21,7.8,7.81,7.65,7.72,50768893.0,391207278.0,1877621812.0,0.027038934398574188,-0.11000000000000032,-1.4048531289910682,2.043422733077896
2026-04-22,7.7,8.01,7.66,7.96,92494441.0,731960499.0,1877621812.0,0.049261486210301866,0.2400000000000002,3.1088082901554515,4.53367875647668
2026-04-23,7.94,7.97,7.83,7.91,64318745.0,507977417.0,1877621812.0,0.03425543130620598,-0.04999999999999982,-0.6281407035175879,1.758793969849242
2026-04-24,7.89,8.08,7.79,7.91,75333479.0,597812248.0,1877621812.0,0.04012175322982454,0.0,0.0,3.6662452591656134
2026-04-27,7.85,7.92,7.74,7.77,60461406.0,472307918.0,1877621812.0,0.0322010564713231,-0.14000000000000057,-1.7699115044247815,2.2756005056889976
2026-04-28,7.69,7.7,7.47,7.51,74419662.0,563200166.0,1877621812.0,0.0396350646995999,-0.2599999999999998,-3.346203346203347,2.9601029601029656
2026-04-29,7.41,7.72,7.41,7.65,54428604.0,415882907.0,1877621812.0,0.028988054810688363,0.14000000000000057,1.8641810918775148,4.127829560585881
2026-04-30,7.67,7.75,7.65,7.69,41688380.0,320923065.0,1877621812.0,0.022202756558092222,0.040000000000000036,0.5228758169934622,1.3071895424836555
2026-05-06,7.84,8.07,7.84,8.0,87679001.0,700121502.0,1877621812.0,0.046696837690975865,0.3099999999999996,4.03120936280883,2.99089726918076
2026-05-07,8.08,8.12,7.97,8.03,63505625.0,509427084.0,1877621812.0,0.03382237285172739,0.02999999999999936,0.374999999999992,1.8749999999999933
2026-05-08,7.97,8.07,7.94,8.01,51436363.0,411764290.0,1877621812.0,0.027394421321304933,-0.019999999999999574,-0.24906600249064992,1.618929016189289
2026-05-11,8.06,8.35,8.06,8.27,108743595.0,894555667.0,1877621812.0,0.05791560063108172,0.2599999999999998,3.2459425717852763,3.6204744069912502
2026-05-12,8.28,8.43,8.16,8.33,105395778.0,877057231.0,1877621812.0,0.05613259141239674,0.0600000000000005,0.7255139056832061,3.2648125755743598
2026-05-13,8.25,8.93,8.25,8.82,199823749.0,1729942193.0,1877621812.0,0.10642385368710235,0.4900000000000002,5.882352941176472,8.163265306122446
2026-05-14,8.9,9.7,8.8,9.7,343566622.0,3204554189.0,1877621812.0,0.1829796713077383,0.879999999999999,9.977324263038545,10.204081632653045
2026-05-15,10.18,10.24,9.26,9.36,500351151.0,4842604144.0,1877621812.0,0.26648132643231137,-0.33999999999999986,-3.5051546391752564,10.10309278350516
2026-05-18,9.2,9.38,8.98,9.12,290337642.0,2663730310.0,1877621812.0,0.15463052258150908,-0.2400000000000002,-2.564102564102566,4.273504273504278
2026-05-19,8.92,9.69,8.7,9.45,347207694.0,3209442535.0,1877621812.0,0.18491886480066094,0.33000000000000007,3.6184210526315708,10.85526315789474
2026-05-20,9.25,9.65,9.22,9.51,256952249.0,2423204940.0,1877621812.0,0.13684984236857597,0.0600000000000005,0.6349206349206327,4.550264550264547
2026-05-21,9.46,9.49,8.86,8.89,237898365.0,2187977933.0,1877621812.0,0.12670196068216533,-0.6199999999999992,-6.519453207150361,6.624605678233447
2026-05-22,9.19,9.43,9.02,9.15,186808133.0,1712541404.0,1877621812.0,0.09949188479069501,0.2599999999999998,2.924634420697414,4.611923509561306
2026-05-25,9.3,9.65,9.18,9.58,268379648.0,2543232572.0,1877621812.0,0.14293594497292728,0.4299999999999997,4.699453551912569,5.13661202185793
2026-05-26,9.7,10.54,9.52,9.99,386667300.0,3901367576.0,1877621812.0,0.20593460170135688,0.41000000000000014,4.279749478079342,10.64718162839248
2026-05-27,9.9,10.87,9.82,10.46,408862403.0,4247921338.0,1877621812.0,0.21775546086380893,0.47000000000000064,4.704704704704721,10.5105105105105
2026-05-28,10.08,10.35,10.0,10.26,297184775.0,3021206435.0,1877621812.0,0.15827722766143495,-0.20000000000000107,-1.9120458891013437,3.3460803059273387
2026-05-29,10.16,10.3,9.23,9.23,308843366.0,2976160531.0,1877621812.0,0.16448646049282262,-1.0299999999999994,-10.038986354775826,10.428849902534116
2026-06-01,9.59,9.7,9.18,9.21,221513576.0,2091188848.0,1877621812.0,0.11797560860461499,-0.019999999999999574,-0.21668472372696757,5.633802816901404
2026-06-02,9.17,9.27,8.88,9.09,156216803.0,1419527145.0,1877621812.0,0.08319929072063847,-0.120000000000001,-1.302931596091217,4.234527687296404
2026-06-03,8.7,8.98,8.5,8.66,240613381.0,2108244551.0,1877621812.0,0.1281479472928066,-0.4299999999999997,-4.730473047304729,5.280528052805286
2026-06-04,8.49,9.01,8.46,8.74,168004066.0,1473464403.0,1877621812.0,0.08947705279427165,0.08000000000000007,0.9237875288683695,6.351039260969965
2026-06-05,8.57,8.79,8.08,8.58,186544559.0,1570152982.0,1877621812.0,0.0993515082791337,-0.16000000000000014,-1.830663615560646,8.123569794050333
2026-06-08,8.22,8.5,7.96,8.04,131177426.0,1076169640.0,1877621812.0,0.06986360360837138,-0.5400000000000009,-6.293706293706302,6.293706293706294
2026-06-09,8.14,8.6,7.87,8.53,150547664.0,1249231408.0,1877621812.0,0.0801799718334333,0.4900000000000002,6.094527363184077,9.079601990049746
2026-06-10,8.36,8.6,8.13,8.19,103833972.0,862643000.0,1877621812.0,0.05530079131824658,-0.33999999999999986,-3.98593200468933,5.509964830011711
2026-06-11,8.1,8.34,8.02,8.13,114716701.0,932844816.0,1877621812.0,0.06109680888176644,-0.05999999999999872,-0.7326007326007189,3.9072039072039106
2026-06-12,8.29,8.94,8.29,8.5,340718972.0,2970379500.0,1877621812.0,0.18146304533875962,0.3699999999999992,4.551045510455087,7.9950799507995125
2026-06-15,8.5,8.97,8.43,8.95,247067406.0,2160498069.0,1877621812.0,0.13158528752753965,0.4499999999999993,5.294117647058805,6.3529411764705985
2026-06-16,8.95,9.13,8.8,9.02,194233841.0,1742478427.0,1877621812.0,0.10344673232843761,0.07000000000000028,0.7821229050279266,3.6871508379888276
2026-06-17,8.9,9.2,8.87,9.13,177703365.0,1615877110.0,1877621812.0,0.09464278901336069,0.11000000000000121,1.2195121951219745,3.6585365853658547
2026-06-18,9.12,9.33,8.84,9.0,187110435.0,1687959789.0,1877621812.0,0.09965288739413089,-0.13000000000000078,-1.423877327491796,5.366922234392116
