date,open,high,low,close,volume,amount,outstanding_share,turnover,change,pct_chg,amplitude
2023-03-06,18.36,18.41,17.8,18.12,10553999.0,196215659.0,365289279.0,0.028892167404672174,,,
2023-03-07,18.15,18.2,17.66,17.69,9911780.0,182966174.0,365289279.0,0.027134056677310805,-0.4299999999999997,-2.373068432671077,2.980132450331121
2023-03-08,17.92,18.15,17.73,17.99,8662285.0,159960780.0,365289279.0,0.023713493655531017,0.29999999999999716,1.695873374788004,2.3742227247032113
2023-03-09,17.96,18.43,17.76,18.32,11383264.0,212449912.0,365289279.0,0.031162327104595915,0.33000000000000185,1.8343524180100212,3.7242912729293955
2023-03-10,18.12,18.22,17.85,17.95,7885061.0,146171993.0,365289279.0,0.02158579912770996,-0.370000000000001,-2.019650655021843,2.01965065502182
2023-03-13,17.87,17.96,17.24,17.35,10045308.0,180636769.0,365289279.0,0.027499597106982163,-0.5999999999999979,-3.342618384401097,4.011142061281351
2023-03-14,17.44,17.44,16.7,16.96,10237215.0,179237188.0,365289279.0,0.028024953341157323,-0.39000000000000057,-2.2478386167147035,4.265129682997129
2023-03-15,16.98,17.26,16.98,17.05,5427938.0,95696255.0,365289279.0,0.014859286357539116,0.08999999999999986,0.5306603773584939,1.6509433962264217
2023-03-16,17.02,17.02,16.56,16.58,6590138.0,113543011.0,365289279.0,0.018040874394235917,-0.4700000000000024,-2.7565982404692213,2.6979472140762515
2023-03-17,16.65,16.85,16.55,16.61,5454899.0,93782862.0,365289279.0,0.014933093615375446,0.030000000000001137,0.1809408926417344,1.809408926417375
2023-03-20,16.6,16.88,16.43,16.78,5802319.0,99733698.0,365289279.0,0.01588417545646063,0.1700000000000017,1.0234798314268545,2.7092113184828377
2023-03-21,16.79,17.2,16.74,17.19,7870225.0,137811552.0,365289279.0,0.02154518474110487,0.41000000000000014,2.443384982121577,2.741358760429087
2023-03-22,17.24,17.37,17.01,17.09,6508075.0,114962820.0,365289279.0,0.017816222304186485,-0.10000000000000142,-0.5817335660267653,2.094240837696332
2023-03-23,17.09,17.09,16.82,17.01,5549259.0,96828965.0,365289279.0,0.015191409436355234,-0.0799999999999983,-0.4681100058513632,1.5798712697483883
2023-03-24,17.01,17.24,16.87,17.06,5423804.0,95391653.0,365289279.0,0.014847969299422007,0.04999999999999716,0.29394473838917357,2.1751910640799377
2023-03-27,17.26,17.73,17.17,17.72,15000062.0,270393590.0,365289279.0,0.041063515581578294,0.6600000000000001,3.86869871043376,3.282532239155913
2023-03-28,17.73,17.77,17.35,17.47,8077427.0,145807955.0,365289279.0,0.022112411900268227,-0.25,-1.4108352144469483,2.37020316027087
2023-03-29,17.48,18.39,17.48,18.26,18259728.0,339331886.0,365289279.0,0.04998703506981381,0.7900000000000027,4.522037779049826,5.208929593589011
2023-03-30,18.16,18.37,17.88,18.24,11091207.0,206999713.0,365289279.0,0.030362804597941676,-0.020000000000003126,-0.10952902519169028,2.6834611171960674
2023-03-31,18.12,18.38,17.97,18.03,9252797.0,172736827.0,365289279.0,0.025330053554624032,-0.2099999999999973,-1.1513157894736725,2.247807017543861
2023-04-03,17.87,18.25,17.69,18.04,9694865.0,179488348.0,365289279.0,0.026540239632929386,0.00999999999999801,0.05546311702717688,3.1059345535219007
2023-04-04,18.0,18.0,17.36,17.59,11230836.0,203543417.0,365289279.0,0.030745046859149677,-0.4499999999999993,-2.494456762749442,3.5476718403547705
2023-04-06,17.45,17.46,17.01,17.17,9462975.0,167449915.0,365289279.0,0.02590542768160464,-0.41999999999999815,-2.3877202956224974,2.558271745309831
2023-04-07,17.18,17.38,17.06,17.18,5109229.0,90520762.0,365289279.0,0.01398680249797312,0.00999999999999801,0.05824111822945177,1.8637157833430416
2023-04-10,17.19,17.44,17.15,17.26,6403490.0,113961712.0,365289279.0,0.017529914969116846,0.08000000000000185,0.465657741559955,1.6880093131548468
2023-04-11,17.17,17.19,16.74,16.89,8157035.0,142084740.0,365289279.0,0.022330343289379703,-0.370000000000001,-2.1436848203939762,2.607184241019715
2023-04-12,17.42,17.96,17.39,17.55,17691599.0,322167031.0,365289279.0,0.04843174989540276,0.6600000000000001,3.9076376554174175,3.3747779751332163
2023-04-13,17.88,17.91,16.94,16.94,11039845.0,196542802.0,365289279.0,0.030222198226627944,-0.6099999999999994,-3.475783475783467,5.5270655270655205
2023-04-14,17.02,17.34,17.02,17.06,6817106.0,120451843.0,365289279.0,0.018662212093008074,0.11999999999999744,0.7083825265643329,1.8890200708382543
2023-04-17,17.06,17.67,17.04,17.39,8498520.0,152771276.0,365289279.0,0.023265177733289018,0.33000000000000185,1.9343493552169022,3.6928487690504253
2023-04-18,17.34,17.63,17.29,17.43,6350910.0,114033701.0,365289279.0,0.01738597425411984,0.03999999999999915,0.23001725129383477,1.955146635997699
2023-04-19,17.32,17.39,16.89,16.9,7519934.0,131646934.0,365289279.0,0.020586243375623405,-0.5300000000000011,-3.04073436603558,2.8686173264486516
2023-04-20,16.8,16.88,16.21,16.39,8885790.0,150279464.0,365289279.0,0.024325351196523893,-0.509999999999998,-3.017751479289932,3.964497041420108
2023-04-21,16.45,16.67,16.16,16.2,6126996.0,103490256.0,365289279.0,0.016772997052563375,-0.19000000000000128,-1.1592434411226482,3.1116534472239263
2023-04-24,16.12,16.2,15.85,15.97,4361746.0,71734576.0,365289279.0,0.011940525634753162,-0.22999999999999865,-1.4197530864197394,2.1604938271604914
2023-04-25,15.97,16.1,15.48,15.72,5198618.0,83987399.0,365289279.0,0.014231509926137198,-0.25,-1.5654351909830888,3.8822792736380776
2023-04-26,15.73,16.43,15.64,16.32,6635450.0,110495731.0,365289279.0,0.018164918549388908,0.5999999999999996,3.8167938931297662,5.0254452926208595
2023-04-27,16.41,16.41,16.07,16.24,4447404.0,74187035.0,365289279.0,0.012175019240025382,-0.08000000000000185,-0.4901960784313819,2.0833333333333326
2023-04-28,16.41,16.59,16.32,16.35,4982879.0,84221583.0,365289279.0,0.01364091224807066,0.11000000000000298,0.677339901477847,1.6625615763546775
2023-05-04,16.21,16.65,16.19,16.45,5288573.0,89524148.0,365289279.0,0.01447776681121813,0.09999999999999787,0.6116207951070152,2.813455657492338
2023-05-05,16.45,16.45,15.87,15.96,4112592.0,67868573.0,365289279.0,0.011258452509907908,-0.48999999999999844,-2.9787234042553123,3.525835866261399
2023-05-08,16.03,16.22,15.88,16.06,3369865.0,55579190.0,365289279.0,0.009225195464879767,0.09999999999999787,0.6265664160400863,2.1303258145363286
2023-05-09,16.05,16.05,15.63,15.67,4308355.0,69771441.0,365289279.0,0.011794364761523702,-0.3899999999999988,-2.4283935242839227,2.61519302615193
2023-05-10,15.59,16.1,15.59,15.97,4219220.0,69051395.0,365289279.0,0.011550352672682737,0.3000000000000007,1.9144862795150042,3.2546266751755044
2023-05-11,15.93,16.21,15.85,16.11,4236704.0,70251573.0,365289279.0,0.01159821610860909,0.1399999999999988,0.8766437069505306,2.254226675015662
2023-05-12,16.03,16.2,15.74,15.77,2906480.0,47612942.0,365289279.0,0.007956652897004405,-0.33999999999999986,-2.110490378646801,2.8553693358162575
2023-05-15,15.82,16.34,15.82,16.33,5463856.0,90860497.0,365289279.0,0.014957613907962516,0.5599999999999987,3.551046290424842,3.2974001268230793
2023-05-16,16.37,16.55,16.25,16.32,4199088.0,70708823.0,365289279.0,0.01149524018743512,-0.00999999999999801,-0.061236987140222965,1.8371096142069856
2023-05-17,16.29,16.48,16.08,16.42,3381354.0,56765329.0,365289279.0,0.009256647250246839,0.10000000000000142,0.6127450980392135,2.450980392156876
2023-05-18,16.42,16.47,16.21,16.28,3016441.0,50624498.0,365289279.0,0.008257677335227788,-0.14000000000000057,-0.8526187576126665,1.58343483556637
2023-05-19,16.23,16.45,16.1,16.41,2709119.0,45608924.0,365289279.0,0.007416366030277062,0.129999999999999,0.7985257985257954,2.149877149877137
2023-05-22,16.33,16.69,16.22,16.62,3781792.0,64248408.0,365289279.0,0.010352868856027937,0.21000000000000085,1.2797074954296273,2.864107251675822
2023-05-23,16.57,16.78,16.44,16.47,3661740.0,62463126.0,365289279.0,0.01002421973627099,-0.15000000000000213,-0.9025270758122872,2.045728038507821
2023-05-24,16.33,16.66,16.28,16.38,3445821.0,58458618.0,365289279.0,0.009433129298054213,-0.08999999999999986,-0.5464480874316946,2.3072252580449244
2023-05-25,16.29,16.67,16.24,16.62,4723288.0,80385244.0,365289279.0,0.01293026724718083,0.240000000000002,1.4652014652014822,2.625152625152645
2023-05-26,16.66,16.68,16.38,16.6,3742409.0,63620544.0,365289279.0,0.010245055672712475,-0.019999999999999574,-0.12033694344163459,1.8050541516245528
2023-05-29,16.57,16.59,16.11,16.16,4537062.0,76006576.0,365289279.0,0.012420463070858425,-0.4400000000000013,-2.6506024096385583,2.891566265060243
2023-05-30,16.14,16.28,15.91,16.22,3171549.0,52558113.0,365289279.0,0.00868229423179978,0.05999999999999872,0.3712871287128605,2.289603960396046
2023-05-31,16.08,16.25,16.05,16.08,1978398.0,32854177.0,365289279.0,0.005415976087269728,-0.14000000000000057,-0.8631319358816336,1.233045622688035
2023-06-01,16.12,16.31,15.83,16.21,2747527.0,45746433.0,365289279.0,0.0075215100961120735,0.13000000000000256,0.8084577114428004,2.9850746268656634
2023-06-02,16.25,16.53,16.22,16.42,3909316.0,66157670.0,365289279.0,0.0107019729971325,0.21000000000000085,1.2954966070326979,1.9123997532387556
2023-06-05,16.6,16.63,16.37,16.39,2922636.0,49453460.0,365289279.0,0.008000880858044564,-0.030000000000001137,-0.1827040194884333,1.58343483556637
2023-06-06,16.38,16.43,15.9,15.95,3893800.0,64544385.0,365289279.0,0.010659497072182072,-0.4400000000000013,-2.684563758389269,3.233679072605243
2023-06-07,15.95,16.01,15.52,15.6,4007279.0,64269282.0,365289279.0,0.010970152233786199,-0.34999999999999964,-2.1943573667711602,3.0721003134796367
2023-06-08,15.51,15.73,15.4,15.43,3403950.0,54096055.0,365289279.0,0.00931850507443992,-0.16999999999999993,-1.0897435897435859,2.115384615384616
2023-06-09,15.39,15.57,15.15,15.54,4071625.0,64120592.0,365289279.0,0.01114630303727036,0.10999999999999943,0.712896953985731,2.7219701879455602
2023-06-12,15.54,15.81,15.46,15.72,3375188.0,54082067.0,365289279.0,0.009239767477544831,0.1800000000000015,1.1583011583011782,2.25225225225225
2023-06-13,15.72,15.87,15.64,15.72,2193627.0,35371488.0,365289279.0,0.0060051776115772615,0.0,0.0,1.463104325699737
2023-06-14,15.73,15.78,15.38,15.42,4186175.0,66586592.0,365289279.0,0.011459890121768398,-0.3000000000000007,-1.9083969465648942,2.5445292620865048
2023-06-15,15.47,15.93,15.38,15.92,5207342.0,83978382.0,365289279.0,0.014255392368085349,0.5,3.2425421530480003,3.5667963683527812
2023-06-16,15.92,16.02,15.81,15.94,3213000.0,52355695.0,365289279.0,0.008795768681730185,0.019999999999999574,0.12562814070351536,1.319095477386929
2023-06-19,15.95,16.0,15.79,15.89,2994382.0,48682653.0,365289279.0,0.008197289578816245,-0.049999999999998934,-0.31367628607276155,1.3174404015056516
2023-06-20,15.84,15.98,15.79,15.82,2123146.0,34449820.0,365289279.0,0.00581223189963919,-0.07000000000000028,-0.4405286343612369,1.195720578980499
2023-06-21,15.82,16.41,15.67,15.87,9275785.0,152149042.0,365289279.0,0.025392984500922075,0.049999999999998934,0.3160556257901348,4.67762326169406
2023-06-26,15.67,16.01,15.54,15.61,6583041.0,106093952.0,365289279.0,0.01802144595653463,-0.2599999999999998,-1.6383112791430343,2.961562696912429
2023-06-27,15.61,16.81,15.6,16.57,14544555.0,244151843.0,365289279.0,0.03981653948294497,0.9600000000000009,6.149903907751453,7.751441383728373
2023-06-28,16.53,17.26,16.29,16.94,19758114.0,343131524.0,365289279.0,0.05408895123910822,0.370000000000001,2.2329511164755678,5.853952926976478
2023-06-29,16.67,16.98,16.64,16.65,11044746.0,189591109.0,365289279.0,0.03023561499049634,-0.2900000000000027,-1.7119244391971877,2.007083825265642
2023-06-30,16.73,17.05,16.59,16.9,8443637.0,146062548.0,365765184.0,0.023084857086889933,0.25,1.501501501501501,2.762762762762768
2023-07-03,16.98,17.15,16.91,17.02,7709702.0,134231125.0,365765184.0,0.021078282836236268,0.120000000000001,0.7100591715976323,1.420118343195257
2023-07-04,16.99,17.13,16.86,16.97,5209790.0,90538450.0,365765184.0,0.014243537186962004,-0.05000000000000071,-0.2937720329024729,1.586368977673323
2023-07-05,16.97,17.08,16.79,16.86,5027724.0,87109237.0,365765184.0,0.01374576974499574,-0.10999999999999943,-0.6482027106658794,1.708898055391863
2023-07-06,16.79,16.94,16.63,16.76,4287688.0,73584410.0,365765184.0,0.01172251539392005,-0.09999999999999787,-0.5931198102016477,1.8386714116251617
2023-07-07,16.71,16.86,16.56,16.64,3685389.0,62914625.0,365765184.0,0.010075833242783435,-0.120000000000001,-0.7159904534606243,1.7899761336515556
2023-07-10,16.7,17.05,16.64,16.74,4603101.0,79237047.0,365765184.0,0.012584852799986562,0.09999999999999787,0.6009615384615197,2.4639423076923084
2023-07-11,16.74,16.98,16.73,16.95,3805326.0,65740312.0,365765184.0,0.010403740340688085,0.21000000000000085,1.2544802867383575,1.4934289127837517
2023-07-12,16.84,17.25,16.81,16.95,6188588.0,107871738.0,365765184.0,0.01691956553196709,0.0,0.0,2.5958702064896833
2023-07-13,16.98,17.2,16.91,17.17,6972186.0,121991539.0,365765184.0,0.019061918151291293,0.22000000000000242,1.2979351032448516,1.7109144542772812
2023-07-14,17.04,17.22,16.82,16.9,5343987.0,92749766.0,365765184.0,0.014610431046384119,-0.2700000000000031,-1.5725101921957085,2.3296447291787916
2023-07-17,16.74,16.8,16.45,16.64,4950748.0,84026780.0,365765184.0,0.013535317784647321,-0.259999999999998,-1.538461538461522,2.0710059171597717
2023-07-18,16.65,17.01,16.5,16.83,4631476.0,79544501.0,365765184.0,0.012662429893819528,0.18999999999999773,1.1418269230769162,3.0649038461538556
2023-07-19,16.83,17.07,16.6,16.75,3817064.0,65327738.0,365765184.0,0.010435831968085842,-0.0799999999999983,-0.4753416518122333,2.7926322043969036
2023-07-20,16.83,16.99,16.57,16.57,3685563.0,63319527.0,365765184.0,0.010076308957825795,-0.17999999999999972,-1.0746268656716351,2.507462686567153
2023-07-21,16.51,16.73,16.39,16.41,3290829.0,55627014.0,365765184.0,0.008997108374317005,-0.16000000000000014,-0.965600482800244,2.051901025950512
2023-07-24,16.42,16.5,16.21,16.32,2063098.0,34533227.0,365765184.0,0.005640498577360496,-0.08999999999999986,-0.5484460694698323,1.7672151127361313
2023-07-25,16.53,16.66,16.43,16.58,2286600.0,38719603.0,365765184.0,0.006251551815276109,0.259999999999998,1.5931372549019551,1.4093137254901986
2023-07-26,16.54,16.59,16.26,16.29,2312200.0,38751511.0,365765184.0,0.006321542074381798,-0.28999999999999915,-1.7490952955367844,1.9903498190590971
2023-07-27,16.23,16.49,16.09,16.11,2600331.0,43250386.0,365765184.0,0.007109290642599816,-0.17999999999999972,-1.104972375690605,2.455494168201342
2023-07-28,16.12,16.49,16.06,16.46,4103100.0,68477277.0,365765184.0,0.011217852817834079,0.3500000000000014,2.172563625077606,2.6691495965238965
2023-07-31,16.35,16.73,16.18,16.45,6149971.0,103676633.0,365765184.0,0.016813986866502855,-0.010000000000001563,-0.060753341433783525,3.341433778857841
2023-08-01,16.43,16.44,15.84,15.98,6903898.0,113345994.0,365765184.0,0.01887521913512687,-0.46999999999999886,-2.857142857142847,3.647416413373869
2023-08-02,15.93,16.0,15.69,15.82,4858852.0,78635662.0,365765184.0,0.013284074626413869,-0.16000000000000014,-1.0012515644555742,1.939924906132669
2023-08-03,15.73,15.89,15.72,15.83,2565827.0,41554095.0,365765184.0,0.00701495689649893,0.009999999999999787,0.06321112515803584,1.0745891276864725
2023-08-04,15.83,15.96,15.74,15.81,3583600.0,58084381.0,365765184.0,0.00979754267699793,-0.019999999999999574,-0.12634238787112562,1.3897662665824424
2023-08-07,15.81,15.99,15.66,15.92,3857918.0,62605097.0,365765184.0,0.010547526579238334,0.10999999999999943,0.6957621758380661,2.087286527514232
2023-08-08,15.93,16.22,15.6,16.07,8500917.0,138241674.0,365765184.0,0.02324146029163891,0.15000000000000036,0.9422110552763874,3.8944723618090404
2023-08-09,15.91,16.01,15.4,15.46,9723433.0,155098398.0,365765184.0,0.02658381230729713,-0.6099999999999994,-3.7958929682638476,3.7958929682638534
2023-08-10,15.38,15.85,15.36,15.59,6584588.0,105511006.0,365765184.0,0.018002227352508216,0.129999999999999,0.8408796895213344,3.1694695989650725
2023-08-11,15.7,15.74,15.32,15.32,4088700.0,64630919.0,365765184.0,0.011178483297087129,-0.2699999999999996,-1.7318794098781232,2.694034637588197
2023-08-14,15.25,15.25,14.94,15.09,4031230.0,62096540.0,365765184.0,0.011021360633383848,-0.23000000000000043,-1.5013054830287254,2.0234986945169746
2023-08-15,15.0,15.21,14.74,14.81,4232319.0,64346226.0,365765184.0,0.011571136852653532,-0.27999999999999936,-1.8555334658714284,3.114645460569918
2023-08-16,14.68,14.92,14.68,14.75,2357312.0,35737619.0,365765184.0,0.0064448780340996045,-0.0600000000000005,-0.4051316677920358,1.620526671168131
2023-08-17,14.73,14.85,14.58,14.81,2898398.0,43706377.0,365765184.0,0.00792420418013323,0.0600000000000005,0.40677966101694274,1.8305084745762683
2023-08-18,14.81,14.92,14.43,14.43,3593014.0,53795167.0,365765184.0,0.009823280501186247,-0.3800000000000008,-2.565833896016212,3.3085752869682663
2023-08-21,14.53,14.65,14.15,14.15,3812216.0,56090454.0,365765184.0,0.010422577562767701,-0.27999999999999936,-1.9404019404019368,3.465003465003465
2023-08-22,14.27,14.36,13.73,13.97,7730670.0,110372841.0,365765184.0,0.021135609232835022,-0.17999999999999972,-1.272084805653706,4.452296819787978
2023-08-23,13.97,13.97,13.5,13.52,5100925.0,71378685.0,365765184.0,0.013945900876120566,-0.45000000000000107,-3.2211882605583497,3.3643521832498253
2023-08-24,13.57,13.82,13.51,13.65,3835300.0,53679780.0,365765184.0,0.01048568909172066,0.13000000000000078,0.9615384615384581,2.2928994082840273
2023-08-25,13.62,13.76,13.41,13.46,3035900.0,42121630.0,365765184.0,0.00830013389136567,-0.1899999999999995,-1.391941391941387,2.5641025641025617
2023-08-28,14.12,14.25,13.66,13.72,6533509.0,93598508.0,365765184.0,0.01786257764763089,0.2599999999999998,1.9316493313521477,4.383358098068349
2023-08-29,13.73,14.13,13.69,14.09,3988965.0,57077122.0,365765184.0,0.010905808355997054,0.3699999999999992,2.696793002915454,3.206997084548114
2023-08-30,14.05,14.32,14.05,14.15,3568435.0,51848771.0,365765184.0,0.009756081650461297,0.0600000000000005,0.42583392476933657,1.9162526614620268
2023-08-31,14.14,14.19,13.91,14.05,3115037.0,44665709.0,365765184.0,0.008516494013820626,-0.09999999999999964,-0.7067137809187218,1.9787985865724338
2023-09-01,14.02,14.1,13.86,13.93,3409985.0,48576272.0,365765184.0,0.00932288022252003,-0.120000000000001,-0.8540925266903976,1.7081850533807845
2023-09-04,14.17,14.33,13.87,14.19,5763136.0,83109769.0,365765184.0,0.015756382105520463,0.2599999999999998,1.866475233309406,3.3022254127781827
2023-09-05,14.2,14.23,14.02,14.21,3626967.0,52462702.0,365765184.0,0.009916107816319663,0.02000000000000135,0.14094432699085502,1.4799154334038116
2023-09-06,14.18,14.26,14.06,14.23,3100894.0,44950928.0,365765184.0,0.00847782712965923,0.019999999999999574,0.14074595355382247,1.4074595355383481
2023-09-07,14.23,14.23,13.88,13.88,3420272.0,48988186.0,365765184.0,0.009351004823903632,-0.34999999999999964,-2.4595924104005573,2.4595924104005595
2023-09-08,13.79,13.99,13.79,13.88,2110000.0,30000098.0,365765184.0,0.005768728387226708,0.0,0.0,1.4409221902017366
2023-09-11,13.89,14.15,13.79,14.09,3336800.0,47917594.0,365765184.0,0.009122792835307146,0.20999999999999908,1.5129682997118143,2.593659942363121
2023-09-12,14.13,14.31,14.08,14.2,3716492.0,54044138.0,365765184.0,0.010160868673602351,0.10999999999999943,0.78069552874378,1.632363378282473
2023-09-13,14.15,14.21,13.79,13.88,3747800.0,53570752.0,365765184.0,0.010246464573293012,-0.3199999999999985,-2.2535211267605493,2.9577464788732515
2023-09-14,13.88,13.95,13.65,13.75,2437009.0,34318061.0,365765184.0,0.006662769193472498,-0.13000000000000078,-0.9365994236311348,2.161383285302586
2023-09-15,13.8,13.88,13.64,13.71,1690100.0,23754802.0,365765184.0,0.004620724098223629,-0.03999999999999915,-0.2909090909090861,1.745454545454547
2023-09-18,13.72,14.09,13.62,13.98,3782694.0,54000487.0,365765184.0,0.01034186457724746,0.2699999999999996,1.969365426695835,3.4281546316557305
2023-09-19,13.95,14.0,13.66,13.72,3110900.0,43821913.0,365765184.0,0.008505183478589367,-0.2599999999999998,-1.859799713876964,2.4320457796852635
2023-09-20,13.72,13.85,13.68,13.69,2617030.0,36854769.0,365765184.0,0.007154945616693797,-0.030000000000001137,-0.21865889212828726,1.2390670553935854
2023-09-21,13.67,13.78,13.53,13.55,2596084.0,36196512.0,365765184.0,0.007097679367973962,-0.1399999999999988,-1.0226442658874957,1.8261504747991237
2023-09-22,13.55,13.94,13.5,13.93,3724600.0,52471164.0,365765184.0,0.010183035900978481,0.379999999999999,2.804428044280427,3.2472324723247197
2023-09-25,13.92,13.92,13.64,13.74,2836383.0,39850778.0,365765184.0,0.007754655511444194,-0.1899999999999995,-1.3639626704953334,2.010050251256277
2023-09-26,13.72,13.84,13.69,13.73,2100600.0,29579178.0,365765184.0,0.005743028838961338,-0.009999999999999787,-0.07278020378457262,1.0917030567685615
2023-09-27,13.8,14.02,13.7,13.92,2868961.0,40836422.0,365765184.0,0.007843723584145177,0.1899999999999995,1.383831026948279,2.330662782228698
2023-09-28,13.96,14.07,13.89,14.03,2875508.0,41222800.0,365765184.0,0.007861623046112558,0.10999999999999943,0.7902298850574585,1.2931034482758599
2023-10-09,14.02,14.15,13.97,14.11,3257126.0,46927664.0,365765184.0,0.008904964557807668,0.08000000000000007,0.5702066999287325,1.2829650748396273
2023-10-10,14.13,14.22,14.05,14.06,2877000.0,41542900.0,365765184.0,0.00786570216590106,-0.049999999999998934,-0.3543586109142405,1.2048192771084332
2023-10-11,14.14,14.31,13.99,14.05,2950866.0,42667070.0,365765184.0,0.008067651403365936,-0.009999999999999787,-0.07112375533427917,2.2759601706970147
2023-10-12,14.11,14.33,14.0,14.33,5284607.0,76849927.0,365765184.0,0.014448086453192876,0.27999999999999936,1.9928825622775648,2.348754448398577
2023-10-13,14.3,14.3,14.0,14.17,3380792.0,48805345.0,365765184.0,0.009243066721189078,-0.16000000000000014,-1.1165387299371998,2.093510118632245
2023-10-16,14.16,14.16,13.94,13.98,3537206.0,50758125.0,365765184.0,0.009670701736335845,-0.1899999999999995,-1.3408609738884913,1.5525758645024745
2023-10-17,13.98,14.26,13.94,14.03,3996200.0,57632712.0,365765184.0,0.0109255888061779,0.049999999999998934,0.3576537911301747,2.2889842632331923
2023-10-18,13.98,14.0,13.69,13.71,3241200.0,45766837.0,365765184.0,0.008861422961459338,-0.3199999999999985,-2.2808267997148857,2.2095509622238096
2023-10-19,13.66,13.82,13.57,13.57,2468188.0,34527884.0,365765184.0,0.006748012407873134,-0.14000000000000057,-1.0211524434719177,1.8234865061998542
2023-10-20,13.51,13.97,13.51,13.73,4023567.0,56866653.0,365765184.0,0.01100041003355858,0.16000000000000014,1.179071481208549,3.3898305084745823
2023-10-23,13.65,13.7,12.81,12.89,6443441.0,86450674.0,365765184.0,0.017616332231336705,-0.8399999999999999,-6.117989803350321,6.482155863073552
2023-10-24,12.88,13.31,12.88,13.27,3512850.0,47333704.0,365765184.0,0.009604112566383573,0.379999999999999,2.948021722265315,3.33591931730023
2023-10-25,13.39,13.72,13.35,13.52,3807300.0,52889704.0,365765184.0,0.010409137245823813,0.25,1.8839487565938118,2.7882441597588623
2023-10-26,13.42,13.58,13.13,13.57,3166782.0,43189641.0,365765184.0,0.008657964559032496,0.05000000000000071,0.36982248520711636,3.3284023668639002
2023-10-27,13.49,14.0,13.39,13.96,4545377.0,64218446.0,365765184.0,0.012427035701681218,0.39000000000000057,2.8739867354458326,4.495210022107586
2023-10-30,13.93,14.02,13.75,13.96,3928329.0,55962332.0,365765184.0,0.010740029865718438,0.0,0.0,1.9340974212034352
2023-10-31,13.97,14.15,13.93,14.04,4829015.0,69357163.0,365765184.0,0.013202500432627289,0.0799999999999983,0.5730659025787732,1.575931232091695
2023-11-01,14.03,14.13,13.95,14.05,3315800.0,47657222.0,365765184.0,0.00906537895088451,0.010000000000001563,0.07122507122507837,1.2820512820512928
2023-11-02,14.08,14.21,13.92,13.92,4289900.0,61729623.0,365765184.0,0.011728562989745903,-0.13000000000000078,-0.9252669039146011,2.064056939501786
2023-11-03,13.98,14.25,13.93,14.16,4618007.0,66955336.0,365765184.0,0.012625605721948648,0.2400000000000002,1.724137931034475,2.2988505747126458
2023-11-06,14.25,14.69,14.25,14.66,7293132.0,108302889.0,365765184.0,0.019939382748905922,0.5,3.5310734463276816,3.107344632768358
2023-11-07,14.65,14.65,14.47,14.56,4033350.0,59990963.0,365765184.0,0.01102715670171604,-0.09999999999999964,-0.6821282401091366,1.227830832196451
2023-11-08,14.56,14.74,14.42,14.63,4173100.0,62346813.0,365765184.0,0.011409232432576195,0.07000000000000028,0.48076923076922906,2.1978021978021998
2023-11-09,14.59,14.68,14.49,14.53,3023900.0,45088951.0,365765184.0,0.008267325957409878,-0.10000000000000142,-0.6835269993164861,1.2987012987012954
2023-11-10,14.56,14.58,14.36,14.52,3104989.0,46046118.0,365765184.0,0.008489022837121643,-0.009999999999999787,-0.06882312456985007,1.5141087405368248
2023-11-13,14.52,14.69,14.52,14.64,2821617.0,42196209.0,365765184.0,0.007714285348711593,0.120000000000001,0.8264462809917328,1.1707988980716248
2023-11-14,14.65,14.7,14.45,14.53,2922401.0,43519997.0,365765184.0,0.007989828250028303,-0.11000000000000121,-0.7513661202185884,1.7076502732240435
2023-11-15,14.67,14.79,14.63,14.73,3673800.0,55319879.0,365765184.0,0.01004414898056563,0.20000000000000107,1.3764624913971124,1.1011699931176764
2023-11-16,14.67,14.73,14.43,14.45,3613221.0,53841301.0,365765184.0,0.009878526327973305,-0.28000000000000114,-1.9008825526137252,2.036659877800412
2023-11-17,14.41,14.66,14.39,14.62,3296881.0,49207917.0,365765184.0,0.009013654509008708,0.16999999999999993,1.17647058823529,1.8685121107266407
2023-11-20,14.6,14.72,14.56,14.69,3410215.0,51121952.0,365765184.0,0.009323509041254183,0.07000000000000028,0.4787961696306464,1.0943912448700421
2023-11-21,14.69,14.82,14.55,14.62,4041000.0,60841105.0,365765184.0,0.011048071759612857,-0.07000000000000028,-0.47651463580666853,1.837985023825729
2023-11-22,14.56,14.7,14.46,14.46,3191400.0,47519449.0,365765184.0,0.008725270035542803,-0.15999999999999837,-1.09439124487003,1.641586867305051
2023-11-23,14.41,14.83,14.41,14.73,4370960.0,65589330.0,365765184.0,0.011950180583617276,0.2699999999999996,1.8672199170124415,2.9045643153526965
2023-11-24,14.66,14.74,14.42,14.52,4592298.0,68329693.0,365765184.0,0.012555317457442861,-0.21000000000000085,-1.4256619144602856,2.172437202987103
2023-11-27,14.53,14.54,14.32,14.46,4014669.0,59250573.0,365765184.0,0.01097608295053036,-0.05999999999999872,-0.4132231404958553,1.5151515151515074
2023-11-28,14.59,15.44,14.37,15.3,15072345.0,232082990.0,365765184.0,0.041207708276575605,0.8399999999999999,5.809128630705396,7.3997233748271105
2023-11-29,15.32,15.32,14.8,14.86,12015790.0,183838276.0,365765184.0,0.03285110372888853,-0.4400000000000013,-2.8758169934640643,3.398692810457513
2023-11-30,14.82,14.85,14.49,14.63,7113029.0,106620102.0,365765184.0,0.019446982138135924,-0.22999999999999865,-1.5477792732166762,2.4226110363391617
2023-12-01,14.61,14.68,14.46,14.51,4597115.0,68317969.0,365765184.0,0.012568487108931615,-0.120000000000001,-0.8202323991797766,1.5037593984962327
2023-12-04,14.47,14.59,14.37,14.39,6100703.0,90161947.0,365765184.0,0.01667928842565836,-0.11999999999999922,-0.8270158511371362,1.5161957270847735
2023-12-05,14.32,14.55,14.24,14.27,4521712.0,66574314.0,365765184.0,0.012362335721925901,-0.120000000000001,-0.8339124391938957,2.154273801250872
2023-12-06,14.18,14.93,14.18,14.52,9141000.0,137559570.0,365765184.0,0.02499144369082433,0.25,1.7519271198318087,5.255781359495445
2023-12-07,14.59,14.62,14.31,14.36,5108576.0,75362983.0,365765184.0,0.013966818668011879,-0.16000000000000014,-1.1019283746556474,2.1349862258953083
2023-12-08,14.44,14.65,14.24,14.24,5606364.0,82640698.0,365765184.0,0.015327768320344015,-0.11999999999999922,-0.835654596100277,2.8551532033426192
2023-12-11,14.2,14.38,13.85,14.38,6079132.0,87623549.0,365765184.0,0.016620313430378328,0.14000000000000057,0.9831460674157411,3.7219101123595584
2023-12-12,14.34,14.37,14.19,14.29,2724812.0,39804377.0,365765184.0,0.007449621011495725,-0.09000000000000163,-0.6258692628650975,1.2517385257301787
2023-12-13,14.32,14.33,14.1,14.21,2764025.0,40184728.0,365765184.0,0.007556829137679764,-0.0799999999999983,-0.5598320503848675,1.6095171448565462
2023-12-14,14.39,14.53,14.32,14.32,3865558.0,57030081.0,365765184.0,0.010568414297190189,0.10999999999999943,0.7741027445461013,1.4778325123152642
2023-12-15,14.36,14.46,14.17,14.22,2613200.0,38248488.0,365765184.0,0.007144474417772906,-0.09999999999999964,-0.6983240223463638,2.0251396648044757
2023-12-18,14.19,14.19,13.68,13.73,5037650.0,71392610.0,365765184.0,0.013772907374366173,-0.4900000000000002,-3.4458509142053506,3.586497890295357
2023-12-19,13.73,13.93,13.64,13.88,2865600.0,40530424.0,365765184.0,0.007834534628643058,0.15000000000000036,1.0924981791696986,2.11216314639475
2023-12-20,13.94,13.96,13.75,13.75,2434175.0,34494273.0,365765184.0,0.006655021053069939,-0.13000000000000078,-0.9365994236311348,1.5129682997118217
2023-12-21,13.71,14.31,13.68,14.17,5711869.0,81937827.0,365765184.0,0.015616218409677833,0.41999999999999993,3.054545454545443,4.581818181818187
2023-12-22,14.17,14.31,13.83,14.14,4900213.0,70528836.0,365765184.0,0.013397155372775993,-0.02999999999999936,-0.21171489061396764,3.3874382498235738
2023-12-25,14.11,14.73,14.08,14.37,5943698.0,87632292.0,365765184.0,0.01625003761976427,0.22999999999999865,1.6265912305516217,4.596888260254599
2023-12-26,14.33,14.33,14.08,14.14,3683561.0,53407320.0,365765184.0,0.01007083550084417,-0.22999999999999865,-1.6005567153792533,1.7397355601948505
2023-12-27,14.18,14.18,13.84,14.06,3681215.0,52660971.0,365765184.0,0.010064421549755813,-0.08000000000000007,-0.5657708628005631,2.4045261669024036
2023-12-28,14.0,14.65,13.97,14.61,7860209.0,116594192.0,365765184.0,0.021489768145893297,0.5499999999999989,3.9118065433854765,4.836415362731151
2023-12-29,14.63,14.76,14.52,14.7,5159400.0,77398398.0,365765184.0,0.014105771204292643,0.08999999999999986,0.6160164271047153,1.6427104722792623
2024-01-02,14.75,14.83,14.57,14.75,4087875.0,61552219.0,365765184.0,0.011176227751627667,0.05000000000000071,0.3401360544217802,1.7687074829931961
2024-01-03,14.65,14.81,14.57,14.68,3472275.0,52138763.0,365765184.0,0.009493180739695553,-0.07000000000000028,-0.4745762711864443,1.627118644067798
2024-01-04,14.73,14.74,14.56,14.63,3366100.0,50404281.0,365765184.0,0.009202898874049204,-0.049999999999998934,-0.34059945504086864,1.226158038147137
2024-01-05,14.67,14.98,14.47,14.54,6300700.0,94893685.0,365765184.0,0.017226079122938064,-0.09000000000000163,-0.6151742993848353,3.4859876965140106
2024-01-08,14.42,14.56,14.24,14.24,3942700.0,58089817.0,365765184.0,0.010779320100624995,-0.29999999999999893,-2.063273727647863,2.2008253094910613
2024-01-09,14.22,14.62,14.18,14.35,3673244.0,54070839.0,365765184.0,0.010042628879625677,0.10999999999999943,0.77247191011236,3.089887640449435
2024-01-10,14.26,14.62,14.02,14.29,4690300.0,68715642.0,365765184.0,0.012823254386070819,-0.0600000000000005,-0.4181184668989535,4.181184668989545
2024-01-11,14.4,14.82,14.18,14.73,6950294.0,103806665.0,365765184.0,0.019002065543777945,0.4400000000000013,3.0790762771168767,4.478656403079081
2024-01-12,14.66,14.99,14.59,14.78,7137302.0,108303063.0,365765184.0,0.019513344386545003,0.049999999999998934,0.33944331296673624,2.715546503733879
2024-01-15,14.62,15.13,14.47,14.93,11443286.0,173761714.0,365765184.0,0.03128588094376965,0.15000000000000036,1.0148849797023018,4.465493910690123
2024-01-16,14.85,14.97,14.44,14.79,9578518.0,143742526.0,365765184.0,0.026187615494863502,-0.14000000000000057,-0.9377093101138656,3.549899531145353
2024-01-17,14.72,14.72,14.22,14.22,6189959.0,91589565.0,365765184.0,0.01692331383842154,-0.5699999999999985,-3.853955375253537,3.3806626098715347
2024-01-18,14.07,14.27,13.63,14.12,7689670.0,109707916.0,365765184.0,0.021023515458486065,-0.10000000000000142,-0.7032348804500765,4.500703234880441
2024-01-19,14.1,14.41,13.9,13.92,4598205.0,66329276.0,365765184.0,0.012571467162932599,-0.1999999999999993,-1.4164305949008416,3.6118980169971655
2024-01-22,13.9,13.96,12.73,12.88,7379623.0,100466553.0,365765184.0,0.020175848666886785,-1.0399999999999991,-7.471264367816088,8.836206896551728
2024-01-23,12.83,12.92,12.32,12.85,6989639.0,90506631.0,365765184.0,0.019109634557235498,-0.030000000000001137,-0.23291925465839247,4.658385093167698
2024-01-24,12.89,13.42,12.65,13.16,6763147.0,90264385.0,365765184.0,0.018490406675775898,0.3100000000000005,2.412451361867718,5.992217898832681
2024-01-25,13.14,13.5,12.92,13.47,4853149.0,65863868.0,365765184.0,0.013268482655801378,0.3100000000000005,2.3556231003039496,4.407294832826748
2024-01-26,13.49,13.68,13.36,13.49,3554400.0,49266611.0,365765184.0,0.009717710037705503,0.019999999999999574,0.14847809948033142,2.3756495916852285
2024-01-29,13.56,13.56,12.94,13.0,4075400.0,54878411.0,365765184.0,0.011142121170286125,-0.4900000000000002,-3.6323202372127494,4.59599703484063
2024-01-30,13.1,13.1,12.41,12.44,3772200.0,49147880.0,365765184.0,0.010313174039003122,-0.5600000000000005,-4.307692307692312,5.307692307692304
2024-01-31,12.51,12.62,11.42,11.56,6660993.0,81383248.0,365765184.0,0.018211118201999235,-0.879999999999999,-7.0739549839228255,9.646302250803855
2024-02-01,11.54,11.71,11.11,11.4,5174661.0,60399840.0,365765184.0,0.01414749469430092,-0.16000000000000014,-1.384083044982698,5.190311418685133
2024-02-02,11.52,11.59,10.37,10.86,5324765.0,59845290.0,365765184.0,0.014557878204175935,-0.5400000000000009,-4.736842105263161,10.701754385964918
2024-02-05,10.75,10.89,9.77,9.83,7198513.0,74211351.0,365765184.0,0.019680694923659,-1.0299999999999994,-9.484346224677708,10.313075506445681
2024-02-06,9.55,10.59,9.41,10.46,7038449.0,72234487.0,365765184.0,0.01924308082860068,0.6300000000000008,6.408952187182093,12.004069175991859
2024-02-07,10.37,10.96,10.29,10.58,6505913.0,71190425.0,365765184.0,0.017787130335510555,0.11999999999999922,1.1472275334607929,6.405353728489499
2024-02-08,10.58,11.49,10.47,11.46,7207450.0,81974304.0,365765184.0,0.019705128632472577,0.8800000000000008,8.317580340264662,9.640831758034023
2024-02-19,11.55,11.97,11.55,11.79,5469920.0,65862160.0,365765184.0,0.01495473117528868,0.3299999999999983,2.8795811518324443,3.6649214659685856
2024-02-20,11.74,11.82,11.39,11.73,3579388.0,42638123.0,365765184.0,0.009786027092179446,-0.05999999999999872,-0.5089058524172962,3.647158608990668
2024-02-21,11.65,12.17,11.56,11.87,4954612.0,60649081.0,365765184.0,0.013545881939381086,0.1399999999999988,1.1935208866155067,5.2003410059676
2024-02-22,11.8,12.06,11.75,11.93,3636650.0,44206531.0,365765184.0,0.009942581085027491,0.0600000000000005,0.5054759898904804,2.6116259477674855
2024-02-23,11.98,12.05,11.82,12.05,4262803.0,52121290.0,365765184.0,0.011654479940879228,0.120000000000001,1.0058675607711676,1.9279128248114037
2024-02-26,12.05,12.38,12.02,12.15,5115631.0,63871259.0,365765184.0,0.013986106999183389,0.09999999999999964,0.8298755186721962,2.987551867219927
2024-02-27,12.16,12.5,12.02,12.47,4859256.0,61563558.0,365765184.0,0.013285179160190381,0.3200000000000003,2.6337448559670795,3.9506172839506206
2024-02-28,12.59,13.04,11.92,11.97,11170336.0,143840140.0,365765184.0,0.030539637146000206,-0.5,-4.009623095429027,8.98155573376102
2024-02-29,11.88,13.17,11.83,13.17,10152502.0,131518105.0,365765184.0,0.027756884591836933,1.1999999999999993,10.025062656641603,11.194653299916455
2024-03-01,14.49,14.49,13.86,14.49,35047458.0,511679390.0,365765184.0,0.0958195572818653,1.3200000000000003,10.022779043280195,4.783599088838274
2024-03-04,14.27,14.35,13.6,13.92,27699598.0,393705891.0,365765184.0,0.075730548482165,-0.5700000000000003,-3.9337474120082816,5.175983436853001
2024-03-05,13.66,13.97,13.51,13.61,14004529.0,196787795.0,365765184.0,0.03828830520949747,-0.3100000000000005,-2.227011494252873,3.3045977011494316
2024-03-06,13.6,14.05,13.52,13.76,13843774.0,196126908.0,365765184.0,0.03784880192424219,0.15000000000000036,1.1021307861866392,3.8941954445260927
2024-03-07,13.86,13.93,13.41,13.43,11093002.0,155164210.0,365765184.0,0.030328206415622106,-0.33000000000000007,-2.398255813953487,3.7790697674418574
2024-03-08,13.43,13.73,13.33,13.61,7686656.0,106526061.0,365765184.0,0.02101527519907417,0.17999999999999972,1.3402829486224954,2.978406552494418
2024-03-11,13.62,14.41,13.62,14.18,16638706.0,238926411.0,365765184.0,0.045490130629819596,0.5700000000000003,4.188096987509193,5.8045554739162455
2024-03-12,14.14,14.14,13.85,13.96,10528101.0,150566243.0,365765184.0,0.028783770190658715,-0.21999999999999886,-1.5514809590973067,2.045133991537383
2024-03-13,13.83,13.96,13.71,13.74,8636431.0,122178173.0,365765184.0,0.023611954821812674,-0.22000000000000064,-1.5759312320916985,1.7908309455587392
2024-03-14,13.66,13.82,13.4,13.58,6659418.0,92709048.0,365765184.0,0.018206812160667538,-0.16000000000000014,-1.1644832605531286,3.0567685589519646
2024-03-15,13.53,13.69,13.42,13.68,4726972.0,65554459.0,365765184.0,0.012923515432239718,0.09999999999999964,0.7363770250368162,1.9882179675994076
2024-03-18,13.71,13.93,13.71,13.86,6962138.0,98577439.0,365765184.0,0.01903444697459231,0.17999999999999972,1.3157894736842035,1.6081871345029155
2024-03-19,13.91,14.1,13.78,13.79,7476706.0,106502067.0,365765184.0,0.02044127305457263,-0.07000000000000028,-0.5050505050505083,2.308802308802311
2024-03-20,13.72,13.94,13.72,13.87,5128861.0,72517005.0,365765184.0,0.01402227774636965,0.08000000000000007,0.5801305293691161,1.5953589557650387
2024-03-21,13.94,14.3,13.77,14.12,11993079.0,172664990.0,365765184.0,0.0327890119798827,0.25,1.8024513338139814,3.8211968276856605
2024-03-22,14.05,14.35,13.79,14.12,12581755.0,181874928.0,365765184.0,0.034398448923996,0.0,0.0,3.966005665722383
2024-03-25,13.88,13.99,13.44,13.44,8405784.0,118052789.0,365765184.0,0.022981367193220883,-0.6799999999999997,-4.815864022662886,3.895184135977342
2024-03-26,13.34,13.89,13.34,13.87,7305068.0,102441093.0,365765184.0,0.01997201570721395,0.4299999999999997,3.199404761904767,4.09226190476191
2024-03-27,13.77,13.86,13.1,13.1,7579946.0,104042410.0,365765184.0,0.02072353064637229,-0.7699999999999996,-5.551550108147074,5.479452054794519
2024-03-28,13.1,13.49,13.1,13.21,5323079.0,72402021.0,365765184.0,0.014553268689455145,0.11000000000000121,0.8396946564885654,2.9770992366412257
2024-03-29,13.47,14.03,13.42,13.87,11367393.0,161014163.0,365765184.0,0.031078389899460743,0.6599999999999984,4.996214988644954,4.617713853141555
2024-04-01,13.76,14.22,13.71,14.14,9715094.0,139691435.0,365765184.0,0.026561013527192354,0.27000000000000135,1.9466474405191114,3.6770007209805318
2024-04-02,14.27,14.72,14.14,14.32,16766259.0,246976351.0,365765184.0,0.04583885982980818,0.17999999999999972,1.2729844413012614,4.101838755304102
2024-04-03,14.34,14.59,14.06,14.15,9965379.0,145676007.0,365765184.0,0.0272452913397028,-0.16999999999999993,-1.1871508379888263,3.7011173184357498
2024-04-08,14.05,14.41,13.87,13.91,8212134.0,119054651.0,365765184.0,0.022451929159009294,-0.2400000000000002,-1.6961130742049524,3.8162544169611374
2024-04-09,13.77,14.73,13.77,14.73,15425470.0,227341578.0,365765184.0,0.04217315008308719,0.8200000000000003,5.8950395398993605,6.90150970524803
2024-04-10,14.69,14.73,13.94,14.12,11379516.0,165496347.0,365765184.0,0.031111534114739582,-0.6100000000000012,-4.141208418194164,5.363204344874412
2024-04-11,13.98,14.51,13.63,14.05,9028100.0,130309136.0,365765184.0,0.024682775712190255,-0.06999999999999851,-0.4957507082152923,6.232294617563733
2024-04-12,14.12,14.22,13.49,13.52,8134884.0,114494924.0,365765184.0,0.022240728084168885,-0.5300000000000011,-3.7722419928825746,5.195729537366551
2024-04-15,13.58,13.97,12.81,13.0,8429425.0,114472600.0,365765184.0,0.02304600155710829,-0.5199999999999996,-3.8461538461538436,8.579881656804735
2024-04-16,13.0,13.0,11.7,11.75,10243953.0,126625598.0,365765184.0,0.028006911122519525,-1.25,-9.615384615384615,10.000000000000005
2024-04-17,12.07,12.84,12.02,12.82,8074572.0,103647842.0,365765184.0,0.022075835408107078,1.0700000000000003,9.106382978723415,6.978723404255321
2024-04-18,12.75,13.1,12.55,12.93,6527897.0,86143062.0,365765184.0,0.017847234470517566,0.10999999999999943,0.8580343213728581,4.290171606864266
2024-04-19,12.87,12.98,12.56,12.63,4253000.0,55300204.0,365765184.0,0.011627678592831843,-0.29999999999999893,-2.3201856148491795,3.248259860788863
2024-04-22,12.51,12.62,12.11,12.42,3724534.0,47319928.0,365765184.0,0.010182855457341725,-0.21000000000000085,-1.6627078384798155,4.038004750593823
2024-04-23,12.51,12.63,12.43,12.49,2986735.0,38253842.0,365765184.0,0.008165717051954294,0.07000000000000028,0.5636070853462183,1.6103059581320536
2024-04-24,12.56,12.78,12.43,12.78,3758225.0,48622566.0,365765184.0,0.010274966465917105,0.28999999999999915,2.3218574859887875,2.8022417934347446
2024-04-25,12.71,12.97,12.65,12.97,4230500.0,55630522.0,365765184.0,0.011566163716664734,0.19000000000000128,1.4866979655712154,2.503912363067295
2024-04-26,12.59,12.79,12.31,12.64,7271385.0,93748773.0,365765184.0,0.019879926570594536,-0.33000000000000007,-2.5443330763299965,3.700848111025433
2024-04-29,12.59,13.19,12.56,13.18,7571600.0,100576513.0,365765184.0,0.020700712728306037,0.5399999999999991,4.272151898734178,4.984177215189865
2024-04-30,12.88,12.9,12.41,12.41,10942791.0,140637842.0,365765184.0,0.029917530368335988,-0.7699999999999996,-5.842185128983301,3.7177541729893795
2024-05-06,12.53,12.73,12.43,12.56,6391434.0,82117996.0,365765184.0,0.017474145379566798,0.15000000000000036,1.208702659145855,2.417405318291706
2024-05-07,12.46,12.66,12.41,12.64,4747620.0,61009404.0,365765184.0,0.01297996695059965,0.08000000000000007,0.6369426751592355,1.9904458598726114
2024-05-08,12.59,12.61,12.34,12.36,4378300.0,55818642.0,365765184.0,0.011970248103220234,-0.28000000000000114,-2.2151898734177333,2.136075949367085
2024-05-09,12.34,12.95,12.34,12.77,7404229.0,96739378.0,365765184.0,0.020243121335463136,0.41000000000000014,3.3171521035598728,4.935275080906145
2024-05-10,12.84,12.88,12.47,12.51,4801800.0,61698829.0,365765184.0,0.013128094772410049,-0.2599999999999998,-2.036021926389975,3.2106499608457337
2024-05-13,12.42,12.42,12.12,12.14,3981900.0,49663881.0,365765184.0,0.010886492684880582,-0.3699999999999992,-2.9576338928856805,2.3980815347721878
2024-05-14,12.12,12.31,12.12,12.23,2198821.0,27497726.0,365765184.0,0.006011564512383989,0.08999999999999986,0.7413509060955503,1.5650741350906199
2024-05-15,12.18,12.25,12.09,12.25,3146020.0,39162361.0,365765184.0,0.008601201365299984,0.019999999999999574,0.16353229762877675,1.3082583810302546
2024-05-16,12.25,12.25,11.94,11.98,4705211.0,58032709.0,365765184.0,0.012864020978005385,-0.2699999999999996,-2.2040816326530543,2.5306122448979633
2024-05-17,11.95,12.05,11.88,12.05,2873591.0,35211547.0,365765184.0,0.00785638197866312,0.07000000000000028,0.5843071786310494,1.4190317195325537
2024-05-20,12.04,12.2,11.98,12.07,2614185.0,32359457.0,365765184.0,0.007147167402351778,0.019999999999999574,0.16597510373443924,1.8257261410788286
2024-05-21,12.07,12.07,11.86,11.95,2416054.0,29475622.0,365765184.0,0.006605478338802197,-0.120000000000001,-0.9942004971002616,1.7398508699254418
2024-05-22,11.96,12.11,11.95,12.08,2521191.0,31057974.0,365765184.0,0.00689292231816137,0.13000000000000078,1.087866108786617,1.3389121338912147
2024-05-23,12.09,12.11,11.67,11.71,4255219.0,51358182.0,365765184.0,0.011633745326619168,-0.3699999999999992,-3.062913907284759,3.6423841059602604
2024-05-24,11.71,11.79,11.54,11.54,2488788.0,29604721.0,365765184.0,0.006804332694497243,-0.1700000000000017,-1.4517506404782332,2.134927412467976
2024-05-27,11.53,11.64,11.34,11.64,2029100.0,23874529.0,365765184.0,0.005547548232474745,0.10000000000000142,0.8665511265164794,2.5996533795494
2024-05-28,11.64,11.69,11.53,11.58,1608000.0,19109872.0,365765184.0,0.004396263150076088,-0.0600000000000005,-0.5154639175257825,1.3745704467353963
2024-05-29,11.63,11.76,11.52,11.67,2283382.0,27227819.0,365765184.0,0.006242753820986964,0.08999999999999986,0.7772020725388629,2.072538860103629
2024-05-30,11.74,11.98,11.67,11.71,3447537.0,41667879.0,365765184.0,0.009425547183845688,0.040000000000000924,0.3427592116538314,2.6563838903170565
2024-05-31,11.78,11.78,11.65,11.69,1779800.0,21329782.0,365765184.0,0.0048659634045431725,-0.02000000000000135,-0.1707941929974477,1.110162254483339
2024-06-03,11.75,11.75,11.21,11.3,4041439.0,47092047.0,365765184.0,0.011049271983196739,-0.3899999999999988,-3.336184773310513,4.619332763045331
2024-06-04,11.25,11.34,10.97,11.25,4239996.0,48228949.0,365765184.0,0.01159212572840175,-0.05000000000000071,-0.4424778761062065,3.274336283185834
2024-06-05,11.2,11.22,10.97,10.97,2320871.0,26350062.0,365765184.0,0.006345248540659354,-0.27999999999999936,-2.488888888888885,2.2222222222222223
2024-06-06,10.99,11.11,10.41,10.52,4575279.0,49755758.0,365765184.0,0.01250878760511006,-0.45000000000000107,-4.102096627165008,6.381039197812208
2024-06-07,10.63,10.78,10.51,10.66,2252100.0,24579920.0,365765184.0,0.006157229005153208,0.14000000000000057,1.3307984790874583,2.5665399239543687
2024-06-11,10.78,10.81,10.53,10.8,2036757.0,22320683.0,365765184.0,0.005568482428333037,0.14000000000000057,1.3133208255159623,2.6266416510319055
2024-06-12,10.9,11.63,10.75,11.39,7383381.0,83977446.0,365765184.0,0.020186123018203942,0.5899999999999999,5.462962962962958,8.148148148148154
2024-06-13,11.17,11.34,11.02,11.14,4500636.0,50547393.0,365765184.0,0.012304714053921546,-0.25,-2.194907813871816,2.8094820017559288
2024-06-14,11.11,11.15,10.94,11.12,1847917.0,20659959.0,365765184.0,0.005052194907648728,-0.02000000000000135,-0.17953321364453378,1.8850987432675121
2024-06-17,11.04,11.24,10.99,11.16,2057953.0,23186816.0,365765184.0,0.00562643217567695,0.040000000000000924,0.3597122302158251,2.248201438848921
2024-06-18,11.19,11.25,11.08,11.22,1835736.0,20755674.0,365765184.0,0.005018892120689103,0.0600000000000005,0.5376344086021501,1.523297491039426
2024-06-19,11.21,11.27,11.08,11.1,1932200.0,21773370.0,365765184.0,0.005282624165781727,-0.120000000000001,-1.0695187165775444,1.6934046345811007
2024-06-20,11.11,11.17,10.8,10.82,2944345.0,32510585.0,365765184.0,0.00804982302525546,-0.27999999999999936,-2.522522522522519,3.3333333333333264
2024-06-21,10.76,11.09,10.69,10.8,2295022.0,25072293.0,365765184.0,0.0062745775169240825,-0.019999999999999574,-0.1848428835489746,3.6968576709796706
2024-06-24,10.75,10.8,10.45,10.49,2494900.0,26607252.0,365765184.0,0.0068210428688587265,-0.3100000000000005,-2.8703703703703787,3.240740740740754
2024-06-25,10.45,10.64,10.44,10.53,1799625.0,19172465.0,365765184.0,0.0049201648454326365,0.03999999999999915,0.38131553860818457,1.9065776930410017
2024-06-26,10.48,11.19,10.3,11.0,3226345.0,35103876.0,365765184.0,0.008820809473216566,0.47000000000000064,4.463437796771141,8.452041785375108
2024-06-27,10.89,10.92,10.65,10.65,2399200.0,26144850.0,365765184.0,0.006559399595561287,-0.34999999999999964,-3.1818181818181746,2.4545454545454506
2024-06-28,10.65,10.86,10.65,10.67,1490825.0,16199595.0,365765184.0,0.0040759073449702634,0.019999999999999574,0.1877934272300319,1.9718309859154841
2024-07-01,10.65,10.76,10.5,10.74,1428600.0,15326737.0,368862759.0,0.003872985182545902,0.07000000000000028,0.6560449859418949,2.436738519212744
2024-07-02,10.65,10.89,10.65,10.79,1641800.0,17901828.0,368862759.0,0.004450977931334077,0.049999999999998934,0.4655493482309092,2.2346368715083815
2024-07-03,10.74,10.85,10.58,10.62,1433381.0,15438441.0,368862759.0,0.0038859466428271226,-0.16999999999999993,-1.575532900834109,2.5023169601482818
2024-07-04,10.6,10.69,10.33,10.37,1618000.0,17063274.0,368862759.0,0.004386455288645716,-0.25,-2.354048964218458,3.3898305084745712
2024-07-05,10.41,10.48,10.23,10.41,1123600.0,11746133.0,368862759.0,0.003046119383388335,0.040000000000000924,0.385728061716506,2.4108003857280615
2024-07-08,10.5,10.52,10.0,10.07,2162400.0,22174753.0,368862759.0,0.0058623429642567955,-0.33999999999999986,-3.2660902977905804,4.995196926032657
2024-07-09,10.08,10.2,9.8,10.16,2664067.0,27058503.0,368862759.0,0.007222379963817383,0.08999999999999986,0.893743793445867,3.972194637537225
2024-07-10,10.16,10.31,10.06,10.07,1635150.0,16795275.0,368862759.0,0.004432949545877035,-0.08999999999999986,-0.8858267716535417,2.460629921259842
2024-07-11,10.26,10.55,10.26,10.47,2889600.0,30447983.0,368862759.0,0.007833807912281,0.40000000000000036,3.972194637537241,2.8798411122145073
2024-07-12,10.49,10.54,10.36,10.44,1697322.0,17912501.0,368862759.0,0.004601500039205638,-0.030000000000001137,-0.2865329512894088,1.719197707736387
2024-07-15,10.5,10.5,10.16,10.17,1678447.0,17368225.0,368862759.0,0.0045503292458971166,-0.2699999999999996,-2.5862068965517238,3.256704980842911
2024-07-16,10.16,10.28,10.06,10.13,1698147.0,17390890.0,368862759.0,0.004603736643416474,-0.03999999999999915,-0.3933136676499416,2.1632251720747186
2024-07-17,10.12,10.18,10.0,10.02,1136675.0,11553617.0,368862759.0,0.0030815661713358275,-0.11000000000000121,-1.0858835143139345,1.7769002961500464
2024-07-18,9.92,10.24,9.79,10.13,2615200.0,26328222.0,368862759.0,0.007089899796579898,0.11000000000000121,1.0978043912175828,4.491017964071867
2024-07-19,10.08,10.18,9.99,10.1,1448100.0,14768946.0,368862759.0,0.003925850372983845,-0.030000000000001137,-0.29615004935835687,1.8756169792694917
2024-07-22,10.09,10.26,10.03,10.2,1527200.0,15711344.0,368862759.0,0.004140293273683397,0.09999999999999964,0.990099009900991,2.2772277227722815
2024-07-23,10.15,10.45,10.14,10.16,2685257.0,27926673.0,368862759.0,0.00727982680409328,-0.03999999999999915,-0.39215686274508554,3.0392156862744977
2024-07-24,10.16,10.2,10.0,10.02,1501198.0,15262344.0,368862759.0,0.00406980093102866,-0.14000000000000057,-1.3779527559055205,1.968503937007867
2024-07-25,10.02,10.3,10.02,10.26,2032600.0,20921118.0,368862759.0,0.005510450568418592,0.2400000000000002,2.39520958083832,2.794411177644722
2024-07-26,10.3,10.45,10.29,10.38,1703200.0,17865024.0,368862759.0,0.004617435505328419,0.120000000000001,1.1695906432748648,1.5594541910331399
2024-07-29,10.49,10.49,10.28,10.29,1377800.0,14395839.0,368862759.0,0.003735264583866543,-0.09000000000000163,-0.8670520231214063,2.023121387283245
2024-07-30,10.25,10.38,10.22,10.35,1392863.0,14520453.0,368862759.0,0.0037761009102032987,0.0600000000000005,0.5830903790087438,1.5549076773566584
2024-07-31,10.31,10.64,10.31,10.64,2302222.0,24526471.0,368862759.0,0.006241405356944695,0.2900000000000009,2.801932367149762,3.1884057971014497
2024-08-01,10.61,10.74,10.57,10.61,1780975.0,19135179.0,368862759.0,0.004828286284113599,-0.030000000000001137,-0.28195488721806106,1.5977443609022548
2024-08-02,10.55,10.69,10.44,10.46,1919900.0,20469435.0,368862759.0,0.005204916878041353,-0.14999999999999858,-1.4137606032045058,2.35626767200754
2024-08-05,10.38,10.53,10.1,10.1,2729000.0,28433793.0,368862759.0,0.007398415625904918,-0.3600000000000012,-3.441682600382423,4.110898661567875
2024-08-06,10.19,10.37,10.15,10.26,1447700.0,14948091.0,368862759.0,0.003924765958821015,0.16000000000000014,1.5841584158415856,2.178217821782167
2024-08-07,10.26,10.41,10.2,10.35,1504859.0,15709093.0,368862759.0,0.004079726031653957,0.08999999999999986,0.8771929824561431,2.0467836257310026
2024-08-08,10.34,10.39,10.17,10.32,1387600.0,14421262.0,368862759.0,0.003761832730855868,-0.02999999999999936,-0.28985507246376274,2.125603864734306
2024-08-09,10.33,10.5,10.19,10.2,2317920.0,24191462.0,368862759.0,0.006283963190764942,-0.120000000000001,-1.1627906976744318,3.0038759689922525
2024-08-12,10.28,10.49,10.16,10.32,3190287.0,33313312.0,368862759.0,0.008648981015727858,0.120000000000001,1.1764705882353121,3.2352941176470598
2024-08-13,10.28,10.47,10.16,10.4,2244508.0,23367814.0,368862759.0,0.006084940659460827,0.08000000000000007,0.7751937984496138,3.0038759689922525
2024-08-14,10.4,10.49,10.34,10.42,1562324.0,16417536.0,368862759.0,0.004235515681321464,0.019999999999999574,0.19230769230769162,1.4423076923076956
2024-08-15,10.38,10.44,10.21,10.39,1901004.0,19841609.0,368862759.0,0.005153689152989283,-0.02999999999999936,-0.2879078694817627,2.2072936660268585
2024-08-16,10.45,10.58,10.31,10.32,2110181.0,22196460.0,368862759.0,0.005720775406334799,-0.07000000000000028,-0.6737247353224229,2.598652550529351
2024-08-19,10.38,10.58,10.28,10.38,2324220.0,24474786.0,368862759.0,0.006301042713829508,0.0600000000000005,0.5813953488372103,2.9069767441860535
2024-08-20,10.35,10.42,10.17,10.25,1957100.0,20270509.0,368862759.0,0.005305767395184505,-0.13000000000000078,-1.2524084778420153,2.4084778420038533
2024-08-21,10.2,10.53,10.18,10.5,3122924.0,32779632.0,368862759.0,0.008466357537601133,0.25,2.4390243902439046,3.4146341463414602
2024-08-22,10.53,10.61,10.38,10.43,3674688.0,38944484.0,368862759.0,0.009962209277949906,-0.07000000000000028,-0.666666666666671,2.190476190476178
2024-08-23,10.45,10.45,9.97,10.07,5067213.0,51679157.0,368862759.0,0.013737393858185613,-0.35999999999999943,-3.4515819750719046,4.602109300095864
2024-08-26,10.02,10.52,9.98,10.38,4620200.0,48377069.0,368862759.0,0.012525525787763248,0.3100000000000005,3.078450844091374,5.362462760675264
2024-08-27,10.38,10.39,10.09,10.14,2335100.0,23993241.0,368862759.0,0.006330538779058473,-0.2400000000000002,-2.3121387283236983,2.8901734104046306
2024-08-28,10.15,10.37,10.04,10.3,2349400.0,24341524.0,368862759.0,0.006369306585379632,0.16000000000000014,1.5779092702169706,3.254437869822486
2024-08-29,10.25,10.65,10.21,10.56,3812400.0,40478622.0,368862759.0,0.01033555138592888,0.2599999999999998,2.5242718446601975,4.27184466019417
2024-08-30,10.55,10.74,10.55,10.59,4360800.0,46902611.0,368862759.0,0.011822283203168254,0.02999999999999936,0.28409090909089496,1.7992424242424194
2024-09-02,10.8,11.09,10.63,10.64,5141688.0,56042844.0,368862759.0,0.013939298220127449,0.05000000000000071,0.47214353163362865,4.343720491029264
2024-09-03,10.59,10.94,10.59,10.9,4215464.0,46121098.0,368862759.0,0.011428272161245749,0.2599999999999998,2.443609022556381,3.2894736842105226
2024-09-04,10.85,11.16,10.81,10.97,4730900.0,52533793.0,368862759.0,0.012825637407326338,0.07000000000000028,0.6422018348623881,3.2110091743119233
2024-09-05,11.03,11.09,10.83,10.9,3449100.0,37988064.0,368862759.0,0.009350632222538898,-0.07000000000000028,-0.6381039197812188,2.3701002734731063
2024-09-06,11.01,11.04,10.64,10.66,2788259.0,30319122.0,368862759.0,0.007559068873092716,-0.2400000000000002,-2.2018348623853212,3.6697247706421887
2024-09-09,10.65,10.72,10.52,10.59,1798500.0,19240220.0,368862759.0,0.004875797179622571,-0.07000000000000028,-0.6566604127579811,1.8761726078799348
2024-09-10,10.55,10.74,10.45,10.72,2369900.0,25295804.0,368862759.0,0.006424882811224648,0.13000000000000078,1.2275731822474212,2.738432483474985
2024-09-11,10.71,10.91,10.62,10.84,2571600.0,28087082.0,368862759.0,0.006971698652831472,0.11999999999999922,1.1194029850746245,2.7052238805970235
2024-09-12,10.84,10.95,10.75,10.77,1661259.0,18154596.0,368862759.0,0.004503731969320329,-0.07000000000000028,-0.6457564575645836,1.8450184501844953
2024-09-13,10.79,10.82,10.52,10.53,2144729.0,22976897.0,368862759.0,0.005814436257578391,-0.2400000000000002,-2.228412256267409,2.7855153203342686
2024-09-18,10.52,10.55,10.28,10.4,1876800.0,19686384.0,368862759.0,0.005088071251996464,-0.129999999999999,-1.2345679012345623,2.564102564102577
2024-09-19,10.47,10.69,10.42,10.62,2095500.0,22371515.0,368862759.0,0.005680974695523546,0.21999999999999886,2.115384615384608,2.5961538461538423
2024-09-20,10.61,10.63,10.41,10.44,1804100.0,19116638.0,368862759.0,0.004890978977902185,-0.17999999999999972,-1.6949152542372836,2.071563088512247
2024-09-23,10.47,10.52,10.35,10.42,1507459.0,15892611.0,368862759.0,0.004086774723712349,-0.019999999999999574,-0.19157088122604415,1.6283524904214555
2024-09-24,10.46,10.78,10.41,10.76,3352700.0,36034754.0,368862759.0,0.009089288409296965,0.33999999999999986,3.262955854126681,3.5508637236084377
2024-09-25,10.83,11.03,10.78,10.78,5049369.0,55632072.0,368862759.0,0.013689018142381784,0.019999999999999574,0.18587360594795044,2.3234200743494426
2024-09-26,10.78,11.03,10.71,11.02,3899821.0,42836674.0,368862759.0,0.010572552812250694,0.2400000000000002,2.226345083487935,2.96846011131724
2024-09-27,11.17,11.75,11.12,11.57,9276531.0,106978376.0,368862759.0,0.025149003995819486,0.5500000000000007,4.99092558983667,5.716878402903819
2024-09-30,11.89,12.67,11.77,12.59,15256214.0,189081707.0,368862759.0,0.041360136331897904,1.0199999999999996,8.815903197925667,7.77873811581677
2024-10-08,13.83,13.85,12.65,13.32,19491900.0,260987843.0,368862759.0,0.0528432310511455,0.7300000000000004,5.798252581413821,9.531374106433672
2024-10-09,13.06,13.06,12.09,12.09,11992292.0,152397865.0,368862759.0,0.03251152822397015,-1.2300000000000004,-9.23423423423424,7.282282282282288
2024-10-10,12.08,12.68,12.0,12.14,7141888.0,88449891.0,368862759.0,0.019361911241356843,0.05000000000000071,0.41356492969397696,5.624483043837881
2024-10-11,12.13,12.49,11.95,12.03,8588161.0,105774232.0,368862759.0,0.023282808552651964,-0.11000000000000121,-0.9060955518945701,4.448105436573319
2024-10-14,12.04,12.61,12.0,12.42,9471333.0,118104788.0,368862759.0,0.025677119115188312,0.39000000000000057,3.2418952618453956,5.070656691604318
2024-10-15,12.32,12.43,12.15,12.15,5133300.0,63655012.0,368862759.0,0.013916558055132911,-0.2699999999999996,-2.1739130434782594,2.254428341384858
2024-10-16,12.0,12.11,11.77,11.89,5394813.0,65165583.0,368862759.0,0.014625529057543052,-0.2599999999999998,-2.139917695473248,2.7983539094650194
2024-10-17,11.91,12.13,11.72,11.76,5297938.0,63690782.0,368862759.0,0.01436289750248276,-0.13000000000000078,-1.0933557611438216,3.448275862068967
2024-10-18,11.69,12.22,11.69,12.01,7212145.0,86886220.0,368862759.0,0.01955238045595164,0.25,2.1258503401360596,4.506802721088445
2024-10-21,12.03,13.2,12.03,12.95,23724262.0,309826424.0,368862759.0,0.06431731428869998,0.9399999999999995,7.826810990840971,9.74188176519567
2024-10-22,12.59,12.73,12.44,12.53,16955207.0,214968269.0,368862759.0,0.04596616651126876,-0.41999999999999993,-3.2432432432432434,2.2393822393822465
2024-10-23,12.53,12.76,12.43,12.65,9828846.0,125340530.0,368862759.0,0.026646349516677558,0.120000000000001,0.9577015163607427,2.63367916999202
2024-10-24,12.65,12.76,12.39,12.46,5831439.0,73666220.0,368862759.0,0.01580923760319214,-0.1899999999999995,-1.5019762845849716,2.9249011857707448
2024-10-25,12.52,12.91,12.51,12.87,10477371.0,135303874.0,368862759.0,0.028404523754050216,0.40999999999999837,3.290529695024058,3.210272873194224
2024-10-28,12.82,12.98,12.68,12.81,7319190.0,94284977.0,368862759.0,0.019842583241101875,-0.05999999999999872,-0.4662004662004615,2.331002331002337
2024-10-29,12.84,12.98,12.58,12.61,8229100.0,106287543.0,368862759.0,0.022309381468352568,-0.20000000000000107,-1.5612802498048528,3.1225604996096825
2024-10-30,12.49,12.7,12.38,12.58,6343981.0,80462521.0,368862759.0,0.017198757112804657,-0.02999999999999936,-0.23790642347343294,2.5376685170499487
2024-10-31,12.67,12.83,12.63,12.78,6735388.0,86600333.0,368862759.0,0.018259875348381267,0.1999999999999993,1.5898251192368873,1.5898251192368782
2024-11-01,12.67,12.82,12.39,12.48,6992339.0,88890246.0,368862759.0,0.018956478607264335,-0.29999999999999893,-2.3474178403755763,3.3646322378716724
2024-11-04,12.49,12.9,12.41,12.89,8931660.0,114767816.0,368862759.0,0.02421404650394647,0.41000000000000014,3.2852564102564097,3.9262820512820524
2024-11-05,12.98,13.36,12.88,13.27,11254726.0,149524355.0,368862759.0,0.030511960682916218,0.379999999999999,2.948021722265315,3.723816912335133
2024-11-06,13.27,13.49,13.08,13.19,10019448.0,134612157.0,368862759.0,0.027163078287336672,-0.08000000000000007,-0.6028636021100264,3.089675960813867
2024-11-07,13.41,13.59,13.26,13.34,10856301.0,146694092.0,368862759.0,0.029431816400852764,0.15000000000000036,1.1372251705837888,2.501895375284307
2024-11-08,13.36,13.57,13.22,13.27,9931400.0,134158282.0,368862759.0,0.026924377041814624,-0.07000000000000028,-0.5247376311844132,2.6236881559220366
2024-11-11,13.24,13.61,13.21,13.57,8795053.0,119382519.0,368862759.0,0.023843700090092314,0.3000000000000007,2.2607385079125963,3.0143180105501024
2024-11-12,13.67,13.69,13.22,13.37,9614252.0,130975937.0,368862759.0,0.02606457758453192,-0.20000000000000107,-1.4738393515106973,3.463522476050102
2024-11-13,13.18,13.5,13.09,13.47,7530800.0,101258353.0,368862759.0,0.0204162654435928,0.10000000000000142,0.7479431563201411,3.066566940912492
2024-11-14,13.47,13.57,12.88,12.9,7967200.0,105980563.0,368862759.0,0.021599361295239893,-0.5700000000000003,-4.231625835189313,5.1224944320712655
2024-11-15,12.9,13.15,12.73,12.74,5900000.0,77148931.0,368862759.0,0.01599510890173654,-0.16000000000000014,-1.2403100775193798,3.255813953488371
2024-11-18,12.88,12.96,12.35,12.46,6568000.0,83445808.0,368862759.0,0.017806080553661965,-0.27999999999999936,-2.19780219780219,4.788069073783369
2024-11-19,12.49,12.84,12.4,12.84,5103436.0,64946623.0,368862759.0,0.013835595693736054,0.379999999999999,3.049759229534499,3.5313001605136396
2024-11-20,12.78,13.37,12.78,13.16,6323727.0,83702845.0,368862759.0,0.01714384780166978,0.3200000000000003,2.492211838006231,4.595015576323987
2024-11-21,13.09,13.5,13.09,13.44,8233028.0,111059624.0,368862759.0,0.022320030415431555,0.27999999999999936,2.127659574468077,3.11550151975684
2024-11-22,13.35,13.58,12.88,12.88,7784717.0,103921869.0,368862759.0,0.021104643421050808,-0.5599999999999987,-4.166666666666652,5.208333333333328
2024-11-25,12.9,13.43,12.83,13.39,8690900.0,115542171.0,368862759.0,0.02356133761933934,0.5099999999999998,3.95962732919255,4.658385093167698
2024-11-26,13.47,13.56,12.98,13.06,6961386.0,92755401.0,368862759.0,0.018872563928309175,-0.33000000000000007,-2.464525765496639,4.33159073935773
2024-11-27,12.96,13.07,12.57,13.07,5418008.0,70099623.0,368862759.0,0.014688411523810133,0.009999999999999787,0.07656967840734552,3.828483920367534
2024-11-28,13.07,13.23,12.94,12.98,4489533.0,59402516.0,368862759.0,0.01217128292422711,-0.08999999999999986,-0.688599846977811,2.2188217291507337
2024-11-29,13.0,13.12,12.73,13.11,5482886.0,71856716.0,368862759.0,0.01486429807895028,0.129999999999999,1.001540832049308,3.0046224961479107
2024-12-02,13.08,13.4,12.95,13.33,6623299.0,88484288.0,368862759.0,0.01795599810063775,0.22000000000000064,1.6781083142639153,3.43249427917621
2024-12-03,13.33,13.52,13.16,13.37,5651551.0,75988083.0,368862759.0,0.015321554865884414,0.03999999999999915,0.30007501875468634,2.700675168792194
2024-12-04,13.35,13.83,13.19,13.47,11982337.0,163085626.0,368862759.0,0.03248453986649273,0.10000000000000142,0.7479431563201411,4.786836200448771
2024-12-05,13.55,14.01,13.43,14.01,21710357.0,302413369.0,368862759.0,0.05885754652721664,0.5399999999999991,4.008908685968815,4.305864884929473
2024-12-06,13.87,14.07,13.58,13.8,17602313.0,244615317.0,368862759.0,0.047720493789398785,-0.20999999999999908,-1.498929336188426,3.4975017844396876
2024-12-09,13.7,13.78,13.47,13.54,9826588.0,135105761.0,368862759.0,0.026640227998728384,-0.26000000000000156,-1.8840579710145078,2.2463768115941933
2024-12-10,13.83,13.83,13.37,13.38,9132127.0,125335000.0,368862759.0,0.024757519638896372,-0.15999999999999837,-1.1816838995568513,3.3973412112260037
2024-12-11,13.38,13.5,13.37,13.48,4615693.0,62664004.0,368862759.0,0.012513307151183565,0.09999999999999964,0.7473841554558991,0.9715994020926815
2024-12-12,13.48,13.51,13.3,13.49,4631322.0,62720258.0,368862759.0,0.012555677923560724,0.009999999999999787,0.07418397626113293,1.5578635014836726
2024-12-13,13.4,13.83,13.33,13.58,9408149.0,129486677.0,368862759.0,0.02550582505402775,0.08999999999999986,0.6671608598962209,3.7064492216456637
2024-12-16,13.56,13.88,13.39,13.49,6809600.0,93875834.0,368862759.0,0.01846106670801104,-0.08999999999999986,-0.6627393225331346,3.608247422680414
2024-12-17,13.38,13.46,12.79,12.81,6817486.0,89770667.0,368862759.0,0.018482445933231225,-0.6799999999999997,-5.040770941438099,4.966641957005201
2024-12-18,12.81,13.22,12.69,13.03,5290950.0,69675066.0,368862759.0,0.014343952787058127,0.21999999999999886,1.7174082747853259,4.137392661982835
2024-12-19,12.91,13.15,12.86,13.09,3796357.0,49809847.0,368862759.0,0.01029205824489319,0.0600000000000005,0.46047582501917983,2.2256331542594086
2024-12-20,13.08,13.16,12.88,12.96,3632100.0,47784853.0,368862759.0,0.00984675170203344,-0.129999999999999,-0.9931245225362817,2.1390374331550754
2024-12-23,12.97,13.25,12.73,12.75,6854525.0,89590170.0,368862759.0,0.01858285997367384,-0.21000000000000085,-1.620370370370372,4.012345679012342
2024-12-24,12.75,13.17,12.69,12.86,4765088.0,62014170.0,368862759.0,0.012918322285823384,0.10999999999999943,0.8627450980392082,3.7647058823529442
2024-12-25,12.79,12.84,12.43,12.55,4117590.0,52219211.0,368862759.0,0.01116293228181379,-0.3099999999999987,-2.4105754276827263,3.188180404354589
2024-12-26,12.73,13.67,12.51,13.13,10898108.0,144848350.0,368862759.0,0.029545156658116304,0.5800000000000001,4.621513944223099,9.243027888446216
2024-12-27,13.1,13.37,13.04,13.24,7090842.0,94793794.0,368862759.0,0.019223523727967345,0.10999999999999943,0.8377760853008231,2.513328255902514
2024-12-30,13.12,13.29,12.88,12.9,4689000.0,61502374.0,368862759.0,0.012712045023769939,-0.33999999999999986,-2.5679758308157052,3.0966767371601085
2024-12-31,13.21,14.18,13.05,13.71,41035761.0,579709016.0,368862759.0,0.11124940102722596,0.8100000000000005,6.279069767441858,8.759689922480613
2025-01-02,13.97,14.86,13.75,14.01,45893333.0,656011897.0,368862759.0,0.12441845071163717,0.29999999999999893,2.188183807439814,8.096280087527347
2025-01-03,13.68,15.4,13.45,15.4,69727078.0,1046420159.0,368862759.0,0.18903257728980985,1.3900000000000006,9.921484653818702,13.918629550321207
2025-01-06,14.96,16.95,14.36,16.95,74394349.0,1152002087.0,368862759.0,0.20168571422521947,1.549999999999999,10.064935064935066,16.818181818181817
2025-01-07,16.84,18.64,16.78,18.64,39264340.0,716509966.0,368862759.0,0.10644701597539154,1.6900000000000013,9.970501474926262,10.973451327433626
2025-01-08,20.5,20.5,20.5,20.5,7405226.0,153288178.0,368862759.0,0.020075829883384893,1.8599999999999994,9.978540772532195,0.0
2025-01-09,22.55,22.55,22.55,22.55,4147275.0,94433452.0,368862759.0,0.011243409367872782,2.0500000000000007,10.000000000000009,0.0
2025-01-10,22.55,23.37,20.3,20.3,87144405.0,1880630274.0,368862759.0,0.23625156748339562,-2.25,-9.977827050997778,13.614190687361418
2025-01-13,18.27,19.25,18.27,18.27,73156718.0,1355358911.0,368862759.0,0.1983304527633271,-2.030000000000001,-10.000000000000009,4.827586206896553
2025-01-14,18.27,19.12,17.41,18.64,77075155.0,1430720799.0,368862759.0,0.20895347421071586,0.370000000000001,2.025177887246854,9.359605911330055
2025-01-15,18.07,18.92,16.84,17.81,67727868.0,1207095539.0,368862759.0,0.18361264819363346,-0.8300000000000018,-4.452789699570825,11.158798283261811
2025-01-16,17.49,18.1,17.2,17.72,43860909.0,784639884.0,368862759.0,0.11890847728545022,-0.08999999999999986,-0.5053340819764163,5.053340819764189
2025-01-17,17.77,19.0,17.06,18.29,62615820.0,1146787879.0,368862759.0,0.16975370506297166,0.5700000000000003,3.216704288939054,10.94808126410836
2025-01-20,18.19,19.69,17.94,18.9,61097448.0,1167928604.0,368862759.0,0.16563734480986192,0.6099999999999994,3.335155822854019,9.568069983597596
2025-01-21,18.62,18.84,17.62,18.08,48377070.0,880268373.0,368862759.0,0.1311519496604969,-0.8200000000000003,-4.338624338624342,6.45502645502645
2025-01-22,18.77,19.3,18.44,18.84,51231895.0,974610641.0,368862759.0,0.1388914813164969,0.7600000000000016,4.2035398230088505,4.75663716814159
2025-01-23,18.81,18.99,17.35,17.39,48015475.0,877644342.0,368862759.0,0.13017165281247597,-1.4499999999999993,-7.69639065817409,8.704883227176206
2025-01-24,17.14,18.47,16.86,17.88,41877196.0,752209667.0,368862759.0,0.11353056110497725,0.48999999999999844,2.817711328349626,9.258194364577339
2025-01-27,17.83,17.91,16.1,16.1,33249615.0,556119831.0,368862759.0,0.09014088353657844,-1.7799999999999976,-9.955257270693496,10.123042505592835
2025-02-05,15.55,15.85,14.83,15.05,31838211.0,484140642.0,368862759.0,0.08631451731889259,-1.0500000000000007,-6.521739130434789,6.335403726708071
2025-02-06,15.04,15.53,14.92,15.48,24956037.0,383279053.0,368862759.0,0.06765669992724856,0.4299999999999997,2.857142857142847,4.053156146179398
2025-02-07,15.57,16.05,15.57,15.82,28977459.0,463790418.0,368862759.0,0.07855891735603485,0.33999999999999986,2.1963824289405576,3.1007751937984525
2025-02-10,15.84,16.06,15.57,16.06,22134260.0,354549051.0,368862759.0,0.06000676256938153,0.23999999999999844,1.5170670037926604,3.0973451327433525
2025-02-11,16.07,16.12,15.82,15.9,15910400.0,256407628.0,368862759.0,0.043133657740710006,-0.15999999999999837,-0.996264009962633,1.867995018679955
2025-02-12,15.81,16.43,15.76,16.41,22592516.0,370740344.0,368862759.0,0.061249110810885625,0.5099999999999998,3.207547169811309,4.213836477987421
2025-02-13,16.41,16.68,16.23,16.25,23464305.0,389488779.0,368862759.0,0.06361256165738326,-0.16000000000000014,-0.9750152346130414,2.742230347349173
2025-02-14,16.15,16.39,15.63,15.79,21995600.0,353902018.0,368862759.0,0.05963085039983665,-0.46000000000000085,-2.8307692307692367,4.676923076923075
2025-02-17,15.89,16.58,15.87,16.44,23673000.0,389028478.0,368862759.0,0.06417834119166256,0.6500000000000021,4.116529449018369,4.496516782773901
2025-02-18,16.67,16.98,16.09,16.13,37584300.0,630368009.0,368862759.0,0.10189236805009096,-0.3100000000000023,-1.8856447688564648,5.413625304136256
2025-02-19,16.09,16.36,15.95,16.25,23145485.0,377832523.0,368862759.0,0.06274822934889993,0.120000000000001,0.7439553626782391,2.541847489150652
2025-02-20,16.25,17.88,16.15,17.88,43927225.0,755789699.0,368862759.0,0.11908826230950574,1.629999999999999,10.03076923076922,10.646153846153847
2025-02-21,17.96,19.54,17.54,18.6,76027427.0,1405309526.0,368862759.0,0.20611304650573303,0.7200000000000024,4.026845637583909,11.185682326621924
2025-02-24,18.51,19.36,18.32,18.55,46083660.0,870297273.0,368862759.0,0.12493443394755935,-0.05000000000000071,-0.26881720430107503,5.591397849462361
2025-02-25,18.03,20.13,17.77,19.47,53798736.0,1043409949.0,368862759.0,0.1458502781518261,0.9199999999999982,4.959568733153619,12.722371967654983
2025-02-26,19.4,19.95,19.03,19.44,39411626.0,770551522.0,368862759.0,0.10684631353635785,-0.029999999999997584,-0.15408320493065508,4.7252182845403095
2025-02-27,19.88,20.13,19.11,19.47,38915826.0,767921601.0,368862759.0,0.10550218218153055,0.029999999999997584,0.15432098765431057,5.246913580246911
2025-02-28,18.92,19.08,17.89,17.94,35027825.0,648758695.0,368862759.0,0.09496167380779148,-1.5299999999999976,-7.858243451463776,6.1119671289162705
2025-03-03,18.13,18.81,17.68,18.32,29079809.0,539006850.0,368862759.0,0.07883639182994888,0.379999999999999,2.1181716833890585,6.298773690078032
2025-03-04,17.84,17.95,17.53,17.79,23689700.0,423065092.0,368862759.0,0.0642236154829607,-0.5300000000000011,-2.893013100436692,2.2925764192139635
2025-03-05,17.88,17.88,17.39,17.81,14534391.0,258398613.0,368862759.0,0.03940324862125753,0.019999999999999574,0.11242270938729426,2.754356379988749
2025-03-06,17.91,18.32,17.86,18.13,21241318.0,388447641.0,368862759.0,0.05758596519091807,0.3200000000000003,1.7967434025828233,2.582818641212807
2025-03-07,18.17,18.32,17.67,17.82,20120325.0,366126762.0,368862759.0,0.054546913476835976,-0.3099999999999987,-1.709873138444562,3.5852178709321487
2025-03-10,17.92,17.99,17.52,17.96,13539045.0,242374311.0,368862759.0,0.03670483037296807,0.14000000000000057,0.7856341189674598,2.6374859708192977
2025-03-11,17.68,18.05,17.54,17.83,13246071.0,237377997.0,368862759.0,0.03591056748561597,-0.13000000000000256,-0.7238307349666018,2.839643652561256
2025-03-12,17.88,18.92,17.87,18.46,35486800.0,660745094.0,368862759.0,0.09620597128375326,0.6300000000000026,3.533370723499729,5.888951205832871
2025-03-13,18.42,18.83,18.23,18.64,30668384.0,575120976.0,368862759.0,0.08314307490174144,0.17999999999999972,0.9750812567713929,3.2502708559046467
2025-03-14,18.57,19.26,17.99,19.25,36482541.0,687727289.0,368862759.0,0.09890546039102853,0.6099999999999994,3.272532188841204,6.81330472103006
2025-03-17,19.81,20.21,18.87,19.03,40384616.0,795352521.0,368862759.0,0.10948412387708677,-0.21999999999999886,-1.1428571428571344,6.961038961038961
2025-03-18,19.3,20.93,19.3,20.0,62338410.0,1281334641.0,368862759.0,0.16900163673069526,0.9699999999999989,5.097214923804505,8.565423016290062
2025-03-19,19.6,19.79,18.79,18.85,45954022.0,885876771.0,368862759.0,0.12458298073945709,-1.1499999999999986,-5.7499999999999885,5.0
2025-03-20,18.82,20.73,18.75,20.73,54067050.0,1110574917.0,368862759.0,0.14657768690603976,1.879999999999999,9.97347480106101,10.50397877984085
2025-03-21,20.5,20.59,19.36,19.49,57023200.0,1140485926.0,368862759.0,0.15459191422466154,-1.240000000000002,-5.981669078630015,5.933429811866862
2025-03-24,19.68,19.97,18.43,19.22,40428161.0,785589599.0,368862759.0,0.1096021759138878,-0.2699999999999996,-1.3853258081067188,7.901487942534629
2025-03-25,18.86,18.9,17.63,17.79,32730779.0,599635545.0,368862759.0,0.0887343007701138,-1.4299999999999997,-7.440166493236211,6.607700312174816
2025-03-26,17.54,18.08,17.45,17.63,17793448.0,317854610.0,368862759.0,0.04823866754192987,-0.16000000000000014,-0.8993816750983652,3.541315345699826
2025-03-27,17.58,17.61,16.67,16.73,21406400.0,366245835.0,368862759.0,0.058033508337988655,-0.8999999999999986,-5.104934770277925,5.331820760068053
2025-03-28,16.65,16.9,16.4,16.42,13196312.0,221108998.0,368862759.0,0.035775669074795374,-0.3099999999999987,-1.8529587567244432,2.9886431560071727
2025-03-31,16.25,16.67,15.75,16.62,18759650.0,306580018.0,368862759.0,0.050858075374315574,0.1999999999999993,1.2180267965895109,5.6029232643118245
2025-04-01,16.48,16.75,16.48,16.68,9961884.0,167232279.0,368862759.0,0.027007020245163865,0.05999999999999872,0.3610108303248927,1.6245487364620912
2025-04-02,16.75,17.14,16.7,16.94,13043368.0,223733594.0,368862759.0,0.03536103247549585,0.26000000000000156,1.558752997601931,2.6378896882494085
2025-04-03,16.64,16.82,16.05,16.22,12930600.0,214285093.0,368862759.0,0.03505531443471093,-0.7200000000000024,-4.250295159386086,4.545454545454543
2025-04-07,14.61,15.11,14.59,14.59,6854100.0,101470777.0,368862759.0,0.018581707783625834,-1.629999999999999,-10.04932182490752,3.2059186189889
2025-04-08,13.66,14.36,13.13,13.19,27049600.0,367272321.0,368862759.0,0.07333242334718859,-1.4000000000000004,-9.595613433858807,8.430431802604515
2025-04-09,13.03,13.68,11.97,13.51,19586200.0,255726288.0,368862759.0,0.05309888169003258,0.3200000000000003,2.426080363912053,12.964366944655033
2025-04-10,14.02,14.28,13.87,13.98,16895875.0,239914186.0,368862759.0,0.045805315358496246,0.47000000000000064,3.4789045151739417,3.0347890451517405
2025-04-11,13.84,14.41,13.72,14.22,12723806.0,181464652.0,368862759.0,0.034494688578740475,0.2400000000000002,1.7167381974249052,4.935622317596563
2025-04-14,14.45,14.58,14.33,14.43,10943600.0,159754924.0,368862759.0,0.029668487080854913,0.20999999999999908,1.4767932489451407,1.7580872011251758
2025-04-15,14.44,14.74,14.25,14.31,14893456.0,217669625.0,368862759.0,0.04037668654969856,-0.11999999999999922,-0.8316008316008316,3.395703395703397
2025-04-16,14.16,14.27,13.62,13.81,14296315.0,200291988.0,368862759.0,0.03875781615568299,-0.5,-3.4940600978336844,4.54227812718379
2025-04-17,13.74,14.08,13.74,13.87,7955600.0,112050285.0,368862759.0,0.021567913284517834,0.05999999999999872,0.43446777697320194,2.4619840695148434
2025-04-18,13.85,14.05,13.72,13.96,5715400.0,80079600.0,368862759.0,0.015494651765590681,0.09000000000000163,0.648882480173052,2.3792357606344634
2025-04-21,13.98,14.31,13.82,14.31,7024100.0,100313065.0,368862759.0,0.019042583802828413,0.34999999999999964,2.5071633237822244,3.51002865329513
2025-04-22,14.56,14.56,14.14,14.26,8237600.0,118964271.0,368862759.0,0.0223324252693127,-0.05000000000000071,-0.34940600978337066,2.935010482180293
2025-04-23,14.39,14.66,14.37,14.53,11916600.0,174500794.0,368862759.0,0.03230632453193791,0.2699999999999996,1.8934081346423604,2.033660589060315
2025-04-24,14.56,14.56,14.17,14.24,7470214.0,108046769.0,368862759.0,0.02025201465241982,-0.28999999999999915,-1.9958706125258074,2.6841018582243676
2025-04-25,14.18,14.48,14.18,14.32,6043200.0,87661685.0,368862759.0,0.016383329172029535,0.08000000000000007,0.561797752808979,2.1067415730337125
2025-04-28,14.3,14.4,14.11,14.19,6573000.0,94312757.0,368862759.0,0.017819635730697336,-0.13000000000000078,-0.9078212290502874,2.0251396648044757
2025-04-29,14.21,14.29,13.92,13.99,11733190.0,165889761.0,368862759.0,0.03180909352792647,-0.1999999999999993,-1.4094432699083836,2.607470049330509
2025-04-30,14.07,14.34,13.99,14.17,10652494.0,152691255.0,368862759.0,0.028879288407643235,0.17999999999999972,1.2866333095067795,2.5017869907076458
2025-05-06,14.32,14.78,14.26,14.78,10844449.0,160154260.0,368862759.0,0.02939968520920812,0.6099999999999994,4.304869442484116,3.6697247706421985
2025-05-07,14.96,15.59,14.76,15.14,22071431.0,336043700.0,368862759.0,0.059836430925790475,0.3600000000000012,2.435723951285529,5.615696887686063
2025-05-08,15.04,15.37,14.95,15.32,12865484.0,198203670.0,368862759.0,0.034878782653143904,0.17999999999999972,1.1889035667107084,2.7741083223249663
2025-05-09,15.36,15.38,14.96,15.22,10974900.0,168066512.0,368862759.0,0.02975334248909633,-0.09999999999999964,-0.652741514360311,2.741514360313315
2025-05-12,15.55,15.62,15.3,15.55,15682900.0,244900783.0,368862759.0,0.04251689718560067,0.33000000000000007,2.1681997371879147,2.102496714848873
2025-05-13,15.65,15.71,15.36,15.42,12019200.0,188448579.0,368862759.0,0.0325844767647037,-0.13000000000000078,-0.8360128617363349,2.2508038585209094
2025-05-14,15.48,15.52,15.21,15.33,9362920.0,145022381.0,368862759.0,0.0253832076336012,-0.08999999999999986,-0.5836575875486361,2.0103761348897455
2025-05-15,15.28,15.7,15.02,15.03,11350700.0,173879795.0,368862759.0,0.030772149595074735,-0.3000000000000007,-1.9569471624266144,4.435746901500324
2025-05-16,15.16,15.35,14.97,15.1,7983033.0,122743801.0,368862759.0,0.021642285118840095,0.07000000000000028,0.46573519627413074,2.5282767797737793
2025-05-19,15.13,15.17,14.77,15.02,7005100.0,105614955.0,368862759.0,0.018991074130094005,-0.08000000000000007,-0.5298013245033095,2.6490066225165587
2025-05-20,15.02,15.45,14.87,15.25,12115500.0,185647935.0,368862759.0,0.03284554947440493,0.23000000000000043,1.5312916111850816,3.8615179760319576
2025-05-21,15.18,15.91,15.11,15.91,34949546.0,553376936.0,368862759.0,0.09474945666716113,0.6600000000000001,4.327868852459016,5.245901639344267
2025-05-22,15.75,15.75,14.94,14.98,25662516.0,395657652.0,368862759.0,0.06957198951060278,-0.9299999999999997,-5.845380263984912,5.091137649277187
2025-05-23,14.86,15.04,14.54,14.56,13301486.0,198897768.0,368862759.0,0.03606079951269898,-0.41999999999999993,-2.8037383177570097,3.337783711615487
2025-05-26,14.54,14.82,14.51,14.71,7593586.0,112217517.0,368862759.0,0.02058648051266135,0.15000000000000036,1.0302197802197766,2.129120879120882
2025-05-27,14.68,14.94,14.47,14.8,8599686.0,127853391.0,368862759.0,0.02331405323571849,0.08999999999999986,0.611828687967364,3.195105370496253
2025-05-28,14.79,14.94,14.58,14.6,7168700.0,106832532.0,368862759.0,0.01943459952269131,-0.20000000000000107,-1.3513513513513598,2.4324324324324285
2025-05-29,14.56,14.94,14.54,14.89,7998160.0,119759876.0,368862759.0,0.021683294951442902,0.2900000000000009,1.9863013698630194,2.739726027397263
2025-05-30,15.25,15.33,14.82,14.91,11304600.0,171140599.0,368862759.0,0.030647170862808625,0.019999999999999574,0.1343183344526544,3.425117528542645
2025-06-03,14.76,15.04,14.74,14.86,6543916.0,98230316.0,368862759.0,0.017740787976917995,-0.05000000000000071,-0.3353454057679506,2.0120724346076386
2025-06-04,14.87,15.73,14.83,15.37,20141501.0,312070581.0,368862759.0,0.05460432236261617,0.5099999999999998,3.432032301480481,6.056527590847916
2025-06-05,15.34,15.65,15.15,15.54,15829910.0,246547274.0,368862759.0,0.042915446500794624,0.16999999999999993,1.1060507482107962,3.253090435914119
2025-06-06,15.51,15.8,15.41,15.55,13805933.0,217620691.0,368862759.0,0.03742837319069123,0.010000000000001563,0.06435006435008273,2.5096525096525135
2025-06-09,15.56,15.79,15.55,15.6,11670301.0,184620273.0,368862759.0,0.03163859922221099,0.049999999999998934,0.3215434083601254,1.5434083601286073
2025-06-10,15.57,16.15,15.52,15.69,21838368.0,349292636.0,368862759.0,0.05920458888071159,0.08999999999999986,0.5769230769230749,4.038461538461532
2025-06-11,16.34,17.25,16.05,16.07,39716113.0,662039954.0,368862759.0,0.10767178857435158,0.3800000000000008,2.421924792861696,7.64818355640535
2025-06-12,15.81,16.07,15.71,15.9,22621236.0,359230780.0,368862759.0,0.06132697174777679,-0.16999999999999993,-1.0578718108276264,2.2401991288114464
2025-06-13,15.77,15.98,15.5,15.67,18306000.0,288352149.0,368862759.0,0.04962821416189646,-0.23000000000000043,-1.4465408805031443,3.0188679245283043
2025-06-16,15.65,15.75,15.51,15.71,8735300.0,137287565.0,368862759.0,0.023681707591413425,0.040000000000000924,0.2552648372686761,1.531589023611999
2025-06-17,15.67,15.95,15.59,15.9,12552290.0,198841005.0,368862759.0,0.03402970262986077,0.1899999999999995,1.2094207511139432,2.2915340547421987
2025-06-18,15.78,15.81,15.41,15.62,12370301.0,193195829.0,368862759.0,0.033536324007162784,-0.28000000000000114,-1.7610062893081868,2.5157232704402537
2025-06-19,15.5,15.91,15.33,15.41,12764910.0,199831132.0,368862759.0,0.034606122978112844,-0.20999999999999908,-1.3444302176696454,3.713188220230475
2025-06-20,15.37,16.05,15.35,15.51,14629092.0,229883355.0,368862759.0,0.03965998638534285,0.09999999999999964,0.6489292667099189,4.542504866969507
2025-06-23,15.33,15.82,15.23,15.81,12495100.0,196245987.0,368862759.0,0.03387465851493021,0.3000000000000007,1.934235976789167,3.803997421018697
2025-06-24,15.93,16.39,15.76,16.34,20727598.0,336458318.0,368862759.0,0.056193252081596014,0.5299999999999994,3.3523086654016376,3.984819734345356
2025-06-25,16.28,16.78,16.19,16.74,24190069.0,403277229.0,368862759.0,0.0655801335585629,0.3999999999999986,2.4479804161566587,3.6107711138310883
2025-06-26,16.74,17.0,16.43,16.43,23134336.0,387530555.0,368862759.0,0.06271800401514646,-0.3099999999999987,-1.851851851851849,3.4050179211469556
2025-06-27,16.43,16.75,16.33,16.38,13427500.0,221716054.0,368862759.0,0.036402427928486,-0.05000000000000071,-0.3043213633597164,2.5562994522215563
2025-06-30,16.51,16.55,16.31,16.42,9706371.0,159574238.0,368862759.0,0.02631431545519617,0.0400000000000027,0.24420024420026554,1.4652014652014775
2025-07-01,16.55,17.01,16.43,16.69,14342471.0,239254578.0,368862759.0,0.03888294670593189,0.2699999999999996,1.6443361753958552,3.5322777101096334
2025-07-02,16.53,16.63,16.25,16.34,10166700.0,166708240.0,368862759.0,0.027562283673099132,-0.3500000000000014,-2.097064110245661,2.2768124625524204
2025-07-03,16.32,16.65,16.15,16.57,12289100.0,202638257.0,368862759.0,0.03331618522107297,0.23000000000000043,1.4075887392900777,3.0599755201958385
2025-07-04,16.46,16.55,15.92,15.94,12070400.0,195048873.0,368862759.0,0.03272328177754589,-0.6300000000000008,-3.80205190102596,3.8020519010259552
2025-07-07,15.94,16.5,15.9,16.29,9292900.0,151185483.0,368862759.0,0.02519338093439788,0.34999999999999964,2.1957340025094085,3.7641154328732727
2025-07-08,16.21,16.34,16.15,16.31,7959501.0,129925239.0,368862759.0,0.02157848903364083,0.019999999999999574,0.12277470841006721,1.1663597298956494
2025-07-09,16.36,16.82,16.3,16.48,17345805.0,289104688.0,368862759.0,0.04702509151920105,0.1700000000000017,1.0423053341508393,3.1882280809319408
2025-07-10,16.44,17.03,16.4,16.75,18254000.0,307026710.0,368862759.0,0.04948724032072861,0.2699999999999996,1.6383495145630977,3.8228155339805983
2025-07-11,16.74,17.16,16.48,16.61,17868199.0,300534072.0,368862759.0,0.04844132014964406,-0.14000000000000057,-0.8358208955223878,4.059701492537312
2025-07-14,16.61,16.98,16.48,16.55,9559600.0,159485178.0,368862759.0,0.025916414077464513,-0.05999999999999872,-0.36122817579770095,3.0102347983142685
2025-07-15,16.55,16.63,16.16,16.33,9637800.0,158128460.0,368862759.0,0.0261284170462977,-0.22000000000000242,-1.329305135951675,2.839879154078543
2025-07-16,16.48,17.09,16.4,16.65,21173725.0,357189276.0,368862759.0,0.05740271817464772,0.3200000000000003,1.9595835884874457,4.225352112676065
2025-07-17,16.6,16.68,16.41,16.66,11087421.0,183843971.0,368862759.0,0.030058390904135705,0.010000000000001563,0.06006006006007425,1.6216216216216193
2025-07-18,16.7,16.9,16.57,16.67,10312923.0,173041773.0,368862759.0,0.02795869940342771,0.010000000000001563,0.06002400960385401,1.9807923169267605
2025-07-21,16.66,16.81,16.61,16.81,9763100.0,163933241.0,368862759.0,0.02646810978280407,0.13999999999999702,0.8398320335932574,1.1997600479903974
2025-07-22,16.75,16.99,16.68,16.79,11042106.0,186119906.0,368862759.0,0.029935540334664144,-0.019999999999999574,-0.11897679952409534,1.844140392623431
2025-07-23,16.8,16.84,16.42,16.47,10471016.0,173985695.0,368862759.0,0.028387295124038262,-0.3200000000000003,-1.9058963668850515,2.501488981536618
2025-07-24,16.43,16.69,16.43,16.68,8849606.0,147610493.0,368862759.0,0.023991595204654423,0.21000000000000085,1.2750455373406355,1.5786278081360146
2025-07-25,16.7,16.75,16.49,16.51,7801368.0,129579199.0,368862759.0,0.021149784871613998,-0.16999999999999815,-1.0191846522781711,1.5587529976019279
2025-07-28,16.47,16.64,16.45,16.57,6243294.0,103616703.0,368862759.0,0.016925791090772597,0.05999999999999872,0.3634161114475898,1.1508176862507646
2025-07-29,16.51,16.7,16.31,16.48,8870640.0,146150349.0,368862759.0,0.024048619123406816,-0.08999999999999986,-0.5431502715751324,2.3536511768255917
2025-07-30,16.45,16.5,15.86,16.07,13596805.0,219351609.0,368862759.0,0.03686141977808066,-0.41000000000000014,-2.487864077669899,3.883495145631071
2025-07-31,16.05,16.73,16.01,16.15,16935200.0,279479821.0,368862759.0,0.04591192682587943,0.0799999999999983,0.49782202862476144,4.480398257622893
2025-08-01,16.17,16.34,16.09,16.1,6919300.0,112365391.0,368862759.0,0.01875846729216706,-0.04999999999999716,-0.3095975232197956,1.5479876160990713
2025-08-04,16.06,16.49,15.91,16.49,9414843.0,153753045.0,368862759.0,0.025523972725042702,0.389999999999997,2.422360248447175,3.602484472049679
2025-08-05,16.49,16.61,16.35,16.45,6408500.0,105681020.0,368862759.0,0.017373670406233662,-0.03999999999999915,-0.24257125530624535,1.5767131594905885
2025-08-06,16.46,17.86,16.45,17.38,36938185.0,635648886.0,368862759.0,0.10014072740804934,0.9299999999999997,5.6534954407294835,8.571428571428573
2025-08-07,17.57,19.12,17.57,18.57,74437950.0,1397805499.0,368862759.0,0.2018039180800033,1.1900000000000013,6.846950517836592,8.918296892980441
2025-08-08,18.43,18.82,17.75,17.86,50140079.0,907391761.0,368862759.0,0.13593152948248702,-0.7100000000000009,-3.8233710285406564,5.761981690899302
2025-08-11,18.31,19.65,18.27,19.17,70996452.0,1360240446.0,368862759.0,0.19247389514862898,1.3100000000000023,7.334826427771568,7.726763717805146
2025-08-12,19.4,20.05,19.11,19.46,56517065.0,1104948670.0,368862759.0,0.15321976431890214,0.28999999999999915,1.5127803860198075,4.903495044340121
2025-08-13,19.46,20.49,18.95,20.27,45700909.0,905017204.0,368862759.0,0.12389678243446636,0.8099999999999987,4.162384378211703,7.913669064748197
2025-08-14,20.81,20.93,19.64,20.13,34232094.0,689996349.0,368862759.0,0.09280441889228508,-0.14000000000000057,-0.6906758756783482,6.364084854464721
2025-08-15,20.02,21.02,19.96,20.55,30021753.0,616476123.0,368862759.0,0.08139003536542977,0.4200000000000017,2.086438152011927,5.265772478887227
2025-08-18,21.43,22.61,21.33,22.61,37593960.0,844743033.0,368862759.0,0.1019185566521233,2.0599999999999987,10.024330900243307,6.2287104622871095
2025-08-19,22.79,24.22,22.75,24.22,68786120.0,1622453271.0,368862759.0,0.18648160683524032,1.6099999999999994,7.120743034055721,6.501547987616093
2025-08-20,23.37,23.44,21.8,22.3,51734560.0,1138613217.0,368862759.0,0.14025422392939374,-1.9199999999999982,-7.927332782824104,6.771263418662265
2025-08-21,21.8,21.99,20.21,20.55,48321251.0,1009763483.0,368862759.0,0.13100062237510943,-1.75,-7.847533632286996,7.982062780269048
2025-08-22,20.26,21.1,20.08,21.1,34910239.0,720541619.0,368862759.0,0.09464289399841527,0.5500000000000007,2.676399026763998,4.963503649635052
2025-08-25,21.09,21.78,20.59,21.49,38519414.0,821360972.0,368862759.0,0.10442749521374155,0.389999999999997,1.8483412322274795,5.63981042654029
2025-08-26,22.58,22.82,21.54,21.91,50710841.0,1128052946.0,368862759.0,0.13747888547349937,0.4200000000000017,1.9543973941368087,5.9562587249883725
2025-08-27,21.69,23.1,21.51,21.77,42926364.0,966770276.0,368862759.0,0.11637489270094627,-0.14000000000000057,-0.6389776357827448,7.256960292104061
2025-08-28,21.98,22.12,20.47,21.48,34537860.0,733784967.0,368862759.0,0.09363336134456447,-0.28999999999999915,-1.3321084060633814,7.57923748277447
2025-08-29,21.25,21.92,21.04,21.31,23595564.0,506720240.0,368862759.0,0.06396840945388038,-0.1700000000000017,-0.7914338919925545,4.096834264432041
2025-09-01,21.44,21.87,21.18,21.76,21934880.0,474072472.0,368862759.0,0.05946623632991912,0.45000000000000284,2.111684655091528,3.237916471140316
2025-09-02,21.58,21.72,19.59,19.67,36602010.0,744734152.0,368862759.0,0.09922934508007625,-2.09,-9.604779411764708,9.788602941176466
2025-09-03,19.75,20.46,19.72,19.95,23591654.0,475296848.0,368862759.0,0.06395780930543872,0.2799999999999976,1.4234875444839812,3.7620742247076864
2025-09-04,20.11,20.73,19.2,19.73,18836678.0,377266432.0,368862759.0,0.051066901009651666,-0.21999999999999886,-1.102756892230572,7.669172932330833
2025-09-05,19.75,20.9,19.47,20.86,22827642.0,469643607.0,368862759.0,0.06188654572200931,1.129999999999999,5.7273188038519995,7.247845919918904
2025-09-08,20.86,20.99,19.97,20.11,26042300.0,527308641.0,368862759.0,0.07060159738164297,-0.75,-3.595397890699903,4.889741131351868
2025-09-09,20.09,20.48,19.74,19.97,25984985.0,525084245.0,368862759.0,0.07044621438728652,-0.14000000000000057,-0.696171059174544,3.6797613127797217
2025-09-10,20.43,21.43,20.26,20.98,40514181.0,849854225.0,368862759.0,0.1098353791796043,1.0100000000000016,5.057586379569368,5.858788182273401
2025-09-11,21.13,22.89,20.88,22.15,59457299.0,1301167135.0,368862759.0,0.16119084279798493,1.1699999999999982,5.576739752144899,9.58055290753099
2025-09-12,21.85,21.9,20.91,20.95,39927745.0,854015005.0,368862759.0,0.10824553041962146,-1.1999999999999993,-5.4176072234762955,4.469525959367939
2025-09-15,20.87,21.23,20.48,20.52,22219227.0,462556923.0,368862759.0,0.06023711111481438,-0.4299999999999997,-2.052505966587115,3.579952267303103
2025-09-16,20.43,20.84,20.23,20.63,16503149.0,341129900.0,368862759.0,0.04474062126721771,0.10999999999999943,0.5360623781676344,2.9727095516569175
2025-09-17,20.44,20.89,20.28,20.76,15436900.0,320031765.0,368862759.0,0.04184998247546047,0.13000000000000256,0.6301502666020475,2.9568589432864734
2025-09-18,20.63,22.04,20.48,20.92,32377003.0,688491263.0,368862759.0,0.08777520150794078,0.16000000000000014,0.7707129094412402,7.514450867052017
2025-09-19,20.93,21.11,20.49,20.54,16203729.0,336655967.0,368862759.0,0.04392888304563161,-0.38000000000000256,-1.8164435946462887,2.9636711281070793
2025-09-22,20.59,21.14,20.49,21.01,15678612.0,327960881.0,368862759.0,0.04250527226577514,0.4700000000000024,2.2882181110029265,3.164556962025327
2025-09-23,21.23,22.2,20.65,21.23,32429975.0,695893984.0,368862759.0,0.08791881047552431,0.21999999999999886,1.0471204188481575,7.377439314612093
2025-09-24,20.73,21.59,20.61,21.51,26265876.0,558842201.0,368862759.0,0.07120771983381494,0.28000000000000114,1.3188883655204986,4.616109279321717
2025-09-25,21.4,21.58,21.05,21.21,17753725.0,378481487.0,368862759.0,0.048130977082454666,-0.3000000000000007,-1.3947001394700176,2.4639702463970132
2025-09-26,21.0,21.42,20.53,20.53,15301821.0,320852379.0,368862759.0,0.041483778523708326,-0.6799999999999997,-3.206034889203202,4.196133899104199
2025-09-29,20.56,21.93,20.56,21.18,28973408.0,621350398.0,368862759.0,0.0785479349516008,0.6499999999999986,3.166098392596184,6.673161227471996
2025-09-30,21.33,23.3,21.21,22.34,59663482.0,1355190464.0,368862759.0,0.16174981221132168,1.1600000000000001,5.476864966949946,9.867799811142588
2025-10-09,22.63,22.87,22.09,22.17,42468894.0,953117296.0,368862759.0,0.11513467533327212,-0.16999999999999815,-0.7609668755595211,3.491495076096693
2025-10-10,21.97,22.43,21.59,21.83,25602499.0,563711748.0,368862759.0,0.06940928129857642,-0.3400000000000034,-1.5336039693279346,3.7889039242219202
2025-10-13,20.05,21.4,19.87,21.23,25400830.0,529516804.0,368862759.0,0.06886254949906721,-0.5999999999999979,-2.7485112230874797,7.008703618873099
2025-10-14,21.94,22.9,21.16,21.43,34640159.0,773048025.0,368862759.0,0.09391069755567273,0.1999999999999993,0.9420631182289085,8.195949128591607
2025-10-15,21.54,22.38,21.39,22.29,23775314.0,524234081.0,368862759.0,0.06445571806830193,0.8599999999999994,4.013065795613624,4.619692020531958
2025-10-16,22.09,22.28,21.33,21.47,16194927.0,352661384.0,368862759.0,0.043905020511978546,-0.8200000000000003,-3.6787797218483687,4.26200089726336
2025-10-17,21.55,21.7,19.33,19.33,30418443.0,609432480.0,368862759.0,0.08246547600106195,-2.1400000000000006,-9.967396367023762,11.038658593386124
2025-10-20,19.54,20.29,19.31,19.85,20348749.0,405432633.0,368862759.0,0.055166179028661444,0.5200000000000031,2.690118986032086,5.06983962752199
2025-10-21,19.8,20.49,19.67,20.27,13672695.0,277286001.0,368862759.0,0.03706716025512351,0.41999999999999815,2.1158690176322326,4.130982367758169
2025-10-22,20.15,20.16,19.55,19.95,10669554.0,212655108.0,368862759.0,0.028925538671687918,-0.3200000000000003,-1.5786877158362134,3.009373458312775
2025-10-23,20.01,21.95,19.29,21.95,34251631.0,711106807.0,368862759.0,0.09285738439103308,2.0,10.025062656641603,13.333333333333334
2025-10-24,21.96,22.55,21.56,22.34,46404363.0,1029722997.0,368862759.0,0.1258038711357142,0.39000000000000057,1.7767653758542057,4.510250569476091
2025-10-27,21.8,22.12,21.35,21.6,37272351.0,809091737.0,368862759.0,0.10104666326588962,-0.7399999999999984,-3.3124440465532645,3.446732318710831
2025-10-28,21.61,21.9,21.02,21.64,33926529.0,732548092.0,368862759.0,0.09197602135812252,0.03999999999999915,0.18518518518517713,4.07407407407407
2025-10-29,21.63,22.52,21.31,22.14,34144512.0,749180927.0,368862759.0,0.09256698098926273,0.5,2.310536044362288,5.59149722735675
2025-10-30,22.09,23.22,22.08,22.67,53013426.0,1205056743.0,368862759.0,0.14372127493629683,0.5300000000000011,2.3938572719060636,5.149051490514908
2025-10-31,22.43,23.22,22.35,22.84,40435610.0,927950059.0,368862759.0,0.1096223704166351,0.16999999999999815,0.7498897220996836,3.8376709307454666
2025-11-03,22.84,22.89,21.73,22.45,28412117.0,630739203.0,368862759.0,0.07702625517692882,-0.39000000000000057,-1.7075306479859886,5.078809106830123
2025-11-04,22.45,22.82,21.94,22.19,19937438.0,445860695.0,368862759.0,0.054051100344342434,-0.259999999999998,-1.1581291759465429,3.9198218262806193
2025-11-05,21.53,24.2,21.4,23.41,50161622.0,1153504175.0,368862759.0,0.1359899333182616,1.2199999999999989,5.497972059486256,12.618296529968456
2025-11-06,23.52,24.49,23.32,23.99,48189005.0,1159774233.0,368862759.0,0.13064209878666552,0.5799999999999983,2.4775736864587783,4.997864160615114
2025-11-07,23.81,24.92,23.46,23.92,38610357.0,934514083.0,368862759.0,0.10467404490676707,-0.06999999999999673,-0.2917882451021092,6.085869112130058
2025-11-10,23.92,24.15,22.83,22.97,31067343.0,723590965.0,368862759.0,0.08422466687671226,-0.9500000000000028,-3.971571906354532,5.518394648829432
2025-11-11,23.15,25.28,22.91,25.28,54241973.0,1341257561.0,368862759.0,0.14705190935255136,2.3100000000000023,10.056595559425352,10.31780583369613
2025-11-12,25.87,26.14,24.22,24.59,61369986.0,1530605901.0,368862759.0,0.16637620497763506,-0.6900000000000013,-2.7294303797468444,7.594936708860765
2025-11-13,24.59,25.72,23.6,24.35,63676190.0,1578194426.0,368862759.0,0.1726284056775707,-0.23999999999999844,-0.9760065067100365,8.621390809272052
2025-11-14,23.94,23.94,22.64,22.64,39308174.0,911736658.0,368862759.0,0.10656585150142522,-1.7100000000000009,-7.02258726899384,5.338809034907601
2025-11-17,22.28,23.32,21.97,23.29,31057169.0,706513247.0,368862759.0,0.0841970848024807,0.6499999999999986,2.8710247349823304,5.962897526501773
2025-11-18,22.94,22.94,21.77,21.79,24182475.0,539819149.0,368862759.0,0.06555954595568159,-1.5,-6.440532417346501,5.023615285530278
2025-11-19,21.79,22.09,20.83,21.01,18601543.0,396860686.0,368862759.0,0.05042944169920933,-0.7799999999999976,-3.579623680587418,5.782469022487387
2025-11-20,21.13,21.31,20.59,20.67,13204217.0,276731439.0,368862759.0,0.035797099809688294,-0.33999999999999986,-1.6182770109471667,3.426939552593997
2025-11-21,20.44,20.61,19.54,19.56,16552321.0,330114819.0,368862759.0,0.04487392830025435,-1.110000000000003,-5.370101596516708,5.1765844218674415
2025-11-24,19.79,20.22,19.24,19.96,13996453.0,276574465.0,368862759.0,0.03794487965644697,0.40000000000000213,2.0449897750511425,5.010224948875258
2025-11-25,20.13,20.43,20.01,20.19,11068355.0,225132499.0,368862759.0,0.03000670230306443,0.23000000000000043,1.1523046092184464,2.104208416833658
2025-11-26,20.22,20.58,20.03,20.17,10121907.0,205653241.0,368862759.0,0.027440848264110067,-0.019999999999999574,-0.0990589400693409,2.7241208519068705
2025-11-27,20.08,20.81,20.03,20.25,12699606.0,260425915.0,368862759.0,0.03442908152188928,0.0799999999999983,0.396628656420428,3.867129400099145
2025-11-28,20.43,20.68,20.14,20.59,10297779.0,211697557.0,368862759.0,0.027917643483222985,0.33999999999999986,1.6790123456790207,2.6666666666666625
2025-12-01,20.49,20.71,20.35,20.62,8960558.0,184747678.0,368862759.0,0.024292390005140097,0.030000000000001137,0.14570179698882857,1.7484215638659515
2025-12-02,20.63,20.63,20.03,20.13,8883810.0,179833600.0,368862759.0,0.02408432345971798,-0.490000000000002,-2.3763336566440474,2.9097963142579912
2025-12-03,20.13,20.24,19.54,19.6,9251253.0,184132182.0,368862759.0,0.02508047444279947,-0.5299999999999976,-2.6328862394435992,3.477396920019867
2025-12-04,19.61,19.73,19.25,19.39,7537781.0,146678096.0,368862759.0,0.020435191181769587,-0.21000000000000085,-1.0714285714285787,2.4489795918367365
2025-12-05,19.38,20.01,19.2,19.94,10388383.0,205852904.0,368862759.0,0.028163274135245515,0.5500000000000007,2.8365136668385693,4.1774110366168244
2025-12-08,19.94,20.19,19.84,20.13,7970525.0,160597398.0,368862759.0,0.02160837548796841,0.18999999999999773,0.9528585757271779,1.7552657973921835
2025-12-09,20.12,20.29,19.86,19.91,7516478.0,151177689.0,368862759.0,0.020377437994492688,-0.21999999999999886,-1.092896174863378,2.1361152508693477
2025-12-10,19.84,19.98,19.59,19.91,6101779.0,120963334.0,368862759.0,0.016542138915140524,0.0,0.0,1.9588146659969892
2025-12-11,19.98,20.18,19.86,19.88,7950747.0,159763980.0,368862759.0,0.021554756629687304,-0.030000000000001137,-0.15067805123054612,1.6072325464590673
2025-12-12,19.89,20.18,19.75,20.13,9034634.0,181546522.0,368862759.0,0.02449321266395451,0.25,1.2575452716297786,2.162977867203218
2025-12-15,20.11,20.48,19.97,20.22,9609477.0,195053437.0,368862759.0,0.026051632390463143,0.08999999999999986,0.44709388971684305,2.533532041728771
2025-12-16,20.0,20.01,19.09,19.18,11834495.0,230652397.0,368862759.0,0.0320837349698401,-1.0399999999999991,-5.1434223541048425,4.549950544015834
2025-12-17,19.2,19.81,19.07,19.79,8435833.0,164280269.0,368862759.0,0.022869841951163195,0.6099999999999994,3.1803962460896784,3.8581856100104193
2025-12-18,19.54,19.77,19.34,19.35,6516152.0,127618882.0,368862759.0,0.017665518789875993,-0.4399999999999977,-2.2233451237998914,2.172814552804445
2025-12-19,19.43,19.6,19.24,19.33,5682100.0,110638870.0,368862759.0,0.015404374286535117,-0.020000000000003126,-0.10335917312662701,1.860465116279085
2025-12-22,19.44,20.09,19.29,19.78,9916968.0,196052514.0,368862759.0,0.02688525137881973,0.45000000000000284,2.3279875840662267,4.138644593895504
2025-12-23,19.69,20.05,19.56,19.88,9400500.0,186998080.0,368862759.0,0.02548508834419904,0.09999999999999787,0.5055611729019027,2.4772497472194237
2025-12-24,19.81,20.36,19.75,20.24,10371371.0,210086482.0,368862759.0,0.028117154000900372,0.35999999999999943,1.810865191146882,3.068410462776657
2025-12-25,20.21,20.48,19.99,20.4,8406231.0,171295803.0,368862759.0,0.02278958988104299,0.16000000000000014,0.7905138339920903,2.4209486166008003
2025-12-26,20.45,20.73,20.23,20.34,12561138.0,257723409.0,368862759.0,0.03405368987114256,-0.05999999999999872,-0.2941176470588225,2.450980392156863
2025-12-29,20.35,20.37,19.97,20.07,7405949.0,149398596.0,368862759.0,0.020077789961984206,-0.2699999999999996,-1.3274336283185861,1.9665683382497647
2025-12-30,19.9,20.05,19.73,19.77,8492800.0,169403378.0,368862759.0,0.02302428150519798,-0.3000000000000007,-1.4947683109118093,1.594419531639264
2025-12-31,19.79,19.84,19.46,19.57,6197664.0,121904221.0,368862759.0,0.016802086545147813,-0.1999999999999993,-1.0116337885685334,1.9221041982802174
2026-01-05,19.58,20.07,19.57,20.0,7851172.0,156328354.0,368862759.0,0.021284805279027912,0.4299999999999997,2.197240674501777,2.5549310168625445
2026-01-06,20.06,20.33,20.0,20.3,10569602.0,214266807.0,368862759.0,0.028654565260680057,0.3000000000000007,1.5000000000000124,1.6499999999999915
2026-01-07,20.31,20.59,20.26,20.48,12326092.0,252524281.0,368862759.0,0.03341647184285145,0.17999999999999972,0.8866995073891548,1.6256157635467898
2026-01-08,20.21,20.58,20.19,20.44,11463510.0,235216093.0,368862759.0,0.031077981499346752,-0.03999999999999915,-0.1953125,1.9042968749999853
2026-01-09,20.52,20.75,20.38,20.66,15772348.0,325941645.0,368862759.0,0.04275939388069263,0.21999999999999886,1.0763209393346296,1.8101761252446231
2026-01-12,20.37,20.81,20.29,20.77,16276618.0,335865795.0,368862759.0,0.04412648770541783,0.10999999999999943,0.5324298160696905,2.516940948693125
2026-01-13,20.79,20.82,20.11,20.26,16468708.0,336939095.0,368862759.0,0.04464725049676267,-0.509999999999998,-2.455464612421754,3.4183919114106924
2026-01-14,20.25,20.97,20.23,20.57,20677900.0,428459758.0,368862759.0,0.05605851904393525,0.3099999999999987,1.530108588351431,3.6525172754195383
2026-01-15,20.5,21.27,20.37,20.98,20009621.0,421129054.0,368862759.0,0.054246791013131256,0.41000000000000014,1.9931939718035974,4.3753038405444755
2026-01-16,21.21,21.21,20.82,20.98,15832475.0,332926446.0,368862759.0,0.04292240030661377,0.0,0.0,1.858913250714969
2026-01-19,20.93,21.93,20.82,21.93,23140495.0,498620980.0,368862759.0,0.06273470128221863,0.9499999999999993,4.528122020972347,5.290753098188748
2026-01-20,21.91,21.91,21.28,21.62,16606885.0,358402071.0,368862759.0,0.04502185323620594,-0.3099999999999987,-1.4135886912904683,2.872777017783853
2026-01-21,21.41,21.73,21.38,21.64,10210945.0,221357889.0,368862759.0,0.027682233434685122,0.019999999999999574,0.09250693802034249,1.6188714153561583
2026-01-22,21.79,21.79,21.11,21.33,12228258.0,261943822.0,368862759.0,0.033151240404835775,-0.3100000000000023,-1.4325323475046337,3.142329020332716
2026-01-23,21.35,21.62,21.18,21.62,12193865.0,262840128.0,368862759.0,0.033057999764080276,0.2900000000000027,1.3595874355368132,2.062822315986879
2026-01-26,21.62,21.73,20.8,21.08,11746857.0,249531470.0,368862759.0,0.031846145248834945,-0.5400000000000027,-2.4976873265495025,4.301572617946344
2026-01-27,20.94,21.03,19.87,20.48,11286858.0,230260646.0,368862759.0,0.03059907167261632,-0.5999999999999979,-2.8462998102466663,5.502846299810248
2026-01-28,20.52,20.52,20.0,20.04,8616548.0,174096159.0,368862759.0,0.023359766714752574,-0.4400000000000013,-2.148437500000011,2.539062499999998
2026-01-29,19.97,20.14,19.57,19.74,7387923.0,147105859.0,368862759.0,0.020028920837736292,-0.3000000000000007,-1.4970059880239583,2.8443113772455106
2026-01-30,19.62,20.18,19.54,20.05,6991956.0,139413519.0,368862759.0,0.018955440280703426,0.3100000000000023,1.5704154002026405,3.24214792299899
2026-02-02,19.88,20.03,19.7,19.7,4119797.0,81977722.0,368862759.0,0.011168915536957202,-0.3500000000000014,-1.7456359102244412,1.6458852867830516
2026-02-03,19.85,20.01,19.72,20.01,4069027.0,81274349.0,368862759.0,0.011031276269340055,0.3100000000000023,1.5736040609137136,1.4720812182741254
2026-02-04,19.95,20.93,19.74,20.43,13369962.0,275157418.0,368862759.0,0.036246440373233775,0.41999999999999815,2.0989505247376306,5.947026486756628
2026-02-05,20.23,20.25,19.78,19.8,7984257.0,159531090.0,368862759.0,0.021645603426178352,-0.629999999999999,-3.083700440528625,2.3005384238864357
2026-02-06,19.74,20.03,19.55,19.83,4416372.0,87836542.0,368862759.0,0.01197294086281017,0.029999999999997584,0.15151515151514694,2.4242424242424265
2026-02-09,20.06,20.06,19.85,19.98,4139754.0,82841081.0,368862759.0,0.011223019670576177,0.15000000000000213,0.7564296520423675,1.0590015128592905
2026-02-10,20.03,20.03,19.82,19.84,4335121.0,86463130.0,368862759.0,0.011752666524950002,-0.14000000000000057,-0.7007007007007071,1.0510510510510553
2026-02-11,19.75,19.97,19.75,19.88,3356000.0,66886702.0,368862759.0,0.009098234826140309,0.03999999999999915,0.20161290322580072,1.1088709677419297
2026-02-12,19.93,19.93,19.62,19.76,4125779.0,81909126.0,368862759.0,0.011185132950762318,-0.11999999999999744,-0.6036217303822755,1.5593561368209192
2026-02-13,19.67,19.97,19.63,19.63,3949224.0,78397229.0,368862759.0,0.01070648609446637,-0.13000000000000256,-0.6578947368421129,1.7206477732793515
2026-02-24,19.78,19.96,19.71,19.9,4148817.0,82761253.0,368862759.0,0.011247589784470489,0.2699999999999996,1.3754457463066805,1.273560876209883
2026-02-25,20.01,21.88,19.96,21.31,30350815.0,644514016.0,368862759.0,0.08228213409855235,1.4100000000000001,7.08542713567839,9.648241206030143
2026-02-26,21.89,22.11,21.13,21.93,26252147.0,568127539.0,368862759.0,0.07117050002871123,0.620000000000001,2.9094321914594046,4.5987799155326154
2026-02-27,21.58,22.23,21.27,22.07,22584163.0,494228772.0,368862759.0,0.06122646553213034,0.14000000000000057,0.6383948928408545,4.3775649794801685
2026-03-02,21.65,24.0,21.56,23.2,42005078.0,968358889.0,368862759.0,0.11387725373490469,1.129999999999999,5.120072496601713,11.055731762573636
2026-03-03,23.07,23.47,22.15,22.28,27574461.0,631440265.0,368862759.0,0.07475534010198086,-0.9199999999999982,-3.9655172413793016,5.6896551724137945
2026-03-04,21.94,22.84,21.81,22.18,18024078.0,402809524.0,368862759.0,0.04886391363786335,-0.10000000000000142,-0.4488330341113178,4.622980251346505
2026-03-05,22.82,24.4,22.73,24.4,29376074.0,694386396.0,368862759.0,0.07963957673482565,2.219999999999999,10.009017132551845,7.5293056807935
2026-03-06,24.89,25.25,23.18,23.99,58832356.0,1419768882.0,368862759.0,0.15949660019758188,-0.41000000000000014,-1.6803278688524603,8.483606557377051
2026-03-09,23.3,23.86,22.93,23.5,30588490.0,717180635.0,368862759.0,0.08292647943892867,-0.48999999999999844,-2.0425177157148755,3.876615256356814
2026-03-10,23.97,25.86,23.97,24.51,58280638.0,1465055526.0,368862759.0,0.15800087316486183,1.0100000000000016,4.297872340425535,8.042553191489365
2026-03-11,24.92,26.96,24.03,26.96,79747465.0,2075447207.0,368862759.0,0.21619820123939376,2.4499999999999993,9.995920032639738,11.954304365565074
2026-03-12,25.91,26.09,25.07,25.6,74634112.0,1913321862.0,368862759.0,0.20233572020752574,-1.3599999999999994,-5.0445103857566735,3.7833827893175056
2026-03-13,25.14,28.16,24.36,27.28,73936563.0,1954912107.0,368862759.0,0.20044464017035668,1.6799999999999997,6.562500000000004,14.843750000000004
2026-03-16,27.17,28.1,26.17,28.1,48453758.0,1300895411.0,368862759.0,0.1313598535437946,0.8200000000000003,3.0058651026392935,7.074780058651026
2026-03-17,27.71,29.89,25.61,25.92,57723057.0,1595993933.0,368862759.0,0.15648925133155012,-2.1799999999999997,-7.758007117437726,15.23131672597865
2026-03-18,26.7,26.9,25.52,26.68,40937316.0,1083330452.0,368862759.0,0.11098251314657656,0.759999999999998,2.9320987654321007,5.32407407407407
2026-03-19,25.7,25.97,24.72,24.91,32453216.0,821192570.0,368862759.0,0.08798181764942012,-1.7699999999999996,-6.634182908545727,4.685157421289356
2026-03-20,24.72,26.38,24.22,25.28,38400366.0,974993496.0,368862759.0,0.1041047518706002,0.370000000000001,1.4853472501003662,8.671216378964273
2026-03-23,24.97,27.24,24.56,25.83,43618082.0,1140761441.0,368862759.0,0.11825016469065666,0.5499999999999972,2.1756329113924,10.601265822784809
2026-03-24,26.06,27.59,25.86,27.3,43444386.0,1167094442.0,368862759.0,0.11777926868458954,1.4700000000000024,5.6910569105691255,6.69763840495548
2026-03-25,27.03,27.79,26.63,27.2,33858112.0,923773935.0,368862759.0,0.09179054044867674,-0.10000000000000142,-0.3663003663003761,4.249084249084249
2026-03-26,26.81,27.7,26.44,26.61,29289273.0,794703750.0,368862759.0,0.07940425615045622,-0.5899999999999999,-2.169117647058827,4.632352941176463
2026-03-27,25.86,27.49,25.81,26.88,26297625.0,707452469.0,368862759.0,0.07129379249695413,0.2699999999999996,1.014656144306647,6.313416009019165
2026-03-30,26.47,26.86,25.62,26.31,21203548.0,557477702.0,368862759.0,0.057483569383592885,-0.5700000000000003,-2.1205357142857206,4.613095238095232
2026-03-31,26.14,26.17,24.42,24.44,26597683.0,667398910.0,368862759.0,0.07210726035912994,-1.8699999999999974,-7.107563664006067,6.651463321930826
2026-04-01,24.93,26.65,24.67,25.35,25368103.0,653237543.0,368862759.0,0.06877382544329991,0.9100000000000001,3.7234042553191404,8.101472995090003
2026-04-02,25.17,25.3,24.3,24.43,15317424.0,378857453.0,368862759.0,0.0415260788091649,-0.9200000000000017,-3.6291913214990257,3.9447731755424065
2026-04-03,25.24,26.17,24.36,25.53,23641468.0,601141740.0,368862759.0,0.0640928568232067,1.1000000000000014,4.502660663119129,7.408923454768736
2026-04-07,25.79,27.87,25.68,27.39,36591568.0,1001894916.0,368862759.0,0.09920103644835558,1.8599999999999994,7.285546415981203,8.57814336075206
2026-04-08,27.91,28.05,26.91,27.74,28465449.0,788852383.0,368862759.0,0.0771708401172589,0.34999999999999787,1.2778386272362052,4.1621029572836825
2026-04-09,27.64,27.74,27.3,27.41,16867072.0,464897411.0,368862759.0,0.04572722940566629,-0.3299999999999983,-1.1896178803172286,1.5861571737563005
2026-04-10,27.41,30.15,27.12,30.15,42639513.0,1238746014.0,368862759.0,0.11559722948339168,2.7399999999999984,9.996351696461137,11.054359722728922
2026-04-13,29.9,31.81,29.56,30.75,49301241.0,1527097504.0,368862759.0,0.13365740996368788,0.6000000000000014,1.9900497512437942,7.46268656716418
2026-04-14,30.84,32.28,30.38,31.59,38778808.0,1213259658.0,368862759.0,0.10513072153212409,0.8399999999999999,2.731707317073173,6.178861788617893
2026-04-15,31.28,31.42,29.9,30.06,35668578.0,1093433766.0,368862759.0,0.09669877787798035,-1.5300000000000011,-4.843304843304852,4.811649256093711
2026-04-16,30.52,32.47,30.02,32.07,43217264.0,1368071755.0,368862759.0,0.11716353290086408,2.0100000000000016,6.686626746506996,8.15036593479707
2026-04-17,32.1,32.7,31.37,31.52,27362039.0,870159588.0,368862759.0,0.07417945653873939,-0.5500000000000007,-1.714998440910509,4.1471780480199625
2026-04-20,31.31,31.4,30.32,30.73,27993074.0,862832402.0,368862759.0,0.07589021476684232,-0.7899999999999991,-2.5063451776649703,3.4263959390862886
2026-04-21,30.81,31.07,29.48,30.1,22431412.0,674492126.0,368862759.0,0.06081235216266438,-0.629999999999999,-2.050113895216399,5.174096973641392
2026-04-22,30.32,30.45,29.27,29.43,22387960.0,665727552.0,368862759.0,0.0606945522521562,-0.6700000000000017,-2.2259136212624653,3.9202657807308956
2026-04-23,29.9,31.38,29.01,30.23,35785321.0,1092624149.0,368862759.0,0.0970152722845084,0.8000000000000007,2.718314644920161,8.053007135575935
2026-04-24,28.78,30.78,28.74,29.97,28299130.0,852072674.0,368862759.0,0.07671994341938976,-0.26000000000000156,-0.8600727753886872,6.748263314588167
2026-04-27,29.83,30.0,28.61,29.13,21621804.0,633247312.0,368862759.0,0.05861747620881402,-0.8399999999999999,-2.8028028028028062,4.637971304637974
2026-04-28,29.13,32.04,27.91,32.04,44923705.0,1373673319.0,368862759.0,0.12178975487194683,2.91,9.989701338825952,14.177823549605215
2026-04-29,32.65,32.71,29.38,29.54,69330754.0,2148356924.0,368862759.0,0.18795812889313665,-2.5,-7.802746566791507,10.393258426966298
2026-04-30,29.87,29.92,27.01,27.57,53732709.0,1517981135.0,368862759.0,0.14567127661700324,-1.9699999999999989,-6.668923493568036,9.85104942450914
2026-05-06,27.57,30.04,27.13,29.53,49384434.0,1416457994.0,368862759.0,0.13388294913230858,1.9600000000000009,7.109176641276749,10.55495103373232
2026-05-07,29.17,30.17,28.78,30.02,29324975.0,872528599.0,368862759.0,0.07950104553655958,0.48999999999999844,1.6593294954283744,4.707077548256013
2026-05-08,29.65,30.5,29.0,29.1,25495994.0,756984150.0,368862759.0,0.069120542472546,-0.9199999999999982,-3.0646235842771374,4.996668887408394
2026-05-11,29.45,31.2,28.65,28.76,31868486.0,940487593.0,368862759.0,0.08639659391584174,-0.33999999999999986,-1.1683848797250818,8.762886597938147
2026-05-12,28.86,29.09,27.82,28.2,19713545.0,558711169.0,368862759.0,0.05344411849394642,-0.5600000000000023,-1.9471488178025131,4.4158553546592465
2026-05-13,28.19,28.63,27.41,27.86,18683030.0,523675694.0,368862759.0,0.05065035584142556,-0.33999999999999986,-1.2056737588652444,4.326241134751769
2026-05-14,28.0,28.46,26.91,26.93,18860174.0,519756189.0,368862759.0,0.05113059949757628,-0.9299999999999997,-3.338119167264897,5.563531945441496
2026-05-15,27.01,27.46,26.59,27.02,15860101.0,429328632.0,368862759.0,0.04299729537076959,0.08999999999999986,0.33419977720015037,3.2305978462681058
2026-05-18,26.75,27.09,25.79,26.11,20301140.0,534979660.0,368862759.0,0.05503710934396606,-0.9100000000000001,-3.3678756476683946,4.811250925240565
2026-05-19,26.13,26.36,25.15,25.56,14195708.0,362707472.0,368862759.0,0.03848506701648349,-0.5500000000000007,-2.106472615855992,4.63423975488319
2026-05-20,25.43,26.03,24.97,25.63,11091892.0,284203819.0,368862759.0,0.03007051194344073,0.07000000000000028,0.27386541471048353,4.147104851330212
2026-05-21,25.82,26.54,25.1,25.15,15594128.0,406841764.0,368862759.0,0.042276233150443904,-0.4800000000000004,-1.8728053062816996,5.618415918845095
2026-05-22,25.42,27.66,25.21,27.66,26255332.0,709770055.0,368862759.0,0.07117913467648275,2.5100000000000016,9.980119284294231,9.741550695825048
2026-05-25,28.11,29.58,28.02,29.22,37905305.0,1106357141.0,368862759.0,0.10276262397093874,1.5599999999999987,5.63991323210411,5.639913232104117
2026-05-26,29.04,32.14,28.62,32.14,57838986.0,1780316692.0,368862759.0,0.1568035389552568,2.9200000000000017,9.993155373032181,12.046543463381244
2026-05-27,32.34,34.89,31.93,33.69,55115065.0,1838803480.0,368862759.0,0.1494188926781844,1.5499999999999972,4.822650902302428,9.209707529558186
2026-05-28,30.87,34.94,30.87,34.36,47577849.0,1614086447.0,368862759.0,0.12898523323141983,0.6700000000000017,1.988720688631651,12.080736123478768
2026-05-29,34.79,35.1,32.89,33.31,31865896.0,1080834278.0,368862759.0,0.08638957233413742,-1.0499999999999972,-3.055878928987188,6.4318975552968585
2026-06-01,33.54,33.59,29.98,29.98,32535230.0,1019574415.0,368862759.0,0.08820416050729589,-3.330000000000002,-9.99699789852897,10.8375863104173
2026-06-02,30.5,30.94,28.81,29.95,26906147.0,805071502.0,368862759.0,0.0729435171849376,-0.030000000000001137,-0.10006671114076715,7.1047364909940045
2026-06-03,30.0,30.24,29.11,29.7,20193656.0,599154819.0,368862759.0,0.054745716414272116,-0.25,-0.8347245409014992,3.772954924874788
2026-06-04,29.36,32.67,29.25,32.67,23200685.0,732245802.0,368862759.0,0.0628978785033704,2.9700000000000024,10.000000000000009,11.515151515151521
2026-06-05,33.2,35.76,33.02,33.96,43720452.0,1501282193.0,368862759.0,0.11852769338527883,1.2899999999999991,3.9485766758494023,8.386899295990188
2026-06-08,33.85,34.86,32.43,33.57,33605502.0,1133466600.0,368862759.0,0.09110570579449578,-0.39000000000000057,-1.14840989399293,7.1554770318021195
2026-06-09,33.98,35.96,33.6,35.62,36610276.0,1266269300.0,368862759.0,0.09925175449875112,2.049999999999997,6.10664283586535,7.030086386654749
2026-06-10,35.27,35.27,32.06,32.06,30199898.0,1008535916.0,368862759.0,0.08187299276802297,-3.559999999999995,-9.994385176866915,9.011791128579452
2026-06-11,30.87,32.04,30.01,31.39,33003448.0,1016935249.0,368862759.0,0.08947351608352526,-0.6700000000000017,-2.0898315658141042,6.331877729257634
2026-06-12,31.7,34.53,31.46,34.53,18062819.0,612985019.0,368862759.0,0.0489689418605688,3.1400000000000006,10.003185727938835,9.780184772220453
2026-06-15,36.95,37.98,35.57,37.73,56826579.0,2127012065.0,368862759.0,0.15405886773188723,3.1999999999999957,9.267303793802473,6.97943816970749
2026-06-16,36.56,37.38,36.31,36.5,39094752.0,1437058790.0,368862759.0,0.10598725690277667,-1.2299999999999969,-3.2600053008216223,2.835939570633449
2026-06-17,36.71,37.2,35.13,35.88,32828216.0,1182146408.0,368862759.0,0.08899845592707287,-0.6199999999999974,-1.69863013698629,5.671232876712329
2026-06-18,35.56,36.27,34.7,35.09,26718992.0,939656766.0,368862759.0,0.07243613335332667,-0.7899999999999991,-2.2017837235228543,4.3756967670011155
