date,open,high,low,close,volume,amount,outstanding_share,turnover,change,pct_chg,amplitude
2023-03-06,15.48,15.83,15.39,15.75,20768749.0,332026164.0,723840000.0,0.028692458278072503,,,
2023-03-07,15.62,15.71,15.25,15.26,18655256.0,293637600.0,723840000.0,0.025772623784261716,-0.4900000000000002,-3.111111111111109,2.920634920634926
2023-03-08,15.35,15.55,15.14,15.33,12657410.0,197650280.0,723840000.0,0.01748647491158267,0.07000000000000028,0.4587155963302836,2.6867627785058987
2023-03-09,15.33,15.34,14.83,14.89,16995487.0,259601450.0,723840000.0,0.023479618423961096,-0.4399999999999995,-2.8701891715590344,3.326810176125243
2023-03-10,14.84,14.86,14.46,14.49,13029320.0,194695264.0,723840000.0,0.018000276304155613,-0.40000000000000036,-2.6863666890530546,2.6863666890530458
2023-03-13,14.5,14.91,14.4,14.88,19243399.0,289774871.0,723840000.0,0.026585155559239612,0.39000000000000057,2.69151138716357,3.5196687370600404
2023-03-14,14.86,14.86,14.17,14.34,17468295.0,257623236.0,723840000.0,0.0241328125,-0.5400000000000009,-3.629032258064524,4.637096774193545
2023-03-15,14.43,14.56,14.22,14.27,11846776.0,173596298.0,723840000.0,0.016366567197170646,-0.07000000000000028,-0.4881450488145034,2.3709902370990226
2023-03-16,14.12,14.16,13.84,13.89,15027699.0,214231202.0,723840000.0,0.020761078415119365,-0.379999999999999,-2.66292922214435,2.2424667133847254
2023-03-17,14.0,14.21,14.0,14.04,11982368.0,172488441.0,723840000.0,0.01655389036251105,0.14999999999999858,1.0799136069114423,1.5118790496760321
2023-03-20,14.07,14.19,13.87,14.02,16083902.0,230427880.0,723840000.0,0.022220244805481876,-0.019999999999999574,-0.14245014245013454,2.2792022792022815
2023-03-21,14.02,14.67,13.99,14.57,23790061.0,349789641.0,723840000.0,0.03286646358311229,0.5500000000000007,3.922967189728954,4.850213980028529
2023-03-22,14.57,14.8,14.26,14.42,18124605.0,267722481.0,723840000.0,0.025039518401856763,-0.15000000000000036,-1.029512697323265,3.7062457103637674
2023-03-23,14.33,14.52,14.24,14.4,15602500.0,228579755.0,723840000.0,0.021555177939876217,-0.019999999999999574,-0.1386962552011095,1.9417475728155296
2023-03-24,14.4,14.6,14.12,14.26,17738752.0,260130131.0,723840000.0,0.024506454465075156,-0.14000000000000057,-0.9722222222222299,3.333333333333336
2023-03-27,14.22,14.37,14.14,14.25,20861494.0,303738302.0,723840000.0,0.028820587422634835,-0.009999999999999787,-0.07012622720897754,1.6129032258064422
2023-03-28,14.26,14.6,14.17,14.37,22337030.0,328893138.0,723840000.0,0.030859071065428824,0.11999999999999922,0.8421052631578885,3.017543859649121
2023-03-29,14.37,14.85,14.29,14.56,27395832.0,408904073.0,723840000.0,0.03784791114058356,0.19000000000000128,1.3221990257481053,3.8970076548364685
2023-03-30,14.5,14.99,14.43,14.99,31100802.0,468323837.0,723840000.0,0.04296640417771883,0.4299999999999997,2.953296703296693,3.8461538461538494
2023-03-31,15.02,15.11,14.76,14.91,24747723.0,376401970.0,723840000.0,0.03418949353448276,-0.08000000000000007,-0.5336891260840582,2.3348899266177425
2023-04-03,14.99,15.43,14.92,15.3,28964448.0,449174246.0,723840000.0,0.04001498673740053,0.39000000000000057,2.6156941649899457,3.420523138832997
2023-04-04,15.37,15.61,15.22,15.36,25530572.0,400323379.0,723840000.0,0.035271015694076036,0.05999999999999872,0.39215686274509665,2.549019607843129
2023-04-06,15.36,15.52,15.11,15.38,18722386.0,292857186.0,723840000.0,0.02586536527409372,0.02000000000000135,0.13020833333334814,2.6692708333333344
2023-04-07,15.38,15.73,15.31,15.58,27038284.0,429240997.0,723840000.0,0.03735395114942529,0.1999999999999993,1.3003901170351106,2.7308192457737315
2023-04-10,15.63,15.73,15.41,15.51,21916687.0,347837734.0,723840000.0,0.030278358477011495,-0.07000000000000028,-0.449293966623876,2.0539152759948673
2023-04-11,15.56,15.78,15.36,15.5,25471036.0,404697484.0,723840000.0,0.035188765473032714,-0.009999999999999787,-0.06447453255963298,2.707930367504835
2023-04-12,15.48,15.6,15.11,15.23,24686937.0,385365388.0,723840000.0,0.03410551641246684,-0.2699999999999996,-1.74193548387096,3.161290322580647
2023-04-13,15.3,16.02,15.1,15.95,39695256.0,630924324.0,723840000.0,0.054839820954907165,0.7199999999999989,4.727511490479319,6.040709126723572
2023-04-14,15.76,15.8,15.04,15.07,47468783.0,739642072.0,723840000.0,0.06557911002431477,-0.879999999999999,-5.517241379310334,4.764890282131671
2023-04-17,15.07,15.46,14.99,15.38,27205029.0,424659573.0,723840000.0,0.037584312831564985,0.3100000000000005,2.0570670205706687,3.1187790311877945
2023-04-18,15.39,15.46,14.92,14.98,23800612.0,365413463.0,723840000.0,0.03288104000884173,-0.40000000000000036,-2.6007802340702213,3.511053315994804
2023-04-19,15.0,15.33,14.91,15.29,26023013.0,402604979.0,723840000.0,0.03595133316755084,0.3099999999999987,2.0694259012015825,2.8037383177570088
2023-04-20,15.14,15.16,14.6,14.68,26970637.0,406109947.0,723840000.0,0.03726049541335102,-0.6099999999999994,-3.9895356442118945,3.6625245258338817
2023-04-21,14.69,14.77,13.96,14.0,30533606.0,444798784.0,723840000.0,0.04218281111847922,-0.6799999999999997,-4.63215258855586,5.517711171662117
2023-04-24,14.01,14.06,13.4,13.58,26544591.0,368764081.0,723840000.0,0.03667190401193634,-0.41999999999999993,-3.0000000000000027,4.714285714285715
2023-04-25,13.58,13.58,12.96,13.32,25199444.0,339942562.0,723840000.0,0.034813555481874446,-0.2599999999999998,-1.9145802650957222,4.565537555228271
2023-04-26,13.32,13.84,13.32,13.56,20359960.0,283238172.0,723840000.0,0.02812770778072502,0.2400000000000002,1.8018018018018056,3.9039039039039007
2023-04-27,13.55,13.65,13.35,13.45,15097655.0,207460035.0,723840000.0,0.0208577240826702,-0.11000000000000121,-0.8112094395280378,2.2123893805309787
2023-04-28,13.53,13.89,13.42,13.89,21883855.0,306118099.0,723840000.0,0.030233000386825817,0.4400000000000013,3.2713754646840343,3.494423791821567
2023-05-04,13.72,13.75,12.75,13.21,43278714.0,577368921.0,723840000.0,0.05979044263925729,-0.6799999999999997,-4.895608351331893,7.199424046076314
2023-05-05,13.2,13.41,13.03,13.17,18678443.0,251733070.0,723840000.0,0.025804657106542884,-0.040000000000000924,-0.3028009084027339,2.876608629825895
2023-05-08,13.18,13.21,12.81,13.05,19235986.0,253884088.0,723840000.0,0.02657491434571176,-0.11999999999999922,-0.9111617312072884,3.037205770690967
2023-05-09,13.03,13.38,12.97,13.12,19137046.0,257663707.0,723840000.0,0.026438226679929268,0.06999999999999851,0.5363984674329414,3.141762452107281
2023-05-10,13.11,13.19,12.97,13.18,11553855.0,154236618.0,723840000.0,0.01596189074933687,0.0600000000000005,0.45731707317073766,1.6768292682926744
2023-05-11,13.21,13.44,13.17,13.22,18275309.0,247933980.0,723840000.0,0.0252477191091954,0.040000000000000924,0.3034901365705611,2.0485584218512867
2023-05-12,13.19,13.2,12.81,12.86,20280765.0,268322876.0,723840000.0,0.02801829824270557,-0.3600000000000012,-2.7231467473525006,2.950075642965195
2023-05-15,12.79,13.0,12.76,12.99,15078484.0,198111354.0,723840000.0,0.020831238947833775,0.13000000000000078,1.010886469673422,1.8662519440124437
2023-05-16,13.0,13.02,12.64,12.7,16215685.0,211462199.0,723840000.0,0.022402305758178604,-0.2900000000000009,-2.232486528098543,2.9253271747497998
2023-05-17,12.65,12.72,12.55,12.68,7447009.0,96136406.0,723840000.0,0.010288197667992927,-0.019999999999999574,-0.15748031496062298,1.3385826771653537
2023-05-18,12.69,12.75,12.56,12.66,8479796.0,109425931.0,723840000.0,0.011715014367816091,-0.019999999999999574,-0.1577287066246047,1.49842271293375
2023-05-19,12.65,12.7,12.42,12.58,17063560.0,218510026.0,723840000.0,0.023573662687886826,-0.08000000000000007,-0.6319115323854652,2.211690363349126
2023-05-22,12.61,12.76,12.39,12.76,13482066.0,173673120.0,723840000.0,0.018625754310344828,0.17999999999999972,1.4308426073131875,2.941176470588229
2023-05-23,12.69,12.76,12.51,12.53,9297397.0,119868702.0,723840000.0,0.012844547137488949,-0.23000000000000043,-1.8025078369905967,1.9592476489028214
2023-05-24,12.46,12.47,12.16,12.2,12307308.0,154748968.0,723840000.0,0.01700280172413793,-0.33000000000000007,-2.6336791699920203,2.474062250598567
2023-05-25,12.15,12.29,12.02,12.2,9641110.0,119611910.0,723840000.0,0.013319393788682582,0.0,0.0,2.2131147540983576
2023-05-26,12.24,12.33,12.16,12.23,7776463.0,97179587.0,723840000.0,0.010743345214412024,0.030000000000001137,0.24590163934428144,1.3934426229508192
2023-05-29,12.2,12.33,12.19,12.22,7159558.0,89549734.0,723840000.0,0.009891078138815207,-0.009999999999999787,-0.08176614881438837,1.1447260834014765
2023-05-30,12.26,12.51,12.11,12.48,13030683.0,163877320.0,723840000.0,0.018002159316976126,0.2599999999999998,2.127659574468077,3.2733224222585955
2023-05-31,12.44,12.8,12.43,12.7,20083002.0,259855428.0,723840000.0,0.027745084549071618,0.21999999999999886,1.7628205128205066,2.9647435897435974
2023-06-01,12.7,12.9,12.66,12.68,17692352.0,230788375.0,723840000.0,0.02444235190097259,-0.019999999999999574,-0.15748031496062298,1.8897637795275608
2023-06-02,12.73,13.11,12.72,12.79,15517314.0,203954568.0,723840000.0,0.02143749171087533,0.10999999999999943,0.8675078864353258,3.0757097791798014
2023-06-05,12.75,13.12,12.75,13.05,17659629.0,234521467.0,723840000.0,0.024397144396551725,0.26000000000000156,2.0328381548084584,2.8928850664581645
2023-06-06,13.01,13.13,12.64,12.66,14784661.0,194290442.0,723840000.0,0.02042531636825818,-0.39000000000000057,-2.9885057471264465,3.754789272030653
2023-06-07,12.69,13.15,12.64,13.02,19214904.0,254774091.0,723840000.0,0.026545789124668435,0.35999999999999943,2.843601895734582,4.028436018957344
2023-06-08,13.03,13.08,12.85,13.05,10533181.0,139559191.0,723840000.0,0.014551808410698497,0.030000000000001137,0.23041474654379446,1.7665130568356409
2023-06-09,13.01,13.23,12.96,13.01,14525476.0,194020962.0,723840000.0,0.02006724690539346,-0.040000000000000924,-0.30651340996169507,2.068965517241376
2023-06-12,13.03,13.13,12.82,13.01,11052250.0,146344728.0,723840000.0,0.015268913019451812,0.0,0.0,2.3827824750192197
2023-06-13,12.95,13.21,12.92,12.97,10512327.0,139834583.0,723840000.0,0.014522998176392573,-0.03999999999999915,-0.3074558032282848,2.22905457340508
2023-06-14,12.97,13.14,12.94,13.02,10132522.0,134904593.0,723840000.0,0.013998289677276746,0.049999999999998934,0.38550501156513484,1.5420200462606095
2023-06-15,13.03,13.13,12.91,13.1,9194041.0,122372225.0,723840000.0,0.012701758675950487,0.08000000000000007,0.6144393241167334,1.6897081413210495
2023-06-16,13.1,13.18,13.04,13.13,10769951.0,144219968.0,723840000.0,0.014878911085322723,0.030000000000001137,0.22900763358779663,1.0687022900763403
2023-06-19,13.14,13.23,12.95,12.96,10579727.0,141094770.0,723840000.0,0.01461611267683466,-0.16999999999999993,-1.2947448591012933,2.132520944402141
2023-06-20,12.94,12.96,12.69,12.7,13415437.0,174934190.0,723840000.0,0.018533704962422636,-0.26000000000000156,-2.0061728395061817,2.0833333333333437
2023-06-21,12.7,12.88,12.51,12.51,10638484.0,137363967.0,723840000.0,0.014697286693191865,-0.1899999999999995,-1.4960629921259794,2.9133858267716617
2023-06-26,12.43,12.54,12.11,12.14,12852769.0,160926017.0,723840000.0,0.017756367429266135,-0.3699999999999992,-2.9576338928856805,3.437250199840126
2023-06-27,12.19,12.67,12.15,12.66,16643435.0,212506672.0,723840000.0,0.022993251270999115,0.5199999999999996,4.283360790774293,4.283360790774296
2023-06-28,12.59,12.62,12.3,12.46,10046955.0,127562164.0,723840000.0,0.013880077088859416,-0.1999999999999993,-1.579778830963663,2.527646129541852
2023-06-29,12.47,12.49,12.1,12.13,16177071.0,201565066.0,723840000.0,0.02234895971485411,-0.33000000000000007,-2.6484751203852297,3.1300160513643704
2023-06-30,12.16,12.36,12.08,12.26,9779947.0,122182611.0,723840000.0,0.013511199988947833,0.129999999999999,1.0717230008243872,2.3083264633140916
2023-07-03,12.25,13.09,12.25,12.96,31579869.0,411885488.0,723840000.0,0.043628245192307694,0.7000000000000011,5.709624796084833,6.851549755301793
2023-07-04,12.92,13.07,12.85,12.98,13330173.0,176167948.0,723840000.0,0.01841591097480106,0.019999999999999574,0.15432098765431057,1.6975308641975357
2023-07-05,12.96,13.01,12.74,12.78,10423254.0,136477259.0,723840000.0,0.01439994197612732,-0.20000000000000107,-1.5408320493066285,2.080123266563941
2023-07-06,12.73,12.89,12.52,12.58,13783558.0,177926116.0,723840000.0,0.019042271772767464,-0.1999999999999993,-1.5649452269170472,2.8951486697965647
2023-07-07,12.56,12.69,12.49,12.63,6876226.0,88515899.0,723840000.0,0.009499649093722369,0.05000000000000071,0.3974562798092274,1.5898251192368782
2023-07-10,12.71,12.96,12.68,12.9,12542195.0,164467798.0,723840000.0,0.01732730299513705,0.2699999999999996,2.13776722090262,2.2169437846397555
2023-07-11,12.84,12.91,12.72,12.88,8099633.0,106057362.0,723840000.0,0.011189811284261716,-0.019999999999999574,-0.15503875968991832,1.4728682170542597
2023-07-12,12.88,12.91,12.72,12.74,9863420.0,128807919.0,723840000.0,0.01362651967285588,-0.14000000000000057,-1.0869565217391353,1.4751552795031015
2023-07-13,12.77,12.81,12.54,12.73,12227840.0,157854176.0,723840000.0,0.016893015030946066,-0.009999999999999787,-0.07849293563578774,2.1193092621664156
2023-07-14,12.7,12.72,12.5,12.53,10811828.0,138785184.0,723840000.0,0.014936765030946065,-0.20000000000000107,-1.5710919088766762,1.7282010997643413
2023-07-17,12.46,12.65,12.36,12.59,11553777.0,147638671.0,723840000.0,0.01596178299071618,0.0600000000000005,0.47885075818037137,2.314445331205115
2023-07-18,12.54,12.67,12.46,12.54,10487779.0,134506347.0,723840000.0,0.01448908460433245,-0.05000000000000071,-0.3971405877680745,1.6679904686258862
2023-07-19,12.5,12.64,12.41,12.52,8848178.0,113059658.0,723840000.0,0.012223941755083996,-0.019999999999999574,-0.15948963317383713,1.834130781499206
2023-07-20,12.53,12.66,12.45,12.47,11911667.0,152562071.0,723840000.0,0.016456215461980547,-0.049999999999998934,-0.39936102236420856,1.6773162939297193
2023-07-21,12.49,12.65,12.35,12.53,11233567.0,143464400.0,723840000.0,0.015519406222369584,0.05999999999999872,0.4811547714514752,2.405773857257423
2023-07-24,12.55,12.64,12.42,12.47,9995351.0,127665359.0,723840000.0,0.013808785090627763,-0.05999999999999872,-0.47885075818036027,1.755786113328018
2023-07-25,12.57,12.84,12.57,12.84,22341065.0,290934732.0,723840000.0,0.030864645501768345,0.3699999999999992,2.967121090617475,2.1651964715316727
2023-07-26,12.85,12.91,12.7,12.78,12478621.0,162807129.0,723840000.0,0.017239474193191866,-0.0600000000000005,-0.4672897196261738,1.6355140186915955
2023-07-27,12.78,13.04,12.73,12.91,19888693.0,262509829.0,723840000.0,0.02747664262820513,0.13000000000000078,1.0172143974960912,2.42566510172143
2023-07-28,12.87,13.15,12.84,13.1,20904050.0,277840225.0,723840000.0,0.02887937942086649,0.1899999999999995,1.4717273431448463,2.4012393493415995
2023-07-31,13.33,13.38,13.08,13.35,28383406.0,383999235.0,723840000.0,0.03921226514146773,0.25,1.9083969465648831,2.290076335877868
2023-08-01,13.3,13.38,13.14,13.19,16043254.0,216819169.0,723840000.0,0.022164088748894785,-0.16000000000000014,-1.1985018726591745,1.7977528089887655
2023-08-02,13.11,13.19,12.99,13.01,10406978.0,138864490.0,723840000.0,0.014377456343943412,-0.17999999999999972,-1.3646702047005244,1.5163002274450288
2023-08-03,12.96,13.11,12.95,13.09,8077757.0,107559556.0,723840000.0,0.0111595891357206,0.08000000000000007,0.6149116064565696,1.2298232129131448
2023-08-04,13.11,13.22,12.95,12.98,13833832.0,184361390.0,723840000.0,0.01911172634836428,-0.10999999999999943,-0.8403361344537785,2.0626432391138376
2023-08-07,12.96,13.02,12.86,13.02,8129880.0,107516394.0,723840000.0,0.011231598143236075,0.03999999999999915,0.30816640986131016,1.2326656394453015
2023-08-08,13.01,13.17,12.93,13.11,11900486.0,158566009.0,723840000.0,0.01644076867816092,0.08999999999999986,0.691244239631339,1.8433179723502322
2023-08-09,13.08,13.08,12.91,12.92,9373196.0,123929161.0,723840000.0,0.012949265030946065,-0.1899999999999995,-1.449275362318836,1.29672006102212
2023-08-10,12.9,13.29,12.89,13.22,18663117.0,250557915.0,723840000.0,0.025783483919098144,0.3000000000000007,2.3219814241486114,3.0959752321981315
2023-08-11,13.25,13.54,13.12,13.12,27614009.0,374438112.0,723840000.0,0.03814932719938108,-0.10000000000000142,-0.7564296520423675,3.1770045385779113
2023-08-14,13.01,13.43,12.94,13.4,29453744.0,399954350.0,723840000.0,0.04069095932802829,0.28000000000000114,2.1341463414634276,3.7347560975609775
2023-08-15,13.34,13.34,12.84,12.99,22710515.0,303228766.0,723840000.0,0.031375048353227235,-0.41000000000000014,-3.0597014925373145,3.731343283582089
2023-08-16,13.04,13.08,12.75,12.78,14158398.0,185761767.0,723840000.0,0.01956012102122016,-0.21000000000000085,-1.616628175519641,2.5404157043879914
2023-08-17,12.75,12.89,12.48,12.86,12437723.0,161655099.0,723840000.0,0.017182972756410255,0.08000000000000007,0.6259780907668322,3.2081377151799697
2023-08-18,12.79,12.83,12.42,12.42,16588576.0,213581214.0,723840000.0,0.022917462422634836,-0.4399999999999995,-3.4214618973561373,3.188180404354589
2023-08-21,12.43,12.49,12.14,12.17,16734818.0,209607730.0,723840000.0,0.023119498784261717,-0.25,-2.012882447665054,2.8180354267310763
2023-08-22,12.2,12.25,11.74,12.03,20657787.0,251260181.0,723840000.0,0.028539161969496022,-0.14000000000000057,-1.1503697617091246,4.190632703368938
2023-08-23,12.0,12.02,11.83,11.83,8920286.0,108430707.0,723840000.0,0.012323560455349249,-0.1999999999999993,-1.6625103906899308,1.5793848711554408
2023-08-24,11.83,11.95,11.78,11.87,10510816.0,127410484.0,723840000.0,0.014520910698496906,0.03999999999999915,0.33812341504648735,1.4370245139475903
2023-08-25,11.8,11.97,11.65,11.75,12948203.0,156092590.0,723840000.0,0.017888211483200706,-0.11999999999999922,-1.0109519797809496,2.6958719460825638
2023-08-28,12.23,12.35,11.86,11.93,19229798.0,237445865.0,723840000.0,0.026566365495137047,0.17999999999999972,1.5319148936170146,4.170212765957448
2023-08-29,11.93,12.22,11.91,12.19,12760750.0,157855396.0,723840000.0,0.017629241268788683,0.2599999999999998,2.1793797150041927,2.5984911986588473
2023-08-30,12.15,12.26,12.1,12.2,10128805.0,125749211.0,723840000.0,0.013993154564544651,0.009999999999999787,0.08203445447088065,1.3125512715340455
2023-08-31,12.17,12.27,12.11,12.14,12030831.0,149504097.0,723840000.0,0.01662084300397878,-0.05999999999999872,-0.4918032786885185,1.3114754098360668
2023-09-01,12.16,12.43,12.16,12.39,14059481.0,176612866.0,723840000.0,0.01942346513041556,0.25,2.0593080724876422,2.224052718286652
2023-09-04,12.54,12.62,12.38,12.59,15633455.0,200053789.0,723840000.0,0.02159794291556145,0.1999999999999993,1.6142050040355072,1.9370460048426024
2023-09-05,12.56,12.67,12.5,12.52,11305448.0,145020707.0,723840000.0,0.015618711317418214,-0.07000000000000028,-0.5559968228753043,1.350277998411437
2023-09-06,12.48,12.53,12.32,12.42,11986553.0,151703948.0,723840000.0,0.016559672026967287,-0.09999999999999964,-0.7987220447284282,1.677316293929705
2023-09-07,12.42,12.5,12.27,12.3,12901348.0,162950047.0,723840000.0,0.01782348032714412,-0.11999999999999922,-0.9661835748792202,1.8518518518518552
2023-09-08,12.25,12.4,12.12,12.37,9173102.0,114825629.0,723840000.0,0.012672831012378425,0.06999999999999851,0.5691056910569037,2.2764227642276516
2023-09-11,12.39,12.54,12.31,12.52,11754142.0,149166899.0,723840000.0,0.016238591401414676,0.15000000000000036,1.2126111560226471,1.8593371059013635
2023-09-12,12.47,12.53,12.37,12.38,7887398.0,100153293.0,723840000.0,0.010896604221927498,-0.1399999999999988,-1.118210862619795,1.2779552715654963
2023-09-13,12.34,12.42,12.17,12.26,8396264.0,105351367.0,723840000.0,0.01159961317418214,-0.120000000000001,-0.9693053311793265,2.0193861066235863
2023-09-14,12.34,12.37,12.07,12.14,8608214.0,106889297.0,723840000.0,0.011892426503094607,-0.11999999999999922,-0.9787928221859588,2.446982055464918
2023-09-15,12.23,12.36,12.17,12.28,12324068.0,154358277.0,723840000.0,0.017025956012378426,0.1399999999999988,1.153212520593061,1.5650741350906054
2023-09-18,12.29,12.62,12.28,12.59,22681968.0,289345788.0,723840000.0,0.031335610079575596,0.3100000000000005,2.5244299674267223,2.76872964169381
2023-09-19,12.56,12.57,12.36,12.41,12747643.0,161798766.0,723840000.0,0.017611133675950488,-0.17999999999999972,-1.429706115965046,1.6679904686259004
2023-09-20,12.36,12.38,11.98,12.02,18548472.0,228555684.0,723840000.0,0.02562509946949602,-0.39000000000000057,-3.1426269137792118,3.2232070910556034
2023-09-21,11.95,12.01,11.77,11.78,11631896.0,140877178.0,723840000.0,0.016069706012378428,-0.2400000000000002,-1.9966722129783676,1.9966722129783712
2023-09-22,11.81,11.93,11.71,11.93,12486379.0,150591716.0,723840000.0,0.017250192031388153,0.15000000000000036,1.2733446519524572,1.8675721561969345
2023-09-25,11.87,11.89,11.75,11.78,11114768.0,133738183.0,723840000.0,0.01535528293545535,-0.15000000000000036,-1.257334450963954,1.173512154233031
2023-09-26,11.76,11.85,11.75,11.79,7370904.0,88711874.0,723840000.0,0.010183057029177718,0.009999999999999787,0.0848896434634927,0.8488964346349717
2023-09-27,11.76,11.86,11.72,11.81,9000127.0,108195433.0,723840000.0,0.012433862455791336,0.02000000000000135,0.16963528413911355,1.1874469889736963
2023-09-28,11.82,11.9,11.78,11.87,11245131.0,135870386.0,723840000.0,0.015535382128647215,0.05999999999999872,0.508044030482635,1.016088060965292
2023-10-09,11.74,11.76,10.88,10.97,27425186.0,312621646.0,723840000.0,0.0378884643015031,-0.8999999999999986,-7.582139848357194,7.413647851727036
2023-10-10,10.99,11.05,10.78,10.82,14701681.0,163274067.0,723840000.0,0.020310677774093722,-0.15000000000000036,-1.3673655423883324,2.4612579762990094
2023-10-11,10.82,10.85,10.71,10.83,10971401.0,120691957.0,723840000.0,0.01515721844606543,0.009999999999999787,0.09242144177448175,1.2939001848428724
2023-10-12,10.86,10.87,10.8,10.83,8045304.0,88868783.0,723840000.0,0.011114754641909814,0.0,0.0,0.646352723915037
2023-10-13,10.79,10.79,10.52,10.62,14154060.0,153434952.0,723840000.0,0.01955412798408488,-0.21000000000000085,-1.939058171745156,2.4930747922437635
2023-10-16,10.62,10.64,10.5,10.55,7302704.0,78816900.0,723840000.0,0.010088837312113174,-0.06999999999999851,-0.6591337099811523,1.3182674199623405
2023-10-17,10.55,10.62,10.43,10.5,8907823.0,95495648.0,723840000.0,0.012306342561892131,-0.05000000000000071,-0.4739336492891044,1.8009478672985733
2023-10-18,10.48,10.48,10.24,10.26,11586497.0,122082415.0,723840000.0,0.016006986350574712,-0.2400000000000002,-2.285714285714291,2.285714285714288
2023-10-19,10.22,10.38,10.22,10.24,8564398.0,89904217.0,723840000.0,0.011831893788682582,-0.019999999999999574,-0.19493177387913674,1.5594541910331399
2023-10-20,10.22,10.31,10.14,10.17,7985396.0,83205099.0,723840000.0,0.011031990495137046,-0.07000000000000028,-0.68359375,1.6601562499999993
2023-10-23,10.13,10.16,9.91,9.96,10255463.0,104797291.0,723840000.0,0.014168135223253758,-0.20999999999999908,-2.0648967551622377,2.4582104228121926
2023-10-24,9.99,10.09,9.98,10.05,11114642.0,113810497.0,723840000.0,0.015355108863837312,0.08999999999999986,0.9036144578313143,1.1044176706827251
2023-10-25,10.13,10.32,10.12,10.18,10534396.0,109867154.0,723840000.0,0.014553486958443855,0.129999999999999,1.2935323383084452,1.9900497512437916
2023-10-26,10.1,10.2,10.04,10.2,7896512.0,81396723.0,723840000.0,0.01090919540229885,0.019999999999999574,0.19646365422396617,1.5717092337917498
2023-10-27,10.17,10.46,10.11,10.46,14091911.0,148802542.0,723840000.0,0.019468267849248454,0.26000000000000156,2.5490196078431504,3.431372549019622
2023-10-30,10.4,10.6,10.36,10.55,11942612.0,127955016.0,723840000.0,0.016498966622458002,0.08999999999999986,0.8604206500955947,2.294455066921608
2023-10-31,10.44,10.58,10.33,10.45,12799900.0,135923249.0,723840000.0,0.01768332780725022,-0.10000000000000142,-0.9478672985782088,2.3696682464454977
2023-11-01,10.42,10.48,10.31,10.36,9538895.0,100886081.0,723840000.0,0.013178181642351901,-0.08999999999999986,-0.8612440191387516,1.6267942583732053
2023-11-02,10.34,10.4,10.24,10.25,8709663.0,91594334.0,723840000.0,0.012032580404509283,-0.10999999999999943,-1.061776061776054,1.5444015444015458
2023-11-03,10.29,10.38,10.21,10.35,10229724.0,107742378.0,723840000.0,0.01413257625994695,0.09999999999999964,0.9756097560975618,1.6585365853658531
2023-11-06,10.42,10.52,10.3,10.49,13388282.0,142485050.0,723840000.0,0.018496189765694077,0.14000000000000057,1.352657004830915,2.1256038647342885
2023-11-07,10.48,10.48,10.27,10.42,14434281.0,152522782.0,723840000.0,0.019941259118037135,-0.07000000000000028,-0.6673021925643452,2.001906577693049
2023-11-08,10.34,10.48,10.33,10.39,10965270.0,116392287.0,723840000.0,0.015148748342175066,-0.02999999999999936,-0.2879078694817627,1.4395393474088325
2023-11-09,10.38,10.42,10.29,10.3,8496881.0,89599149.0,723840000.0,0.01173861765030946,-0.08999999999999986,-0.8662175168431152,1.2512030798845117
2023-11-10,10.3,10.3,10.16,10.25,8015680.0,83579034.0,723840000.0,0.011073828470380194,-0.05000000000000071,-0.4854368932038944,1.3592233009708792
2023-11-13,10.25,10.41,10.25,10.37,9597600.0,101440094.0,723840000.0,0.013259283819628646,0.11999999999999922,1.1707317073170742,1.560975609756099
2023-11-14,10.34,10.47,10.34,10.44,9059923.0,96183992.0,723840000.0,0.01251647187223696,0.07000000000000028,0.6750241080038633,1.2536162005785996
2023-11-15,10.49,10.54,10.41,10.47,10910801.0,116504924.0,723840000.0,0.015073498286914235,0.030000000000001137,0.287356321839094,1.2452107279693392
2023-11-16,10.47,10.74,10.41,10.6,25267877.0,272895486.0,723840000.0,0.034908097093280285,0.129999999999999,1.241642788920716,3.151862464183382
2023-11-17,10.53,10.58,10.46,10.51,11395127.0,122112857.0,723840000.0,0.015742604719274977,-0.08999999999999986,-0.8490566037735792,1.1320754716981059
2023-11-20,10.52,10.7,10.51,10.66,11635593.0,126009881.0,723840000.0,0.01607481349469496,0.15000000000000036,1.4272121788772685,1.8078020932445242
2023-11-21,10.69,10.76,10.6,10.62,11448459.0,124913378.0,723840000.0,0.015816283985411142,-0.040000000000000924,-0.37523452157599557,1.5009380863039414
2023-11-22,10.58,10.72,10.57,10.57,9672365.0,105104384.0,723840000.0,0.013362573220601238,-0.049999999999998934,-0.47080979284368496,1.4124293785310769
2023-11-23,10.55,10.61,10.46,10.59,8594720.0,92387567.0,723840000.0,0.011873784261715295,0.019999999999999574,0.18921475875117721,1.419110690633856
2023-11-24,10.57,10.71,10.56,10.63,10372903.0,112579913.0,723840000.0,0.014330381023430592,0.040000000000000924,0.37771482530690736,1.416430594900853
2023-11-27,10.89,10.96,10.54,10.69,20175405.0,220279506.0,723840000.0,0.02787274121352785,0.05999999999999872,0.5644402634054524,3.95108184383821
2023-11-28,10.59,10.7,10.5,10.66,9411086.0,101943803.0,723840000.0,0.013001610853227232,-0.02999999999999936,-0.2806361085126219,1.8709073900841842
2023-11-29,10.63,10.66,10.48,10.48,9128209.0,98365474.0,723840000.0,0.012610810400088417,-0.17999999999999972,-1.6885553470919246,1.6885553470919297
2023-11-30,10.48,10.76,10.44,10.66,14491140.0,157206761.0,723840000.0,0.02001981100795756,0.17999999999999972,1.717557251908386,3.0534351145038197
2023-12-01,10.63,10.78,10.59,10.69,11235867.0,122617966.0,723840000.0,0.01552258372015915,0.02999999999999936,0.2814258911819856,1.7823639774859241
2023-12-04,10.73,10.74,10.6,10.64,9332834.0,101611267.0,723840000.0,0.012893504089301504,-0.049999999999998934,-0.4677268475210328,1.309635173058939
2023-12-05,10.63,10.66,10.48,10.48,10220712.0,110492991.0,723840000.0,0.01412012599469496,-0.16000000000000014,-1.5037593984962405,1.6917293233082678
2023-12-06,10.46,10.57,10.34,10.53,8567194.0,91557830.0,723840000.0,0.011835756520778073,0.049999999999998934,0.4770992366412097,2.1946564885496223
2023-12-07,10.52,10.58,10.45,10.56,6913300.0,74280408.0,723840000.0,0.00955086759504863,0.030000000000001137,0.2849002849002913,1.2345679012345754
2023-12-08,10.6,10.66,10.47,10.61,11534500.0,124471032.0,723840000.0,0.015935151414677277,0.049999999999998934,0.47348484848483974,1.7992424242424194
2023-12-11,10.49,10.62,10.34,10.59,12416900.0,132383352.0,723840000.0,0.017154205349248452,-0.019999999999999574,-0.18850141376060003,2.639019792648439
2023-12-12,10.56,10.74,10.53,10.7,14442375.0,157398692.0,723840000.0,0.019952441147214853,0.10999999999999943,1.0387157695939564,1.9830028328611977
2023-12-13,10.71,10.72,10.49,10.51,12209200.0,132263721.0,723840000.0,0.016867263483642793,-0.1899999999999995,-1.7757009345794383,2.1495327102803783
2023-12-14,10.53,10.75,10.53,10.58,12422577.0,134738659.0,723840000.0,0.01716204824270557,0.07000000000000028,0.6660323501427312,2.0932445290199873
2023-12-15,10.64,10.73,10.53,10.66,15087750.0,163980786.0,723840000.0,0.020844040119363395,0.08000000000000007,0.7561436672967936,1.890359168241976
2023-12-18,10.6,10.65,10.24,10.27,17690371.0,187334752.0,723840000.0,0.02443961510831123,-0.39000000000000057,-3.658536585365857,3.8461538461538476
2023-12-19,10.28,10.52,10.24,10.41,12806526.0,136126691.0,723840000.0,0.017692481763925728,0.14000000000000057,1.363193768257065,2.7263875365141126
2023-12-20,10.43,10.44,10.15,10.16,10935000.0,114240867.0,723840000.0,0.015106929708222812,-0.25,-2.40153698366955,2.785782901056668
2023-12-21,10.11,10.32,10.11,10.29,8280300.0,86420614.0,723840000.0,0.01143940649867374,0.129999999999999,1.2795275590551158,2.066929133858276
2023-12-22,10.27,10.31,10.12,10.19,8434200.0,87725700.0,723840000.0,0.011652022546419099,-0.09999999999999964,-0.9718172983479101,1.846452866861043
2023-12-25,10.15,10.18,10.05,10.11,5050729.0,52129107.0,723840000.0,0.006977687057913351,-0.08000000000000007,-0.7850834151128527,1.2757605495583808
2023-12-26,10.09,10.12,9.99,9.99,5334921.0,54675012.0,723840000.0,0.007370304210875331,-0.11999999999999922,-1.1869436201780381,1.285855588526202
2023-12-27,10.04,10.15,9.94,10.13,7319231.0,75007707.0,723840000.0,0.010111669706012379,0.14000000000000057,1.4014014014014142,2.1021021021021107
2023-12-28,10.1,10.36,10.06,10.32,10280986.0,107717936.0,723840000.0,0.014203395778072503,0.1899999999999995,1.875616979269501,2.961500493583405
2023-12-29,10.29,10.42,10.27,10.41,7773973.0,82288057.0,723840000.0,0.010739905227674625,0.08999999999999986,0.8720930232558155,1.4534883720930267
2024-01-02,10.39,10.63,10.37,10.49,10276122.0,110148999.0,723840000.0,0.014196676061007957,0.08000000000000007,0.7684918347742542,2.4975984630163457
2024-01-03,10.47,10.7,10.45,10.64,14058506.0,151883336.0,723840000.0,0.01942211814765694,0.15000000000000036,1.4299332697807365,2.3832221163012393
2024-01-04,10.62,10.82,10.55,10.67,15484472.0,168594584.0,723840000.0,0.021392119805481873,0.02999999999999936,0.28195488721804995,2.5375939849624016
2024-01-05,10.62,10.81,10.4,10.45,18111713.0,195752237.0,723840000.0,0.025021707835985854,-0.22000000000000064,-2.0618556701030966,3.842549203373947
2024-01-08,10.48,10.65,10.4,10.4,12624648.0,135473816.0,723840000.0,0.017441213527851458,-0.049999999999998934,-0.4784688995215225,2.3923444976076556
2024-01-09,10.4,10.91,10.39,10.76,26259546.0,287056932.0,723840000.0,0.036278108421750666,0.35999999999999943,3.4615384615384492,4.999999999999996
2024-01-10,10.68,10.71,10.48,10.57,16131137.0,174365808.0,723840000.0,0.022285500939434127,-0.1899999999999995,-1.7657992565055736,2.1375464684014913
2024-01-11,10.54,10.68,10.44,10.56,14367807.0,154589321.0,723840000.0,0.019849423905835543,-0.009999999999999787,-0.09460737937558861,2.270577105014193
2024-01-12,10.48,10.56,10.39,10.46,10646189.0,113704084.0,723840000.0,0.014707931310786914,-0.09999999999999964,-0.9469696969696906,1.6098484848484842
2024-01-15,10.39,10.86,10.34,10.79,28797807.0,315214010.0,723840000.0,0.03978476873342175,0.3299999999999983,3.1548757170172026,4.971319311663476
2024-01-16,10.78,10.95,10.68,10.81,27699648.0,306026710.0,723840000.0,0.03826763925729443,0.02000000000000135,0.1853568118628468,2.5023169601482818
2024-01-17,10.77,10.82,10.4,10.43,18790286.0,202626352.0,723840000.0,0.025959170534924844,-0.3800000000000008,-3.51526364477337,3.8852913968547633
2024-01-18,10.29,10.33,9.96,10.27,19617114.0,202368328.0,723840000.0,0.027101450596816977,-0.16000000000000014,-1.5340364333652934,3.547459252157231
2024-01-19,10.23,10.78,10.13,10.58,24290028.0,260208184.0,723840000.0,0.033557178381962864,0.3100000000000005,3.018500486854925,6.32911392405062
2024-01-22,10.48,10.49,9.86,9.96,21927917.0,227576968.0,723840000.0,0.030293872955349247,-0.6199999999999992,-5.860113421550084,5.9546313799622
2024-01-23,9.97,10.03,9.64,9.97,16185036.0,162247533.0,723840000.0,0.02235996352785146,0.009999999999999787,0.10040160642570406,3.915662650602397
2024-01-24,9.98,10.19,9.79,10.16,15706599.0,159959240.0,723840000.0,0.021698992871352785,0.1899999999999995,1.9057171514543558,4.0120361083249785
2024-01-25,10.15,11.18,10.08,11.18,58864983.0,652631790.0,723840000.0,0.08132319711538462,1.0199999999999996,10.039370078740163,10.826771653543304
2024-01-26,11.28,11.41,11.06,11.08,61671851.0,706804478.0,723840000.0,0.08520094357869143,-0.09999999999999964,-0.8944543828264706,3.130590339892662
2024-01-29,11.02,11.39,11.0,11.01,41180157.0,470128848.0,723840000.0,0.0568912425397878,-0.07000000000000028,-0.6317689530685899,3.5198555956678748
2024-01-30,10.9,11.16,10.81,10.86,29296579.0,328038308.0,723840000.0,0.04047383261494253,-0.15000000000000036,-1.3623978201634857,3.178928247048135
2024-01-31,10.73,10.96,10.04,10.09,44663500.0,477889141.0,723840000.0,0.061703553271441204,-0.7699999999999996,-7.090239410681399,8.471454880294676
2024-02-01,9.8,9.99,9.31,9.88,34639757.0,341886267.0,723840000.0,0.047855544042882406,-0.20999999999999908,-2.0812685827551913,6.739345887016846
2024-02-02,9.75,10.17,9.41,9.83,28814405.0,287873821.0,723840000.0,0.0398076992152962,-0.05000000000000071,-0.5060728744939347,7.69230769230769
2024-02-05,9.71,9.71,8.99,9.06,29045829.0,274133006.0,723840000.0,0.04012741627984085,-0.7699999999999996,-7.833163784333664,7.324516785350974
2024-02-06,8.95,9.66,8.7,9.49,26427878.0,247616716.0,723840000.0,0.03651066257736516,0.4299999999999997,4.746136865342154,10.596026490066233
2024-02-07,9.49,9.9,9.43,9.8,23688958.0,235233589.0,723840000.0,0.032726787687886824,0.3100000000000005,3.2665964172813533,4.952581664910439
2024-02-08,9.82,10.2,9.82,10.15,22493189.0,230984324.0,723840000.0,0.031074807968611846,0.34999999999999964,3.5714285714285587,3.877551020408153
2024-02-19,10.32,10.44,9.98,10.07,24730995.0,256340667.0,723840000.0,0.03416638345490716,-0.08000000000000007,-0.7881773399014746,4.5320197044334884
2024-02-20,9.99,10.04,9.8,9.91,19110638.0,192578507.0,723840000.0,0.026401743479221928,-0.16000000000000014,-1.5888778550148919,2.383316782522328
2024-02-21,9.8,10.2,9.78,9.97,26353787.0,270049413.0,723840000.0,0.036408304321396995,0.0600000000000005,0.6054490413723634,4.238143289606457
2024-02-22,9.91,10.15,9.91,10.04,19753799.0,202041351.0,723840000.0,0.027290283764367818,0.06999999999999851,0.7021063189568633,2.407221664994987
2024-02-23,10.01,10.06,9.91,10.06,17852221.0,182317536.0,723840000.0,0.024663214246242262,0.02000000000000135,0.19920318725101804,1.494023904382474
2024-02-26,10.04,10.2,9.95,10.07,16978698.0,174332350.0,723840000.0,0.023456424071618038,0.009999999999999787,0.09940357852882276,2.485089463220676
2024-02-27,10.12,10.3,10.09,10.28,22956934.0,239097712.0,723840000.0,0.03171548132183908,0.20999999999999908,2.0854021847070303,2.085402184707059
2024-02-28,10.22,10.54,9.92,9.97,32234792.0,338094535.0,723840000.0,0.04453303492484527,-0.3099999999999987,-3.0155642023346196,6.0311284046692535
2024-02-29,9.95,10.21,9.92,10.19,20000353.0,205536104.0,723840000.0,0.027630903238284703,0.21999999999999886,2.206619859578729,2.9087261785356158
2024-03-01,10.17,10.25,10.05,10.13,16458292.0,170019539.0,723840000.0,0.022737472369584438,-0.05999999999999872,-0.5888125613346284,1.9627085377821325
2024-03-04,10.1,10.17,9.96,10.01,14483306.0,148152741.0,723840000.0,0.02000898817418214,-0.120000000000001,-1.184600197433372,2.0730503455083813
2024-03-05,9.98,10.16,9.95,10.05,15769094.0,161678830.0,723840000.0,0.021785331012378426,0.040000000000000924,0.3996003996004083,2.0979020979021064
2024-03-06,10.03,10.09,9.95,10.05,12410317.0,126792384.0,723840000.0,0.017145110797966403,0.0,0.0,1.3930348258706524
2024-03-07,10.05,10.31,10.03,10.27,27076659.0,280923351.0,723840000.0,0.03740696700928382,0.21999999999999886,2.189054726368145,2.786069651741305
2024-03-08,10.17,10.22,10.05,10.21,19530480.0,201845736.0,723840000.0,0.026981763925729443,-0.05999999999999872,-0.5842259006815897,1.6553067185978572
2024-03-11,10.18,10.29,10.12,10.29,16160667.0,168605161.0,723840000.0,0.02232629724801061,0.0799999999999983,0.7835455435847072,1.6650342801175309
2024-03-12,10.3,10.58,10.26,10.53,25908789.0,275583212.0,723840000.0,0.03579353033819629,0.2400000000000002,2.3323615160349975,3.1098153547133167
2024-03-13,10.47,10.6,10.39,10.51,18210930.0,195261847.0,723840000.0,0.025158778183023874,-0.019999999999999574,-0.18993352326684976,1.9943019943019855
2024-03-14,10.47,10.75,10.47,10.58,23225933.0,251933788.0,723840000.0,0.0320871090296198,0.07000000000000028,0.6660323501427312,2.6641294005708787
2024-03-15,10.51,10.83,10.5,10.71,17639513.0,191950016.0,723840000.0,0.024369353724580017,0.13000000000000078,1.2287334593572785,3.1190926275992443
2024-03-18,10.67,10.76,10.61,10.74,16914807.0,184283816.0,723840000.0,0.023368157327586205,0.02999999999999936,0.2801120448179262,1.400560224089639
2024-03-19,10.72,10.74,10.55,10.56,15090807.0,163902539.0,723840000.0,0.020848263428381964,-0.17999999999999972,-1.6759776536312776,1.7690875232774628
2024-03-20,10.56,10.7,10.55,10.68,11706674.0,127336658.0,723840000.0,0.01617301337312113,0.11999999999999922,1.1363636363636243,1.4204545454545319
2024-03-21,10.68,10.91,10.68,10.8,18956280.0,208814100.0,723840000.0,0.02618849469496021,0.120000000000001,1.1235955056179803,2.153558052434461
2024-03-22,10.78,10.86,10.55,10.6,15323608.0,166815011.0,723840000.0,0.02116988284703802,-0.20000000000000107,-1.85185185185186,2.8703703703703582
2024-03-25,10.55,10.58,10.35,10.38,14268450.0,152539918.0,723840000.0,0.019712160145888596,-0.21999999999999886,-2.075471698113196,2.169811320754721
2024-03-26,10.37,10.43,10.19,10.41,12183326.0,128294071.0,723840000.0,0.016831518015030945,0.02999999999999936,0.28901734104045396,2.3121387283237014
2024-03-27,10.39,10.48,10.18,10.19,12191817.0,128610475.0,723840000.0,0.01684324850795756,-0.22000000000000064,-2.11335254562921,2.8818443804034652
2024-03-28,10.19,10.41,10.17,10.35,11397800.0,120207001.0,723840000.0,0.015746297524314765,0.16000000000000014,1.5701668302257055,2.3552502453385693
2024-03-29,10.34,10.56,10.31,10.53,13930251.0,148380546.0,723840000.0,0.019244931200265252,0.17999999999999972,1.7391304347825987,2.4154589371980677
2024-04-01,10.55,10.73,10.53,10.71,16295727.0,176961003.0,723840000.0,0.02251288544429708,0.1800000000000015,1.7094017094017255,1.8993352326685764
2024-04-02,10.72,10.77,10.61,10.72,17107038.0,186602750.0,723840000.0,0.02363372844827586,0.009999999999999787,0.09337068160597539,1.493930905695613
2024-04-03,10.66,10.68,10.53,10.65,13996373.0,151434144.0,723840000.0,0.019336280117152962,-0.07000000000000028,-0.6529850746268662,1.3992537313432867
2024-04-08,10.73,10.77,10.52,10.54,18999312.0,206909055.0,723840000.0,0.02624794429708223,-0.11000000000000121,-1.0328638497652642,2.3474178403755865
2024-04-09,10.48,11.08,10.47,10.98,35712975.0,396273496.0,723840000.0,0.04933821700928382,0.4400000000000013,4.174573055028485,5.78747628083491
2024-04-10,10.86,11.21,10.83,11.0,33491956.0,376382647.0,723840000.0,0.04626983311229001,0.019999999999999574,0.18214936247722413,3.460837887067402
2024-04-11,10.92,11.36,10.84,11.32,36282393.0,412463053.0,723840000.0,0.050124879807692306,0.3200000000000003,2.9090909090909056,4.727272727272724
2024-04-12,11.18,11.56,11.08,11.23,38322523.0,440971129.0,723840000.0,0.05294336179266136,-0.08999999999999986,-0.7950530035335635,4.240282685512371
2024-04-15,11.14,11.52,10.67,11.11,47861306.0,540974820.0,723840000.0,0.06612138870468612,-0.120000000000001,-1.068566340160293,7.569011576135348
2024-04-16,10.97,11.42,10.48,11.1,65093232.0,729370896.0,723840000.0,0.0899276525198939,-0.009999999999999787,-0.09000900090009312,8.460846084608457
2024-04-17,10.95,11.92,10.87,11.82,82701684.0,971733736.0,723840000.0,0.11425409482758621,0.7200000000000006,6.486486486486487,9.459459459459465
2024-04-18,11.66,11.9,11.41,11.54,77051291.0,921972754.0,723840000.0,0.10644795949381079,-0.28000000000000114,-2.368866328257202,4.145516074450086
2024-04-19,11.35,11.81,11.25,11.65,43003311.0,506469344.0,723840000.0,0.05940996767241379,0.11000000000000121,0.9532062391681251,4.852686308492206
2024-04-22,11.56,12.05,11.45,11.9,48229635.0,577480332.0,723840000.0,0.06663024287135279,0.25,2.145922746781115,5.15021459227469
2024-04-23,11.76,11.78,11.12,11.13,43470328.0,508947723.0,723840000.0,0.06005516136162688,-0.7699999999999996,-6.470588235294117,5.546218487394959
2024-04-24,11.11,11.33,11.04,11.25,24114192.0,275618298.0,723840000.0,0.03331425729442971,0.11999999999999922,1.0781671159029615,2.60557053009884
2024-04-25,11.17,11.39,11.09,11.19,21408738.0,245595861.0,723840000.0,0.029576616379310344,-0.0600000000000005,-0.5333333333333412,2.666666666666673
2024-04-26,11.13,11.3,11.12,11.23,25459354.0,291223462.0,723840000.0,0.03517262654730327,0.040000000000000924,0.3574620196604261,1.6085790884718634
2024-04-29,11.2,11.38,10.98,11.35,29420589.0,337503265.0,723840000.0,0.0406451550066313,0.11999999999999922,1.0685663401602818,3.5618878005342864
2024-04-30,10.88,10.93,10.52,10.65,45721139.0,497800712.0,723840000.0,0.06316470352564102,-0.6999999999999993,-6.167400881057262,3.612334801762116
2024-05-06,10.68,10.75,10.52,10.59,25696515.0,277851770.0,723840000.0,0.03550026939655172,-0.0600000000000005,-0.5633802816901401,2.1596244131455435
2024-05-07,10.55,10.64,10.42,10.49,23409720.0,251403219.0,723840000.0,0.032341014588859414,-0.09999999999999964,-0.9442870632672351,2.077431539187919
2024-05-08,10.46,10.48,10.19,10.24,25851419.0,271471603.0,723840000.0,0.035714272491158265,-0.25,-2.3832221163012424,2.7645376549094465
2024-05-09,10.24,10.34,10.21,10.33,12723102.0,133886461.0,723840000.0,0.01757722977453581,0.08999999999999986,0.87890625,1.2695312499999902
2024-05-10,10.35,10.45,10.24,10.36,20489526.0,216646463.0,723840000.0,0.028306705901856764,0.02999999999999936,0.2904162633107443,2.032913843175209
2024-05-13,10.29,10.29,10.06,10.1,20195558.0,209216820.0,723840000.0,0.027900583001768346,-0.2599999999999998,-2.5096525096525046,2.2200772200772074
2024-05-14,10.1,10.18,10.07,10.13,11257477.0,116212846.0,723840000.0,0.015552438384173297,0.030000000000001137,0.2970297029702973,1.0891089108910834
2024-05-15,10.12,10.18,10.03,10.13,9603323.0,99200327.0,723840000.0,0.013267190263041555,0.0,0.0,1.480750246791711
2024-05-16,10.18,10.37,10.16,10.26,15088284.0,156748842.0,723840000.0,0.020844777851458884,0.129999999999999,1.2833168805528095,2.0730503455083813
2024-05-17,10.29,10.37,10.22,10.37,12580150.0,131228185.0,723840000.0,0.017379738616268788,0.10999999999999943,1.0721247563352687,1.4619883040935535
2024-05-20,10.65,10.73,10.47,10.5,33848600.0,362935753.0,723840000.0,0.0467625442086649,0.13000000000000078,1.2536162005786,2.5072324011571823
2024-05-21,10.4,10.65,10.36,10.5,19117286.0,203304833.0,723840000.0,0.026410927829354554,0.0,0.0,2.7619047619047707
2024-05-22,10.47,10.56,10.4,10.53,13084740.0,138983331.0,723840000.0,0.01807684018567639,0.02999999999999936,0.28571428571428914,1.5238095238095253
2024-05-23,10.47,10.51,10.2,10.2,17316114.0,180625149.0,723840000.0,0.023922571286472148,-0.33000000000000007,-3.1339031339031376,2.943969610636282
2024-05-24,10.17,10.27,10.14,10.15,7946100.0,81903671.0,723840000.0,0.01097770225464191,-0.049999999999998934,-0.4901960784313597,1.274509803921559
2024-05-27,10.2,10.25,10.09,10.24,7996586.0,82349249.0,723840000.0,0.011047449712643678,0.08999999999999986,0.8866995073891548,1.5763546798029568
2024-05-28,10.23,10.33,10.18,10.21,7775469.0,80473165.0,723840000.0,0.01074197198275862,-0.02999999999999936,-0.2929687499999889,1.4648437500000036
2024-05-29,10.18,10.32,10.18,10.26,7860902.0,81632652.0,723840000.0,0.010859999447391688,0.049999999999998934,0.48971596474043366,1.3712047012732669
2024-05-30,10.2,10.25,10.15,10.2,7346000.0,75810471.0,723840000.0,0.010148651635720601,-0.0600000000000005,-0.5847953216374324,0.974658869395708
2024-05-31,10.21,10.25,10.2,10.24,5892000.0,60984623.0,723840000.0,0.008139920424403183,0.040000000000000924,0.39215686274509665,0.4901960784313796
2024-06-03,10.24,10.24,9.91,10.0,13276968.0,135110037.0,723840000.0,0.018342407161803714,-0.2400000000000002,-2.34375,3.222656250000001
2024-06-04,9.96,10.12,9.89,10.12,9074569.0,92126237.0,723840000.0,0.012536705625552608,0.11999999999999922,1.200000000000001,2.2999999999999865
2024-06-05,10.1,10.12,9.97,9.98,7682749.0,78052653.0,723840000.0,0.010613877376215738,-0.1399999999999988,-1.383399209486158,1.482213438735164
2024-06-06,10.02,10.09,9.85,9.87,12408116.0,124453628.0,723840000.0,0.017142070070733866,-0.11000000000000121,-1.102204408817642,2.404809619238479
2024-06-07,9.92,10.0,9.85,9.98,8261100.0,83133731.0,723840000.0,0.011412881299734747,0.11000000000000121,1.1144883485309176,1.5197568389057787
2024-06-11,9.97,9.97,9.83,9.92,6866444.0,68683166.0,723840000.0,0.009486135057471264,-0.0600000000000005,-0.6012024048096198,1.4028056112224505
2024-06-12,9.92,9.98,9.89,9.94,5433266.0,54665861.0,723840000.0,0.007506169871794872,0.019999999999999574,0.20161290322580072,0.9072580645161276
2024-06-13,9.94,10.0,9.91,9.93,5006172.0,50380512.0,723840000.0,0.0069161306366047745,-0.009999999999999787,-0.1006036217303774,0.9054325955734392
2024-06-14,9.94,10.01,9.89,9.97,10202895.0,102997101.0,723840000.0,0.014095511438992042,0.040000000000000924,0.40281973816718164,1.2084592145015027
2024-06-17,9.95,10.02,9.9,9.99,5659900.0,57126641.0,723840000.0,0.007819269451812555,0.019999999999999574,0.20060180541623396,1.2036108324974846
2024-06-18,9.99,10.08,9.98,10.06,6300175.0,64015582.0,723840000.0,0.008703822667992927,0.07000000000000028,0.700700700700696,1.0010010010009973
2024-06-19,10.06,10.07,9.94,9.95,6000700.0,60600328.0,723840000.0,0.008290091732979664,-0.11000000000000121,-1.0934393638171058,1.292246520874759
2024-06-20,9.93,9.95,9.61,9.73,13795152.0,136029354.0,723840000.0,0.019058289124668434,-0.21999999999999886,-2.2110552763819014,3.417085427135677
2024-06-21,9.71,9.78,9.67,9.72,4766752.0,46941936.0,723840000.0,0.0065853669319186564,-0.009999999999999787,-0.10277492291880241,1.13052415210688
2024-06-24,9.68,9.68,9.36,9.39,13098600.0,125410092.0,723840000.0,0.018095988063660477,-0.33000000000000007,-3.3950617283950657,3.29218106995885
2024-06-25,9.4,9.53,9.37,9.46,9477347.0,90542462.0,723840000.0,0.013093151801503094,0.07000000000000028,0.7454739084132189,1.7039403620873286
2024-06-26,9.4,9.58,9.33,9.56,7464100.0,71399855.0,723840000.0,0.010311809239610963,0.09999999999999964,1.0570824524312794,2.642706131078224
2024-06-27,9.53,9.58,9.48,9.51,5742909.0,55385652.0,723840000.0,0.007933948110079575,-0.05000000000000071,-0.5230125523012608,1.0460251046025069
2024-06-28,9.49,9.61,9.48,9.54,7627904.0,73898145.0,723840000.0,0.010538107869142352,0.02999999999999936,0.3154574132492094,1.3669821240799054
2024-07-01,9.54,9.72,9.53,9.69,7036900.0,68708984.0,723840000.0,0.00972162356321839,0.15000000000000036,1.572327044025168,1.9916142557652128
2024-07-02,9.67,9.76,9.64,9.68,5514400.0,54177577.0,723840000.0,0.007618258178603006,-0.009999999999999787,-0.10319917440659854,1.2383900928792488
2024-07-03,9.68,9.84,9.64,9.75,8945021.0,88484012.0,723840000.0,0.012357732371794872,0.07000000000000028,0.723140495867769,2.0661157024793315
2024-07-04,9.71,9.72,9.48,9.48,8420200.0,81619251.0,723840000.0,0.011632681255526084,-0.2699999999999996,-2.7692307692307683,2.4615384615384635
2024-07-05,9.48,9.63,9.4,9.6,6418576.0,62046926.0,723840000.0,0.00886739610963749,0.11999999999999922,1.2658227848101111,2.426160337552747
2024-07-08,9.62,9.7,9.42,9.43,6608200.0,63768173.0,723840000.0,0.00912936560565871,-0.16999999999999993,-1.7708333333333326,2.9166666666666603
2024-07-09,9.45,9.57,9.29,9.54,7154067.0,68410085.0,723840000.0,0.009883492208222811,0.10999999999999943,1.166489925768821,2.9692470837751976
2024-07-10,9.5,9.57,9.45,9.48,4217930.0,40578661.0,723840000.0,0.005827157935455349,-0.05999999999999872,-0.6289308176100517,1.2578616352201362
2024-07-11,9.61,9.95,9.55,9.81,13130890.0,129409567.0,723840000.0,0.018140597369584437,0.33000000000000007,3.4810126582278444,4.219409282700407
2024-07-12,9.85,9.98,9.72,9.79,11965700.0,119228211.0,723840000.0,0.01653086317418214,-0.02000000000000135,-0.20387359836901986,2.650356778797143
2024-07-15,9.72,9.8,9.64,9.72,7142400.0,70157228.0,723840000.0,0.00986737400530504,-0.06999999999999851,-0.7150153217568844,1.6343207354443323
2024-07-16,9.71,9.74,9.56,9.66,5317867.0,51913636.0,723840000.0,0.007346743755526083,-0.0600000000000005,-0.6172839506172867,1.851851851851849
2024-07-17,9.65,9.76,9.59,9.73,6780202.0,66577473.0,723840000.0,0.009366989942528735,0.07000000000000028,0.7246376811594235,1.7598343685300202
2024-07-18,9.68,10.03,9.54,9.89,14618134.0,144511446.0,723840000.0,0.0201952558576481,0.16000000000000014,1.6443987667009274,5.035971223021585
2024-07-19,9.84,9.85,9.71,9.82,7456502.0,73832130.0,723840000.0,0.010301312444739169,-0.07000000000000028,-0.7077856420626971,1.415571284125367
2024-07-22,9.78,9.84,9.71,9.78,6097300.0,60251101.0,723840000.0,0.008423546640141468,-0.040000000000000924,-0.40733197556008793,1.3238289205702545
2024-07-23,9.74,9.8,9.6,9.62,5484400.0,53926505.0,723840000.0,0.007576812555260831,-0.16000000000000014,-1.6359918200409052,2.0449897750511354
2024-07-24,9.58,9.65,9.45,9.46,6093935.0,58686992.0,723840000.0,0.008418897822723254,-0.15999999999999837,-1.663201663201641,2.07900207900209
2024-07-25,9.45,9.57,9.4,9.48,4620000.0,44402461.0,723840000.0,0.00638262599469496,0.019999999999999574,0.21141649048626032,1.7970401691331916
2024-07-26,9.48,9.61,9.48,9.57,3455495.0,33428570.0,723840000.0,0.004773838141025641,0.08999999999999986,0.9493670886076,1.3713080168776266
2024-07-29,9.6,9.61,9.48,9.54,3668500.0,35420047.0,723840000.0,0.005068108974358975,-0.030000000000001137,-0.31347962382446415,1.358411703239279
2024-07-30,9.53,9.61,9.5,9.6,4146390.0,40181030.0,723840000.0,0.0057283239389920425,0.0600000000000005,0.6289308176100628,1.1530398322851094
2024-07-31,9.58,9.87,9.58,9.86,12591136.0,125041433.0,723840000.0,0.01739491600353669,0.2599999999999998,2.708333333333335,3.0208333333333246
2024-08-01,9.86,9.86,9.77,9.81,7676300.0,76259700.0,723840000.0,0.01060496794871795,-0.049999999999998934,-0.5070993914807143,0.912778904665313
2024-08-02,9.76,9.88,9.74,9.77,6908100.0,68680843.0,723840000.0,0.009543683687002652,-0.040000000000000924,-0.4077471967380286,1.4271151885830842
2024-08-05,9.87,9.99,9.74,9.76,15487446.0,154817368.0,723840000.0,0.02139622844827586,-0.009999999999999787,-0.10235414534288667,2.5588536335721597
2024-08-06,9.77,9.93,9.77,9.93,11654844.0,116435851.0,723840000.0,0.016101409151193635,0.16999999999999993,1.741803278688514,1.6393442622950833
2024-08-07,9.88,10.03,9.8,9.84,12214363.0,122381505.0,723840000.0,0.016874396275419982,-0.08999999999999986,-0.9063444108761365,2.316213494461215
2024-08-08,9.8,9.94,9.78,9.86,7990102.0,79816522.0,723840000.0,0.011038491931918656,0.019999999999999574,0.20325203252031798,1.6260162601626031
2024-08-09,9.87,9.91,9.72,9.72,7240000.0,71942819.0,723840000.0,0.010002210433244917,-0.1399999999999988,-1.4198782961460377,1.92697768762677
2024-08-12,9.7,9.7,9.43,9.48,13408067.0,129011985.0,723840000.0,0.018523523154288242,-0.2400000000000002,-2.4691358024691357,2.7777777777777732
2024-08-13,9.47,9.5,9.4,9.5,5754000.0,54999832.0,723840000.0,0.007949270557029178,0.019999999999999574,0.21097046413500742,1.0548523206751017
2024-08-14,9.49,9.53,9.42,9.43,4757200.0,45517855.0,723840000.0,0.0065721706454465074,-0.07000000000000028,-0.736842105263158,1.1578947368420993
2024-08-15,9.42,9.53,9.37,9.48,7087000.0,67855080.0,723840000.0,0.009790837754199823,0.05000000000000071,0.5302226935312904,1.6967126193001076
2024-08-16,9.48,9.48,9.4,9.4,5260300.0,50127478.0,723840000.0,0.007267213748894784,-0.08000000000000007,-0.8438818565400852,0.8438818565400852
2024-08-19,9.42,9.46,9.32,9.32,6387300.0,60644147.0,723840000.0,0.008824187665782494,-0.08000000000000007,-0.8510638297872353,1.4893617021276655
2024-08-20,9.32,9.34,9.13,9.18,7699200.0,71646121.0,723840000.0,0.01063660477453581,-0.14000000000000057,-1.5021459227467893,2.2532188841201615
2024-08-21,9.17,9.29,9.15,9.2,3884440.0,36287760.0,723840000.0,0.00536643457117595,0.019999999999999574,0.2178649237472685,1.5250544662309236
2024-08-22,9.2,9.25,8.96,9.01,8414028.0,77123705.0,723840000.0,0.01162415450928382,-0.1899999999999995,-2.0652173913043415,3.152173913043469
2024-08-23,8.99,9.11,8.94,9.08,5377191.0,49072057.0,723840000.0,0.007428701094164456,0.07000000000000028,0.7769145394006749,1.8867924528301878
2024-08-26,9.07,9.18,9.02,9.1,4063595.0,37461514.0,723840000.0,0.00561394092617153,0.019999999999999574,0.22026431718060735,1.7621145374449354
2024-08-27,9.09,9.11,9.0,9.03,3426700.0,31372070.0,723840000.0,0.004734057250221043,-0.07000000000000028,-0.7692307692307776,1.2087912087912025
2024-08-28,9.03,9.12,9.01,9.05,3733098.0,34255924.0,723840000.0,0.005157352453580902,0.02000000000000135,0.22148394241419123,1.2181616832779563
2024-08-29,9.05,9.11,8.94,9.07,5136300.0,47103635.0,723840000.0,0.007095905172413793,0.019999999999999574,0.22099447513812542,1.8784530386740321
2024-08-30,9.06,9.32,9.05,9.23,9222200.0,86059564.0,723840000.0,0.01274066091954023,0.16000000000000014,1.764057331863289,2.9768467475192897
2024-09-02,9.21,9.32,9.14,9.15,8419018.0,78842082.0,723840000.0,0.011631048297966401,-0.08000000000000007,-0.8667388949079147,1.950162513542792
2024-09-03,9.19,9.24,9.1,9.17,6167460.0,57197978.0,723840000.0,0.008520474137931035,0.019999999999999574,0.21857923497268228,1.5300546448087493
2024-09-04,9.13,9.25,9.11,9.19,4541200.0,42231343.0,723840000.0,0.006273762157382847,0.019999999999999574,0.21810250817884125,1.5267175572519145
2024-09-05,9.16,9.28,9.16,9.26,4097600.0,38289082.0,723840000.0,0.005660919540229885,0.07000000000000028,0.7616974972796564,1.3057671381936804
2024-09-06,9.25,9.29,9.15,9.15,4381600.0,40851034.0,723840000.0,0.006053271441202475,-0.10999999999999943,-1.1879049676025821,1.511879049676013
2024-09-09,9.14,9.26,9.09,9.15,5084895.0,47221782.0,723840000.0,0.007024888096816976,0.0,0.0,1.8579234972677587
2024-09-10,9.16,9.19,8.87,8.98,9177750.0,83392614.0,723840000.0,0.012679252320954907,-0.16999999999999993,-1.857923497267755,3.4972677595628445
2024-09-11,8.99,8.99,8.89,8.94,4271200.0,38637741.0,723840000.0,0.005900751547303271,-0.040000000000000924,-0.44543429844099425,1.1135857461024459
2024-09-12,8.92,9.02,8.91,8.93,3394400.0,30793460.0,723840000.0,0.004689434129089302,-0.009999999999999787,-0.11185682326622093,1.2304250559284053
2024-09-13,8.96,8.96,8.83,8.84,4626260.0,41541748.0,723840000.0,0.006391274314765694,-0.08999999999999986,-1.007838745800671,1.4557670772676459
2024-09-18,8.85,8.87,8.65,8.75,6456360.0,56984210.0,723840000.0,0.00891959549071618,-0.08999999999999986,-1.0180995475113086,2.488687782805417
2024-09-19,8.77,9.0,8.77,8.97,7745634.0,69915466.0,723840000.0,0.010700754310344828,0.22000000000000064,2.5142857142857133,2.6285714285714334
2024-09-20,8.94,8.98,8.9,8.96,4584600.0,41479328.0,723840000.0,0.006333720159151193,-0.009999999999999787,-0.11148272017836858,0.8918617614269795
2024-09-23,8.97,9.01,8.91,8.99,3767800.0,34250721.0,723840000.0,0.005205293987621574,0.02999999999999936,0.33482142857141906,1.1160714285714244
2024-09-24,9.04,9.21,9.0,9.21,12087601.0,111813714.0,723840000.0,0.016699271938549955,0.22000000000000064,2.4471635150166815,2.3359288097886637
2024-09-25,9.27,9.45,9.25,9.28,17200851.0,162898058.0,723840000.0,0.023763333057029178,0.06999999999999851,0.7600434310531812,2.1715526601520008
2024-09-26,9.25,9.68,9.23,9.67,20357035.0,195463862.0,723840000.0,0.02812366683244916,0.39000000000000057,4.2025862068965525,4.849137931034475
2024-09-27,9.78,10.03,9.76,10.02,27419076.0,274366100.0,723840000.0,0.03788002320954907,0.34999999999999964,3.619441571871773,2.792140641158217
2024-09-30,10.35,10.96,10.19,10.96,64786952.0,695054022.0,723840000.0,0.08950452033598585,0.9400000000000013,9.381237524950103,7.684630738522968
2024-10-08,11.87,11.95,10.48,10.81,87381891.0,985238500.0,723840000.0,0.12071989804376658,-0.15000000000000036,-1.3686131386861367,13.412408759124075
2024-10-09,10.57,10.6,9.88,9.91,43979588.0,452974239.0,723840000.0,0.06075871463306808,-0.9000000000000004,-8.325624421831645,6.660499537465299
2024-10-10,9.93,10.3,9.81,10.06,29290565.0,297980719.0,723840000.0,0.040465524148983203,0.15000000000000036,1.5136226034308864,4.94450050454087
2024-10-11,9.91,10.02,9.69,9.76,20928102.0,208636549.0,723840000.0,0.02891260775862069,-0.3000000000000007,-2.982107355864816,3.2803180914512926
2024-10-14,9.74,9.83,9.61,9.82,18430953.0,181501628.0,723840000.0,0.025462744529177718,0.0600000000000005,0.6147540983606703,2.2540983606557443
2024-10-15,9.76,9.79,9.63,9.63,15501000.0,152242146.0,723840000.0,0.02141495358090186,-0.1899999999999995,-1.9348268839103788,1.629327902240309
2024-10-16,9.54,9.72,9.5,9.65,11536417.0,112444751.0,723840000.0,0.015937799790008842,0.019999999999999574,0.20768431983384517,2.2845275181723848
2024-10-17,9.69,9.75,9.58,9.59,11788990.0,115377956.0,723840000.0,0.016286734637488948,-0.0600000000000005,-0.6217616580310947,1.761658031088082
2024-10-18,9.57,9.91,9.55,9.79,22493641.0,222094703.0,723840000.0,0.031075432416003537,0.1999999999999993,2.085505735140769,3.753910323253383
2024-10-21,9.78,10.39,9.76,10.17,40168290.0,410879521.0,723840000.0,0.05549332725464191,0.3800000000000008,3.8815117466802995,6.435137895812061
2024-10-22,10.13,10.17,9.95,10.04,21805911.0,221648528.0,723840000.0,0.030125319131299736,-0.13000000000000078,-1.2782694198623434,2.163225172074736
2024-10-23,10.06,10.18,9.99,10.08,18390578.0,187515370.0,723840000.0,0.025406965627763043,0.040000000000000924,0.3984063745019917,1.8924302788844574
2024-10-24,10.07,10.14,9.96,10.03,11078810.0,112318220.0,723840000.0,0.015305606211317418,-0.05000000000000071,-0.49603174603175537,1.785714285714283
2024-10-25,10.01,10.14,9.99,10.08,14803148.0,150638842.0,723840000.0,0.020450856542882406,0.05000000000000071,0.49850448654038537,1.4955134596211401
2024-10-28,10.08,10.27,10.04,10.25,18375968.0,188955731.0,723840000.0,0.025386781609195403,0.16999999999999993,1.6865079365079305,2.281746031746036
2024-10-29,10.28,10.33,10.04,10.07,18309100.0,188400743.0,723840000.0,0.02529440207780725,-0.17999999999999972,-1.7560975609756113,2.829268292682936
2024-10-30,10.04,10.18,10.0,10.11,13846595.0,141332520.0,723840000.0,0.019129358698054818,0.03999999999999915,0.3972194637537063,1.7874875868917548
2024-10-31,10.04,10.07,9.89,10.02,21704798.0,218908165.0,723840000.0,0.02998562942086649,-0.08999999999999986,-0.8902077151335286,1.7804154302670596
2024-11-01,9.97,10.1,9.82,9.95,21497503.0,216993680.0,723840000.0,0.029699247071175952,-0.07000000000000028,-0.698602794411185,2.7944111776447045
2024-11-04,10.0,10.1,9.92,10.06,15230901.0,154077194.0,723840000.0,0.021041806200265252,0.11000000000000121,1.1055276381909618,1.8090452261306504
2024-11-05,10.03,10.22,9.97,10.2,27805306.0,285280406.0,723840000.0,0.03841360797966401,0.1399999999999988,1.391650099403563,2.485089463220676
2024-11-06,10.16,10.28,10.09,10.24,27552202.0,284151996.0,723840000.0,0.03806393954465075,0.040000000000000924,0.39215686274509665,1.8627450980392108
2024-11-07,10.2,10.59,10.13,10.54,37441969.0,395998454.0,723840000.0,0.05172685814544651,0.29999999999999893,2.9296875,4.492187499999991
2024-11-08,10.59,10.75,10.37,10.49,33432636.0,354493611.0,723840000.0,0.04618788129973475,-0.049999999999998934,-0.4743833017077703,3.6053130929791353
2024-11-11,10.38,10.47,10.29,10.46,21107720.0,221713552.0,723840000.0,0.029160753757736517,-0.02999999999999936,-0.2859866539561384,1.7159199237369065
2024-11-12,10.46,10.6,10.38,10.5,28206909.0,300092229.0,723840000.0,0.03896843086870026,0.03999999999999915,0.3824091778202643,2.103250478011461
2024-11-13,10.67,10.77,10.27,10.39,35231481.0,371338713.0,723840000.0,0.048673023043766576,-0.10999999999999943,-1.0476190476190417,4.761904761904762
2024-11-14,10.34,10.42,10.18,10.21,20241848.0,211171345.0,723840000.0,0.027964533598585323,-0.17999999999999972,-1.7324350336862304,2.3099133782483174
2024-11-15,10.18,10.3,10.11,10.12,14897291.0,154086344.0,723840000.0,0.020580917053492485,-0.09000000000000163,-0.8814887365328317,1.8609206660137243
2024-11-18,10.14,10.3,10.03,10.06,19886304.0,204215921.0,723840000.0,0.027473342175066313,-0.05999999999999872,-0.5928853754940566,2.6679841897233336
2024-11-19,10.07,10.17,9.98,10.17,16114674.0,164309121.0,723840000.0,0.02226275696286472,0.10999999999999943,1.0934393638170947,1.8886679920477087
2024-11-20,10.14,10.24,10.11,10.21,14974908.0,154075209.0,723840000.0,0.02068814655172414,0.040000000000000924,0.3933136676499638,1.2782694198623479
2024-11-21,10.17,10.24,10.12,10.21,11190140.0,115250355.0,723840000.0,0.01545941091954023,0.0,0.0,1.175318315377091
2024-11-22,10.17,10.23,9.88,9.88,16370389.0,166779718.0,723840000.0,0.022616032548629532,-0.33000000000000007,-3.2321253672869754,3.42801175318315
2024-11-25,9.92,10.17,9.92,10.05,20119490.0,205026694.0,723840000.0,0.027795493479221927,0.16999999999999993,1.7206477732793601,2.5303643724696356
2024-11-26,10.02,10.18,9.96,10.07,15619350.0,159412407.0,723840000.0,0.021578456564986737,0.019999999999999574,0.19900497512437276,2.1890547263681475
2024-11-27,10.03,10.15,9.86,10.15,15167580.0,153371389.0,723840000.0,0.020954326923076923,0.08000000000000007,0.794438927507457,2.8798411122145073
2024-11-28,10.13,10.31,10.08,10.23,21075912.0,218451051.0,723840000.0,0.029116810344827587,0.08000000000000007,0.7881773399014858,2.2660098522167527
2024-11-29,10.18,10.37,10.17,10.33,21310937.0,222593233.0,723840000.0,0.029441502265694076,0.09999999999999964,0.9775171065493637,1.9550342130987224
2024-12-02,10.36,10.52,10.36,10.45,23477200.0,248378409.0,723840000.0,0.03243423961096375,0.11999999999999922,1.1616650532429773,1.5488867376573103
2024-12-03,10.45,10.48,10.32,10.36,17653615.0,185594195.0,723840000.0,0.024388835930592396,-0.08999999999999986,-0.8612440191387516,1.5311004784689008
2024-12-04,10.32,10.46,10.2,10.23,16728561.0,174607852.0,723840000.0,0.023110854608753315,-0.129999999999999,-1.2548262548262468,2.5096525096525246
2024-12-05,10.2,10.34,10.2,10.34,11810408.0,122919973.0,723840000.0,0.016316324049513706,0.10999999999999943,1.0752688172043001,1.368523949169116
2024-12-06,10.33,10.49,10.28,10.42,17695550.0,186403515.0,723840000.0,0.024446770004420866,0.08000000000000007,0.7736943907156624,2.030947775628635
2024-12-09,10.4,10.49,10.31,10.35,13417472.0,141130681.0,723840000.0,0.01853651635720601,-0.07000000000000028,-0.6717850287907945,1.7274472168905923
2024-12-10,10.61,10.67,10.38,10.42,30067523.0,321191326.0,723840000.0,0.04153890776967285,0.07000000000000028,0.6763285024154575,2.80193236714975
2024-12-11,10.42,10.68,10.39,10.66,30194861.0,323766914.0,723840000.0,0.04171482786251105,0.2400000000000002,2.303262955854124,2.783109404990395
2024-12-12,10.68,11.06,10.61,11.06,49994025.0,552184989.0,723840000.0,0.06906778431697613,0.40000000000000036,3.7523452157598447,4.221388367729841
2024-12-13,11.02,11.3,10.92,11.01,54466708.0,609793907.0,723840000.0,0.07524688881520777,-0.05000000000000071,-0.452079566003627,3.4358047016274935
2024-12-16,11.09,11.26,10.87,11.01,43482969.0,486737330.0,723840000.0,0.060072625165782496,0.0,0.0,3.5422343324250734
2024-12-17,11.01,11.01,10.6,10.62,30773064.0,333410083.0,723840000.0,0.04251362732095491,-0.39000000000000057,-3.542234332425076,3.723887375113535
2024-12-18,10.66,10.82,10.55,10.61,21987104.0,238075313.0,723840000.0,0.030375641025641026,-0.009999999999999787,-0.09416195856873921,2.542372881355928
2024-12-19,10.47,10.57,10.38,10.52,19097830.0,202674068.0,723840000.0,0.026384048961096376,-0.08999999999999986,-0.8482563619227168,1.790763430725726
2024-12-20,10.5,10.57,10.38,10.4,17966100.0,190562284.0,723840000.0,0.024820540450928383,-0.11999999999999922,-1.1406844106463754,1.8060836501901094
2024-12-23,10.37,10.41,10.17,10.19,20071932.0,208763418.0,723840000.0,0.027729791114058357,-0.21000000000000085,-2.019230769230773,2.3076923076923097
2024-12-24,10.19,10.29,10.15,10.29,14107521.0,145886904.0,723840000.0,0.019489833388594165,0.09999999999999964,0.981354268891077,1.3738959764474856
2024-12-25,10.28,10.28,10.1,10.25,12976723.0,133715540.0,723840000.0,0.017927612455791334,-0.03999999999999915,-0.38872691933915515,1.7492711370262364
2024-12-26,10.22,10.35,10.22,10.3,11794016.0,122859454.0,723840000.0,0.01629367816091954,0.05000000000000071,0.4878048780487809,1.2682926829268197
2024-12-27,10.3,10.49,10.25,10.42,16374008.0,172770745.0,723840000.0,0.022621032272325377,0.11999999999999922,1.1650485436893065,2.3300970873786424
2024-12-30,10.37,10.42,10.16,10.22,16081051.0,166737793.0,723840000.0,0.02221630608974359,-0.1999999999999993,-1.9193857965451033,2.4952015355086354
2024-12-31,10.19,10.29,10.01,10.02,13717300.0,140743918.0,723840000.0,0.018950734969053935,-0.20000000000000107,-1.9569471624266255,2.739726027397254
2025-01-02,10.02,10.25,9.87,9.96,18791696.0,191432694.0,723840000.0,0.025961118479221928,-0.05999999999999872,-0.5988023952095634,3.7924151696606865
2025-01-03,9.97,10.0,9.63,9.66,20597950.0,203858929.0,723840000.0,0.028456495910698498,-0.3000000000000007,-3.0120481927710885,3.714859437750996
2025-01-06,9.66,9.69,9.47,9.53,15259120.0,147634241.0,723840000.0,0.02108079133510168,-0.13000000000000078,-1.345755693581785,2.277432712215309
2025-01-07,9.53,9.61,9.45,9.57,11624241.0,112147043.0,723840000.0,0.016059130470822282,0.040000000000000924,0.41972717733473885,1.6789087093389312
2025-01-08,9.53,9.54,9.33,9.47,12683256.0,121145468.0,723840000.0,0.017522181697612733,-0.09999999999999964,-1.0449320794148398,2.19435736677115
2025-01-09,9.42,9.49,9.38,9.42,8693166.0,83005256.0,723840000.0,0.012009789456233422,-0.05000000000000071,-0.5279831045406636,1.1615628299894343
2025-01-10,9.42,9.43,9.23,9.23,9484479.0,89406333.0,723840000.0,0.013103004807692307,-0.1899999999999995,-2.016985138004246,2.123142250530778
2025-01-13,9.14,9.32,9.13,9.31,7783801.0,72831377.0,723840000.0,0.010753482813881521,0.08000000000000007,0.8667388949079147,2.0585048754062782
2025-01-14,9.43,9.61,9.41,9.61,15302637.0,147176045.0,723840000.0,0.02114091097480106,0.29999999999999893,3.2223415682062218,2.148227712137479
2025-01-15,9.59,9.73,9.55,9.58,14177042.0,138240512.0,723840000.0,0.019585878094606542,-0.02999999999999936,-0.3121748178980144,1.8730489073881345
2025-01-16,9.58,9.81,9.58,9.71,14186483.0,139441801.0,723840000.0,0.019598921032272325,0.13000000000000078,1.3569937369519947,2.400835073068898
2025-01-17,9.68,9.83,9.61,9.73,9617350.0,94945391.0,723840000.0,0.01328656885499558,0.019999999999999574,0.2059732234809486,2.265705458290429
2025-01-20,9.8,10.71,9.8,10.16,44769546.0,468134212.0,723840000.0,0.06185005802387268,0.4299999999999997,4.419321685508737,9.352517985611513
2025-01-21,10.06,10.43,9.98,10.02,24463670.0,250308037.0,723840000.0,0.03379706841290893,-0.14000000000000057,-1.3779527559055205,4.4291338582677096
2025-01-22,10.0,10.09,9.83,9.87,13272238.0,133512178.0,723840000.0,0.01833587256852343,-0.15000000000000036,-1.4970059880239583,2.594810379241515
2025-01-23,9.98,10.07,9.91,9.92,11693700.0,118095309.0,723840000.0,0.01615508952254642,0.05000000000000071,0.5065856129685908,1.621073961499495
2025-01-24,9.92,9.97,9.86,9.94,12205382.0,122376135.0,723840000.0,0.016861988837312113,0.019999999999999574,0.20161290322580072,1.1088709677419477
2025-01-27,9.95,10.05,9.92,9.93,11336200.0,114595503.0,723840000.0,0.0156611958443855,-0.009999999999999787,-0.1006036217303774,1.3078470824949777
2025-02-05,9.99,9.99,9.76,9.79,11542642.0,115031881.0,723840000.0,0.015946399756852345,-0.14000000000000057,-1.4098690835851024,2.316213494461233
2025-02-06,9.78,9.88,9.72,9.86,10697182.0,106204272.0,723840000.0,0.014778379199823166,0.07000000000000028,0.7150153217569066,1.6343207354443323
2025-02-07,9.86,9.97,9.81,9.9,14510757.0,145354500.0,723840000.0,0.02004691230106101,0.040000000000000924,0.40567951318459805,1.622718052738338
2025-02-10,9.9,10.01,9.9,10.0,14345855.0,144724179.0,723840000.0,0.019819096761715296,0.09999999999999964,1.0101010101010166,1.1111111111111052
2025-02-11,10.03,10.05,9.91,9.94,10191257.0,102643861.0,723840000.0,0.014079433300176835,-0.0600000000000005,-0.6000000000000005,1.4000000000000057
2025-02-12,9.94,10.01,9.91,9.97,8723497.0,87882223.0,723840000.0,0.012051692362953139,0.030000000000001137,0.3018108651911655,1.0060362173038195
2025-02-13,9.97,10.03,9.92,9.99,11872415.0,119976536.0,723840000.0,0.016401988008399645,0.019999999999999574,0.20060180541623396,1.1033099297893625
2025-02-14,9.95,9.99,9.9,9.92,9824451.0,98794215.0,723840000.0,0.013572683189655172,-0.07000000000000028,-0.7007007007007071,0.9009009009008995
2025-02-17,9.92,9.97,9.86,9.88,11483900.0,115050490.0,723840000.0,0.01586524646330681,-0.03999999999999915,-0.40322580645160144,1.1088709677419477
2025-02-18,9.86,9.87,9.6,9.64,16013362.0,157911794.0,723840000.0,0.02212279232979664,-0.2400000000000002,-2.429149797570851,2.732793522267202
2025-02-19,9.67,9.68,9.6,9.65,10204643.0,99665973.0,723840000.0,0.014097926337312112,0.009999999999999787,0.10373443983402453,0.8298755186721999
2025-02-20,9.66,9.74,9.6,9.72,9412770.0,92350022.0,723840000.0,0.013003937334217506,0.07000000000000028,0.7253886010362809,1.4507772020725447
2025-02-21,9.71,9.86,9.67,9.83,14589506.0,144153730.0,723840000.0,0.02015570568081344,0.10999999999999943,1.1316872427983515,1.9547325102880608
2025-02-24,9.83,10.2,9.79,10.04,20198205.0,204376187.0,723840000.0,0.027904239887267906,0.20999999999999908,2.1363173957273496,4.170905391658191
2025-02-25,9.98,10.02,9.88,9.91,10293202.0,103655051.0,723840000.0,0.014220272435897435,-0.129999999999999,-1.2948207171314619,1.3944223107569602
2025-02-26,9.91,9.98,9.88,9.92,12519102.0,125604124.0,723840000.0,0.017295399535809018,0.009999999999999787,0.10090817356205317,1.0090817356205817
2025-02-27,9.92,10.02,9.88,9.97,13914894.0,140143995.0,723840000.0,0.019223715185676393,0.05000000000000071,0.504032258064524,1.411290322580633
2025-02-28,9.93,10.37,9.91,10.08,30738152.0,314914525.0,723840000.0,0.04246539566755084,0.10999999999999943,1.1033099297893534,4.613841524573711
2025-03-03,10.0,10.22,9.96,9.97,21240701.0,216810397.0,723840000.0,0.029344469772325375,-0.10999999999999943,-1.0912698412698374,2.5793650793650773
2025-03-04,9.9,10.05,9.9,10.03,10410941.0,105342457.0,723840000.0,0.014382931310786913,0.05999999999999872,0.6018054162487241,1.504513540621869
2025-03-05,10.04,10.06,9.91,10.01,9977972.0,100671953.0,723840000.0,0.013784775641025641,-0.019999999999999574,-0.1994017946161497,1.4955134596211401
2025-03-06,10.03,10.09,9.98,10.09,15102278.0,153494093.0,723840000.0,0.020864110853227234,0.08000000000000007,0.7992007992007943,1.0989010989010932
2025-03-07,10.07,10.18,10.01,10.07,16449971.0,167921192.0,723840000.0,0.022725976735190098,-0.019999999999999574,-0.1982160555004886,1.6848364717542115
2025-03-10,10.03,10.11,10.01,10.08,11001701.0,112004718.0,723840000.0,0.015199078525641025,0.009999999999999787,0.09930486593843213,0.9930486593843062
2025-03-11,10.01,10.22,10.0,10.21,19414171.0,198806198.0,723840000.0,0.026821080625552607,0.13000000000000078,1.2896825396825573,2.182539682539689
2025-03-12,10.19,10.33,10.17,10.18,17572900.0,181970448.0,723840000.0,0.024277326480990274,-0.030000000000001137,-0.2938295788442846,1.5670910871694428
2025-03-13,10.16,10.3,10.16,10.28,15002837.0,155066147.0,723840000.0,0.020726731045534925,0.09999999999999964,0.9823182711198308,1.3752455795677856
2025-03-14,10.3,10.56,10.26,10.51,28614647.0,301840677.0,723840000.0,0.03953172938770999,0.23000000000000043,2.237354085603127,2.9182879377431976
2025-03-17,10.58,10.66,10.47,10.49,24959450.0,266826588.0,723840000.0,0.03448199878426172,-0.019999999999999574,-0.19029495718363432,1.8078020932445242
2025-03-18,10.49,10.53,10.38,10.45,17449206.0,184482480.0,723840000.0,0.024106440649867375,-0.040000000000000924,-0.38131553860820677,1.4299332697807299
2025-03-19,10.44,10.49,10.36,10.46,13885646.0,146513858.0,723840000.0,0.01918330846595933,0.010000000000001563,0.0956937799043267,1.2440191387559885
2025-03-20,10.45,10.61,10.43,10.49,20589263.0,219426634.0,723840000.0,0.02844449463969938,0.02999999999999936,0.2868068833651982,1.7208413001912017
2025-03-21,10.45,10.57,10.37,10.53,17738142.0,188079221.0,723840000.0,0.02450561173740053,0.03999999999999915,0.38131553860818457,1.9065776930410017
2025-03-24,10.59,11.04,10.57,10.77,51588089.0,565264859.0,723840000.0,0.07127001685455349,0.2400000000000002,2.279202279202286,4.46343779677112
2025-03-25,10.67,11.13,10.67,11.02,48802790.0,543155957.0,723840000.0,0.06742206841290893,0.25,2.32126276694522,4.2711234911792095
2025-03-26,10.91,11.1,10.81,10.97,28626482.0,317676774.0,723840000.0,0.03954807968611848,-0.049999999999998934,-0.45372050816695486,2.6315789473684132
2025-03-27,10.97,11.12,10.68,10.69,30517432.0,334518506.0,723840000.0,0.04216046640141468,-0.28000000000000114,-2.5524156791248975,4.010938924339102
2025-03-28,10.67,10.77,10.47,10.48,23060100.0,247052695.0,723840000.0,0.03185800729442971,-0.20999999999999908,-1.9644527595883865,2.8063610851262766
2025-03-31,10.47,10.6,10.26,10.31,21757478.0,228942053.0,723840000.0,0.03005840793545535,-0.16999999999999993,-1.6221374045801484,3.244274809160304
2025-04-01,10.3,10.47,10.28,10.29,21255327.0,222752241.0,723840000.0,0.029364675895225463,-0.02000000000000135,-0.19398642095054264,1.84287099903008
2025-04-02,10.3,10.4,10.24,10.33,14206800.0,148556060.0,723840000.0,0.019626989389920423,0.040000000000000924,0.38872691933917736,1.5549076773566584
2025-04-03,10.25,10.51,10.2,10.22,25266563.0,264335773.0,723840000.0,0.0349062817749779,-0.10999999999999943,-1.0648596321393922,3.0009680542110404
2025-04-07,9.77,9.93,9.2,9.2,44567226.0,427461723.0,723840000.0,0.06157054874005305,-1.0200000000000014,-9.98043052837575,7.142857142857147
2025-04-08,9.29,9.56,9.24,9.54,37997744.0,362768277.0,723840000.0,0.052494672855879755,0.33999999999999986,3.6956521739130332,3.478260869565221
2025-04-09,9.45,10.16,9.18,10.1,41599023.0,409046364.0,723840000.0,0.057469914622015915,0.5600000000000005,5.8700209643606005,10.272536687631034
2025-04-10,9.96,10.32,9.94,10.22,37575015.0,387811903.0,723840000.0,0.05191066395888594,0.120000000000001,1.1881188118811892,3.7623762376237706
2025-04-11,10.18,10.3,10.05,10.1,24647246.0,253147634.0,723840000.0,0.03405068247126437,-0.120000000000001,-1.1741682974559797,2.446183953033268
2025-04-14,10.12,10.44,10.1,10.3,27111000.0,282391017.0,723840000.0,0.03745440981432361,0.20000000000000107,1.980198019801982,3.3663366336633653
2025-04-15,10.23,10.32,10.09,10.2,18573897.0,191402416.0,723840000.0,0.025660224635278516,-0.10000000000000142,-0.9708737864077777,2.233009708737868
2025-04-16,10.16,10.31,10.11,10.27,21678676.0,224123700.0,723840000.0,0.02994954133510168,0.07000000000000028,0.6862745098039191,1.960784313725501
2025-04-17,10.21,10.46,10.14,10.36,29639533.0,310220464.0,723840000.0,0.040947630691865605,0.08999999999999986,0.8763388510223846,3.115871470301853
2025-04-18,10.31,10.34,10.03,10.1,22484259.0,231031747.0,723840000.0,0.03106247098806366,-0.2599999999999998,-2.5096525096525046,2.992277992277997
2025-04-21,10.06,10.14,10.0,10.07,16200900.0,165108846.0,723840000.0,0.0223818799734748,-0.02999999999999936,-0.2970297029702862,1.3861386138613918
2025-04-22,10.04,10.13,9.94,10.07,19801102.0,200830264.0,723840000.0,0.02735563384173298,0.0,0.0,1.8867924528302014
2025-04-23,10.08,10.13,9.95,9.97,16219892.0,164393815.0,723840000.0,0.022408117816091953,-0.09999999999999964,-0.9930486593843102,1.7874875868917723
2025-04-24,9.98,10.04,9.87,9.89,12240900.0,123047819.0,723840000.0,0.016911057692307694,-0.08000000000000007,-0.8024072216649913,1.7051153460381134
2025-04-25,9.91,10.06,9.86,10.01,14752729.0,149240516.0,723840000.0,0.02038120164677277,0.11999999999999922,1.213346814964611,2.0222446916076953
2025-04-28,10.11,10.14,9.75,9.75,25897231.0,258432368.0,723840000.0,0.03577756272104332,-0.2599999999999998,-2.5974025974025983,3.8961038961039014
2025-04-29,9.69,9.79,9.63,9.71,13860960.0,136438026.0,723840000.0,0.01914920424403183,-0.03999999999999915,-0.41025641025640436,1.6410256410256243
2025-04-30,9.6,9.62,9.53,9.59,20352802.0,197337339.0,723840000.0,0.02811781885499558,-0.120000000000001,-1.2358393408856916,0.9268795056642621
2025-05-06,9.61,9.65,9.53,9.63,18864513.0,183268744.0,723840000.0,0.026061716677718835,0.040000000000000924,0.4171011470281538,1.2513034410844734
2025-05-07,9.69,9.76,9.63,9.68,15881621.0,155667432.0,723840000.0,0.02194078940097259,0.049999999999998934,0.5192107995846129,1.349948078920031
2025-05-08,9.66,9.7,9.61,9.66,13319645.0,130310645.0,723840000.0,0.018401366324049515,-0.019999999999999574,-0.20661157024792765,0.9297520661157012
2025-05-09,9.66,9.67,9.61,9.64,9612301.0,93796900.0,723840000.0,0.013279593556587092,-0.019999999999999574,-0.20703933747411307,0.6211180124223654
2025-05-12,9.66,9.72,9.61,9.71,17376590.0,170177898.0,723840000.0,0.024006120137046862,0.07000000000000028,0.7261410788381717,1.1410788381742862
2025-05-13,9.75,9.77,9.67,9.7,11970017.0,117683544.0,723840000.0,0.016536827199381078,-0.010000000000001563,-0.1029866117404854,1.0298661174047337
2025-05-14,9.69,9.72,9.62,9.7,11984358.0,117271610.0,723840000.0,0.016556639588859418,0.0,0.0,1.0309278350515612
2025-05-15,9.68,9.72,9.61,9.62,9522400.0,93183363.0,723840000.0,0.013155393457117595,-0.08000000000000007,-0.8247422680412342,1.1340206185567134
2025-05-16,9.61,9.65,9.57,9.61,7418902.0,72179904.0,723840000.0,0.010249367263483643,-0.009999999999999787,-0.10395010395010118,0.8316008316008323
2025-05-19,9.59,9.64,9.58,9.6,11683000.0,113645310.0,723840000.0,0.016140307250221045,-0.009999999999999787,-0.10405827263266776,0.624349635796051
2025-05-20,9.61,9.69,9.6,9.66,11226481.0,109620219.0,723840000.0,0.015509616766136162,0.0600000000000005,0.6250000000000089,0.9374999999999986
2025-05-21,9.64,9.67,9.62,9.64,7306733.0,71329330.0,723840000.0,0.010094403459328029,-0.019999999999999574,-0.20703933747411307,0.5175983436853075
2025-05-22,9.66,9.67,9.54,9.55,10427134.0,100473831.0,723840000.0,0.014405302276746242,-0.08999999999999986,-0.9336099585062207,1.3485477178423317
2025-05-23,9.55,9.59,9.47,9.48,7953955.0,76219915.0,723840000.0,0.01098855410035367,-0.07000000000000028,-0.7329842931937169,1.2565445026177928
2025-05-26,9.48,9.53,9.45,9.51,5757500.0,54978822.0,723840000.0,0.007954105879752432,0.02999999999999936,0.31645569620253333,0.8438818565400852
2025-05-27,9.51,9.56,9.5,9.55,5970200.0,57210570.0,723840000.0,0.008247955349248453,0.040000000000000924,0.4206098843323014,0.630914826498428
2025-05-28,9.56,9.59,9.52,9.54,5483455.0,52622321.0,723840000.0,0.007575507018125553,-0.010000000000001563,-0.10471204188483574,0.7329842931937203
2025-05-29,9.52,9.6,9.49,9.57,8903613.0,85597887.0,723840000.0,0.012300526359416445,0.030000000000001137,0.3144654088050425,1.1530398322851094
2025-05-30,9.56,9.6,9.53,9.57,6957400.0,66939921.0,723840000.0,0.009611792661361626,0.0,0.0,0.7314524555903896
2025-06-03,9.55,9.76,9.53,9.75,17309407.0,168416606.0,723840000.0,0.023913305426613615,0.17999999999999972,1.880877742946696,2.4033437826541317
2025-06-04,9.74,9.81,9.7,9.78,11651340.0,114403520.0,723840000.0,0.016096568302387267,0.02999999999999936,0.3076923076922977,1.1282051282051406
2025-06-05,9.8,9.87,9.71,9.74,10969603.0,107735553.0,723840000.0,0.015154734471706455,-0.03999999999999915,-0.4089979550102152,1.6359918200408834
2025-06-06,9.76,9.77,9.7,9.76,8030727.0,78613519.0,723840000.0,0.011094616213527852,0.019999999999999574,0.2053388090349051,0.7186858316221795
2025-06-09,9.77,9.83,9.74,9.83,10531883.0,103630589.0,723840000.0,0.014550015196728558,0.07000000000000028,0.7172131147541005,0.9221311475409822
2025-06-10,9.81,9.89,9.69,9.81,14470273.0,142419215.0,723840000.0,0.019990982813881522,-0.019999999999999574,-0.20345879959308144,2.034587995930835
2025-06-11,9.79,9.85,9.79,9.81,9982150.0,98580412.0,723840000.0,0.013790547634836428,0.0,0.0,0.6116207951070387
2025-06-12,9.82,9.84,9.74,9.79,8243687.0,81066293.0,723840000.0,0.01138882487842617,-0.02000000000000135,-0.20387359836901986,1.0193679918450524
2025-06-13,9.79,9.79,9.62,9.63,12267481.0,119368741.0,723840000.0,0.016947779896109638,-0.15999999999999837,-1.6343207354443168,1.7364657814096012
2025-06-16,9.6,9.65,9.59,9.64,6667899.0,64503502.0,723840000.0,0.00921184101458886,0.009999999999999787,0.10384215991692258,0.6230529595015627
2025-06-17,9.64,9.75,9.63,9.71,8067262.0,78681467.0,723840000.0,0.01114509007515473,0.07000000000000028,0.7261410788381717,1.2448132780082906
2025-06-18,9.69,9.73,9.62,9.64,5928900.0,57547496.0,723840000.0,0.008190898541114058,-0.07000000000000028,-0.7209062821833201,1.1328527291452235
2025-06-19,9.62,9.68,9.5,9.51,9990367.0,96104807.0,723840000.0,0.01380189959106985,-0.13000000000000078,-1.34854771784233,1.867219917012445
2025-06-20,9.54,9.57,9.48,9.5,5232300.0,50144604.0,723840000.0,0.007228531167108753,-0.009999999999999787,-0.1051524710830698,0.9463722397476325
2025-06-23,9.46,9.54,9.46,9.51,8147220.0,77824034.0,723840000.0,0.011255553713527851,0.009999999999999787,0.10526315789474161,0.8421052631578768
2025-06-24,9.53,9.65,9.53,9.64,8303525.0,80239030.0,723840000.0,0.011471492318744473,0.13000000000000078,1.3669821240799296,1.261829652996856
2025-06-25,9.67,9.75,9.62,9.73,10913131.0,106250419.0,723840000.0,0.015076717230327144,0.08999999999999986,0.9336099585062207,1.3485477178423317
2025-06-26,9.72,9.94,9.7,9.8,25171200.0,248643681.0,723840000.0,0.03477453580901857,0.07000000000000028,0.7194244604316502,2.4665981500513894
2025-06-27,9.72,9.8,9.66,9.77,14201900.0,139183077.0,723840000.0,0.01962021993810787,-0.030000000000001137,-0.3061224489796066,1.4285714285714342
2025-06-30,9.75,9.81,9.72,9.8,10484000.0,103017465.0,723840000.0,0.014483863837312113,0.030000000000001137,0.3070624360286711,0.921187308085976
2025-07-01,9.8,9.82,9.73,9.79,9132400.0,89677091.0,723840000.0,0.01261660035366932,-0.010000000000001563,-0.10204081632654294,0.9183673469387741
2025-07-02,9.78,9.82,9.74,9.78,11212515.0,110190436.0,723840000.0,0.015490322446949601,-0.009999999999999787,-0.10214504596527396,0.8171603677221662
2025-07-03,9.77,9.81,9.76,9.77,9838200.0,96679824.0,723840000.0,0.01359167771883289,-0.009999999999999787,-0.10224948875255935,0.5112474437627885
2025-07-04,9.78,9.78,9.71,9.76,9124600.0,89470840.0,723840000.0,0.012605824491600354,-0.009999999999999787,-0.10235414534288667,0.7164790174001895
2025-07-07,9.73,9.8,9.73,9.76,7464635.0,73306284.0,723840000.0,0.010312548353227232,0.0,0.0,0.7172131147541013
2025-07-08,9.75,9.8,9.72,9.78,10601663.0,104031734.0,723840000.0,0.014646417716622458,0.019999999999999574,0.2049180327868827,0.8196721311475417
2025-07-09,9.78,9.83,9.76,9.8,11400889.0,112203298.0,723840000.0,0.015750565041998232,0.02000000000000135,0.2044989775051187,0.7157464212678966
2025-07-10,9.79,9.88,9.77,9.85,13326295.0,131726674.0,723840000.0,0.018410553437223694,0.049999999999998934,0.5102040816326481,1.122448979591849
2025-07-11,9.85,9.88,9.8,9.85,13585798.0,134386951.0,723840000.0,0.018769062223695846,0.0,0.0,0.812182741116752
2025-07-14,9.86,9.88,9.81,9.83,9495357.0,93868056.0,723840000.0,0.013118032990716181,-0.019999999999999574,-0.20304568527917954,0.7106598984771603
2025-07-15,9.82,9.82,9.66,9.7,17133074.0,167529690.0,723840000.0,0.02366969772325376,-0.13000000000000078,-1.322482197355046,1.6276703967446606
2025-07-16,9.71,9.75,9.66,9.72,8668058.0,84628834.0,723840000.0,0.011975102232537577,0.02000000000000135,0.20618556701033075,0.9278350515463903
2025-07-17,9.71,9.77,9.7,9.76,9151002.0,89571082.0,723840000.0,0.012642299403183024,0.03999999999999915,0.411522633744843,0.7201646090535008
2025-07-18,9.76,9.81,9.76,9.81,10421117.0,102501100.0,723840000.0,0.01439698966622458,0.05000000000000071,0.5122950819672178,0.5122950819672204
2025-07-21,9.81,9.87,9.79,9.86,16924055.0,167462224.0,723840000.0,0.02338093363174182,0.049999999999998934,0.5096839959225274,0.8154943934760456
2025-07-22,9.86,9.9,9.81,9.9,13836600.0,137149768.0,723840000.0,0.019115550397877983,0.040000000000000924,0.40567951318459805,0.912778904665313
2025-07-23,9.9,10.0,9.86,9.87,19224200.0,191658171.0,723840000.0,0.0265586317418214,-0.030000000000001137,-0.3030303030303161,1.4141414141414197
2025-07-24,9.87,10.05,9.87,10.05,23708049.0,238336460.0,723840000.0,0.032753162301061005,0.1800000000000015,1.823708206686936,1.8237082066869452
2025-07-25,10.1,10.14,9.98,10.0,15825200.0,159537553.0,723840000.0,0.02186284261715296,-0.05000000000000071,-0.4975124378109541,1.592039800995026
2025-07-28,10.0,10.08,9.93,9.95,13966685.0,140208898.0,723840000.0,0.019295265528293547,-0.05000000000000071,-0.5000000000000115,1.5000000000000036
2025-07-29,9.94,10.0,9.82,9.93,13236390.0,131511532.0,723840000.0,0.018286347811671086,-0.019999999999999574,-0.20100502512562235,1.8090452261306504
2025-07-30,9.91,10.05,9.89,9.98,17414960.0,174776874.0,723840000.0,0.024059129089301502,0.05000000000000071,0.503524672708977,1.6112789526686822
2025-07-31,9.99,10.01,9.8,9.81,15809699.0,157097678.0,723840000.0,0.02184142766357206,-0.16999999999999993,-1.7034068136272507,2.104208416833658
2025-08-01,9.81,9.86,9.72,9.78,17062000.0,167648755.0,723840000.0,0.023571507515473034,-0.030000000000001137,-0.3058103975535298,1.4271151885830662
2025-08-04,9.75,9.78,9.72,9.78,10245117.0,100373114.0,723840000.0,0.01415384200928382,0.0,0.0,0.6134969325153244
2025-08-05,9.78,9.83,9.75,9.82,10924105.0,107560732.0,723840000.0,0.015091878039345712,0.040000000000000924,0.4089979550102374,0.8179959100204507
2025-08-06,9.81,9.83,9.75,9.8,11908191.0,117122724.0,723840000.0,0.01645141329575597,-0.019999999999999574,-0.20366598778003286,0.8146639511201635
2025-08-07,9.8,9.81,9.76,9.8,11160103.0,109784645.0,723840000.0,0.015417914179929266,0.0,0.0,0.5102040816326603
2025-08-08,9.79,9.87,9.77,9.82,13358613.0,131990396.0,723840000.0,0.018455201425729442,0.019999999999999574,0.20408163265306367,1.0204081632653024
2025-08-11,9.83,9.86,9.8,9.84,12097842.0,119521247.0,723840000.0,0.016713420092838195,0.019999999999999574,0.20366598778003286,0.6109979633401091
2025-08-12,9.83,9.88,9.82,9.85,9621120.0,95224020.0,723840000.0,0.013291777188328913,0.009999999999999787,0.10162601626015899,0.6097560975609807
2025-08-13,9.95,9.99,9.85,9.89,17083450.0,169969053.0,723840000.0,0.023601141136162688,0.040000000000000924,0.4060913705583813,1.4213197969543205
2025-08-14,9.87,9.95,9.8,9.8,15709300.0,155905231.0,723840000.0,0.02170272435897436,-0.08999999999999986,-0.9100101112234582,1.516683518705749
2025-08-15,9.77,9.87,9.77,9.87,12547891.0,123944156.0,723840000.0,0.017335172137488947,0.06999999999999851,0.7142857142856895,1.0204081632653024
2025-08-18,9.88,9.97,9.88,9.93,18669821.0,186494362.0,723840000.0,0.02579274563439434,0.0600000000000005,0.6079027355623046,0.9118541033434636
2025-08-19,9.94,9.98,9.89,9.94,14117083.0,140928054.0,723840000.0,0.019503043490274093,0.009999999999999787,0.10070493454179541,0.9063444108761315
2025-08-20,9.93,10.05,9.89,10.04,19722603.0,197903032.0,723840000.0,0.027247185842175066,0.09999999999999964,1.0060362173038184,1.6096579476861181
2025-08-21,10.03,10.09,9.98,10.03,18971638.0,191267520.0,723840000.0,0.02620971209106985,-0.009999999999999787,-0.09960159362549792,1.0956175298804727
2025-08-22,10.01,10.06,9.97,10.06,16395565.0,165130511.0,723840000.0,0.022650813715738283,0.030000000000001137,0.29910269192423566,0.8973080757726806
2025-08-25,10.06,10.13,10.04,10.12,21467500.0,217685287.0,723840000.0,0.029657797303271442,0.05999999999999872,0.5964214711729587,0.8946322067594596
2025-08-26,10.09,10.17,10.07,10.12,16577582.0,168662482.0,723840000.0,0.022902273983200706,0.0,0.0,0.9881422924901151
2025-08-27,10.12,10.13,9.92,9.93,24061300.0,242515065.0,723840000.0,0.033241185897435896,-0.1899999999999995,-1.8774703557312256,2.0750988142292575
2025-08-28,9.93,10.07,9.83,9.98,21730488.0,217595967.0,723840000.0,0.03002112068965517,0.05000000000000071,0.503524672708977,2.4169184290030232
2025-08-29,10.0,10.15,9.99,10.14,26014764.0,263893369.0,723840000.0,0.03593993700265252,0.16000000000000014,1.603206412825653,1.6032064128256525
2025-09-01,10.17,10.28,10.1,10.23,28919145.0,297063480.0,723840000.0,0.039952399701591514,0.08999999999999986,0.8875739644970349,1.7751479289940801
2025-09-02,10.22,10.22,10.1,10.17,20997493.0,214195292.0,723840000.0,0.02900847286693192,-0.0600000000000005,-0.5865102639296182,1.1730205278592472
2025-09-03,10.19,10.21,9.95,10.06,23872667.0,241779917.0,723840000.0,0.03298058548850575,-0.10999999999999943,-1.0816125860373615,2.5565388397246958
2025-09-04,10.06,10.27,10.01,10.21,34407710.0,351949836.0,723840000.0,0.047534966290893016,0.15000000000000036,1.491053677932408,2.5844930417495005
2025-09-05,10.25,10.36,10.04,10.36,39090434.0,400701496.0,723840000.0,0.05400424679487179,0.14999999999999858,1.4691478942213454,3.1341821743388856
2025-09-08,10.32,10.46,10.26,10.3,32826524.0,340919103.0,723840000.0,0.04535052497789567,-0.05999999999999872,-0.5791505791505669,1.9305019305019409
2025-09-09,10.27,10.35,10.21,10.3,21564226.0,222634170.0,723840000.0,0.02979142628205128,0.0,0.0,1.359223300970862
2025-09-10,10.3,10.42,10.27,10.39,24875612.0,259121110.0,723840000.0,0.03436617484526967,0.08999999999999986,0.8737864077669855,1.4563106796116538
2025-09-11,10.35,10.36,10.18,10.33,23683192.0,243860404.0,723840000.0,0.03271882183908046,-0.0600000000000005,-0.5774783445620879,1.732435033686234
2025-09-12,10.29,10.37,10.25,10.26,21248800.0,220028596.0,723840000.0,0.029355658709106985,-0.07000000000000028,-0.6776379477250738,1.161665053242974
2025-09-15,10.27,10.3,10.17,10.26,15523130.0,159454432.0,723840000.0,0.0214455266357206,0.0,0.0,1.2670565302144325
2025-09-16,10.3,10.45,10.24,10.36,26665881.0,276885226.0,723840000.0,0.03683946866710875,0.09999999999999964,0.974658869395717,2.0467836257309853
2025-09-17,10.45,10.49,10.24,10.27,23912484.0,247639564.0,723840000.0,0.03303559350132626,-0.08999999999999986,-0.8687258687258725,2.413127413127413
2025-09-18,10.27,10.41,10.24,10.33,36137626.0,374509066.0,723840000.0,0.04992488118921309,0.0600000000000005,0.584225900681612,1.6553067185978572
2025-09-19,10.29,10.67,10.12,10.65,62172210.0,651562220.0,723840000.0,0.085892199933687,0.3200000000000003,3.0977734753146136,5.324298160697006
2025-09-22,10.58,10.58,10.24,10.29,37237949.0,388416492.0,723840000.0,0.05144500027630416,-0.3600000000000012,-3.3802816901408517,3.1924882629107967
2025-09-23,10.26,10.29,9.88,10.0,32030551.0,322297271.0,723840000.0,0.04425087173961097,-0.28999999999999915,-2.818270165208936,3.984450923226418
2025-09-24,9.96,10.04,9.85,10.03,17931218.0,179479011.0,723840000.0,0.024772350243147657,0.02999999999999936,0.29999999999998916,1.899999999999995
2025-09-25,9.99,10.04,9.9,9.96,17432170.0,174473105.0,723840000.0,0.024082905061892132,-0.06999999999999851,-0.6979062811565129,1.3958125623130488
2025-09-26,9.93,9.97,9.89,9.9,10102931.0,100802969.0,723840000.0,0.013957409095932802,-0.0600000000000005,-0.6024096385542244,0.8032128514056232
2025-09-29,9.9,9.92,9.78,9.89,14778741.0,146416126.0,723840000.0,0.02041713776525199,-0.009999999999999787,-0.10101010101010166,1.4141414141414197
2025-09-30,9.89,9.92,9.81,9.81,13776473.0,136399515.0,723840000.0,0.019032483698054818,-0.08000000000000007,-0.8088978766430777,1.1122345803842206
2025-10-09,9.82,9.82,9.62,9.69,21156200.0,205871351.0,723840000.0,0.029227729885057473,-0.120000000000001,-1.2232415902140747,2.038735983690123
2025-10-10,9.68,9.75,9.67,9.71,13351554.0,130431117.0,723840000.0,0.01844544927055703,0.02000000000000135,0.20639834881321928,0.8255933952528388
2025-10-13,9.55,9.63,9.48,9.61,14164407.0,136197744.0,723840000.0,0.019568422579575598,-0.10000000000000142,-1.029866117404754,1.5447991761071096
2025-10-14,9.61,9.69,9.61,9.64,11598893.0,112577091.0,723840000.0,0.0160241116821397,0.030000000000001137,0.3121748178980255,0.8324661810613951
2025-10-15,9.66,9.72,9.63,9.71,8683195.0,84558657.0,723840000.0,0.01199601431255526,0.07000000000000028,0.7261410788381717,0.9336099585062225
2025-10-16,9.71,9.74,9.63,9.66,8767362.0,85217773.0,723840000.0,0.012112292771883288,-0.05000000000000071,-0.5149330587023715,1.132852729145205
2025-10-17,9.65,9.69,9.52,9.53,10442980.0,100727630.0,723840000.0,0.01442719385499558,-0.13000000000000078,-1.345755693581785,1.7598343685300202
2025-10-20,9.58,9.66,9.57,9.64,9092983.0,87934247.0,723840000.0,0.012562144949160036,0.11000000000000121,1.1542497376705319,0.9443861490031464
2025-10-21,9.66,9.69,9.62,9.66,8983395.0,87309240.0,723840000.0,0.012410746850132626,0.019999999999999574,0.20746887966804906,0.7261410788381771
2025-10-22,9.66,9.7,9.64,9.68,7345027.0,71430798.0,723840000.0,0.010147307416003537,0.019999999999999574,0.20703933747412417,0.621118012422347
2025-10-23,9.67,9.72,9.63,9.71,7963987.0,77484067.0,723840000.0,0.011002413516799293,0.030000000000001137,0.30991735537191367,0.9297520661157012
2025-10-24,9.71,9.72,9.65,9.66,9403836.0,91399527.0,723840000.0,0.012991594827586207,-0.05000000000000071,-0.5149330587023715,0.7209062821833191
2025-10-27,9.68,9.69,9.64,9.66,9102176.0,88408364.0,723840000.0,0.012574845269672856,0.0,0.0,0.5175983436852892
2025-10-28,9.65,9.69,9.63,9.64,7626336.0,74011855.0,723840000.0,0.010535941644562334,-0.019999999999999574,-0.20703933747411307,0.621118012422347
2025-10-29,9.64,9.64,9.58,9.63,9197324.0,88794815.0,723840000.0,0.012706294208664898,-0.009999999999999787,-0.10373443983402453,0.6224066390041545
2025-10-30,9.63,9.66,9.58,9.61,9257386.0,89486870.0,723840000.0,0.01278927110963749,-0.02000000000000135,-0.20768431983386737,0.8307372793354109
2025-10-31,9.56,9.65,9.56,9.65,10454907.0,101044475.0,723840000.0,0.01444367125331565,0.040000000000000924,0.41623309053071544,0.9365244536940672
2025-11-03,9.65,9.69,9.62,9.68,9356508.0,90833486.0,723840000.0,0.012926210212201592,0.02999999999999936,0.31088082901553626,0.7253886010362723
2025-11-04,9.67,9.74,9.65,9.7,12292087.0,119786320.0,723840000.0,0.01698177359637489,0.019999999999999574,0.20661157024792765,0.9297520661157012
2025-11-05,9.68,9.78,9.65,9.75,15984703.0,156438938.0,723840000.0,0.02208319932581786,0.05000000000000071,0.5154639175257714,1.3402061855670002
2025-11-06,9.75,9.75,9.68,9.72,10173320.0,99300323.0,723840000.0,0.014054652961980548,-0.02999999999999936,-0.3076923076922977,0.717948717948721
2025-11-07,9.72,9.78,9.71,9.73,10058107.0,98468102.0,723840000.0,0.01389548380857648,0.009999999999999787,0.10288065843622185,0.7201646090534826
2025-11-10,9.75,9.9,9.71,9.88,18689187.0,184764609.0,723840000.0,0.025819500165782494,0.15000000000000036,1.541623843782114,1.9527235354573433
2025-11-11,9.86,9.88,9.82,9.87,11972081.0,118553697.0,723840000.0,0.01653967865826702,-0.010000000000001563,-0.10121457489880026,0.6072874493927175
2025-11-12,9.87,9.94,9.81,9.84,12731857.0,126244425.0,723840000.0,0.017589324988947833,-0.02999999999999936,-0.3039513677811523,1.3171225937183284
2025-11-13,9.83,9.97,9.79,9.92,15679840.0,155462760.0,723840000.0,0.021662024756852343,0.08000000000000007,0.8130081300812941,1.829268292682942
2025-11-14,9.88,9.99,9.83,9.84,12821100.0,127558720.0,723840000.0,0.017712616047745357,-0.08000000000000007,-0.8064516129032251,1.6129032258064528
2025-11-17,9.83,9.84,9.73,9.81,12009759.0,118149793.0,723840000.0,0.016591731598143235,-0.02999999999999936,-0.304878048780477,1.1178861788617829
2025-11-18,9.79,9.81,9.68,9.7,11046060.0,107967060.0,723840000.0,0.015260361405835544,-0.11000000000000121,-1.121304791029576,1.325178389398581
2025-11-19,9.74,9.75,9.64,9.71,9873611.0,96171856.0,723840000.0,0.013640598751105217,0.010000000000001563,0.10309278350517648,1.1340206185566952
2025-11-20,9.73,9.75,9.62,9.63,11032563.0,107254249.0,723840000.0,0.015241715019893898,-0.08000000000000007,-0.8238928939237944,1.3388259526261665
2025-11-21,9.56,9.64,9.41,9.43,17927063.0,171562904.0,723840000.0,0.024766610024314767,-0.20000000000000107,-2.0768431983385405,2.3883696780893087
2025-11-24,9.47,9.59,9.44,9.55,10827037.0,103587357.0,723840000.0,0.01495777658045977,0.120000000000001,1.2725344644750836,1.5906680805938531
2025-11-25,9.56,9.63,9.52,9.62,11552100.0,111075752.0,723840000.0,0.015959466180371352,0.06999999999999851,0.7329842931937058,1.1518324607329968
2025-11-26,9.6,9.63,9.51,9.54,8738144.0,84062983.0,723840000.0,0.012071927497789566,-0.08000000000000007,-0.8316008316008316,1.247401247401258
2025-11-27,9.54,9.59,9.49,9.51,7614569.0,73009258.0,723840000.0,0.010519685289566755,-0.02999999999999936,-0.3144654088050203,1.0482180293501013
2025-11-28,9.51,9.53,9.46,9.52,7263772.0,69302739.0,723840000.0,0.010035051945181256,0.009999999999999787,0.1051524710830698,0.7360672975814775
2025-12-01,9.53,9.62,9.53,9.58,10089264.0,97143738.0,723840000.0,0.013938527851458885,0.0600000000000005,0.6302521008403339,0.9453781512605027
2025-12-02,9.58,9.62,9.51,9.59,8459451.0,81355097.0,723840000.0,0.011686907327586206,0.009999999999999787,0.10438413361169019,1.1482254697285954
2025-12-03,9.58,9.61,9.53,9.55,9276131.0,89213108.0,723840000.0,0.012815167716622458,-0.03999999999999915,-0.4171011470281427,0.8342022940563094
2025-12-04,9.56,9.56,9.43,9.48,9480700.0,90267679.0,723840000.0,0.013097784040671972,-0.07000000000000028,-0.7329842931937169,1.361256544502626
2025-12-05,9.47,9.52,9.43,9.51,6414900.0,61121993.0,723840000.0,0.008862317639257294,0.02999999999999936,0.31645569620253333,0.9493670886075934
2025-12-08,9.52,9.56,9.49,9.52,8236968.0,78840005.0,723840000.0,0.011379542440318302,0.009999999999999787,0.1051524710830698,0.7360672975814961
2025-12-09,9.53,9.53,9.46,9.48,7555745.0,72044237.0,723840000.0,0.010438418711317418,-0.03999999999999915,-0.42016806722687816,0.7352941176470432
2025-12-10,9.52,9.53,9.45,9.51,7574851.0,72274324.0,723840000.0,0.010464814047303272,0.02999999999999936,0.31645569620253333,0.8438818565400852
2025-12-11,9.5,9.5,9.36,9.41,11906057.0,112754135.0,723840000.0,0.016448465130415563,-0.09999999999999964,-1.051524710830698,1.4721345951629923
2025-12-12,9.41,9.44,9.35,9.38,13807483.0,130081941.0,723840000.0,0.019075324657382847,-0.02999999999999936,-0.31880977683315104,0.9564293304994672
2025-12-15,9.37,9.38,9.29,9.32,8893216.0,83419268.0,723840000.0,0.012286162687886825,-0.0600000000000005,-0.6396588486140775,0.9594882729211262
2025-12-16,9.31,9.38,9.28,9.31,8712939.0,81687677.0,723840000.0,0.01203710626657825,-0.009999999999999787,-0.10729613733905241,1.0729613733905732
2025-12-17,9.34,9.47,9.32,9.45,14009901.0,132588675.0,723840000.0,0.01935496933023873,0.1399999999999988,1.5037593984962294,1.6111707841031184
2025-12-18,9.42,9.55,9.38,9.51,13112507.0,125056201.0,723840000.0,0.018115200873121132,0.0600000000000005,0.6349206349206327,1.7989417989417982
2025-12-19,9.58,10.1,9.5,9.99,57361894.0,567084124.0,723840000.0,0.0792466484305924,0.4800000000000004,5.047318611987395,6.309148264984224
2025-12-22,10.14,10.37,10.14,10.17,70302518.0,722572563.0,723840000.0,0.09712438936781609,0.17999999999999972,1.8018018018018056,2.3023023023022886
2025-12-23,10.12,10.55,10.04,10.22,51835876.0,532280329.0,723840000.0,0.07161233974358974,0.05000000000000071,0.4916420845624492,5.014749262536888
2025-12-24,10.22,10.25,10.04,10.15,30531139.0,311542113.0,723840000.0,0.04217940290671972,-0.07000000000000028,-0.6849315068493178,2.0547945205479534
2025-12-25,10.13,10.19,9.95,10.07,29540431.0,298600396.0,723840000.0,0.040810719219717066,-0.08000000000000007,-0.7881773399014746,2.3645320197044355
2025-12-26,10.03,10.1,9.9,9.99,28888757.0,290154444.0,723840000.0,0.03991041804818744,-0.08000000000000007,-0.7944389275074459,1.9860973187686124
2025-12-29,10.0,10.07,9.89,9.9,25887743.0,259036875.0,723840000.0,0.035764454851900974,-0.08999999999999986,-0.9009009009009028,1.801801801801799
2025-12-30,9.84,10.01,9.7,9.96,31572290.0,312621719.0,723840000.0,0.04361777464633068,0.0600000000000005,0.60606060606061,3.1313131313131364
2025-12-31,9.94,9.98,9.79,9.83,24957425.0,247341827.0,723840000.0,0.034479201204686116,-0.13000000000000078,-1.3052208835341417,1.907630522088366
2026-01-05,9.83,9.84,9.67,9.74,29154838.0,285003051.0,723840000.0,0.04027801447833775,-0.08999999999999986,-0.915564598168872,1.7293997965411996
2026-01-06,9.74,9.8,9.71,9.79,21196761.0,207935770.0,723840000.0,0.02928376574933687,0.049999999999998934,0.5133470225872516,0.9240246406570828
2026-01-07,9.8,9.99,9.77,9.92,33263562.0,330568930.0,723840000.0,0.04595430205570292,0.13000000000000078,1.3278855975485282,2.247191011235962
2026-01-08,9.75,9.86,9.75,9.82,20863510.0,205524115.0,723840000.0,0.02882337256852343,-0.09999999999999964,-1.0080645161290258,1.1088709677419297
2026-01-09,9.82,9.96,9.78,9.93,34726245.0,343910566.0,723840000.0,0.047975029011936336,0.10999999999999943,1.1201629327902252,1.832993890020382
2026-01-12,9.93,10.11,9.89,10.08,35356876.0,355290363.0,723840000.0,0.04884625884173298,0.15000000000000036,1.5105740181268867,2.215508559919425
2026-01-13,10.08,10.08,9.92,9.94,24357396.0,244570525.0,723840000.0,0.03365024867374005,-0.14000000000000057,-1.388888888888895,1.5873015873015885
2026-01-14,9.94,10.08,9.86,10.02,32389980.0,325163531.0,723840000.0,0.04474743037135279,0.08000000000000007,0.8048289738430636,2.213279678068417
2026-01-15,10.35,10.54,10.19,10.27,63947972.0,664408225.0,723840000.0,0.08834545203359859,0.25,2.4950099800399306,3.4930139720558846
2026-01-16,10.1,10.23,9.91,9.92,44309379.0,447048505.0,723840000.0,0.06121432775198939,-0.34999999999999964,-3.40798442064264,3.115871470301853
2026-01-19,9.89,10.17,9.89,10.16,28145570.0,284946183.0,723840000.0,0.03888368976569408,0.2400000000000002,2.4193548387096753,2.822580645161284
2026-01-20,10.12,10.19,10.04,10.17,19465919.0,197943570.0,723840000.0,0.026892571562776305,0.009999999999999787,0.09842519685039353,1.4763779527559089
2026-01-21,10.1,10.14,10.0,10.06,14782300.0,149476823.0,723840000.0,0.02042205459770115,-0.10999999999999943,-1.0816125860373615,1.3765978367748335
2026-01-22,10.05,10.14,10.02,10.08,13595371.0,137662111.0,723840000.0,0.018782287522104334,0.019999999999999574,0.1988071570576455,1.1928429423459344
2026-01-23,10.1,10.11,10.05,10.07,15229686.0,154160346.0,723840000.0,0.021040127652519895,-0.009999999999999787,-0.09920634920634885,0.5952380952380826
2026-01-26,10.04,10.07,9.89,9.94,20727832.0,207326725.0,723840000.0,0.02863593059239611,-0.13000000000000078,-1.2909632571996066,1.7874875868917548
2026-01-27,9.83,9.86,9.61,9.65,25689651.0,250478903.0,723840000.0,0.03549078663793104,-0.28999999999999915,-2.917505030181078,2.5150905432595576
2026-01-28,9.67,9.71,9.64,9.67,14550352.0,141443528.0,723840000.0,0.02010161361626879,0.019999999999999574,0.2072538860103501,0.7253886010362723
2026-01-29,9.67,9.8,9.57,9.79,20503467.0,200403669.0,723840000.0,0.02832596568302387,0.11999999999999922,1.2409513960703222,2.3784901758014523
2026-01-30,9.81,9.98,9.81,9.83,24127743.0,239905296.0,723840000.0,0.03333297828249337,0.040000000000000924,0.40858018386109585,1.7364657814096012
2026-02-02,9.8,10.11,9.75,9.9,30835460.0,310014955.0,723840000.0,0.04259982869142352,0.07000000000000028,0.7121057985757906,3.662258392675478
2026-02-03,9.91,10.07,9.85,9.95,16374038.0,163505995.0,723840000.0,0.022621073717948716,0.049999999999998934,0.5050505050504972,2.2222222222222285
2026-02-04,9.92,10.04,9.88,10.0,15504361.0,155660949.0,723840000.0,0.02141959687223696,0.05000000000000071,0.5025125628140836,1.608040201005009
2026-02-05,10.0,10.17,9.96,10.12,20610914.0,209124689.0,723840000.0,0.02847440594606543,0.11999999999999922,1.200000000000001,2.0999999999999908
2026-02-06,10.1,10.12,9.96,10.0,15604200.0,157182752.0,723840000.0,0.02155752652519894,-0.11999999999999922,-1.1857707509881354,1.5810276679841737
2026-02-09,10.07,10.07,9.97,10.05,13245815.0,133426922.0,723840000.0,0.01829936864500442,0.05000000000000071,0.5000000000000115,0.9999999999999963
2026-02-10,10.02,10.17,9.9,10.15,25383684.0,256418232.0,723840000.0,0.03506808687002653,0.09999999999999964,0.995024875621886,2.6865671641791
2026-02-11,10.13,10.13,9.95,10.0,17724378.0,178268940.0,723840000.0,0.02448659648541114,-0.15000000000000036,-1.4778325123152691,1.7733990147783398
2026-02-12,9.98,10.0,9.8,9.82,21232300.0,210379862.0,723840000.0,0.02933286361626879,-0.17999999999999972,-1.8000000000000016,1.9999999999999927
2026-02-13,9.83,10.04,9.79,9.9,21341456.0,212476964.0,723840000.0,0.02948366489832007,0.08000000000000007,0.8146639511201537,2.545824847250509
2026-02-24,9.93,9.95,9.68,9.76,20780486.0,203363443.0,723840000.0,0.02870867318744474,-0.14000000000000057,-1.4141414141414232,2.727272727272723
2026-02-25,9.76,9.84,9.74,9.77,14728595.0,145003910.0,723840000.0,0.020347860024314764,0.009999999999999787,0.10245901639343025,1.0245901639344226
2026-02-26,9.75,9.8,9.69,9.7,12766576.0,124748696.0,723840000.0,0.017637290008841733,-0.07000000000000028,-0.7164790174002067,1.1258955987717627
2026-02-27,9.7,9.79,9.7,9.76,10231297.0,100227567.0,723840000.0,0.014134749392130858,0.0600000000000005,0.6185567010309256,0.9278350515463903
2026-03-02,9.63,9.68,9.48,9.56,23358659.0,224531295.0,723840000.0,0.032270472756410255,-0.1999999999999993,-2.049180327868849,2.049180327868845
2026-03-03,9.53,9.62,9.37,9.43,17847225.0,170598149.0,723840000.0,0.024656312168435012,-0.13000000000000078,-1.3598326359832713,2.615062761506276
2026-03-04,9.39,9.47,9.24,9.32,18753735.0,176103766.0,723840000.0,0.025908674568965517,-0.10999999999999943,-1.166489925768821,2.439024390243907
2026-03-05,9.4,9.42,9.31,9.35,10146600.0,95653987.0,723840000.0,0.01401773872679045,0.02999999999999936,0.32188841201716833,1.1802575107296076
2026-03-06,9.33,9.47,9.3,9.45,8168935.0,77320777.0,723840000.0,0.011285553437223695,0.09999999999999964,1.0695187165775444,1.8181818181818175
2026-03-09,9.37,9.43,9.34,9.42,11072500.0,104351658.0,723840000.0,0.015296888815207781,-0.02999999999999936,-0.31746031746030523,0.9523809523809509
2026-03-10,9.47,9.5,9.45,9.49,9250670.0,88161883.0,723840000.0,0.012779992816091955,0.07000000000000028,0.7430997876857859,0.5307855626327039
2026-03-11,9.48,9.49,9.41,9.45,7350400.0,69734883.0,723840000.0,0.01015473032714412,-0.040000000000000924,-0.42149631190727677,0.8429926238145424
2026-03-12,9.45,9.49,9.43,9.48,10065862.0,95697239.0,723840000.0,0.013906197502210433,0.030000000000001137,0.31746031746033854,0.6349206349206402
2026-03-13,9.47,9.53,9.39,9.41,11949636.0,113772969.0,723840000.0,0.016508670424403182,-0.07000000000000028,-0.7383966244725815,1.4767932489451348
2026-03-16,9.37,9.49,9.37,9.48,8237216.0,78197041.0,723840000.0,0.011379885057471265,0.07000000000000028,0.7438894792773709,1.2752391073326355
2026-03-17,9.48,9.55,9.42,9.43,8927061.0,85193693.0,723840000.0,0.01233292025862069,-0.05000000000000071,-0.527426160337563,1.3713080168776455
2026-03-18,9.45,9.45,9.32,9.4,10000700.0,94155434.0,723840000.0,0.013816174845269672,-0.02999999999999936,-0.31813361611876534,1.3785790031813256
2026-03-19,9.34,9.37,9.25,9.28,10203350.0,95363607.0,723840000.0,0.014096140030946065,-0.120000000000001,-1.276595744680864,1.2765957446808427
2026-03-20,9.29,9.31,9.23,9.23,9279992.0,86359968.0,723840000.0,0.012820501768346596,-0.049999999999998934,-0.5387931034482651,0.8620689655172422
2026-03-23,9.13,9.14,8.84,8.88,16007972.0,144512345.0,723840000.0,0.02211534593280283,-0.34999999999999964,-3.7919826652220934,3.2502708559046662
2026-03-24,8.99,9.07,8.89,9.07,7541854.0,68025342.0,723840000.0,0.010419228006189213,0.1899999999999995,2.1396396396396344,2.0270270270270236
2026-03-25,9.06,9.21,9.03,9.2,9024158.0,82908212.0,723840000.0,0.012467061781609196,0.129999999999999,1.4332965821389099,1.9845644983462127
2026-03-26,9.17,9.22,9.06,9.11,6832695.0,62741415.0,723840000.0,0.009439510112732096,-0.08999999999999986,-0.9782608695652173,1.7391304347826104
2026-03-27,8.98,9.16,8.98,9.15,6043348.0,55284472.0,723840000.0,0.0083490108311229,0.040000000000000924,0.4390779363337094,1.9758507135016437
2026-03-30,9.02,9.16,9.01,9.15,5129794.0,46934788.0,723840000.0,0.007086916998231653,0.0,0.0,1.6393442622950858
2026-03-31,9.14,9.23,9.12,9.14,5652252.0,52099171.0,723840000.0,0.007808703580901857,-0.009999999999999787,-0.10928961748634114,1.2021857923497399
2026-04-01,9.21,9.26,9.14,9.25,8352272.0,77351784.0,723840000.0,0.011538837312113174,0.10999999999999943,1.2035010940919078,1.3129102844638865
2026-04-02,9.24,9.24,9.1,9.15,6192804.0,57012600.0,723840000.0,0.008555487400530503,-0.09999999999999964,-1.0810810810810811,1.5135135135135198
2026-04-03,9.16,9.17,8.98,9.03,6474501.0,58792120.0,723840000.0,0.008944657659151194,-0.120000000000001,-1.3114754098360715,2.0765027322404315
2026-04-07,9.03,9.09,9.0,9.08,4740851.0,43069390.0,723840000.0,0.0065495841622458,0.05000000000000071,0.5537098560354448,0.9966777408637859
2026-04-08,9.19,9.29,9.18,9.29,12461048.0,115691431.0,723840000.0,0.0172151967285588,0.20999999999999908,2.312775330396466,1.211453744493386
2026-04-09,9.23,9.23,9.15,9.16,6603201.0,60877797.0,723840000.0,0.009122459383289124,-0.129999999999999,-1.399354144241105,0.8611410118406897
2026-04-10,9.2,9.29,9.18,9.23,6751187.0,62676069.0,723840000.0,0.009326905117152963,0.07000000000000028,0.7641921397379958,1.2008733624454087
2026-04-13,9.19,9.23,9.14,9.21,4481461.0,41325453.0,723840000.0,0.0061912314876215735,-0.019999999999999574,-0.21668472372696757,0.975081256771396
2026-04-14,9.22,9.25,9.14,9.23,5445800.0,50252323.0,723840000.0,0.007523485853227233,0.019999999999999574,0.21715526601520097,1.1943539630835986
2026-04-15,9.24,9.31,9.2,9.26,9480856.0,88173313.0,723840000.0,0.013097999557913352,0.02999999999999936,0.3250270855904569,1.1917659804983878
2026-04-16,9.23,9.35,9.22,9.33,11103590.0,103842427.0,723840000.0,0.015339840296198054,0.07000000000000028,0.7559395248380119,1.4038876889848706
2026-04-17,9.29,9.3,9.21,9.26,7954293.0,73919046.0,723840000.0,0.010989021054376658,-0.07000000000000028,-0.7502679528403,0.9646302250803843
2026-04-20,9.25,9.29,9.22,9.28,6750917.0,62856071.0,723840000.0,0.009326532106542882,0.019999999999999574,0.21598272138227959,0.7559395248379969
2026-04-21,9.27,9.32,9.16,9.21,7792152.0,72158091.0,723840000.0,0.010765019893899204,-0.06999999999999851,-0.754310344827569,1.7241379310344844
2026-04-22,9.16,9.19,9.12,9.14,7118011.0,65339082.0,723840000.0,0.00983368009504863,-0.07000000000000028,-0.7600434310532034,0.760043431053206
2026-04-23,9.15,9.17,9.06,9.1,7336210.0,67053203.0,723840000.0,0.010135126547303272,-0.040000000000000924,-0.4376367614879806,1.2035010940918973
2026-04-24,9.06,9.1,8.99,9.08,5816774.0,52807287.0,723840000.0,0.0080359941423519,-0.019999999999999574,-0.219780219780219,1.2087912087912025
2026-04-27,9.02,9.12,9.0,9.11,6239062.0,56734708.0,723840000.0,0.008619393788682582,0.02999999999999936,0.330396475770911,1.3215859030836918
2026-04-28,9.09,9.09,8.93,8.99,9404048.0,85053961.0,723840000.0,0.012991887709991158,-0.11999999999999922,-1.3172338090010838,1.7563117453347987
2026-04-29,8.98,9.09,8.97,9.07,7202031.0,65521452.0,723840000.0,0.009949755470822282,0.08000000000000007,0.8898776418242438,1.334816462736365
2026-04-30,8.97,9.03,8.95,8.97,9795547.0,88318812.0,723840000.0,0.013532751713085765,-0.09999999999999964,-1.1025358324145529,0.8820286659316435
2026-05-06,8.97,8.99,8.88,8.92,9521724.0,85337907.0,723840000.0,0.013154459549071618,-0.05000000000000071,-0.5574136008918651,1.2263099219620894
2026-05-07,8.94,8.97,8.87,8.89,7857749.0,70194512.0,723840000.0,0.010855643512378426,-0.02999999999999936,-0.33632286995515237,1.1210762331838724
2026-05-08,8.89,8.91,8.86,8.9,7007003.0,62573847.0,723840000.0,0.009680320236516358,0.009999999999999787,0.11248593925758943,0.5624296962879719
2026-05-11,8.88,8.9,8.83,8.86,9199810.0,81784833.0,723840000.0,0.012709728669319187,-0.040000000000000924,-0.44943820224719877,0.7865168539325874
2026-05-12,8.86,8.87,8.76,8.77,10234302.0,90379685.0,723840000.0,0.014138900862068966,-0.08999999999999986,-1.0158013544018019,1.241534988713312
2026-05-13,8.76,8.77,8.71,8.77,5531349.0,48534879.0,723840000.0,0.007641673574270557,0.0,0.0,0.6841505131128702
2026-05-14,8.76,8.77,8.66,8.67,6359100.0,55507867.0,723840000.0,0.008785228779840849,-0.09999999999999964,-1.1402508551881407,1.2542759407069493
2026-05-15,8.65,8.66,8.46,8.49,12267073.0,105143407.0,723840000.0,0.016947216235632185,-0.17999999999999972,-2.076124567474047,2.3068050749711566
2026-05-18,8.49,8.49,8.32,8.35,7459226.0,62784491.0,723840000.0,0.010305075707338638,-0.14000000000000057,-1.6489988221437102,2.0023557126030616
2026-05-19,8.35,8.41,8.33,8.39,5014506.0,42179784.0,723840000.0,0.006927644230769231,0.040000000000000924,0.47904191616767733,0.9580838323353302
2026-05-20,8.37,8.39,8.22,8.24,6321920.0,52517473.0,723840000.0,0.008733863837312113,-0.15000000000000036,-1.7878426698450522,2.02622169249106
2026-05-21,8.24,8.33,8.14,8.18,7454726.0,61702038.0,723840000.0,0.010298858863837312,-0.0600000000000005,-0.728155339805836,2.3058252427184405
2026-05-22,8.17,8.19,7.99,8.01,10712814.0,86716238.0,723840000.0,0.014799975132625995,-0.16999999999999993,-2.0782396088019572,2.444987775061116
2026-05-25,8.01,8.02,7.87,7.88,11929515.0,95030580.0,723840000.0,0.016480872844827587,-0.1299999999999999,-1.6229712858926382,1.872659176029956
2026-05-26,7.88,7.95,7.77,7.81,11471912.0,90453006.0,723840000.0,0.015848684792219275,-0.07000000000000028,-0.8883248730964466,2.2842639593908705
2026-05-27,7.82,7.85,7.61,7.71,11944770.0,92361408.0,723840000.0,0.01650194794429708,-0.09999999999999964,-1.2804097311139517,3.0729833546734873
2026-05-28,7.67,7.72,7.6,7.65,7544872.0,58115311.0,723840000.0,0.010423397435897435,-0.05999999999999961,-0.7782101167315147,1.5564202334630364
2026-05-29,7.64,7.89,7.63,7.78,12736289.0,99684476.0,723840000.0,0.01759544788903625,0.1299999999999999,1.6993464052287521,3.398692810457513
2026-06-01,7.79,7.94,7.68,7.93,8622575.0,68028848.0,723840000.0,0.011912266522988506,0.14999999999999947,1.9280205655527016,3.3419023136246873
2026-06-02,7.89,7.91,7.83,7.86,5874965.0,46441039.0,723840000.0,0.008116386217948718,-0.0699999999999994,-0.8827238335434973,1.008827238335436
2026-06-03,7.89,7.89,7.71,7.77,6492793.0,50634718.0,723840000.0,0.008969928437223695,-0.09000000000000075,-1.1450381679389388,2.290076335877859
2026-06-04,7.76,7.81,7.46,7.5,9653499.0,73555563.0,723840000.0,0.013336509449602123,-0.2699999999999996,-3.474903474903468,4.5045045045045
2026-06-05,7.52,7.67,7.52,7.61,6911762.0,52790706.0,723840000.0,0.009548742816091953,0.11000000000000032,1.4666666666666606,2.000000000000005
2026-06-08,7.47,7.61,7.39,7.51,7670628.0,57716428.0,723840000.0,0.010597131962864721,-0.10000000000000053,-1.3140604467805628,2.8909329829172226
2026-06-09,7.48,7.52,7.35,7.38,9033116.0,67329058.0,723840000.0,0.012479437444739169,-0.1299999999999999,-1.7310252996005304,2.263648468708388
2026-06-10,7.37,7.55,7.35,7.46,9332464.0,69297452.0,723840000.0,0.012892992926613616,0.08000000000000007,1.084010840108407,2.7100271002710055
2026-06-11,7.42,7.43,7.2,7.27,10477815.0,76258691.0,723840000.0,0.014475319131299735,-0.1900000000000004,-2.5469168900804307,3.083109919571039
2026-06-12,7.3,7.42,7.25,7.4,12073550.0,88505946.0,723840000.0,0.01667986019009726,0.13000000000000078,1.7881705639614998,2.3383768913342493
2026-06-15,7.4,7.54,7.38,7.45,9446699.0,70331209.0,723840000.0,0.013050810952696728,0.04999999999999982,0.6756756756756799,2.162162162162164
2026-06-16,7.45,7.46,7.31,7.36,6987914.0,51317783.0,723840000.0,0.009653948386383731,-0.08999999999999986,-1.2080536912751683,2.013422818791951
2026-06-17,7.35,7.35,7.09,7.16,12651566.0,90534569.0,723840000.0,0.017478401304155615,-0.20000000000000018,-2.717391304347827,3.5326086956521707
2026-06-18,7.14,7.14,7.02,7.07,8247478.0,58395429.0,723840000.0,0.011394062223695845,-0.08999999999999986,-1.2569832402234637,1.6759776536312863
