date,open,high,low,close,volume,amount,outstanding_share,turnover,change,pct_chg,amplitude
2023-03-06,10.48,10.53,10.41,10.42,9984401.0,110629666.0,1092364697.0,0.009140171801066544,,,
2023-03-07,10.42,10.51,10.33,10.34,10305300.0,113635477.0,1092364697.0,0.009433937244861365,-0.08000000000000007,-0.7677543186180413,1.7274472168905923
2023-03-08,10.31,10.34,10.26,10.31,5465280.0,59572706.0,1092364697.0,0.005003164250006882,-0.02999999999999936,-0.29013539651836506,0.773694390715668
2023-03-09,10.31,10.37,10.25,10.34,5179680.0,56607529.0,1092364697.0,0.004741713105728461,0.02999999999999936,0.29097963142579175,1.1639185257031932
2023-03-10,10.3,10.31,10.19,10.25,5818520.0,63060268.0,1092364697.0,0.005326536106466649,-0.08999999999999986,-0.8704061895551285,1.1605415860735107
2023-03-13,10.24,10.25,10.1,10.15,7509894.0,80619720.0,1092364697.0,0.006874896287498753,-0.09999999999999964,-0.9756097560975618,1.4634146341463448
2023-03-14,10.16,10.24,10.04,10.05,7209800.0,77267108.0,1092364697.0,0.006600176680737239,-0.09999999999999964,-0.9852216748768461,1.970443349753705
2023-03-15,10.06,10.23,10.06,10.16,6237309.0,67224177.0,1092364697.0,0.005709914479230007,0.10999999999999943,1.0945273631840724,1.6915422885572133
2023-03-16,10.11,10.28,10.11,10.17,7705600.0,83282809.0,1092364697.0,0.007054054402492284,0.009999999999999787,0.09842519685039353,1.673228346456692
2023-03-17,10.22,10.24,10.12,10.14,8593051.0,92534490.0,1092364697.0,0.00786646714563314,-0.02999999999999936,-0.2949852507374562,1.1799410029498625
2023-03-20,10.15,10.16,9.97,9.97,9441696.0,100151363.0,1092364697.0,0.008643355123000648,-0.16999999999999993,-1.6765285996055201,1.873767258382638
2023-03-21,9.98,10.11,9.98,10.1,5091592.0,54254427.0,1092364697.0,0.004661073370444157,0.129999999999999,1.3039117352056095,1.3039117352056069
2023-03-22,10.13,10.2,10.11,10.14,5196500.0,55833103.0,1092364697.0,0.004757110893707324,0.040000000000000924,0.3960396039603964,0.8910891089108898
2023-03-23,10.11,10.18,10.06,10.14,4767906.0,51044840.0,1092364697.0,0.004364756580924182,0.0,0.0,1.1834319526627142
2023-03-24,10.18,10.22,10.07,10.08,5967211.0,63958242.0,1092364697.0,0.005462654566179192,-0.0600000000000005,-0.591715976331364,1.4792899408284057
2023-03-27,10.09,10.16,10.0,10.09,6013200.0,64190900.0,1092364697.0,0.005504754974702372,0.009999999999999787,0.09920634920634885,1.5873015873015885
2023-03-28,10.1,10.11,10.01,10.07,6645971.0,70729652.0,1092364697.0,0.006084022138624643,-0.019999999999999574,-0.1982160555004886,0.9910802775024742
2023-03-29,10.08,10.1,9.93,9.95,5880144.0,62134792.0,1092364697.0,0.00538294950042678,-0.120000000000001,-1.1916583912611856,1.688182720953326
2023-03-30,9.95,9.97,9.82,9.88,6532796.0,68289086.0,1092364697.0,0.005980416630033221,-0.06999999999999851,-0.7035175879396838,1.507537688442215
2023-03-31,9.9,10.13,9.89,10.08,7695755.0,81990288.0,1092364697.0,0.00704504184466518,0.1999999999999993,2.0242914979756943,2.4291497975708523
2023-04-03,10.07,10.18,10.07,10.11,7843006.0,84130775.0,1092364697.0,0.007179842063314135,0.02999999999999936,0.29761904761904656,1.0912698412698356
2023-04-04,10.13,10.2,10.09,10.19,8931760.0,96045165.0,1092364697.0,0.00817653666813804,0.08000000000000007,0.7912957467853587,1.0880316518298658
2023-04-06,10.15,10.21,10.12,10.14,6363437.0,68427738.0,1092364697.0,0.005825377749277447,-0.049999999999998934,-0.4906771344455274,0.8832188420019788
2023-04-07,10.17,10.28,10.14,10.26,8595100.0,93244514.0,1092364697.0,0.007868342892813206,0.11999999999999922,1.1834319526627057,1.3806706114398302
2023-04-10,10.26,10.3,10.19,10.24,8072620.0,87601383.0,1092364697.0,0.007390041093574448,-0.019999999999999574,-0.19493177387913674,1.0721247563352945
2023-04-11,10.26,10.28,10.16,10.22,5978196.0,64679950.0,1092364697.0,0.005472710731514971,-0.019999999999999574,-0.1953125,1.1718749999999925
2023-04-12,10.22,10.29,10.19,10.22,5978902.0,64821941.0,1092364697.0,0.005473357035814203,0.0,0.0,0.9784735812133037
2023-04-13,10.23,10.29,10.15,10.27,8022436.0,86944261.0,1092364697.0,0.007344100392508382,0.049999999999998934,0.4892367906066397,1.3698630136986183
2023-04-14,10.28,10.32,10.22,10.28,6277202.0,68298747.0,1092364697.0,0.0057464343339173295,0.009999999999999787,0.09737098344693162,0.9737098344693248
2023-04-17,10.24,10.33,10.21,10.31,6495747.0,70840226.0,1092364697.0,0.005946500301446486,0.030000000000001137,0.29182879377434023,1.1673151750972686
2023-04-18,10.3,10.36,10.28,10.31,6032246.0,65961106.0,1092364697.0,0.005522190543658699,0.0,0.0,0.7759456838021345
2023-04-19,10.32,10.32,10.21,10.25,5511461.0,59807522.0,1092364697.0,0.005045440424005208,-0.0600000000000005,-0.5819592628516057,1.0669253152279286
2023-04-20,10.64,10.68,10.32,10.36,27656001.0,307412505.0,1092364697.0,0.025317552897812113,0.10999999999999943,1.073170731707318,3.512195121951214
2023-04-21,10.36,10.61,10.36,10.41,19380399.0,214857233.0,1092364697.0,0.01774169291009228,0.05000000000000071,0.4826254826254983,2.413127413127413
2023-04-24,10.42,11.05,10.37,10.92,48267561.0,552354350.0,1092364697.0,0.04418630621491057,0.5099999999999998,4.899135446685876,6.532180595581186
2023-04-25,11.04,11.88,10.99,11.77,87302840.0,1058984114.0,1092364697.0,0.07992096434438324,0.8499999999999996,7.783882783882778,8.150183150183157
2023-04-26,11.69,12.56,11.67,12.48,73748925.0,959110639.0,1092364697.0,0.0675130981461954,0.7100000000000009,6.032285471537824,7.561597281223455
2023-04-27,12.57,12.64,12.0,12.19,53644547.0,698696163.0,1092364697.0,0.04910864214792544,-0.2900000000000009,-2.3237179487179516,5.128205128205133
2023-04-28,11.81,12.1,11.57,11.98,49627829.0,621645790.0,1092364697.0,0.04543155700316449,-0.20999999999999908,-1.722723543888427,4.347826086956517
2023-05-04,11.9,12.44,11.88,12.34,38500332.0,500654900.0,1092364697.0,0.035244943475136854,0.35999999999999943,3.005008347245397,4.674457429048403
2023-05-05,12.28,12.79,12.0,12.01,34383709.0,450383235.0,1092364697.0,0.03147640077936353,-0.33000000000000007,-2.674230145867096,6.401944894651533
2023-05-08,12.08,12.4,11.98,12.18,25599594.0,330589551.0,1092364697.0,0.02343502501527656,0.16999999999999993,1.4154870940882525,3.4970857618651117
2023-05-09,12.3,12.34,12.05,12.09,14209993.0,182693786.0,1092364697.0,0.013008469642991401,-0.08999999999999986,-0.738916256157629,2.380952380952374
2023-05-10,12.08,12.37,12.03,12.11,15871970.0,204465102.0,1092364697.0,0.014529918481977452,0.019999999999999574,0.16542597187758634,2.8122415219189403
2023-05-11,12.09,12.15,11.77,11.85,16381876.0,206906389.0,1092364697.0,0.014996709473484568,-0.2599999999999998,-2.146985962014858,3.137902559867884
2023-05-12,11.82,12.01,11.77,11.83,10266861.0,128854003.0,1097846811.0,0.00935181566055485,-0.019999999999999574,-0.16877637130801038,2.0253164556962044
2023-05-15,11.83,11.89,11.62,11.81,9678426.0,120228536.0,1097846811.0,0.008815825580605527,-0.019999999999999574,-0.16906170752324368,2.2823330515638323
2023-05-16,11.79,11.94,11.73,11.76,9236433.0,115492863.0,1097846811.0,0.008413225695474558,-0.05000000000000071,-0.42337002540220325,1.7781541066892386
2023-05-17,11.77,11.78,11.57,11.71,7974800.0,98433797.0,1097846811.0,0.0072640371316795675,-0.049999999999998934,-0.42517006802720303,1.785714285714278
2023-05-18,11.71,11.8,11.49,11.6,8487970.0,104102245.0,1097846811.0,0.007731470287979914,-0.11000000000000121,-0.9393680614859234,2.6473099914602947
2023-05-19,11.6,11.66,11.5,11.62,8151279.0,98565179.0,1097846811.0,0.007424787245658811,0.019999999999999574,0.17241379310344307,1.3793103448275874
2023-05-22,11.66,11.74,11.56,11.64,11432367.0,139028586.0,1097846811.0,0.010413444649519503,0.02000000000000135,0.1721170395869276,1.5490533562822695
2023-05-23,11.68,12.06,11.62,11.82,18324132.0,227694857.0,1097846811.0,0.016690973473165192,0.17999999999999972,1.546391752577314,3.7800687285223478
2023-05-24,11.78,11.82,11.53,11.67,10030305.0,122173155.0,1097846811.0,0.009136342975632143,-0.15000000000000036,-1.269035532994922,2.4534686971235273
2023-05-25,11.61,11.7,11.43,11.54,9699778.0,116847093.0,1097846811.0,0.008835274559995056,-0.13000000000000078,-1.1139674378748965,2.3136246786632357
2023-05-26,11.51,11.83,11.51,11.63,7386671.0,89800696.0,1097846811.0,0.006728325779141877,0.09000000000000163,0.7798960138648336,2.772963604852689
2023-05-29,11.62,11.92,11.59,11.74,9615101.0,118261749.0,1097846811.0,0.008758144491253617,0.10999999999999943,0.9458297506448776,2.8374892519346524
2023-05-30,11.75,11.8,11.5,11.7,6403300.0,78086133.0,1097846811.0,0.005832598806902214,-0.040000000000000924,-0.34071550255537764,2.555366269165253
2023-05-31,11.7,11.9,11.64,11.73,6980938.0,85519321.0,1097846811.0,0.006358754181415571,0.030000000000001137,0.2564102564102555,2.2222222222222205
2023-06-01,11.72,11.75,11.4,11.6,9203770.0,111329021.0,1097846811.0,0.00838347382146743,-0.13000000000000078,-1.1082693947144118,2.9838022165387863
2023-06-02,11.67,11.68,11.49,11.51,8620401.0,104066583.0,1097846811.0,0.007852098228666258,-0.08999999999999986,-0.775862068965516,1.6379310344827542
2023-06-05,11.53,11.62,11.41,11.58,8874459.0,106617534.0,1097846811.0,0.00808351302848572,0.07000000000000028,0.6081668114682914,1.8245004344048572
2023-06-06,11.6,11.87,11.4,11.42,9549100.0,115515767.0,1097846811.0,0.008698025903360756,-0.16000000000000014,-1.3816925734024155,4.058721934369593
2023-06-07,11.45,11.53,11.38,11.42,6977250.0,83281844.0,1097846811.0,0.006355394878493663,0.0,0.0,1.313485113835364
2023-06-08,11.4,11.47,11.21,11.32,8737267.0,103358967.0,1097846811.0,0.007958548417188963,-0.09999999999999964,-0.8756567425569184,2.2767075306479843
2023-06-09,11.31,11.41,11.18,11.21,8763088.0,102938631.0,1097846811.0,0.007982068092011792,-0.10999999999999943,-0.9717314487632467,2.0318021201413465
2023-06-12,11.25,11.26,11.07,11.09,8552933.0,99562512.0,1097846811.0,0.007790643388770567,-0.120000000000001,-1.0704727921498791,1.6949152542372836
2023-06-13,11.09,11.16,11.01,11.01,7311737.0,84532168.0,1097846811.0,0.006660070354751889,-0.08000000000000007,-0.7213706041478862,1.35256988277728
2023-06-14,11.09,11.16,10.99,11.12,10280940.0,118728935.0,1097846811.0,0.009364639854111668,0.10999999999999943,0.9990917347865613,1.5440508628519523
2023-06-15,11.1,11.11,10.93,10.96,10568482.0,121319981.0,1097846811.0,0.00962655435540542,-0.15999999999999837,-1.4388489208632893,1.6187050359712205
2023-06-16,10.98,11.02,10.9,10.92,7245100.0,82774901.0,1097846811.0,0.0065993724510623,-0.040000000000000924,-0.36496350364964014,1.0948905109488978
2023-06-19,10.93,11.35,10.84,11.07,19710651.0,228763560.0,1097846811.0,0.017953917434114584,0.15000000000000036,1.3736263736263687,4.670329670329668
2023-06-20,11.13,11.24,10.75,10.76,20687288.0,236263189.0,1097846811.0,0.018843510581550527,-0.3100000000000005,-2.8003613369467106,4.4263775971093064
2023-06-21,10.74,10.9,10.68,10.7,9070060.0,102097685.0,1097846811.0,0.008261680873070368,-0.0600000000000005,-0.5576208178438735,2.044609665427515
2023-06-26,10.66,10.85,10.58,10.7,10026391.0,111922578.0,1097846811.0,0.00913277781521014,0.0,0.0,2.5233644859813045
2023-06-27,10.69,10.9,10.67,10.77,7945100.0,89362465.0,1097846811.0,0.0072369841770210325,0.07000000000000028,0.6542056074766434,2.1495327102803783
2023-06-28,10.78,10.87,10.65,10.72,7802902.0,87530579.0,1097846811.0,0.007107459731009775,-0.049999999999998934,-0.46425255338903293,2.0427112349117813
2023-06-29,10.69,10.87,10.68,10.76,8965886.0,100660303.0,1097846811.0,0.00816679149601319,0.03999999999999915,0.3731343283581934,1.772388059701488
2023-06-30,10.74,10.98,10.7,10.9,11986647.0,136529421.0,1121487471.0,0.010688168445887167,0.14000000000000057,1.3011152416356975,2.602230483271386
2023-07-03,10.94,11.0,10.78,10.98,11551813.0,131510202.0,1121487471.0,0.010300438746497597,0.08000000000000007,0.7339449541284404,2.0183486238532167
2023-07-04,10.96,11.04,10.85,10.99,10633286.0,121480450.0,1121487471.0,0.00948141310086914,0.009999999999999787,0.09107468123861207,1.7304189435336932
2023-07-05,10.95,11.08,10.95,11.01,9058053.0,104112249.0,1121487471.0,0.008076820503329547,0.019999999999999574,0.18198362147405778,1.1828935395814448
2023-07-06,10.99,11.04,10.64,10.65,15353173.0,172527510.0,1121487471.0,0.013690008490518393,-0.35999999999999943,-3.2697547683923633,3.6330608537692877
2023-07-07,10.69,10.76,10.62,10.72,7927658.0,88489058.0,1121487471.0,0.007068877900999752,0.07000000000000028,0.657276995305156,1.3145539906103338
2023-07-10,10.75,10.87,10.72,10.8,7585903.0,85660659.0,1121487471.0,0.006764144224666064,0.08000000000000007,0.746268656716409,1.3992537313432702
2023-07-11,10.8,10.91,10.76,10.91,4736055.0,53700659.0,1121487471.0,0.004223011957304336,0.10999999999999943,1.0185185185185075,1.3888888888888922
2023-07-12,10.91,10.91,10.75,10.76,5696600.0,64342663.0,1121487471.0,0.0050795039153852485,-0.15000000000000036,-1.3748854262144894,1.4665444546287822
2023-07-13,10.81,10.85,10.77,10.84,5172891.0,58435851.0,1121487471.0,0.004612526785865448,0.08000000000000007,0.743494423791824,0.7434944237918222
2023-07-14,10.84,10.84,10.73,10.74,5478100.0,61610604.0,1121487471.0,0.004884673383925838,-0.09999999999999964,-0.9225092250922495,1.0147601476014707
2023-07-17,10.72,10.74,10.55,10.61,10025302.0,111194900.0,1121487471.0,0.008939290236618257,-0.13000000000000078,-1.2104283054003795,1.7690875232774628
2023-07-18,10.64,10.66,10.44,10.61,10757743.0,118464356.0,1121487471.0,0.009592388036584673,0.0,0.0,2.0735155513666412
2023-07-19,10.59,10.63,10.43,10.52,6166700.0,67691525.0,1121487471.0,0.005498679351719659,-0.08999999999999986,-0.8482563619227168,1.8850141376060423
2023-07-20,10.53,10.58,10.42,10.44,7017402.0,76896953.0,1121487471.0,0.006257227282033541,-0.08000000000000007,-0.760456273764254,1.5209125475285186
2023-07-21,10.44,10.6,10.41,10.51,6825871.0,74947982.0,1121487471.0,0.006086444277360991,0.07000000000000028,0.6704980842911823,1.8199233716475047
2023-07-24,10.49,10.53,10.38,10.42,11175100.0,121976617.0,1121487471.0,0.00996453396847623,-0.08999999999999986,-0.8563273073263544,1.4272121788772463
2023-07-25,10.48,10.55,10.44,10.53,9432561.0,103400659.0,1121487471.0,0.008410759142578062,0.10999999999999943,1.055662188099804,1.0556621880998196
2023-07-26,10.55,10.68,10.51,10.62,9238359.0,102423796.0,1121487471.0,0.00823759447955527,0.08999999999999986,0.8547008547008517,1.6144349477682804
2023-07-27,10.66,10.72,10.6,10.64,7381387.0,82148730.0,1121487471.0,0.006581782847220056,0.02000000000000135,0.18832391713747842,1.129943502824868
2023-07-28,10.64,10.73,10.58,10.71,7048422.0,78558526.0,1121487471.0,0.006284886975790388,0.07000000000000028,0.6578947368421018,1.4097744360902287
2023-07-31,10.75,10.97,10.75,10.85,17202515.0,195532362.0,1121487471.0,0.015339016658528501,0.1399999999999988,1.3071895424836555,2.054154995331472
2023-08-01,10.78,10.81,10.6,10.62,13761458.0,153654015.0,1121487471.0,0.012270719340029079,-0.23000000000000043,-2.1198156682027736,1.93548387096775
2023-08-02,10.64,10.7,10.44,10.48,14317315.0,157372994.0,1121487471.0,0.012766361970351428,-0.1399999999999988,-1.3182674199623268,2.448210922787192
2023-08-03,10.4,10.78,10.38,10.75,18602002.0,207184104.0,1121487471.0,0.016586901308325006,0.2699999999999996,2.57633587786259,3.8167938931297574
2023-08-04,10.75,10.92,10.73,10.77,14732658.0,166557046.0,1130914711.0,0.013027205196555269,0.019999999999999574,0.18604651162790198,1.7674418604651119
2023-08-07,10.88,10.88,10.44,10.46,25279149.0,277516712.0,1130914711.0,0.02235283417407062,-0.3099999999999987,-2.878365831012064,4.085422469823596
2023-08-08,10.44,10.47,10.07,10.31,23385376.0,251061392.0,1130914711.0,0.020678284376831314,-0.15000000000000036,-1.4340344168260022,3.8240917782026798
2023-08-09,10.3,10.56,10.3,10.49,15504672.0,169209617.0,1130914711.0,0.013709850839494473,0.17999999999999972,1.745877788554795,2.521823472356933
2023-08-10,10.49,10.51,10.34,10.38,9419732.0,102198364.0,1130914711.0,0.0083293036233216,-0.10999999999999943,-1.0486177311725409,1.620591039084842
2023-08-11,10.39,10.51,10.31,10.33,7969800.0,86636243.0,1130914711.0,0.007047215782481762,-0.05000000000000071,-0.4816955684007751,1.9267822736030757
2023-08-14,10.34,10.48,10.17,10.47,9425625.0,101949730.0,1130914711.0,0.008334514449516255,0.14000000000000057,1.3552758954501476,3.0009680542110404
2023-08-15,10.48,10.6,10.36,10.56,9848334.0,107980181.0,1130914711.0,0.008708290646685204,0.08999999999999986,0.8595988538681931,2.2922636103151883
2023-08-16,10.49,10.6,10.46,10.48,8629196.0,94854148.0,1130914711.0,0.00763028008749636,-0.08000000000000007,-0.7575757575757569,1.3257575757575641
2023-08-17,10.42,10.49,10.33,10.4,7563074.0,82097142.0,1130914711.0,0.006687572392892854,-0.08000000000000007,-0.7633587786259555,1.5267175572519098
2023-08-18,10.41,10.41,10.11,10.11,17602300.0,187481914.0,1130914711.0,0.01556465737759777,-0.2900000000000009,-2.7884615384615508,2.8846153846153912
2023-08-21,10.12,10.17,10.04,10.04,7549638.0,79497657.0,1130914711.0,0.006675691744538638,-0.07000000000000028,-0.6923837784371889,1.2858555885262195
2023-08-22,10.08,10.12,9.83,9.94,14299345.0,148081790.0,1130914711.0,0.012644052518651869,-0.09999999999999964,-0.9960159362549792,2.8884462151394343
2023-08-23,9.91,9.93,9.74,9.74,9236060.0,94668538.0,1130914711.0,0.008166893497948318,-0.1999999999999993,-2.012072434607637,1.9114688128772588
2023-08-24,9.76,9.89,9.69,9.85,11554583.0,118137358.0,1130914711.0,0.01021702422615316,0.10999999999999943,1.129363449691989,2.053388090349087
2023-08-25,9.9,10.12,9.83,9.9,16016729.0,166966786.0,1130914711.0,0.014162632110282984,0.05000000000000071,0.5076142131979822,2.944162436548215
2023-08-28,10.31,10.39,9.91,9.96,17869645.0,189756649.0,1130914711.0,0.01580105451471132,0.0600000000000005,0.60606060606061,4.848484848484853
2023-08-29,9.95,10.18,9.91,10.16,11077778.0,116586463.0,1130914711.0,0.009795414183094838,0.1999999999999993,2.008032128514059,2.7108433734939714
2023-08-30,10.16,10.2,10.06,10.12,8922900.0,94361409.0,1130914711.0,0.007889984906209253,-0.040000000000000924,-0.3937007874015852,1.3779527559054998
2023-08-31,10.08,10.17,10.05,10.12,7747683.0,81699669.0,1130914711.0,0.006850811051126207,0.0,0.0,1.1857707509881346
2023-09-01,10.1,10.19,9.89,10.12,16010993.0,167506567.0,1130914711.0,0.014157560109764988,0.0,0.0,2.9644268774703457
2023-09-04,10.12,10.22,10.06,10.19,10127806.0,107241721.0,1130914711.0,0.008955410962020812,0.07000000000000028,0.6916996047430901,1.5810276679841913
2023-09-05,10.19,10.28,10.15,10.19,7266200.0,77454030.0,1130914711.0,0.0064250645334473855,0.0,0.0,1.2757605495583808
2023-09-06,10.15,10.21,10.08,10.11,5910344.0,62494460.0,1130914711.0,0.005226162452846544,-0.08000000000000007,-0.7850834151128527,1.2757605495583983
2023-09-07,10.12,10.12,9.96,9.96,6794100.0,71157897.0,1130914711.0,0.0060076148394889875,-0.14999999999999858,-1.4836795252225365,1.582591493570706
2023-09-08,9.97,10.0,9.89,9.92,4921300.0,51034410.0,1130914711.0,0.004351610207323583,-0.040000000000000924,-0.40160642570281624,1.1044176706827251
2023-09-11,9.92,10.19,9.92,10.18,10434965.0,110242312.0,1130914711.0,0.009227013229647519,0.2599999999999998,2.620967741935476,2.721774193548383
2023-09-12,10.15,10.31,10.13,10.23,8199974.0,87766763.0,1130914711.0,0.007250744835345943,0.05000000000000071,0.4911591355599265,1.7681728880157142
2023-09-13,10.25,10.25,10.07,10.12,6061545.0,64201103.0,1130914711.0,0.0053598604218704875,-0.11000000000000121,-1.0752688172043112,1.7595307917888534
2023-09-14,10.12,10.2,10.04,10.17,7426500.0,78541533.0,1130914711.0,0.006566808202037793,0.05000000000000071,0.49407114624506754,1.5810276679841913
2023-09-15,10.18,10.4,10.14,10.35,14888459.0,160603596.0,1130914711.0,0.01316497066948137,0.17999999999999972,1.7699115044247815,2.556538839724678
2023-09-18,10.37,10.51,10.3,10.38,10824506.0,117414397.0,1130914711.0,0.009571460955201953,0.030000000000001137,0.28985507246377384,2.028985507246368
2023-09-19,10.38,10.48,10.33,10.45,10953037.0,119232300.0,1130914711.0,0.009685113203908089,0.06999999999999851,0.674373795761074,1.4450867052023153
2023-09-20,10.45,10.53,10.38,10.43,13517397.0,147601254.0,1130914711.0,0.011952622835763961,-0.019999999999999574,-0.191387559808609,1.4354066985645797
2023-09-21,10.42,10.44,10.26,10.27,7652620.0,82449010.0,1130914711.0,0.0067667525460282036,-0.16000000000000014,-1.5340364333652934,1.7257909875359512
2023-09-22,10.26,10.36,10.18,10.32,8065189.0,86435059.0,1130914711.0,0.00713156254981283,0.05000000000000071,0.48685491723468033,1.752677702044788
2023-09-25,10.32,10.49,10.26,10.41,11245900.0,122410768.0,1130914711.0,0.00994407437679887,0.08999999999999986,0.8720930232558155,2.2286821705426396
2023-09-26,10.43,10.44,10.26,10.3,9072300.0,97885056.0,1130914711.0,0.008022090359031505,-0.10999999999999943,-1.056676272814594,1.7291066282420724
2023-09-27,10.27,10.54,10.27,10.5,14088946.0,153762498.0,1130914711.0,0.01245800931136707,0.1999999999999993,1.9417475728155331,2.6213592233009666
2023-09-28,10.57,10.59,10.46,10.5,10676332.0,117285628.0,1130914711.0,0.009440439580593624,0.0,0.0,1.2380952380952286
2023-10-09,10.48,10.53,10.34,10.5,9289400.0,101421354.0,1130914711.0,0.00821405885841377,0.0,0.0,1.8095238095238046
2023-10-10,10.48,10.52,10.29,10.34,9355800.0,101185616.0,1130914711.0,0.008272772393001438,-0.16000000000000014,-1.5238095238095273,2.1904761904761942
2023-10-11,10.33,10.57,10.32,10.46,12070900.0,132290584.0,1130914711.0,0.010673572359251059,0.120000000000001,1.1605415860735047,2.4177949709864603
2023-10-12,10.57,10.69,10.51,10.56,12151100.0,134298192.0,1130914711.0,0.0107444884055452,0.09999999999999964,0.9560229445506607,1.7208413001912017
2023-10-13,10.51,10.99,10.51,10.87,25261696.0,285555596.0,1130914711.0,0.022337401533721848,0.3099999999999987,2.9356060606060552,4.545454545454549
2023-10-16,10.86,10.97,10.72,10.78,15309300.0,172829542.0,1130914711.0,0.01353709510637005,-0.08999999999999986,-0.8279668813247487,2.299908003679853
2023-10-17,10.72,10.84,10.52,10.65,13485672.0,149533463.0,1130914711.0,0.011924570322438753,-0.129999999999999,-1.2059369202226278,2.968460111317257
2023-10-18,10.61,10.67,10.35,10.37,12457100.0,135826941.0,1130914711.0,0.011015065839036556,-0.28000000000000114,-2.6291079812206686,3.0046948356807537
2023-10-19,10.34,10.4,10.13,10.17,10443718.0,111398881.0,1130914711.0,0.009234752982181342,-0.1999999999999993,-1.928640308582441,2.6036644165863025
2023-10-20,10.12,10.3,10.05,10.06,8081913.0,85429780.0,1130914711.0,0.007146350579217109,-0.10999999999999943,-1.0816125860373615,2.4582104228121926
2023-10-23,10.06,10.07,9.82,9.85,12512800.0,129549343.0,1130914711.0,0.011064318005851814,-0.21000000000000085,-2.087475149105378,2.485089463220676
2023-10-24,9.88,9.96,9.75,9.8,13504600.0,138595910.0,1130914711.0,0.011941307216756153,-0.049999999999998934,-0.50761421319796,2.131979695431481
2023-10-25,9.86,9.87,9.62,9.65,23285487.0,236893671.0,1130914711.0,0.02058995852959596,-0.15000000000000036,-1.5306122448979664,2.551020408163265
2023-10-26,9.58,9.72,9.47,9.7,14154695.0,142017324.0,1130914711.0,0.012516147205728585,0.049999999999998934,0.5181347150258864,2.5906735751295336
2023-10-27,9.66,10.21,9.59,10.17,27097311.0,281451245.0,1130914711.0,0.02396052570227818,0.47000000000000064,4.845360824742273,6.391752577319599
2023-10-30,9.85,10.03,9.71,9.87,43870006.0,450792262.0,1130914711.0,0.03879161317232171,-0.3000000000000007,-2.9498525073746396,3.146509341199592
2023-10-31,9.82,9.92,9.75,9.78,33228726.0,340809893.0,1130914711.0,0.029382167971462526,-0.08999999999999986,-0.911854103343468,1.722391084093211
2023-11-01,9.81,9.85,9.6,9.72,24079716.0,243378193.0,1130914711.0,0.02129224756366265,-0.05999999999999872,-0.6134969325153228,2.556237218813906
2023-11-02,9.67,9.71,9.61,9.62,16185060.0,162876161.0,1130914711.0,0.01431147711014257,-0.10000000000000142,-1.0288065843621519,1.0288065843621546
2023-11-03,9.62,9.71,9.59,9.69,15627662.0,157793401.0,1130914711.0,0.013818603514478467,0.07000000000000028,0.7276507276507305,1.247401247401258
2023-11-06,9.72,10.2,9.72,9.96,44269263.0,462166614.0,1130914711.0,0.03914465217350949,0.27000000000000135,2.786377708978338,4.953560371517014
2023-11-07,10.0,10.2,10.0,10.02,32860598.0,346258338.0,1130914711.0,0.029056654476572637,0.05999999999999872,0.6024096385542022,2.0080321285140488
2023-11-08,9.97,10.25,9.96,10.15,24296340.0,257200227.0,1130914711.0,0.02148379516481504,0.13000000000000078,1.2974051896207595,2.894211576846299
2023-11-09,10.14,10.24,9.9,9.94,25198298.0,264155756.0,1130914711.0,0.02228134248755033,-0.21000000000000085,-2.0689655172413834,3.349753694581279
2023-11-10,9.91,9.92,9.71,9.87,18224338.0,187197365.0,1130914711.0,0.016114688245486977,-0.07000000000000028,-0.7042253521126751,2.112676056338019
2023-11-13,9.88,9.98,9.74,9.82,23062611.0,235657781.0,1130914711.0,0.020392882660096548,-0.049999999999998934,-0.5065856129685797,2.4316109422492427
2023-11-14,9.8,9.83,9.73,9.77,19218523.0,195950769.0,1130914711.0,0.016993786368740587,-0.05000000000000071,-0.5091649694501044,1.0183299389002
2023-11-15,9.85,9.88,9.78,9.84,17364547.0,178025628.0,1130914711.0,0.015354426669934794,0.07000000000000028,0.7164790174002178,1.0235414534288785
2023-11-16,9.82,9.85,9.7,9.7,19221697.0,195639574.0,1130914711.0,0.016996592946433076,-0.14000000000000057,-1.4227642276422814,1.5243902439024426
2023-11-17,9.7,9.8,9.62,9.78,19545201.0,198026013.0,1130914711.0,0.01728264811651212,0.08000000000000007,0.8247422680412342,1.8556701030927991
2023-11-20,9.79,9.99,9.77,9.98,29655653.0,307546844.0,1130914711.0,0.026222713977942055,0.20000000000000107,2.0449897750511425,2.249488752556244
2023-11-21,9.99,10.03,9.9,9.92,20647358.0,214891459.0,1130914711.0,0.01825721939874916,-0.0600000000000005,-0.6012024048096198,1.3026052104208317
2023-11-22,9.91,9.95,9.82,9.84,11634556.0,119993592.0,1130914711.0,0.01028773954997213,-0.08000000000000007,-0.8064516129032251,1.310483870967732
2023-11-23,9.82,9.98,9.81,9.97,16761423.0,173415911.0,1130914711.0,0.014821120317003287,0.13000000000000078,1.3211382113821113,1.7276422764227635
2023-11-24,9.96,10.08,9.89,10.0,20711570.0,216206315.0,1130914711.0,0.018313998216263366,0.02999999999999936,0.30090270812437314,1.9057171514543578
2023-11-27,10.07,10.11,9.85,9.86,23103383.0,239055708.0,1130914711.0,0.020428934892509326,-0.14000000000000057,-1.4000000000000012,2.599999999999998
2023-11-28,9.84,9.95,9.69,9.92,20665328.0,212196691.0,1130914711.0,0.018273109191166936,0.0600000000000005,0.6085192697768749,2.636916835699795
2023-11-29,9.89,9.95,9.74,9.75,17279757.0,177001287.0,1130914711.0,0.015279451962138283,-0.16999999999999993,-1.7137096774193505,2.1169354838709586
2023-11-30,9.75,9.81,9.68,9.8,11479358.0,116740950.0,1130914711.0,0.010150507273753202,0.05000000000000071,0.512820512820511,1.3333333333333415
2023-12-01,9.76,9.88,9.74,9.82,13489201.0,138159770.0,1130914711.0,0.011927690805323691,0.019999999999999574,0.20408163265306367,1.4285714285714342
2023-12-04,9.83,9.83,9.64,9.68,19612309.0,198702060.0,1130914711.0,0.01734198769300473,-0.14000000000000057,-1.4256619144602856,1.934826883910382
2023-12-05,9.67,9.67,9.51,9.52,24309551.0,243000844.0,1130914711.0,0.021495476859174044,-0.16000000000000014,-1.6528925619834767,1.6528925619834725
2023-12-06,9.51,9.52,9.3,9.41,24028772.0,235955306.0,1130914711.0,0.02124720084218623,-0.10999999999999943,-1.1554621848739455,2.3109243697478874
2023-12-07,9.4,9.4,9.28,9.32,13414501.0,130625094.0,1130914711.0,0.011861638078912566,-0.08999999999999986,-0.9564293304994642,1.2752391073326355
2023-12-08,9.34,9.34,9.21,9.25,13376416.0,129393297.0,1130914711.0,0.011827961799322637,-0.07000000000000028,-0.7510729613733891,1.3948497854077146
2023-12-11,9.24,9.38,9.13,9.38,12152556.0,117449631.0,1130914711.0,0.01074577585895423,0.13000000000000078,1.4054054054054133,2.7027027027027026
2023-12-12,9.36,9.4,9.28,9.29,11826899.0,115046683.0,1130914711.0,0.01045781692020098,-0.09000000000000163,-0.9594882729211274,1.2793176972281555
2023-12-13,9.3,9.48,9.27,9.35,15872649.0,155590971.0,1130914711.0,0.014035230814147575,0.0600000000000005,0.6458557588805203,2.260495156081818
2023-12-14,9.35,9.42,9.26,9.27,8935213.0,87089889.0,1130914711.0,0.007900872553067356,-0.08000000000000007,-0.8556149732620311,1.7112299465240657
2023-12-15,9.3,9.33,9.11,9.14,13275900.0,127501587.0,1130914711.0,0.01173908153362062,-0.129999999999999,-1.4023732470334282,2.3732470334412152
2023-12-18,9.12,9.17,8.98,9.0,10944821.0,103528644.0,1130914711.0,0.009677848288242844,-0.14000000000000057,-1.5317286652078876,2.078774617067828
2023-12-19,9.0,9.02,8.87,8.93,8793418.0,81951613.0,1130914711.0,0.007775491745283345,-0.07000000000000028,-0.7777777777777772,1.6666666666666705
2023-12-20,8.94,8.97,8.8,8.81,7026476.0,65120357.0,1130914711.0,0.006213090988786333,-0.11999999999999922,-1.3437849944008873,1.9036954087346019
2023-12-21,8.77,8.86,8.67,8.83,9571854.0,87609457.0,1130914711.0,0.008463815977365953,0.019999999999999574,0.2270147559591429,2.1566401816117993
2023-12-22,8.82,8.82,8.66,8.69,10279500.0,93688030.0,1130914711.0,0.00908954486135427,-0.14000000000000057,-1.5855039637599155,1.8120045300113266
2023-12-25,8.74,8.88,8.72,8.83,11325685.0,104046809.0,1130914711.0,0.010014623463501838,0.14000000000000057,1.6110471806674465,1.8411967779056404
2023-12-26,8.85,8.85,8.69,8.73,6618391.0,60513166.0,1130914711.0,0.005852245917066332,-0.09999999999999964,-1.1325028312570762,1.8120045300113266
2023-12-27,8.75,8.78,8.7,8.77,4730291.0,43151768.0,1130914711.0,0.004182712413226358,0.03999999999999915,0.45819014891179677,0.9163802978235975
2023-12-28,8.77,8.94,8.7,8.91,12192448.0,112520893.0,1130914711.0,0.010781049960185725,0.14000000000000057,1.5963511972634015,2.7366020524515418
2023-12-29,8.89,8.96,8.87,8.96,7706544.0,71914397.0,1130914711.0,0.006814434302641236,0.05000000000000071,0.561167227833903,1.0101010101010284
2024-01-02,9.01,9.03,8.91,8.94,8402081.0,78537032.0,1130914711.0,0.007429455924727112,-0.02000000000000135,-0.22321428571430157,1.3392857142857053
2024-01-03,8.93,9.42,8.92,9.33,35945283.0,348314467.0,1130914711.0,0.031784256275361154,0.39000000000000057,4.36241610738255,5.592841163310962
2024-01-04,9.33,9.34,9.17,9.27,14010448.0,135387967.0,1130914711.0,0.01238859824151673,-0.0600000000000005,-0.6430868167202619,1.822079314040728
2024-01-05,9.24,9.29,9.07,9.12,9865035.0,94658947.0,1130914711.0,0.008723058338569971,-0.15000000000000036,-1.6181229773462813,2.373247033441196
2024-01-08,9.1,9.2,8.97,9.12,13485360.0,127962485.0,1130914711.0,0.01192429443956539,0.0,0.0,2.5219298245613886
2024-01-09,9.15,9.34,9.02,9.28,14172251.0,135693486.0,1130914711.0,0.012531670922795167,0.16000000000000014,1.7543859649122862,3.5087719298245648
2024-01-10,9.24,9.31,9.15,9.21,8010722.0,77246892.0,1130914711.0,0.007083400650891347,-0.06999999999999851,-0.754310344827569,1.7241379310344844
2024-01-11,9.21,9.26,9.16,9.19,6488784.0,62330487.0,1130914711.0,0.005737642226143082,-0.02000000000000135,-0.21715526601521207,1.0857763300760004
2024-01-12,9.17,9.26,9.14,9.17,10642654.0,102315147.0,1130914711.0,0.009410660146589958,-0.019999999999999574,-0.21762785636560977,1.3057671381936804
2024-01-15,9.16,9.16,8.66,8.69,29312590.0,268147255.0,1130914711.0,0.02591936395811903,-0.4800000000000004,-5.234460196292257,5.452562704471101
2024-01-16,8.65,8.67,8.45,8.56,16629482.0,148188593.0,1130914711.0,0.014704452809969681,-0.129999999999999,-1.4959723820483162,2.531645569620261
2024-01-17,8.52,8.58,8.48,8.49,8486572.0,75712120.0,1130914711.0,0.0075041662447699825,-0.07000000000000028,-0.8177570093457986,1.1682242990654164
2024-01-18,8.46,8.52,8.31,8.52,9944510.0,87046319.0,1130914711.0,0.008793333310879533,0.02999999999999936,0.35335689045936647,2.473498233215537
2024-01-19,8.49,8.55,8.46,8.48,4563885.0,40499098.0,1130914711.0,0.004035569575325827,-0.03999999999999915,-0.46948356807510194,1.0563380281690125
2024-01-22,8.48,8.5,8.14,8.14,10090800.0,87823052.0,1130914711.0,0.008922688777367934,-0.33999999999999986,-4.009433962264152,4.245283018867918
2024-01-23,8.1,8.25,8.04,8.2,7811216.0,66422655.0,1130914711.0,0.006906989469694855,0.05999999999999872,0.7371007371007154,2.57985257985259
2024-01-24,8.23,8.28,7.99,8.26,8063496.0,68680094.0,1130914711.0,0.007130065531528841,0.0600000000000005,0.7317073170731714,3.5365853658536484
2024-01-25,8.24,8.5,8.23,8.5,10433442.0,91476490.0,1130914711.0,0.009225666532159912,0.2400000000000002,2.9055690072639306,3.2687651331719083
2024-01-26,8.48,8.54,8.4,8.45,8424846.0,74560856.0,1130914711.0,0.007449585647842899,-0.05000000000000071,-0.5882352941176561,1.6470588235293977
2024-01-29,8.48,8.49,8.31,8.35,6635060.0,58085260.0,1130914711.0,0.005866985313271781,-0.09999999999999964,-1.1834319526627168,2.130177514792896
2024-01-30,8.26,8.34,8.19,8.21,4992968.0,43106387.0,1130914711.0,0.0044149819181192,-0.1399999999999988,-1.6766467065868151,1.796407185628747
2024-01-31,7.38,7.47,7.38,7.38,17293877.0,133436461.0,1130914750.0,0.015291936903290013,-0.830000000000001,-10.109622411693064,1.0962241169305706
2024-02-01,7.13,7.28,6.93,7.08,23831633.0,177367912.0,1130914750.0,0.02107288193031349,-0.2999999999999998,-4.0650406504065035,4.742547425474262
2024-02-02,7.1,7.21,6.62,6.84,19989077.0,144326407.0,1130914750.0,0.01767514041177728,-0.2400000000000002,-3.3898305084745783,8.333333333333332
2024-02-05,6.73,6.73,6.16,6.33,23241143.0,155882361.0,1130914750.0,0.020550747083279267,-0.5099999999999998,-7.4561403508771935,8.333333333333337
2024-02-06,6.32,6.93,6.19,6.89,18271293.0,126599106.0,1130914750.0,0.016156207176535632,0.5599999999999996,8.846761453396512,11.690363349131111
2024-02-07,6.89,7.37,6.86,7.33,23550631.0,177987037.0,1130914750.0,0.020824408736379113,0.4400000000000004,6.386066763425258,7.4020319303338145
2024-02-08,7.29,7.65,7.28,7.49,19093223.0,150138523.0,1130914750.0,0.016882990517189736,0.16000000000000014,2.1828103683492417,5.047748976807641
2024-02-19,7.49,7.58,7.33,7.45,16237141.0,125875538.0,1130914750.0,0.014357528717350269,-0.040000000000000036,-0.5340453938584733,3.337783711615487
2024-02-20,7.42,7.55,7.34,7.5,10329167.0,80595745.0,1130914750.0,0.00913346209340713,0.04999999999999982,0.6711409395973034,2.8187919463087243
2024-02-21,7.46,7.69,7.38,7.54,15057068.0,118757554.0,1130914750.0,0.013314061028914867,0.040000000000000036,0.5333333333333412,4.13333333333334
2024-02-22,7.52,7.58,7.48,7.54,10082700.0,79121211.0,1130914750.0,0.0089155261260851,0.0,0.0,1.3262599469495973
2024-02-23,7.55,7.58,7.44,7.58,11879994.0,93337566.0,1130914750.0,0.01050476527961104,0.040000000000000036,0.5305039787798504,1.8567639257294388
2024-02-26,7.58,7.79,7.52,7.64,13327769.0,106207101.0,1131885350.0,0.011774840093124272,0.05999999999999961,0.79155672823219,3.562005277044861
2024-02-27,7.6,7.79,7.59,7.79,11065383.0,88934716.0,1131885350.0,0.009776063450242553,0.15000000000000036,1.963350785340312,2.6178010471204214
2024-02-28,7.79,8.05,7.57,7.57,21474109.0,176049548.0,1131885350.0,0.018971982453876622,-0.21999999999999975,-2.8241335044929317,6.161745827984601
2024-02-29,7.51,7.75,7.48,7.7,14336437.0,114396217.0,1131885350.0,0.012665979818539041,0.1299999999999999,1.7173051519154603,3.5667107001320946
2024-03-01,7.64,7.72,7.59,7.66,11500347.0,91760885.0,1131885350.0,0.010160346187005601,-0.040000000000000036,-0.5194805194805197,1.6883116883116869
2024-03-04,7.64,7.8,7.62,7.69,13118106.0,105261695.0,1131885350.0,0.011589606668201864,0.03000000000000025,0.3916449086161844,2.349869451697124
2024-03-05,7.68,7.68,7.49,7.53,13294345.0,104881759.0,1131885350.0,0.011745310600583354,-0.16000000000000014,-2.080624187256175,2.4707412223667036
2024-03-06,7.53,7.57,7.41,7.48,8902201.0,69542160.0,1131885350.0,0.007864931726521595,-0.04999999999999982,-0.6640106241699861,2.1248339973439596
2024-03-07,7.45,7.52,7.31,7.31,13190222.0,101951481.0,1131885350.0,0.01165331983491084,-0.17000000000000082,-2.272727272727282,2.807486631016042
2024-03-08,7.28,7.38,7.25,7.34,7036750.0,53793071.0,1131885350.0,0.006216839894605934,0.03000000000000025,0.4103967168262779,1.7783857729138153
2024-03-11,7.35,7.45,7.3,7.45,8443009.0,65157160.0,1131885350.0,0.007459243994985888,0.11000000000000032,1.4986376021798309,2.0435967302452362
2024-03-12,7.47,7.64,7.47,7.6,12177314.0,96358868.0,1131885350.0,0.010758434147062686,0.14999999999999947,2.0134228187919323,2.2818791946308714
2024-03-13,7.61,7.63,7.5,7.6,8777880.0,69335950.0,1131885350.0,0.007755096397351551,0.0,0.0,1.7105263157894723
2024-03-14,7.74,7.85,7.48,7.54,15338543.0,122494314.0,1131885350.0,0.013551322136999123,-0.05999999999999961,-0.7894736842105177,4.868421052631569
2024-03-15,7.5,7.63,7.49,7.63,10216301.0,80696867.0,1131885350.0,0.009025915036359468,0.08999999999999986,1.1936339522546469,1.8567639257294388
2024-03-18,7.64,7.7,7.58,7.7,10895742.0,86950859.0,1131885350.0,0.009626188730157166,0.07000000000000028,0.917431192660545,1.572739187418088
2024-03-19,7.66,7.73,7.63,7.63,7718542.0,61901092.0,1131885350.0,0.0068191906538944075,-0.07000000000000028,-0.909090909090915,1.2987012987013056
2024-03-20,7.66,7.87,7.6,7.84,18561601.0,150646899.0,1131885350.0,0.016398834917335046,0.20999999999999996,2.752293577981657,3.538663171690701
2024-03-21,7.8,7.83,7.71,7.73,12438200.0,100838212.0,1131885350.0,0.010988922155410882,-0.10999999999999943,-1.4030612244897878,1.5306122448979604
2024-03-22,7.7,7.76,7.5,7.58,11218260.0,88974879.0,1131885350.0,0.009911127483008769,-0.15000000000000036,-1.9404915912031084,3.3635187580853785
2024-03-25,7.6,7.61,7.43,7.43,8400760.0,66008241.0,1191816856.0,0.007048700442276678,-0.15000000000000036,-1.978891820580475,2.3746701846965776
2024-03-26,7.37,7.49,7.33,7.41,6656217.0,51453850.0,1191816856.0,0.0055849327574873635,-0.019999999999999574,-0.26917900403767847,2.1534320323014824
2024-03-27,7.41,7.46,7.28,7.28,6798700.0,52419920.0,1191816856.0,0.005704483843950601,-0.1299999999999999,-1.754385964912275,2.4291497975708465
2024-03-28,7.3,7.42,7.21,7.35,7604531.0,58379863.0,1191816856.0,0.006380620446603249,0.0699999999999994,0.9615384615384581,2.884615384615384
2024-03-29,7.35,7.39,7.29,7.36,6023100.0,46098960.0,1191816856.0,0.005053712715739607,0.010000000000000675,0.13605442176871652,1.3605442176870701
2024-04-01,7.36,7.6,7.36,7.59,9118743.0,71562526.0,1191816856.0,0.007651127733336908,0.22999999999999954,3.125,3.2608695652173822
2024-04-02,7.6,7.65,7.53,7.59,8320524.0,65873668.0,1191816856.0,0.006981378018033334,0.0,0.0,1.581027667984191
2024-04-03,7.58,7.63,7.54,7.58,7006900.0,55461724.0,1191816856.0,0.0058791751137978535,-0.009999999999999787,-0.13175230566534468,1.1857707509881406
2024-04-08,7.59,7.59,7.28,7.28,10326355.0,79975507.0,1191816856.0,0.00866438072931568,-0.2999999999999998,-3.95778364116095,4.089709762532976
2024-04-09,7.21,7.51,7.19,7.51,9736981.0,75053246.0,1191816856.0,0.008169863474392747,0.22999999999999954,3.159340659340648,4.395604395604387
2024-04-10,7.51,7.52,7.36,7.37,7271645.0,56368758.0,1191816856.0,0.006101310753738828,-0.13999999999999968,-1.8641810918774926,2.1304926764314147
2024-04-11,7.37,7.44,7.29,7.34,5992170.0,46153204.0,1191816856.0,0.005027760741789677,-0.03000000000000025,-0.4070556309362261,2.0352781546811447
2024-04-12,7.32,7.37,7.21,7.28,7730428.0,58799426.0,1191816856.0,0.006486254965335043,-0.05999999999999961,-0.8174386920980825,2.1798365122615824
2024-04-15,7.23,7.34,7.08,7.16,10972384.0,82498312.0,1191816856.0,0.009206434650392292,-0.1200000000000001,-1.6483516483516536,3.5714285714285685
2024-04-16,7.16,7.25,6.96,6.98,10950742.0,80805951.0,1191816856.0,0.009188275820123154,-0.17999999999999972,-2.5139664804469275,4.050279329608939
2024-04-17,7.0,7.22,7.0,7.21,9629597.0,71851230.0,1191816856.0,0.008079762382551836,0.22999999999999954,3.2951289398280625,3.1518624641833775
2024-04-18,7.19,7.25,7.09,7.12,8027866.0,60125788.0,1191816856.0,0.0067358218333505426,-0.08999999999999986,-1.2482662968099856,2.2191400832177552
2024-04-19,7.08,7.19,7.07,7.09,6249137.0,46411122.0,1191816856.0,0.005243370211236549,-0.03000000000000025,-0.4213483146067398,1.6853932584269677
2024-04-22,7.07,7.2,7.04,7.13,6517600.0,48615566.0,1191816856.0,0.005468625458004094,0.040000000000000036,0.5641748942172065,2.256699576868831
2024-04-23,7.13,7.18,7.04,7.12,5983600.0,44441126.0,1191816856.0,0.005020570039663879,-0.009999999999999787,-0.14025245441794398,1.963534361851328
2024-04-24,7.13,7.13,7.02,7.08,6512748.0,47986328.0,1191816856.0,0.005464554362704869,-0.040000000000000036,-0.5617977528089901,1.5449438202247237
2024-04-25,7.05,7.29,7.05,7.22,9270063.0,69733333.0,1191816856.0,0.007778093549635112,0.13999999999999968,1.9774011299434902,3.3898305084745792
2024-04-26,7.2,7.32,7.18,7.32,8808271.0,66791537.0,1191816856.0,0.007390624621271508,0.10000000000000053,1.3850415512465464,1.9390581717451603
2024-04-29,7.28,7.57,7.28,7.57,13256400.0,103443746.0,1191816856.0,0.011122849902032264,0.25,3.4153005464480968,3.9617486338797816
2024-04-30,7.56,7.9,7.52,7.81,24101357.0,196377353.0,1191816856.0,0.02022236627940426,0.23999999999999932,3.1704095112285335,5.019815059445189
2024-05-06,7.85,8.1,7.85,7.98,23650151.0,197512322.0,1191816856.0,0.019843779588228947,0.17000000000000082,2.1766965428937413,3.201024327784891
2024-05-07,8.01,8.13,7.95,8.1,16525393.0,138956740.0,1191816856.0,0.01386571511957203,0.11999999999999922,1.5037593984962294,2.2556390977443685
2024-05-08,8.12,8.24,8.05,8.18,18681202.0,159134142.0,1191816856.0,0.015674557635221093,0.08000000000000007,0.9876543209876631,2.345679012345673
2024-05-09,8.18,8.4,8.1,8.33,17139093.0,148253099.0,1191816856.0,0.014380643228627067,0.15000000000000036,1.833740831295838,3.6674816625916957
2024-05-10,8.34,8.36,8.18,8.2,14228900.0,122583843.0,1191816856.0,0.01193883097756758,-0.13000000000000078,-1.5606242496998934,2.160864345738292
2024-05-13,8.23,8.27,8.06,8.11,13989100.0,119349591.0,1191816856.0,0.011737625566859746,-0.08999999999999986,-1.097560975609757,2.5609756097560865
2024-05-14,8.1,8.24,8.08,8.19,11476038.0,97769500.0,1191816856.0,0.009629028102955442,0.08000000000000007,0.9864364981504226,1.9728729963008649
2024-05-15,8.19,8.22,8.02,8.04,8138400.0,68699793.0,1191816856.0,0.006828565948726605,-0.15000000000000036,-1.831501831501836,2.442002442002455
2024-05-16,8.04,8.09,7.92,7.96,8778937.0,73322162.0,1191816856.0,0.007366011779246055,-0.07999999999999918,-0.995024875621886,2.114427860696517
2024-05-17,7.96,8.03,7.88,7.99,7466458.0,61909533.0,1191816856.0,0.006264769593089225,0.03000000000000025,0.37688442211054607,1.884422110552757
2024-05-20,7.91,7.98,7.76,7.91,11795450.0,97115812.0,1191816856.0,0.009897032367530133,-0.08000000000000007,-1.0012515644555742,2.753441802252824
2024-05-21,7.9,7.9,7.76,7.79,10227700.0,83357911.0,1191816856.0,0.00858160374935996,-0.1200000000000001,-1.5170670037926715,1.769911504424786
2024-05-22,7.83,7.92,7.76,7.78,11537600.0,94208158.0,1191816856.0,0.009680682012438328,-0.009999999999999787,-0.12836970474967568,2.0539152759948673
2024-05-23,7.8,7.81,7.54,7.57,12611286.0,100658844.0,1191816856.0,0.010581563716363481,-0.20999999999999996,-2.699228791773778,3.470437017994853
2024-05-24,7.61,7.71,7.55,7.56,8315334.0,66182924.0,1191816856.0,0.006977023322113511,-0.010000000000000675,-0.13210039630119352,2.1136063408190244
2024-05-27,7.57,7.62,7.47,7.6,7900271.0,62182162.0,1191816856.0,0.006628762599075038,0.040000000000000036,0.5291005291005346,1.9841269841269888
2024-05-28,7.63,7.64,7.44,7.47,8374000.0,65689949.0,1191816856.0,0.007026247328054236,-0.1299999999999999,-1.7105263157894735,2.631578947368412
2024-05-29,7.47,7.51,7.39,7.41,6435302.0,50076328.0,1191816856.0,0.005399572902164089,-0.05999999999999961,-0.8032128514056214,1.6064257028112465
2024-05-30,7.4,7.5,7.36,7.42,7476800.0,57817389.0,1191816856.0,0.006273447100835433,0.009999999999999787,0.13495276653170407,1.8893387314439902
2024-05-31,7.41,7.47,7.37,7.4,5728900.0,44357755.0,1191816856.0,0.004806862708107226,-0.019999999999999574,-0.26954177897573484,1.3477088948787015
2024-06-03,7.38,7.38,7.22,7.26,9762100.0,74298360.0,1191816856.0,0.008190939699211638,-0.14000000000000057,-1.8918918918918948,2.162162162162164
2024-06-04,7.26,7.35,7.21,7.32,7796504.0,59331225.0,1191816856.0,0.006541696369496556,0.0600000000000005,0.8264462809917328,1.9283746556473784
2024-06-05,7.3,7.38,7.24,7.27,6879694.0,52518190.0,1191816856.0,0.005772442271952562,-0.05000000000000071,-0.6830601092896238,1.9125683060109244
2024-06-06,7.27,7.31,7.11,7.17,12352022.0,92662965.0,1191816856.0,0.010364026937373674,-0.09999999999999964,-1.375515818431905,2.7510316368638144
2024-06-07,7.2,7.3,7.14,7.22,7585100.0,57180292.0,1191816856.0,0.006364316767139263,0.04999999999999982,0.6973500697350143,2.231520223152024
2024-06-11,7.26,7.29,7.12,7.26,7853909.0,59172913.0,1191816856.0,0.00658986232696813,0.040000000000000036,0.5540166204986097,2.3545706371191124
2024-06-12,7.23,7.31,7.19,7.27,6952058.0,52639733.0,1191816856.0,0.005833159654523295,0.009999999999999787,0.13774104683195176,1.6528925619834605
2024-06-13,7.28,7.3,7.18,7.19,7095300.0,53490021.0,1191816856.0,0.005953347583800241,-0.07999999999999918,-1.1004126547455195,1.650618982118296
2024-06-14,7.18,7.26,7.12,7.23,7020000.0,52755037.0,1191816856.0,0.005890166735483727,0.040000000000000036,0.5563282336578546,1.947148817802499
2024-06-17,7.16,7.26,7.16,7.18,4912427.0,36940704.0,1191816856.0,0.0041217968811812136,-0.05000000000000071,-0.6915629322268413,1.3831258644536604
2024-06-18,7.19,7.25,7.14,7.18,6179224.0,46374385.0,1191816856.0,0.005184709352692693,0.0,0.0,1.5320334261838484
2024-06-19,7.18,7.2,7.06,7.07,8299405.0,61578231.0,1191816856.0,0.006963658013576542,-0.10999999999999943,-1.532033426183832,1.9498607242339914
2024-06-20,7.05,7.13,6.91,6.91,7455293.0,54481853.0,1191816856.0,0.006255401543003517,-0.16000000000000014,-2.2630834512022635,3.111739745403108
2024-06-21,6.94,7.05,6.87,6.89,5672200.0,41153260.0,1191816856.0,0.004759288284474473,-0.020000000000000462,-0.28943560057888007,2.6049204052098367
2024-06-24,6.85,6.88,6.65,6.67,9159400.0,64428670.0,1191816856.0,0.007685241196152373,-0.21999999999999975,-3.193033381712629,3.338171262699558
2024-06-25,6.72,6.77,6.66,6.69,6347400.0,44534815.0,1191816856.0,0.005325818281596783,0.020000000000000462,0.2998500749625155,1.6491754122938445
2024-06-26,6.69,6.92,6.68,6.91,8654800.0,61360323.0,1191816856.0,0.007261853997473585,0.21999999999999975,3.2884902840059738,3.5874439461883436
2024-06-27,6.91,6.92,6.73,6.74,6223800.0,44117046.0,1191816856.0,0.005222111072407924,-0.16999999999999993,-2.460202604920403,2.749638205499269
2024-06-28,6.71,6.84,6.7,6.72,6186200.0,43794068.0,1191816856.0,0.005190562601004194,-0.020000000000000462,-0.29673590504452063,2.0771513353115676
2024-07-01,6.7,6.83,6.66,6.8,6111000.0,43082023.0,1191816856.0,0.005127465658196732,0.08000000000000007,1.1904761904761862,2.5297619047619038
2024-07-02,6.77,6.91,6.77,6.87,6504850.0,46531944.0,1191816856.0,0.005457927505599904,0.07000000000000028,1.0294117647058787,2.058823529411773
2024-07-03,6.88,6.95,6.83,6.85,6882300.0,49564458.0,1191816856.0,0.00577462884951847,-0.020000000000000462,-0.29112081513829047,1.746724890829696
2024-07-04,6.85,6.85,6.6,6.61,9086237.0,63363371.0,1191816856.0,0.007623853408564311,-0.23999999999999932,-3.5036496350364876,3.649635036496351
2024-07-05,6.64,6.86,6.58,6.84,9812880.0,69045208.0,1191816856.0,0.008233546916708485,0.22999999999999954,3.479576399394846,4.2360060514372195
2024-07-08,6.86,6.86,6.62,6.66,7601980.0,53224502.0,1191816856.0,0.00637848001706732,-0.17999999999999972,-2.631578947368418,3.5087719298245648
2024-07-09,6.66,6.7,6.47,6.67,9096300.0,62658305.0,1191816856.0,0.007632296819940261,0.009999999999999787,0.15015015015014122,3.4534534534534598
2024-07-10,6.66,6.76,6.57,6.65,5799500.0,40394827.0,1191816856.0,0.004866099997498274,-0.019999999999999574,-0.2998500749625155,2.8485757121439206
2024-07-11,6.75,6.9,6.71,6.89,8790659.0,62631456.0,1191816856.0,0.007375847183017187,0.23999999999999932,3.609022556390973,2.857142857142863
2024-07-12,6.9,6.96,6.86,6.9,6069060.0,43755929.0,1191816856.0,0.0050922756877001246,0.010000000000000675,0.14513788098695635,1.4513788098693707
2024-07-15,6.88,6.9,6.77,6.82,5381500.0,38284216.0,1191816856.0,0.004515374969658929,-0.08000000000000007,-1.1594202898550732,1.884057971014504
2024-07-16,6.73,6.82,6.73,6.78,4393300.0,31082063.0,1191816856.0,0.0036862207292023734,-0.040000000000000036,-0.5865102639296182,1.31964809384164
2024-07-17,6.8,6.94,6.77,6.91,8415000.0,60331607.0,1191816856.0,0.007060648586765751,0.1299999999999999,1.9174041297935096,2.5073746312684486
2024-07-18,6.86,7.06,6.82,7.06,11425297.0,83059376.0,1191816856.0,0.009586453608607126,0.14999999999999947,2.170767004341534,3.4732272069464445
2024-07-19,7.03,7.09,6.99,7.03,8353560.0,61317583.0,1191816856.0,0.00700909704200391,-0.02999999999999936,-0.4249291784702458,1.4164305949008449
2024-07-22,7.02,7.11,6.96,7.06,5934471.0,43671341.0,1191816856.0,0.004979348102121489,0.02999999999999936,0.426742532005675,2.1337126600284546
2024-07-23,7.05,7.09,6.87,6.87,6092240.0,44293245.0,1191816856.0,0.005111724984698488,-0.1899999999999995,-2.6912181303116123,3.1161473087818665
2024-07-24,6.87,6.91,6.79,6.82,5600606.0,39982290.0,1191816856.0,0.004699216974323444,-0.04999999999999982,-0.727802037845704,1.746724890829696
2024-07-25,6.79,6.91,6.77,6.9,6073667.0,43500788.0,1191816856.0,0.0050961412145021714,0.08000000000000007,1.1730205278592365,2.052785923753674
2024-07-26,6.9,7.0,6.89,6.95,4795430.0,34778486.0,1198188946.0,0.0040022318817152566,0.04999999999999982,0.7246376811594235,1.594202898550729
2024-07-29,6.92,6.96,6.84,6.85,4862600.0,34882400.0,1198188946.0,0.0040582914875263755,-0.10000000000000053,-1.4388489208633115,1.7266187050359725
2024-07-30,6.8,6.9,6.8,6.84,3726779.0,26657398.0,1198188946.0,0.0031103433331123387,-0.009999999999999787,-0.14598540145984717,1.4598540145985481
2024-07-31,6.83,7.11,6.82,7.1,11046081.0,80944758.0,1198188946.0,0.009218980893519276,0.2599999999999998,3.801169590643272,4.239766081871346
2024-08-01,7.1,7.2,7.09,7.14,9286397.0,69384597.0,1198188946.0,0.007750361102062779,0.040000000000000036,0.5633802816901401,1.549295774647892
2024-08-02,7.13,7.49,7.11,7.43,22586962.0,173544264.0,1198188946.0,0.018850918359248493,0.29000000000000004,4.061624649859952,5.322128851540615
2024-08-05,7.4,7.61,7.33,7.34,17865806.0,139292475.0,1198188946.0,0.014910675031381904,-0.08999999999999986,-1.2113055181695809,3.7685060565275945
2024-08-06,7.34,7.58,7.34,7.58,12797947.0,100019309.0,1198188946.0,0.010681075837599991,0.2400000000000002,3.2697547683923744,3.2697547683923736
2024-08-07,7.55,7.56,7.37,7.46,9043600.0,70454102.0,1198188946.0,0.007547724447125721,-0.1200000000000001,-1.58311345646438,2.506596306068595
2024-08-08,7.45,7.64,7.43,7.56,11031800.0,87092319.0,1198188946.0,0.009207062072161697,0.09999999999999964,1.3404825737265424,2.815013404825737
2024-08-09,7.55,7.6,7.43,7.44,9813100.0,76846244.0,1198188946.0,0.008189943691902495,-0.11999999999999922,-1.5873015873015817,2.248677248677248
2024-08-12,7.55,7.64,7.5,7.56,14566886.0,115171210.0,1198188946.0,0.012157419786444934,0.11999999999999922,1.6129032258064502,1.8817204301075225
2024-08-13,7.47,7.53,7.36,7.43,9809800.0,76136650.0,1198188946.0,0.008187189535297216,-0.1299999999999999,-1.7195767195767209,2.248677248677248
2024-08-14,7.43,7.47,7.31,7.35,6770000.0,52131449.0,1198188946.0,0.005650194005378514,-0.08000000000000007,-1.076716016150736,2.1534320323014824
2024-08-15,7.36,7.44,7.28,7.34,8598900.0,66177635.0,1198188946.0,0.007176580979741404,-0.009999999999999787,-0.1360544217687054,2.1768707482993217
2024-08-16,7.36,7.41,7.26,7.36,7152369.0,54903918.0,1198188946.0,0.005969316462046546,0.020000000000000462,0.2724795640327127,2.0435967302452362
2024-08-19,7.36,7.44,7.31,7.33,6492800.0,49879308.0,1198188946.0,0.0054188448505349505,-0.03000000000000025,-0.40760869565217295,1.7663043478260976
2024-08-20,7.37,7.39,7.15,7.19,9217100.0,69707082.0,1198188946.0,0.00769252631713062,-0.13999999999999968,-1.9099590723055893,3.274215552523865
2024-08-21,7.16,7.18,7.05,7.08,6256906.0,46361781.0,1198188946.0,0.005221969390460392,-0.11000000000000032,-1.5299026425591111,1.8080667593880373
2024-08-22,7.05,7.13,7.01,7.02,5011827.0,36945563.0,1198188946.0,0.004182835283810071,-0.0600000000000005,-0.8474576271186529,1.6949152542372896
2024-08-23,6.99,7.07,6.96,7.01,5480800.0,40074872.0,1198188946.0,0.004574236824915592,-0.009999999999999787,-0.14245014245013454,1.5669515669515715
2024-08-26,6.99,7.07,6.91,7.04,5184601.0,37981822.0,1198188946.0,0.004327031239361809,0.03000000000000025,0.42796005706133844,2.2824536376604874
2024-08-27,7.01,7.16,7.01,7.1,5874500.0,43551938.0,1198188946.0,0.004902816053854665,0.05999999999999961,0.8522727272727293,2.1306818181818232
2024-08-28,7.07,7.19,7.04,7.13,4802701.0,35730635.0,1198188946.0,0.004008300206768891,0.03000000000000025,0.42253521126760507,2.1126760563380333
2024-08-29,7.12,7.21,7.06,7.18,6238750.0,46639581.0,1198188946.0,0.005206816521573885,0.04999999999999982,0.7012622720897532,2.10378681626929
2024-08-30,7.19,7.28,7.14,7.16,11288880.0,85133317.0,1198188946.0,0.009421619217642157,-0.019999999999999574,-0.278551532033422,1.9498607242339914
2024-09-02,7.13,7.17,7.02,7.02,6600386.0,48734560.0,1198188946.0,0.00550863536342456,-0.14000000000000057,-1.9553072625698387,2.0949720670391114
2024-09-03,6.97,7.14,6.97,7.05,5184100.0,38245777.0,1198188946.0,0.004326613108313553,0.03000000000000025,0.42735042735042583,2.421652421652421
2024-09-04,7.02,7.13,6.96,6.96,5368000.0,39496869.0,1198188946.0,0.00448009474458964,-0.08999999999999986,-1.276595744680853,2.4113475177304955
2024-09-05,6.98,7.08,6.98,7.05,4535200.0,33330148.0,1198188946.0,0.003785045768566121,0.08999999999999986,1.2931034482758674,1.4367816091953973
2024-09-06,7.06,7.1,6.91,6.91,5777000.0,41946481.0,1198188946.0,0.0048214432450622855,-0.13999999999999968,-1.9858156028368712,2.695035460992901
2024-09-09,6.92,7.03,6.87,6.91,5550599.0,40193336.0,1198188946.0,0.004632490575488918,0.0,0.0,2.3154848046309717
2024-09-10,6.94,6.97,6.77,6.87,6762800.0,48348070.0,1198188946.0,0.005644184936421538,-0.040000000000000036,-0.5788712011577379,2.8943560057887145
2024-09-11,6.89,6.9,6.79,6.82,5939200.0,42353033.0,1198188946.0,0.004956814215176377,-0.04999999999999982,-0.727802037845704,1.6011644832605576
2024-09-12,6.82,6.91,6.81,6.82,4369073.0,31291627.0,1198188946.0,0.003646397352091746,0.0,0.0,1.4662756598240547
2024-09-13,6.84,6.84,6.76,6.77,4822400.0,34172206.0,1198188946.0,0.004024740852516594,-0.05000000000000071,-0.7331378299120339,1.1730205278592385
2024-09-18,6.75,6.78,6.66,6.69,4983400.0,34836364.0,1198188946.0,0.0041591103111378565,-0.07999999999999918,-1.1816838995568513,1.7725258493353047
2024-09-19,6.73,6.9,6.68,6.84,5601200.0,39795670.0,1198188946.0,0.004674721811362796,0.14999999999999947,2.2421524663676973,3.2884902840059884
2024-09-20,6.8,6.84,6.71,6.74,4913600.0,34690053.0,1198188946.0,0.00410085572597162,-0.09999999999999964,-1.4619883040935644,1.900584795321636
2024-09-23,6.77,6.82,6.72,6.73,4230861.0,29855474.0,1198188946.0,0.0035310465967193123,-0.009999999999999787,-0.14836795252225476,1.4836795252225599
2024-09-24,6.78,6.98,6.77,6.98,11287769.0,81163465.0,1198188946.0,0.009420691984918378,0.25,3.714710252600306,3.120356612184262
2024-09-25,7.03,7.18,7.03,7.03,11016000.0,81783192.0,1198188946.0,0.009193875504172779,0.04999999999999982,0.7163323782234832,2.1489971346704793
2024-09-26,7.03,7.32,7.0,7.31,11450547.0,85623688.0,1198188946.0,0.009556545349734848,0.27999999999999936,3.982930298719767,4.5519203413940295
2024-09-27,7.44,7.63,7.41,7.6,10592238.0,83131324.0,1198188946.0,0.008840206743152512,0.29000000000000004,3.9671682626539084,3.00957592339261
2024-09-30,7.9,8.36,7.78,8.26,37530910.0,317938301.0,1198188946.0,0.03132303141778442,0.6600000000000001,8.684210526315784,7.63157894736841
2024-10-08,9.07,9.07,8.41,8.76,42355214.0,386453778.0,1198188946.0,0.03534936133520297,0.5,6.0532687651331685,7.990314769975789
2024-10-09,8.62,8.63,8.06,8.1,30688901.0,267334621.0,1198188946.0,0.025612739211499952,-0.6600000000000001,-7.534246575342463,6.5068493150684965
2024-10-10,8.11,8.36,8.0,8.04,19943262.0,170357821.0,1198188946.0,0.01664450508125452,-0.0600000000000005,-0.7407407407407418,4.4444444444444375
2024-10-11,8.04,8.12,7.75,7.81,17261677.0,142285245.0,1198188946.0,0.014406473250839021,-0.22999999999999954,-2.8606965174129306,4.601990049751235
2024-10-14,7.85,7.97,7.77,7.92,14430580.0,118408256.0,1198188946.0,0.012043659765160277,0.11000000000000032,1.4084507042253502,2.5608194622279155
2024-10-15,7.91,8.0,7.75,7.75,13585500.0,111765970.0,1198188946.0,0.011338361988193471,-0.16999999999999993,-2.146464646464641,3.1565656565656566
2024-10-16,7.68,7.85,7.65,7.74,10607500.0,85697855.0,1198188946.0,0.008852944300155478,-0.009999999999999787,-0.1290322580645098,2.5806451612903136
2024-10-17,7.75,7.81,7.66,7.66,10359500.0,83611273.0,1198188946.0,0.008645965258304094,-0.08000000000000007,-1.033591731266148,1.937984496124024
2024-10-18,7.66,7.98,7.61,7.84,17925505.0,145958103.0,1198188946.0,0.01496049939355725,0.17999999999999972,2.3498694516971286,4.83028720626632
2024-10-21,7.9,7.91,7.74,7.8,19577626.0,159766228.0,1198188946.0,0.016339347867761082,-0.040000000000000036,-0.5102040816326481,2.168367346938775
2024-10-22,7.77,7.93,7.76,7.88,15487913.0,126977349.0,1198188946.0,0.012926102391199994,0.08000000000000007,1.025641025641022,2.179487179487179
2024-10-23,7.88,8.01,7.86,7.97,18682400.0,154837179.0,1198188946.0,0.015592198594694764,0.08999999999999986,1.1421319796954377,1.903553299492379
2024-10-24,7.93,8.08,7.92,7.98,15316864.0,128077552.0,1198188946.0,0.012783346108419198,0.010000000000000675,0.12547051442912682,2.0075282308657485
2024-10-25,7.95,8.16,7.94,8.14,17057015.0,143715994.0,1198188946.0,0.014235663796551166,0.16000000000000014,2.0050125313283207,2.7568922305764376
2024-10-28,8.2,8.31,8.11,8.28,15121601.0,130000835.0,1198188946.0,0.012620380992898928,0.1399999999999988,1.7199017199017064,2.45700245700247
2024-10-29,8.28,8.33,7.99,8.04,17716609.0,149993962.0,1198188946.0,0.014786156272885528,-0.2400000000000002,-2.898550724637683,4.106280193236714
2024-10-30,8.01,8.14,7.98,8.09,13385406.0,112625798.0,1198188946.0,0.011171364954321653,0.05000000000000071,0.6218905472636926,1.9900497512437831
2024-10-31,8.15,8.23,8.04,8.09,16599679.0,140557995.0,1198188946.0,0.013853974413147356,0.0,0.0,2.348578491965405
2024-11-01,8.1,8.16,7.94,7.98,15211170.0,127701845.0,1198188946.0,0.012695134645316616,-0.10999999999999943,-1.3597033374536438,2.71940667490729
2024-11-04,7.98,8.07,7.98,8.04,11498300.0,96182239.0,1198188946.0,0.009596399664999079,0.05999999999999872,0.7518796992481036,1.1278195488721787
2024-11-05,8.04,8.19,7.98,8.18,18881301.0,159915100.0,1198188946.0,0.015758199959224128,0.14000000000000057,1.7412935323383172,2.6119402985074514
2024-11-06,8.16,8.25,8.1,8.16,19526424.0,166711462.0,1198188946.0,0.01629661504154788,-0.019999999999999574,-0.24449877750610804,1.8337408312958479
2024-11-07,8.1,8.42,8.09,8.38,22751702.0,197305253.0,1198188946.0,0.01898840919535574,0.22000000000000064,2.6960784313725616,4.044117647058824
2024-11-08,8.45,8.52,8.27,8.3,24165710.0,211194375.0,1198188946.0,0.02016853024781619,-0.08000000000000007,-0.9546539379474916,2.983293556085919
2024-11-11,8.22,8.4,8.2,8.38,22086406.0,191709472.0,1198188946.0,0.018433157870244615,0.08000000000000007,0.9638554216867545,2.40963855421688
2024-11-12,8.39,8.65,8.39,8.46,30680456.0,272820045.0,1198188946.0,0.025605691074369167,0.08000000000000007,0.9546539379474916,3.1026252983293525
2024-11-13,8.39,8.49,8.23,8.32,19058861.0,165606395.0,1198188946.0,0.01590639027644643,-0.14000000000000057,-1.654846335697402,3.0732860520094536
2024-11-14,8.32,8.35,8.09,8.13,14407623.0,123339252.0,1198188946.0,0.012024500015709542,-0.1899999999999995,-2.2836538461538436,3.1249999999999973
2024-11-15,8.09,8.22,8.06,8.09,12622809.0,107278632.0,1198188946.0,0.010534906904407379,-0.040000000000000924,-0.49200492004921603,1.9680196801968035
2024-11-18,8.1,8.22,8.05,8.09,12993502.0,110378126.0,1198188946.0,0.010844284654250183,0.0,0.0,2.1013597033374527
2024-11-19,8.11,8.18,8.01,8.12,10628530.0,89970228.0,1198188946.0,0.00887049578906731,0.02999999999999936,0.3708281829418958,2.1013597033374527
2024-11-20,8.12,8.28,8.1,8.26,15344299.0,131676131.0,1198188946.0,0.012806243164924007,0.14000000000000057,1.7241379310344973,2.216748768472903
2024-11-21,8.26,8.31,8.17,8.31,13676667.0,117926226.0,1198188946.0,0.011414449320082443,0.05000000000000071,0.6053268765133346,1.6949152542372952
2024-11-22,8.3,8.3,7.95,8.0,17408805.0,147191754.0,1198188946.0,0.014529265236603176,-0.3100000000000005,-3.730445246690739,4.211793020457287
2024-11-25,8.0,8.04,7.94,8.04,9572721.0,79973542.0,1198188946.0,0.007989325082623488,0.03999999999999915,0.49999999999998934,1.2499999999999845
2024-11-26,8.04,8.14,8.0,8.01,8931358.0,75296871.0,1198188946.0,0.007454048069643934,-0.02999999999999936,-0.3731343283582045,1.7412935323383159
2024-11-27,8.0,8.09,7.88,8.08,10673200.0,88924736.0,1198188946.0,0.008907777054387882,0.07000000000000028,0.8739076154806513,2.621722846441947
2024-11-28,8.07,8.12,8.04,8.07,8900351.0,75142863.0,1198188946.0,0.007428169847262136,-0.009999999999999787,-0.12376237623762387,0.990099009900991
2024-11-29,8.07,8.18,8.01,8.1,13566061.0,114878537.0,1198188946.0,0.011322138336602549,0.02999999999999936,0.3717472118959009,2.106567534076827
2024-12-02,8.09,8.31,8.08,8.29,14858100.0,127678417.0,1198188946.0,0.012400464926338922,0.1899999999999995,2.3456790123456805,2.8395061728395112
2024-12-03,8.29,8.33,8.2,8.29,10362850.0,89385278.0,1198188946.0,0.00864876114455491,0.0,0.0,1.5681544028950638
2024-12-04,8.27,8.28,8.11,8.16,10259137.0,87796507.0,1198188946.0,0.008562203010008406,-0.129999999999999,-1.568154402895039,2.0506634499396856
2024-12-05,8.15,8.16,8.1,8.16,7320448.0,62165358.0,1198188946.0,0.00610959400388259,0.0,0.0,0.7352941176470649
2024-12-06,8.16,8.27,8.09,8.25,12911287.0,110730277.0,1198188946.0,0.010775668598097716,0.08999999999999986,1.1029411764705843,2.2058823529411726
2024-12-09,8.33,8.4,8.24,8.28,13042180.0,113278011.0,1198188946.0,0.010884910967956801,0.02999999999999936,0.363636363636366,1.9393939393939412
2024-12-10,8.42,8.46,8.21,8.22,16412702.0,142898646.0,1198188946.0,0.013697924734485074,-0.05999999999999872,-0.7246376811594013,3.0193236714975846
2024-12-11,8.23,8.36,8.23,8.31,9880101.0,85718473.0,1198188946.0,0.008245862251511707,0.08999999999999986,1.0948905109489093,1.5815085158150728
2024-12-12,8.29,8.4,8.24,8.39,13634602.0,118913412.0,1198188946.0,0.011379342169294223,0.08000000000000007,0.9626955475330989,1.9253910950661868
2024-12-13,8.37,8.38,8.22,8.22,13980413.0,120723573.0,1198188946.0,0.011667953578333213,-0.16999999999999993,-2.026221692491059,1.9070321811680588
2024-12-16,8.21,8.31,8.19,8.22,9560763.0,82204965.0,1198188946.0,0.007979345020597444,0.0,0.0,1.4598540145985521
2024-12-17,8.19,8.24,8.07,8.1,13530825.0,114848716.0,1198188946.0,0.011292730620801437,-0.120000000000001,-1.4598540145985495,2.0681265206812642
2024-12-18,8.08,8.17,8.07,8.07,9266131.0,78571030.0,1198188946.0,0.007733447242134714,-0.02999999999999936,-0.37037037037036535,1.2345679012345634
2024-12-19,8.04,8.1,7.95,8.08,10086600.0,84522108.0,1198188946.0,0.008418204852976502,0.009999999999999787,0.12391573729864103,1.8587360594795475
2024-12-20,8.09,8.11,8.02,8.11,8663600.0,73006059.0,1198188946.0,0.007230579141063116,0.02999999999999936,0.3712871287128605,1.1138613861386122
2024-12-23,8.12,8.16,7.96,7.96,11968347.0,100600350.0,1198188946.0,0.009988697558890683,-0.14999999999999947,-1.8495684340320562,2.4660912453760813
2024-12-24,7.97,8.05,7.96,8.02,8405430.0,70248234.0,1198188946.0,0.0070151122893100035,0.05999999999999961,0.7537688442210921,1.1306532663316677
2024-12-25,8.04,8.07,7.93,7.99,8027236.0,66830519.0,1198188946.0,0.0066994742580441064,-0.02999999999999936,-0.37406483790523026,1.745635910224446
2024-12-26,7.95,8.03,7.91,7.93,7893486.0,65598921.0,1198188946.0,0.006587847456239177,-0.0600000000000005,-0.7509386733416834,1.5018773466833444
2024-12-27,7.94,8.07,7.89,8.04,10836268.0,90687234.0,1198188946.0,0.009043872451148452,0.10999999999999943,1.387137452711218,2.2698612862547365
2024-12-30,8.09,8.1,8.0,8.05,9165900.0,76923021.0,1198188946.0,0.007649795160103238,0.010000000000001563,0.12437810945276073,1.2437810945273589
2024-12-31,8.05,8.18,7.95,7.95,13059080.0,109802717.0,1198188946.0,0.01089901558814748,-0.10000000000000053,-1.2422360248447228,2.857142857142851
2025-01-02,7.96,8.02,7.71,7.77,12386317.0,101820531.0,1198188946.0,0.010337532357772227,-0.1800000000000006,-2.264150943396237,3.899371069182385
2025-01-03,7.78,8.0,7.72,7.77,12347104.0,101322373.0,1198188946.0,0.010304805465965298,0.0,0.0,3.603603603603607
2025-01-06,8.01,8.14,7.88,8.06,22994956.0,192879620.0,1198188946.0,0.019191427259252984,0.2900000000000009,3.7323037323037545,3.3462033462033554
2025-01-07,8.04,8.04,7.63,7.7,22763818.0,184122234.0,1198188946.0,0.018998521123061673,-0.3600000000000003,-4.466501240694798,5.0868486352357225
2025-01-08,7.64,7.75,7.44,7.57,15734920.0,124743883.0,1198188946.0,0.013132252682291061,-0.1299999999999999,-1.6883116883116833,4.025974025974021
2025-01-09,7.52,7.61,7.42,7.5,10020709.0,78868324.0,1198188946.0,0.008363212691498157,-0.07000000000000028,-0.9247027741083214,2.5099075297225943
2025-01-10,7.55,7.55,7.34,7.34,13677100.0,106156645.0,1198188946.0,0.011414810698812772,-0.16000000000000014,-2.1333333333333315,2.7999999999999994
2025-01-13,7.32,7.39,7.25,7.39,8557010.0,65554417.0,1198188946.0,0.007141619882712555,0.04999999999999982,0.6811989100817373,1.9073569482288784
2025-01-14,7.39,7.58,7.38,7.58,11208800.0,87622533.0,1198188946.0,0.009354785017354017,0.1900000000000004,2.571041948579156,2.7063599458728036
2025-01-15,7.55,7.66,7.47,7.63,12004258.0,95098420.0,1198188946.0,0.01001866862490651,0.04999999999999982,0.6596306068601621,2.506596306068607
2025-01-16,7.64,7.82,7.63,7.73,11289800.0,91158998.0,1198188946.0,0.009422387043119993,0.10000000000000053,1.3106159895150737,2.490170380078642
2025-01-17,7.69,7.85,7.66,7.84,10042979.0,81546569.0,1198188946.0,0.008381799075619248,0.10999999999999943,1.4230271668822736,2.4579560155239264
2025-01-20,7.87,7.99,7.82,7.85,10592470.0,87323146.0,1198188946.0,0.008840400368707792,0.009999999999999787,0.12755102040815647,2.168367346938775
2025-01-21,7.93,8.04,7.83,7.92,9451700.0,78062729.0,1198188946.0,0.007888321813978744,0.07000000000000028,0.8917197452229297,2.675159235668778
2025-01-22,7.95,7.96,7.86,7.94,6582400.0,54392502.0,1198188946.0,0.00549362437533287,0.020000000000000462,0.2525252525252597,1.262626262626258
2025-01-23,7.99,8.3,7.99,8.09,25046090.0,213634231.0,1198188946.0,0.02090328915453039,0.14999999999999947,1.8891687657430767,3.904282115869024
2025-01-24,8.11,8.17,7.99,8.16,15641840.0,132354082.0,1198188946.0,0.013054568774163937,0.07000000000000028,0.8652657601977864,2.2249690976514183
2025-01-27,8.16,8.34,8.12,8.21,13433700.0,115830828.0,1198188946.0,0.011211670784350567,0.05000000000000071,0.6127450980392135,2.6960784313725568
2025-02-05,8.33,8.57,8.28,8.43,27859600.0,245636352.0,1198188946.0,0.02325142465468881,0.21999999999999886,2.6796589524969328,3.5322777101096334
2025-02-06,8.41,8.41,8.26,8.38,19772978.0,172001352.0,1198188946.0,0.016502387262050406,-0.049999999999998934,-0.5931198102016477,1.7793594306049865
2025-02-07,8.43,8.46,8.33,8.41,19244560.0,168567658.0,1198188946.0,0.016061373345368852,0.02999999999999936,0.35799522673030104,1.551312649164687
2025-02-10,8.47,8.59,8.44,8.49,18809953.0,167413175.0,1198188946.0,0.015698653424232142,0.08000000000000007,0.9512485136742077,1.7835909631391242
2025-02-11,8.48,8.49,8.4,8.44,11058398.0,97404873.0,1198188946.0,0.009229260574400258,-0.05000000000000071,-0.5889281507656108,1.0600706713780903
2025-02-12,8.43,8.45,8.33,8.37,10907100.0,95522425.0,1198188946.0,0.009102988336198522,-0.07000000000000028,-0.82938388625593,1.4218009478672893
2025-02-13,8.36,8.44,8.34,8.43,11332078.0,99419799.0,1198188946.0,0.009457671962198188,0.0600000000000005,0.7168458781362075,1.194743130226997
2025-02-14,8.38,8.53,8.38,8.48,10324913.0,91396383.0,1198188946.0,0.008617099193302022,0.05000000000000071,0.5931198102016699,1.7793594306049654
2025-02-17,8.55,8.58,8.35,8.4,15455475.0,136631254.0,1198188946.0,0.012899029866362996,-0.08000000000000007,-0.9433962264150941,2.712264150943401
2025-02-18,8.39,8.42,8.28,8.33,11554340.0,100842840.0,1198188946.0,0.009643170251714206,-0.07000000000000028,-0.8333333333333415,1.6666666666666732
2025-02-19,8.3,8.33,8.18,8.19,14391800.0,123698784.0,1198188946.0,0.012011294252083677,-0.14000000000000057,-1.6806722689075682,1.8007202881152504
2025-02-20,8.17,8.3,8.17,8.24,13530392.0,116255161.0,1198188946.0,0.011292369242071108,0.05000000000000071,0.6105006105006083,1.587301587301597
2025-02-21,8.24,8.35,8.18,8.3,10824891.0,93391274.0,1198188946.0,0.009034377287603519,0.0600000000000005,0.728155339805836,2.0631067961165037
2025-02-24,8.29,8.46,8.24,8.35,11984350.0,104661942.0,1198188946.0,0.010002053549240471,0.049999999999998934,0.6024096385542022,2.650602409638562
2025-02-25,8.33,8.41,8.24,8.27,9853400.0,85543681.0,1198188946.0,0.008223577786203345,-0.08000000000000007,-0.9580838323353325,2.035928143712574
2025-02-26,8.28,8.34,8.25,8.34,10567994.0,91521767.0,1198188946.0,0.008819972872625717,0.07000000000000028,0.846432889963733,1.0882708585247867
2025-02-27,8.37,8.43,8.24,8.32,10988915.0,95557553.0,1198188946.0,0.009171270555186711,-0.019999999999999574,-0.23980815347721673,2.2781774580335674
2025-02-28,8.31,8.35,8.12,8.16,11528201.0,98829365.0,1198188946.0,0.009621354827621652,-0.16000000000000014,-1.9230769230769273,2.764423076923082
2025-03-03,8.19,8.26,8.14,8.18,7713204.0,66130240.0,1198188946.0,0.00643738537711397,0.019999999999999574,0.2450980392156854,1.470588235294108
2025-03-04,8.19,8.25,8.15,8.21,9114500.0,78185214.0,1198188946.0,0.007606897084493717,0.030000000000001137,0.3667481662591898,1.222493887530558
2025-03-05,8.2,8.21,8.1,8.15,9904549.0,84308575.0,1198188946.0,0.008266266378992283,-0.0600000000000005,-0.730816077953722,1.3398294762484921
2025-03-06,8.17,8.2,8.09,8.16,10090720.0,85811644.0,1198188946.0,0.00842164337576855,0.009999999999999787,0.12269938650306678,1.3496932515337352
2025-03-07,8.16,8.22,8.1,8.14,11788361.0,100447354.0,1198188946.0,0.00983848251926704,-0.019999999999999574,-0.2450980392156854,1.4705882352941297
2025-03-10,8.15,8.26,8.13,8.2,9933239.0,85025471.0,1198188946.0,0.00829021084960001,0.05999999999999872,0.7371007371007154,1.5970515970515846
2025-03-11,8.13,8.19,8.1,8.17,7199620.0,61260924.0,1198188946.0,0.00600875181166961,-0.02999999999999936,-0.3658536585365746,1.0975609756097544
2025-03-12,8.19,8.22,8.04,8.07,12445171.0,105262464.0,1198188946.0,0.01038665148893804,-0.09999999999999964,-1.2239902080783294,2.2031823745410217
2025-03-13,8.07,8.08,7.98,8.04,8769700.0,73425032.0,1198188946.0,0.007319129448887438,-0.030000000000001137,-0.3717472118959231,1.2391573729863647
2025-03-14,8.04,8.21,8.04,8.21,12176447.0,103457364.0,1198188946.0,0.010162376343605494,0.1700000000000017,2.1144278606965328,2.114427860696539
2025-03-17,8.21,8.26,8.18,8.19,9012400.0,77233811.0,1198188946.0,0.00752168514831216,-0.02000000000000135,-0.24360535931792215,0.9744214372716208
2025-03-18,8.22,8.28,8.18,8.22,9014800.0,77396100.0,1198188946.0,0.007523688171297818,0.030000000000001137,0.3663003663003872,1.2210012210012167
2025-03-19,8.22,8.29,8.22,8.28,9229595.0,79622757.0,1198188946.0,0.007702954555549706,0.05999999999999872,0.7299270072992581,0.8515815085157968
2025-03-20,8.27,8.32,8.24,8.28,7583300.0,65584723.0,1198188946.0,0.006328968419643558,0.0,0.0,0.966183574879228
2025-03-21,8.31,8.34,8.16,8.2,11602203.0,100025007.0,1198188946.0,0.009683116372198613,-0.08000000000000007,-0.9661835748792313,2.1739130434782576
2025-03-24,8.16,8.22,8.07,8.16,9650299.0,82043115.0,1198188946.0,0.00805407113144908,-0.03999999999999915,-0.4878048780487698,1.8292682926829311
2025-03-25,8.14,8.26,8.11,8.26,7588937.0,64879545.0,1198188946.0,0.006333673019881123,0.09999999999999964,1.225490196078427,1.8382352941176512
2025-03-26,8.26,8.33,8.24,8.29,9146200.0,79176798.0,1198188946.0,0.007633353679762624,0.02999999999999936,0.363196125907983,1.0895883777239692
2025-03-27,8.27,8.48,8.16,8.47,17115760.0,149538403.0,1198188946.0,0.014284691957089713,0.1800000000000015,2.1712907117008573,3.860072376357061
2025-03-28,8.44,8.65,8.41,8.45,22121650.0,196898217.0,1198188946.0,0.01846257226278901,-0.02000000000000135,-0.23612750885479983,2.833530106257381
2025-03-31,8.52,8.94,8.49,8.68,45147455.0,411099969.0,1198188946.0,0.037679745878743905,0.23000000000000043,2.721893491124261,5.32544378698224
2025-04-01,8.63,9.31,8.63,9.04,70261326.0,667495592.0,1198188946.0,0.058639604575353846,0.35999999999999943,4.147465437788012,7.834101382488476
2025-04-02,9.04,9.11,8.84,8.91,33815298.0,317165205.0,1198188946.0,0.02822200798370577,-0.129999999999999,-1.4380530973451267,2.98672566371681
2025-04-03,8.79,9.06,8.79,8.91,25318898.0,236098391.0,1198188946.0,0.0211309727773102,0.0,0.0,3.0303030303030454
2025-04-07,8.48,8.7,8.02,8.02,38134997.0,330581669.0,1198188946.0,0.031827198145425055,-0.8900000000000006,-9.988776655443331,7.631874298540962
2025-04-08,8.13,8.38,8.12,8.3,34640000.0,298162623.0,1198188946.0,0.02891029842633851,0.28000000000000114,3.4912718204488824,3.2418952618454058
2025-04-09,8.15,8.26,7.79,8.2,31080100.0,260543330.0,1198188946.0,0.025939231123569387,-0.10000000000000142,-1.2048192771084487,5.662650602409635
2025-04-10,8.3,8.45,8.23,8.32,24074972.0,209496114.0,1198188946.0,0.020092800956285906,0.120000000000001,1.4634146341463428,2.682926829268279
2025-04-11,8.28,8.75,8.26,8.62,31902200.0,285315575.0,1198188946.0,0.02662534995544851,0.29999999999999893,3.605769230769207,5.889423076923079
2025-04-14,8.6,8.8,8.55,8.75,22746500.0,206857506.0,1198188946.0,0.018984067643034324,0.13000000000000078,1.5081206496519783,2.900232018561485
2025-04-15,8.72,8.79,8.62,8.71,17543584.0,159358652.0,1198188946.0,0.014641750834513207,-0.03999999999999915,-0.45714285714284486,1.942857142857142
2025-04-16,8.69,8.71,8.47,8.61,16465700.0,147608850.0,1198188946.0,0.01374215648956588,-0.10000000000000142,-1.148105625717577,2.755453501722161
2025-04-17,8.77,8.95,8.6,8.62,26810655.0,244770985.0,1198188946.0,0.022375982593983972,0.009999999999999787,0.11614401858304202,4.065040650406501
2025-04-18,8.59,8.67,8.42,8.43,15650962.0,138829145.0,1198188946.0,0.013062181930695261,-0.1899999999999995,-2.204176334106722,2.900232018561485
2025-04-21,8.4,8.63,8.34,8.53,14448530.0,128321090.0,1198188946.0,0.012058640707907181,0.09999999999999964,1.1862396204033177,3.4400948991696434
2025-04-22,8.53,8.67,8.47,8.63,15426155.0,138352265.0,1198188946.0,0.012874559602221535,0.10000000000000142,1.1723329425556983,2.3446658851113633
2025-04-23,8.67,8.83,8.55,8.57,15514300.0,140139165.0,1198188946.0,0.012948124794334399,-0.0600000000000005,-0.6952491309385911,3.244495944380062
2025-04-24,8.6,8.73,8.54,8.71,16605801.0,150432887.0,1198188946.0,0.013859083790946608,0.14000000000000057,1.6336056009334854,2.2170361726954644
2025-04-25,8.79,8.81,8.59,8.63,18444500.0,166593792.0,1198188946.0,0.015393648941241359,-0.08000000000000007,-0.9184845005740572,2.5258323765786526
2025-04-28,8.59,8.61,8.48,8.53,11840500.0,105519460.0,1198188946.0,0.009881997359037562,-0.10000000000000142,-1.1587485515643259,1.5063731170335921
2025-04-29,8.52,8.59,8.46,8.5,8380402.0,74491939.0,1198188946.0,0.0069942240979412275,-0.02999999999999936,-0.3516998827666984,1.52403282532238
2025-04-30,8.52,8.62,8.48,8.49,10011500.0,89191522.0,1198188946.0,0.008355526925383603,-0.009999999999999787,-0.11764705882352233,1.6470588235293977
2025-05-06,8.49,8.59,8.48,8.51,15618500.0,139027652.0,1198188946.0,0.013035089375628408,0.019999999999999574,0.2355712603062443,1.2956419316843277
2025-05-07,8.58,8.63,8.41,8.45,15436700.0,137000306.0,1198188946.0,0.012883360384464772,-0.0600000000000005,-0.7050528789659283,2.5851938895417232
2025-05-08,8.45,8.48,8.42,8.43,9863220.0,86963642.0,1198188946.0,0.008231773488586332,-0.019999999999999574,-0.2366863905325367,0.7100591715976391
2025-05-09,8.44,8.49,8.41,8.43,9446009.0,83232683.0,1198188946.0,0.007883572145724002,0.0,0.0,0.9489916963226581
2025-05-12,8.44,8.45,8.31,8.38,15014420.0,130963907.0,1198188946.0,0.012530928490138149,-0.049999999999998934,-0.5931198102016477,1.6607354685646356
2025-05-13,8.43,8.54,8.42,8.46,17183120.0,151985980.0,1198188946.0,0.014340910135553863,0.08000000000000007,0.9546539379474916,1.4319809069212315
2025-05-14,8.44,8.49,8.38,8.49,10906700.0,95996476.0,1198188946.0,0.009102654499034244,0.02999999999999936,0.35460992907800915,1.3002364066193786
2025-05-15,8.47,8.55,8.44,8.5,13447857.0,119576940.0,1198188946.0,0.01122348611618722,0.009999999999999787,0.11778563015312216,1.2956419316843488
2025-05-16,8.53,8.76,8.49,8.73,20667098.0,182399731.0,1198188946.0,0.0172486134753575,0.23000000000000043,2.70588235294118,3.176470588235289
2025-05-19,8.74,8.78,8.55,8.59,15479399.0,135904484.0,1198188946.0,0.01291899666715837,-0.14000000000000057,-1.6036655211912998,2.634593356242825
2025-05-20,8.6,8.95,8.6,8.88,26364217.0,237509872.0,1198188946.0,0.022003388604120874,0.2900000000000009,3.3760186263096736,4.074505238649588
2025-05-21,8.87,8.97,8.83,8.88,15710897.0,142633630.0,1198188946.0,0.01311220325679753,0.0,0.0,1.5765765765765827
2025-05-22,8.89,9.0,8.83,8.95,19180213.0,174740422.0,1198188946.0,0.016007669795344615,0.06999999999999851,0.7882882882882747,1.9144144144144135
2025-05-23,8.93,9.09,8.91,8.96,21942795.0,201828185.0,1198188946.0,0.01831330114774736,0.010000000000001563,0.11173184357544663,2.011173184357539
2025-05-26,8.98,9.02,8.69,8.76,20154385.0,181054588.0,1198188946.0,0.016820706840338352,-0.20000000000000107,-2.2321428571428714,3.6830357142857144
2025-05-27,8.76,8.93,8.7,8.92,15557800.0,140281268.0,1198188946.0,0.01298442958594946,0.16000000000000014,1.82648401826484,2.625570776255713
2025-05-28,8.89,8.96,8.79,8.81,11399910.0,103038367.0,1198188946.0,0.009514284068516185,-0.10999999999999943,-1.2331838565022402,1.905829596412575
2025-05-29,8.8,8.92,8.71,8.91,13506258.0,122092794.0,1198188946.0,0.01127222717676449,0.09999999999999964,1.1350737797956922,2.3836549375709315
2025-05-30,8.88,9.14,8.88,9.05,22128782.0,204127113.0,1198188946.0,0.01846852457942806,0.14000000000000057,1.5712682379349197,2.918069584736249
2025-06-03,8.94,9.23,8.91,9.21,27852158.0,259594670.0,1198188946.0,0.02324521361424745,0.16000000000000014,1.7679558011049812,3.5359116022099477
2025-06-04,9.18,9.23,9.11,9.2,19518833.0,182608734.0,1198188946.0,0.016290279646762825,-0.010000000000001563,-0.10857763300762269,1.3029315960912158
2025-06-05,9.2,9.23,8.96,9.02,20068100.0,185234821.0,1198188946.0,0.016748693991039374,-0.17999999999999972,-1.9565217391304346,2.934782608695648
2025-06-06,9.02,9.07,8.92,8.97,12441437.0,113817081.0,1198188946.0,0.010383535119009519,-0.049999999999998934,-0.5543237250554167,1.6629711751663012
2025-06-09,8.98,9.33,8.98,9.23,25951301.0,243879392.0,1198188946.0,0.02165877183780996,0.2599999999999998,2.898550724637672,3.9018952062430277
2025-06-10,9.21,9.44,9.18,9.41,36755308.0,350471561.0,1198188946.0,0.03067571948706661,0.17999999999999972,1.9501625135427858,2.816901408450702
2025-06-11,9.42,9.73,9.35,9.58,40509175.0,393844927.0,1198188946.0,0.03380867027294375,0.16999999999999993,1.8065887353878818,4.038257173219987
2025-06-12,9.52,10.15,9.42,9.74,50869880.0,505553566.0,1198188946.0,0.04245564121570522,0.16000000000000014,1.6701461377870652,7.620041753653449
2025-06-13,9.68,10.08,9.47,9.58,50943109.0,502796365.0,1198188946.0,0.042516757619962216,-0.16000000000000014,-1.642710472279263,6.262833675564676
2025-06-16,9.5,9.59,9.31,9.4,32409002.0,311534524.0,1198188946.0,0.027048323311772565,-0.17999999999999972,-1.8789144050104345,2.922755741127342
2025-06-17,9.4,9.53,9.15,9.23,33263149.0,314856472.0,1198188946.0,0.027761188342660607,-0.16999999999999993,-1.8085106382978666,4.04255319148935
2025-06-18,9.17,9.28,9.11,9.24,24816944.0,232859155.0,1198188946.0,0.020712045527417174,0.009999999999999787,0.10834236186347823,1.8418201516793058
2025-06-19,9.29,9.33,8.92,8.94,32781300.0,302277819.0,1198188946.0,0.02735904058323703,-0.3000000000000007,-3.2467532467532534,4.437229437229439
2025-06-20,8.94,9.11,8.93,8.95,18110200.0,166318618.0,1198188946.0,0.015114644531197336,0.009999999999999787,0.11185682326622093,2.0134228187919434
2025-06-23,8.94,9.06,8.89,9.04,16167106.0,147988788.0,1198188946.0,0.013492952053990991,0.08999999999999986,1.0055865921787754,1.8994413407821222
2025-06-24,9.04,9.15,9.03,9.12,17936662.0,166339755.0,1198188946.0,0.01496981094666183,0.08000000000000007,0.8849557522123908,1.3274336283185952
2025-06-25,9.12,9.16,9.0,9.12,18601340.0,172157079.0,1198188946.0,0.015524546493354146,0.0,0.0,1.7543859649122824
2025-06-26,9.11,9.11,8.93,9.01,15474357.0,142347754.0,1198188946.0,0.012914788649702665,-0.10999999999999943,-1.2061403508771829,1.9736842105263128
2025-06-27,9.02,9.1,9.02,9.07,11187041.0,103348997.0,1198188946.0,0.009336625110210288,0.0600000000000005,0.6659267480577213,0.8879023307436191
2025-06-30,9.09,9.1,9.0,9.07,14170800.0,130772328.0,1198188946.0,0.011826849218820951,0.0,0.0,1.1025358324145496
2025-07-01,9.08,9.27,9.02,9.25,21717462.0,202870571.0,1198188946.0,0.01812523982340261,0.17999999999999972,1.9845644983461863,2.7563395810363835
2025-07-02,9.28,9.58,9.27,9.31,30839300.0,296369732.0,1198188946.0,0.025738261150674978,0.0600000000000005,0.6486486486486642,3.3513513513513566
2025-07-03,9.26,9.53,9.22,9.49,23906090.0,229892063.0,1198188946.0,0.019951853236342576,0.17999999999999972,1.933404940923733,3.32975295381309
2025-07-04,9.49,10.44,9.49,10.44,110485325.0,1160700172.0,1198188946.0,0.09221026898039836,0.9499999999999993,10.01053740779767,10.010537407797674
2025-07-07,10.65,10.98,10.43,10.54,131904952.0,1434302265.0,1198188946.0,0.11008693782424529,0.09999999999999964,0.9578544061302541,5.268199233716482
2025-07-08,10.51,10.95,10.32,10.78,82213405.0,892691498.0,1198188946.0,0.0686147249767734,0.2400000000000002,2.2770398481973375,5.977229601518018
2025-07-09,10.73,11.31,10.49,11.1,100231055.0,1119669579.0,1198188946.0,0.08365212793408629,0.3200000000000003,2.9684601113172615,7.606679035250467
2025-07-10,10.99,11.97,10.9,11.75,126118881.0,1470547747.0,1198188946.0,0.10525792398689013,0.6500000000000004,5.855855855855863,9.639639639639643
2025-07-11,11.76,12.8,11.62,12.2,131244590.0,1641637192.0,1198188946.0,0.10953580438055552,0.4499999999999993,3.8297872340425476,10.042553191489374
2025-07-14,12.01,12.47,11.82,11.99,88258689.0,1080737958.0,1198188946.0,0.07366007614628753,-0.20999999999999908,-1.7213114754098258,5.327868852459019
2025-07-15,11.98,12.17,11.61,11.92,72413658.0,872870042.0,1198188946.0,0.060435925604007366,-0.07000000000000028,-0.5838198498749003,4.67055879899917
2025-07-16,11.99,12.35,11.79,12.24,67457787.0,835354638.0,1198188946.0,0.056299790801107925,0.3200000000000003,2.684563758389258,4.697986577181212
2025-07-17,12.11,12.42,11.96,12.41,60882100.0,758463424.0,1198188946.0,0.050811769047984526,0.16999999999999993,1.388888888888884,3.758169934640515
2025-07-18,12.23,12.35,11.86,12.24,52533894.0,646126074.0,1198188946.0,0.043844415503395906,-0.16999999999999993,-1.3698630136986245,3.9484286865431124
2025-07-21,12.4,12.72,12.06,12.25,72780788.0,915318630.0,1198188946.0,0.06074232969930938,0.009999999999999787,0.08169934640522847,5.392156862745099
2025-07-22,12.06,12.34,11.69,11.81,72746430.0,887733889.0,1198188946.0,0.060713654756083854,-0.4399999999999995,-3.591836734693876,5.306122448979594
2025-07-23,11.64,11.96,11.47,11.59,55917875.0,667463934.0,1198188946.0,0.046668662055909166,-0.22000000000000064,-1.8628281117696877,4.149026248941577
2025-07-24,11.81,11.86,11.49,11.7,43366755.0,517309301.0,1198188946.0,0.03619358628267632,0.10999999999999943,0.9490940465918918,3.192407247627258
2025-07-25,11.83,11.94,11.54,11.59,41776932.0,499433971.0,1198188946.0,0.03486673127762272,-0.10999999999999943,-0.9401709401709368,3.4188034188034218
2025-07-28,11.76,12.05,11.53,11.58,45981912.0,546666202.0,1198188946.0,0.038376177775220434,-0.009999999999999787,-0.08628127696289623,4.486626402070763
2025-07-29,11.57,11.77,11.37,11.71,54140657.0,642750242.0,1198188946.0,0.04518540851235661,0.13000000000000078,1.1226252158894612,3.4542314335060476
2025-07-30,11.55,11.71,11.37,11.5,45403744.0,536150626.0,1198188946.0,0.03789364286123201,-0.21000000000000085,-1.7933390264731064,2.903501280956461
2025-07-31,11.46,11.52,11.13,11.17,39497000.0,455900754.0,1198188946.0,0.032963916193565014,-0.33000000000000007,-2.869565217391301,3.3913043478260763
2025-08-01,11.16,11.48,11.08,11.12,37010010.0,424924240.0,1198188946.0,0.030888291970605445,-0.05000000000000071,-0.44762757385855556,3.581020590868401
2025-08-04,11.01,11.15,10.77,11.05,33922245.0,378247371.0,1198188946.0,0.028311265191725447,-0.06999999999999851,-0.6294964028776828,3.417266187050367
2025-08-05,11.03,11.33,11.02,11.32,38337010.0,438545794.0,1198188946.0,0.031995796763092485,0.2699999999999996,2.4434389140271406,2.805429864253398
2025-08-06,11.32,11.43,11.0,11.1,36317504.0,412445788.0,1198188946.0,0.030310331372394417,-0.22000000000000064,-1.9434628975265045,3.79858657243816
2025-08-07,11.07,11.14,10.82,10.86,24802736.0,276759884.0,1198188946.0,0.020700187631342078,-0.2400000000000002,-2.1621621621621623,2.882882882882886
2025-08-08,10.84,10.96,10.8,10.93,15704817.0,174553788.0,1198188946.0,0.013107128931900528,0.07000000000000028,0.6445672191528473,1.4732965009208117
2025-08-11,10.84,11.03,10.84,10.98,20303571.0,226808861.0,1198188946.0,0.01694521641831271,0.05000000000000071,0.45745654162854255,1.7383348581884677
2025-08-12,11.04,11.25,10.93,10.99,30953000.0,348827450.0,1198188946.0,0.025833154364620553,0.009999999999999787,0.09107468123861207,2.9143897996357038
2025-08-13,11.0,11.18,10.91,11.04,32626386.0,367171056.0,1198188946.0,0.027229750457070233,0.049999999999998934,0.45495905368515555,2.4567788898999052
2025-08-14,11.08,11.14,10.99,11.01,24166196.0,272720150.0,1198188946.0,0.020168935859970788,-0.02999999999999936,-0.27173913043477826,1.3586956521739162
2025-08-15,10.98,11.14,10.89,11.07,26168201.0,294546372.0,1198188946.0,0.021839795040138853,0.0600000000000005,0.5449591280654031,2.2706630336058127
2025-08-18,11.15,11.15,10.94,11.09,33623482.0,378227731.0,1198188946.0,0.02806191970994865,0.019999999999999574,0.18066847335138636,1.8970189701897096
2025-08-19,11.03,11.43,11.03,11.09,40843044.0,466522787.0,1198188946.0,0.034087314973443264,0.0,0.0,3.606853020739408
2025-08-20,11.07,11.25,10.96,11.09,30095973.0,340145181.0,1198188946.0,0.02511788570614972,0.0,0.0,2.6149684400360607
2025-08-21,11.11,11.29,11.08,11.14,38156999.0,434977153.0,1198188946.0,0.03184556085864608,0.05000000000000071,0.45085662759243306,1.893597835888179
2025-08-22,11.12,11.23,11.05,11.19,29269299.0,332591069.0,1198188946.0,0.024427949446297094,0.049999999999998934,0.4488330341112956,1.6157989228007157
2025-08-25,11.18,11.24,11.06,11.22,40608897.0,462160886.0,1198188946.0,0.03389189754718368,0.030000000000001137,0.2680965147453085,1.6085790884718474
2025-08-26,11.17,11.7,11.16,11.26,55053290.0,638519451.0,1198188946.0,0.045947085544219335,0.03999999999999915,0.35650623885916666,4.812834224598923
2025-08-27,11.3,11.35,10.84,10.84,46610895.0,526897086.0,1198188946.0,0.03890112252796563,-0.41999999999999993,-3.730017761989346,4.529307282415629
2025-08-28,10.83,10.92,10.34,10.61,39144499.0,424497194.0,1198188946.0,0.032669721357953506,-0.23000000000000043,-2.121771217712176,5.350553505535056
2025-08-29,10.61,10.71,10.54,10.59,20700200.0,224494627.0,1198188946.0,0.017276240169887196,-0.019999999999999574,-0.18850141376060003,1.6022620169651434
2025-09-01,10.57,10.73,10.51,10.7,23344354.0,253377326.0,1198188946.0,0.019483032353062618,0.10999999999999943,1.0387157695939564,2.077431539187919
2025-09-02,10.72,10.73,10.39,10.43,25891943.0,277500717.0,1198188946.0,0.02160923207181716,-0.2699999999999996,-2.5233644859813054,3.1775700934579425
2025-09-03,10.43,10.58,10.3,10.33,17525416.0,186951470.0,1198188946.0,0.014626587950511772,-0.09999999999999964,-0.9587727708533,2.6845637583892556
2025-09-04,10.34,10.47,10.16,10.27,20161817.0,212386849.0,1198188946.0,0.01682690953485061,-0.0600000000000005,-0.5808325266214998,3.0009680542110404
2025-09-05,10.26,10.44,10.19,10.42,18170015.0,191278525.0,1198188946.0,0.015164565706150322,0.15000000000000036,1.4605647517039966,2.4342745861733204
2025-09-08,10.42,10.51,10.36,10.47,14806699.0,157765068.0,1198188946.0,0.01235756601613649,0.05000000000000071,0.4798464491362786,1.4395393474088325
2025-09-09,10.53,10.56,10.22,10.25,17338200.0,183539854.0,1198188946.0,0.014470338804143834,-0.22000000000000064,-2.1012416427889313,3.2473734479465124
2025-09-10,10.23,10.36,10.19,10.28,12337153.0,129166322.0,1198188946.0,0.010296500431911012,0.02999999999999936,0.29268292682926855,1.6585365853658531
2025-09-11,10.2,10.44,9.97,10.38,17815320.0,186046471.0,1198188946.0,0.014868539773692754,0.10000000000000142,0.9727626459144156,4.5719844357976545
2025-09-12,10.38,10.53,10.3,10.43,15010983.0,159372189.0,1198188946.0,0.012528059994304104,0.049999999999998934,0.481695568400764,2.215799614643532
2025-09-15,10.49,10.52,10.33,10.36,13054201.0,138657063.0,1198188946.0,0.01089494360933622,-0.07000000000000028,-0.6711409395973145,1.82166826462128
2025-09-16,10.37,10.37,10.19,10.24,12288531.0,128407700.0,1198188946.0,0.01025592085540739,-0.11999999999999922,-1.158301158301156,1.7374517374517346
2025-09-17,10.36,10.49,10.24,10.42,21213471.0,224469390.0,1198188946.0,0.01770461250775051,0.17999999999999972,1.7578125,2.44140625
2025-09-18,10.42,10.7,10.37,10.53,31416435.0,338206468.0,1198188946.0,0.026219933930186668,0.10999999999999943,1.055662188099804,3.1669865642994246
2025-09-19,10.57,10.57,10.27,10.32,18207801.0,192778320.0,1198188946.0,0.015196101633873695,-0.20999999999999908,-1.9943019943019835,2.849002849002856
2025-09-22,10.36,10.59,10.24,10.28,20964854.0,222458706.0,1198188946.0,0.017497118522073227,-0.040000000000000924,-0.387596899224818,3.3914728682170505
2025-09-23,10.25,10.26,9.91,10.05,19809600.0,202692501.0,1198188946.0,0.016532951723625733,-0.22999999999999865,-2.237354085603105,3.404669260700386
2025-09-24,9.99,10.24,9.99,10.2,11590432.0,120152452.0,1198188946.0,0.009673292379046869,0.14999999999999858,1.492537313432818,2.487562189054726
2025-09-25,10.18,10.24,10.09,10.13,10519700.0,108922206.0,1198188946.0,0.008779667042596803,-0.06999999999999851,-0.686274509803908,1.4705882352941213
2025-09-26,10.06,10.12,9.86,10.06,12633845.0,129108948.0,1198188946.0,0.010544117471769766,-0.07000000000000028,-0.691016781836129,2.5666337611056242
2025-09-29,10.06,10.2,9.9,10.19,14165100.0,145285976.0,1198188946.0,0.011822092039230013,0.129999999999999,1.2922465208747402,2.9821073558648004
2025-09-30,10.2,10.24,10.12,10.2,10981511.0,114093101.0,1198188946.0,0.009165091229275954,0.009999999999999787,0.09813542688910104,1.1776251226692935
2025-10-09,10.21,10.44,10.21,10.31,17211537.0,180693705.0,1198188946.0,0.01436462676229697,0.11000000000000121,1.078431372549038,2.2549019607843004
2025-10-10,10.33,10.43,10.28,10.39,15135031.0,160109411.0,1198188946.0,0.012631589575689509,0.08000000000000007,0.7759456838021261,1.4548981571290043
2025-10-13,10.2,10.23,10.11,10.2,13500006.0,140179981.0,1198188946.0,0.01126700930188685,-0.19000000000000128,-1.8286814244465988,1.1549566891241674
2025-10-14,10.22,10.27,10.02,10.07,16556200.0,171710994.0,1198188946.0,0.01381768714798342,-0.129999999999999,-1.274509803921564,2.450980392156863
2025-10-15,10.16,10.33,10.1,10.26,18739169.0,195830965.0,1198188946.0,0.015639577599641786,0.1899999999999995,1.8867924528301883,2.284011916583917
2025-10-16,10.26,10.41,10.2,10.26,12462528.0,131054801.0,1198188946.0,0.010401137518088905,0.0,0.0,2.0467836257310026
2025-10-17,10.34,10.4,10.06,10.1,14960841.0,156044163.0,1198188946.0,0.012486211836576232,-0.16000000000000014,-1.5594541910331383,3.3138401559454174
2025-10-20,10.2,10.29,10.19,10.25,11996706.0,125201952.0,1198188946.0,0.010012365779244971,0.15000000000000036,1.4851485148514865,0.9900990099009866
2025-10-21,10.26,10.4,10.22,10.36,11311100.0,119323919.0,1198188946.0,0.009440163872117711,0.10999999999999943,1.073170731707318,1.756097560975607
2025-10-22,10.4,10.49,10.32,10.34,9500307.0,100731796.0,1198188946.0,0.007928888871588706,-0.019999999999999574,-0.19305019305019266,1.6409266409266405
2025-10-23,10.31,10.37,10.12,10.28,13098200.0,136275896.0,1198188946.0,0.010931664862813715,-0.0600000000000005,-0.5802707930367523,2.4177949709864603
2025-10-24,10.34,10.34,10.18,10.21,10412964.0,108658255.0,1198188946.0,0.00869058593368128,-0.06999999999999851,-0.6809338521400643,1.5564202334630364
2025-10-27,10.27,10.34,10.22,10.3,12533619.0,131594734.0,1198188946.0,0.010460469562702843,0.08999999999999986,0.8814887365328206,1.1753183153770737
2025-10-28,10.37,10.97,10.35,10.93,59935000.0,660273230.0,1198188946.0,0.05002132610226902,0.629999999999999,6.11650485436892,6.019417475728164
2025-10-29,10.83,10.9,10.66,10.81,21834500.0,239817539.0,1198188946.0,0.01822291890848407,-0.11999999999999922,-1.097895699908502,2.1957913998170193
2025-10-30,10.83,10.85,10.62,10.73,20899900.0,228425774.0,1198188946.0,0.017442908374152202,-0.08000000000000007,-0.7400555041628176,2.127659574468089
2025-10-31,10.71,11.05,10.67,10.99,30003700.0,333753792.0,1198188946.0,0.025040875314501523,0.2599999999999998,2.423112767940361,3.5414725069897552
2025-11-03,11.0,11.05,10.85,10.99,22011080.0,245849203.0,1198188946.0,0.0183702913246539,0.0,0.0,1.8198362147406828
2025-11-04,10.98,10.98,10.72,10.81,16982002.0,187419708.0,1198188946.0,0.014173058478541497,-0.17999999999999972,-1.6378525932666088,2.3657870791628732
2025-11-05,10.72,10.81,10.7,10.75,12083294.0,132558295.0,1198188946.0,0.01008463151019589,-0.0600000000000005,-0.5550416281221104,1.017576318223878
2025-11-06,10.73,10.81,10.65,10.75,11359179.0,124432950.0,1198188946.0,0.009480290264670828,0.0,0.0,1.4883720930232571
2025-11-07,10.75,10.84,10.66,10.71,14878980.0,163059048.0,1198188946.0,0.012417891226314152,-0.03999999999999915,-0.37209302325580396,1.6744186046511602
2025-11-10,10.78,10.96,10.77,10.9,16010184.0,177427897.0,1198188946.0,0.013361986065259526,0.1899999999999995,1.7740429505135324,1.7740429505135504
2025-11-11,10.88,10.91,10.78,10.86,13433271.0,148622441.0,1198188946.0,0.011211312743991881,-0.040000000000000924,-0.3669724770642313,1.1926605504587229
2025-11-12,10.85,11.14,10.85,11.14,32222147.0,363198838.0,1198188946.0,0.026892375453445385,0.28000000000000114,2.5782688766114337,2.6703499079189776
2025-11-13,11.11,11.12,10.94,11.09,21430632.0,240892358.0,1198188946.0,0.017885853538829093,-0.05000000000000071,-0.4488330341113178,1.6157989228007157
2025-11-14,11.03,11.19,10.98,11.04,21355200.0,242046021.0,1198188946.0,0.017822898526389845,-0.05000000000000071,-0.45085662759243306,1.893597835888179
2025-11-17,11.08,11.11,10.85,10.93,17610352.0,196227751.0,1198188946.0,0.014697474933974228,-0.10999999999999943,-0.9963768115942018,2.3550724637681144
2025-11-18,10.85,10.97,10.73,10.78,14015109.0,154418277.0,1198188946.0,0.011696910613962549,-0.15000000000000036,-1.3723696248856387,2.1957913998170193
2025-11-19,10.78,10.83,10.4,10.49,16010191.0,172129867.0,1198188946.0,0.013361991907409903,-0.28999999999999915,-2.6901669758812585,3.9888682745825577
2025-11-20,10.58,10.64,10.45,10.51,8829373.0,94859778.0,1198188946.0,0.0073689321116471055,0.019999999999999574,0.19065776930409228,1.811248808388954
2025-11-21,10.45,10.58,10.07,10.09,16329783.0,170885815.0,1198188946.0,0.013628721124923481,-0.41999999999999993,-3.9961941008563318,4.852521408182682
2025-11-24,10.11,10.22,10.09,10.18,7127410.0,73843134.0,1198188946.0,0.005948485857588608,0.08999999999999986,0.8919722497522375,1.2884043607532287
2025-11-25,10.21,10.44,10.18,10.35,10425321.0,109878786.0,1198188946.0,0.008700898998278691,0.16999999999999993,1.6699410609037235,2.5540275049115895
2025-11-26,10.41,10.84,10.31,10.43,18518462.0,200060527.0,1198188946.0,0.015455377102101892,0.08000000000000007,0.7729468599033895,5.120772946859898
2025-11-27,10.43,10.5,10.34,10.35,10056975.0,106529500.0,1198188946.0,0.008393480037997279,-0.08000000000000007,-0.7670182166826467,1.5340364333652938
2025-11-28,10.37,10.37,10.22,10.24,10338855.0,108268055.0,1198188946.0,0.008628735087662877,-0.10999999999999943,-1.0628019323671412,1.4492753623188268
2025-12-01,10.35,10.36,10.21,10.23,9046194.0,94775305.0,1198188946.0,0.007549889381136053,-0.009999999999999787,-0.09765625,1.4648437499999862
2025-12-02,10.23,10.31,10.13,10.25,7945446.0,82820576.0,1198188946.0,0.006631212903878685,0.019999999999999574,0.19550342130987275,1.7595307917888534
2025-12-03,10.27,10.54,10.25,10.51,14989459.0,159460343.0,1198188946.0,0.012510096216494388,0.2599999999999998,2.536585365853661,2.8292682926829187
2025-12-04,10.46,10.51,10.37,10.43,7986300.0,84964447.0,1198188946.0,0.006665309362652057,-0.08000000000000007,-0.7611798287345373,1.3320647002854478
2025-12-05,10.43,10.44,10.26,10.39,9373251.0,98751939.0,1198188946.0,0.007822848834727942,-0.03999999999999915,-0.3835091083413178,1.7257909875359512
2025-12-08,10.41,10.47,10.29,10.33,11618736.0,122944122.0,1198188946.0,0.009696914696791068,-0.0600000000000005,-0.5774783445620879,1.7324350336862508
2025-12-09,10.33,10.39,10.2,10.2,8021716.0,84111661.0,1198188946.0,0.006694867305177092,-0.13000000000000078,-1.2584704743465736,1.8393030009680666
2025-12-10,10.21,10.24,10.15,10.23,7104508.0,73832647.0,1198188946.0,0.005929372010747961,0.030000000000001137,0.2941176470588447,0.8823529411764692
2025-12-11,10.26,10.28,10.14,10.16,6786098.0,70585698.0,1198188946.0,0.005663629282054819,-0.07000000000000028,-0.6842619745845546,1.3685239491690986
2025-12-12,10.17,10.2,10.09,10.12,8403600.0,86766438.0,1198188946.0,0.007013584984283438,-0.040000000000000924,-0.3937007874015852,1.0826771653543252
2025-12-15,10.11,10.15,10.03,10.05,6853400.0,70566185.0,1198188946.0,0.0057197990541301485,-0.06999999999999851,-0.6916996047430679,1.1857707509881523
2025-12-16,10.04,10.06,9.79,9.83,12485904.0,125547852.0,1198188946.0,0.010420646961969218,-0.22000000000000064,-2.189054726368167,2.6865671641791176
2025-12-17,9.88,9.93,9.8,9.89,8913000.0,89717722.0,1198188946.0,0.007438726612989468,0.0600000000000005,0.6103763987792554,1.3224821973550256
2025-12-18,9.89,9.94,9.85,9.91,5489346.0,55457000.0,1198188946.0,0.004581369255930358,0.019999999999999574,0.2022244691607611,0.9100101112234564
2025-12-19,9.94,10.11,9.88,10.09,7980294.0,81745788.0,1198188946.0,0.0066602967976304465,0.17999999999999972,1.816347124117046,2.3208879919273326
2025-12-22,10.09,10.09,9.95,9.96,9840100.0,100331458.0,1198188946.0,0.008212477700491154,-0.129999999999999,-1.2884043607532147,1.3875123885034746
2025-12-23,9.98,10.05,9.86,9.88,7242730.0,73369000.0,1198188946.0,0.006044731112049501,-0.08000000000000007,-0.8032128514056214,1.907630522088366
2025-12-24,9.89,9.96,9.85,9.95,5330864.0,53945449.0,1198188946.0,0.004449101302258216,0.06999999999999851,0.7085020242914908,1.1133603238866518
2025-12-25,9.98,9.99,9.92,9.96,6739010.0,68461622.0,1198188946.0,0.005624329971076198,0.010000000000001563,0.10050251256283893,0.7035175879397014
2025-12-26,9.96,9.98,9.88,9.91,6058752.0,61385082.0,1198188946.0,0.005056591466835315,-0.05000000000000071,-0.5020080321285203,1.0040160642570244
2025-12-29,9.91,9.93,9.8,9.8,8791060.0,88323472.0,1198188946.0,0.007336956353459799,-0.10999999999999943,-1.1099899091826404,1.3118062563067507
2025-12-30,9.78,9.79,9.66,9.69,10634670.0,105315875.0,1198188946.0,0.008875620189538955,-0.11000000000000121,-1.1224489795918502,1.3265306122448877
2025-12-31,9.68,9.75,9.68,9.7,5549358.0,54981825.0,1198188946.0,0.00463145484568675,0.009999999999999787,0.10319917440659854,0.7223942208462362
2026-01-05,9.72,10.07,9.71,10.01,16409865.0,166734759.0,1198188946.0,0.013695556994397442,0.3100000000000005,3.1958762886598047,3.7113402061855614
2026-01-06,10.08,10.08,9.93,10.0,11084094.0,112951243.0,1198188946.0,0.009250706273833375,-0.009999999999999787,-0.09990009990009652,1.4985014985015022
2026-01-07,10.24,10.43,10.2,10.2,22739675.0,239001414.0,1198188946.0,0.018978371546418855,0.1999999999999993,2.0000000000000018,2.3000000000000043
2026-01-08,10.21,10.44,10.18,10.28,16895862.0,177194391.0,1198188946.0,0.01410116664521457,0.08000000000000007,0.7843137254901933,2.5490196078431353
2026-01-09,10.28,10.45,10.23,10.45,16810443.0,177613173.0,1198188946.0,0.014029876553376248,0.16999999999999993,1.6536964980544688,2.140077821011662
2026-01-12,10.45,10.51,10.24,10.33,19500361.0,205628881.0,1198188946.0,0.016274863046516538,-0.11999999999999922,-1.148325358851665,2.583732057416264
2026-01-13,10.41,10.56,10.34,10.38,18795972.0,200202460.0,1198188946.0,0.01568698498074777,0.05000000000000071,0.4840271055179146,2.1297192642788056
2026-01-14,10.44,10.58,10.28,10.39,25714832.0,274542360.0,1198188946.0,0.021461416486811755,0.009999999999999787,0.09633911368014392,2.8901734104046306
2026-01-15,10.36,10.48,10.3,10.4,10481136.0,111313356.0,1198188946.0,0.008747481801588913,0.009999999999999787,0.09624639076033503,1.732435033686234
2026-01-16,10.43,10.46,10.26,10.29,12006806.0,126456483.0,1198188946.0,0.01002079516764295,-0.11000000000000121,-1.057692307692315,1.9230769230769333
2026-01-19,10.13,10.46,10.1,10.33,15578054.0,163844725.0,1198188946.0,0.013001333430762598,0.040000000000000924,0.38872691933917736,3.49854227405249
2026-01-20,10.37,10.43,10.31,10.38,10368925.0,109663650.0,1198188946.0,0.008653831296487358,0.05000000000000071,0.4840271055179146,1.161665053242974
2026-01-21,10.42,10.42,10.26,10.31,12818731.0,135285735.0,1198188946.0,0.010698422016655794,-0.07000000000000028,-0.6743737957610851,1.5414258188824674
2026-01-22,10.32,10.34,10.24,10.3,11042805.0,115908807.0,1198188946.0,0.009216246767143853,-0.009999999999999787,-0.09699321047526022,0.9699321047526638
2026-01-23,10.32,10.4,10.28,10.38,11956600.0,126423687.0,1198188946.0,0.009978893595968794,0.08000000000000007,0.7766990291262044,1.1650485436893299
2026-01-26,10.52,10.81,10.35,10.73,33023551.0,357613997.0,1198188946.0,0.02756122155044485,0.34999999999999964,3.3718689788053924,4.431599229287098
2026-01-27,10.74,11.12,10.34,10.85,48739714.0,533966700.0,1198188946.0,0.04067781977351008,0.11999999999999922,1.1183597390493905,7.269338303821056
2026-01-28,10.85,10.86,10.54,10.62,26726200.0,289831014.0,1198188946.0,0.02230549704971156,-0.23000000000000043,-2.1198156682027736,2.9493087557603714
2026-01-29,10.51,10.54,10.33,10.42,16996511.0,180934777.0,1198188946.0,0.014185167587082714,-0.1999999999999993,-1.883239171374762,1.9774011299434944
2026-01-30,10.39,10.52,10.23,10.29,14211600.0,150094742.0,1198188946.0,0.011860900609577148,-0.13000000000000078,-1.247600767754331,2.783109404990395
2026-02-02,10.26,10.38,10.01,10.03,17491500.0,181860896.0,1198188946.0,0.014598281897352773,-0.2599999999999998,-2.526724975704564,3.5957240038872786
2026-02-03,10.09,10.2,10.04,10.11,9544028.0,98420635.0,1198188946.0,0.007965378108237029,0.08000000000000007,0.7976071784645988,1.5952143569292139
2026-02-04,10.1,10.22,10.03,10.2,11173595.0,115518405.0,1198188946.0,0.009325403173933136,0.08999999999999986,0.8902077151335286,1.879327398615245
2026-02-05,10.2,10.41,10.16,10.3,12028949.0,126524320.0,1198188946.0,0.010039275558464383,0.10000000000000142,0.9803921568627638,2.450980392156863
2026-02-06,10.31,10.48,10.27,10.29,14178000.0,150332754.0,1198188946.0,0.011832858287777928,-0.010000000000001563,-0.0970873786407922,2.0388349514563187
2026-02-09,10.34,10.38,10.23,10.26,11427603.0,119657019.0,1198188946.0,0.009537396449991953,-0.02999999999999936,-0.2915451895043719,1.4577259475218696
2026-02-10,10.28,10.47,10.22,10.37,11134000.0,117719285.0,1198188946.0,0.009292357467634325,0.10999999999999943,1.0721247563352687,2.436647173489279
2026-02-11,10.41,10.46,10.35,10.39,7847300.0,83268715.0,1198188946.0,0.006549300948065999,0.02000000000000135,0.192864030858253,1.0607521697203588
2026-02-12,10.37,10.4,10.27,10.3,6910500.0,72761347.0,1198188946.0,0.005767454309330609,-0.08999999999999986,-0.8662175168431152,1.2512030798845117
2026-02-13,10.33,10.34,10.1,10.11,8698788.0,90626102.0,1198188946.0,0.007259946796404513,-0.19000000000000128,-1.8446601941747742,2.3300970873786424
2026-02-24,10.29,10.3,10.19,10.19,8309285.0,86763570.0,1198761196.0,0.006931559870077743,0.08000000000000007,0.7912957467853587,1.0880316518298834
2026-02-25,10.17,10.39,10.17,10.27,8948500.0,94149174.0,1198761196.0,0.007464789509252684,0.08000000000000007,0.7850834151128527,2.1589793915603597
2026-02-26,10.25,10.31,10.18,10.21,9339700.0,97386472.0,1198761196.0,0.007791126398789438,-0.05999999999999872,-0.5842259006815897,1.2658227848101342
2026-02-27,10.2,10.23,10.17,10.21,6274505.0,65247824.0,1198761196.0,0.00523415757945505,0.0,0.0,0.5876591576885455
2026-03-02,10.13,10.17,9.95,10.02,13309054.0,136434973.0,1198761196.0,0.011102339685676647,-0.19000000000000128,-1.8609206660137212,2.1547502448579885
2026-03-03,9.99,10.1,9.8,9.84,13517900.0,136982568.0,1198761196.0,0.011276557870830513,-0.17999999999999972,-1.7964071856287345,2.9940119760478936
2026-03-04,9.8,9.9,9.67,9.77,12460729.0,124085637.0,1198761196.0,0.01039467163399907,-0.07000000000000028,-0.7113821138211462,2.3373983739837443
2026-03-05,9.88,9.92,9.75,9.77,10376924.0,103868312.0,1198761196.0,0.008656372957871418,0.0,0.0,1.7400204708290679
2026-03-06,9.79,10.19,9.78,10.17,16735677.0,171453240.0,1198761196.0,0.013960809755807277,0.40000000000000036,4.094165813715467,4.196519959058344
2026-03-09,10.08,10.25,10.07,10.13,14964171.0,155179074.0,1198761196.0,0.01248302918874261,-0.03999999999999915,-0.3933136676499416,1.769911504424776
2026-03-10,10.18,10.3,10.13,10.24,12192722.0,127154327.0,1198761196.0,0.010171101667858791,0.10999999999999943,1.0858835143139123,1.6781836130306014
2026-03-11,10.25,10.27,10.16,10.23,8675268.0,90430957.0,1198761196.0,0.007236860876834722,-0.009999999999999787,-0.09765625,1.0742187499999944
2026-03-12,10.23,10.36,10.2,10.28,10974500.0,115264503.0,1198761196.0,0.009154867572139864,0.049999999999998934,0.4887585532746819,1.5640273704789847
2026-03-13,10.27,10.39,10.25,10.34,10509224.0,110849062.0,1198761196.0,0.008766736890605859,0.0600000000000005,0.5836575875486361,1.3618677042801612
2026-03-16,10.33,10.49,10.29,10.41,11584837.0,122974295.0,1198761196.0,0.00966400734245989,0.07000000000000028,0.6769825918762074,1.9342359767891786
2026-03-17,10.41,10.52,10.34,10.37,12057700.0,128467454.0,1198761196.0,0.010058467057687443,-0.040000000000000924,-0.3842459173871382,1.7291066282420724
2026-03-18,10.37,10.44,10.25,10.32,10422136.0,109779090.0,1198761196.0,0.008694088559736796,-0.049999999999998934,-0.48216007714559916,1.8322082931533221
2026-03-19,10.28,10.35,10.13,10.18,8968500.0,93687278.0,1198761196.0,0.0074814733993107995,-0.14000000000000057,-1.3565891472868241,2.131782945736423
2026-03-20,10.18,10.28,10.07,10.11,9810700.0,101747379.0,1198761196.0,0.008184032009658077,-0.07000000000000028,-0.6876227897838927,2.062868369351661
2026-03-23,10.06,10.08,9.22,9.31,25104701.0,245629960.0,1198761196.0,0.020942203571294112,-0.7999999999999989,-7.912957467853598,8.506429277942626
2026-03-24,9.46,9.64,9.35,9.63,11799720.0,114122155.0,1198761196.0,0.009843261559827801,0.3200000000000003,3.4371643394199847,3.114930182599365
2026-03-25,9.66,9.71,9.6,9.65,9731133.0,95865585.0,1198761196.0,0.00811765765564537,0.019999999999999574,0.20768431983384517,1.1422637590862015
2026-03-26,9.66,9.85,9.62,9.68,8836574.0,87641675.0,1198761196.0,0.0073714214553204475,0.02999999999999936,0.31088082901553626,2.3834196891191755
2026-03-27,9.66,10.07,9.56,10.04,15421564.0,155554587.0,1198761196.0,0.012864583915010209,0.35999999999999943,3.7190082644628086,5.268595041322312
2026-03-30,9.99,10.24,9.91,10.2,12344601.0,127928859.0,1198761196.0,0.010297798294765624,0.16000000000000014,1.5936254980079667,3.2868525896414353
2026-03-31,10.18,10.42,10.14,10.26,12461602.0,131159426.0,1198761196.0,0.010395399885800106,0.0600000000000005,0.588235294117645,2.7450980392156805
2026-04-01,10.34,10.58,10.2,10.56,17596791.0,187230629.0,1198761196.0,0.014679146320982515,0.3000000000000007,2.923976608187151,3.7037037037037113
2026-04-02,10.53,10.63,10.46,10.53,13903469.0,149516334.0,1198761196.0,0.011598197411121405,-0.030000000000001137,-0.28409090909091717,1.6098484848484842
2026-04-03,10.42,10.54,10.32,10.32,13666699.0,144936744.0,1198761196.0,0.011400685178668397,-0.20999999999999908,-1.9943019943019835,2.0892687559354117
2026-04-07,10.39,10.53,10.23,10.43,11350675.0,120405099.0,1198761196.0,0.009468670689270459,0.10999999999999943,1.065891472868219,2.906976744186036
2026-04-08,10.37,10.53,10.08,10.16,32256525.0,335307846.0,1198761196.0,0.026908215837843988,-0.2699999999999996,-2.5886864813039256,4.314477468839878
2026-04-09,10.12,10.4,10.01,10.07,19842740.0,206345016.0,1198761196.0,0.01655270463058933,-0.08999999999999986,-0.8858267716535417,3.83858267716536
2026-04-10,10.08,10.21,9.99,10.07,12973304.0,133404697.0,1198761196.0,0.010822258881326019,0.0,0.0,2.1847070506454878
2026-04-13,10.03,10.11,9.94,10.03,10088900.0,103151356.0,1198761196.0,0.008416104920366475,-0.040000000000000924,-0.3972194637537285,1.688182720953326
2026-04-14,10.04,10.16,9.97,10.15,10409457.0,106770682.0,1198761196.0,0.008683511807634454,0.120000000000001,1.1964107676969205,1.8943170488534347
2026-04-15,10.2,11.17,10.2,11.17,49333220.0,548437452.0,1198761196.0,0.0411535009346432,1.0199999999999996,10.049261083743843,9.556650246305425
2026-04-16,11.69,12.0,11.23,11.3,109614961.0,1284320403.0,1198761196.0,0.09144019790243528,0.13000000000000078,1.1638316920322467,6.893464637421662
2026-04-17,11.24,11.4,10.89,11.02,61553832.0,692387500.0,1198761196.0,0.051347868287188035,-0.28000000000000114,-2.4778761061946986,4.5132743362831835
2026-04-20,10.93,11.01,10.79,10.95,37190748.0,413581895.0,1198761196.0,0.031024317540555426,-0.07000000000000028,-0.6352087114337546,1.9963702359346702
2026-04-21,10.92,11.08,10.81,10.84,30418712.0,338845132.0,1198761196.0,0.025375122335875144,-0.10999999999999943,-1.0045662100456543,2.4657534246575303
2026-04-22,10.79,11.16,10.7,11.15,38619959.0,433163741.0,1198761196.0,0.03221655750024795,0.3100000000000005,2.859778597785989,4.243542435424362
2026-04-23,11.06,11.16,10.85,11.02,32313440.0,361492958.0,1198761196.0,0.026955694017976872,-0.13000000000000078,-1.1659192825112186,2.7802690582959686
2026-04-24,11.02,11.21,10.86,11.15,34359963.0,388123332.0,1198761196.0,0.028662892254647188,0.13000000000000078,1.1796733212341204,3.1760435571687973
2026-04-27,11.07,11.42,10.99,11.42,38478449.0,441423251.0,1198761196.0,0.03209851063614175,0.2699999999999996,2.4215246636771326,3.8565022421524637
2026-04-28,11.45,11.52,11.2,11.29,40795134.0,471953459.0,1198761196.0,0.0340310765281061,-0.13000000000000078,-1.1383537653239961,2.802101576182139
2026-04-29,11.21,11.42,10.94,11.24,33234525.0,380318532.0,1198761196.0,0.027724058061685874,-0.049999999999998934,-0.44286979627988776,4.251550044286984
2026-04-30,11.21,11.3,11.1,11.1,26480314.0,302162241.0,1198761196.0,0.02208973237401989,-0.14000000000000057,-1.245551601423489,1.7793594306049918
2026-05-06,11.03,11.59,10.94,11.36,40620948.0,470306645.0,1198761196.0,0.03388577152442295,0.2599999999999998,2.3423423423423406,5.855855855855859
2026-05-07,11.29,11.49,11.25,11.39,23571552.0,273393112.0,1198761196.0,0.019663259103358564,0.030000000000001137,0.2640845070422726,2.1126760563380302
2026-05-08,11.35,11.44,11.22,11.32,21669821.0,249897003.0,1198761196.0,0.018076845557152985,-0.07000000000000028,-0.6145741878841093,1.9315188762071893
2026-05-11,11.33,11.6,11.16,11.58,36038407.0,419066987.0,1198761196.0,0.030063041012882437,0.2599999999999998,2.29681978798586,3.886925795052999
2026-05-12,11.5,11.5,11.23,11.23,25569694.0,295645293.0,1198761196.0,0.021330098175783796,-0.34999999999999964,-3.0224525043177852,2.3316062176165766
2026-05-13,11.23,11.32,11.12,11.24,16649861.0,190730848.0,1198761196.0,0.013889222520345912,0.009999999999999787,0.08904719501334757,1.7809439002671508
2026-05-14,11.3,11.49,11.12,11.29,31231800.0,360721351.0,1198761196.0,0.026053395875853827,0.049999999999998934,0.4448398576512469,3.291814946619226
2026-05-15,11.24,11.34,10.89,10.94,26792190.0,302787553.0,1198761196.0,0.02234989761880814,-0.34999999999999964,-3.1000885739592476,3.985828166519038
2026-05-18,11.02,11.06,10.58,10.71,26405619.0,290880745.0,1198761196.0,0.02202742221562534,-0.22999999999999865,-2.102376599634359,4.387568555758688
2026-05-19,10.77,10.86,10.59,10.68,16960652.0,185025257.0,1198761196.0,0.014148482664098513,-0.030000000000001137,-0.2801120448179373,2.5210084033613405
2026-05-20,10.61,10.74,10.43,10.71,17105238.0,184995362.0,1198761196.0,0.014269095510495653,0.030000000000001137,0.2808988764045006,2.9026217228464466
2026-05-21,10.65,10.82,10.41,10.46,14545278.0,157800990.0,1198761196.0,0.012133590950836885,-0.25,-2.334267040149396,3.8281979458450057
2026-05-22,10.7,10.7,10.29,10.44,15867619.0,168738852.0,1198761196.0,0.013236680544003862,-0.02000000000000135,-0.19120458891014325,3.919694072657745
2026-05-25,10.43,10.46,10.24,10.32,13783143.0,145211214.0,1198761196.0,0.01149782212336476,-0.11999999999999922,-1.1494252873563093,2.1072796934865963
2026-05-26,10.31,10.5,10.16,10.28,12322200.0,129244702.0,1198761196.0,0.01027911150370603,-0.040000000000000924,-0.387596899224818,3.294573643410851
2026-05-27,10.23,10.27,10.05,10.09,12187700.0,125944106.0,1198761196.0,0.010166912343065198,-0.1899999999999995,-1.8482490272373475,2.140077821011662
2026-05-28,10.1,10.11,9.82,9.94,11744820.0,119354928.0,1198761196.0,0.009797464281618271,-0.15000000000000036,-1.4866204162537255,2.874132804757177
2026-05-29,10.0,10.13,9.91,10.05,13664846.0,139420652.0,1198761196.0,0.011399139416254511,0.11000000000000121,1.106639839034207,2.213279678068417
2026-06-01,10.05,10.08,9.88,9.95,13218221.0,134211920.0,1198761196.0,0.011026567296394202,-0.10000000000000142,-0.9950248756219082,1.9900497512437738
2026-06-02,9.95,10.0,9.75,9.78,12602400.0,126662551.0,1198761196.0,0.01051285280342024,-0.16999999999999993,-1.70854271356784,2.512562814070352
2026-06-03,9.83,9.83,9.64,9.72,10040111.0,99605526.0,1198761196.0,0.008375405404764204,-0.05999999999999872,-0.6134969325153228,1.9427402862985634
2026-06-04,9.71,9.77,9.43,9.49,10338715.0,100739705.0,1198761196.0,0.008624499220109891,-0.23000000000000043,-2.366255144032925,3.4979423868312742
2026-06-05,9.56,9.66,9.5,9.56,9248600.0,90343853.0,1198761196.0,0.0077151312795747185,0.07000000000000028,0.7376185458377371,1.6859852476290849
2026-06-08,9.61,9.79,9.26,9.36,18909081.0,183316774.0,1198761196.0,0.015773851425200786,-0.20000000000000107,-2.092050209205032,5.543933054393299
2026-06-09,9.36,9.41,9.2,9.29,13054836.0,123599675.0,1198761196.0,0.010890272427536936,-0.07000000000000028,-0.7478632478632563,2.243589743589753
2026-06-10,9.21,9.49,9.21,9.47,12216321.0,116803792.0,1198761196.0,0.010190787823932866,0.1800000000000015,1.9375672766415608,3.013993541442405
2026-06-11,9.39,9.58,9.38,9.41,9972200.0,96194765.0,1198761196.0,0.008318754421877366,-0.0600000000000005,-0.6335797254487963,2.111932418162611
2026-06-12,9.47,9.88,9.36,9.8,20661707.0,205036207.0,1198761196.0,0.017235882400050594,0.39000000000000057,4.144527098831041,5.526036131774722
2026-06-15,9.77,9.97,9.71,9.95,14940642.0,149831532.0,1198761196.0,0.012463401426283738,0.14999999999999858,1.5306122448979442,2.6530612244897935
2026-06-16,10.0,10.1,9.71,9.76,14761887.0,145890534.0,1198761196.0,0.012314284987916809,-0.1899999999999995,-1.9095477386934623,3.9195979899497373
2026-06-17,9.72,9.78,9.56,9.65,8490306.0,81738562.0,1198761196.0,0.0070825665931882565,-0.10999999999999943,-1.127049180327866,2.254098360655726
2026-06-18,9.75,9.93,9.57,9.85,14893900.0,145508638.0,1180272096.0,0.012619039330401996,0.1999999999999993,2.072538860103612,3.7305699481865227
