date,open,high,low,close,volume,amount,outstanding_share,turnover,change,pct_chg,amplitude
2023-03-06,6.36,6.37,6.26,6.31,3339400.0,21100739.0,255010517.0,0.013095146189598133,,,
2023-03-07,6.3,6.33,6.17,6.19,3241884.0,20284109.0,255010517.0,0.0127127462746958,-0.11999999999999922,-1.9017432646592614,2.535657686212364
2023-03-08,6.19,6.24,6.16,6.23,1639800.0,10214859.0,255010517.0,0.006430323028598856,0.040000000000000036,0.646203554119551,1.2924071082390964
2023-03-09,6.23,6.25,6.17,6.24,2123300.0,13238144.0,255010517.0,0.008326323262973502,0.009999999999999787,0.16051364365969878,1.2841091492776897
2023-03-10,6.2,6.22,6.11,6.13,2849000.0,17575775.0,255010517.0,0.011172088247638821,-0.11000000000000032,-1.7628205128205177,1.762820512820504
2023-03-13,6.1,6.18,6.06,6.13,2412900.0,14799655.0,255010517.0,0.009461962700150128,0.0,0.0,1.9575856443719433
2023-03-14,6.1,6.12,5.91,5.96,4196001.0,25184909.0,255010517.0,0.0164542272583997,-0.16999999999999993,-2.7732463295269127,3.4257748776508965
2023-03-15,5.97,6.08,5.96,6.07,2598555.0,15748137.0,255010517.0,0.010189991497487925,0.11000000000000032,1.8456375838926231,2.0134228187919483
2023-03-16,6.05,6.07,5.93,5.93,5551165.0,33244702.0,255010517.0,0.021768376713655304,-0.14000000000000057,-2.3064250411861664,2.3064250411861704
2023-03-17,5.96,6.03,5.94,5.97,3337050.0,20043747.0,255010517.0,0.013085930883391762,0.040000000000000036,0.6745362563237878,1.5177065767284967
2023-03-20,6.0,6.03,5.92,5.93,4304040.0,25815764.0,255010517.0,0.016877892138072094,-0.040000000000000036,-0.670016750418756,1.8425460636515967
2023-03-21,5.93,6.04,5.93,6.02,2484989.0,14918216.0,255010517.0,0.009744653001899526,0.08999999999999986,1.5177065767284947,1.8549747048903935
2023-03-22,6.04,6.14,6.01,6.13,3576000.0,21834462.0,255010517.0,0.014022951061269367,0.11000000000000032,1.82724252491695,2.1594684385382044
2023-03-23,6.11,6.13,6.07,6.11,2083500.0,12747966.0,255010517.0,0.008170251268499644,-0.019999999999999574,-0.32626427406198255,0.9787928221859643
2023-03-24,6.1,6.2,6.04,6.16,3834586.0,23542285.0,255010517.0,0.01503697198496327,0.04999999999999982,0.8183306055646433,2.6186579378068764
2023-03-27,6.19,6.23,6.08,6.18,3890902.0,24027996.0,255010517.0,0.015257809935736886,0.019999999999999574,0.32467532467532756,2.4350649350649407
2023-03-28,6.16,6.28,6.16,6.2,4663276.0,29174559.0,255010517.0,0.018286602665881422,0.020000000000000462,0.3236245954692629,1.9417475728155358
2023-03-29,6.24,6.25,6.07,6.08,2405900.0,14750126.0,255010517.0,0.009434512851875831,-0.1200000000000001,-1.9354838709677469,2.903225806451608
2023-03-30,6.09,6.13,6.02,6.04,2587655.0,15732490.0,255010517.0,0.010147248162317948,-0.040000000000000036,-0.6578947368421018,1.8092105263157947
2023-03-31,6.04,6.18,6.03,6.12,3509722.0,21544486.0,255010517.0,0.013763048054994531,0.08000000000000007,1.324503311258285,2.4834437086092627
2023-04-03,6.13,6.26,6.09,6.23,4990035.0,31047454.0,255010517.0,0.019567957661918704,0.11000000000000032,1.7973856209150485,2.777777777777777
2023-04-04,6.22,6.25,6.11,6.16,3784100.0,23404562.0,255010517.0,0.014838995836395249,-0.07000000000000028,-1.1235955056179803,2.24719101123595
2023-04-06,6.15,6.15,6.03,6.07,3287100.0,20065768.0,255010517.0,0.012890056608920172,-0.08999999999999986,-1.461038961038963,1.9480519480519498
2023-04-07,6.08,6.2,6.05,6.19,3278989.0,20212471.0,255010517.0,0.012858250077584055,0.1200000000000001,1.976935749588149,2.4711696869851787
2023-04-10,6.18,6.2,6.03,6.06,3705232.0,22666390.0,255010517.0,0.014529722317295643,-0.13000000000000078,-2.1001615508885463,2.746365105008076
2023-04-11,6.07,6.08,6.0,6.04,2483015.0,15037675.0,255010517.0,0.009736912144686173,-0.019999999999999574,-0.3300330033003229,1.3201320132013215
2023-04-12,6.04,6.12,6.03,6.08,2127715.0,12949739.0,255010517.0,0.008343636274420791,0.040000000000000036,0.6622516556291425,1.4900662251655605
2023-04-13,6.06,6.12,6.04,6.08,2126295.0,12979772.0,255010517.0,0.008338067876628006,0.0,0.0,1.3157894736842117
2023-04-14,6.09,6.13,6.01,6.06,3168807.0,19271761.0,255010517.0,0.01242618162293283,-0.020000000000000462,-0.328947368421062,1.9736842105263175
2023-04-17,6.08,6.08,6.0,6.03,2864366.0,17310058.0,255010517.0,0.0112323445860078,-0.02999999999999936,-0.4950495049504844,1.3201320132013215
2023-04-18,6.03,6.03,5.95,5.98,3441200.0,20655128.0,255010517.0,0.013494345411644336,-0.04999999999999982,-0.8291873963515717,1.3266998341625218
2023-04-19,5.96,5.98,5.9,5.91,2501926.0,14900394.0,255010517.0,0.009811069870502636,-0.07000000000000028,-1.170568561872909,1.3377926421404693
2023-04-20,5.89,5.93,5.77,5.83,3243914.0,18960075.0,255010517.0,0.012720706730695346,-0.08000000000000007,-1.3536379018612488,2.7072758037225064
2023-04-21,5.8,5.87,5.68,5.71,3176108.0,18391046.0,255010517.0,0.012454811814682921,-0.1200000000000001,-2.0583190394511175,3.2590051457976053
2023-04-24,5.71,5.73,5.55,5.61,2960406.0,16655969.0,255010517.0,0.011608956504331153,-0.09999999999999964,-1.7513134851138257,3.152364273204914
2023-04-25,5.6,5.61,5.34,5.41,5102900.0,27956491.0,255010517.0,0.020010547251272777,-0.20000000000000018,-3.5650623885918,4.812834224598939
2023-04-26,5.43,5.53,5.4,5.49,2734700.0,15040056.0,255010517.0,0.010723871439388518,0.08000000000000007,1.4787430683918634,2.4029574861367817
2023-04-27,5.48,5.59,5.47,5.53,2452002.0,13623677.0,255010517.0,0.00961529755261035,0.040000000000000036,0.7285974499089187,2.1857923497267775
2023-04-28,5.43,5.69,5.42,5.68,3310624.0,18641295.0,255010517.0,0.012982303784749395,0.14999999999999947,2.7124773960216952,4.882459312839068
2023-05-04,5.67,5.76,5.61,5.72,3413920.0,19546607.0,255010517.0,0.013387369431512504,0.040000000000000036,0.7042253521126751,2.6408450704225257
2023-05-05,5.69,5.78,5.65,5.75,3033246.0,17430821.0,255010517.0,0.011894591782659693,0.03000000000000025,0.5244755244755206,2.272727272727271
2023-05-08,5.75,5.86,5.71,5.81,3200136.0,18622479.0,255010517.0,0.012549035379587894,0.05999999999999961,1.043478260869568,2.6086956521739193
2023-05-09,5.84,5.86,5.77,5.78,2616485.0,15266979.0,255010517.0,0.010260302323139089,-0.02999999999999936,-0.5163511187607495,1.5490533562822848
2023-05-10,5.77,5.84,5.76,5.81,1796200.0,10456234.0,255010517.0,0.007043631067184575,0.02999999999999936,0.519031141868509,1.3840830449827002
2023-05-11,5.8,5.89,5.8,5.87,2008820.0,11796219.0,255010517.0,0.00787740060148186,0.0600000000000005,1.0327022375215211,1.5490533562822695
2023-05-12,5.85,5.94,5.84,5.87,1961142.0,11604207.0,255010517.0,0.007690435763478727,0.0,0.0,1.7035775127768402
2023-05-15,5.87,5.91,5.77,5.88,2315437.0,13541881.0,255010517.0,0.0090797706198133,0.009999999999999787,0.17035775127767216,2.3850085178875733
2023-05-16,5.87,5.88,5.78,5.78,1773540.0,10336526.0,255010517.0,0.006954771986913779,-0.09999999999999964,-1.7006802721088343,1.7006802721088374
2023-05-17,5.78,5.86,5.74,5.86,1664741.0,9717854.0,255010517.0,0.006528126838000176,0.08000000000000007,1.384083044982698,2.07612456747405
2023-05-18,5.83,5.87,5.8,5.82,1231300.0,7206884.0,255010517.0,0.004828428311448817,-0.040000000000000036,-0.6825938566552892,1.1945392491467623
2023-05-19,5.82,5.84,5.75,5.79,2262833.0,13140879.0,255010517.0,0.008873488931438855,-0.03000000000000025,-0.5154639175257825,1.546391752577317
2023-05-22,5.8,5.81,5.74,5.78,1836400.0,10629925.0,255010517.0,0.007201271624416965,-0.009999999999999787,-0.17271157167529916,1.2089810017271052
2023-05-23,5.78,5.78,5.66,5.67,2514100.0,14385465.0,255010517.0,0.009858809078058533,-0.11000000000000032,-1.903114186851218,2.07612456747405
2023-05-24,5.67,5.67,5.5,5.52,5767200.0,32168395.0,255010517.0,0.02261553785250355,-0.15000000000000036,-2.645502645502651,2.9982363315696636
2023-05-25,5.52,5.52,5.4,5.48,3726922.0,20420015.0,255010517.0,0.014614777632877,-0.03999999999999915,-0.7246376811594013,2.173913043478247
2023-05-26,5.49,5.5,5.39,5.48,2842200.0,15534481.0,255010517.0,0.011145422680743792,0.0,0.0,2.0072992700729984
2023-05-29,5.48,5.51,5.42,5.42,2108334.0,11533891.0,255010517.0,0.008267635487363057,-0.0600000000000005,-1.0948905109489093,1.6423357664233549
2023-05-30,5.43,5.55,5.39,5.53,2916279.0,15974259.0,255010517.0,0.011435916582216881,0.11000000000000032,2.029520295202958,2.9520295202952056
2023-05-31,5.52,5.56,5.49,5.53,1970300.0,10935996.0,255010517.0,0.0077263480078353,0.0,0.0,1.2658227848101156
2023-06-01,5.51,5.55,5.48,5.5,2058940.0,11389637.0,255010517.0,0.008073941515125825,-0.03000000000000025,-0.5424954792043413,1.2658227848101156
2023-06-02,5.51,5.61,5.5,5.6,2391653.0,13344374.0,255010517.0,0.009378644567823844,0.09999999999999964,1.8181818181818077,2.0000000000000058
2023-06-05,5.59,5.59,5.48,5.54,3871267.0,21456876.0,255010517.0,0.015180813111327483,-0.05999999999999961,-1.0714285714285676,1.9642857142857042
2023-06-06,5.54,5.56,5.45,5.46,3328301.0,18443656.0,255010517.0,0.013051622494455788,-0.08000000000000007,-1.4440433212996373,1.9855595667869934
2023-06-07,5.47,5.58,5.47,5.53,2647361.0,14716338.0,255010517.0,0.010381379682470115,0.07000000000000028,1.2820512820512775,2.014652014652021
2023-06-08,5.55,5.66,5.5,5.65,4618853.0,25978862.0,255010517.0,0.018112402007325838,0.1200000000000001,2.169981916817365,2.8933092224231487
2023-06-09,5.64,5.99,5.57,5.85,11965574.0,69560223.0,255010517.0,0.046921884402124484,0.1999999999999993,3.539823008849541,7.433628318584069
2023-06-12,5.78,5.8,5.58,5.7,6537800.0,37274747.0,255010517.0,0.025637374006814,-0.14999999999999947,-2.564102564102555,3.760683760683756
2023-06-13,5.66,5.81,5.66,5.71,4368200.0,25141027.0,255010517.0,0.017129489604540506,0.009999999999999787,0.17543859649122862,2.6315789473684115
2023-06-14,5.73,5.81,5.66,5.75,4153400.0,23913032.0,255010517.0,0.016287171403209226,0.040000000000000036,0.7005253940455258,2.6269702276707436
2023-06-15,5.75,5.76,5.65,5.71,3513800.0,20053307.0,255010517.0,0.013779039552317757,-0.040000000000000036,-0.6956521739130417,1.9130434782608599
2023-06-16,5.71,5.76,5.67,5.69,2909847.0,16661510.0,255010517.0,0.0114106940930597,-0.019999999999999574,-0.3502626970227629,1.5761821366024493
2023-06-19,5.68,5.7,5.57,5.58,2950300.0,16600585.0,255010517.0,0.01156932676623686,-0.11000000000000032,-1.9332161687170557,2.2847100175746906
2023-06-20,5.57,5.58,5.51,5.51,2100139.0,11666541.0,255010517.0,0.008235499557847647,-0.07000000000000028,-1.2544802867383575,1.2544802867383564
2023-06-21,5.51,5.55,5.4,5.42,2813300.0,15410013.0,255010517.0,0.011032094021439908,-0.08999999999999986,-1.6333938294010864,2.722323049001805
2023-06-26,5.4,5.4,5.25,5.27,4098171.0,21813187.0,255010517.0,0.016070596021731918,-0.15000000000000036,-2.7675276752767597,2.7675276752767592
2023-06-27,5.3,5.5,5.23,5.49,4300200.0,23326730.0,255010517.0,0.016862833935590193,0.22000000000000064,4.174573055028485,5.123339658444015
2023-06-28,5.49,5.49,5.35,5.45,2202600.0,11986927.0,255010517.0,0.008637290829852323,-0.040000000000000036,-0.7285974499089298,2.550091074681249
2023-06-29,5.44,5.51,5.4,5.49,2183738.0,11992154.0,255010517.0,0.008563325252973783,0.040000000000000036,0.7339449541284404,2.0183486238532002
2023-06-30,5.51,5.6,5.48,5.56,2516389.0,14046662.0,255010517.0,0.009867785178444229,0.0699999999999994,1.2750455373406133,2.1857923497267615
2023-07-03,5.57,5.67,5.56,5.64,3209301.0,18106957.0,255010517.0,0.012584975073792741,0.08000000000000007,1.4388489208633004,1.978417266187056
2023-07-04,5.63,5.69,5.61,5.67,3010700.0,17058797.0,255010517.0,0.01180617974277508,0.03000000000000025,0.5319148936170359,1.4184397163120581
2023-07-05,5.65,5.7,5.64,5.66,2259339.0,12846809.0,255010517.0,0.008859787535743084,-0.009999999999999787,-0.17636684303350414,1.058201058201067
2023-07-06,5.66,5.72,5.64,5.7,2678737.0,15278259.0,255010517.0,0.010504417745249307,0.040000000000000036,0.7067137809187329,1.413427561837457
2023-07-07,5.72,5.73,5.66,5.7,1577801.0,9033606.0,255010517.0,0.006187199722433408,0.0,0.0,1.2280701754386014
2023-07-10,5.7,5.76,5.66,5.7,1548901.0,8854300.0,255010517.0,0.006073871063129526,0.0,0.0,1.7543859649122744
2023-07-11,5.73,5.73,5.67,5.72,1762240.0,10084120.0,255010517.0,0.006910460088985271,0.019999999999999574,0.35087719298245723,1.052631578947377
2023-07-12,5.73,5.73,5.63,5.67,2735240.0,15570516.0,255010517.0,0.010725988999112535,-0.04999999999999982,-0.8741258741258751,1.7482517482517577
2023-07-13,5.67,5.74,5.61,5.69,1960132.0,11188491.0,255010517.0,0.007686475142513436,0.020000000000000462,0.3527336860670305,2.2927689594356244
2023-07-14,5.66,5.72,5.63,5.71,2685315.0,15321256.0,255010517.0,0.010530212759813353,0.019999999999999574,0.35149384885764245,1.5817223198593997
2023-07-17,5.73,5.73,5.64,5.72,1912815.0,10945473.0,255010517.0,0.007500925932399878,0.009999999999999787,0.17513134851137035,1.576182136602465
2023-07-18,5.74,5.85,5.71,5.8,2679606.0,15547632.0,255010517.0,0.010507825447842217,0.08000000000000007,1.3986013986013957,2.447552447552442
2023-07-19,5.81,5.85,5.79,5.83,2029000.0,11843977.0,255010517.0,0.00795653459264976,0.03000000000000025,0.5172413793103514,1.0344827586206828
2023-07-20,5.82,5.89,5.8,5.82,2992729.0,17546898.0,255010517.0,0.011735708139441166,-0.009999999999999787,-0.17152658662091813,1.5437392795883338
2023-07-21,5.81,5.9,5.78,5.88,5210800.0,30639115.0,255010517.0,0.020433667055386583,0.05999999999999961,1.0309278350515427,2.0618556701030943
2023-07-24,5.92,5.96,5.84,5.91,5534301.0,32810258.0,255010517.0,0.021702246107755625,0.03000000000000025,0.5102040816326481,2.040816326530614
2023-07-25,5.92,6.09,5.91,6.08,10179430.0,61608413.0,255010517.0,0.039917687002689384,0.16999999999999993,2.876480541455151,3.0456852791878126
2023-07-26,6.08,6.29,6.06,6.19,14482975.0,89718328.0,255010517.0,0.0567936380443478,0.11000000000000032,1.8092105263157965,3.782894736842112
2023-07-27,6.12,6.26,6.05,6.16,9916746.0,61591879.0,255010517.0,0.03888759615353433,-0.03000000000000025,-0.4846526655896688,3.3925686591276247
2023-07-28,6.15,6.28,6.11,6.22,7603812.0,47242256.0,255010517.0,0.029817640815182535,0.05999999999999961,0.9740259740259605,2.7597402597402585
2023-07-31,6.22,6.43,6.19,6.36,12284812.0,78389004.0,255010517.0,0.04817374649689448,0.14000000000000057,2.2508038585209,3.8585209003215324
2023-08-01,6.31,6.43,6.26,6.33,12416800.0,79138760.0,255010517.0,0.048691325150327036,-0.03000000000000025,-0.4716981132075526,2.672955974842766
2023-08-02,6.35,6.48,6.31,6.39,8662305.0,55808049.0,255010517.0,0.03396842256509758,0.05999999999999961,0.9478672985781866,2.6856240126382436
2023-08-03,6.35,6.55,6.29,6.47,12002737.0,77428573.0,255010517.0,0.04706761564661272,0.08000000000000007,1.2519561815336422,4.068857589984347
2023-08-04,6.53,6.57,6.39,6.42,7685280.0,49854021.0,255010517.0,0.030137109992212596,-0.04999999999999982,-0.7727975270479082,2.782071097372498
2023-08-07,6.41,6.41,6.23,6.32,7755328.0,49146824.0,255010517.0,0.030411796702486588,-0.09999999999999964,-1.5576323987538832,2.8037383177570048
2023-08-08,6.34,6.39,6.22,6.26,5150356.0,32460557.0,255010517.0,0.020196641536944924,-0.0600000000000005,-0.9493670886076,2.689873417721518
2023-08-09,6.29,6.31,6.2,6.23,3958200.0,24786317.0,255010517.0,0.015521712777045976,-0.02999999999999936,-0.4792332268370503,1.7571884984025468
2023-08-10,6.2,6.26,6.16,6.19,3271728.0,20361802.0,255010517.0,0.012829776742109817,-0.040000000000000036,-0.6420545746388395,1.605136436597105
2023-08-11,6.23,6.28,6.12,6.14,4715956.0,29241112.0,255010517.0,0.018493182381179987,-0.05000000000000071,-0.8077544426494443,2.584814216478193
2023-08-14,6.09,6.14,6.01,6.12,3555200.0,21713222.0,255010517.0,0.013941385797825742,-0.019999999999999574,-0.32573289902279035,2.117263843648207
2023-08-15,6.13,6.14,6.03,6.1,2784400.0,16981924.0,255010517.0,0.010918765362136025,-0.020000000000000462,-0.326797385620925,1.7973856209150236
2023-08-16,6.09,6.27,6.05,6.17,4677283.0,28949595.0,255010517.0,0.018341529812278292,0.07000000000000028,1.1475409836065653,3.6065573770491763
2023-08-17,6.15,6.26,6.08,6.25,4749806.0,29531074.0,255010517.0,0.018625922004620696,0.08000000000000007,1.296596434359798,2.917341977309558
2023-08-18,6.21,6.29,6.06,6.08,3794569.0,23494854.0,255010517.0,0.014880049045192908,-0.16999999999999993,-2.72,3.680000000000007
2023-08-21,6.06,6.19,6.01,6.03,3774029.0,23043426.0,255010517.0,0.014799503347542329,-0.04999999999999982,-0.8223684210526327,2.9605263157894837
2023-08-22,6.05,6.11,5.94,6.0,4464100.0,26879581.0,255010517.0,0.017505552525898374,-0.03000000000000025,-0.4975124378109541,2.8192371475953553
2023-08-23,5.97,6.04,5.91,5.97,4167000.0,24992440.0,255010517.0,0.01634050253699929,-0.03000000000000025,-0.5000000000000004,2.166666666666665
2023-08-24,5.99,6.04,5.83,5.92,4688300.0,27796306.0,255010517.0,0.018384731952055137,-0.04999999999999982,-0.8375209380234505,3.5175879396984917
2023-08-25,5.88,6.1,5.88,5.96,7744800.0,46517802.0,255010517.0,0.030370512130682044,0.040000000000000036,0.6756756756756799,3.7162162162162122
2023-08-28,6.28,6.4,6.11,6.23,14528422.0,91421144.0,255010517.0,0.05697185422356522,0.27000000000000046,4.530201342281881,4.8657718120805376
2023-08-29,6.27,6.42,6.19,6.39,10210700.0,64811535.0,255010517.0,0.04004030939633756,0.15999999999999925,2.568218298555358,3.6918138041733473
2023-08-30,6.42,6.47,6.3,6.32,7159742.0,45727155.0,255010517.0,0.028076261654730105,-0.0699999999999994,-1.0954616588419341,2.6604068857589978
2023-08-31,6.38,6.4,6.07,6.1,7460524.0,46059439.0,255010517.0,0.029255750263821472,-0.22000000000000064,-3.4810126582278555,5.221518987341773
2023-09-01,6.15,6.16,5.93,5.98,7757200.0,46656185.0,255010517.0,0.030419137576196513,-0.11999999999999922,-1.967213114754085,3.770491803278696
2023-09-04,5.99,6.11,5.99,6.07,6210500.0,37652810.0,255010517.0,0.024353897529645806,0.08999999999999986,1.5050167224080147,2.006688963210704
2023-09-05,6.08,6.08,5.89,5.98,5950255.0,35676378.0,255010517.0,0.023333370991910893,-0.08999999999999986,-1.4827018121911006,3.130148270181225
2023-09-06,6.02,6.02,5.87,5.94,5390301.0,32070188.0,255010517.0,0.021137563514684377,-0.040000000000000036,-0.6688963210702337,2.508361204013369
2023-09-07,5.93,6.0,5.88,5.91,4172900.0,24886184.0,255010517.0,0.016363638837687624,-0.03000000000000025,-0.5050505050505083,2.0202020202020217
2023-09-08,5.91,5.92,5.78,5.81,4488000.0,26197729.0,255010517.0,0.017599274150720615,-0.10000000000000053,-1.6920473773265776,2.3688663282571856
2023-09-11,5.82,5.86,5.72,5.82,5995101.0,34922700.0,255010517.0,0.023509230405583625,0.010000000000000675,0.1721170395869276,2.4096385542168774
2023-09-12,5.83,5.87,5.75,5.84,3998600.0,23318799.0,255010517.0,0.015680137615657633,0.019999999999999574,0.3436426116838476,2.0618556701030943
2023-09-13,5.82,5.88,5.73,5.76,3030279.0,17598181.0,255010517.0,0.011882956968398287,-0.08000000000000007,-1.3698630136986356,2.5684931506849225
2023-09-14,5.78,5.78,5.69,5.75,2881600.0,16556218.0,255010517.0,0.011299926112459118,-0.009999999999999787,-0.17361111111110494,1.5624999999999976
2023-09-15,5.73,5.8,5.7,5.76,2784600.0,16092241.0,255010517.0,0.01091954964351529,0.009999999999999787,0.17391304347824654,1.7391304347826024
2023-09-18,5.73,5.81,5.69,5.8,3463800.0,20020916.0,255010517.0,0.013582969207501351,0.040000000000000036,0.694444444444442,2.0833333333333197
2023-09-19,5.8,5.84,5.77,5.79,3204793.0,18642369.0,255010517.0,0.012567297371504093,-0.009999999999999787,-0.17241379310344307,1.206896551724143
2023-09-20,5.78,5.87,5.77,5.82,3630800.0,21257940.0,255010517.0,0.014237844159188148,0.03000000000000025,0.5181347150259086,1.7271157167530315
2023-09-21,5.81,5.88,5.72,5.79,3164247.0,18411935.0,255010517.0,0.012408300007485574,-0.03000000000000025,-0.5154639175257825,2.7491408934707926
2023-09-22,5.78,5.87,5.73,5.86,3013500.0,17591159.0,255010517.0,0.011817159682084797,0.07000000000000028,1.2089810017271274,2.417962003454226
2023-09-25,5.88,5.88,5.72,5.75,4148954.0,24021248.0,255010517.0,0.01626973682814815,-0.11000000000000032,-1.8771331058020535,2.7303754266211624
2023-09-26,5.73,5.77,5.69,5.74,2425400.0,13938865.0,255010517.0,0.009510980286354229,-0.009999999999999787,-0.17391304347825765,1.3913043478260727
2023-09-27,5.73,5.76,5.7,5.72,2166900.0,12472723.0,255010517.0,0.00849729660365341,-0.020000000000000462,-0.34843205574913716,1.04529616724738
2023-09-28,5.73,5.82,5.71,5.78,3429093.0,19835087.0,255010517.0,0.013446868938350492,0.0600000000000005,1.0489510489510634,1.9230769230769287
2023-10-09,5.79,5.8,5.58,5.6,4833100.0,27345792.0,255010517.0,0.018952551670643452,-0.1800000000000006,-3.114186851211087,3.806228373702418
2023-10-10,5.6,5.65,5.58,5.61,2313600.0,13034846.0,255010517.0,0.009072566995344745,0.010000000000000675,0.17857142857145014,1.250000000000005
2023-10-11,5.64,5.67,5.55,5.63,2893400.0,16328774.0,255010517.0,0.011346198713835791,0.019999999999999574,0.35650623885916666,2.1390374331550817
2023-10-12,5.63,5.72,5.58,5.69,3381800.0,19181317.0,255010517.0,0.013261413842002445,0.0600000000000005,1.0657193605683846,2.4866785079928895
2023-10-13,5.66,5.68,5.54,5.56,2810500.0,15787025.0,255010517.0,0.011021114082130188,-0.13000000000000078,-2.2847100175747093,2.460456942003509
2023-10-16,5.57,5.63,5.54,5.56,2697100.0,15130327.0,255010517.0,0.01057642654008658,0.0,0.0,1.6187050359712205
2023-10-17,5.61,5.63,5.52,5.58,4273200.0,23917600.0,255010517.0,0.016756955949389335,0.020000000000000462,0.3597122302158251,1.978417266187056
2023-10-18,5.57,5.57,5.46,5.49,2727055.0,15032297.0,255010517.0,0.010693892283666089,-0.08999999999999986,-1.6129032258064502,1.9713261648745577
2023-10-19,5.49,5.59,5.44,5.48,3336500.0,18484637.0,255010517.0,0.013083774109598783,-0.009999999999999787,-0.18214936247722413,2.73224043715846
2023-10-20,5.48,5.58,5.42,5.52,2656500.0,14719936.0,255010517.0,0.010417217420095659,0.03999999999999915,0.7299270072992581,2.9197080291970825
2023-10-23,5.49,5.52,5.34,5.38,4617700.0,25035929.0,255010517.0,0.018107880625174374,-0.13999999999999968,-2.53623188405796,3.2608695652173862
2023-10-24,5.38,5.59,5.38,5.58,4633333.0,25762394.0,255010517.0,0.01816918397918467,0.20000000000000018,3.7174721189591198,3.9033457249070627
2023-10-25,5.58,5.71,5.58,5.68,4092800.0,23295289.0,255010517.0,0.01604953414529174,0.09999999999999964,1.7921146953404854,2.3297491039426506
2023-10-26,5.67,5.69,5.56,5.64,6102093.0,34380104.0,255010517.0,0.023928789572235563,-0.040000000000000036,-0.7042253521126751,2.2887323943662112
2023-10-27,5.63,5.72,5.6,5.67,4292903.0,24432897.0,255010517.0,0.016834219429467688,0.03000000000000025,0.5319148936170359,2.1276595744680873
2023-10-30,5.69,5.79,5.68,5.75,5108674.0,29520544.0,255010517.0,0.020033189454692176,0.08000000000000007,1.4109347442680775,1.9400352733686126
2023-10-31,5.78,5.87,5.74,5.85,5260912.0,30724772.0,255010517.0,0.020630176597775378,0.09999999999999964,1.7391304347825987,2.2608695652173894
2023-11-01,5.87,5.93,5.81,5.92,4955601.0,29325369.0,255010517.0,0.01943292793685054,0.07000000000000028,1.1965811965811923,2.0512820512820533
2023-11-02,5.92,5.96,5.87,5.92,6965200.0,41330443.0,255010517.0,0.02731338331430464,0.0,0.0,1.520270270270268
2023-11-03,5.92,5.95,5.85,5.87,4455100.0,26334003.0,255010517.0,0.01747025986383142,-0.04999999999999982,-0.8445945945945943,1.6891891891891984
2023-11-06,5.88,5.99,5.85,5.98,5199600.0,30901344.0,255010517.0,0.020389747298147708,0.11000000000000032,1.873935264054527,2.3850085178875733
2023-11-07,5.98,6.57,5.92,6.57,29136131.0,187873798.0,255010517.0,0.1142546250357196,0.5899999999999999,9.866220735785959,10.86956521739131
2023-11-08,6.44,6.44,6.21,6.3,44643655.0,282061662.0,255010517.0,0.17506593659429348,-0.27000000000000046,-4.109589041095896,3.5007610350076166
2023-11-09,6.26,6.26,6.06,6.12,27793619.0,171180013.0,255010517.0,0.10899008922051634,-0.17999999999999972,-2.857142857142858,3.174603174603177
2023-11-10,6.1,6.59,6.08,6.14,29503864.0,183709769.0,255010517.0,0.11569665575792704,0.019999999999999574,0.32679738562091387,8.33333333333333
2023-11-13,5.99,6.31,5.99,6.23,25013489.0,155698157.0,255010517.0,0.09808806826582764,0.09000000000000075,1.4657980456026287,5.211726384364812
2023-11-14,6.26,6.29,6.14,6.21,17648641.0,109963723.0,255010517.0,0.06920750252821926,-0.020000000000000462,-0.32102728731943087,2.4077046548956718
2023-11-15,6.23,6.28,6.13,6.17,12477918.0,77353959.0,255010517.0,0.04893099369701682,-0.040000000000000036,-0.6441223832528209,2.4154589371980735
2023-11-16,6.15,6.26,6.11,6.2,10177441.0,63204395.0,255010517.0,0.03990988732437259,0.03000000000000025,0.4862236628849326,2.431118314424627
2023-11-17,6.14,6.23,6.1,6.16,8189931.0,50731813.0,255010517.0,0.03211605190385148,-0.040000000000000036,-0.6451612903225823,2.0967741935484
2023-11-20,6.19,6.28,6.14,6.21,9107766.0,56619545.0,255010517.0,0.0357152564025428,0.04999999999999982,0.8116883116883189,2.272727272727282
2023-11-21,6.21,6.37,6.21,6.28,13034213.0,82270030.0,255010517.0,0.05111245274640967,0.07000000000000028,1.1272141706924366,2.5764895330112747
2023-11-22,6.28,6.4,6.23,6.33,13095100.0,83333764.0,255010517.0,0.0513512154481064,0.04999999999999982,0.79617834394905,2.7070063694267503
2023-11-23,6.29,6.45,6.22,6.41,10698503.0,68476281.0,255010517.0,0.04195318344458711,0.08000000000000007,1.2638230647709303,3.6334913112164364
2023-11-24,6.42,6.49,6.33,6.37,11308097.0,72836882.0,255010517.0,0.04434364956014736,-0.040000000000000036,-0.6240249609984372,2.496099843993762
2023-11-27,6.37,6.4,6.24,6.36,10624701.0,67615680.0,255010517.0,0.041663775772824305,-0.009999999999999787,-0.15698587127158659,2.511773940345371
2023-11-28,6.38,6.39,6.27,6.32,8710570.0,55294651.0,255010517.0,0.034157689268948854,-0.040000000000000036,-0.6289308176100628,1.8867924528301903
2023-11-29,6.36,6.42,6.19,6.23,10422739.0,65510171.0,255010517.0,0.040871800593228085,-0.08999999999999986,-1.424050632911389,3.6392405063291062
2023-11-30,6.23,6.27,6.15,6.22,6891857.0,42894228.0,255010517.0,0.027025775568307247,-0.010000000000000675,-0.16051364365972098,1.9261637239165204
2023-12-01,6.31,6.4,6.26,6.33,8409900.0,53574976.0,255010517.0,0.03297863985742988,0.11000000000000032,1.768488745980723,2.2508038585209094
2023-12-04,6.28,6.96,6.27,6.54,39292847.0,262189276.0,255010517.0,0.1540832412021658,0.20999999999999996,3.3175355450236976,10.900473933649295
2023-12-05,6.54,6.68,6.39,6.63,37916443.0,250260371.0,255010517.0,0.1486858010644322,0.08999999999999986,1.3761467889908285,4.434250764525995
2023-12-06,6.49,6.77,6.44,6.67,28325874.0,187641863.0,255010517.0,0.11107727764812148,0.040000000000000036,0.6033182503770718,4.977375565610847
2023-12-07,6.63,6.68,6.53,6.59,18220172.0,120701300.0,255010517.0,0.07144870813308457,-0.08000000000000007,-1.199400299850073,2.248875562218883
2023-12-08,6.58,6.59,6.24,6.27,20521701.0,131469776.0,255010517.0,0.08047393982578373,-0.3200000000000003,-4.855842185128989,5.3110773899848205
2023-12-11,6.34,6.49,6.16,6.47,19011794.0,122326924.0,255010517.0,0.07455298010316963,0.20000000000000018,3.189792663476876,5.263157894736844
2023-12-12,6.46,6.84,6.44,6.75,20831902.0,139287423.0,255010517.0,0.08169036416643162,0.28000000000000025,4.327666151468312,6.182380216383299
2023-12-13,6.69,6.75,6.6,6.63,13467400.0,90103529.0,255010517.0,0.052811155235609364,-0.1200000000000001,-1.7777777777777781,2.2222222222222276
2023-12-14,6.58,6.82,6.58,6.73,14193049.0,95929777.0,255010517.0,0.055656720228522964,0.10000000000000053,1.5082956259427016,3.6199095022624466
2023-12-15,6.86,7.08,6.72,6.78,27296502.0,187694276.0,255010517.0,0.1070406911884344,0.04999999999999982,0.7429420505200568,5.349182763744433
2023-12-18,6.72,6.94,6.62,6.82,22739100.0,154529312.0,255010517.0,0.08916926355629481,0.040000000000000036,0.5899705014749346,4.719764011799414
2023-12-19,6.78,7.51,6.78,7.51,34071289.0,253996671.0,255010517.0,0.13360738765138852,0.6899999999999995,10.117302052785915,10.703812316715537
2023-12-20,8.26,8.26,8.26,8.26,7879191.0,65318493.0,255010517.0,0.030897513924886478,0.75,9.986684420772306,0.0
2023-12-21,7.55,8.27,7.43,7.73,90521250.0,697243610.0,255010517.0,0.3549706540142421,-0.5299999999999994,-6.4164648910411515,10.169491525423727
2023-12-22,7.24,7.41,6.95,6.95,58929093.0,418640757.0,255010517.0,0.2310849516845613,-0.7800000000000002,-10.090556274256146,5.950840879689521
2023-12-25,6.63,6.63,6.26,6.26,34306965.0,217153824.0,255010517.0,0.13453156914308753,-0.6900000000000004,-9.928057553956837,5.323741007194246
2023-12-26,6.14,6.17,5.85,6.0,35251475.0,213251528.0,255010517.0,0.13823537717073842,-0.2599999999999998,-4.153354632587858,5.111821086261985
2023-12-27,6.0,6.05,5.89,6.03,20123496.0,120761804.0,255010517.0,0.0789124159926314,0.03000000000000025,0.5000000000000115,2.6666666666666687
2023-12-28,6.04,6.21,5.94,6.14,22728313.0,139192829.0,255010517.0,0.08912696334010413,0.10999999999999943,1.8242122719734466,4.4776119402985
2023-12-29,6.15,6.38,6.13,6.21,26711353.0,167297230.0,255010517.0,0.10474608386445489,0.07000000000000028,1.140065146579805,4.071661237785016
2024-01-02,6.21,6.32,6.21,6.27,16091414.0,101330959.0,255010517.0,0.0631009818312709,0.05999999999999961,0.9661835748792313,1.7713365539452548
2024-01-03,6.32,6.42,6.24,6.29,14913211.0,94479236.0,255010517.0,0.05848076846179642,0.020000000000000462,0.31897926634769647,2.870813397129182
2024-01-04,6.3,6.34,6.24,6.31,9505500.0,60041035.0,255010517.0,0.03727493325304697,0.019999999999999574,0.31796502384737746,1.5898251192368782
2024-01-05,6.32,6.39,6.2,6.24,10875182.0,68751781.0,255010517.0,0.04264601369362347,-0.0699999999999994,-1.1093502377178988,3.011093502377171
2024-01-08,6.25,6.3,6.13,6.19,9813830.0,61055792.0,255010517.0,0.03848402064139182,-0.04999999999999982,-0.8012820512820484,2.724358974358973
2024-01-09,6.13,6.26,6.13,6.2,9513300.0,59291944.0,255010517.0,0.03730552022683833,0.009999999999999787,0.1615508885298933,2.100161550888528
2024-01-10,6.13,6.26,6.13,6.24,11676700.0,72739003.0,255010517.0,0.04578909190635459,0.040000000000000036,0.6451612903225712,2.0967741935483852
2024-01-11,6.17,6.27,6.16,6.24,10852200.0,67624039.0,255010517.0,0.04255589192033205,0.0,0.0,1.762820512820504
2024-01-12,6.29,6.36,6.18,6.18,11419766.0,71948830.0,255010517.0,0.04478154914685342,-0.0600000000000005,-0.9615384615384692,2.8846153846153944
2024-01-15,6.21,6.3,6.16,6.2,9189500.0,57311123.0,255010517.0,0.036035768673807284,0.020000000000000462,0.3236245954692629,2.2653721682847845
2024-01-16,6.26,6.26,6.05,6.15,11699500.0,71919372.0,255010517.0,0.04587849998359087,-0.04999999999999982,-0.8064516129032251,3.387096774193548
2024-01-17,6.14,6.18,6.01,6.02,8048876.0,49074764.0,255010517.0,0.03156291785408991,-0.13000000000000078,-2.1138211382113914,2.7642276422764214
2024-01-18,5.99,6.05,5.74,5.93,10675924.0,62672521.0,255010517.0,0.041864641998274915,-0.08999999999999986,-1.4950166112956742,5.1495016611295625
2024-01-19,5.95,5.95,5.8,5.84,6555800.0,38651741.0,255010517.0,0.025707959330947907,-0.08999999999999986,-1.5177065767284947,2.5295109612141715
2024-01-22,5.86,5.86,5.45,5.45,9763200.0,55050401.0,255010517.0,0.03828547981023073,-0.3899999999999997,-6.67808219178082,7.020547945205482
2024-01-23,5.45,5.58,5.32,5.54,13314700.0,72418801.0,255010517.0,0.05221235640254006,0.08999999999999986,1.6513761467889854,4.770642201834859
2024-01-24,5.57,6.0,5.57,5.87,20153600.0,116977172.0,255010517.0,0.07903046602583845,0.33000000000000007,5.956678700361007,7.761732851985554
2024-01-25,5.83,6.45,5.83,6.45,29096183.0,181159920.0,255010517.0,0.11409797267302509,0.5800000000000001,9.880749574105629,10.562180579216356
2024-01-26,6.47,6.73,6.38,6.55,53620750.0,353643852.0,255010517.0,0.2102687788362862,0.09999999999999964,1.5503875968992276,5.426356589147295
2024-01-29,6.56,6.69,6.4,6.49,39240209.0,258536911.0,255010517.0,0.15387682618595688,-0.05999999999999961,-0.9160305343511421,4.427480916030535
2024-01-30,6.28,6.52,6.1,6.17,26009595.0,164382035.0,255010517.0,0.10199420520370146,-0.3200000000000003,-4.930662557781207,6.471494607087826
2024-01-31,6.18,6.22,5.64,5.76,26271000.0,154556010.0,255010517.0,0.10301928057343611,-0.41000000000000014,-6.645056726094001,9.400324149108592
2024-02-01,5.81,6.34,5.81,6.34,8877300.0,55959116.0,255010517.0,0.034811505440773646,0.5800000000000001,10.069444444444443,9.201388888888893
2024-02-02,6.33,6.97,6.01,6.57,69056578.0,458963435.0,255010517.0,0.27079894120602094,0.23000000000000043,3.6277602523659302,15.141955835962145
2024-02-05,6.11,6.18,5.92,5.92,11158500.0,67448729.0,255010517.0,0.04375701885267736,-0.6500000000000004,-9.893455098934556,3.9573820395738166
2024-02-06,5.33,5.39,5.33,5.33,33293000.0,178236952.0,255010517.0,0.1305553997994522,-0.5899999999999999,-9.966216216216218,1.013513513513507
2024-02-07,5.14,5.14,4.8,4.8,27023400.0,130901526.0,255010517.0,0.1059697471222334,-0.5300000000000002,-9.943714821763605,6.378986866791742
2024-02-08,4.53,4.73,4.32,4.61,52117410.0,232413790.0,255010517.0,0.20437357099276027,-0.1899999999999995,-3.9583333333333193,8.54166666666667
2024-02-19,4.58,4.93,4.47,4.91,42811945.0,202955746.0,255010517.0,0.1678830563682203,0.2999999999999998,6.507592190889366,9.978308026030367
2024-02-20,4.83,4.86,4.59,4.8,35028994.0,167091953.0,255010517.0,0.13736293864303645,-0.11000000000000032,-2.2403258655804503,5.498981670061109
2024-02-21,4.73,5.23,4.68,4.98,45656663.0,227143571.0,255010517.0,0.17903835315152905,0.1800000000000006,3.750000000000009,11.458333333333348
2024-02-22,5.01,5.48,5.01,5.48,41329166.0,220764873.0,255010517.0,0.16206847657188977,0.5,10.040160642570273,9.437751004016077
2024-02-23,5.65,5.87,5.32,5.54,65530481.0,366607597.0,255010517.0,0.256971680113099,0.05999999999999961,1.0948905109488871,10.03649635036496
2024-02-26,5.47,6.1,5.47,5.86,72290657.0,421819700.0,255010517.0,0.2834810808998909,0.3200000000000003,5.776173285198571,11.371841155234655
2024-02-27,5.85,6.22,5.66,6.0,56033623.0,334243168.0,255010517.0,0.2197306356584501,0.13999999999999968,2.3890784982935065,9.556313993174054
2024-02-28,5.92,6.02,5.4,5.4,47522366.0,272431600.0,255010517.0,0.1863545337622291,-0.5999999999999996,-9.999999999999998,10.333333333333321
2024-02-29,5.19,5.49,5.07,5.43,38216528.0,202109944.0,255010517.0,0.1498625564529168,0.02999999999999936,0.5555555555555536,7.777777777777777
2024-03-01,5.55,5.98,5.53,5.98,34369338.0,200270670.0,255010517.0,0.13477615905543222,0.5500000000000007,10.128913443830578,8.287292817679562
2024-03-04,5.95,5.95,5.57,5.75,47717387.0,274426939.0,255010517.0,0.18711929045655792,-0.23000000000000043,-3.8461538461538547,6.354515050167222
2024-03-05,5.72,6.02,5.48,5.61,39063401.0,224650270.0,255010517.0,0.1531834900754309,-0.13999999999999968,-2.4347826086956514,9.391304347826072
2024-03-06,5.5,5.6,5.42,5.5,27225877.0,150423376.0,255010517.0,0.10676374182638122,-0.11000000000000032,-1.9607843137254943,3.208556149732615
2024-03-07,5.51,5.66,5.29,5.29,26037309.0,141707839.0,255010517.0,0.1021028830744263,-0.20999999999999996,-3.8181818181818206,6.727272727272729
2024-03-08,5.28,5.31,5.18,5.26,18672695.0,98129193.0,255010517.0,0.07322323494603165,-0.03000000000000025,-0.5671077504725952,2.457466918714554
2024-03-11,5.31,5.35,5.26,5.35,14905612.0,79431078.0,255010517.0,0.05845096969079122,0.08999999999999986,1.7110266159695797,1.711026615969579
2024-03-12,5.38,5.71,5.28,5.55,29110254.0,159535921.0,255010517.0,0.11415315078946332,0.20000000000000018,3.738317757009346,8.037383177570089
2024-03-13,5.49,5.51,5.36,5.4,19734865.0,107168873.0,255010517.0,0.0773884357091045,-0.14999999999999947,-2.7027027027026973,2.7027027027026933
2024-03-14,5.36,5.46,5.31,5.37,14989977.0,80938155.0,255010517.0,0.05878179918359994,-0.03000000000000025,-0.5555555555555647,2.7777777777777843
2024-03-15,5.36,5.39,5.28,5.37,12050704.0,64596037.0,255010517.0,0.04725571377120889,0.0,0.0,2.0484171322160045
2024-03-18,5.33,5.43,5.33,5.43,13444989.0,72689609.0,255010517.0,0.052723272585655755,0.05999999999999961,1.1173184357541777,1.862197392923643
2024-03-19,5.4,5.48,5.39,5.4,13568692.0,73798528.0,255010517.0,0.05320836238295223,-0.02999999999999936,-0.5524861878452914,1.6574585635359254
2024-03-20,5.39,5.47,5.38,5.45,12778028.0,69647082.0,255010517.0,0.05010784712067385,0.04999999999999982,0.92592592592593,1.6666666666666639
2024-03-21,5.44,5.57,5.44,5.52,15576074.0,86060601.0,255010517.0,0.06108012400131717,0.0699999999999994,1.284403669724754,2.3853211009174293
2024-03-22,5.51,5.63,5.32,5.56,22078038.0,121362021.0,255010517.0,0.08657697047059436,0.040000000000000036,0.7246376811594235,5.615942028985501
2024-03-25,5.56,5.89,5.53,5.73,42323456.0,243867814.0,255010517.0,0.16596749223483986,0.17000000000000082,3.0575539568345578,6.474820143884882
2024-03-26,5.69,5.78,5.53,5.73,23625036.0,133742929.0,255010517.0,0.09264337909640016,0.0,0.0,4.363001745200698
2024-03-27,5.68,5.69,5.29,5.35,19206041.0,105377429.0,255010517.0,0.07531470162856067,-0.3800000000000008,-6.631762652705076,6.980802792321122
2024-03-28,5.3,5.47,5.19,5.41,14567214.0,78677860.0,255010517.0,0.05712397343988758,0.0600000000000005,1.1214953271028172,5.233644859813072
2024-03-29,5.33,5.42,5.19,5.32,13314458.0,70781959.0,255010517.0,0.05221140742207114,-0.08999999999999986,-1.6635859519408491,4.251386321626609
2024-04-01,5.32,5.84,5.31,5.56,19177832.0,106715353.0,255010517.0,0.07520408266142216,0.23999999999999932,4.5112781954887105,9.962406015037597
2024-04-02,5.62,5.68,5.5,5.62,15855177.0,89099561.0,255010517.0,0.06217460043030304,0.0600000000000005,1.0791366906474975,3.237410071942441
2024-04-03,5.62,5.69,5.52,5.6,10244728.0,57636438.0,255010517.0,0.04017374703020582,-0.020000000000000462,-0.3558718861210064,3.024911032028484
2024-04-08,5.55,5.58,5.34,5.36,10788219.0,58665132.0,255010517.0,0.04230499638569808,-0.23999999999999932,-4.2857142857142705,4.28571428571429
2024-04-09,5.34,5.42,5.26,5.42,7825795.0,41986520.0,255010517.0,0.030688126482250142,0.05999999999999961,1.1194029850746245,2.985074626865674
2024-04-10,5.4,5.4,5.11,5.22,11732060.0,61585526.0,255010517.0,0.04600618099213532,-0.20000000000000018,-3.690036900369009,5.350553505535056
2024-04-11,5.21,5.28,5.13,5.22,5983373.0,31406855.0,255010517.0,0.023463240145503488,0.0,0.0,2.8735632183908115
2024-04-12,5.21,5.34,5.13,5.13,6937479.0,36453664.0,255010517.0,0.027204677993731528,-0.08999999999999986,-1.724137931034475,4.022988505747126
2024-04-15,5.05,5.1,4.67,4.78,13626489.0,66176067.0,255010517.0,0.0534350079373393,-0.34999999999999964,-6.822612085769975,8.382066276803112
2024-04-16,4.69,4.73,4.41,4.44,10602514.0,48187296.0,255010517.0,0.04157677151801547,-0.33999999999999986,-7.1129707112970735,6.694560669456072
2024-04-17,4.46,4.72,4.46,4.7,7460298.0,34899949.0,255010517.0,0.0292548640258629,0.2599999999999998,5.8558558558558405,5.855855855855851
2024-04-18,4.71,4.77,4.59,4.68,6661397.0,31343615.0,255010517.0,0.026122048134979467,-0.020000000000000462,-0.42553191489362874,3.8297872340425467
2024-04-19,4.69,4.76,4.64,4.66,4093602.0,19273586.0,255010517.0,0.016052679113622598,-0.019999999999999574,-0.42735042735041473,2.5641025641025665
2024-04-22,4.63,4.68,4.48,4.54,3375900.0,15480878.0,255010517.0,0.01323827754131411,-0.1200000000000001,-2.5751072961373467,4.291845493562216
2024-04-23,4.57,4.66,4.55,4.65,3426050.0,15888388.0,255010517.0,0.013434936097164965,0.11000000000000032,2.422907488986792,2.422907488986791
2024-04-24,4.64,4.76,4.63,4.76,4318300.0,20406646.0,255010517.0,0.016933811400413733,0.10999999999999943,2.3655913978494425,2.7956989247311803
2024-04-25,4.73,4.96,4.72,4.88,5355431.0,26246737.0,255010517.0,0.021000824056209413,0.1200000000000001,2.521008403361358,5.042016806722694
2024-04-26,4.85,4.95,4.8,4.94,5011349.0,24562845.0,255010517.0,0.019651538528507043,0.0600000000000005,1.2295081967213184,3.0737704918032858
2024-04-29,4.95,5.21,4.95,5.18,9305844.0,48029517.0,255010517.0,0.03649200083775368,0.23999999999999932,4.85829959514168,5.263157894736838
2024-04-30,5.17,5.18,5.06,5.11,7969057.0,41016681.0,255010517.0,0.0312499150770319,-0.0699999999999994,-1.3513513513513375,2.316602316602319
2024-05-06,5.24,5.32,5.13,5.15,11433937.0,59653613.0,255010517.0,0.04483711940398129,0.040000000000000036,0.7827788649706457,3.718199608610575
2024-05-07,5.15,5.66,5.1,5.4,23420097.0,126655002.0,255010517.0,0.09183972988847358,0.25,4.854368932038833,10.873786407766998
2024-05-08,5.28,5.36,5.12,5.13,18151761.0,94960462.0,255010517.0,0.07118044076589987,-0.27000000000000046,-5.000000000000004,4.444444444444448
2024-05-09,5.16,5.29,5.16,5.23,10340201.0,54160075.0,255010517.0,0.04054813551081895,0.10000000000000053,1.949317738791434,2.534113060428848
2024-05-10,5.28,5.42,5.16,5.38,13574701.0,72150220.0,255010517.0,0.05323192611699226,0.14999999999999947,2.8680688336520044,4.971319311663476
2024-05-13,5.31,5.31,5.13,5.18,8081610.0,42197717.0,255010517.0,0.03169128118743432,-0.20000000000000018,-3.7174721189591087,3.345724907063192
2024-05-14,5.16,5.24,5.15,5.19,7136600.0,37152758.0,255010517.0,0.027985512456335283,0.010000000000000675,0.19305019305020377,1.7374517374517346
2024-05-15,5.18,5.35,5.16,5.26,9252341.0,49023075.0,255010517.0,0.03628219380457944,0.0699999999999994,1.348747591522148,3.6608863198458477
2024-05-16,5.26,5.49,5.26,5.42,15125754.0,82139851.0,255010517.0,0.05931423604776269,0.16000000000000014,3.041825095057038,4.3726235741444945
2024-05-17,5.44,5.83,5.37,5.68,28040704.0,156410693.0,255010517.0,0.10995901004349558,0.2599999999999998,4.797047970479706,8.487084870848708
2024-05-20,5.63,5.63,5.38,5.43,21535753.0,118544902.0,255010517.0,0.08445045033181905,-0.25,-4.401408450704225,4.401408450704226
2024-05-21,5.42,5.46,5.33,5.39,10557401.0,57149198.0,255010517.0,0.04139986508870142,-0.040000000000000036,-0.7366482504604033,2.3941068139963146
2024-05-22,5.38,5.93,5.36,5.72,55033747.0,319290346.0,255010517.0,0.21580971501657714,0.33000000000000007,6.1224489795918435,10.575139146567707
2024-05-23,5.39,5.59,5.32,5.38,42317007.0,231531402.0,255010517.0,0.16594220308176544,-0.33999999999999986,-5.944055944055937,4.720279720279713
2024-05-24,5.38,5.46,5.23,5.24,20085982.0,107320906.0,255010517.0,0.07876530833432253,-0.13999999999999968,-2.6022304832713727,4.275092936802966
2024-05-27,5.22,5.28,5.07,5.21,16899346.0,87171803.0,255010517.0,0.06626921194783508,-0.03000000000000025,-0.5725190839694694,4.007633587786259
2024-05-28,5.3,5.4,5.0,5.01,17020100.0,87755217.0,255010517.0,0.06674273751619428,-0.20000000000000018,-3.8387715930902178,7.677543186180428
2024-05-29,5.04,5.2,4.98,5.11,16080700.0,82930755.0,255010517.0,0.06305896787778364,0.10000000000000053,1.9960079840319445,4.391217564870255
2024-05-30,5.08,5.12,4.94,4.98,10616388.0,53315024.0,255010517.0,0.04163117711729513,-0.1299999999999999,-2.544031311154593,3.5225048923679
2024-05-31,5.01,5.18,4.99,5.1,10965333.0,56176036.0,255010517.0,0.042999532446734344,0.11999999999999922,2.409638554216853,3.8152610441766965
2024-06-03,5.2,5.25,4.99,5.09,11327300.0,58061257.0,255010517.0,0.04441895233677755,-0.009999999999999787,-0.19607843137254832,5.098039215686271
2024-06-04,5.09,5.09,4.9,5.0,11109112.0,55482117.0,255010517.0,0.04356334840888151,-0.08999999999999986,-1.7681728880157177,3.732809430255393
2024-06-05,4.91,4.95,4.73,4.74,8721531.0,42065513.0,255010517.0,0.034200671809939506,-0.2599999999999998,-5.199999999999994,4.399999999999995
2024-06-06,4.75,4.81,4.6,4.64,7914393.0,37117624.0,255010517.0,0.03103555529045102,-0.10000000000000053,-2.1097046413502185,4.430379746835443
2024-06-07,4.69,4.82,4.67,4.79,7137000.0,34087716.0,255010517.0,0.027987081019093814,0.15000000000000036,3.2327586206896575,3.232758620689663
2024-06-11,4.71,4.77,4.67,4.72,5372100.0,25409904.0,255010517.0,0.021066189987764307,-0.07000000000000028,-1.4613778705636848,2.087682672233813
2024-06-12,4.72,5.17,4.68,4.95,14632500.0,72615653.0,255010517.0,0.05737998641052126,0.23000000000000043,4.872881355932224,10.381355932203395
2024-06-13,4.96,5.06,4.9,4.95,9025211.0,45029822.0,255010517.0,0.035391524656216436,0.0,0.0,3.232323232323217
2024-06-14,4.93,5.16,4.89,5.12,11417903.0,58132987.0,255010517.0,0.04477424356580556,0.16999999999999993,3.4343434343434343,5.454545454545464
2024-06-17,5.08,5.11,4.91,4.94,12575188.0,63018365.0,255010517.0,0.049312428945822655,-0.17999999999999972,-3.515624999999989,3.9062500000000036
2024-06-18,4.96,5.0,4.91,4.95,4962000.0,24632469.0,255010517.0,0.019458021019580145,0.009999999999999787,0.2024291497975561,1.8218623481781346
2024-06-19,4.96,5.02,4.92,4.93,6233800.0,31111992.0,255010517.0,0.02444526631033025,-0.020000000000000462,-0.40404040404041774,2.0202020202020132
2024-06-20,4.92,4.93,4.7,4.71,9088400.0,43655751.0,255010517.0,0.035639314436588514,-0.21999999999999975,-4.462474645030423,4.665314401622709
2024-06-21,4.74,5.05,4.63,4.89,17062880.0,82517535.0,255010517.0,0.0669104953032192,0.17999999999999972,3.821656050955413,8.917197452229297
2024-06-24,4.89,4.91,4.56,4.59,10025900.0,47423354.0,255010517.0,0.03931563340189612,-0.2999999999999998,-6.134969325153373,7.157464212678947
2024-06-25,4.59,4.73,4.55,4.67,7874500.0,36703423.0,255010517.0,0.030879118605135803,0.08000000000000007,1.7429193899782147,3.9215686274509935
2024-06-26,4.68,4.74,4.58,4.72,4880700.0,22822443.0,255010517.0,0.01913921063890867,0.04999999999999982,1.070663811563155,3.426124197002144
2024-06-27,4.72,5.19,4.65,5.19,22990233.0,116154073.0,255010517.0,0.09015405823439039,0.47000000000000064,9.957627118644075,11.440677966101696
2024-06-28,5.16,5.66,5.08,5.26,37366803.0,198667154.0,255010517.0,0.14653043897793439,0.0699999999999994,1.348747591522148,11.175337186897881
2024-07-01,5.2,5.79,5.09,5.52,46268742.0,256803498.0,255010517.0,0.18143856396322666,0.2599999999999998,4.942965779467667,13.307984790874528
2024-07-02,5.47,5.69,5.34,5.54,44009402.0,244448049.0,255010517.0,0.17257877250607667,0.020000000000000462,0.36231884057971175,6.3405797101449375
2024-07-03,5.43,5.78,5.36,5.44,33263271.0,184567791.0,255010517.0,0.13043882029383125,-0.09999999999999964,-1.805054151624541,7.581227436823103
2024-07-04,5.48,5.57,5.15,5.23,27553463.0,147313232.0,255010517.0,0.10804833982592177,-0.20999999999999996,-3.860294117647056,7.720588235294115
2024-07-05,5.23,5.29,5.06,5.2,17737349.0,92021542.0,255010517.0,0.06955536269117873,-0.03000000000000025,-0.5736137667304075,4.397705544933086
2024-07-08,5.18,5.22,4.94,4.99,14580205.0,74048518.0,255010517.0,0.057174916436877776,-0.20999999999999996,-4.038461538461535,5.384615384615373
2024-07-09,5.0,5.49,4.96,5.49,22829000.0,120308793.0,255010517.0,0.08952179803627472,0.5,10.020040080160332,10.621242484969946
2024-07-10,5.5,5.92,5.38,5.59,37708801.0,209689269.0,255010517.0,0.1478715522936648,0.09999999999999964,1.821493624772308,9.836065573770492
2024-07-11,5.53,5.66,5.45,5.61,27449206.0,152760606.0,255010517.0,0.10763950570713128,0.020000000000000462,0.3577817531305927,3.7567084078711983
2024-07-12,5.61,6.09,5.57,5.75,41461805.0,242072164.0,255010517.0,0.16258860806121184,0.13999999999999968,2.4955436720142554,9.269162210338672
2024-07-15,5.67,5.87,5.46,5.58,28802856.0,163005388.0,255010517.0,0.11294771815234585,-0.16999999999999993,-2.9565217391304355,7.130434782608698
2024-07-16,5.64,5.73,5.47,5.58,21051427.0,117363440.0,255010517.0,0.08255121101534804,0.0,0.0,4.659498207885317
2024-07-17,5.59,5.98,5.55,5.82,38248970.0,221803589.0,255010517.0,0.14998977473544747,0.2400000000000002,4.3010752688172005,7.706093189964168
2024-07-18,5.6,5.97,5.59,5.97,34191151.0,199593818.0,255010517.0,0.1340774153247962,0.14999999999999947,2.577319587628857,6.529209621993124
2024-07-19,5.79,5.86,5.58,5.67,27064653.0,155470428.0,255010517.0,0.10613151692092762,-0.2999999999999998,-5.025125628140703,4.690117252931328
2024-07-22,5.58,5.6,5.33,5.39,21585900.0,117056929.0,255010517.0,0.08464709712344923,-0.28000000000000025,-4.938271604938271,4.761904761904755
2024-07-23,5.35,5.5,5.34,5.41,15556300.0,84440282.0,255010517.0,0.06100258210134918,0.020000000000000462,0.37105751391466324,2.968460111317257
2024-07-24,5.34,5.37,5.15,5.16,15579200.0,81709119.0,255010517.0,0.06109238231927509,-0.25,-4.621072088724587,4.0665434380776295
2024-07-25,5.21,5.46,5.14,5.42,15295201.0,81570626.0,255010517.0,0.0599787066821248,0.2599999999999998,5.038759689922467,6.201550387596905
2024-07-26,5.34,5.52,5.31,5.46,15093100.0,81652508.0,255010517.0,0.05918618642696999,0.040000000000000036,0.7380073800737907,3.8745387453874534
2024-07-29,5.43,5.83,5.4,5.73,23493353.0,133694715.0,255010517.0,0.092126996472071,0.27000000000000046,4.94505494505495,7.87545787545787
2024-07-30,5.98,6.31,5.84,6.31,27103913.0,166985858.0,255010517.0,0.10628547135567747,0.5799999999999992,10.122164048865612,8.202443280977308
2024-07-31,6.93,6.93,6.93,6.93,5785918.0,40269989.0,255010517.0,0.02268893874678902,0.6200000000000001,9.825673534072909,0.0
2024-08-01,7.63,7.63,6.98,7.63,112865263.0,854311545.0,255010517.0,0.44259062068408733,0.7000000000000002,10.1010101010101,9.379509379509372
2024-08-02,7.17,7.38,6.86,6.86,83998478.0,586258081.0,255010517.0,0.3293922109102661,-0.7699999999999996,-10.09174311926605,6.81520314547837
2024-08-05,6.18,6.36,6.18,6.18,48878362.0,304053538.0,255010517.0,0.19167194582802247,-0.6800000000000006,-9.912536443148701,2.6239067055393672
2024-08-06,5.99,6.08,5.66,5.77,52621829.0,305792428.0,255010517.0,0.20635160313799922,-0.41000000000000014,-6.6343042071197456,6.796116504854369
2024-08-07,5.7,5.77,5.63,5.68,31077110.0,177335062.0,255010517.0,0.12186599347194767,-0.08999999999999986,-1.559792027729634,2.426343154246095
2024-08-08,5.67,5.71,5.53,5.57,26735576.0,150348682.0,255010517.0,0.10484107210370465,-0.10999999999999943,-1.936619718309851,3.169014084507037
2024-08-09,5.57,5.66,5.48,5.5,24394712.0,136680844.0,255010517.0,0.09566159187073842,-0.07000000000000028,-1.2567324955116699,3.2315978456014314
2024-08-12,5.48,5.54,5.4,5.53,17685099.0,97030299.0,255010517.0,0.06935046918084559,0.03000000000000025,0.5454545454545601,2.5454545454545396
2024-08-13,5.49,5.51,5.31,5.42,19257500.0,104147209.0,255010517.0,0.07551649330603882,-0.11000000000000032,-1.9891500904159143,3.616636528028936
2024-08-14,5.38,5.46,5.35,5.36,13622989.0,73803715.0,255010517.0,0.053421283013202155,-0.05999999999999961,-1.1070110701106972,2.029520295202958
2024-08-15,5.31,5.43,5.26,5.36,16864700.0,90523628.0,255010517.0,0.0661333508845049,0.0,0.0,3.1716417910447747
2024-08-16,5.37,5.43,5.24,5.24,14588076.0,77856368.0,255010517.0,0.05720578183055878,-0.1200000000000001,-2.23880597014926,3.544776119402976
2024-08-19,5.24,5.28,5.17,5.22,11226670.0,58823862.0,255010517.0,0.04402434116080005,-0.020000000000000462,-0.3816793893129833,2.09923664122138
2024-08-20,5.21,5.29,5.12,5.16,17197201.0,89649641.0,255010517.0,0.06743722259894089,-0.05999999999999961,-1.1494252873563093,3.256704980842911
2024-08-21,5.14,5.22,5.09,5.17,10292814.0,53318167.0,255010517.0,0.040362311802222654,0.009999999999999787,0.19379844961240345,2.519379844961238
2024-08-22,5.2,5.24,5.09,5.09,9037100.0,46753894.0,255010517.0,0.03543814626280688,-0.08000000000000007,-1.5473887814313358,2.9013539651837594
2024-08-23,5.05,5.11,5.02,5.04,7656900.0,38824130.0,255010517.0,0.030025820464494802,-0.04999999999999982,-0.9823182711198419,1.768172888015732
2024-08-26,5.06,5.1,4.98,5.06,7645800.0,38798720.0,255010517.0,0.02998229284794556,0.019999999999999574,0.3968253968253954,2.3809523809523654
2024-08-27,5.01,5.07,4.95,4.96,7937200.0,39757495.0,255010517.0,0.031124990817535576,-0.09999999999999964,-1.9762845849802257,2.371541501976287
2024-08-28,4.96,5.09,4.93,5.03,8147600.0,41053781.0,255010517.0,0.03195005482852301,0.07000000000000028,1.4112903225806495,3.2258064516129057
2024-08-29,5.02,5.09,5.01,5.08,7405300.0,37663967.0,255010517.0,0.02903919448937865,0.04999999999999982,0.994035785288272,1.5904572564612338
2024-08-30,5.05,5.29,5.04,5.18,17944730.0,93579382.0,255010517.0,0.07036858797474616,0.09999999999999964,1.9685039370078705,4.921259842519684
2024-09-02,5.15,5.19,5.03,5.05,10302500.0,52958479.0,255010517.0,0.040400294549420485,-0.1299999999999999,-2.5096525096525046,3.0888030888030915
2024-09-03,5.05,5.16,5.04,5.1,9480300.0,48472367.0,255010517.0,0.0371761137992595,0.04999999999999982,0.990099009900991,2.3762376237623783
2024-09-04,5.09,5.14,5.01,5.01,8442900.0,42864466.0,255010517.0,0.033108046285008706,-0.08999999999999986,-1.764705882352935,2.5490196078431353
2024-09-05,5.06,5.15,5.03,5.13,8107202.0,41572162.0,255010517.0,0.03179163783272515,0.1200000000000001,2.39520958083832,2.3952095808383254
2024-09-06,5.14,5.24,5.12,5.14,12206479.0,63541797.0,255010517.0,0.04786657093048441,0.009999999999999787,0.19493177387914784,2.3391812865497097
2024-09-09,5.11,5.17,5.02,5.17,7648890.0,39122892.0,255010517.0,0.029994409995255215,0.03000000000000025,0.5836575875486361,2.9182879377431976
2024-09-10,5.25,5.34,5.11,5.2,12565400.0,65463037.0,255010517.0,0.049274046215121395,0.03000000000000025,0.5802707930367523,4.448742746615078
2024-09-11,5.15,5.16,5.05,5.09,9631400.0,49097287.0,255010517.0,0.037768638381294684,-0.11000000000000032,-2.115384615384619,2.115384615384621
2024-09-12,5.12,5.28,5.06,5.15,10362700.0,53810474.0,255010517.0,0.040636363244579435,0.0600000000000005,1.1787819253438192,4.3222003929273205
2024-09-13,5.18,5.28,5.1,5.18,12094200.0,63044286.0,255010517.0,0.04742627928557158,0.02999999999999936,0.5825242718446422,3.4951456310679725
2024-09-18,5.18,5.33,5.15,5.33,13484252.0,70605252.0,255010517.0,0.05287723878462628,0.15000000000000036,2.895752895752901,3.4749034749034693
2024-09-19,5.34,5.54,5.26,5.43,23539359.0,127173005.0,255010517.0,0.09230740471774347,0.09999999999999964,1.8761726078799112,5.253283302063794
2024-09-20,5.36,5.44,5.27,5.4,18747742.0,100511157.0,255010517.0,0.0735175247693804,-0.02999999999999936,-0.5524861878452914,3.130755064456737
2024-09-23,5.35,5.38,5.27,5.34,12078524.0,64331727.0,255010517.0,0.047364807311064745,-0.0600000000000005,-1.1111111111111183,2.0370370370370425
2024-09-24,5.45,5.48,5.35,5.47,15216222.0,82416890.0,255010517.0,0.0596689978868597,0.1299999999999999,2.434456928838946,2.434456928838966
2024-09-25,5.46,5.73,5.45,5.56,23628524.0,132702309.0,255010517.0,0.09265705696365456,0.08999999999999986,1.645338208409508,5.118829981718469
2024-09-26,5.53,5.87,5.52,5.87,29255903.0,167551599.0,255010517.0,0.11472429978250662,0.3100000000000005,5.5755395683453335,6.294964028776988
2024-09-27,5.92,6.07,5.81,6.05,22765079.0,135104475.0,255010517.0,0.08927113778605453,0.17999999999999972,3.066439522998299,4.429301533219773
2024-09-30,6.4,6.55,6.01,6.49,51628625.0,324951364.0,255010517.0,0.20245684612293852,0.4400000000000004,7.272727272727275,8.925619834710744
2024-10-08,7.05,7.05,6.22,6.48,57232571.0,379439420.0,255010517.0,0.22443219861398891,-0.009999999999999787,-0.15408320493065508,12.788906009244993
2024-10-09,6.32,6.32,5.83,5.83,31364656.0,186879016.0,255010517.0,0.12299357833935924,-0.6500000000000004,-10.030864197530864,7.561728395061731
2024-10-10,5.71,5.99,5.71,5.83,21455606.0,125324749.0,255010517.0,0.08413616133329906,0.0,0.0,4.802744425385939
2024-10-11,5.83,5.94,5.72,5.77,17110055.0,99914848.0,255010517.0,0.06709548767355349,-0.0600000000000005,-1.0291595197255643,3.7735849056603885
2024-10-14,5.93,5.97,5.8,5.93,16955433.0,99853508.0,255010517.0,0.06648915189642943,0.16000000000000014,2.772963604852685,2.9462738301559783
2024-10-15,5.88,6.0,5.79,5.84,13270384.0,78165547.0,255010517.0,0.05203857533452238,-0.08999999999999986,-1.5177065767284947,3.541315345699831
2024-10-16,5.85,6.05,5.85,6.05,19599642.0,117264927.0,255010517.0,0.07685817130436232,0.20999999999999996,3.595890410958913,3.424657534246579
2024-10-17,6.06,6.09,5.78,5.8,17957800.0,106307560.0,255010517.0,0.07041984076288116,-0.25,-4.1322314049586755,5.123966942148754
2024-10-18,5.76,5.9,5.69,5.85,15937919.0,92764596.0,255010517.0,0.06249906547971902,0.04999999999999982,0.8620689655172376,3.6206896551724133
2024-10-21,5.83,5.96,5.81,5.9,15085005.0,88733344.0,255010517.0,0.05915444263814421,0.05000000000000071,0.8547008547008739,2.56410256410257
2024-10-22,5.89,5.99,5.88,5.96,11807074.0,70106056.0,255010517.0,0.04630034140905647,0.05999999999999961,1.0169491525423568,1.8644067796610222
2024-10-23,5.99,6.06,5.94,5.98,13809160.0,82814748.0,255010517.0,0.05415133525649846,0.020000000000000462,0.3355704697986628,2.013422818791933
2024-10-24,5.95,6.05,5.9,6.04,10051761.0,60372943.0,255010517.0,0.03941704490564207,0.05999999999999961,1.0033444816053505,2.508361204013369
2024-10-25,6.05,6.25,6.05,6.17,14396121.0,88718887.0,255010517.0,0.05645304816977411,0.1299999999999999,2.1523178807947074,3.3112582781456985
2024-10-28,6.18,6.57,6.18,6.54,24096264.0,154648202.0,255010517.0,0.09449125582534308,0.3700000000000001,5.996758508914102,6.320907617504061
2024-10-29,6.54,6.65,6.36,6.39,18051300.0,116464034.0,255010517.0,0.07078649230768784,-0.15000000000000036,-2.2935779816513846,4.434250764525995
2024-10-30,6.36,6.55,6.36,6.45,16999834.0,109773252.0,255010517.0,0.0666632662840333,0.0600000000000005,0.9389671361502483,2.9733959311424023
2024-10-31,6.55,6.73,6.5,6.65,21945411.0,145883796.0,255010517.0,0.08605688603815505,0.20000000000000018,3.100775193798455,3.5658914728682234
2024-11-01,6.56,6.68,6.3,6.36,16769988.0,108051162.0,255010517.0,0.06576194659453986,-0.29000000000000004,-4.360902255639099,5.714285714285713
2024-11-04,6.39,6.44,6.27,6.38,9550922.0,60748355.0,255010517.0,0.037453051397091985,0.019999999999999574,0.3144654088050203,2.67295597484278
2024-11-05,6.45,6.57,6.4,6.54,12188420.0,79369561.0,255010517.0,0.04779575424334362,0.16000000000000014,2.5078369905956244,2.664576802507836
2024-11-06,6.54,7.19,6.41,7.19,50029709.0,349507708.0,255010517.0,0.19618684589388916,0.6500000000000004,9.938837920489307,11.92660550458716
2024-11-07,7.53,7.91,7.35,7.91,31143256.0,241147587.0,255010517.0,0.12212537885251219,0.7199999999999998,10.01390820584145,7.788595271210021
2024-11-08,8.7,8.7,7.75,8.7,93067235.0,782410874.0,255010517.0,0.36495449715119005,0.7899999999999991,9.987357774968375,12.010113780025275
2024-11-11,8.46,9.35,8.46,9.04,69367903.0,625685329.0,255010517.0,0.2720197732080203,0.33999999999999986,3.9080459770114873,10.22988505747125
2024-11-12,8.88,9.04,8.14,8.14,53052248.0,445737890.0,255010517.0,0.20803945117290987,-0.8999999999999986,-9.955752212389369,9.955752212389365
2024-11-13,8.18,8.65,8.18,8.5,36908207.0,310924527.0,255010517.0,0.1447320974609059,0.35999999999999943,4.422604422604426,5.773955773955781
2024-11-14,8.53,9.15,8.31,8.76,45568280.0,402379759.0,255010517.0,0.17869176744581086,0.2599999999999998,3.0588235294117583,9.88235294117647
2024-11-15,8.73,8.91,8.38,8.4,25985051.0,225163459.0,255010517.0,0.10189795819283798,-0.35999999999999943,-4.109589041095885,6.050228310502276
2024-11-18,8.45,8.66,7.73,7.81,25245710.0,202575670.0,255010517.0,0.09899870129669985,-0.5900000000000007,-7.023809523809533,11.071428571428568
2024-11-19,7.78,8.13,7.49,8.11,19527465.0,153459634.0,255010517.0,0.07657513591880605,0.2999999999999998,3.8412291933418663,8.19462227912933
2024-11-20,8.08,8.53,7.95,8.43,14979500.0,123873075.0,255010517.0,0.058740714603547114,0.3200000000000003,3.9457459926017346,7.151664611590619
2024-11-21,8.33,8.53,8.12,8.28,15603160.0,129959161.0,255010517.0,0.06118633922851111,-0.15000000000000036,-1.7793594306049876,4.86358244365362
2024-11-22,8.27,9.11,8.2,8.89,47533485.0,420707780.0,255010517.0,0.18639813588550938,0.6100000000000012,7.367149758454117,10.990338164251211
2024-11-25,8.59,8.74,8.0,8.28,32629902.0,269492831.0,255010517.0,0.1279551227293108,-0.6100000000000012,-6.861642294713177,8.323959505061868
2024-11-26,8.24,8.69,8.12,8.19,18584801.0,155521378.0,255010517.0,0.07287856680828579,-0.08999999999999986,-1.0869565217391242,6.884057971014497
2024-11-27,8.08,8.55,7.79,8.5,19646900.0,161224451.0,255010517.0,0.077043489151469,0.3100000000000005,3.785103785103794,9.279609279609287
2024-11-28,8.5,9.09,8.5,8.7,27485951.0,241490558.0,255010517.0,0.10778359780353686,0.1999999999999993,2.35294117647058,6.941176470588234
2024-11-29,8.75,9.57,8.62,9.57,37243236.0,344702294.0,255010517.0,0.1460458824919758,0.870000000000001,10.000000000000009,10.91954022988507
2024-12-02,9.63,9.83,9.15,9.49,46491519.0,441041954.0,255010517.0,0.18231216322736996,-0.08000000000000007,-0.8359456635318674,7.1055381400208955
2024-12-03,9.4,9.78,9.05,9.67,37121051.0,351920492.0,255010517.0,0.14556674539034795,0.17999999999999972,1.8967334035827177,7.692307692307677
2024-12-04,9.45,9.66,9.05,9.15,19873876.0,185314100.0,255010517.0,0.07793355440316997,-0.5199999999999996,-5.377456049638052,6.3081695966907905
2024-12-05,9.22,9.94,9.18,9.88,24283750.0,234863385.0,255010517.0,0.09522646471870805,0.7300000000000004,7.978142076502737,8.306010928961745
2024-12-06,9.75,9.81,9.41,9.68,19237951.0,184979089.0,255010517.0,0.0754398337226225,-0.20000000000000107,-2.0242914979757165,4.048582995951421
2024-12-09,9.57,9.96,9.38,9.63,20921936.0,201335839.0,255010517.0,0.08204342411493562,-0.049999999999998934,-0.5165289256198191,5.991735537190084
2024-12-10,10.0,10.18,9.53,9.79,23990022.0,236527884.0,255010517.0,0.09407463771386339,0.15999999999999837,1.6614745586708057,6.74974039460021
2024-12-11,9.77,10.4,9.71,10.3,24236176.0,245871256.0,255010517.0,0.09503990770702214,0.5100000000000016,5.209397344228828,7.048008171603673
2024-12-12,10.15,10.16,9.83,10.1,19214956.0,192514591.0,255010517.0,0.07534966097104144,-0.20000000000000107,-1.9417475728155442,3.203883495145632
2024-12-13,10.01,10.5,9.84,9.86,24384533.0,248183962.0,255010517.0,0.09562167586994069,-0.2400000000000002,-2.3762376237623783,6.534653465346536
2024-12-16,9.86,9.9,9.06,9.29,21282367.0,200537508.0,255010517.0,0.08345682072398607,-0.5700000000000003,-5.780933062880322,8.519269776876266
2024-12-17,9.28,9.28,8.82,8.86,13636938.0,122476006.0,255010517.0,0.05347598271799904,-0.4299999999999997,-4.628632938643696,4.951560818083952
2024-12-18,8.86,9.04,8.51,8.96,9963812.0,87830135.0,255010517.0,0.03907216109051691,0.10000000000000142,1.1286681715575675,5.981941309255072
2024-12-19,9.1,9.31,8.9,9.03,11570393.0,105151862.0,255010517.0,0.04537221890342664,0.06999999999999851,0.7812499999999778,4.5758928571428585
2024-12-20,8.98,9.15,8.74,8.77,11542001.0,103190198.0,255010517.0,0.04526088231882609,-0.2599999999999998,-2.879291251384275,4.540420819490589
2024-12-23,8.76,8.76,8.28,8.33,13117600.0,111252420.0,255010517.0,0.051439447103273785,-0.4399999999999995,-5.017103762827812,5.4732041049030835
2024-12-24,8.3,8.39,8.12,8.35,6518260.0,53951265.0,255010517.0,0.02556074971605975,0.019999999999999574,0.24009603841537164,3.241296518607459
2024-12-25,8.33,8.33,7.82,7.96,12647910.0,100669729.0,255010517.0,0.049597601498137425,-0.3899999999999997,-4.670658682634732,6.1077844311377225
2024-12-26,8.0,8.76,8.0,8.76,10462170.0,89568512.0,255010517.0,0.041026425588557194,0.7999999999999998,10.050251256281406,9.547738693467334
2024-12-27,9.0,9.64,8.85,9.64,27602490.0,261406133.0,255010517.0,0.10824059464182804,0.8800000000000008,10.045662100456632,9.01826484018266
2024-12-30,9.6,9.7,9.13,9.24,31332751.0,294618954.0,255010517.0,0.12286846585233188,-0.40000000000000036,-4.149377593361003,5.9128630705394025
2024-12-31,9.27,9.36,8.86,9.02,20097631.0,182329539.0,255010517.0,0.07881098880325786,-0.22000000000000064,-2.3809523809523836,5.411255411255411
2025-01-02,9.03,9.6,9.0,9.14,23275400.0,216669051.0,255010517.0,0.0912723140747956,0.120000000000001,1.330376940133049,6.651884700665185
2025-01-03,9.28,9.33,8.43,8.44,17396600.0,151155803.0,255010517.0,0.06821914721266183,-0.7000000000000011,-7.658643326039394,9.846827133479215
2025-01-06,8.57,8.64,8.01,8.07,14342901.0,119227372.0,255010517.0,0.05624435089475153,-0.3699999999999992,-4.383886255924163,7.464454976303327
2025-01-07,8.03,8.76,8.03,8.58,16201800.0,137008588.0,255010517.0,0.06353385025292899,0.5099999999999998,6.31970260223047,9.045848822800501
2025-01-08,8.69,9.31,8.41,9.06,19882400.0,175272338.0,255010517.0,0.07796698047555427,0.4800000000000004,5.594405594405605,10.489510489510494
2025-01-09,9.08,9.22,8.87,9.05,10350100.0,94051053.0,255010517.0,0.0405869535176857,-0.009999999999999787,-0.11037527593819041,3.8631346578366603
2025-01-10,9.02,9.1,8.42,8.45,15312100.0,133494038.0,255010517.0,0.06004497453726585,-0.6000000000000014,-6.629834254143663,7.5138121546961285
2025-01-13,8.4,8.54,8.2,8.3,9107000.0,76068385.0,255010517.0,0.03571225260486022,-0.14999999999999858,-1.7751479289940697,4.023668639053253
2025-01-14,8.31,9.13,8.31,9.13,9842100.0,87379101.0,255010517.0,0.038594878814351016,0.8300000000000001,10.000000000000009,9.879518072289159
2025-01-15,9.2,9.42,9.05,9.11,16567717.0,152266008.0,255010517.0,0.06496875970021268,-0.02000000000000135,-0.21905805038336945,4.052573932091995
2025-01-16,9.1,9.45,8.91,9.18,12582200.0,114996497.0,255010517.0,0.04933992585097971,0.07000000000000028,0.7683863885839859,5.927552140504931
2025-01-17,9.1,9.42,8.9,9.19,16632165.0,153211040.0,255010517.0,0.06522148653186723,0.009999999999999787,0.10893246187364536,5.664488017429189
2025-01-20,9.29,9.6,9.2,9.46,16417501.0,154864764.0,255010517.0,0.06437970164187386,0.27000000000000135,2.9379760609358208,4.3525571273123
2025-01-21,9.49,9.65,9.2,9.39,12288100.0,115275771.0,255010517.0,0.048186640082769606,-0.07000000000000028,-0.7399577167019111,4.756871035940814
2025-01-22,9.26,9.65,9.09,9.15,11575801.0,108103877.0,255010517.0,0.04539342587192198,-0.2400000000000002,-2.5559105431309903,5.963791267305649
2025-01-23,9.2,9.25,8.74,8.74,18713700.0,166669504.0,255010517.0,0.07338403223581559,-0.41000000000000014,-4.480874316939887,5.573770491803276
2025-01-24,8.69,8.99,8.51,8.91,9320700.0,82175025.0,255010517.0,0.036550257258605535,0.16999999999999993,1.94508009153318,5.491990846681927
2025-01-27,8.85,9.15,8.6,8.61,11227314.0,100329755.0,255010517.0,0.04402686654684128,-0.3000000000000007,-3.367003367003374,6.172839506172847
2025-02-05,8.69,8.89,8.57,8.8,6788785.0,59476442.0,255010517.0,0.026621588316688916,0.19000000000000128,2.2067363530778206,3.716608594657379
2025-02-06,8.87,8.99,8.6,8.99,8234601.0,72794364.0,255010517.0,0.032291221149910454,0.1899999999999995,2.1590909090908994,4.431818181818188
2025-02-07,8.95,9.22,8.73,8.88,13023601.0,116878001.0,255010517.0,0.051070838776425834,-0.10999999999999943,-1.2235817575083408,5.4505005561735285
2025-02-10,8.91,9.23,8.91,9.19,14387402.0,131126965.0,255010517.0,0.056418857423045025,0.3099999999999987,3.490990990990972,3.6036036036036063
2025-02-11,9.2,9.38,8.83,8.95,11652593.0,104277500.0,255010517.0,0.04569455855030481,-0.2400000000000002,-2.611534276387384,5.984766050054415
2025-02-12,8.93,9.08,8.89,9.08,9114001.0,82014655.0,255010517.0,0.03573970637454141,0.13000000000000078,1.452513966480451,2.1229050279329553
2025-02-13,9.13,9.34,8.93,9.01,13798600.0,125583955.0,255010517.0,0.05410992519967323,-0.07000000000000028,-0.770925110132159,4.515418502202645
2025-02-14,9.01,9.02,8.57,8.64,13461080.0,118132905.0,255010517.0,0.052786371944024565,-0.3699999999999992,-4.1065482796892265,4.994450610432845
2025-02-17,8.55,8.68,8.36,8.51,12981301.0,109918205.0,255010517.0,0.05090496326471116,-0.13000000000000078,-1.504629629629639,3.703703703703707
2025-02-18,8.5,8.52,8.11,8.13,10679200.0,88313794.0,255010517.0,0.04187748852726729,-0.379999999999999,-4.465334900117501,4.817861339600472
2025-02-19,8.16,8.3,8.1,8.28,6753300.0,55580666.0,255010517.0,0.026482437192972712,0.14999999999999858,1.8450184501844769,2.4600246002460153
2025-02-20,8.28,8.46,8.1,8.36,7773785.0,64167295.0,255010517.0,0.030484174109572115,0.08000000000000007,0.9661835748792313,4.347826086956537
2025-02-21,8.29,8.42,8.0,8.11,10908063.0,88401705.0,255010517.0,0.04277495347378163,-0.25,-2.9904306220095656,5.0239234449760755
2025-02-24,8.11,8.52,7.98,8.07,16588400.0,136177177.0,255010517.0,0.06504986615904944,-0.03999999999999915,-0.4932182490752002,6.658446362515404
2025-02-25,7.98,8.14,7.82,8.02,9235566.0,74137431.0,255010517.0,0.03621641220389354,-0.05000000000000071,-0.619578686493194,3.965303593556385
2025-02-26,7.98,8.16,7.98,8.05,8175011.0,65750562.0,255010517.0,0.032057544512958266,0.030000000000001137,0.37406483790525247,2.244389027431418
2025-02-27,8.08,8.16,7.93,8.03,12359563.0,99386535.0,255010517.0,0.0484668755838019,-0.02000000000000135,-0.2484472049689601,2.857142857142862
2025-02-28,7.98,8.04,7.75,7.76,10596563.0,83169838.0,255010517.0,0.04155343522557542,-0.2699999999999996,-3.3623910336239016,3.61145703611456
2025-03-03,7.81,7.88,7.64,7.69,7893700.0,61282625.0,255010517.0,0.030954409617545302,-0.0699999999999994,-0.9020618556700999,3.092783505154642
2025-03-04,7.67,7.73,7.6,7.68,8586601.0,65751971.0,255010517.0,0.033671556377417956,-0.010000000000000675,-0.13003901170351995,1.6905071521456538
2025-03-05,7.69,7.7,7.34,7.49,13734064.0,102448873.0,255010517.0,0.0538568532842118,-0.1899999999999995,-2.473958333333326,4.687500000000004
2025-03-06,7.48,7.6,7.4,7.54,9485910.0,71348594.0,255010517.0,0.0371981128919479,0.04999999999999982,0.6675567423231055,2.67022696929238
2025-03-07,7.54,7.55,7.3,7.34,9537901.0,70509141.0,255010517.0,0.037401990757894896,-0.20000000000000018,-2.652519893899208,3.3156498673740056
2025-03-10,7.3,7.42,7.3,7.38,7079755.0,52067065.0,255010517.0,0.02776260008131351,0.040000000000000036,0.5449591280654031,1.6348773841961868
2025-03-11,7.31,7.45,7.25,7.43,7052920.0,51872440.0,255010517.0,0.027657369127250545,0.04999999999999982,0.6775067750677488,2.7100271002710055
2025-03-12,7.44,7.48,7.39,7.46,5968518.0,44418799.0,255010517.0,0.023404987646058535,0.03000000000000025,0.40376850605652326,1.2113055181695929
2025-03-13,7.41,7.45,7.19,7.29,8780400.0,63921074.0,255010517.0,0.03443152111251945,-0.16999999999999993,-2.278820375335122,3.4852546916890055
2025-03-14,7.32,7.49,7.27,7.47,8891200.0,65907119.0,255010517.0,0.034866012996632605,0.17999999999999972,2.4691358024691246,3.017832647462286
2025-03-17,7.56,7.69,7.46,7.57,10992200.0,83081129.0,255010517.0,0.04310488888581799,0.10000000000000053,1.3386880856760541,3.078982597054892
2025-03-18,7.62,7.7,7.5,7.66,11618702.0,88169617.0,255010517.0,0.04556165814918135,0.08999999999999986,1.1889035667107084,2.6420079260237803
2025-03-19,7.65,8.43,7.64,8.43,41686006.0,339089365.0,255010517.0,0.16346779140877551,0.7699999999999996,10.052219321148815,10.313315926892951
2025-03-20,8.4,8.57,8.23,8.52,32642607.0,273454117.0,255010517.0,0.12800494420392866,0.08999999999999986,1.067615658362997,4.033214709371292
2025-03-21,8.48,8.59,8.24,8.35,15868609.0,133023960.0,255010517.0,0.062227272767734515,-0.16999999999999993,-1.9953051643192499,4.1079812206572734
2025-03-24,8.34,8.48,7.63,7.78,16814900.0,134269462.0,255010517.0,0.06593806482106775,-0.5699999999999994,-6.826347305389213,10.179640718562881
2025-03-25,7.77,8.33,7.65,8.13,19383200.0,156128237.0,255010517.0,0.07600941415290727,0.35000000000000053,4.498714652956304,8.740359897172233
2025-03-26,8.09,8.11,7.92,7.99,9405100.0,75219238.0,255010517.0,0.036881224000655626,-0.14000000000000057,-1.7220172201722117,2.337023370233696
2025-03-27,7.99,8.17,7.75,8.05,8759100.0,69884968.0,255010517.0,0.03434799514562766,0.0600000000000005,0.7509386733416834,5.2565707133917385
2025-03-28,8.06,8.1,7.88,7.92,5675185.0,45162789.0,255010517.0,0.022254709596937917,-0.13000000000000078,-1.6149068322981464,2.732919254658382
2025-03-31,7.94,7.97,7.76,7.95,6178200.0,48643949.0,255010517.0,0.024227236086894408,0.03000000000000025,0.37878787878788955,2.6515151515151514
2025-04-01,7.93,8.17,7.85,7.94,7758500.0,61962231.0,255010517.0,0.030424235405161742,-0.009999999999999787,-0.12578616352201255,4.025157232704406
2025-04-02,7.93,8.2,7.88,7.89,7618561.0,61019986.0,255010517.0,0.02987547764549648,-0.05000000000000071,-0.6297229219143663,4.030226700251881
2025-04-03,7.8,7.94,7.73,7.93,6205000.0,48748883.0,255010517.0,0.024332329791716,0.040000000000000036,0.5069708491761693,2.6615969581749046
2025-04-07,7.5,7.55,7.14,7.14,6851200.0,49331967.0,255010517.0,0.026866342928123236,-0.79,-9.962168978562424,5.170239596469107
2025-04-08,6.81,7.2,6.43,7.2,28881638.0,191620922.0,255010517.0,0.11325665443045237,0.0600000000000005,0.8403361344537785,10.784313725490204
2025-04-09,6.91,7.15,6.49,7.02,16110451.0,110109641.0,255010517.0,0.0631756336543563,-0.1800000000000006,-2.5000000000000133,9.16666666666667
2025-04-10,6.96,7.37,6.96,7.23,14305111.0,103618704.0,255010517.0,0.05609616092813929,0.21000000000000085,2.991452991453003,5.840455840455843
2025-04-11,7.23,7.65,7.16,7.46,13757320.0,102994369.0,255010517.0,0.053948049522992814,0.22999999999999954,3.181189488243419,6.7773167358229625
2025-04-14,7.5,7.63,7.41,7.52,9942212.0,74761761.0,255010517.0,0.03898745870155622,0.05999999999999961,0.8042895442359255,2.949061662198388
2025-04-15,7.63,7.68,7.4,7.52,6981400.0,52657430.0,255010517.0,0.027376910106025158,0.0,0.0,3.7234042553191404
2025-04-16,7.49,7.58,7.26,7.35,7252000.0,53738368.0,255010517.0,0.028438042812171545,-0.16999999999999993,-2.2606382978723416,4.255319148936175
2025-04-17,7.34,7.58,7.27,7.35,6212100.0,46410500.0,255010517.0,0.02436017178067993,0.0,0.0,4.217687074829938
2025-04-18,7.33,7.42,7.15,7.36,7901650.0,57442997.0,255010517.0,0.03098558480237111,0.010000000000000675,0.13605442176871652,3.6734693877550963
2025-04-21,7.37,7.57,7.25,7.55,6660600.0,49705139.0,255010517.0,0.026118922773683096,0.1899999999999995,2.5815217391304213,4.347826086956525
2025-04-22,7.54,7.65,7.44,7.59,7693600.0,57980993.0,255010517.0,0.030169736097590046,0.040000000000000036,0.5298013245033095,2.7814569536423837
2025-04-23,7.57,7.64,7.43,7.52,8909700.0,67072275.0,255010517.0,0.03493855902421467,-0.07000000000000028,-0.9222661396574461,2.7667984189723316
2025-04-24,7.53,7.59,7.35,7.44,6691402.0,49908201.0,255010517.0,0.026239709948903792,-0.07999999999999918,-1.0638297872340274,3.1914893617021307
2025-04-25,7.44,7.62,7.38,7.41,8202400.0,61446997.0,255010517.0,0.0321649479264418,-0.03000000000000025,-0.40322580645161255,3.2258064516129057
2025-04-28,7.38,7.44,6.91,6.99,13382900.0,94770551.0,255010517.0,0.05247979635286963,-0.41999999999999993,-5.668016194331981,7.152496626180841
2025-04-29,6.78,7.03,6.78,6.96,10294000.0,71766287.0,255010517.0,0.0403669625908017,-0.03000000000000025,-0.42918454935623185,3.5765379113018594
2025-04-30,7.01,7.15,6.88,6.9,8697315.0,60885625.0,255010517.0,0.034105711020538027,-0.05999999999999961,-0.8620689655172376,3.8793103448275925
2025-05-06,6.9,7.13,6.9,7.1,7306465.0,51697474.0,255010517.0,0.028651622238780056,0.1999999999999993,2.898550724637672,3.3333333333333264
2025-05-07,7.2,7.5,7.07,7.14,8325400.0,60001240.0,255010517.0,0.032647280974690156,0.040000000000000036,0.5633802816901401,6.0563380281690105
2025-05-08,7.13,7.28,7.08,7.2,8341750.0,60034742.0,255010517.0,0.032711395977445115,0.0600000000000005,0.8403361344537785,2.801120448179274
2025-05-09,7.2,7.2,6.91,6.95,9809900.0,68635891.0,255010517.0,0.038468609512289254,-0.25,-3.472222222222221,4.027777777777778
2025-05-12,7.03,7.13,6.85,6.89,10409114.0,72423635.0,255010517.0,0.040818371424265615,-0.0600000000000005,-0.8633093525179936,4.02877697841727
2025-05-13,6.97,7.05,6.68,6.71,11318600.0,76843558.0,255010517.0,0.04438483609677949,-0.17999999999999972,-2.61248185776487,5.370101596516692
2025-05-14,6.72,6.81,6.65,6.76,7588601.0,51108726.0,255010517.0,0.02975799229488249,0.04999999999999982,0.7451564828613977,2.3845007451564717
2025-05-15,6.76,6.77,6.64,6.73,6263915.0,42031355.0,255010517.0,0.024563359479013173,-0.02999999999999936,-0.4437869822485063,1.9230769230769214
2025-05-16,6.73,6.77,6.67,6.72,5815500.0,39101071.0,255010517.0,0.0228049418055962,-0.010000000000000675,-0.14858841010402246,1.4858841010401134
2025-05-19,6.79,7.12,6.75,6.94,15365605.0,106495957.0,255010517.0,0.060254789413253886,0.22000000000000064,3.2738095238095344,5.505952380952383
2025-05-20,6.93,7.05,6.88,7.05,7481119.0,52199428.0,255010517.0,0.02933651163885135,0.10999999999999943,1.5850144092218965,2.4495677233429385
2025-05-21,7.04,7.08,6.91,7.05,6972700.0,48681581.0,255010517.0,0.0273427938660271,0.0,0.0,2.4113475177304955
2025-05-22,7.02,7.14,6.88,6.91,8286100.0,57964380.0,255010517.0,0.03249316968366446,-0.13999999999999968,-1.9858156028368712,3.6879432624113444
2025-05-23,6.95,6.99,6.7,6.7,9883900.0,67699945.0,255010517.0,0.038758793622617534,-0.20999999999999996,-3.039073806078152,4.196816208393632
2025-05-26,6.7,6.88,6.7,6.81,6540402.0,44467066.0,255010517.0,0.025647577507558247,0.10999999999999943,1.6417910447761086,2.6865671641791002
2025-05-27,6.78,6.91,6.75,6.89,5913200.0,40461665.0,255010517.0,0.023188063259367456,0.08000000000000007,1.1747430249632984,2.349486049926581
2025-05-28,6.9,6.93,6.79,6.81,4442900.0,30403087.0,255010517.0,0.017422418699696216,-0.08000000000000007,-1.1611030478955064,2.0319303338171215
2025-05-29,6.8,7.02,6.75,6.92,7128000.0,49453926.0,255010517.0,0.027951788357026858,0.11000000000000032,1.6152716593245353,3.9647577092510953
2025-05-30,6.93,7.01,6.87,6.94,6088200.0,42205174.0,255010517.0,0.023874309466224878,0.020000000000000462,0.28901734104047616,2.0231213872832323
2025-06-03,6.92,6.99,6.88,6.91,6287300.0,43577192.0,255010517.0,0.024655061579283807,-0.03000000000000025,-0.4322766570605263,1.5850144092219065
2025-06-04,6.91,7.04,6.87,6.97,7244000.0,50437858.0,255010517.0,0.028406671557000922,0.05999999999999961,0.868306801736618,2.460202604920404
2025-06-05,6.96,7.0,6.89,6.98,6283966.0,43580634.0,255010517.0,0.02464198760869145,0.010000000000000675,0.1434720229555264,1.5781922525107652
2025-06-06,6.98,7.55,6.97,7.25,23230240.0,169082279.0,255010517.0,0.0910952233393574,0.2699999999999996,3.86819484240688,8.30945558739255
2025-06-09,7.25,7.25,7.11,7.21,9217302.0,66174284.0,255010517.0,0.036144791628339,-0.040000000000000036,-0.5517241379310311,1.9310344827586163
2025-06-10,7.18,7.37,7.15,7.19,14381000.0,104047604.0,255010517.0,0.05639375257609473,-0.019999999999999574,-0.2773925104022079,3.051317614424407
2025-06-11,7.19,7.41,7.18,7.27,11402894.0,83227859.0,255010517.0,0.04471538716969858,0.07999999999999918,1.112656467315709,3.19888734353269
2025-06-12,7.25,7.36,7.2,7.3,8418880.0,61321043.0,255010517.0,0.03301385409135891,0.03000000000000025,0.4126547455295837,2.2008253094910613
2025-06-13,7.28,7.29,7.04,7.08,7727626.0,55090871.0,255010517.0,0.030303165888644505,-0.21999999999999975,-3.013698630136985,3.4246575342465753
2025-06-16,7.13,7.22,7.05,7.18,4825200.0,34494852.0,255010517.0,0.018921572556162457,0.09999999999999964,1.412429378531077,2.401129943502824
2025-06-17,7.21,7.24,7.1,7.16,4588629.0,32805475.0,255010517.0,0.017993881405291217,-0.019999999999999574,-0.278551532033422,1.9498607242339914
2025-06-18,7.15,7.15,6.98,7.03,4738901.0,33352758.0,255010517.0,0.018583159062416237,-0.1299999999999999,-1.8156424581005526,2.3743016759776525
2025-06-19,7.05,7.05,6.81,6.86,5287720.0,36515199.0,255010517.0,0.020735301673852142,-0.16999999999999993,-2.4182076813655695,3.4139402560455223
2025-06-20,6.88,6.94,6.82,6.82,4499820.0,30957091.0,255010517.0,0.017645625180235214,-0.040000000000000036,-0.5830903790087438,1.7492711370262406
2025-06-23,6.82,6.98,6.74,6.98,5113000.0,35242607.0,255010517.0,0.02005015346092569,0.16000000000000014,2.346041055718473,3.5190615835777157
2025-06-24,6.96,7.15,6.96,7.12,5776230.0,41048690.0,255010517.0,0.022650948156777394,0.13999999999999968,2.005730659025784,2.722063037249289
2025-06-25,7.1,7.2,7.08,7.18,6715130.0,47972055.0,255010517.0,0.026332757091739867,0.05999999999999961,0.8426966292134797,1.6853932584269677
2025-06-26,7.18,7.21,7.12,7.16,3761000.0,26991563.0,255010517.0,0.01474841133709007,-0.019999999999999574,-0.278551532033422,1.253481894150416
2025-06-27,7.17,7.3,7.16,7.2,5581600.0,40308019.0,255010517.0,0.02188772473254505,0.040000000000000036,0.5586592178770999,1.955307262569828
2025-06-30,7.2,7.24,7.17,7.2,4689507.0,33774948.0,255010517.0,0.018389465090179007,0.0,0.0,0.9722222222222262
2025-07-01,7.22,7.28,7.18,7.2,7075319.0,51120917.0,255010517.0,0.0277452047203214,0.0,0.0,1.3888888888888962
2025-07-02,7.22,7.34,7.17,7.26,6765571.0,49040830.0,255010517.0,0.026530556776997553,0.05999999999999961,0.8333333333333304,2.36111111111111
2025-07-03,7.25,7.52,7.24,7.33,10982002.0,81153599.0,255010517.0,0.04306489837828924,0.07000000000000028,0.9641873278236845,3.856749311294757
2025-07-04,7.36,7.39,7.25,7.27,7078800.0,51699005.0,255010517.0,0.027758855137727516,-0.0600000000000005,-0.8185538881309795,1.9099590723055888
2025-07-07,7.28,7.47,7.23,7.43,9337700.0,69037570.0,255010517.0,0.036616921175843115,0.16000000000000014,2.2008253094910613,3.3012379642365794
2025-07-08,7.44,7.47,7.36,7.46,6081430.0,45080289.0,255010517.0,0.023847761541536738,0.03000000000000025,0.40376850605652326,1.4804845222072602
2025-07-09,7.46,7.54,7.43,7.52,7350158.0,54999909.0,255010517.0,0.02882296027030132,0.05999999999999961,0.8042895442359255,1.4745308310992
2025-07-10,7.48,7.69,7.45,7.59,10644299.0,80777913.0,255010517.0,0.04174062750517854,0.07000000000000028,0.9308510638297962,3.1914893617021307
2025-07-11,7.58,7.86,7.53,7.8,14092430.0,108833037.0,255010517.0,0.05526215218802133,0.20999999999999996,2.7667984189723382,4.347826086956523
2025-07-14,7.8,7.83,7.57,7.72,14663201.0,112660402.0,255010517.0,0.057500377523645424,-0.08000000000000007,-1.025641025641022,3.3333333333333304
2025-07-15,7.67,7.69,7.38,7.45,11008264.0,82373642.0,255010517.0,0.04316788236620061,-0.2699999999999996,-3.4974093264248607,4.0155440414507835
2025-07-16,7.49,7.65,7.44,7.57,7675601.0,58154043.0,255010517.0,0.030099154694863035,0.1200000000000001,1.6107382550335503,2.8187919463087243
2025-07-17,7.57,7.83,7.55,7.69,8482800.0,65356109.0,255010517.0,0.0332645104201722,0.1200000000000001,1.5852047556142779,3.6988110964332925
2025-07-18,7.7,7.71,7.51,7.62,8130700.0,61613604.0,255010517.0,0.03188378305197507,-0.07000000000000028,-0.9102730819245841,2.6007802340702235
2025-07-21,7.65,7.75,7.64,7.73,7103200.0,54786990.0,255010517.0,0.027854537465997923,0.11000000000000032,1.4435695538057791,1.4435695538057784
2025-07-22,7.75,8.0,7.66,7.8,9697800.0,75648775.0,255010517.0,0.03802901979921087,0.0699999999999994,0.9055627425614388,4.398447606727036
2025-07-23,7.79,7.79,7.6,7.6,9484101.0,72850645.0,255010517.0,0.037191019066872444,-0.20000000000000018,-2.564102564102566,2.435897435897441
2025-07-24,7.64,7.74,7.55,7.59,9556001.0,73035085.0,255010517.0,0.037472968222718436,-0.009999999999999787,-0.1315789473684159,2.5000000000000053
2025-07-25,7.6,7.65,7.54,7.61,6849495.0,52005353.0,255010517.0,0.026859656929364997,0.020000000000000462,0.26350461133071157,1.4492753623188448
2025-07-28,7.58,7.98,7.51,7.93,18471757.0,144056349.0,255010517.0,0.07243527528709727,0.3199999999999994,4.2049934296977565,6.176084099868602
2025-07-29,7.95,8.19,7.78,7.85,15495604.0,123262064.0,255010517.0,0.06076456838836965,-0.08000000000000007,-1.0088272383354413,5.170239596469096
2025-07-30,7.83,8.27,7.79,8.13,17764231.0,143310016.0,255010517.0,0.06966077795136583,0.28000000000000114,3.566878980891741,6.114649681528657
2025-07-31,8.05,8.1,7.84,7.9,12267700.0,97630192.0,255010517.0,0.048106643382084514,-0.23000000000000043,-2.829028290282909,3.1980319803198003
2025-08-01,7.91,7.98,7.68,7.74,10785401.0,83936692.0,255010517.0,0.04229394586106423,-0.16000000000000014,-2.0253164556962022,3.797468354430389
2025-08-04,7.7,8.0,7.64,7.97,12107100.0,95460352.0,255010517.0,0.047476865434534214,0.22999999999999954,2.9715762273901714,4.651162790697678
2025-08-05,8.0,8.47,7.94,8.39,20579753.0,171443479.0,255010517.0,0.08070158533892938,0.4200000000000008,5.269761606022594,6.649937264742789
2025-08-06,8.42,8.51,8.3,8.37,11017094.0,92600767.0,255010517.0,0.04320250838909519,-0.02000000000000135,-0.23837902264601807,2.502979737783064
2025-08-07,8.4,8.43,8.22,8.3,9446907.0,78554850.0,255010517.0,0.03704516625877042,-0.06999999999999851,-0.8363201911588791,2.508960573476692
2025-08-08,8.3,8.92,8.29,8.89,25588147.0,223312241.0,255010517.0,0.10034153611005776,0.5899999999999999,7.1084337349397675,7.590361445783142
2025-08-11,8.82,8.85,8.48,8.63,16851051.0,145031968.0,255010517.0,0.06607982760177691,-0.2599999999999998,-2.924634420697414,4.161979752530924
2025-08-12,8.63,8.91,8.6,8.83,11757200.0,102780197.0,255010517.0,0.046104765161509006,0.1999999999999993,2.3174971031286073,3.5921205098493685
2025-08-13,8.83,8.92,8.72,8.78,8354549.0,73383342.0,255010517.0,0.032761586064311225,-0.05000000000000071,-0.5662514156285492,2.2650056625141484
2025-08-14,8.8,8.85,8.5,8.52,9475000.0,81882592.0,255010517.0,0.037155330342708966,-0.2599999999999998,-2.9612756264236872,3.986332574031887
2025-08-15,8.53,8.89,8.52,8.8,9689201.0,83966250.0,255010517.0,0.03799529962130934,0.28000000000000114,3.2863849765258246,4.3427230046948475
2025-08-18,8.8,9.21,8.78,8.8,15908535.0,143255592.0,255010517.0,0.06238383885947731,0.0,0.0,4.886363636363654
2025-08-19,8.91,9.0,8.75,8.99,10829700.0,96524134.0,255010517.0,0.04246766026516467,0.1899999999999995,2.1590909090908994,2.840909090909091
2025-08-20,8.99,9.04,8.78,8.84,8309100.0,73630807.0,255010517.0,0.032583362042280004,-0.15000000000000036,-1.6685205784204737,2.8921023359288074
2025-08-21,8.83,9.2,8.53,8.6,17656400.0,155070253.0,255010517.0,0.06923792872432787,-0.2400000000000002,-2.714932126696834,7.579185520361991
2025-08-22,8.65,9.0,8.5,8.85,18918110.0,166376523.0,255010517.0,0.07418560701949402,0.25,2.9069767441860517,5.813953488372093
2025-08-25,8.86,9.08,8.62,8.77,18830022.0,165572449.0,255010517.0,0.07384017812881027,-0.08000000000000007,-0.9039548022598876,5.19774011299436
2025-08-26,8.69,9.1,8.65,8.9,17300910.0,154194486.0,255010517.0,0.06784390778675219,0.13000000000000078,1.4823261117445918,5.131128848346629
2025-08-27,8.89,9.25,8.82,8.82,13679726.0,122924502.0,255010517.0,0.053643771876279125,-0.08000000000000007,-0.8988764044943864,4.8314606741573
2025-08-28,8.82,9.09,8.56,8.87,15436379.0,136524072.0,255010517.0,0.06053232306493461,0.049999999999998934,0.5668934240362633,6.009070294784573
2025-08-29,8.92,9.06,8.71,8.73,12017701.0,106099261.0,255010517.0,0.04712629557940938,-0.1399999999999988,-1.5783540022547782,3.9458850056369745
2025-09-01,8.9,9.55,8.88,9.07,22750689.0,209961372.0,255010517.0,0.08921470874081637,0.33999999999999986,3.8946162657502947,7.6746849942726225
2025-09-02,9.08,9.09,8.68,8.86,15158889.0,134321088.0,255010517.0,0.059444171865272524,-0.21000000000000085,-2.3153252480705766,4.52039691289967
2025-09-03,8.98,8.99,8.36,8.39,11967419.0,103141647.0,255010517.0,0.046929119397848204,-0.46999999999999886,-5.30474040632053,7.11060948081265
2025-09-04,8.47,8.62,8.17,8.33,11534358.0,97520744.0,255010517.0,0.04523091100591745,-0.0600000000000005,-0.715137067938032,5.363528009535152
2025-09-05,8.37,8.82,8.3,8.8,11890585.0,102241019.0,255010517.0,0.046627822020375735,0.47000000000000064,5.6422569027611225,6.242496998799515
2025-09-08,8.8,8.8,8.53,8.63,10572500.0,91376186.0,255010517.0,0.04145907441142908,-0.16999999999999993,-1.931818181818179,3.0681818181818334
2025-09-09,8.6,8.71,8.4,8.49,9812030.0,83772025.0,255010517.0,0.038476962108978434,-0.14000000000000057,-1.6222479721900385,3.5921205098493685
2025-09-10,8.48,8.67,8.45,8.51,6729152.0,57498581.0,255010517.0,0.02638774305924018,0.019999999999999574,0.2355712603062443,2.5912838633686763
2025-09-11,8.46,8.54,8.32,8.5,8265500.0,69744806.0,255010517.0,0.0324123887016001,-0.009999999999999787,-0.1175088131609825,2.5851938895417024
2025-09-12,8.5,8.78,8.46,8.54,9716753.0,83553716.0,255010517.0,0.03810334222411697,0.03999999999999915,0.47058823529411153,3.7647058823529234
2025-09-15,8.5,8.52,8.23,8.41,9451678.0,78898110.0,255010517.0,0.0370638752910728,-0.129999999999999,-1.5222482435597096,3.3957845433255174
2025-09-16,8.4,8.98,8.38,8.83,22967565.0,201948889.0,255010517.0,0.09006516778286443,0.41999999999999993,4.994054696789529,7.134363852556476
2025-09-17,8.83,8.87,8.53,8.56,11971300.0,103281428.0,255010517.0,0.04694433837801286,-0.2699999999999996,-3.05775764439411,3.850509626274064
2025-09-18,8.58,8.58,8.14,8.19,16355618.0,136444711.0,255010517.0,0.06413703321890837,-0.370000000000001,-4.3224299065420695,5.140186915887844
2025-09-19,8.2,8.31,8.05,8.26,10127501.0,82822725.0,255010517.0,0.03971405226396996,0.07000000000000028,0.8547008547008517,3.174603174603172
2025-09-22,8.2,8.2,7.94,8.02,7499600.0,60244355.0,255010517.0,0.02940898315970239,-0.2400000000000002,-2.9055690072639306,3.1476997578692365
2025-09-23,8.02,8.02,7.59,7.86,9698891.0,75176277.0,255010517.0,0.038033298054134766,-0.15999999999999925,-1.995012468827917,5.3615960099750595
2025-09-24,7.86,8.04,7.76,7.96,6524129.0,51881216.0,255010517.0,0.0255837644531343,0.09999999999999964,1.2722646310432628,3.562340966921111
2025-09-25,7.93,8.04,7.75,7.75,5825429.0,45770494.0,255010517.0,0.02284387745466984,-0.20999999999999996,-2.638190954773867,3.6432160804019995
2025-09-26,7.77,8.03,7.68,7.81,7632838.0,60151363.0,255010517.0,0.029931463571755357,0.05999999999999961,0.774193548387081,4.5161290322580605
2025-09-29,7.8,8.11,7.72,8.02,8134500.0,64778282.0,255010517.0,0.03189868439818112,0.20999999999999996,2.688860435339313,4.993597951344427
2025-09-30,8.04,8.28,7.98,8.09,8169758.0,66250516.0,255010517.0,0.03203694536253185,0.07000000000000028,0.8728179551122262,3.740648379052356
2025-10-09,8.01,8.15,7.72,7.76,9073600.0,71251296.0,255010517.0,0.03558127761452286,-0.33000000000000007,-4.0791100123609425,5.315203955500626
2025-10-10,7.78,8.25,7.75,8.1,13578900.0,109065190.0,255010517.0,0.053248392104549944,0.33999999999999986,4.381443298969079,6.443298969072166
2025-10-13,7.86,7.95,7.7,7.9,8371900.0,65803630.0,255010517.0,0.03282962639536941,-0.1999999999999993,-2.4691358024691246,3.08641975308642
2025-10-14,7.93,8.06,7.69,7.72,8325147.0,65517005.0,255010517.0,0.03264628885874538,-0.1800000000000006,-2.27848101265824,4.683544303797469
2025-10-15,7.75,8.03,7.72,8.02,9386559.0,73968767.0,255010517.0,0.03680851719539081,0.2999999999999998,3.886010362694292,4.015544041450772
2025-10-16,7.96,8.04,7.77,7.9,7029600.0,55555405.0,255010517.0,0.02756592191842817,-0.11999999999999922,-1.4962593516209433,3.366583541147127
2025-10-17,7.89,8.08,7.8,8.02,12151100.0,96750413.0,255010517.0,0.047649407337972655,0.11999999999999922,1.5189873417721378,3.5443037974683573
2025-10-20,7.95,8.11,7.93,8.01,8884838.0,71134088.0,255010517.0,0.03484106500595817,-0.009999999999999787,-0.12468827930174342,2.244389027431418
2025-10-21,7.99,8.36,7.98,8.34,12536212.0,103194154.0,255010517.0,0.04915958819063137,0.33000000000000007,4.119850187265928,4.744069912609226
2025-10-22,8.32,8.41,8.26,8.33,8294551.0,69206006.0,255010517.0,0.032526309493345326,-0.009999999999999787,-0.11990407673860837,1.798561151079141
2025-10-23,8.38,8.62,8.3,8.62,13690304.0,115708145.0,255010517.0,0.05368525251842848,0.28999999999999915,3.4813925570228,3.8415366146458405
2025-10-24,8.61,8.61,8.39,8.56,13804378.0,117153092.0,255010517.0,0.05413258308872022,-0.05999999999999872,-0.6960556844547439,2.5522041763340937
2025-10-27,8.59,8.64,8.3,8.34,8710550.0,73273413.0,255010517.0,0.03415761084081093,-0.22000000000000064,-2.570093457943934,3.9719626168224282
2025-10-28,8.31,8.6,8.29,8.39,9190538.0,77835048.0,255010517.0,0.03603983909416567,0.05000000000000071,0.599520383693064,3.7170263788968887
2025-10-29,8.38,8.4,8.21,8.33,5953759.0,49401092.0,255010517.0,0.02334711160167563,-0.0600000000000005,-0.715137067938032,2.264600715137062
2025-10-30,8.27,8.52,8.23,8.46,9543613.0,80401570.0,255010517.0,0.037424389834086726,0.13000000000000078,1.5606242496998934,3.4813925570227986
2025-10-31,8.48,8.57,8.36,8.39,5630610.0,47560056.0,255010517.0,0.022079912884534092,-0.07000000000000028,-0.8274231678487065,2.4822695035461093
2025-11-03,8.38,8.57,8.35,8.49,8700110.0,73738906.0,255010517.0,0.034116671352813266,0.09999999999999964,1.1918951132300348,2.622169249106086
2025-11-04,8.5,8.53,8.37,8.53,5956201.0,50366037.0,255010517.0,0.02335668767731646,0.03999999999999915,0.4711425206124664,1.8845700824499427
2025-11-05,8.45,8.63,8.42,8.47,7665702.0,65137753.0,255010517.0,0.030060336687996285,-0.05999999999999872,-0.7033997655333968,2.4618991793669505
2025-11-06,8.45,8.53,8.28,8.36,7881030.0,65774045.0,255010517.0,0.030904725392168826,-0.11000000000000121,-1.2987012987013102,2.9515938606847696
2025-11-07,8.32,8.42,8.28,8.33,5599032.0,46630778.0,255010517.0,0.021956082697561843,-0.02999999999999936,-0.3588516746411363,1.6746411483253658
2025-11-10,8.3,8.36,8.24,8.32,3919000.0,32523885.0,255010517.0,0.015367993626709913,-0.009999999999999787,-0.12004801920768582,1.4405762304921874
2025-11-11,8.3,8.48,8.28,8.45,5423837.0,45541283.0,255010517.0,0.021269071816359637,0.129999999999999,1.5624999999999778,2.4038461538461666
2025-11-12,8.4,8.52,8.31,8.36,3867954.0,32412643.0,255010517.0,0.015167821490279948,-0.08999999999999986,-1.0650887573964485,2.485207100591705
2025-11-13,8.35,8.53,8.23,8.44,4875708.0,40896530.0,255010517.0,0.019119634975682198,0.08000000000000007,0.9569377990430672,3.5885167464114707
2025-11-14,8.44,8.76,8.4,8.65,11764000.0,101489464.0,255010517.0,0.04613143072840404,0.21000000000000085,2.48815165876779,4.265402843601889
2025-11-17,8.62,8.82,8.53,8.73,8534776.0,73967143.0,255010517.0,0.03346832946501575,0.08000000000000007,0.9248554913294793,3.352601156069375
2025-11-18,8.75,8.75,8.46,8.54,6781700.0,58058913.0,255010517.0,0.02659380514882843,-0.19000000000000128,-2.176403207331057,3.321878579610529
2025-11-19,8.48,8.6,8.23,8.25,7834600.0,65272872.0,255010517.0,0.03072265446997231,-0.28999999999999915,-3.3957845433255196,4.332552693208423
2025-11-20,8.25,8.37,8.1,8.21,6917800.0,56935008.0,255010517.0,0.027127508627418688,-0.03999999999999915,-0.48484848484847687,3.2727272727272676
2025-11-21,8.15,8.34,7.88,7.93,8255700.0,66478018.0,255010517.0,0.032373958914016086,-0.28000000000000114,-3.410475030450688,5.602923264311814
2025-11-24,8.0,8.09,7.86,8.02,6450900.0,51582094.0,255010517.0,0.025296603747523086,0.08999999999999986,1.134930643127352,2.90037831021437
2025-11-25,8.06,8.14,8.0,8.01,4700794.0,37972679.0,255010517.0,0.018433726009817863,-0.009999999999999787,-0.12468827930174342,1.745635910224446
2025-11-26,8.03,8.26,8.01,8.05,6513400.0,52800389.0,255010517.0,0.025541691678543595,0.040000000000000924,0.4993757802746579,3.1210986267166043
2025-11-27,8.01,8.17,7.91,8.08,5278772.0,42572710.0,255010517.0,0.020700212924943798,0.02999999999999936,0.3726708074534013,3.2298136645962705
2025-11-28,8.05,8.18,7.97,8.18,3872101.0,31329235.0,255010517.0,0.01518408356467902,0.09999999999999964,1.2376237623762387,2.5990099009900987
2025-12-01,8.28,8.28,7.99,8.02,6965201.0,56565307.0,255010517.0,0.02731338723571154,-0.16000000000000014,-1.9559902200488977,3.5452322738386206
2025-12-02,8.03,8.04,7.88,7.95,5337108.0,42417157.0,255010517.0,0.020928972117647996,-0.0699999999999994,-0.872817955112215,1.9950124688279212
2025-12-03,7.94,7.96,7.7,7.82,11670453.0,91353481.0,255010517.0,0.04576459487747323,-0.1299999999999999,-1.6352201257861632,3.270440251572324
2025-12-04,7.83,7.83,7.61,7.62,6494050.0,50011518.0,255010517.0,0.025465812455099646,-0.20000000000000018,-2.5575447570332477,2.81329923273657
2025-12-05,7.62,7.82,7.56,7.8,5719232.0,44133745.0,255010517.0,0.022427435806500483,0.17999999999999972,2.3622047244094446,3.412073490813657
2025-12-08,7.85,7.85,7.7,7.8,4526600.0,35254562.0,255010517.0,0.01775064045691888,0.0,0.0,1.9230769230769162
2025-12-09,7.8,7.8,7.63,7.65,5235610.0,40266569.0,255010517.0,0.020530957160484482,-0.14999999999999947,-1.9230769230769162,2.179487179487179
2025-12-10,7.61,7.7,7.58,7.66,4445020.0,33997758.0,255010517.0,0.017430732082316432,0.009999999999999787,0.13071895424836555,1.5686274509803935
2025-12-11,7.65,7.66,7.36,7.39,7543900.0,56300758.0,255010517.0,0.029582701485209726,-0.27000000000000046,-3.524804177545693,3.9164490861618773
2025-12-12,7.4,7.41,7.23,7.26,5486000.0,40178975.0,255010517.0,0.02151283823325608,-0.1299999999999999,-1.7591339648173165,2.435723951285517
2025-12-15,7.26,7.4,7.2,7.33,4927034.0,36018216.0,255010517.0,0.019320905106043135,0.07000000000000028,0.9641873278236845,2.754820936639121
2025-12-16,7.31,7.38,7.14,7.18,3897000.0,28073975.0,255010517.0,0.015281722674990695,-0.15000000000000036,-2.046384720327421,3.274215552523877
2025-12-17,7.22,7.22,7.03,7.16,4140900.0,29453029.0,255010517.0,0.016238153817005125,-0.019999999999999574,-0.278551532033422,2.6462395543175417
2025-12-18,7.11,7.39,7.11,7.29,5640600.0,41168166.0,255010517.0,0.02211908773942841,0.1299999999999999,1.8156424581005526,3.910614525139656
2025-12-19,7.26,7.58,7.26,7.58,7821629.0,58563713.0,255010517.0,0.030671789901120038,0.29000000000000004,3.978052126200282,4.389574759945134
2025-12-22,7.56,7.58,7.43,7.49,5146700.0,38581597.0,255010517.0,0.02018230487333195,-0.08999999999999986,-1.187335092348285,1.9788918205804795
2025-12-23,7.45,7.5,7.37,7.39,3293226.0,24407863.0,255010517.0,0.012914079147567079,-0.10000000000000053,-1.3351134846461998,1.735647530040052
2025-12-24,7.39,7.47,7.35,7.43,3334214.0,24788189.0,255010517.0,0.013074809773433775,0.040000000000000036,0.5412719891745521,1.6238159675236823
2025-12-25,7.48,7.48,7.38,7.39,4797510.0,35595872.0,255010517.0,0.018812988799203133,-0.040000000000000036,-0.538358008075368,1.3458950201884325
2025-12-26,7.41,7.64,7.39,7.52,7081374.0,53299992.0,255010517.0,0.027768948839078666,0.1299999999999999,1.7591339648173276,3.3829499323410013
2025-12-29,7.54,7.54,6.83,7.01,18602887.0,133001963.0,255010517.0,0.07294948937341278,-0.5099999999999998,-6.781914893617014,9.441489361702128
2025-12-30,6.96,7.05,6.66,6.89,14775887.0,101293168.0,255010517.0,0.057942265181165055,-0.1200000000000001,-1.7118402282453649,5.563480741797428
2025-12-31,6.87,7.05,6.83,7.01,8118686.0,56366193.0,255010517.0,0.03183667126952258,0.1200000000000001,1.7416545718432541,3.193033381712623
2026-01-05,7.06,7.07,6.95,6.96,7238552.0,50679491.0,255010517.0,0.028385307732229727,-0.04999999999999982,-0.7132667617688937,1.7118402282453653
2026-01-06,6.98,7.22,6.96,7.06,8500662.0,60282145.0,255010517.0,0.033334554590154414,0.09999999999999964,1.4367816091954033,3.735632183908043
2026-01-07,7.06,7.07,6.92,7.0,7364650.0,51456378.0,255010517.0,0.028879789299042908,-0.05999999999999961,-0.8498583569405027,2.12464589235128
2026-01-08,6.96,7.19,6.89,7.12,7484400.0,52965994.0,255010517.0,0.029349377774878203,0.1200000000000001,1.7142857142857126,4.285714285714296
2026-01-09,7.12,7.22,7.05,7.13,7536600.0,53863979.0,255010517.0,0.02955407521486653,0.009999999999999787,0.1404494382022392,2.387640449438201
2026-01-12,7.13,7.21,7.1,7.18,8157940.0,58371633.0,255010517.0,0.031990602175831044,0.04999999999999982,0.7012622720897532,1.54277699859748
2026-01-13,7.2,7.24,7.12,7.15,7944299.0,57006617.0,255010517.0,0.03115282888509261,-0.02999999999999936,-0.41782729805013297,1.6713091922005585
2026-01-14,7.16,7.25,7.0,7.1,8158100.0,58259312.0,255010517.0,0.03199122960093446,-0.05000000000000071,-0.6993006993007089,3.4965034965034962
2026-01-15,7.08,7.28,7.06,7.18,7860800.0,56295510.0,255010517.0,0.03082539533065611,0.08000000000000007,1.1267605633802802,3.098591549295784
2026-01-16,7.19,7.22,6.99,7.02,9675800.0,68424105.0,255010517.0,0.03794274884749165,-0.16000000000000014,-2.228412256267409,3.203342618384395
2026-01-19,7.01,7.28,6.99,7.27,10835892.0,77921684.0,255010517.0,0.04249194161666674,0.25,3.5612535612535634,4.131054131054132
2026-01-20,7.27,7.57,7.19,7.52,14783431.0,109990519.0,255010517.0,0.05797184827479096,0.25,3.43878954607979,5.226960110041264
2026-01-21,7.46,7.47,7.34,7.45,6407600.0,47488879.0,255010517.0,0.02512680682891208,-0.0699999999999994,-0.930851063829774,1.728723404255318
2026-01-22,7.45,7.62,7.4,7.56,7117901.0,53698820.0,255010517.0,0.02791218606878084,0.10999999999999943,1.4765100671140896,2.9530201342281845
2026-01-23,7.56,7.64,7.45,7.58,7544878.0,56910788.0,255010517.0,0.029586536621154333,0.020000000000000462,0.2645502645502784,2.513227513227507
2026-01-26,7.59,7.61,7.39,7.46,6896056.0,51477199.0,255010517.0,0.02704224155586493,-0.1200000000000001,-1.58311345646438,2.902374670184705
2026-01-27,7.48,7.49,7.2,7.38,4963291.0,36437125.0,255010517.0,0.019463083555883304,-0.08000000000000007,-1.072386058981234,3.887399463806971
2026-01-28,7.38,7.43,7.29,7.32,6273700.0,46059994.0,255010517.0,0.024601730445493745,-0.05999999999999961,-0.8130081300812941,1.8970189701896976
2026-01-29,7.26,7.45,7.25,7.3,5229801.0,38411263.0,255010517.0,0.020508177707823712,-0.020000000000000462,-0.2732240437158584,2.732240437158472
2026-01-30,7.59,7.86,7.44,7.65,25933086.0,198781729.0,255010517.0,0.1016941822834703,0.35000000000000053,4.794520547945202,5.753424657534246
2026-02-02,7.65,8.12,7.65,7.75,24792558.0,196845348.0,255010517.0,0.09722170791881497,0.09999999999999964,1.3071895424836555,6.143790849673188
2026-02-03,7.82,7.97,7.76,7.88,12860396.0,101225440.0,255010517.0,0.05043084556391061,0.1299999999999999,1.6774193548387162,2.709677419354838
2026-02-04,7.89,8.04,7.75,7.97,9441000.0,75031154.0,255010517.0,0.03702200250823381,0.08999999999999986,1.1421319796954377,3.6802030456852686
2026-02-05,7.96,8.07,7.94,7.95,9224070.0,73857673.0,255010517.0,0.03617133171021335,-0.019999999999999574,-0.25094102885820924,1.6311166875784175
2026-02-06,7.92,8.07,7.88,8.04,8011409.0,64115797.0,255010517.0,0.03141599450190519,0.08999999999999897,1.1320754716980908,2.389937106918244
2026-02-09,8.1,8.18,8.02,8.12,8711529.0,70657601.0,255010517.0,0.03416144989816244,0.08000000000000007,0.995024875621886,1.9900497512437831
2026-02-10,8.14,8.17,8.06,8.06,6856104.0,55583722.0,255010517.0,0.026885573507542827,-0.05999999999999872,-0.7389162561576179,1.3546798029556582
2026-02-11,8.05,8.22,7.95,8.15,10288703.0,83404532.0,255010517.0,0.04034619089847185,0.08999999999999986,1.1166253101736912,3.349875930521097
2026-02-12,8.15,8.19,7.93,7.96,8542699.0,68562735.0,255010517.0,0.03349939877185536,-0.1900000000000004,-2.331288343558291,3.190184049079752
2026-02-13,7.95,8.04,7.9,7.91,6910350.0,55137581.0,255010517.0,0.027098294146041042,-0.04999999999999982,-0.6281407035175879,1.758793969849231
2026-02-24,7.91,8.12,7.91,8.12,7452603.0,60040518.0,255010517.0,0.029224688799795655,0.20999999999999908,2.65486725663715,2.6548672566371563
2026-02-25,8.13,8.3,8.09,8.2,8369200.0,68411714.0,255010517.0,0.032819038596749325,0.08000000000000007,0.9852216748768461,2.586206896551735
2026-02-26,8.15,8.26,8.05,8.1,7062855.0,57397525.0,255010517.0,0.027696328304765563,-0.09999999999999964,-1.2195121951219523,2.5609756097560865
2026-02-27,8.1,8.18,8.05,8.16,6643101.0,53929230.0,255010517.0,0.026050302074404248,0.0600000000000005,0.7407407407407529,1.6049382716049259
2026-03-02,8.1,8.19,7.9,8.01,7517471.0,60467253.0,255010517.0,0.02947906262234667,-0.15000000000000036,-1.8382352941176516,3.5539215686274406
2026-03-03,8.0,8.11,7.76,7.8,8641085.0,68568962.0,255010517.0,0.033885210310757495,-0.20999999999999996,-2.621722846441943,4.3695380774032415
2026-03-04,7.76,7.86,7.64,7.74,9258588.0,71694389.0,255010517.0,0.0363066908334608,-0.05999999999999961,-0.7692307692307665,2.8205128205128287
2026-03-05,7.82,7.94,7.8,7.87,6758488.0,53213851.0,255010517.0,0.02650278145195086,0.1299999999999999,1.6795865633074891,1.8087855297157693
2026-03-06,7.84,8.11,7.82,8.1,6040300.0,48418092.0,255010517.0,0.02368647407589076,0.22999999999999954,2.9224904701397714,3.684879288437092
2026-03-09,8.03,8.1,7.89,8.0,6155973.0,49095687.0,255010517.0,0.024140074975809722,-0.09999999999999964,-1.2345679012345623,2.592592592592592
2026-03-10,8.02,8.28,8.02,8.26,8667300.0,70997132.0,255010517.0,0.03398800999254474,0.2599999999999998,3.2499999999999973,3.2499999999999973
2026-03-11,8.18,8.3,8.13,8.18,5825900.0,47768133.0,255010517.0,0.02284572443731801,-0.08000000000000007,-0.9685230024213065,2.0581113801452777
2026-03-12,8.19,8.21,8.04,8.1,5221266.0,42384338.0,255010517.0,0.02047470849996355,-0.08000000000000007,-0.9779951100244544,2.0782396088019772
2026-03-13,8.1,8.24,8.03,8.09,6184965.0,50359655.0,255010517.0,0.02425376440454807,-0.009999999999999787,-0.12345679012345512,2.592592592592603
2026-03-16,8.05,8.25,8.01,8.12,6354400.0,51833599.0,255010517.0,0.024918187982027423,0.02999999999999936,0.3708281829418958,2.966625463535231
2026-03-17,8.12,8.3,8.09,8.09,7112800.0,58278220.0,255010517.0,0.02789218297220267,-0.02999999999999936,-0.3694581280788145,2.586206896551735
2026-03-18,8.12,8.19,8.02,8.17,5727600.0,46424195.0,255010517.0,0.022460250139408958,0.08000000000000007,0.9888751545117369,2.1013597033374527
2026-03-19,8.09,8.21,7.93,7.98,5678650.0,45722223.0,255010517.0,0.022268297271833694,-0.1899999999999995,-2.3255813953488302,3.4271725826193533
2026-03-20,8.05,8.06,7.73,7.77,8384800.0,66190929.0,255010517.0,0.032880212544332044,-0.21000000000000085,-2.6315789473684292,4.135338345864662
2026-03-23,7.72,7.72,7.16,7.24,10446800.0,77660590.0,255010517.0,0.04096615356456063,-0.5299999999999994,-6.821106821106815,7.207207207207203
2026-03-24,7.37,7.69,7.28,7.68,7531400.0,56352042.0,255010517.0,0.029533683899005625,0.4399999999999995,6.077348066298338,5.6629834254143665
2026-03-25,7.67,8.08,7.64,8.03,9739282.0,76863423.0,255010517.0,0.03819168760008435,0.34999999999999964,4.557291666666652,5.729166666666672
2026-03-26,8.0,8.12,7.9,8.03,9088904.0,73026659.0,255010517.0,0.03564129082566426,0.0,0.0,2.7397260273972464
2026-03-27,7.98,8.21,7.97,8.15,7389968.0,60028807.0,255010517.0,0.028979071478844144,0.120000000000001,1.4943960149439661,2.9887920298879345
2026-03-30,8.08,8.39,8.08,8.33,9077600.0,75045714.0,255010517.0,0.03559696324210817,0.17999999999999972,2.208588957055202,3.8036809815950976
2026-03-31,8.36,8.52,8.21,8.25,8910831.0,74716951.0,255010517.0,0.03494299413541442,-0.08000000000000007,-0.9603841536614643,3.7214885954381596
2026-04-01,8.44,8.46,8.24,8.32,7297900.0,60684362.0,255010517.0,0.028618035388713006,0.07000000000000028,0.848484848484854,2.6666666666666745
2026-04-02,8.28,8.4,8.14,8.16,6654501.0,54785445.0,255010517.0,0.02609500611302239,-0.16000000000000014,-1.9230769230769273,3.1249999999999973
2026-04-03,8.36,8.45,7.64,7.78,23098900.0,184755195.0,255010517.0,0.09058018575759368,-0.3799999999999999,-4.656862745098033,9.92647058823529
2026-04-07,7.86,7.92,7.57,7.74,15578001.0,120758269.0,255010517.0,0.0610876805524064,-0.040000000000000036,-0.5141388174807249,4.498714652956293
2026-04-08,7.85,7.95,7.75,7.87,11639900.0,91268956.0,255010517.0,0.04564478413256972,0.1299999999999999,1.6795865633074891,2.583979328165377
2026-04-09,7.82,7.89,7.5,7.54,11124500.0,85041899.0,255010517.0,0.0436236910182022,-0.33000000000000007,-4.19313850063533,4.955527318932652
2026-04-10,7.65,7.67,7.5,7.53,8740300.0,66162421.0,255010517.0,0.034274272695976694,-0.009999999999999787,-0.13262599469495706,2.254641909814323
2026-04-13,7.6,7.61,7.36,7.46,8855700.0,66045536.0,255010517.0,0.03472680305181296,-0.07000000000000028,-0.9296148738379806,3.3200531208499333
2026-04-14,7.51,7.52,7.32,7.43,8995500.0,66505650.0,255010517.0,0.03527501573591963,-0.03000000000000025,-0.40214477211796273,2.6809651474530733
2026-04-15,7.46,7.48,7.25,7.3,7583800.0,55637229.0,255010517.0,0.02973916562037322,-0.1299999999999999,-1.749663526244949,3.095558546433384
2026-04-16,7.32,7.61,7.27,7.52,13009766.0,96872182.0,255010517.0,0.051016586112015136,0.21999999999999975,3.013698630136985,4.657534246575352
2026-04-17,7.5,7.56,7.29,7.36,11453301.0,84625341.0,255010517.0,0.044913053527121785,-0.15999999999999925,-2.127659574468077,3.5904255319148883
2026-04-20,7.41,7.54,7.34,7.5,8514101.0,63307635.0,255010517.0,0.033387254377434165,0.13999999999999968,1.9021739130434812,2.7173913043478284
2026-04-21,7.49,7.54,7.36,7.43,7207175.0,53496946.0,255010517.0,0.02826226574804364,-0.07000000000000028,-0.9333333333333416,2.3999999999999964
2026-04-22,7.4,7.42,7.25,7.28,7837901.0,57233383.0,255010517.0,0.03073559903413709,-0.14999999999999947,-2.0188425302826274,2.2880215343203223
2026-04-23,7.26,7.41,7.23,7.33,7172658.0,52531101.0,255010517.0,0.02812691054620308,0.04999999999999982,0.6868131868131844,2.4725274725274686
2026-04-24,7.27,7.43,7.23,7.4,6470500.0,47482939.0,255010517.0,0.02537346332269112,0.07000000000000028,0.9549795361528002,2.7285129604365523
2026-04-27,7.35,7.44,7.2,7.42,9064400.0,66319489.0,255010517.0,0.03554520067107664,0.019999999999999574,0.2702702702702675,3.243243243243246
2026-04-28,7.37,7.57,7.37,7.47,8646500.0,64674721.0,255010517.0,0.033906444729101114,0.04999999999999982,0.6738544474393482,2.695417789757415
2026-04-29,7.49,7.72,7.42,7.65,9745900.0,74128767.0,255010517.0,0.03821763947092425,0.1800000000000006,2.4096385542168752,4.01606425702811
2026-04-30,7.69,7.94,7.58,7.85,13520089.0,105531975.0,255010517.0,0.053017770243569996,0.1999999999999993,2.614379084967311,4.70588235294118
2026-05-06,7.85,8.08,7.72,8.05,18265747.0,144762364.0,255010517.0,0.07162742625238472,0.20000000000000107,2.5477707006369643,4.585987261146501
2026-05-07,8.08,8.09,7.81,7.83,12790500.0,101240897.0,255010517.0,0.050156754907484856,-0.22000000000000064,-2.7329192546583947,3.4782608695652204
2026-05-08,7.9,8.25,7.81,8.11,18082800.0,145620963.0,255010517.0,0.07091001662492218,0.27999999999999936,3.575989782886335,5.619412515964245
2026-05-11,8.08,8.47,7.98,8.23,24101508.0,198701221.0,255010517.0,0.09451181968310743,0.120000000000001,1.4796547472256671,6.041923551171396
2026-05-12,8.25,8.27,8.04,8.14,11442673.0,93050362.0,255010517.0,0.04487137681462761,-0.08999999999999986,-1.0935601458080146,2.7946537059538326
2026-05-13,8.1,8.17,8.01,8.06,7600553.0,61476189.0,255010517.0,0.0298048609501074,-0.08000000000000007,-0.9828009828009798,1.9656019656019672
2026-05-14,8.14,8.17,7.89,7.89,7007910.0,56103919.0,255010517.0,0.027480866602846814,-0.17000000000000082,-2.1091811414392203,3.4739454094292834
2026-05-15,7.95,7.96,7.74,7.8,7829822.0,61522067.0,255010517.0,0.030703917987821655,-0.08999999999999986,-1.1406844106463865,2.788339670468945
2026-05-18,7.8,7.8,7.57,7.77,11950286.0,91626537.0,255010517.0,0.046861933933493416,-0.03000000000000025,-0.38461538461538325,2.9487179487179427
2026-05-19,7.75,7.93,7.75,7.89,8119530.0,63730974.0,255010517.0,0.03183998093694308,0.1200000000000001,1.5444015444015413,2.316602316602313
2026-05-20,7.86,7.88,7.64,7.68,6482754.0,49986353.0,255010517.0,0.025421516242798724,-0.20999999999999996,-2.6615969581749055,3.041825095057037
2026-05-21,7.74,7.74,7.22,7.26,9381100.0,70138245.0,255010517.0,0.03678711023514375,-0.41999999999999993,-5.46875,6.77083333333334
2026-05-22,7.27,7.42,7.16,7.36,8364710.0,60977072.0,255010517.0,0.032801431479784815,0.10000000000000053,1.377410468319562,3.5812672176308515
2026-05-25,7.4,7.49,7.22,7.3,7160646.0,52544465.0,255010517.0,0.028079806606564388,-0.0600000000000005,-0.815217391304357,3.668478260869571
2026-05-26,7.29,7.33,7.01,7.11,6988410.0,49803480.0,255010517.0,0.027404399168368416,-0.1899999999999995,-2.602739726027392,4.383561643835621
2026-05-27,7.11,7.13,6.74,6.87,6982700.0,48008920.0,255010517.0,0.027382007934990384,-0.2400000000000002,-3.3755274261603407,5.485232067510544
2026-05-28,6.89,6.98,6.74,6.87,5674800.0,39004560.0,255010517.0,0.022253199855282832,0.0,0.0,3.493449781659392
2026-05-29,6.95,7.03,6.76,6.79,5865410.0,40407555.0,255010517.0,0.023000659223791936,-0.08000000000000007,-1.1644832605531286,3.9301310043668187
2026-06-01,6.79,7.12,6.71,7.08,8763601.0,61380841.0,255010517.0,0.03436564539806803,0.29000000000000004,4.270986745213556,6.038291605301917
2026-06-02,7.07,7.1,6.81,6.83,7332100.0,50639847.0,255010517.0,0.028752147504567428,-0.25,-3.5310734463276816,4.096045197740113
2026-06-03,6.85,6.86,6.65,6.7,5988191.0,40280528.0,255010517.0,0.02348213348393,-0.1299999999999999,-1.9033674963396807,3.074670571010248
2026-06-04,6.69,6.75,6.43,6.51,5880300.0,38436687.0,255010517.0,0.02305904897247826,-0.1900000000000004,-2.8358208955223896,4.776119402985079
2026-06-05,6.5,6.66,6.44,6.62,4801400.0,31570387.0,255010517.0,0.01882824307202985,0.11000000000000032,1.6897081413210557,3.3794162826420853
2026-06-08,6.52,6.59,6.25,6.38,7238301.0,46593113.0,255010517.0,0.028384323459098748,-0.2400000000000002,-3.625377643504535,5.135951661631418
2026-06-09,6.43,6.47,6.29,6.4,4748301.0,30339109.0,255010517.0,0.01862002028724172,0.020000000000000462,0.31347962382446415,2.8213166144200583
2026-06-10,6.29,6.48,6.18,6.41,5587948.0,35151173.0,255010517.0,0.02191261782352294,0.009999999999999787,0.15624999999999112,4.687500000000011
2026-06-11,6.35,6.38,6.14,6.29,4540600.0,28286342.0,255010517.0,0.017805540153467473,-0.1200000000000001,-1.8720748829953227,3.7441497659906426
2026-06-12,6.35,6.49,6.24,6.42,5684000.0,36367464.0,255010517.0,0.02228927679872905,0.1299999999999999,2.0667726550079424,3.97456279809221
2026-06-15,6.42,6.63,6.31,6.38,5038800.0,32574303.0,255010517.0,0.019759185069218144,-0.040000000000000036,-0.6230529595015577,4.984423676012466
2026-06-16,6.42,6.42,6.15,6.28,4710909.0,29454695.0,255010517.0,0.01847339104057422,-0.09999999999999964,-1.5673981191222541,4.231974921630088
2026-06-17,6.26,6.3,6.05,6.08,5838010.0,35746483.0,255010517.0,0.022893212674832544,-0.20000000000000018,-3.1847133757961776,3.9808917197452227
2026-06-18,6.05,6.09,5.93,5.99,6186879.0,37192943.0,255010517.0,0.02426126997734764,-0.08999999999999986,-1.4802631578947345,2.6315789473684235
