date,open,high,low,close,volume,amount,outstanding_share,turnover,change,pct_chg,amplitude
2023-03-06,14.04,14.06,13.71,13.89,2072503.0,28675299.0,153287400.0,0.013520374146863995,,,
2023-03-07,13.93,13.94,13.5,13.51,2154700.0,29455977.0,153287400.0,0.014056602173433694,-0.3800000000000008,-2.735781137509008,3.1677465802735743
2023-03-08,13.55,13.73,13.5,13.71,1167100.0,15897393.0,153287400.0,0.007613802569552357,0.20000000000000107,1.4803849000740277,1.7024426350851254
2023-03-09,13.8,13.83,13.65,13.76,1078300.0,14808447.0,153287400.0,0.00703449859544881,0.049999999999998934,0.3646973012399579,1.312910284463893
2023-03-10,13.61,13.88,13.56,13.75,1459900.0,20001729.0,153287400.0,0.009523939997677566,-0.009999999999999787,-0.07267441860464574,2.325581395348839
2023-03-13,13.7,13.82,13.42,13.54,1380779.0,18728018.0,153287400.0,0.009007778852012625,-0.21000000000000085,-1.5272727272727327,2.9090909090909114
2023-03-14,13.52,13.53,13.02,13.17,1728306.0,22856526.0,153287400.0,0.011274938448952752,-0.3699999999999992,-2.73264401772525,3.766617429837517
2023-03-15,13.25,13.36,13.15,13.25,1373562.0,18227771.0,153287400.0,0.008960697356729908,0.08000000000000007,0.6074411541381997,1.5945330296127491
2023-03-16,13.17,13.24,12.78,12.8,1929262.0,25004527.0,153287400.0,0.012585913780258522,-0.4499999999999993,-3.396226415094339,3.471698113207554
2023-03-17,12.89,13.07,12.69,12.71,1536300.0,19747073.0,153287400.0,0.010022350173595481,-0.08999999999999986,-0.7031249999999933,2.968750000000006
2023-03-20,12.76,12.82,12.4,12.8,2155800.0,27247541.0,153287400.0,0.014063778236175967,0.08999999999999986,0.7081038552321006,3.3044846577498026
2023-03-21,12.8,13.11,12.66,13.07,1689510.0,21794914.0,153287400.0,0.011021845239726161,0.2699999999999996,2.109374999999991,3.5156249999999947
2023-03-22,13.14,13.6,13.07,13.51,4393126.0,58961321.0,153287400.0,0.028659407100648848,0.4399999999999995,3.3664881407803993,4.0550879877582195
2023-03-23,13.5,13.65,13.34,13.47,2635026.0,35585767.0,153287400.0,0.017190101730474912,-0.03999999999999915,-0.2960769800147922,2.294596595114734
2023-03-24,13.47,13.56,13.26,13.32,1998980.0,26758155.0,153287400.0,0.013040732636863825,-0.15000000000000036,-1.1135857461024523,2.227171492204905
2023-03-27,13.33,13.42,13.11,13.18,1979100.0,26086386.0,153287400.0,0.012911041612030735,-0.14000000000000057,-1.0510510510510551,2.327327327327331
2023-03-28,13.22,13.23,12.99,13.01,1571974.0,20568943.0,153287400.0,0.010255076412020819,-0.16999999999999993,-1.2898330804248848,1.8209408194233705
2023-03-29,12.99,13.04,12.64,12.72,2650170.0,33910004.0,153287400.0,0.017288896543355813,-0.28999999999999915,-2.229054573405065,3.0745580322828485
2023-03-30,12.66,12.85,12.5,12.69,1620970.0,20575734.0,153287400.0,0.010574711293948491,-0.030000000000001137,-0.2358490566037874,2.751572327044022
2023-03-31,12.69,12.88,12.66,12.75,1404200.0,17924047.0,153287400.0,0.009160570275182436,0.0600000000000005,0.47281323877068626,1.7336485421591856
2023-04-03,12.88,12.88,12.55,12.7,1660600.0,21015651.0,153287400.0,0.010833245263472405,-0.05000000000000071,-0.39215686274510775,2.5882352941176476
2023-04-04,12.7,12.73,12.22,12.28,2215400.0,27440193.0,153287400.0,0.01445259036293916,-0.41999999999999993,-3.307086614173227,4.015748031496061
2023-04-06,12.26,12.26,12.0,12.21,1703100.0,20617253.0,153287400.0,0.011110502233060251,-0.06999999999999851,-0.5700325732898914,2.117263843648207
2023-04-07,12.2,12.36,12.14,12.26,1311374.0,16082347.0,153287400.0,0.008555001911442166,0.049999999999998934,0.40950040950040734,1.8018018018017925
2023-04-10,12.26,12.39,12.05,12.09,1561600.0,18980595.0,153287400.0,0.010187399616667776,-0.16999999999999993,-1.3866231647634564,2.7732463295269154
2023-04-11,12.08,12.1,11.9,11.97,1429200.0,17115560.0,153287400.0,0.00932366261023411,-0.11999999999999922,-0.992555831265507,1.6542597187758419
2023-04-12,12.03,12.09,11.93,12.02,1026800.0,12323958.0,153287400.0,0.006698528385242362,0.049999999999998934,0.4177109440267168,1.3366750208855482
2023-04-13,12.06,12.08,11.92,11.95,868626.0,10394532.0,153287400.0,0.005666649705063821,-0.07000000000000028,-0.5823627287853572,1.3311148086522475
2023-04-14,11.95,12.1,11.92,12.01,1183700.0,14233615.0,153287400.0,0.007722095880026669,0.0600000000000005,0.502092050209213,1.5062761506276128
2023-04-17,12.01,12.08,11.88,11.91,1277600.0,15300368.0,153287400.0,0.008334670690480757,-0.09999999999999964,-0.8326394671107407,1.6652789342214762
2023-04-18,11.91,11.92,11.71,11.76,1308004.0,15405190.0,153287400.0,0.008533017064677201,-0.15000000000000036,-1.2594458438287215,1.7632241813601937
2023-04-19,11.76,11.8,11.53,11.59,1579474.0,18346677.0,153287400.0,0.01030400411253632,-0.16999999999999993,-1.4455782312925214,2.2959183673469505
2023-04-20,11.55,11.59,11.24,11.38,1562000.0,17734178.0,153287400.0,0.010190009094028602,-0.20999999999999908,-1.8119068162208762,3.019844693701464
2023-04-21,11.25,11.48,10.9,11.01,1944404.0,21785904.0,153287400.0,0.01268469554575262,-0.370000000000001,-3.2513181019332205,5.0966608084358525
2023-04-24,11.0,11.18,10.8,11.06,1623139.0,17846498.0,153287400.0,0.010588861184937575,0.05000000000000071,0.4541326067211582,3.451407811080827
2023-04-25,11.06,11.13,10.56,10.71,1850300.0,19896391.0,153287400.0,0.012070789901844509,-0.34999999999999964,-3.164556962025311,5.1537070524412325
2023-04-26,10.71,11.21,10.65,11.15,2238974.0,24667154.0,153287400.0,0.014606379911199485,0.4399999999999995,4.108309990662917,5.228758169934645
2023-04-27,11.15,11.24,11.02,11.16,1364700.0,15217998.0,153287400.0,0.00890288438580079,0.009999999999999787,0.08968609865471766,1.9730941704035931
2023-04-28,11.28,11.49,11.15,11.47,1783800.0,20260621.0,153287400.0,0.011636964290607055,0.3100000000000005,2.77777777777779,3.046594982078852
2023-05-04,11.47,11.84,11.4,11.75,1986200.0,23219856.0,153287400.0,0.01295735983518541,0.27999999999999936,2.441150828247607,3.836094158674799
2023-05-05,11.75,11.75,11.46,11.59,1050600.0,12132934.0,153287400.0,0.006853792288211555,-0.16000000000000014,-1.3617021276595809,2.4680851063829716
2023-05-08,11.66,11.74,11.48,11.62,1014083.0,11765338.0,153287400.0,0.006615566576248276,0.02999999999999936,0.2588438308886998,2.243313201035374
2023-05-09,11.54,11.62,11.25,11.29,1319613.0,14936222.0,153287400.0,0.008608750621381797,-0.33000000000000007,-2.839931153184161,3.1841652323579965
2023-05-10,11.29,11.69,11.21,11.6,1590500.0,18295967.0,153287400.0,0.010375934355987512,0.3100000000000005,2.7457927369353374,4.251550044286969
2023-05-11,11.68,11.93,11.62,11.82,1852950.0,21889334.0,153287400.0,0.012088077689359987,0.22000000000000064,1.8965517241379404,2.6724137931034524
2023-05-12,11.82,11.93,11.61,11.61,1067500.0,12506568.0,153287400.0,0.006964042706706487,-0.21000000000000085,-1.7766497461929043,2.7072758037225064
2023-05-15,11.59,11.89,11.59,11.86,1988000.0,23405966.0,153287400.0,0.01296910248330913,0.25,2.1533161068044704,2.583979328165381
2023-05-16,11.86,12.11,11.76,11.83,1750525.0,20872046.0,153287400.0,0.011419888392653278,-0.02999999999999936,-0.2529510961214121,2.951096121416523
2023-05-17,11.79,12.15,11.78,12.12,1709500.0,20579693.0,153287400.0,0.01115225387083348,0.28999999999999915,2.4513947590870666,3.1276415891800595
2023-05-18,12.13,12.33,12.05,12.14,987200.0,11997924.0,153287400.0,0.0064401901265205095,0.02000000000000135,0.16501650165017256,2.3102310231023053
2023-05-19,12.14,12.26,12.02,12.23,977400.0,11913976.0,153287400.0,0.006376257931180253,0.08999999999999986,0.7413509060955503,1.97693574958814
2023-05-22,12.3,12.38,12.15,12.32,1113500.0,13698295.0,153287400.0,0.007264132603201568,0.08999999999999986,0.7358953393295176,1.880621422730993
2023-05-23,12.4,12.54,12.22,12.44,1759100.0,21866047.0,153287400.0,0.011475829063576002,0.11999999999999922,0.9740259740259605,2.597402597402585
2023-05-24,12.44,13.07,12.3,12.65,2703574.0,34402569.0,153287400.0,0.017637287865799798,0.21000000000000085,1.688102893890675,6.189710610932473
2023-05-25,12.8,12.81,12.3,12.46,2502511.0,31215778.0,153287400.0,0.016325614499300006,-0.1899999999999995,-1.5019762845849716,4.031620553359682
2023-05-26,12.46,12.53,12.06,12.28,2045900.0,25000848.0,153287400.0,0.013346824331288807,-0.1800000000000015,-1.4446227929374111,3.772070626003201
2023-05-29,12.2,12.28,11.96,11.99,1377986.0,16593341.0,153287400.0,0.008989558176340652,-0.28999999999999915,-2.3615635179152994,2.6058631921823983
2023-05-30,11.99,12.11,11.8,11.99,1281900.0,15291188.0,153287400.0,0.008362722572109646,0.0,0.0,2.5854879065888134
2023-05-31,11.99,12.13,11.78,11.88,1092300.0,13051876.0,153287400.0,0.007125830303077748,-0.10999999999999943,-0.917431192660545,2.9190992493744905
2023-06-01,11.94,12.05,11.62,11.75,1272100.0,15003545.0,153287400.0,0.008298790376769389,-0.13000000000000078,-1.0942760942761032,3.6195286195286323
2023-06-02,11.87,12.05,11.8,12.01,816400.0,9771749.0,153287400.0,0.005325943293447472,0.2599999999999998,2.212765957446816,2.127659574468085
2023-06-05,12.15,12.19,11.7,11.82,1273200.0,15099756.0,153287400.0,0.008305966439511663,-0.1899999999999995,-1.582014987510405,4.079933388842633
2023-06-06,11.93,11.93,11.55,11.58,1209600.0,14095901.0,153287400.0,0.007891059539140204,-0.2400000000000002,-2.0304568527918843,3.214890016920465
2023-06-07,11.76,11.84,11.52,11.65,964800.0,11247671.0,153287400.0,0.00629405939431421,0.07000000000000028,0.6044905008635526,2.763385146804838
2023-06-08,11.65,11.8,11.46,11.47,878300.0,10186643.0,153287400.0,0.005729759915035417,-0.17999999999999972,-1.5450643776824036,2.918454935622316
2023-06-09,11.5,11.7,11.31,11.58,970600.0,11168480.0,153287400.0,0.0063318968160461985,0.10999999999999943,0.9590235396687019,3.400174367916293
2023-06-12,11.56,11.73,11.23,11.63,1419600.0,16251693.0,153287400.0,0.009261035153574267,0.05000000000000071,0.43177892918826455,4.317789291882556
2023-06-13,11.64,11.85,11.56,11.64,777501.0,9072789.0,153287400.0,0.005072178143800469,0.009999999999999787,0.08598452278589797,2.49355116079105
2023-06-14,11.82,11.84,11.4,11.55,1038700.0,11960268.0,153287400.0,0.006776160336726959,-0.08999999999999986,-0.773195876288657,3.780068728522332
2023-06-15,11.43,11.52,11.33,11.52,875101.0,10034561.0,153287400.0,0.005708890619842205,-0.030000000000001137,-0.25974025974027093,1.6450216450216406
2023-06-16,11.44,11.69,11.44,11.57,915400.0,10604112.0,153287400.0,0.0059717889402521014,0.05000000000000071,0.4340277777777901,2.170138888888889
2023-06-19,11.57,11.8,11.5,11.56,1321900.0,15392651.0,153287400.0,0.008623670308192324,-0.009999999999999787,-0.08643042350907626,2.5929127052722616
2023-06-20,11.67,11.67,11.32,11.35,942400.0,10757359.0,153287400.0,0.00614792866210791,-0.21000000000000085,-1.8166089965398036,3.027681660899651
2023-06-21,11.35,11.63,11.28,11.28,1107700.0,12645916.0,153287400.0,0.00722629518146958,-0.07000000000000028,-0.6167400881057272,3.083700440528647
2023-06-26,11.28,11.32,11.06,11.07,1075400.0,12021716.0,153287400.0,0.007015579884582816,-0.20999999999999908,-1.8617021276595702,2.3049645390070905
2023-06-27,11.07,11.55,11.03,11.54,1357800.0,15509358.0,153287400.0,0.008857870901326528,0.46999999999999886,4.245709123757901,4.697380307136417
2023-06-28,11.51,11.58,11.28,11.56,1050200.0,12038779.0,153287400.0,0.0068511828108507285,0.02000000000000135,0.17331022530331364,2.5996533795494
2023-06-29,11.57,11.97,11.57,11.91,1343400.0,15925004.0,153287400.0,0.008763929716336763,0.34999999999999964,3.0276816608996615,3.4602076124567507
2023-06-30,11.86,12.26,11.85,12.21,1601800.0,19445214.0,153287400.0,0.010449652091430868,0.3000000000000007,2.518891687657443,3.442485306465157
2023-07-03,12.32,12.55,12.26,12.3,1786674.0,22139492.0,153287400.0,0.011655713385444596,0.08999999999999986,0.7371007371007376,2.3751023751023825
2023-07-04,12.3,12.6,12.21,12.59,1751535.0,21883919.0,153287400.0,0.011426477322989365,0.28999999999999915,2.3577235772357596,3.1707317073170636
2023-07-05,12.59,12.79,12.38,12.41,1045600.0,13086308.0,153287400.0,0.0068211738212012206,-0.17999999999999972,-1.429706115965046,3.25655281969816
2023-07-06,12.46,12.72,12.36,12.64,1703900.0,21413330.0,153287400.0,0.011115721187781905,0.23000000000000043,1.8533440773569776,2.90088638195005
2023-07-07,12.59,12.64,12.38,12.43,1057800.0,13207483.0,153287400.0,0.006900762880706438,-0.21000000000000085,-1.6613924050633,2.056962025316454
2023-07-10,12.55,12.65,12.36,12.5,1222400.0,15294008.0,153287400.0,0.007974562814686661,0.07000000000000028,0.5631536604987941,2.3330651649235796
2023-07-11,12.56,12.73,12.35,12.7,1282200.0,16191449.0,153287400.0,0.008364679680130264,0.1999999999999993,1.6000000000000014,3.0400000000000063
2023-07-12,12.7,12.96,12.64,12.72,1484374.0,18981436.0,153287400.0,0.009683600869999752,0.02000000000000135,0.15748031496063408,2.519685039370081
2023-07-13,12.67,12.87,12.59,12.72,1176400.0,14919222.0,153287400.0,0.00767447291819158,0.0,0.0,2.201257861635215
2023-07-14,12.83,12.83,12.52,12.57,1255000.0,15788520.0,153287400.0,0.008187235219594044,-0.15000000000000036,-1.1792452830188704,2.4371069182389973
2023-07-17,12.73,12.73,12.35,12.55,1331450.0,16634062.0,153287400.0,0.008685971580182063,-0.019999999999999574,-0.15910898965790787,3.023070803500404
2023-07-18,12.53,12.75,12.4,12.65,888950.0,11215172.0,153287400.0,0.00579923724976743,0.09999999999999964,0.7968127490039834,2.7888446215139413
2023-07-19,12.64,12.76,12.52,12.62,1134900.0,14371997.0,153287400.0,0.007403739642005801,-0.030000000000001137,-0.2371541501976382,1.8972332015810291
2023-07-20,12.67,12.7,12.45,12.45,849400.0,10695181.0,153287400.0,0.005541225175715682,-0.16999999999999993,-1.347068145800312,1.9809825673534076
2023-07-21,12.45,12.54,12.31,12.36,960900.0,11962774.0,153287400.0,0.006268616990046149,-0.08999999999999986,-0.7228915662650603,1.847389558232921
2023-07-24,12.38,12.58,12.21,12.37,752100.0,9347744.0,153287400.0,0.004906469807694566,0.009999999999999787,0.08090614886731018,2.993527508090609
2023-07-25,12.51,12.58,12.29,12.49,917900.0,11434577.0,153287400.0,0.005988098173757269,0.120000000000001,0.9700889248181133,2.3443815683104363
2023-07-26,12.55,12.65,12.44,12.54,787500.0,9874702.0,153287400.0,0.005137408554127736,0.049999999999998934,0.4003202562049557,1.6813450760608557
2023-07-27,12.48,12.86,12.48,12.63,1392000.0,17684700.0,153287400.0,0.009080981215677218,0.09000000000000163,0.717703349282317,3.0303030303030223
2023-07-28,12.56,12.64,12.29,12.59,988400.0,12343102.0,153287400.0,0.00644801855860299,-0.040000000000000924,-0.31670625494854,2.7711797307996946
2023-07-31,12.64,12.82,12.61,12.72,837501.0,10634563.0,153287400.0,0.005463599747924487,0.13000000000000078,1.0325655281969937,1.6679904686259004
2023-08-01,12.8,12.8,12.57,12.72,748850.0,9456332.0,153287400.0,0.004885267804137848,0.0,0.0,1.8081761006289343
2023-08-02,12.71,12.82,12.57,12.77,924900.0,11801394.0,153287400.0,0.006033764027571738,0.049999999999998934,0.39308176100627534,1.9654088050314464
2023-08-03,12.84,12.84,12.54,12.56,609550.0,7692727.0,153287400.0,0.00397651731322992,-0.20999999999999908,-1.644479248238051,2.349256068911517
2023-08-04,12.65,12.75,12.54,12.55,821300.0,10385049.0,153287400.0,0.0053579093911176,-0.009999999999999787,-0.07961783439490722,1.6719745222930003
2023-08-07,12.57,12.66,12.37,12.37,664950.0,8293666.0,153287400.0,0.00433792992770443,-0.1800000000000015,-1.4342629482071878,2.310756972111561
2023-08-08,12.43,12.43,12.21,12.36,841208.0,10363073.0,153287400.0,0.005487783079365949,-0.009999999999999787,-0.08084074373484462,1.7784963621665226
2023-08-09,12.26,12.34,12.08,12.12,505400.0,6155846.0,153287400.0,0.003297074645404645,-0.2400000000000002,-1.9417475728155331,2.10355987055016
2023-08-10,12.19,12.41,12.16,12.34,731474.0,9007437.0,153287400.0,0.004771912107583533,0.22000000000000064,1.8151815181518316,2.0627062706270625
2023-08-11,12.41,12.42,12.06,12.09,623700.0,7612412.0,153287400.0,0.004068827574869168,-0.25,-2.025931928687197,2.917341977309558
2023-08-14,12.08,12.24,11.9,12.24,671274.0,8130055.0,153287400.0,0.004379185764779101,0.15000000000000036,1.2406947890818865,2.8122415219189403
2023-08-15,12.25,12.34,12.01,12.11,591200.0,7178577.0,153287400.0,0.003856807539301991,-0.13000000000000078,-1.0620915032679812,2.6960784313725497
2023-08-16,12.11,12.32,12.04,12.07,571400.0,6965270.0,153287400.0,0.003727638409941065,-0.03999999999999915,-0.3303055326176696,2.312138728323709
2023-08-17,12.28,13.07,11.7,12.11,4318500.0,52753138.0,153287400.0,0.028172569956826196,0.03999999999999915,0.3314001657000798,11.350455675227845
2023-08-18,11.89,11.92,11.53,11.66,4380100.0,51418643.0,153287400.0,0.02857442947039352,-0.4499999999999993,-3.715937241948797,3.2204789430223006
2023-08-21,11.39,12.49,11.39,11.6,4070298.0,48074350.0,153287400.0,0.026553376207046373,-0.0600000000000005,-0.5145797598627877,9.43396226415094
2023-08-22,11.6,11.77,11.04,11.2,3363200.0,37928617.0,153287400.0,0.021940485649831625,-0.40000000000000036,-3.4482758620689724,6.2931034482758665
2023-08-23,11.22,11.26,10.75,10.79,2462200.0,26734713.0,153287400.0,0.016062637894569288,-0.41000000000000014,-3.660714285714284,4.553571428571427
2023-08-24,10.79,10.93,10.53,10.81,2168297.0,23324403.0,153287400.0,0.014145304832621598,0.02000000000000135,0.1853568118628468,3.707136237256723
2023-08-25,10.8,10.95,10.58,10.61,1935900.0,20805368.0,153287400.0,0.012629218057061442,-0.20000000000000107,-1.8501387604070385,3.422756706752999
2023-08-28,11.2,11.2,10.68,10.73,2497100.0,27228391.0,153287400.0,0.016290314794301423,0.120000000000001,1.1310084825636224,4.901036757775679
2023-08-29,10.71,11.46,10.71,11.41,2849500.0,31916244.0,153287400.0,0.018589264349189824,0.6799999999999997,6.337371854613227,6.989748369058714
2023-08-30,11.44,11.71,11.31,11.64,1479870.0,17175212.0,153287400.0,0.009654218154916842,0.23000000000000043,2.015775635407535,3.5056967572305022
2023-08-31,11.64,11.69,11.55,11.6,1382408.0,16036445.0,153287400.0,0.009018405948564592,-0.040000000000000924,-0.3436426116838587,1.2027491408934603
2023-09-01,11.66,11.75,11.51,11.62,1445100.0,16785232.0,153287400.0,0.009427389335326974,0.019999999999999574,0.17241379310344307,2.0689655172413812
2023-09-04,11.56,11.76,11.53,11.61,2483100.0,28890828.0,153287400.0,0.016198983086672485,-0.009999999999999787,-0.08605851979345269,1.9793459552495736
2023-09-05,11.65,11.67,11.41,11.55,1387800.0,16006215.0,153287400.0,0.009053581703388536,-0.05999999999999872,-0.5167958656330685,2.2394487510766563
2023-09-06,11.6,11.64,11.46,11.59,1556200.0,18022014.0,153287400.0,0.010152171672296614,0.03999999999999915,0.34632034632033903,1.5584415584415559
2023-09-07,11.58,11.66,11.42,11.47,1929000.0,22185654.0,153287400.0,0.012584204572587179,-0.11999999999999922,-1.035375323554777,2.070750647109579
2023-09-08,11.47,11.58,11.39,11.41,1635500.0,18761184.0,153287400.0,0.010669500559080525,-0.0600000000000005,-0.5231037489102031,1.6564952048822972
2023-09-11,11.38,11.62,11.35,11.54,1787000.0,20561180.0,153287400.0,0.01165784010949367,0.129999999999999,1.1393514460999121,2.3663453111305834
2023-09-12,11.56,11.59,11.42,11.56,1358300.0,15622936.0,153287400.0,0.00886113274802756,0.02000000000000135,0.17331022530331364,1.4731369150779892
2023-09-13,11.55,11.58,11.19,11.28,1179900.0,13346861.0,153287400.0,0.0076973058450988145,-0.28000000000000114,-2.422145328719738,3.373702422145333
2023-09-14,11.28,11.3,11.03,11.12,1197800.0,13360742.0,153287400.0,0.007814079956995812,-0.16000000000000014,-1.4184397163120588,2.393617021276608
2023-09-15,11.44,11.44,11.01,11.06,1352613.0,15015454.0,153287400.0,0.008824032503650006,-0.05999999999999872,-0.5395683453237266,3.866906474820141
2023-09-18,11.06,11.58,10.94,11.5,1893500.0,21565569.0,153287400.0,0.012352613456813802,0.4399999999999995,3.9783001808318286,5.786618444846297
2023-09-19,11.49,11.53,11.19,11.2,1175700.0,13297671.0,153287400.0,0.007669906332810133,-0.3000000000000007,-2.60869565217392,2.9565217391304333
2023-09-20,11.24,11.33,11.04,11.04,1290800.0,14435650.0,153287400.0,0.008420783443388041,-0.16000000000000014,-1.4285714285714346,2.589285714285723
2023-09-21,11.04,11.22,10.92,10.99,1195500.0,13193055.0,153287400.0,0.007799075462171059,-0.049999999999998934,-0.45289855072462304,2.7173913043478324
2023-09-22,11.01,11.38,10.9,11.32,1313300.0,14677739.0,153287400.0,0.008567566544934548,0.33000000000000007,3.00272975432212,4.367606915377619
2023-09-25,11.37,11.49,10.98,11.11,1453800.0,16172716.0,153287400.0,0.009484145467924957,-0.21000000000000085,-1.8551236749116629,4.505300353356889
2023-09-26,11.1,11.14,10.97,11.01,878400.0,9685705.0,153287400.0,0.005730412284375624,-0.09999999999999964,-0.9000900090008979,1.5301530153015295
2023-09-27,11.01,11.31,10.92,11.13,1474200.0,16449998.0,153287400.0,0.009617228813327123,0.120000000000001,1.0899182561308063,3.5422343324250734
2023-09-28,11.17,11.3,11.16,11.29,1181100.0,13277796.0,153287400.0,0.007705134277181295,0.15999999999999837,1.4375561545372673,1.2578616352201308
2023-10-09,11.27,11.39,11.05,11.11,1462100.0,16372178.0,153287400.0,0.009538292123162113,-0.17999999999999972,-1.5943312666076181,3.0115146147032763
2023-10-10,11.08,11.37,10.99,11.04,969800.0,10752483.0,153287400.0,0.006326677861324545,-0.07000000000000028,-0.6300630063006296,3.4203420342034114
2023-10-11,11.04,11.14,10.85,10.98,1064700.0,11711230.0,153287400.0,0.0069457763651807,-0.05999999999999872,-0.5434782608695565,2.626811594202907
2023-10-12,11.02,11.32,10.93,11.3,1616000.0,17999077.0,153287400.0,0.010542288537740219,0.3200000000000003,2.914389799635697,3.551912568306016
2023-10-13,11.25,11.33,10.74,10.87,2284000.0,24914987.0,153287400.0,0.014900115730320953,-0.4300000000000015,-3.8053097345132847,5.221238938053096
2023-10-16,10.87,10.87,10.71,10.79,1407400.0,15155612.0,153287400.0,0.009181446094069049,-0.08000000000000007,-0.7359705611775569,1.471941122355091
2023-10-17,10.79,10.85,10.62,10.75,1345600.0,14430866.0,153287400.0,0.008778281841821311,-0.03999999999999915,-0.3707136237256603,2.1316033364226175
2023-10-18,10.74,10.74,10.53,10.55,1154800.0,12240972.0,153287400.0,0.007533561140706933,-0.1999999999999993,-1.8604651162790642,1.9534883720930312
2023-10-19,10.52,10.83,10.31,10.55,1075299.0,11415000.0,153287400.0,0.007014920991549207,0.0,0.0,4.928909952606631
2023-10-20,10.53,10.86,10.45,10.61,1309000.0,13984236.0,153287400.0,0.00853951466330566,0.05999999999999872,0.5687203791469031,3.8862559241706176
2023-10-23,10.63,10.64,10.13,10.25,2194300.0,22634631.0,153287400.0,0.014314940432155546,-0.35999999999999943,-3.393025447690856,4.80678605089538
2023-10-24,10.12,10.58,10.11,10.53,1720600.0,17930292.0,153287400.0,0.011224666867596423,0.27999999999999936,2.731707317073173,4.585365853658542
2023-10-25,10.66,10.96,10.62,10.85,1728600.0,18738293.0,153287400.0,0.011276856414812958,0.3200000000000003,3.038936372269707,3.2288698955365778
2023-10-26,10.87,10.87,10.52,10.75,1137900.0,12121357.0,153287400.0,0.007423310722212002,-0.09999999999999964,-0.9216589861751112,3.2258064516129004
2023-10-27,10.7,11.15,10.62,11.11,1773700.0,19449798.0,153287400.0,0.01157107498724618,0.35999999999999943,3.3488372093023244,4.930232558139545
2023-10-30,11.1,11.48,11.01,11.36,2342800.0,26513494.0,153287400.0,0.01528370890236249,0.25,2.25022502250225,4.230423042304237
2023-10-31,11.35,11.5,11.2,11.29,1399693.0,15835331.0,153287400.0,0.009131167989019319,-0.07000000000000028,-0.616197183098599,2.6408450704225417
2023-11-01,11.37,11.61,11.13,11.52,1705700.0,19548570.0,153287400.0,0.011127463835905625,0.23000000000000043,2.037201062887517,4.251550044286969
2023-11-02,11.45,11.57,11.38,11.39,1196199.0,13696139.0,153287400.0,0.007803635523859104,-0.129999999999999,-1.1284722222222099,1.6493055555555514
2023-11-03,11.44,11.68,11.38,11.57,1263999.0,14656492.0,153287400.0,0.008245941936519244,0.17999999999999972,1.5803336259877065,2.633889376646171
2023-11-06,11.63,11.86,11.58,11.78,1497400.0,17580200.0,153287400.0,0.009768578500255077,0.20999999999999908,1.8150388936905681,2.4200518582540997
2023-11-07,11.79,11.83,11.61,11.77,1036190.0,12180837.0,153287400.0,0.006759785866287771,-0.009999999999999787,-0.0848896434634927,1.8675721561969494
2023-11-08,11.8,11.84,11.54,11.57,1531633.0,17833040.0,153287400.0,0.009991904096488036,-0.1999999999999993,-1.6992353440951513,2.548853016142742
2023-11-09,11.51,11.79,11.51,11.67,1616100.0,18895883.0,153287400.0,0.010542940907080425,0.09999999999999964,0.8643042350907404,2.4200518582540997
2023-11-10,11.67,11.76,11.44,11.72,976890.0,11377987.0,153287400.0,0.0063729308475451996,0.05000000000000071,0.42844901456726703,2.742073693230508
2023-11-13,11.75,11.88,11.62,11.75,1411025.0,16504708.0,153287400.0,0.009205094482651542,0.02999999999999936,0.25597269624573205,2.218430034129706
2023-11-14,11.84,11.91,11.68,11.79,1306273.0,15393026.0,153287400.0,0.008521724551398224,0.03999999999999915,0.34042553191488967,1.957446808510642
2023-11-15,11.91,11.98,11.84,11.92,1032300.0,12288641.0,153287400.0,0.00673440869895373,0.13000000000000078,1.1026293469041715,1.1874469889737114
2023-11-16,11.92,11.93,11.75,11.77,988200.0,11689787.0,153287400.0,0.006446713819922577,-0.15000000000000036,-1.2583892617449743,1.5100671140939574
2023-11-17,11.94,12.18,11.72,11.97,1958200.0,23495899.0,153287400.0,0.012774696419927534,0.20000000000000107,1.6992353440951735,3.9082412914188542
2023-11-20,12.07,12.16,11.81,12.07,2783000.0,33422720.0,153287400.0,0.01815543873795237,0.09999999999999964,0.8354218880534559,2.923976608187131
2023-11-21,12.08,12.14,11.85,11.91,1224300.0,14666178.0,153287400.0,0.007986957832150587,-0.16000000000000014,-1.3256006628003303,2.4026512013256083
2023-11-22,11.94,12.0,11.75,11.77,818600.0,9711789.0,153287400.0,0.005340295418932019,-0.14000000000000057,-1.1754827875734675,2.0990764063811924
2023-11-23,11.77,12.1,11.72,12.02,1442100.0,17258190.0,153287400.0,0.009407818255120774,0.25,2.124044180118956,3.2285471537807906
2023-11-24,11.98,12.01,11.69,11.74,1099500.0,12954063.0,153287400.0,0.00717280089557263,-0.27999999999999936,-2.329450915141429,2.662229617304495
2023-11-27,11.72,11.93,11.64,11.83,1424000.0,16819116.0,153287400.0,0.00928973940454336,0.08999999999999986,0.7666098807495692,2.470187393526398
2023-11-28,11.82,12.1,11.78,11.98,1540700.0,18463175.0,153287400.0,0.010051054424564576,0.15000000000000036,1.2679628064243387,2.704987320371938
2023-11-29,12.05,12.06,11.89,11.95,1121900.0,13432779.0,153287400.0,0.00731893162777893,-0.030000000000001137,-0.25041736227046085,1.4190317195325537
2023-11-30,11.83,12.01,11.66,11.8,1111098.0,13117405.0,153287400.0,0.007248462691649803,-0.14999999999999858,-1.2552301255229992,2.9288702928870265
2023-12-01,11.83,12.0,11.7,11.91,1971751.0,23428853.0,153287400.0,0.012863098989218944,0.10999999999999943,0.9322033898305104,2.542372881355938
2023-12-04,12.0,12.0,11.78,11.95,1852401.0,21997797.0,153287400.0,0.012084496181682251,0.03999999999999915,0.3358522250209939,1.8471872376154546
2023-12-05,12.0,12.09,11.85,11.86,2792500.0,33423886.0,153287400.0,0.018217413825272005,-0.08999999999999986,-0.7531380753138084,2.008368200836822
2023-12-06,11.97,13.05,11.83,12.32,10469734.0,132614710.0,153287400.0,0.06830133461719619,0.46000000000000085,3.8785834738617186,10.28667790893761
2023-12-07,12.26,12.27,11.76,11.82,12177700.0,145416084.0,153287400.0,0.07944358114235091,-0.5,-4.058441558441562,4.139610389610388
2023-12-08,12.0,12.08,11.33,11.33,8175000.0,94173360.0,153287400.0,0.05333119356189746,-0.4900000000000002,-4.145516074450084,6.345177664974619
2023-12-11,11.17,11.6,11.14,11.32,6776653.0,77347460.0,153287400.0,0.044208806464197316,-0.009999999999999787,-0.08826125330979595,4.060017652250654
2023-12-12,11.5,11.5,10.96,11.29,5419333.0,60453655.0,153287400.0,0.03535406693570378,-0.030000000000001137,-0.26501766784453595,4.770318021201406
2023-12-13,11.3,11.46,11.14,11.3,3518300.0,39785130.0,153287400.0,0.02295231049649221,0.010000000000001563,0.08857395925598865,2.8343666961913225
2023-12-14,11.25,12.4,11.25,11.67,7961900.0,93663656.0,153287400.0,0.05194099449791698,0.3699999999999992,3.2743362831858303,10.176991150442479
2023-12-15,11.61,11.7,11.29,11.47,5697800.0,65216059.0,153287400.0,0.037170700266297166,-0.1999999999999993,-1.713796058269057,3.5132819194515865
2023-12-18,11.4,11.49,11.08,11.14,4419000.0,49690464.0,153287400.0,0.02882820114373393,-0.33000000000000007,-2.8770706190061057,3.5745422842197048
2023-12-19,11.13,11.37,11.1,11.33,3339800.0,37569769.0,153287400.0,0.021787831224223255,0.1899999999999995,1.7055655296229766,2.423698384201073
2023-12-20,11.33,11.89,11.25,11.49,3658100.0,42464033.0,153287400.0,0.02386432283410117,0.16000000000000014,1.4121800529567574,5.648720211827013
2023-12-21,11.35,11.74,11.17,11.67,3660900.0,41831069.0,153287400.0,0.02388258917562696,0.17999999999999972,1.5665796344647598,4.960835509138384
2023-12-22,11.67,11.76,11.36,11.47,2854500.0,32732257.0,153287400.0,0.01862188281620016,-0.1999999999999993,-1.713796058269057,3.427592116538135
2023-12-25,11.44,11.46,11.03,11.18,3310400.0,37023292.0,153287400.0,0.021596034638202487,-0.2900000000000009,-2.528334786399311,3.7489102005231167
2023-12-26,11.12,11.18,10.91,11.01,2279400.0,25113613.0,153287400.0,0.014870106740671445,-0.16999999999999993,-1.5205724508050134,2.4150268336314813
2023-12-27,10.97,11.18,10.83,11.02,2510032.0,27553560.0,153287400.0,0.016374679197376955,0.009999999999999787,0.09082652134422275,3.178928247048135
2023-12-28,10.93,11.85,10.91,11.85,5097601.0,58846188.0,153287400.0,0.03325518601006997,0.8300000000000001,7.531760435571688,8.529945553539015
2023-12-29,11.77,11.95,11.72,11.92,3686944.0,43732325.0,153287400.0,0.024052492246590392,0.07000000000000028,0.5907172995780696,1.9409282700421828
2024-01-02,11.92,12.12,11.84,11.9,4352900.0,52017244.0,153287400.0,0.028396985009857302,-0.019999999999999574,-0.1677852348993203,2.3489932885905986
2024-01-03,11.88,11.93,11.74,11.84,2471000.0,29263768.0,153287400.0,0.016120046396507475,-0.0600000000000005,-0.5042016806722782,1.5966386554621805
2024-01-04,11.87,11.95,11.8,11.87,2751197.0,32658300.0,153287400.0,0.017947965716686432,0.02999999999999936,0.2533783783783772,1.26689189189188
2024-01-05,11.96,11.99,11.61,11.7,2826100.0,33380990.0,153287400.0,0.018436609923581454,-0.16999999999999993,-1.432181971356361,3.2013479359730477
2024-01-08,11.65,11.76,11.38,11.4,2334200.0,26966031.0,153287400.0,0.015227605139104714,-0.29999999999999893,-2.564102564102555,3.24786324786324
2024-01-09,11.47,11.82,11.46,11.67,2916600.0,33935562.0,153287400.0,0.019027004176468517,0.2699999999999996,2.368421052631575,3.1578947368421004
2024-01-10,11.73,11.85,11.43,11.62,2515000.0,29277966.0,153287400.0,0.016407088906198422,-0.05000000000000071,-0.42844901456727813,3.598971722365038
2024-01-11,11.62,11.91,11.47,11.84,2166900.0,25332941.0,153287400.0,0.01413619123293891,0.22000000000000064,1.8932874354561147,3.786574870912216
2024-01-12,11.89,11.93,11.66,11.75,2848600.0,33715816.0,153287400.0,0.018583393025127962,-0.08999999999999986,-0.7601351351351315,2.2804054054054017
2024-01-15,11.82,11.82,11.48,11.63,1731100.0,20149150.0,153287400.0,0.011293165648318127,-0.11999999999999922,-1.021276595744669,2.8936170212765946
2024-01-16,11.76,11.83,11.5,11.69,2237300.0,26054696.0,153287400.0,0.014595459248444425,0.05999999999999872,0.5159071367153878,2.8374892519346524
2024-01-17,11.81,11.81,11.31,11.38,2546900.0,29460018.0,153287400.0,0.01661519472572436,-0.3099999999999987,-2.6518391787852758,4.277159965782721
2024-01-18,11.33,11.54,10.8,11.15,3120600.0,34681542.0,153287400.0,0.020357837630490178,-0.23000000000000043,-2.0210896309314608,6.502636203866419
2024-01-19,11.14,11.29,10.95,10.99,2305540.0,25480236.0,153287400.0,0.015040636086201474,-0.16000000000000014,-1.4349775784753382,3.0493273542600883
2024-01-22,10.95,10.99,9.9,9.95,4023500.0,41846084.0,153287400.0,0.026248080403216443,-1.040000000000001,-9.463148316651516,9.918107370336667
2024-01-23,9.87,9.9,9.28,9.77,5174710.0,49695967.0,153287400.0,0.033758221484609954,-0.17999999999999972,-1.8090452261306456,6.231155778894483
2024-01-24,9.82,9.97,9.45,9.84,3564310.0,34705752.0,153287400.0,0.02325246562992131,0.07000000000000028,0.7164790174002178,5.322415557830106
2024-01-25,9.84,10.48,9.72,10.47,3316000.0,33685271.0,153287400.0,0.021632567321254063,0.6300000000000008,6.402439024390261,7.723577235772355
2024-01-26,10.55,10.74,10.41,10.5,2976000.0,31455979.0,153287400.0,0.019414511564551293,0.02999999999999936,0.2865329512893977,3.151862464183382
2024-01-29,10.39,10.57,9.9,9.92,3918684.0,39553737.0,153287400.0,0.02556429295558539,-0.5800000000000001,-5.52380952380952,6.3809523809523805
2024-01-30,9.71,9.86,9.29,9.34,2787800.0,26567415.0,153287400.0,0.01818675246628229,-0.5800000000000001,-5.846774193548388,5.7459677419354875
2024-01-31,9.48,9.48,8.59,8.69,3520938.0,31449899.0,153287400.0,0.022969519999686862,-0.6500000000000004,-6.959314775160608,9.528907922912213
2024-02-01,8.7,8.7,8.1,8.39,3666438.0,30664884.0,153287400.0,0.023918717389687608,-0.29999999999999893,-3.4522439585730647,6.904487917146142
2024-02-02,8.32,8.52,7.55,7.69,5125100.0,40531401.0,153287400.0,0.03343458105493341,-0.7000000000000002,-8.343265792610255,11.561382598331344
2024-02-05,7.58,7.58,6.92,6.92,1480800.0,10425984.0,153287400.0,0.009660285189780765,-0.7700000000000005,-10.013003901170359,8.58257477243173
2024-02-06,6.23,6.37,6.23,6.23,7796200.0,48743714.0,153287400.0,0.05086001850119449,-0.6899999999999995,-9.97109826589595,2.0231213872832323
2024-02-07,6.14,6.2,5.61,5.61,5720000.0,32298091.0,153287400.0,0.037315526259823054,-0.6200000000000001,-9.95184590690209,9.470304975922952
2024-02-08,5.35,5.9,5.05,5.79,14362562.0,76189132.0,153287400.0,0.09369695095617774,0.17999999999999972,3.208556149732611,15.15151515151516
2024-02-19,5.82,6.21,5.82,6.15,6696214.0,40189371.0,153287400.0,0.04368404709062845,0.3600000000000003,6.217616580310881,6.735751295336782
2024-02-20,6.07,6.3,6.07,6.27,5413553.0,33558462.0,153287400.0,0.035316359987839836,0.11999999999999922,1.9512195121951015,3.739837398373976
2024-02-21,6.26,6.9,6.2,6.9,5988572.0,40006727.0,153287400.0,0.03906760764420298,0.6300000000000008,10.047846889952172,11.164274322169062
2024-02-22,6.9,7.1,6.56,7.04,9465213.0,65030266.0,153287400.0,0.06174814759725848,0.13999999999999968,2.0289855072463725,7.82608695652174
2024-02-23,7.17,7.48,7.05,7.44,6539460.0,47407476.0,153287400.0,0.04266143205508085,0.40000000000000036,5.681818181818188,6.107954545454554
2024-02-26,7.5,7.93,7.38,7.66,6435700.0,49296752.0,153287400.0,0.04198453362768238,0.21999999999999975,2.9569892473118253,7.392473118279567
2024-02-27,7.66,7.99,7.55,7.99,4295443.0,33727483.0,153287400.0,0.02802215315805474,0.33000000000000007,4.308093994778073,5.744125326370762
2024-02-28,7.99,8.39,7.19,7.19,9653571.0,74965847.0,153287400.0,0.06297693743908502,-0.7999999999999998,-10.012515644555698,15.018773466833544
2024-02-29,6.82,7.44,6.82,7.33,6367257.0,45960652.0,153287400.0,0.04153803248016471,0.13999999999999968,1.947148817802491,8.623087621696802
2024-03-01,7.42,7.55,7.27,7.39,4784884.0,35419481.0,153287400.0,0.031215116180455797,0.05999999999999961,0.8185538881309684,3.8199181446111905
2024-03-04,7.4,7.7,7.08,7.27,4574700.0,33419940.0,153287400.0,0.029843940206435753,-0.1200000000000001,-1.6238159675236785,8.389715832205685
2024-03-05,7.29,7.29,6.9,6.97,3930900.0,27567993.0,153287400.0,0.02564398639418504,-0.2999999999999998,-4.1265474552957375,5.364511691884453
2024-03-06,6.97,7.34,6.93,7.27,4005000.0,28693073.0,153287400.0,0.026127392075278203,0.2999999999999998,4.304160688665704,5.882352941176473
2024-03-07,7.37,7.45,7.24,7.27,3187000.0,23450145.0,153287400.0,0.020791010872387425,0.0,0.0,2.888583218707015
2024-03-08,7.27,7.35,7.13,7.25,2692500.0,19463844.0,153287400.0,0.01756504448506531,-0.019999999999999574,-0.27510316368637433,3.026134800550203
2024-03-11,7.25,7.74,7.22,7.73,5908300.0,44493401.0,153287400.0,0.03854393772743226,0.4800000000000004,6.620689655172418,7.172413793103455
2024-03-12,7.73,7.8,7.6,7.78,5154052.0,39724926.0,153287400.0,0.033623455026310055,0.04999999999999982,0.6468305304010435,2.5873221216041418
2024-03-13,7.78,7.9,7.7,7.8,4339800.0,33856543.0,153287400.0,0.028311524626290222,0.019999999999999574,0.25706940874035134,2.5706940874036013
2024-03-14,7.81,7.89,7.68,7.84,3776900.0,29437583.0,153287400.0,0.024639337610266727,0.040000000000000036,0.512820512820511,2.6923076923076916
2024-03-15,7.8,8.09,7.75,8.04,3901600.0,30996641.0,153287400.0,0.02545284217750448,0.1999999999999993,2.5510204081632626,4.33673469387755
2024-03-18,8.15,8.4,8.05,8.25,3841200.0,31403977.0,153287400.0,0.025058811096019633,0.21000000000000085,2.6119402985074647,4.353233830845768
2024-03-19,8.26,8.37,8.19,8.22,3665700.0,30339933.0,153287400.0,0.023913902903956882,-0.02999999999999936,-0.3636363636363549,2.1818181818181785
2024-03-20,8.27,8.53,8.25,8.53,3710100.0,31213998.0,153287400.0,0.024203554891008654,0.3099999999999987,3.771289537712885,3.406326034063252
2024-03-21,8.53,8.82,8.45,8.66,4979400.0,42933754.0,153287400.0,0.032484078926252255,0.13000000000000078,1.5240328253224078,4.33763188745605
2024-03-22,8.67,8.78,8.31,8.36,4673700.0,39608237.0,153287400.0,0.030489785853240383,-0.3000000000000007,-3.4642032332563577,5.427251732101603
2024-03-25,8.43,8.43,8.06,8.12,3390300.0,27936253.0,153287400.0,0.02211727774102764,-0.2400000000000002,-2.8708133971291905,4.4258373205741535
2024-03-26,8.12,8.35,8.0,8.26,3285800.0,26915549.0,153287400.0,0.02143555178051164,0.14000000000000057,1.7241379310344973,4.310344827586203
2024-03-27,8.26,8.26,7.94,7.95,3355900.0,27143513.0,153287400.0,0.021892862687996534,-0.3099999999999996,-3.7530266343825613,3.8740920096852225
2024-03-28,7.95,8.29,7.95,8.23,3010447.0,24544940.0,153287400.0,0.019639233231172296,0.28000000000000025,3.5220125786163514,4.276729559748415
2024-03-29,8.19,8.43,8.19,8.36,2785726.0,23207356.0,153287400.0,0.018173222326166402,0.129999999999999,1.5795868772782384,2.9161603888213876
2024-04-01,8.46,8.6,8.36,8.56,2895568.0,24606679.0,153287400.0,0.018889797856836244,0.20000000000000107,2.392344497607679,2.8708133971291896
2024-04-02,8.62,8.77,8.55,8.69,3052732.0,26454274.0,153287400.0,0.019915087606678695,0.129999999999999,1.5186915887850372,2.5700934579439116
2024-04-03,8.67,8.75,8.46,8.68,4785443.0,41176919.0,153287400.0,0.031218762925067554,-0.009999999999999787,-0.11507479861909697,3.3371691599539606
2024-04-08,8.6,8.67,8.13,8.17,4564930.0,37973442.0,153287400.0,0.02978020372189756,-0.5099999999999998,-5.875576036866359,6.221198156682018
2024-04-09,8.16,8.99,8.12,8.61,13773160.0,120820665.0,153287400.0,0.08985187301761267,0.4399999999999995,5.385556915544676,10.64871481028153
2024-04-10,8.6,8.65,8.05,8.13,12668226.0,104192805.0,153287400.0,0.0826436223720932,-0.47999999999999865,-5.574912891986051,6.968641114982575
2024-04-11,8.09,8.29,7.81,8.14,6920693.0,56141386.0,153287400.0,0.04514847926183104,0.009999999999999787,0.12300123001229846,5.9040590405904
2024-04-12,8.13,8.26,7.88,7.89,4623045.0,37216103.0,153287400.0,0.030159328163958683,-0.2500000000000009,-3.0712530712530772,4.668304668304667
2024-04-15,7.74,7.88,7.1,7.1,6123150.0,44508456.0,153287400.0,0.03994555325486635,-0.79,-10.012674271229404,9.885931558935365
2024-04-16,6.7,6.74,6.39,6.39,1134700.0,7308417.0,153287400.0,0.007402434903325388,-0.71,-9.999999999999998,4.92957746478874
2024-04-17,6.01,6.76,6.01,6.72,7731650.0,50385150.0,153287400.0,0.050438914092091065,0.33000000000000007,5.164319248826299,11.737089201877934
2024-04-18,6.71,6.85,6.3,6.6,5434240.0,35728668.0,153287400.0,0.035451315633248395,-0.1200000000000001,-1.7857142857142905,8.184523809523807
2024-04-19,6.58,6.72,6.4,6.44,3607250.0,23496081.0,153287400.0,0.023532593024606068,-0.15999999999999925,-2.4242424242424176,4.84848484848484
2024-04-22,6.44,6.5,6.1,6.23,3438318.0,21595811.0,153287400.0,0.02243053245080809,-0.20999999999999996,-3.2608695652173947,6.211180124223608
2024-04-23,6.25,6.56,6.25,6.48,3893285.0,24990065.0,153287400.0,0.025398597666866293,0.25,4.01284109149278,4.975922953451037
2024-04-24,6.5,6.72,6.47,6.68,2808341.0,18629768.0,153287400.0,0.018320755652454147,0.1999999999999993,3.0864197530864113,3.8580246913580245
2024-04-25,6.72,6.86,6.57,6.82,2294800.0,15531206.0,153287400.0,0.014970571619063277,0.14000000000000057,2.095808383233533,4.341317365269462
2024-04-26,6.87,6.97,6.65,6.88,2440240.0,16606188.0,153287400.0,0.015919377587459895,0.05999999999999961,0.8797653958944274,4.6920821114369415
2024-04-29,6.89,7.47,6.83,7.35,4617800.0,33505856.0,153287400.0,0.030125111392064842,0.46999999999999975,6.83139534883721,9.302325581395344
2024-04-30,7.37,7.52,7.02,7.16,3944301.0,28297799.0,153287400.0,0.02573141040946614,-0.1899999999999995,-2.585034013605436,6.802721088435375
2024-05-06,7.25,7.81,7.23,7.61,5720900.0,43271525.0,153287400.0,0.03732139758388491,0.4500000000000002,6.28491620111733,8.100558659217866
2024-05-07,7.75,7.75,7.41,7.51,3962818.0,29632835.0,153287400.0,0.025852209640192213,-0.10000000000000053,-1.3140604467805628,4.467805519053875
2024-05-08,7.49,7.8,7.31,7.37,2982118.0,22240190.0,153287400.0,0.01945442352078514,-0.13999999999999968,-1.8641810918774926,6.524633821571241
2024-05-09,7.49,8.11,7.45,8.11,6638300.0,52474264.0,153287400.0,0.04330623391094115,0.7399999999999993,10.04070556309362,8.955223880597005
2024-05-10,8.11,8.15,7.57,7.64,14426990.0,111898001.0,153287400.0,0.09411725947468612,-0.46999999999999975,-5.79531442663378,7.15166461159063
2024-05-13,7.57,7.59,7.03,7.14,8336018.0,60108235.0,153287400.0,0.05438162562611147,-0.5,-6.544502617801051,7.329842931937168
2024-05-14,7.14,7.85,7.14,7.85,6176640.0,48199451.0,153287400.0,0.04029450561494291,0.71,9.943977591036424,9.943977591036415
2024-05-15,7.88,8.64,7.85,8.64,15491700.0,128704866.0,153287400.0,0.10106310107680083,0.7900000000000009,10.063694267515944,10.063694267515935
2024-05-16,8.41,8.43,7.92,7.95,19429700.0,157242716.0,153287400.0,0.12675340569414054,-0.6900000000000004,-7.986111111111116,5.902777777777775
2024-05-17,7.98,8.0,7.66,7.99,11807495.0,92134638.0,153287400.0,0.0770284772264387,0.040000000000000036,0.5031446540880502,4.276729559748426
2024-05-20,7.85,8.04,7.76,8.0,8474379.0,66790591.0,153287400.0,0.055284250368914864,0.009999999999999787,0.12515644555695093,3.5043804755944854
2024-05-21,7.91,8.4,7.84,8.05,9931318.0,80426554.0,153287400.0,0.06478887371042891,0.05000000000000071,0.6250000000000089,7.000000000000006
2024-05-22,7.91,8.03,7.72,7.96,6754500.0,53172894.0,153287400.0,0.04406428708426133,-0.09000000000000075,-1.1180124223602594,3.8509316770186284
2024-05-23,7.88,7.92,7.49,7.5,6036061.0,45921155.0,153287400.0,0.039377411320173736,-0.45999999999999996,-5.778894472361806,5.402010050251253
2024-05-24,7.58,7.61,7.31,7.31,4765700.0,35318871.0,153287400.0,0.031089965646230545,-0.1900000000000004,-2.533333333333343,4.00000000000001
2024-05-27,7.38,7.45,7.21,7.36,3298100.0,24196836.0,153287400.0,0.021515793209357065,0.05000000000000071,0.6839945280437965,3.2831737346101266
2024-05-28,7.33,7.45,7.23,7.26,2803700.0,20486640.0,153287400.0,0.018290479191375157,-0.10000000000000053,-1.3586956521739246,2.9891304347826053
2024-05-29,7.19,7.54,7.18,7.42,4142100.0,30681970.0,153287400.0,0.027021790440701583,0.16000000000000014,2.203856749311295,4.958677685950417
2024-05-30,7.43,7.45,7.0,7.04,5257511.0,37651454.0,153287400.0,0.0342983898219945,-0.3799999999999999,-5.121293800539084,6.06469002695418
2024-05-31,7.1,7.18,6.84,7.12,3848100.0,27229554.0,153287400.0,0.025103824580493896,0.08000000000000007,1.1363636363636465,4.829545454545452
2024-06-03,7.12,7.12,6.62,6.75,4879700.0,33270102.0,153287400.0,0.031833666694066176,-0.3700000000000001,-5.196629213483151,7.02247191011236
2024-06-04,6.65,6.7,6.44,6.61,3839900.0,25141813.0,153287400.0,0.025050330294596947,-0.13999999999999968,-2.0740740740740726,3.8518518518518485
2024-06-05,6.54,6.6,6.42,6.43,2629800.0,17127850.0,153287400.0,0.01715600890875571,-0.1800000000000006,-2.7231467473525006,2.7231467473524917
2024-06-06,6.53,6.61,6.03,6.07,4229000.0,26378099.0,153287400.0,0.027588699397341203,-0.35999999999999943,-5.598755832037316,9.020217729393469
2024-06-07,6.07,6.52,6.07,6.48,4190400.0,26717181.0,153287400.0,0.02733688483202142,0.41000000000000014,6.754530477759468,7.413509060955508
2024-06-11,6.46,6.48,6.2,6.31,2711900.0,17061980.0,153287400.0,0.017691604137065407,-0.17000000000000082,-2.6234567901234684,4.320987654320991
2024-06-12,6.28,6.63,6.26,6.6,3126400.0,20323972.0,153287400.0,0.020395675052222166,0.29000000000000004,4.5958795562599075,5.863708399366088
2024-06-13,6.58,6.63,6.41,6.47,2617900.0,16998266.0,153287400.0,0.017078376957271112,-0.1299999999999999,-1.9696969696969657,3.33333333333333
2024-06-14,6.47,6.58,6.37,6.49,1997900.0,12987295.0,153287400.0,0.013033687047989594,0.020000000000000462,0.30911901081918103,3.2457496136012365
2024-06-17,6.49,6.49,6.31,6.34,1914400.0,12224009.0,153287400.0,0.012488958648917001,-0.15000000000000036,-2.3112480739599484,2.773497688751935
2024-06-18,6.39,6.56,6.3,6.52,2484300.0,16130157.0,153287400.0,0.016206811518754968,0.17999999999999972,2.8391167192429068,4.100946372239744
2024-06-19,6.52,6.6,6.43,6.52,1982800.0,12916711.0,153287400.0,0.012935179277618383,0.0,0.0,2.607361963190183
2024-06-20,6.47,6.52,6.26,6.27,2129100.0,13510714.0,153287400.0,0.013889595622340779,-0.25,-3.834355828220859,3.98773006134969
2024-06-21,6.23,6.32,6.17,6.2,1680200.0,10499070.0,153287400.0,0.010961109654152918,-0.0699999999999994,-1.1164274322168932,2.3923444976076613
2024-06-24,6.13,6.2,5.92,5.95,2635600.0,15929770.0,153287400.0,0.0171938463304877,-0.25,-4.0322580645161255,4.5161290322580685
2024-06-25,6.04,6.19,5.95,6.08,2181300.0,13331051.0,153287400.0,0.014230132417928676,0.1299999999999999,2.184873949579824,4.033613445378155
2024-06-26,5.83,6.32,5.83,6.29,2436600.0,14962422.0,153287400.0,0.015895631343476373,0.20999999999999996,3.453947368421062,8.059210526315793
2024-06-27,6.25,6.42,6.18,6.18,2227000.0,14005171.0,153287400.0,0.014528265206403136,-0.11000000000000032,-1.748807631160576,3.8155802861685246
2024-06-28,6.16,6.52,6.16,6.35,3344300.0,21452497.0,153287400.0,0.021817187844532557,0.16999999999999993,2.7508090614886793,5.825242718446593
2024-07-01,6.35,6.41,6.17,6.3,2359800.0,14759280.0,153287400.0,0.015394611690197629,-0.04999999999999982,-0.7874015748031482,3.7795275590551216
2024-07-02,6.31,6.51,6.27,6.47,2108900.0,13543619.0,153287400.0,0.013757817015619027,0.16999999999999993,2.698412698412689,3.8095238095238133
2024-07-03,6.93,7.12,6.74,6.78,9661800.0,67202338.0,153287400.0,0.06303062091209062,0.3100000000000005,4.791344667697062,5.87326120556414
2024-07-04,6.71,6.84,6.71,6.72,6375300.0,43037645.0,153287400.0,0.04159050254619753,-0.0600000000000005,-0.8849557522124019,1.9174041297935085
2024-07-05,6.73,6.79,6.72,6.74,3406200.0,22983428.0,153287400.0,0.022221004466120502,0.020000000000000462,0.29761904761904656,1.041666666666671
2024-07-08,6.73,6.78,6.72,6.74,3833000.0,25831895.0,153287400.0,0.025005316810122684,0.0,0.0,0.8902077151335385
2024-07-09,6.74,6.76,6.68,6.76,4268000.0,28712574.0,153287400.0,0.027843123440021815,0.019999999999999574,0.29673590504450953,1.1869436201780426
2024-07-10,6.74,6.74,6.7,6.71,1995800.0,13405051.0,153287400.0,0.013019987291845253,-0.04999999999999982,-0.7396449704141994,0.5917159763313614
2024-07-11,6.73,6.75,6.71,6.75,2659097.0,17901745.0,153287400.0,0.017347133554356065,0.040000000000000036,0.5961251862891315,0.5961251862891213
2024-07-12,6.72,6.76,6.71,6.73,2022700.0,13625903.0,153287400.0,0.013195474644360855,-0.019999999999999574,-0.2962962962962945,0.740740740740738
2024-07-15,6.72,6.75,6.71,6.72,1997406.0,13418567.0,153287400.0,0.013030464343448973,-0.010000000000000675,-0.14858841010402246,0.594353640416048
2024-07-16,6.72,6.73,6.7,6.7,1700793.0,11411279.0,153287400.0,0.011095452072381683,-0.019999999999999574,-0.29761904761904656,0.4464285714285751
2024-07-17,6.7,6.71,6.66,6.7,1529700.0,10227420.0,153287400.0,0.009979293797141839,0.0,0.0,0.7462686567164152
2024-07-18,6.68,6.71,6.65,6.71,2231000.0,14885156.0,153287400.0,0.014554359980011403,0.009999999999999787,0.14925373134329067,0.8955223880596956
2024-07-19,6.7,6.71,6.68,6.71,1339000.0,8968059.0,153287400.0,0.008735225465367669,0.0,0.0,0.4470938897168443
2024-07-22,6.69,6.79,6.69,6.79,3330100.0,22444116.0,153287400.0,0.021724551398223206,0.08000000000000007,1.1922503725782407,1.4903129657227965
2024-07-23,6.77,6.79,6.71,6.71,2401200.0,16198324.0,153287400.0,0.0156646925970432,-0.08000000000000007,-1.178203240058906,1.178203240058911
2024-07-24,6.71,6.73,6.67,6.72,3488200.0,23367188.0,153287400.0,0.022755947325089995,0.009999999999999787,0.14903129657226621,0.8941877794336885
2024-07-25,6.72,6.74,6.7,6.73,1659068.0,11137737.0,153287400.0,0.010823250965180439,0.010000000000000675,0.14880952380953438,0.5952380952380958
2024-07-26,6.73,6.73,6.7,6.73,1189400.0,7994792.0,153287400.0,0.007759280932418451,0.0,0.0,0.44576523031203935
2024-07-29,6.72,6.75,6.7,6.75,2056768.0,13825894.0,153287400.0,0.013417723831182471,0.019999999999999574,0.2971768202080227,0.7429420505200567
2024-07-30,6.74,6.85,6.73,6.85,3490668.0,23727187.0,153287400.0,0.022772047800406297,0.09999999999999964,1.4814814814814836,1.7777777777777664
2024-07-31,6.84,6.91,6.81,6.89,2913900.0,19987750.0,153287400.0,0.019009390204282935,0.040000000000000036,0.5839416058394109,1.4598540145985481
2024-08-01,6.91,7.0,6.9,6.97,3408600.0,23680341.0,153287400.0,0.022236661330285463,0.08000000000000007,1.1611030478954953,1.4513788098693707
2024-08-02,6.99,6.99,6.87,6.88,5701700.0,39452500.0,153287400.0,0.03719614267056522,-0.08999999999999986,-1.2912482065997155,1.7216642754662856
2024-08-05,6.85,6.95,6.85,6.87,2886168.0,19867490.0,153287400.0,0.018828475138856816,-0.009999999999999787,-0.14534883720930258,1.453488372093031
2024-08-06,6.89,6.9,6.86,6.9,1679800.0,11559745.0,153287400.0,0.010958500176792091,0.03000000000000025,0.4366812227074357,0.5822416302765653
2024-08-07,6.9,6.94,6.89,6.91,1423900.0,9843135.0,153287400.0,0.009289087035203154,0.009999999999999787,0.14492753623187582,0.7246376811594305
2024-08-08,6.91,6.95,6.89,6.94,1635900.0,11319165.0,153287400.0,0.010672110036441352,0.03000000000000025,0.4341534008683201,0.8683068017366208
2024-08-09,6.94,6.97,6.93,6.93,1403500.0,9749788.0,153287400.0,0.009156003689800988,-0.010000000000000675,-0.14409221902018654,0.5763688760806921
2024-08-12,6.93,6.95,6.91,6.92,2132200.0,14770402.0,153287400.0,0.013909819071887188,-0.009999999999999787,-0.1443001443001357,0.5772005772005777
2024-08-13,6.91,6.95,6.9,6.94,1853400.0,12836637.0,153287400.0,0.012091013351390918,0.020000000000000462,0.28901734104047616,0.7225433526011535
2024-08-14,6.94,6.95,6.91,6.93,1997000.0,13845667.0,153287400.0,0.013027815723927734,-0.010000000000000675,-0.14409221902018654,0.5763688760806921
2024-08-15,6.93,6.95,6.91,6.95,2333400.0,16185803.0,153287400.0,0.01522238618438306,0.020000000000000462,0.28860028860029363,0.5772005772005777
2024-08-16,6.95,6.97,6.93,6.93,1619900.0,11259461.0,153287400.0,0.01056773094200828,-0.020000000000000462,-0.2877697841726645,0.5755395683453243
2024-08-19,6.94,6.96,6.94,6.95,1933300.0,13429897.0,153287400.0,0.012612256454216068,0.020000000000000462,0.28860028860029363,0.2886002886002824
2024-08-20,6.95,6.96,6.94,6.94,2676700.0,18586849.0,153287400.0,0.01746197012931265,-0.009999999999999787,-0.14388489208633226,0.2877697841726557
2024-08-21,6.95,6.95,6.94,6.95,1576400.0,10948213.0,153287400.0,0.010283950279018367,0.009999999999999787,0.14409221902016434,0.14409221902016983
2024-08-22,6.96,7.09,6.94,6.99,6649800.0,46438639.0,153287400.0,0.04338125638506492,0.040000000000000036,0.575539568345329,2.158273381294956
2024-08-23,6.98,6.99,6.95,6.97,5000700.0,34796686.0,153287400.0,0.032623033595716285,-0.020000000000000462,-0.28612303290415086,0.5722460658082981
2024-08-26,6.96,6.98,6.95,6.97,3389807.0,23611590.0,153287400.0,0.02211406156018042,0.0,0.0,0.43041606886657463
2024-08-27,6.97,6.98,6.96,6.97,2036100.0,14180498.0,153287400.0,0.013282892135948552,0.0,0.0,0.286944045911054
2024-08-28,6.97,6.98,6.96,6.98,2102407.0,14664949.0,153287400.0,0.013715458674359407,0.010000000000000675,0.1434720229555264,0.286944045911054
2024-08-29,6.97,6.98,6.97,6.97,2513859.0,17531689.0,153287400.0,0.016399645372026664,-0.010000000000000675,-0.14326647564470996,0.14326647564470882
2024-08-30,6.98,7.0,6.97,6.99,3687207.0,25741961.0,153287400.0,0.024054207977955135,0.020000000000000462,0.2869440459110528,0.43041606886657463
2024-09-02,7.0,7.0,6.98,6.99,3889900.0,27207368.0,153287400.0,0.025376514964700295,0.0,0.0,0.28612303290414265
2024-09-03,6.99,7.0,6.98,6.98,2663100.0,18608370.0,153287400.0,0.01737324789904454,-0.009999999999999787,-0.14306151645206988,0.28612303290414265
2024-09-04,6.99,6.99,6.98,6.99,3694800.0,25813033.0,153287400.0,0.02410374238195703,0.009999999999999787,0.14326647564468775,0.14326647564469608
2024-09-06,7.3,7.69,7.1,7.69,5591259.0,42279509.0,153287400.0,0.03647565944754755,0.7000000000000002,10.014306151645203,8.440629470672398
2024-09-09,8.38,8.46,8.2,8.46,4908533.0,41297910.0,153287400.0,0.032021764345927975,0.7700000000000005,10.013003901170347,3.3810143042913077
2024-09-10,9.31,9.31,8.09,8.14,19499180.0,169990666.0,153287400.0,0.12720667191171617,-0.3200000000000003,-3.78250591016549,14.420803782505917
2024-09-11,7.81,8.84,7.6,8.6,15833200.0,131124253.0,153287400.0,0.1032909423736067,0.4599999999999991,5.651105651105648,15.233415233415235
2024-09-12,8.14,8.29,7.81,7.89,12420688.0,99363505.0,153287400.0,0.08102876035473235,-0.71,-8.255813953488367,5.581395348837204
2024-09-13,7.92,8.24,7.36,7.6,8967289.0,68666177.0,153287400.0,0.058499844083727694,-0.29000000000000004,-3.675538656527255,11.15335868187579
2024-09-18,7.57,7.63,7.11,7.16,7340300.0,53420616.0,153287400.0,0.04788586667919216,-0.4399999999999995,-5.789473684210522,6.842105263157889
2024-09-19,7.2,7.88,7.1,7.88,7732619.0,58234034.0,153287400.0,0.05044523555099767,0.7199999999999998,10.05586592178771,10.893854748603356
2024-09-20,8.0,8.02,7.61,7.63,9597522.0,74445480.0,153287400.0,0.06261129094759256,-0.25,-3.172588832487311,5.203045685279179
2024-09-23,7.71,7.86,7.62,7.72,6328393.0,48891626.0,153287400.0,0.04128449565978678,0.08999999999999986,1.1795543905635641,3.145478374836176
2024-09-24,7.71,8.33,7.64,8.09,9523300.0,76434658.0,153287400.0,0.062127089375904346,0.3700000000000001,4.792746113989632,8.937823834196896
2024-09-25,8.07,8.19,7.88,8.04,9456693.0,76195486.0,153287400.0,0.061692565729472876,-0.05000000000000071,-0.6180469715698522,3.8318912237329994
2024-09-26,8.18,8.27,8.06,8.18,9232571.0,75180499.0,153287400.0,0.06023046251681482,0.14000000000000057,1.7412935323383172,2.6119402985074514
2024-09-27,8.18,8.6,8.11,8.4,8497800.0,70660555.0,153287400.0,0.055437041792084675,0.22000000000000064,2.689486552567244,5.990220048899758
2024-09-30,8.51,9.15,8.35,9.02,13232672.0,115861529.0,153287400.0,0.0863258950181163,0.6199999999999992,7.380952380952377,9.52380952380953
2024-10-08,9.9,9.9,8.76,9.33,13004292.0,120669386.0,153287400.0,0.08483601391895225,0.3100000000000005,3.436807095343686,12.638580931263865
2024-10-09,9.2,9.21,8.4,8.4,8111942.0,70249725.0,153287400.0,0.052919822503349916,-0.9299999999999997,-9.967845659163988,8.681672025723477
2024-10-10,8.45,8.7,8.2,8.43,5898053.0,49693164.0,153287400.0,0.03847708944114128,0.02999999999999936,0.3571428571428559,5.952380952380952
2024-10-11,8.39,8.52,8.12,8.26,4143100.0,34524578.0,153287400.0,0.02702831413410365,-0.16999999999999993,-2.016607354685651,4.74495848161329
2024-10-14,8.26,8.46,8.23,8.46,3860591.0,32264915.0,153287400.0,0.025185312034779115,0.20000000000000107,2.421307506053272,2.784503631961264
2024-10-15,8.4,8.63,8.29,8.38,3875300.0,32790403.0,153287400.0,0.02528126904103012,-0.08000000000000007,-0.9456264775413725,4.018912529550846
2024-10-16,8.2,8.49,8.14,8.43,3605000.0,30125754.0,153287400.0,0.023517914714451416,0.049999999999998934,0.5966587112171684,4.176610978520282
2024-10-17,8.49,8.97,8.45,8.65,5971400.0,52182825.0,153287400.0,0.038955582781102685,0.22000000000000064,2.609727164887321,6.168446026097288
2024-10-18,8.65,8.98,8.53,8.73,5599002.0,49143193.0,153287400.0,0.036526172405559755,0.08000000000000007,0.9248554913294793,5.2023121387283355
2024-10-21,8.7,9.02,8.66,8.96,5380502.0,47579699.0,153287400.0,0.03510074539720812,0.23000000000000043,2.6345933562428536,4.123711340206179
2024-10-22,8.96,9.86,8.83,9.86,11571617.0,110424156.0,153287400.0,0.07548968147414595,0.8999999999999986,10.044642857142838,11.495535714285705
2024-10-23,10.1,10.77,9.95,10.28,15128001.0,156102609.0,153287400.0,0.09869044031016248,0.41999999999999993,4.259634888438124,8.31643002028398
2024-10-24,10.2,10.5,9.99,10.21,8009663.0,81450364.0,153287400.0,0.05225258566587991,-0.06999999999999851,-0.6809338521400643,4.9610894941634225
2024-10-25,10.18,10.93,10.18,10.7,10166993.0,107856714.0,153287400.0,0.06632634515296104,0.48999999999999844,4.799216454456401,7.345739471106757
2024-10-28,10.63,11.2,10.36,11.05,12114973.0,131766494.0,153287400.0,0.07903436942631945,0.3500000000000014,3.2710280373831946,7.850467289719626
2024-10-29,11.0,11.0,10.3,10.32,9258192.0,97817051.0,153287400.0,0.06039760606546918,-0.7300000000000004,-6.606334841628958,6.334841628959269
2024-10-30,10.49,10.69,10.16,10.34,6189581.0,64514990.0,153287400.0,0.04037892873125906,0.019999999999999574,0.19379844961240345,5.135658914728676
2024-10-31,10.27,10.3,9.95,10.26,6120100.0,62000440.0,153287400.0,0.039925655989990046,-0.08000000000000007,-0.7736943907156735,3.384912959381058
2024-11-01,10.15,10.24,9.6,9.71,4968800.0,48860554.0,153287400.0,0.032414927776190344,-0.5499999999999989,-5.360623781676399,6.2378167641325595
2024-11-04,9.75,10.05,9.54,9.85,3425788.0,33674393.0,153287400.0,0.022348790572480192,0.1399999999999988,1.441812564366618,5.252317198764176
2024-11-05,9.81,10.06,9.81,10.0,4913000.0,48820526.0,153287400.0,0.03205090568435501,0.15000000000000036,1.522842639593902,2.5380710659898478
2024-11-06,9.95,10.16,9.88,9.97,3742503.0,37506695.0,153287400.0,0.02441494212831583,-0.02999999999999936,-0.29999999999998916,2.7999999999999936
2024-11-07,9.74,10.18,9.74,10.13,3707500.0,37352421.0,153287400.0,0.02418659328816328,0.16000000000000014,1.6048144433299827,4.413239719157467
2024-11-08,10.22,10.28,9.83,9.99,4972100.0,49916433.0,153287400.0,0.03243645596441717,-0.14000000000000057,-1.3820335636722691,4.4422507403751155
2024-11-11,10.0,10.35,9.91,10.3,4447926.0,45411051.0,153287400.0,0.029016905499082115,0.3100000000000005,3.103103103103111,4.404404404404399
2024-11-12,10.36,10.58,10.15,10.3,4322826.0,44917795.0,153287400.0,0.02820079145448354,0.0,0.0,4.174757281553395
2024-11-13,10.29,10.44,10.0,10.38,3782501.0,38746771.0,153287400.0,0.024675876817011704,0.08000000000000007,0.7766990291262044,4.27184466019417
2024-11-14,10.38,10.64,10.05,10.05,3396491.0,35197887.0,153287400.0,0.022157665926879833,-0.33000000000000007,-3.1791907514450823,5.684007707129092
2024-11-15,9.99,10.16,9.7,9.7,3192300.0,31758820.0,153287400.0,0.02082558644741838,-0.3500000000000014,-3.4825870646766344,4.577114427860705
2024-11-18,9.81,10.0,9.34,9.45,3545600.0,34212509.0,153287400.0,0.02313040732636864,-0.25,-2.577319587628868,6.804123711340209
2024-11-19,9.44,9.68,9.25,9.65,2565100.0,24211284.0,153287400.0,0.016733925945641978,0.20000000000000107,2.1164021164021385,4.550264550264547
2024-11-20,9.67,10.07,9.6,9.99,2622100.0,25915378.0,153287400.0,0.017105776469559793,0.33999999999999986,3.523316062176174,4.87046632124353
2024-11-21,10.05,10.15,9.86,9.99,2320500.0,23223251.0,153287400.0,0.015138230539496396,0.0,0.0,2.902902902902912
2024-11-22,10.07,10.08,9.43,9.49,2291300.0,22313927.0,153287400.0,0.014947738692156041,-0.5,-5.005005005005003,6.5065065065065095
2024-11-25,9.49,9.95,9.49,9.91,2452700.0,23870928.0,153287400.0,0.01600066280724965,0.41999999999999993,4.425711275026334,4.847207586933604
2024-11-26,9.93,10.06,9.73,9.79,1901200.0,18806265.0,153287400.0,0.012402845896009717,-0.120000000000001,-1.2108980827447158,3.3299697275479323
2024-11-27,9.78,9.78,9.27,9.71,2140000.0,20320373.0,153287400.0,0.013960703880423309,-0.0799999999999983,-0.8171603677221473,5.209397344228804
2024-11-28,9.85,10.31,9.79,9.95,3497100.0,35014772.0,153287400.0,0.02281400819636839,0.23999999999999844,2.471678681771361,5.3553038105046475
2024-11-29,10.05,10.19,9.86,10.02,2214905.0,22171831.0,153287400.0,0.014449361134705135,0.07000000000000028,0.7035175879396949,3.3165829145728654
2024-12-02,10.15,10.5,9.95,10.4,5672605.0,58766107.0,153287400.0,0.03700633581103209,0.3800000000000008,3.79241516966069,5.489021956087832
2024-12-03,10.35,10.44,10.16,10.29,4033600.0,41453767.0,153287400.0,0.026313969706577317,-0.11000000000000121,-1.057692307692315,2.6923076923076863
2024-12-04,10.21,10.4,10.05,10.12,2400800.0,24507072.0,153287400.0,0.015662083119682375,-0.16999999999999993,-1.6520894071914483,3.4013605442176837
2024-12-05,10.12,10.29,10.01,10.29,2262700.0,23112523.0,153287400.0,0.014761161060856925,0.16999999999999993,1.679841897233203,2.766798418972326
2024-12-06,10.35,10.38,10.08,10.32,2080000.0,21376147.0,153287400.0,0.013569282276299291,0.030000000000001137,0.291545189504383,2.915451895043739
2024-12-09,10.33,10.62,10.17,10.28,3142987.0,32620743.0,153287400.0,0.020503883554682252,-0.040000000000000924,-0.387596899224818,4.360465116279063
2024-12-10,10.58,10.58,10.19,10.22,2602876.0,26900078.0,153287400.0,0.01698036498759846,-0.05999999999999872,-0.583657587548625,3.793774319066154
2024-12-11,10.15,10.39,10.15,10.37,4030687.0,41575381.0,153287400.0,0.026294966187697097,0.14999999999999858,1.4677103718199414,2.3483365949119395
2024-12-12,10.37,10.64,10.33,10.6,3504000.0,36820492.0,153287400.0,0.022859021680842653,0.23000000000000043,2.2179363548698205,2.9893924783028014
2024-12-13,10.6,10.6,10.4,10.42,1855100.0,19452136.0,153287400.0,0.012102103630174431,-0.17999999999999972,-1.6981132075471694,1.886792452830182
2024-12-16,10.4,10.54,10.36,10.43,2424100.0,25331945.0,153287400.0,0.015814085175950534,0.009999999999999787,0.09596928982724684,1.7274472168905923
2024-12-17,10.48,10.48,9.5,9.54,4048346.0,39744325.0,153287400.0,0.0264101680894842,-0.8900000000000006,-8.533077660594445,9.395973154362421
2024-12-18,9.54,9.62,9.17,9.3,3427900.0,32038718.0,153287400.0,0.022362568612945357,-0.23999999999999844,-2.51572327044024,4.716981132075464
2024-12-19,9.22,9.3,9.05,9.24,2426259.0,22256941.0,153287400.0,0.0158281698300056,-0.0600000000000005,-0.6451612903225823,2.6881720430107525
2024-12-20,9.28,9.63,9.2,9.53,2645400.0,25143054.0,153287400.0,0.017257778525827955,0.28999999999999915,3.1385281385281294,4.65367965367967
2024-12-23,9.53,9.64,8.58,8.58,5009850.0,44410489.0,153287400.0,0.032682725390345196,-0.9499999999999993,-9.968520461699892,11.122770199370416
2024-12-24,8.72,8.8,8.29,8.5,4361800.0,37087336.0,153287400.0,0.028455045881135697,-0.08000000000000007,-0.9324009324009341,5.944055944055962
2024-12-25,8.48,8.55,8.04,8.18,3685200.0,30256050.0,153287400.0,0.02404111492529719,-0.3200000000000003,-3.764705882352948,6.000000000000019
2024-12-26,8.28,8.71,8.24,8.41,4068324.0,34608083.0,153287400.0,0.026540498436270692,0.23000000000000043,2.8117359413202925,5.745721271393651
2024-12-27,8.58,8.76,8.37,8.53,2424088.0,20884419.0,153287400.0,0.01581400689162971,0.11999999999999922,1.4268727705112783,4.637336504161719
2024-12-30,8.53,8.54,8.03,8.27,3314400.0,27292685.0,153287400.0,0.021622129411810756,-0.2599999999999998,-3.0480656506447823,5.978898007033996
2024-12-31,8.27,8.46,8.08,8.1,2850779.0,23433876.0,153287400.0,0.018597608153051066,-0.16999999999999993,-2.055622732769047,4.594921402660227
2025-01-02,8.27,8.46,8.03,8.13,3694456.0,30592588.0,153287400.0,0.024101498231426717,0.030000000000001137,0.37037037037037646,5.308641975308661
2025-01-03,8.19,8.23,7.53,7.58,4333141.0,33774393.0,153287400.0,0.02826808335192586,-0.5500000000000007,-6.7650676506765155,8.61008610086101
2025-01-06,7.57,7.71,7.21,7.58,3199100.0,24104490.0,153287400.0,0.020869947562552435,0.0,0.0,6.596306068601583
2025-01-07,7.63,8.06,7.59,8.06,2838688.0,22294650.0,153287400.0,0.018518730176126673,0.4800000000000004,6.33245382585752,6.200527704485497
2025-01-08,8.1,8.22,7.62,7.95,3030100.0,24076130.0,153287400.0,0.019767443377603118,-0.11000000000000032,-1.3647642679900818,7.444168734491321
2025-01-09,7.95,8.08,7.81,8.01,1944900.0,15567387.0,153287400.0,0.012687931297680043,0.05999999999999961,0.7547169811320753,3.396226415094345
2025-01-10,8.01,8.09,7.61,7.62,2359500.0,18435544.0,153287400.0,0.015392654582177008,-0.3899999999999997,-4.868913857677903,5.992509363295874
2025-01-13,7.43,7.85,7.32,7.69,2919600.0,22192806.0,153287400.0,0.019046575256674716,0.07000000000000028,0.9186351706036877,6.955380577427812
2025-01-14,7.74,8.28,7.69,8.24,3202200.0,25903006.0,153287400.0,0.020890171012098842,0.5499999999999998,7.152145643693109,7.672301690507139
2025-01-15,8.25,8.36,8.16,8.27,2479441.0,20483523.0,153287400.0,0.01617511289251432,0.02999999999999936,0.3640776699028958,2.427184466019409
2025-01-16,8.32,8.51,8.19,8.27,2141300.0,17848019.0,153287400.0,0.013969184681845997,0.0,0.0,3.8694074969770296
2025-01-17,8.25,8.31,7.98,8.11,1996300.0,16194340.0,153287400.0,0.013023249138546286,-0.16000000000000014,-1.93470374848852,3.9903264812575583
2025-01-20,8.11,8.5,7.92,8.37,3673200.0,30410987.0,153287400.0,0.023962830604472383,0.2599999999999998,3.20591861898889,7.15166461159063
2025-01-21,8.39,8.44,7.88,7.98,4208000.0,33894975.0,153287400.0,0.027451701835897797,-0.3899999999999988,-4.659498207885293,6.690561529271203
2025-01-22,7.95,8.05,7.8,7.92,2246500.0,17763060.0,153287400.0,0.014655477227743442,-0.0600000000000005,-0.7518796992481258,3.132832080200512
2025-01-23,8.07,8.28,8.01,8.09,2475700.0,20202223.0,153287400.0,0.01615070775549719,0.16999999999999993,2.146464646464641,3.409090909090904
2025-01-24,8.05,8.26,7.96,8.22,2292000.0,18611012.0,153287400.0,0.014952305277537489,0.13000000000000078,1.6069221260816002,3.7082818294190334
2025-01-27,7.94,8.43,7.94,8.07,2083300.0,17077969.0,153287400.0,0.013590810464526112,-0.15000000000000036,-1.8248175182481785,5.961070559610697
2025-02-05,8.23,8.55,8.11,8.38,2624161.0,21904998.0,153287400.0,0.017119221801661453,0.3100000000000005,3.841387856257761,5.452292441140041
2025-02-06,8.39,8.68,8.27,8.65,3243900.0,27506974.0,153287400.0,0.021162209026965036,0.2699999999999996,3.221957040572776,4.892601431980908
2025-02-07,8.69,8.82,8.5,8.73,2763779.0,24123373.0,153287400.0,0.01803004682707124,0.08000000000000007,0.9248554913294793,3.699421965317922
2025-02-10,8.8,9.03,8.61,9.02,2211079.0,19566966.0,153287400.0,0.014424401483748827,0.28999999999999915,3.3218785796105266,4.810996563573882
2025-02-11,9.12,9.12,8.75,8.88,2179500.0,19330419.0,153287400.0,0.014218389769804954,-0.1399999999999988,-1.552106430155198,4.101995565410191
2025-02-12,8.86,9.02,8.74,8.85,1896600.0,16755274.0,153287400.0,0.012372836906360209,-0.030000000000001137,-0.33783783783785104,3.153153153153146
2025-02-13,8.83,8.89,8.7,8.72,1363261.0,11956526.0,153287400.0,0.008893496790995216,-0.129999999999999,-1.4689265536723006,2.146892655367246
2025-02-14,8.64,8.85,8.62,8.7,1280700.0,11170678.0,153287400.0,0.008354894140027165,-0.02000000000000135,-0.2293577981651529,2.6376146788990873
2025-02-17,8.75,9.05,8.72,8.92,2544000.0,22611768.0,153287400.0,0.016596276014858365,0.22000000000000064,2.5287356321839205,3.7931034482758634
2025-02-18,8.95,9.08,8.75,8.84,2912805.0,26063374.0,153287400.0,0.019002246760007672,-0.08000000000000007,-0.8968609865470878,3.6995515695067276
2025-02-19,8.82,9.04,8.71,8.93,2128585.0,19062981.0,153287400.0,0.013886235920238715,0.08999999999999986,1.0180995475113086,3.7330316742081253
2025-02-20,8.88,8.99,8.84,8.94,1466812.0,13087507.0,153287400.0,0.009569031766472651,0.009999999999999787,0.11198208286673506,1.679731243001124
2025-02-21,8.94,8.99,8.78,8.91,1754812.0,15581811.0,153287400.0,0.011447855466267939,-0.02999999999999936,-0.3355704697986517,2.3489932885906137
2025-02-24,9.0,9.45,8.75,9.15,3488973.0,31935051.0,153287400.0,0.022760990140089792,0.2400000000000002,2.6936026936027035,7.856341189674515
2025-02-25,9.0,9.53,8.99,9.29,3599401.0,33332654.0,153287400.0,0.023481388555093245,0.1399999999999988,1.5300546448087315,5.901639344262286
2025-02-26,9.34,9.5,9.17,9.25,3131000.0,29172003.0,153287400.0,0.020425684041871672,-0.03999999999999915,-0.43057050592033574,3.552206673842843
2025-02-27,9.24,9.56,9.16,9.3,2676300.0,24938926.0,153287400.0,0.017459360651951823,0.05000000000000071,0.5405405405405572,4.324324324324328
2025-02-28,9.22,9.3,8.97,9.02,3132500.0,28418313.0,153287400.0,0.020435469581974775,-0.28000000000000114,-3.010752688172058,3.5483870967741944
2025-03-03,9.19,9.49,9.03,9.38,4407200.0,41160397.0,153287400.0,0.028751221561589536,0.3600000000000012,3.9911308203991247,5.099778270509987
2025-03-04,9.29,10.32,9.29,10.32,7151825.0,71146147.0,153287400.0,0.046656313565237584,0.9399999999999995,10.021321961620465,10.98081023454159
2025-03-05,10.06,11.13,9.82,9.99,18455586.0,189388896.0,153287400.0,0.12039858461947948,-0.33000000000000007,-3.197674418604657,12.693798449612407
2025-03-06,9.99,10.05,9.67,9.83,13669230.0,133447292.0,153287400.0,0.08917386556233585,-0.16000000000000014,-1.6016016016015988,3.803803803803812
2025-03-07,9.64,9.7,9.41,9.5,7767026.0,73850250.0,153287400.0,0.05066969626988259,-0.33000000000000007,-3.3570701932858604,2.950152594099686
2025-03-10,9.55,9.71,9.45,9.71,6000100.0,57709726.0,153287400.0,0.03914281278174201,0.21000000000000085,2.210526315789485,2.7368421052631744
2025-03-11,9.58,9.66,9.43,9.56,3439500.0,32793411.0,153287400.0,0.022438243456409334,-0.15000000000000036,-1.5447991761071145,2.3686920700309
2025-03-12,9.56,9.7,9.53,9.66,3826500.0,36830672.0,153287400.0,0.02496291280300925,0.09999999999999964,1.0460251046024993,1.7782426778242668
2025-03-13,9.63,9.77,9.36,9.52,4146600.0,39528025.0,153287400.0,0.027051147061010885,-0.14000000000000057,-1.449275362318847,4.244306418219463
2025-03-14,9.46,9.52,9.3,9.52,3648950.0,34374419.0,153287400.0,0.02380463103947226,0.0,0.0,2.3109243697478874
2025-03-17,9.57,9.68,9.49,9.52,3868150.0,36999309.0,153287400.0,0.02523462463320534,0.0,0.0,1.995798319327726
2025-03-18,9.58,10.1,9.53,9.85,6289847.0,61827543.0,153287400.0,0.041033033373910704,0.33000000000000007,3.4663865546218586,5.987394957983196
2025-03-19,9.79,10.04,9.73,9.86,5148293.0,50718803.0,153287400.0,0.03358588507600755,0.009999999999999787,0.10152284263960087,3.147208121827398
2025-03-20,9.87,9.89,9.67,9.78,2940300.0,28724355.0,153287400.0,0.019181615710097504,-0.08000000000000007,-0.8113590263691739,2.2312373225152196
2025-03-21,9.73,9.76,9.46,9.52,2982726.0,28579407.0,153287400.0,0.019458389926373595,-0.2599999999999998,-2.6584867075664653,3.0674846625766765
2025-03-24,9.47,9.56,8.83,9.06,4186292.0,38423908.0,153287400.0,0.027310085499525728,-0.4599999999999991,-4.831932773109237,7.668067226890761
2025-03-25,9.05,9.25,8.91,9.15,3546800.0,32164914.0,153287400.0,0.023138235758451118,0.08999999999999986,0.9933774834437026,3.752759381898453
2025-03-26,9.06,9.46,9.06,9.42,3102900.0,29092589.0,153287400.0,0.02024236825727359,0.2699999999999996,2.950819672131133,4.371584699453555
2025-03-27,9.42,9.47,9.2,9.3,3027400.0,28256436.0,153287400.0,0.019749829405417536,-0.11999999999999922,-1.27388535031846,2.866242038216575
2025-03-28,9.32,9.33,9.15,9.18,2456150.0,22667313.0,153287400.0,0.016023169549486783,-0.120000000000001,-1.2903225806451757,1.9354838709677389
2025-03-31,9.17,9.21,8.92,9.12,2541300.0,23014337.0,153287400.0,0.016578662042672783,-0.0600000000000005,-0.6535947712418388,3.159041394335522
2025-04-01,9.1,9.48,9.1,9.38,1996649.0,18695765.0,153287400.0,0.013025525907543608,0.26000000000000156,2.8508771929824706,4.166666666666676
2025-04-02,9.35,9.5,9.27,9.3,1633400.0,15304783.0,153287400.0,0.010655800802936185,-0.08000000000000007,-0.8528784648187626,2.452025586353949
2025-04-03,9.22,9.38,9.21,9.33,1844988.0,17136995.0,153287400.0,0.01203613604249273,0.02999999999999936,0.3225806451612856,1.8279569892473109
2025-04-07,9.0,9.0,8.4,8.4,1440900.0,12261344.0,153287400.0,0.009399989823038293,-0.9299999999999997,-9.967845659163988,6.430868167202569
2025-04-08,8.15,8.48,7.78,7.95,3734900.0,30015195.0,153287400.0,0.024365342487379916,-0.4500000000000002,-5.35714285714286,8.333333333333336
2025-04-09,7.95,8.41,7.35,8.32,3458500.0,27350438.0,153287400.0,0.022562193631048607,0.3700000000000001,4.654088050314464,13.33333333333334
2025-04-10,8.69,8.85,8.38,8.66,2725300.0,23679465.0,153287400.0,0.017779021628653104,0.33999999999999986,4.086538461538458,5.6490384615384475
2025-04-11,8.54,8.82,8.43,8.55,2883700.0,24921345.0,153287400.0,0.018812374663540514,-0.10999999999999943,-1.2702078521939941,4.503464203233263
2025-04-14,8.57,8.84,8.57,8.68,2322700.0,20258706.0,153287400.0,0.015152582664980945,0.129999999999999,1.5204678362572999,3.1578947368421
2025-04-15,8.68,8.83,8.65,8.8,1744500.0,15249775.0,153287400.0,0.011380583139905824,0.120000000000001,1.382488479262678,2.0737327188940062
2025-04-16,8.76,8.76,8.42,8.6,2432600.0,20875730.0,153287400.0,0.015869536569868104,-0.20000000000000107,-2.272727272727282,3.8636363636363615
2025-04-17,8.6,8.88,8.51,8.75,1554500.0,13612901.0,153287400.0,0.0101410813935131,0.15000000000000036,1.744186046511631,4.302325581395361
2025-04-18,9.0,9.0,8.51,8.69,1845400.0,15988298.0,153287400.0,0.01203882380417438,-0.0600000000000005,-0.6857142857142895,5.600000000000002
2025-04-21,8.69,8.85,8.55,8.84,1859405.0,16268303.0,153287400.0,0.01213018813027033,0.15000000000000036,1.7261219792865434,3.4522439585730607
2025-04-22,8.82,8.87,8.66,8.78,1635200.0,14285669.0,153287400.0,0.010667543451059905,-0.0600000000000005,-0.6787330316742168,2.375565610859718
2025-04-23,8.78,8.94,8.74,8.86,1715400.0,15200454.0,153287400.0,0.011190743661905676,0.08000000000000007,0.9111617312072884,2.2779043280182156
2025-04-24,8.83,8.9,8.62,8.75,1624800.0,14238789.0,153287400.0,0.010599697039678408,-0.10999999999999943,-1.241534988713311,3.160270880361187
2025-04-25,8.75,8.84,8.69,8.75,1292800.0,11330949.0,153287400.0,0.008433830830192175,0.0,0.0,1.7142857142857182
2025-04-28,8.75,8.76,8.4,8.55,2096800.0,17834749.0,153287400.0,0.013678880325454017,-0.1999999999999993,-2.28571428571428,4.114285714285708
2025-04-29,8.47,8.87,8.4,8.84,2417600.0,21224629.0,153287400.0,0.0157716811688371,0.28999999999999915,3.391812865497057,5.497076023391799
2025-04-30,9.14,9.37,8.92,9.26,3509400.0,32355583.0,153287400.0,0.022894249625213813,0.41999999999999993,4.751131221719462,5.090497737556554
2025-05-06,9.45,9.88,9.36,9.78,5038901.0,48940026.0,153287400.0,0.032872245207368644,0.5199999999999996,5.6155507559395135,5.61555075593954
2025-05-07,9.78,10.07,9.77,9.95,4323301.0,43017833.0,153287400.0,0.02820389020884952,0.16999999999999993,1.7382413087934534,3.0674846625766947
2025-05-08,9.94,10.16,9.82,10.09,3978200.0,39785013.0,153287400.0,0.02595255709210281,0.14000000000000057,1.407035175879412,3.417085427135677
2025-05-09,10.05,10.13,9.93,10.03,2292500.0,23005686.0,153287400.0,0.014955567124238522,-0.0600000000000005,-0.594648166501488,1.9821605550049661
2025-05-12,10.05,10.29,9.95,10.03,2013400.0,20294550.0,153287400.0,0.013134804295721631,0.0,0.0,3.389830508474575
2025-05-13,10.11,10.18,9.9,9.98,2489300.0,24839076.0,153287400.0,0.016239429985765302,-0.049999999999998934,-0.49850448654036317,2.7916251246261155
2025-05-14,9.99,10.07,9.88,9.98,2144800.0,21390162.0,153287400.0,0.01399201760875323,0.0,0.0,1.903807615230456
2025-05-15,10.01,10.13,9.85,10.05,1730301.0,17315687.0,153287400.0,0.011287953217289875,0.07000000000000028,0.7014028056112176,2.805611222444901
2025-05-16,10.1,10.17,9.91,10.12,1956354.0,19753973.0,153287400.0,0.01276265368190732,0.06999999999999851,0.6965174129353047,2.5870646766169134
2025-05-19,10.12,10.42,10.09,10.27,2639900.0,27059944.0,153287400.0,0.017221898212116588,0.15000000000000036,1.4822134387351804,3.2608695652173925
2025-05-20,10.34,10.49,10.18,10.46,2273400.0,23567681.0,153287400.0,0.014830964580259043,0.19000000000000128,1.8500486854917453,3.0185004868549226
2025-05-21,10.46,10.6,10.28,10.4,2121121.0,22097379.0,153287400.0,0.013837543072685686,-0.0600000000000005,-0.5736137667304075,3.0592734225621436
2025-05-22,10.29,10.52,10.1,10.21,3399321.0,34965945.0,153287400.0,0.022176127979207684,-0.1899999999999995,-1.8269230769230704,4.038461538461537
2025-05-23,10.26,10.42,10.07,10.13,2980569.0,30517143.0,153287400.0,0.019444318319705337,-0.08000000000000007,-0.7835455435847183,3.42801175318315
2025-05-26,10.14,10.29,10.03,10.15,1774707.0,18037605.0,153287400.0,0.011577644346502061,0.019999999999999574,0.19743336623889718,2.5666337611056242
2025-05-27,10.2,10.22,10.04,10.2,2342600.0,23765523.0,153287400.0,0.015282404163682078,0.049999999999998934,0.49261083743841194,1.7733990147783398
2025-05-28,10.2,10.32,10.02,10.12,1822500.0,18439892.0,153287400.0,0.011889431225267047,-0.08000000000000007,-0.7843137254901933,2.9411764705882426
2025-05-29,10.16,10.32,10.07,10.27,2364400.0,24206382.0,153287400.0,0.015424620679847137,0.15000000000000036,1.4822134387351804,2.470355731225297
2025-05-30,10.32,10.35,9.98,10.07,1960500.0,19760725.0,153287400.0,0.012789700914752289,-0.1999999999999993,-1.9474196689386547,3.602726387536507
2025-06-03,10.01,10.26,9.95,10.16,1954000.0,19835504.0,153287400.0,0.012747296907638853,0.08999999999999986,0.893743793445867,3.0784508440913654
2025-06-04,10.25,10.36,10.15,10.32,1802600.0,18537235.0,153287400.0,0.011759609726565914,0.16000000000000014,1.5748031496062964,2.0669291338582587
2025-06-05,10.38,10.5,10.14,10.18,2616700.0,26893273.0,153287400.0,0.017070548525188634,-0.14000000000000057,-1.3565891472868241,3.48837209302325
2025-06-06,10.23,10.35,10.08,10.35,2741700.0,28108806.0,153287400.0,0.017886010200447004,0.16999999999999993,1.6699410609037235,2.6522593320235717
2025-06-09,10.35,10.5,10.31,10.42,2268400.0,23594076.0,153287400.0,0.014798346113248708,0.07000000000000028,0.6763285024154575,1.8357487922705265
2025-06-10,10.42,10.55,10.12,10.31,2512100.0,26005113.0,153287400.0,0.016388170195332428,-0.10999999999999943,-1.055662188099804,4.126679462571992
2025-06-11,10.31,10.49,10.28,10.32,2054300.0,21352890.0,153287400.0,0.01340162335586617,0.009999999999999787,0.09699321047527132,2.0368574199806098
2025-06-12,10.28,10.38,10.14,10.24,2150753.0,21992526.0,153287400.0,0.014030853155575736,-0.08000000000000007,-0.7751937984496138,2.325581395348839
2025-06-13,10.15,10.25,9.9,10.01,2507400.0,25145321.0,153287400.0,0.016357508836342714,-0.23000000000000043,-2.24609375,3.4179687499999964
2025-06-16,9.91,10.27,9.9,10.13,2258333.0,22837176.0,153287400.0,0.0147326720917701,0.120000000000001,1.1988011988012026,3.6963036963036884
2025-06-17,10.26,10.26,9.92,10.02,2727601.0,27520945.0,153287400.0,0.017794032647171262,-0.11000000000000121,-1.0858835143139345,3.3563672260612027
2025-06-18,10.03,10.2,9.76,9.88,2435800.0,24060183.0,153287400.0,0.01589041238875472,-0.1399999999999988,-1.3972055888223478,4.391217564870255
2025-06-19,9.88,9.99,9.59,9.67,2767000.0,27062162.0,153287400.0,0.018051059643519298,-0.21000000000000085,-2.1255060728745057,4.048582995951421
2025-06-20,9.7,9.92,9.52,9.65,2501233.0,24300266.0,153287400.0,0.016317277219132165,-0.019999999999999574,-0.20682523267838704,4.136504653567739
2025-06-23,9.62,9.95,9.48,9.93,3511000.0,34493338.0,153287400.0,0.02290468753465712,0.27999999999999936,2.901554404145079,4.870466321243511
2025-06-24,9.99,10.43,9.95,10.4,3558100.0,36482602.0,153287400.0,0.023211953493894474,0.47000000000000064,4.733131923464251,4.8338368580060465
2025-06-25,10.4,10.59,10.34,10.42,3431848.0,35849663.0,153287400.0,0.022388324154496715,0.019999999999999574,0.19230769230769162,2.4038461538461537
2025-06-26,10.58,10.74,10.32,10.58,3481502.0,36756925.0,153287400.0,0.02271225162668295,0.16000000000000014,1.5355086372360827,4.030710172744721
2025-06-27,10.51,10.83,10.51,10.75,3304300.0,35255146.0,153287400.0,0.02155624010844988,0.16999999999999993,1.6068052930056753,3.0245746691871482
2025-06-30,10.8,11.15,10.65,11.0,4679900.0,51227912.0,153287400.0,0.0305302327523332,0.25,2.3255813953488413,4.651162790697675
2025-07-01,10.95,11.04,10.81,10.95,3754100.0,40996021.0,153287400.0,0.0244905974006996,-0.05000000000000071,-0.454545454545463,2.090909090909079
2025-07-02,10.9,12.05,10.9,11.23,15467655.0,178174881.0,153287400.0,0.10090623886894813,0.28000000000000114,2.5570776255707806,10.502283105022835
2025-07-03,11.0,12.35,10.79,12.35,18137231.0,209719288.0,153287400.0,0.11832173420646445,1.1199999999999992,9.973285841495994,13.89136242208371
2025-07-04,13.06,13.49,11.71,11.95,28868010.0,364940798.0,153287400.0,0.18832604636780323,-0.40000000000000036,-3.238866396761142,14.412955465587041
2025-07-07,11.22,11.7,11.22,11.52,16001594.0,183613315.0,153287400.0,0.10438949320035437,-0.4299999999999997,-3.5983263598326376,4.016736401673629
2025-07-08,11.53,11.68,11.22,11.31,10565500.0,119727411.0,153287400.0,0.06892608263953855,-0.20999999999999908,-1.822916666666663,3.993055555555548
2025-07-09,11.29,11.36,10.97,11.05,9895449.0,109527572.0,153287400.0,0.06455487535179016,-0.2599999999999998,-2.298850574712641,3.448275862068954
2025-07-10,11.07,11.12,10.83,10.89,6128900.0,66896172.0,153287400.0,0.03998306449192823,-0.16000000000000014,-1.4479638009049833,2.6244343891402635
2025-07-11,10.95,10.96,10.7,10.9,4984800.0,54016348.0,153287400.0,0.03251930687062342,0.009999999999999787,0.09182736455464191,2.3875114784205835
2025-07-14,10.95,11.1,10.9,11.1,5115093.0,56398141.0,153287400.0,0.03336929845505893,0.1999999999999993,1.83486238532109,1.8348623853210944
2025-07-15,11.0,11.05,10.7,10.9,4878000.0,53096650.0,153287400.0,0.03182257641528267,-0.1999999999999993,-1.8018018018017945,3.1531531531531662
2025-07-16,10.9,11.06,10.81,11.06,3186600.0,35038664.0,153287400.0,0.020788401395026596,0.16000000000000014,1.4678899082568808,2.2935779816513757
2025-07-17,11.06,11.2,11.03,11.09,3739100.0,41530000.0,153287400.0,0.024392741999668597,0.02999999999999936,0.2712477396021651,1.5370705244122957
2025-07-18,11.11,11.15,11.0,11.03,3159600.0,34952779.0,153287400.0,0.02061226167317079,-0.0600000000000005,-0.5410279531109174,1.35256988277728
2025-07-21,11.14,11.31,11.07,11.3,4678300.0,52613257.0,153287400.0,0.030519794842889893,0.27000000000000135,2.447869446962847,2.1758839528558496
2025-07-22,11.3,11.34,11.13,11.25,3862400.0,43371082.0,153287400.0,0.025197113396143455,-0.05000000000000071,-0.4424778761062065,1.8584070796460093
2025-07-23,11.24,11.24,10.95,10.96,3620698.0,40054017.0,153287400.0,0.023620323653477063,-0.28999999999999915,-2.5777777777777677,2.577777777777786
2025-07-24,10.97,11.23,10.97,11.21,3331840.0,37168196.0,153287400.0,0.021735902624742804,0.25,2.2810218978102093,2.3722627737226256
2025-07-25,11.23,11.28,11.07,11.21,2501553.0,28001850.0,153287400.0,0.01631936480102083,0.0,0.0,1.8733273862622575
2025-07-28,11.34,11.46,11.24,11.46,2917600.0,33129198.0,153287400.0,0.019033527869870583,0.25,2.2301516503122176,1.9625334522747604
2025-07-29,11.48,11.49,11.23,11.34,2085700.0,23648500.0,153287400.0,0.013606467328691073,-0.120000000000001,-1.0471204188481797,2.2687609075043613
2025-07-30,11.34,11.4,11.03,11.24,2565600.0,28765131.0,153287400.0,0.01673718779234301,-0.09999999999999964,-0.8818342151675429,3.2627865961199385
2025-07-31,11.23,11.39,11.02,11.08,2534900.0,28337391.0,153287400.0,0.016536910404899553,-0.16000000000000014,-1.4234875444839923,3.291814946619226
2025-08-01,11.11,11.4,11.09,11.36,3825900.0,43292458.0,153287400.0,0.02495899858696801,0.27999999999999936,2.5270758122743597,2.7978339350180548
2025-08-04,11.45,11.51,11.3,11.43,2687900.0,30711632.0,153287400.0,0.0175350354954158,0.07000000000000028,0.616197183098599,1.8485915492957665
2025-08-05,11.49,11.6,11.45,11.6,2675700.0,30858518.0,153287400.0,0.017455446435910585,0.16999999999999993,1.4873140857392775,1.3123359580052525
2025-08-06,11.63,11.68,11.52,11.67,2404505.0,27932404.0,153287400.0,0.015686253403737034,0.07000000000000028,0.603448275862073,1.3793103448275874
2025-08-07,11.66,11.69,11.56,11.58,2625000.0,30498184.0,153287400.0,0.017124695180425788,-0.08999999999999986,-0.7712082262210762,1.1139674378748843
2025-08-08,11.72,11.72,11.43,11.68,2639100.0,30529931.0,153287400.0,0.017216679257394934,0.09999999999999964,0.8635578583765069,2.5043177892918904
2025-08-11,11.78,11.96,11.65,11.87,3271100.0,38688469.0,153287400.0,0.021339653487501255,0.1899999999999995,1.6267123287671215,2.6541095890411004
2025-08-12,11.89,11.95,11.7,11.79,2202600.0,25999286.0,153287400.0,0.014369087087392702,-0.08000000000000007,-0.6739679865206405,2.1061499578770007
2025-08-13,11.83,11.83,11.63,11.71,2197500.0,25784068.0,153287400.0,0.01433581625104216,-0.0799999999999983,-0.6785411365563876,1.6963528413910034
2025-08-14,11.8,11.82,11.3,11.33,2981600.0,34281050.0,153287400.0,0.01945104424760287,-0.3800000000000008,-3.2450896669513285,4.440649017933386
2025-08-15,11.39,11.56,11.22,11.25,3221750.0,36698704.0,153287400.0,0.021017709218109252,-0.08000000000000007,-0.7060900264783787,3.0008826125330965
2025-08-18,11.49,11.5,11.16,11.21,3814200.0,43175572.0,153287400.0,0.024882671374163827,-0.03999999999999915,-0.3555555555555534,3.022222222222221
2025-08-19,11.28,11.6,11.17,11.6,4165200.0,47712962.0,153287400.0,0.027172487758289333,0.3899999999999988,3.479036574487049,3.8358608385370174
2025-08-20,11.63,11.79,11.48,11.7,3186500.0,37038917.0,153287400.0,0.02078774902568639,0.09999999999999964,0.8620689655172376,2.6724137931034373
2025-08-21,11.74,11.83,11.59,11.77,2906400.0,34090460.0,153287400.0,0.01896046250376743,0.07000000000000028,0.5982905982905962,2.0512820512820533
2025-08-22,11.8,11.8,11.42,11.56,3530200.0,40823448.0,153287400.0,0.023029942447976806,-0.20999999999999908,-1.7841971112999122,3.2285471537808053
2025-08-25,11.61,11.68,11.38,11.44,3733100.0,42885576.0,153287400.0,0.024353599839256196,-0.120000000000001,-1.038062283737029,2.5951557093425515
2025-08-26,11.47,11.74,11.24,11.6,3916370.0,45356499.0,153287400.0,0.025549197129053007,0.16000000000000014,1.3986013986013957,4.370629370629371
2025-08-27,11.69,12.03,10.97,10.97,6088510.0,69019347.0,153287400.0,0.03971957251541875,-0.629999999999999,-5.431034482758612,9.137931034482747
2025-08-28,11.02,11.26,10.35,10.73,5646750.0,60695425.0,153287400.0,0.036837665718121644,-0.2400000000000002,-2.1877848678213296,8.29535095715588
2025-08-29,10.72,10.81,10.61,10.66,3382093.0,36200410.0,153287400.0,0.022063737789276873,-0.07000000000000028,-0.6523765144454852,1.863932898415667
2025-09-01,10.68,11.02,10.68,10.89,3598600.0,39133093.0,153287400.0,0.023476163076678186,0.23000000000000043,2.157598499061919,3.189493433395871
2025-09-02,10.95,10.99,10.51,10.91,3190638.0,34239457.0,153287400.0,0.020814744068984144,0.019999999999999574,0.18365472910926162,4.407713498622593
2025-09-03,10.9,10.95,10.53,10.57,2220300.0,23831178.0,153287400.0,0.014484556460609288,-0.33999999999999986,-3.1164069660861604,3.8496791934005494
2025-09-04,10.61,11.07,10.58,10.88,4350000.0,47452627.0,153287400.0,0.028378066298991308,0.3100000000000005,2.9328287606433356,4.635761589403976
2025-09-05,10.9,11.43,10.83,11.42,6009286.0,67352675.0,153287400.0,0.039202739429333396,0.5399999999999991,4.9632352941176405,5.514705882352938
2025-09-08,11.49,11.57,11.09,11.42,4931370.0,55831235.0,153287400.0,0.03217074593215098,0.0,0.0,4.203152364273208
2025-09-09,11.47,11.76,11.38,11.57,4504099.0,52092012.0,153287400.0,0.029383360928556423,0.15000000000000036,1.3134851138353776,3.3274956217162783
2025-09-10,11.57,11.63,11.32,11.5,3036388.0,34793572.0,153287400.0,0.019808464361715315,-0.07000000000000028,-0.6050129645635338,2.679343128781335
2025-09-11,11.59,11.59,11.3,11.48,3155020.0,36108313.0,153287400.0,0.020582383157389323,-0.019999999999999574,-0.17391304347825765,2.521739130434775
2025-09-12,11.54,11.61,11.2,11.34,2580747.0,29336431.0,153287400.0,0.01683600217630412,-0.14000000000000057,-1.2195121951219523,3.5714285714285725
2025-09-15,11.35,11.53,11.25,11.39,2661971.0,30305084.0,153287400.0,0.017365882649193608,0.05000000000000071,0.44091710758378255,2.46913580246913
2025-09-16,11.39,11.59,11.3,11.53,2790888.0,32028403.0,153287400.0,0.018206897631507873,0.1399999999999988,1.2291483757681965,2.5460930640913007
2025-09-17,11.57,11.68,11.41,11.48,2927100.0,33757283.0,153287400.0,0.01909550295719022,-0.049999999999998934,-0.43365134431916363,2.3417172593235005
2025-09-18,11.53,11.53,11.1,11.25,3688721.0,41764073.0,153287400.0,0.024064084849765865,-0.23000000000000043,-2.0034843205574915,3.7456445993031338
2025-09-19,11.49,11.49,10.94,11.1,2609000.0,28972439.0,153287400.0,0.017020316085992717,-0.15000000000000036,-1.333333333333342,4.8888888888888955
2025-09-22,11.09,11.14,10.81,10.98,2147400.0,23553292.0,153287400.0,0.014008979211598604,-0.11999999999999922,-1.08108108108107,2.9729729729729737
2025-09-23,11.03,11.05,10.14,10.65,4545804.0,47801974.0,153287400.0,0.029655431561889628,-0.33000000000000007,-3.0054644808743203,8.287795992714027
2025-09-24,10.62,10.98,10.52,10.94,3091500.0,33416021.0,153287400.0,0.020167998152490027,0.28999999999999915,2.7230046948356623,4.319248826291087
2025-09-25,10.91,11.19,10.78,10.82,3041300.0,33391577.0,153287400.0,0.019840508743706266,-0.11999999999999922,-1.0968921389396646,3.747714808043877
2025-09-26,10.8,11.12,10.71,10.95,2427970.0,26569369.0,153287400.0,0.015839331869416533,0.129999999999999,1.2014787430683738,3.789279112754144
2025-09-29,11.02,11.29,10.79,11.23,3287700.0,36598215.0,153287400.0,0.021447946797975567,0.28000000000000114,2.5570776255707806,4.566210045662101
2025-09-30,11.23,11.75,11.11,11.4,4237276.0,48643661.0,153287400.0,0.027642689483936708,0.16999999999999993,1.513802315227064,5.699020480854858
2025-10-09,11.4,11.51,11.2,11.22,3780800.0,42926904.0,153287400.0,0.024664780014534787,-0.17999999999999972,-1.5789473684210464,2.7192982456140395
2025-10-10,11.23,11.41,11.11,11.25,2613490.0,29426832.0,153287400.0,0.017049607469367997,0.02999999999999936,0.2673796791443861,2.6737967914438565
2025-10-13,10.9,11.3,10.45,11.24,3367500.0,37343080.0,153287400.0,0.02196853753146051,-0.009999999999999787,-0.0888888888888828,7.555555555555568
2025-10-14,11.3,11.43,11.11,11.2,2430400.0,27395996.0,153287400.0,0.015855184444383556,-0.040000000000000924,-0.3558718861210064,2.8469750889679744
2025-10-15,11.24,11.61,11.15,11.4,3957401.0,45074209.0,153287400.0,0.025816870793033218,0.20000000000000107,1.7857142857143016,4.10714285714285
2025-10-16,11.4,11.49,11.24,11.29,2177400.0,24644077.0,153287400.0,0.014204690013660613,-0.11000000000000121,-0.9649122807017685,2.1929824561403506
2025-10-17,11.37,11.37,10.99,11.15,3149800.0,35223386.0,153287400.0,0.020548329477830533,-0.1399999999999988,-1.2400354295836968,3.365810451727184
2025-10-20,11.36,11.38,11.21,11.35,2484600.0,28049967.0,153287400.0,0.016208768626775585,0.1999999999999993,1.7937219730941534,1.5246636771300441
2025-10-21,11.35,11.69,11.25,11.65,3485680.0,40053709.0,153287400.0,0.022739507617716787,0.3000000000000007,2.643171806167399,3.87665198237885
2025-10-22,11.63,11.77,11.55,11.75,2589100.0,30253399.0,153287400.0,0.016890494587291586,0.09999999999999964,0.8583690987124415,1.8884120171673722
2025-10-23,11.67,11.82,11.56,11.78,2991700.0,34960556.0,153287400.0,0.019516933550963744,0.02999999999999936,0.2553191489361728,2.212765957446807
2025-10-24,11.85,11.94,11.76,11.93,2597300.0,30797294.0,153287400.0,0.016943988873188532,0.15000000000000036,1.2733446519524572,1.5280135823429517
2025-10-27,12.11,12.2,11.83,12.02,3092600.0,37180012.0,153287400.0,0.0201751742152323,0.08999999999999986,0.7544006705783701,3.1014249790444195
2025-10-28,12.09,12.21,11.97,12.14,2162500.0,26123096.0,153287400.0,0.014107486981969817,0.120000000000001,0.9983361064891838,1.9966722129783712
2025-10-29,12.24,13.34,12.18,12.49,8039416.0,100427577.0,153287400.0,0.05244668511567161,0.34999999999999964,2.883031301482708,9.555189456342669
2025-10-30,12.68,12.72,12.31,12.46,6187500.0,77318638.0,153287400.0,0.04036535292528936,-0.02999999999999936,-0.24019215372297342,3.2826261008807056
2025-10-31,12.35,12.72,12.35,12.55,5459900.0,68690423.0,153287400.0,0.035618713605945436,0.08999999999999986,0.7223113964687,2.969502407704663
2025-11-03,12.62,12.62,12.41,12.48,3550900.0,44366154.0,153287400.0,0.023164982901399594,-0.07000000000000028,-0.5577689243027928,1.6733067729083588
2025-11-04,12.64,12.64,12.4,12.51,2733700.0,34177955.0,153287400.0,0.017833820653230466,0.02999999999999936,0.24038461538460343,1.9230769230769247
2025-11-05,12.52,12.69,12.45,12.62,3321000.0,41770601.0,153287400.0,0.021665185788264398,0.10999999999999943,0.8792965627497873,1.9184652278177474
2025-11-06,12.73,12.92,12.61,12.9,4349500.0,55636874.0,153287400.0,0.028374804452290275,0.28000000000000114,2.2187004754358197,2.456418383518229
2025-11-07,12.9,12.92,12.7,12.89,2523500.0,32404946.0,153287400.0,0.016462540300115992,-0.009999999999999787,-0.07751937984495916,1.705426356589152
2025-11-10,13.13,13.19,12.8,12.98,2820800.0,36524245.0,153287400.0,0.018402034348550502,0.08999999999999986,0.6982156710628296,3.0256012412722946
2025-11-11,13.04,13.25,12.97,13.17,3233901.0,42486066.0,153287400.0,0.021096978616637767,0.1899999999999995,1.4637904468412843,2.1571648690292706
2025-11-12,13.08,13.31,12.9,12.98,2908000.0,37988360.0,153287400.0,0.01897090041321074,-0.1899999999999995,-1.4426727410781992,3.1131359149582396
2025-11-13,12.96,13.26,12.84,13.2,3478800.0,45584392.0,153287400.0,0.022694624607110563,0.21999999999999886,1.6949152542372836,3.235747303543913
2025-11-14,12.84,13.62,12.84,13.42,3639077.0,48571876.0,153287400.0,0.023740222614513654,0.22000000000000064,1.6666666666666607,5.909090909090905
2025-11-17,13.5,13.58,13.26,13.26,3022100.0,40460024.0,153287400.0,0.01971525383038658,-0.16000000000000014,-1.1922503725782407,2.384500745156485
2025-11-18,13.41,13.41,13.1,13.33,2756000.0,36475801.0,153287400.0,0.017979299016096562,0.07000000000000028,0.5279034690799378,2.337858220211165
2025-11-19,13.38,13.38,12.51,12.7,4875000.0,62579624.0,153287400.0,0.03180300533507646,-0.6300000000000008,-4.726181545386354,6.5266316579144865
2025-11-20,12.7,13.0,12.38,12.58,4106400.0,51855278.0,153287400.0,0.026788894586247794,-0.11999999999999922,-0.9448818897637712,4.8818897637795216
2025-11-21,12.52,12.64,11.66,11.86,3969600.0,47864643.0,153287400.0,0.02589645332884503,-0.7200000000000006,-5.723370429252784,7.790143084260735
2025-11-24,11.86,12.24,11.8,12.06,3584900.0,42916992.0,153287400.0,0.02338678847706987,0.20000000000000107,1.6863406408094583,3.709949409780772
2025-11-25,12.09,12.47,12.05,12.32,2585838.0,31893121.0,153287400.0,0.016869214299414043,0.2599999999999998,2.1558872305140975,3.482587064676616
2025-11-26,12.36,12.54,12.02,12.06,2149338.0,26365109.0,153287400.0,0.01402162212941181,-0.2599999999999998,-2.110389610389607,4.220779220779217
2025-11-27,12.12,12.35,12.07,12.29,2286000.0,27948215.0,153287400.0,0.014913163117125086,0.22999999999999865,1.9071310116086204,2.321724709784406
2025-11-28,12.3,12.52,12.14,12.52,1574200.0,19470323.0,153287400.0,0.010269598153533819,0.23000000000000043,1.8714401952807158,3.091944670463784
2025-12-01,12.52,12.7,12.18,12.26,2613400.0,32477305.0,153287400.0,0.01704902033696181,-0.2599999999999998,-2.076677316293929,4.153354632587856
2025-12-02,12.26,12.26,11.92,12.06,2678694.0,32277782.0,153287400.0,0.01747497837395637,-0.1999999999999993,-1.631321370309946,2.7732463295269154
2025-12-03,12.08,12.25,11.82,11.94,3272900.0,39101506.0,153287400.0,0.021351396135624975,-0.120000000000001,-0.9950248756218971,3.565505804311772
2025-12-04,11.94,12.04,11.71,11.82,2487400.0,29503290.0,153287400.0,0.016227034968301374,-0.11999999999999922,-1.005025125628134,2.763819095477373
2025-12-05,11.82,12.05,11.6,12.02,2500038.0,29642183.0,153287400.0,0.016309481405516697,0.1999999999999993,1.6920473773265554,3.80710659898478
2025-12-08,12.06,12.3,12.02,12.18,2354900.0,28643959.0,153287400.0,0.0153626455925275,0.16000000000000014,1.331114808652245,2.3294509151414404
2025-12-09,12.22,12.22,11.96,11.97,1700300.0,20531059.0,153287400.0,0.011092235891534463,-0.20999999999999908,-1.724137931034475,2.1346469622331674
2025-12-10,11.94,12.0,11.66,11.69,2045700.0,24208604.0,153287400.0,0.013345519592608395,-0.28000000000000114,-2.3391812865497186,2.8404344193817868
2025-12-11,11.71,11.78,11.26,11.33,3125300.0,35732050.0,153287400.0,0.020388498989479892,-0.35999999999999943,-3.0795551753635575,4.448246364414025
2025-12-12,11.32,11.55,11.09,11.14,2337500.0,26409676.0,153287400.0,0.015249133327331535,-0.1899999999999995,-1.6769638128861342,4.06001765225067
2025-12-15,11.05,11.45,11.0,11.29,2863500.0,32219572.0,153287400.0,0.01868059605681876,0.14999999999999858,1.346499102333909,4.039497307001789
2025-12-16,11.28,11.38,11.0,11.09,1995900.0,22200286.0,153287400.0,0.01302063966118546,-0.1999999999999993,-1.7714791851195733,3.3658104517272
2025-12-17,11.0,11.22,10.81,11.11,2214200.0,24393409.0,153287400.0,0.014444761930856679,0.019999999999999574,0.18034265103696878,3.697024346257891
2025-12-18,11.08,11.47,10.97,11.29,2635100.0,29801070.0,153287400.0,0.017190584483786665,0.17999999999999972,1.6201620162016095,4.5004500450045
2025-12-19,11.29,11.8,11.28,11.67,2625201.0,30258358.0,153287400.0,0.017126006442799605,0.3800000000000008,3.3658104517271914,4.605845881310907
2025-12-22,11.78,11.89,11.43,11.46,3286600.0,38188588.0,153287400.0,0.021440770735233292,-0.20999999999999908,-1.7994858611825149,3.941730934018859
2025-12-23,11.4,11.61,11.25,11.54,2748833.0,31462059.0,153287400.0,0.017932543705483948,0.0799999999999983,0.698080279232105,3.1413612565444975
2025-12-24,11.51,11.75,11.41,11.67,2054498.0,23932646.0,153287400.0,0.01340291504715978,0.13000000000000078,1.1265164644714165,2.9462738301559783
2025-12-25,11.67,11.8,11.55,11.76,1910700.0,22318786.0,153287400.0,0.012464820983329353,0.08999999999999986,0.7712082262210762,2.1422450728363325
2025-12-26,11.77,11.93,11.6,11.6,1873610.0,21987515.0,153287400.0,0.01222285719504669,-0.16000000000000014,-1.3605442176870763,2.8061224489795924
2025-12-29,11.56,11.71,11.41,11.63,2263100.0,26168188.0,153287400.0,0.014763770538217752,0.030000000000001137,0.2586206896551868,2.5862068965517304
2025-12-30,11.7,11.72,11.4,11.44,1810800.0,20835798.0,153287400.0,0.011813104012462864,-0.19000000000000128,-1.6337059329320835,2.7515047291487553
2025-12-31,11.46,11.68,11.26,11.62,1944996.0,22310156.0,153287400.0,0.012688557572246642,0.17999999999999972,1.5734265734265618,3.6713286713286704
2026-01-05,11.66,11.88,11.52,11.67,3142601.0,36948239.0,153287400.0,0.020501365409029054,0.05000000000000071,0.43029259896729677,3.0981067125645545
2026-01-06,11.7,11.94,11.57,11.72,2715988.0,31863166.0,153287400.0,0.017718272995693056,0.05000000000000071,0.42844901456726703,3.1705227077977653
2026-01-07,11.68,11.74,11.42,11.46,2180067.0,25203889.0,153287400.0,0.014222088703963926,-0.2599999999999998,-2.2184300341296925,2.7303754266211624
2026-01-08,11.46,12.08,11.41,11.96,3868650.0,45823295.0,153287400.0,0.025237886479906373,0.5,4.363001745200701,5.846422338568934
2026-01-09,12.08,12.23,11.8,12.05,2897101.0,34890079.0,153287400.0,0.018899798678821612,0.08999999999999986,0.7525083612040184,3.5953177257525057
2026-01-12,12.23,12.31,12.03,12.25,2588000.0,31564467.0,153287400.0,0.01688331852454931,0.1999999999999993,1.6597510373443924,2.323651452282167
2026-01-13,12.25,12.64,12.04,12.39,3672600.0,45527103.0,153287400.0,0.02395891638843114,0.14000000000000057,1.1428571428571566,4.897959183673481
2026-01-14,12.4,12.87,12.29,12.62,3625900.0,45764171.0,153287400.0,0.023654259906554616,0.22999999999999865,1.8563357546408366,4.681194511702986
2026-01-15,12.61,13.13,12.4,13.1,3549600.0,45818938.0,153287400.0,0.023156502099976908,0.4800000000000004,3.803486529318545,5.784469096671953
2026-01-16,13.23,13.3,12.66,12.86,3531883.0,45746663.0,153287400.0,0.023040921823972486,-0.2400000000000002,-1.8320610687022953,4.8854961832061115
2026-01-19,12.88,13.54,12.88,13.35,3472783.0,46174177.0,153287400.0,0.022655371543910327,0.4900000000000002,3.810264385692075,5.132192846034203
2026-01-20,13.32,13.51,13.03,13.2,4746100.0,62900431.0,153287400.0,0.03096210125555003,-0.15000000000000036,-1.1235955056179803,3.595505617977531
2026-01-21,13.21,13.69,12.93,13.46,5144400.0,68615865.0,153287400.0,0.03356048833759331,0.26000000000000156,1.9696969696969768,5.757575757575757
2026-01-22,13.46,13.75,13.23,13.65,2764400.0,37295178.0,153287400.0,0.018034098040673924,0.1899999999999995,1.411589895988108,3.8632986627043056
2026-01-23,13.73,13.73,13.48,13.6,1879200.0,25566350.0,153287400.0,0.012259324641164245,-0.05000000000000071,-0.3663003663003761,1.8315018315018317
2026-01-26,13.62,13.67,13.25,13.38,2529300.0,33996514.0,153287400.0,0.01650037772184798,-0.21999999999999886,-1.6176470588235237,3.0882352941176463
2026-01-27,13.32,13.47,12.78,13.33,3130300.0,41139127.0,153287400.0,0.020421117456490227,-0.05000000000000071,-0.37369207772796065,5.156950672645749
2026-01-28,13.33,13.36,13.03,13.1,2278912.0,30051291.0,153287400.0,0.014866923178291237,-0.23000000000000043,-1.7254313578394576,2.4756189047261823
2026-01-29,13.13,13.39,12.91,13.16,2209400.0,29113457.0,153287400.0,0.014413448202526756,0.0600000000000005,0.45801526717557106,3.6641221374045836
2026-01-30,13.07,13.55,13.0,13.44,3000600.0,39842578.0,153287400.0,0.019574994422242142,0.27999999999999936,2.127659574468077,4.179331306990887
2026-02-02,13.48,14.08,13.31,13.31,3459900.0,46852809.0,153287400.0,0.0225713268018115,-0.129999999999999,-0.9672619047618958,5.729166666666663
2026-02-03,13.5,13.87,13.32,13.71,3002543.0,41064961.0,153287400.0,0.019587669958522357,0.40000000000000036,3.005259203606303,4.132231404958669
2026-02-04,13.71,14.02,13.59,13.83,2514985.0,34774678.0,153287400.0,0.01640699105079739,0.11999999999999922,0.8752735229759168,3.1363967906637464
2026-02-05,13.86,13.98,13.7,13.78,2188100.0,30325869.0,153287400.0,0.01427449353306273,-0.05000000000000071,-0.3615328994938549,2.02458423716559
2026-02-06,13.8,14.1,13.68,13.91,2560385.0,35662016.0,153287400.0,0.01670316673125123,0.13000000000000078,0.9433962264151052,3.047895500725689
2026-02-09,13.98,14.21,13.87,14.16,1946500.0,27402314.0,153287400.0,0.01269836920712335,0.25,1.797268152408349,2.444284687275353
2026-02-10,14.28,14.38,14.0,14.05,2370500.0,33582850.0,153287400.0,0.015464415209599746,-0.10999999999999943,-0.7768361581920846,2.683615819209045
2026-02-11,14.07,14.27,13.94,14.17,1751300.0,24754225.0,153287400.0,0.01142494425503988,0.11999999999999922,0.8540925266903754,2.348754448398577
2026-02-12,14.15,14.25,13.84,14.06,1835000.0,25825881.0,153287400.0,0.011970977392792884,-0.10999999999999943,-0.7762879322512295,2.8934368383909677
2026-02-13,13.99,14.27,13.94,14.08,1789600.0,25307626.0,153287400.0,0.011674801712339044,0.019999999999999574,0.14224751066855834,2.347083926031295
2026-02-24,14.1,14.59,14.1,14.34,1701300.0,24314522.0,153287400.0,0.011098759584936531,0.2599999999999998,1.8465909090909172,3.480113636363638
2026-02-25,14.38,14.63,14.25,14.5,1788800.0,25802412.0,153287400.0,0.01166958275761739,0.16000000000000014,1.115760111576014,2.649930264993032
2026-02-26,14.51,14.62,14.2,14.31,1954000.0,28040443.0,153287400.0,0.012747296907638853,-0.1899999999999995,-1.3103448275862073,2.8965517241379306
2026-02-27,14.27,14.4,14.22,14.3,1537100.0,21982713.0,153287400.0,0.010027569128317135,-0.009999999999999787,-0.06988120195666747,1.2578616352201237
2026-03-02,14.17,14.28,13.59,13.8,3052000.0,42504833.0,153287400.0,0.019910312263108382,-0.5,-3.4965034965035002,4.825174825174821
2026-03-03,13.86,14.1,13.49,13.56,3669700.0,50466559.0,153287400.0,0.023939997677565147,-0.2400000000000002,-1.7391304347826098,4.420289855072459
2026-03-04,13.17,13.57,13.13,13.3,2595785.0,34562708.0,153287400.0,0.0169341054776844,-0.2599999999999998,-1.9174041297935096,3.244837758112091
2026-03-05,13.36,13.75,13.32,13.43,3106397.0,42055291.0,153287400.0,0.02026518161310062,0.129999999999999,0.9774436090225436,3.233082706766915
2026-03-06,13.33,14.01,13.33,13.98,2862997.0,39593403.0,153287400.0,0.01867731463903752,0.5500000000000007,4.095309009679826,5.063291139240504
2026-03-09,13.87,14.14,13.57,13.89,2948803.0,40739922.0,153287400.0,0.01923708667509528,-0.08999999999999986,-0.6437768240343367,4.077253218884122
2026-03-10,13.89,14.62,13.89,14.6,2794200.0,40088569.0,153287400.0,0.01822850410405552,0.7099999999999991,5.111591072714172,5.255579553635699
2026-03-11,14.54,14.75,14.27,14.44,2620700.0,37840632.0,153287400.0,0.017096643298796902,-0.16000000000000014,-1.0958904109588996,3.2876712328767157
2026-03-12,14.36,14.52,14.03,14.1,2200800.0,31309030.0,153287400.0,0.014357344439268982,-0.33999999999999986,-2.3545706371191133,3.393351800554018
2026-03-13,14.0,15.51,13.86,15.51,7606067.0,114283350.0,153287400.0,0.04961964910357929,1.4100000000000001,10.000000000000009,11.70212765957447
2026-03-16,15.36,15.6,13.97,14.49,16536424.0,239260912.0,153287400.0,0.10787856014258185,-1.0199999999999996,-6.576402321083174,10.50934880722114
2026-03-17,14.46,14.93,14.0,14.1,10417916.0,151038280.0,153287400.0,0.06796328987248788,-0.39000000000000057,-2.69151138716357,6.418219461697721
2026-03-18,14.4,15.2,14.0,14.98,10490700.0,153689019.0,153287400.0,0.06843811037306394,0.8800000000000008,6.241134751773059,8.510638297872337
2026-03-19,15.29,15.3,14.22,14.35,6244900.0,91230208.0,153287400.0,0.040739812926568,-0.6300000000000008,-4.20560747663552,7.209612817089453
2026-03-20,14.6,15.36,13.6,13.64,6871898.0,97640628.0,153287400.0,0.044830155642277186,-0.7099999999999991,-4.9477351916376255,12.264808362369337
2026-03-23,13.2,14.6,12.92,12.96,8960600.0,121247615.0,153287400.0,0.058456207098561266,-0.6799999999999997,-4.985337243401755,12.316715542521992
2026-03-24,13.6,13.75,13.03,13.66,7250204.0,97388115.0,153287400.0,0.04729810799843953,0.6999999999999993,5.401234567901225,5.55555555555556
2026-03-25,13.79,14.1,13.75,13.9,4647150.0,64692075.0,153287400.0,0.030316581793415506,0.2400000000000002,1.7569546120058677,2.5622254758418714
2026-03-26,13.93,14.08,13.51,13.58,3621400.0,49832714.0,153287400.0,0.023624903286245315,-0.3200000000000003,-2.302158273381294,4.100719424460434
2026-03-27,13.55,13.93,13.42,13.87,3686800.0,50716776.0,153287400.0,0.024051552834740492,0.28999999999999915,2.135493372606767,3.755522827687775
2026-03-30,13.88,13.96,13.54,13.69,4292695.0,58985288.0,153287400.0,0.028004226048585858,-0.17999999999999972,-1.2977649603460706,3.0281182408075105
2026-03-31,13.65,13.88,13.19,13.19,4014500.0,54412360.0,153287400.0,0.02618936716259784,-0.5,-3.6523009495982417,5.040175310445591
2026-04-01,13.64,13.66,12.7,12.9,5648300.0,73365127.0,153287400.0,0.03684777744289485,-0.28999999999999915,-2.1986353297952954,7.27824109173617
2026-04-02,12.88,12.94,12.38,12.59,4244100.0,53721136.0,153287400.0,0.027687207167712415,-0.3100000000000005,-2.4031007751938005,4.341085271317819
2026-04-03,12.74,12.74,12.01,12.11,3111700.0,37970242.0,153287400.0,0.020299776759211782,-0.4800000000000004,-3.8125496425734706,5.7982525814138235
2026-04-07,12.24,12.64,12.05,12.58,3563000.0,44468179.0,153287400.0,0.023243919591564605,0.47000000000000064,3.8810900082576483,4.872006606110651
2026-04-08,12.87,13.15,12.7,13.06,3343800.0,43461457.0,153287400.0,0.021813925997831524,0.4800000000000004,3.8155802861685295,3.577106518282997
2026-04-09,13.06,13.06,12.64,12.81,2341400.0,30155522.0,153287400.0,0.015274575731599597,-0.25,-1.9142419601837712,3.2159264931087286
2026-04-10,12.96,13.7,12.96,13.65,5012400.0,66763257.0,153287400.0,0.03269936080852046,0.8399999999999999,6.557377049180335,5.776736924277896
2026-04-13,13.66,14.08,13.46,13.9,4931900.0,67701155.0,153287400.0,0.03217420348965407,0.25,1.831501831501825,4.542124542124537
2026-04-14,14.14,14.14,13.45,13.66,3955200.0,54052706.0,153287400.0,0.025802512143855268,-0.2400000000000002,-1.726618705035976,4.964028776978426
2026-04-15,13.67,13.69,13.23,13.3,3181000.0,42919041.0,153287400.0,0.020751868711975024,-0.35999999999999943,-2.6354319180087793,3.367496339677885
2026-04-16,13.41,14.63,13.23,14.63,8990000.0,128263341.0,153287400.0,0.058648003684582034,1.33,10.000000000000009,10.526315789473687
2026-04-17,14.48,15.2,14.32,14.79,10579710.0,156519704.0,153287400.0,0.06901878432278191,0.15999999999999837,1.0936431989063466,6.015037593984955
2026-04-20,14.79,15.18,14.33,14.88,7097900.0,105570467.0,153287400.0,0.046304523398531125,0.09000000000000163,0.6085192697768971,5.747126436781607
2026-04-21,14.9,15.0,14.59,14.66,4580812.0,67538048.0,153287400.0,0.029883813020509187,-0.22000000000000064,-1.4784946236559127,2.7553763440860224
2026-04-22,14.6,14.79,14.51,14.61,2988200.0,43800711.0,153287400.0,0.01949410062405651,-0.05000000000000071,-0.3410641200545794,1.9099590723055888
2026-04-23,14.67,14.77,14.22,14.35,2865100.0,41227564.0,153287400.0,0.018691033966262066,-0.2599999999999998,-1.7796030116358663,3.7645448323066324
2026-04-24,14.0,14.46,14.0,14.28,3197900.0,45555055.0,153287400.0,0.020862119130469953,-0.07000000000000028,-0.4878048780487809,3.2055749128919917
2026-04-27,14.23,14.5,14.08,14.46,2774400.0,39762376.0,153287400.0,0.018099334974694594,0.1800000000000015,1.26050420168069,2.941176470588235
2026-04-28,14.37,14.65,14.15,14.38,3465500.0,49969107.0,153287400.0,0.022607859484863074,-0.08000000000000007,-0.5532503457814641,3.457814661134163
2026-04-29,14.29,14.85,14.15,14.76,3549898.0,51907744.0,153287400.0,0.023158446160610722,0.379999999999999,2.642559109874809,4.867872044506254
2026-04-30,14.68,14.98,14.35,14.77,3899800.0,57218987.0,153287400.0,0.025441099529380756,0.009999999999999787,0.06775067750677266,4.268292682926835
2026-05-06,14.82,15.0,14.62,14.79,4931473.0,73345495.0,153287400.0,0.03217141787257139,0.019999999999999574,0.13540961408260443,2.5727826675694025
2026-05-07,14.8,15.05,14.65,14.94,4061800.0,60620980.0,153287400.0,0.026497937860515606,0.15000000000000036,1.014198782961473,2.70453008789723
2026-05-08,14.81,14.92,14.57,14.85,3100600.0,45755154.0,153287400.0,0.02022736376244884,-0.08999999999999986,-0.6024096385542133,2.342704149933063
2026-05-11,14.85,15.12,14.72,14.86,3526100.0,52534552.0,153287400.0,0.023003195305028333,0.009999999999999787,0.06734006734006037,2.693602693602684
2026-05-12,14.87,14.97,14.6,14.7,2850400.0,42159757.0,153287400.0,0.018595135673251682,-0.16000000000000014,-1.076716016150736,2.4899057873485937
2026-05-13,14.72,15.09,14.58,14.79,2887300.0,42946727.0,153287400.0,0.018835859959787954,0.08999999999999986,0.612244897959191,3.4693877551020393
2026-05-14,14.8,15.35,14.43,15.29,6802100.0,101894445.0,153287400.0,0.04437481489019972,0.5,3.380662609871532,6.220419202163624
2026-05-15,14.69,15.55,14.65,15.36,8192701.0,124700135.0,153287400.0,0.053446669458807446,0.07000000000000028,0.457815565729236,5.88620013080445
2026-05-18,15.14,16.9,14.83,16.9,12854245.0,205197913.0,153287400.0,0.0838571532950523,1.5399999999999991,10.026041666666652,13.476562499999991
2026-05-19,16.51,17.46,16.32,17.46,14999038.0,254655314.0,153287400.0,0.09784912523795172,0.5600000000000023,3.313609467455625,6.745562130177518
2026-05-20,17.11,17.9,16.8,17.72,9247692.0,160374584.0,153287400.0,0.060329107284747475,0.259999999999998,1.4891179839633395,6.300114547537215
2026-05-21,17.76,18.17,16.83,16.83,8912093.0,156084928.0,153287400.0,0.058139762302707204,-0.8900000000000006,-5.02257336343116,7.562076749435685
2026-05-22,17.17,17.2,16.29,16.66,7398672.0,123163265.0,153287400.0,0.04826666771045761,-0.16999999999999815,-1.0101010101009944,5.407011289364232
2026-05-25,16.91,17.09,15.84,16.45,6640350.0,108359170.0,153287400.0,0.04331960748241538,-0.21000000000000085,-1.260504201680679,7.503001200480192
2026-05-26,16.34,16.75,15.55,15.92,5197800.0,83430832.0,153287400.0,0.03390885356526368,-0.5299999999999994,-3.221884498480243,7.294832826747716
2026-05-27,15.97,16.09,15.0,15.03,5002300.0,76646268.0,153287400.0,0.03263347150515959,-0.8900000000000006,-5.590452261306533,6.846733668341708
2026-05-28,15.03,15.45,14.49,15.2,4575033.0,68318174.0,153287400.0,0.029846112596338643,0.16999999999999993,1.1310711909514382,6.387225548902189
2026-05-29,15.2,15.4,14.31,14.53,3736501.0,55260960.0,153287400.0,0.024375786920516625,-0.6699999999999999,-4.407894736842099,7.171052631578948
2026-06-01,14.52,15.98,14.04,15.98,2693200.0,41944260.0,153287400.0,0.017569611070446755,1.450000000000001,9.979353062629048,13.351686166551971
2026-06-02,16.02,16.42,14.78,15.35,8545500.0,131226677.0,153287400.0,0.055748221967363266,-0.6300000000000008,-3.94242803504381,10.262828535669602
2026-06-03,15.62,15.72,14.99,15.16,4539800.0,69475238.0,153287400.0,0.029616263306703618,-0.1899999999999995,-1.237785016286641,4.755700325732902
2026-06-04,15.3,15.71,14.82,14.93,3846100.0,58342821.0,153287400.0,0.02509077719368976,-0.23000000000000043,-1.517150395778366,5.870712401055413
2026-06-05,14.98,15.39,14.55,15.0,3607200.0,54041336.0,153287400.0,0.023532266839935964,0.07000000000000028,0.46885465505692725,5.626255860683187
2026-06-08,14.69,15.3,14.18,14.52,3782933.0,55818854.0,153287400.0,0.024678695052561397,-0.4800000000000004,-3.200000000000003,7.466666666666673
2026-06-09,14.73,14.88,14.27,14.61,2842700.0,41374317.0,153287400.0,0.018544903234055766,0.08999999999999986,0.6198347107438051,4.201101928374664
2026-06-10,14.52,15.18,13.8,15.03,4622400.0,66731446.0,153287400.0,0.030155120381714348,0.41999999999999993,2.8747433264887157,9.445585215605742
2026-06-11,14.77,15.62,14.3,14.45,3993604.0,58180436.0,153287400.0,0.026053048065268248,-0.5800000000000001,-3.858948769128412,8.78243512974051
2026-06-12,14.81,15.9,14.38,15.34,7309700.0,111323753.0,153287400.0,0.04768624166108891,0.8900000000000006,6.159169550173016,10.51903114186851
2026-06-15,15.37,15.7,14.32,14.59,6739100.0,99045477.0,153287400.0,0.043963822205869495,-0.75,-4.889178617992174,8.9960886571056
2026-06-16,14.48,14.52,13.84,14.02,4495300.0,63132065.0,153287400.0,0.029325958950311638,-0.5700000000000003,-3.906785469499663,4.660726525017133
2026-06-17,14.02,14.03,13.57,13.69,3721247.0,51206193.0,153287400.0,0.024276274501361494,-0.33000000000000007,-2.3537803138373725,3.2810271041369408
2026-06-18,13.35,14.88,13.35,14.47,6242400.0,88887430.0,153287400.0,0.04072350369306284,0.7800000000000011,5.697589481373266,11.176040905770645
