date,open,high,low,close,volume,amount,outstanding_share,turnover,change,pct_chg,amplitude
2023-03-06,11.34,11.34,10.6,10.84,2464370.0,39315024.0,133400000.0,0.01847353823088456,,,
2023-03-07,10.84,10.9,10.45,10.46,3152200.0,48946267.0,133400000.0,0.02362968515742129,-0.379999999999999,-3.5055350553505393,4.151291512915138
2023-03-08,10.46,10.72,10.42,10.57,2468400.0,38133061.0,133400000.0,0.018503748125937032,0.10999999999999943,1.0516252390057268,2.868068833652014
2023-03-09,10.57,10.67,10.46,10.58,1803500.0,27921037.0,133400000.0,0.013519490254872564,0.009999999999999787,0.09460737937558861,1.9867549668874083
2023-03-10,10.57,10.64,10.22,10.27,2201300.0,33257890.0,133400000.0,0.016501499250374814,-0.3100000000000005,-2.930056710775053,3.9697542533081274
2023-03-13,10.27,10.49,10.16,10.18,2196500.0,33116523.0,133400000.0,0.01646551724137931,-0.08999999999999986,-0.8763388510223957,3.213242453748784
2023-03-14,10.26,10.31,9.95,10.09,1836800.0,27127059.0,133400000.0,0.013769115442278861,-0.08999999999999986,-0.8840864440078589,3.5363457760314456
2023-03-15,10.12,10.61,10.12,10.39,2250511.0,34377527.0,133400000.0,0.016870397301349326,0.3000000000000007,2.973240832507451,4.856293359762143
2023-03-16,10.35,10.44,10.14,10.18,1726211.0,25871184.0,133400000.0,0.012940112443778112,-0.21000000000000085,-2.02117420596728,2.887391722810384
2023-03-17,10.32,10.5,10.12,10.19,1473000.0,22020242.0,133400000.0,0.011041979010494753,0.009999999999999787,0.09823182711197198,3.7328094302554105
2023-03-20,10.26,10.67,10.19,10.54,2686100.0,41199597.0,133400000.0,0.02013568215892054,0.34999999999999964,3.4347399411187363,4.710500490677139
2023-03-21,10.54,10.87,10.39,10.83,2271200.0,35352477.0,133400000.0,0.017025487256371815,0.2900000000000009,2.75142314990513,4.554079696394674
2023-03-22,10.96,11.22,10.8,11.16,2110100.0,34240261.0,133400000.0,0.01581784107946027,0.33000000000000007,3.0470914127423754,3.8781163434903037
2023-03-23,11.09,11.09,10.73,10.79,1998100.0,31893879.0,133400000.0,0.014978260869565217,-0.370000000000001,-3.31541218637994,3.225806451612898
2023-03-24,10.79,10.98,10.7,10.73,1585700.0,25059776.0,133400000.0,0.01188680659670165,-0.05999999999999872,-0.556070435588496,2.594995366079714
2023-03-27,10.76,10.78,10.46,10.67,2486800.0,38615410.0,133400000.0,0.01864167916041979,-0.0600000000000005,-0.5591798695247063,2.9822926374650374
2023-03-28,10.67,10.9,10.56,10.66,1356600.0,21211541.0,133400000.0,0.010169415292353823,-0.009999999999999787,-0.09372071227741197,3.1865042174320513
2023-03-29,10.66,10.73,10.54,10.59,1187400.0,18453229.0,133400000.0,0.008901049475262369,-0.07000000000000028,-0.6566604127579811,1.7823639774859408
2023-03-30,10.48,10.69,10.39,10.46,1361500.0,20906865.0,133400000.0,0.010206146926536732,-0.129999999999999,-1.227573182247399,2.8328611898016898
2023-03-31,10.56,10.78,10.39,10.61,1766100.0,27453681.0,133400000.0,0.01323913043478261,0.14999999999999858,1.434034416825991,3.728489483747598
2023-04-03,10.77,10.78,10.31,10.48,2228700.0,34042964.0,133400000.0,0.016706896551724137,-0.129999999999999,-1.2252591894439169,4.429783223374165
2023-04-04,10.51,10.52,10.05,10.12,2393800.0,35679506.0,133400000.0,0.017944527736131935,-0.3600000000000012,-3.435114503816805,4.48473282442747
2023-04-06,10.05,10.24,9.96,10.06,1688400.0,24835916.0,133400000.0,0.012656671664167916,-0.05999999999999872,-0.5928853754940566,2.766798418972326
2023-04-07,10.15,10.22,9.98,10.04,1357700.0,19985480.0,133400000.0,0.010177661169415292,-0.02000000000000135,-0.19880715705766772,2.385685884691851
2023-04-10,10.09,10.09,9.68,9.71,2735100.0,39345670.0,133400000.0,0.020502998500749624,-0.3299999999999983,-3.2868525896414202,4.08366533864542
2023-04-11,9.81,9.83,9.57,9.63,1759600.0,24902967.0,133400000.0,0.0131904047976012,-0.08000000000000007,-0.8238928939237944,2.677651905252315
2023-04-12,9.68,9.68,9.45,9.53,1365500.0,19091169.0,133400000.0,0.010236131934032984,-0.10000000000000142,-1.0384215991692813,2.3883696780893087
2023-04-13,9.59,9.59,9.35,9.41,1255900.0,17352796.0,133400000.0,0.009414542728635683,-0.11999999999999922,-1.2591815320041944,2.518363064008397
2023-04-14,9.5,9.5,9.33,9.42,1150800.0,15860183.0,133400000.0,0.008626686656671665,0.009999999999999787,0.10626992561104665,1.8065887353878844
2023-04-17,9.44,9.74,9.41,9.6,1638400.0,23030682.0,133400000.0,0.012281859070464767,0.17999999999999972,1.9108280254777066,3.5031847133757967
2023-04-18,9.6,9.64,9.36,9.38,1692900.0,23355042.0,133400000.0,0.0126904047976012,-0.21999999999999886,-2.2916666666666585,2.9166666666666785
2023-04-19,9.35,9.45,9.35,9.35,866000.0,11884254.0,133400000.0,0.006491754122938531,-0.030000000000001137,-0.31982942430704986,1.0660980810234504
2023-04-20,9.33,9.45,9.16,9.31,1156800.0,15657614.0,133400000.0,0.008671664167916041,-0.03999999999999915,-0.42780748663100443,3.1016042780748574
2023-04-21,9.27,9.4,9.08,9.11,1151300.0,15453446.0,133400000.0,0.008630434782608696,-0.20000000000000107,-2.148227712137496,3.437164339419981
2023-04-24,9.13,9.18,8.84,9.07,1881000.0,24805477.0,133400000.0,0.014100449775112444,-0.03999999999999915,-0.4390779363336872,3.7321624588364424
2023-04-25,9.43,9.7,9.16,9.53,6307524.0,86771694.0,133400000.0,0.04728278860569715,0.4599999999999991,5.0716648291069255,5.953693495038579
2023-04-26,9.49,9.7,9.3,9.3,4210700.0,58355658.0,133400000.0,0.03156446776611694,-0.22999999999999865,-2.413431269674693,4.1972717733473095
2023-04-27,9.23,9.62,9.23,9.6,3551000.0,49273965.0,133400000.0,0.026619190404797603,0.29999999999999893,3.2258064516129004,4.193548387096761
2023-04-28,9.38,9.7,9.36,9.56,3538000.0,49228840.0,133400000.0,0.026521739130434784,-0.03999999999999915,-0.4166666666666541,3.541666666666665
2023-05-04,9.6,9.81,9.52,9.77,3804600.0,53868130.0,133400000.0,0.02852023988005997,0.20999999999999908,2.1966527196652708,3.03347280334729
2023-05-05,9.68,9.75,9.58,9.67,2284383.0,32250821.0,133400000.0,0.017124310344827587,-0.09999999999999964,-1.0235414534288556,1.7400204708290679
2023-05-08,9.67,9.89,9.64,9.77,2042800.0,29158644.0,133400000.0,0.015313343328335833,0.09999999999999964,1.0341261633919352,2.5853154084798344
2023-05-09,9.74,9.74,9.46,9.47,2508900.0,35206799.0,133400000.0,0.01880734632683658,-0.29999999999999893,-3.070624360286578,2.8659160696008126
2023-05-10,9.38,9.72,9.38,9.66,2047700.0,28714897.0,133400000.0,0.01535007496251874,0.1899999999999995,2.006335797254488,3.5902851108764504
2023-05-11,9.87,9.87,9.57,9.74,1999321.0,28392469.0,133400000.0,0.014987413793103449,0.08000000000000007,0.8281573498964745,3.1055900621117902
2023-05-12,9.64,9.75,9.64,9.67,1386100.0,19661529.0,133400000.0,0.010390554722638681,-0.07000000000000028,-0.7186858316221789,1.129363449691986
2023-05-15,9.64,9.68,9.51,9.65,1021300.0,14354724.0,133400000.0,0.00765592203898051,-0.019999999999999574,-0.20682523267838704,1.7580144777662867
2023-05-16,9.66,9.73,9.5,9.54,1108819.0,15564574.0,133400000.0,0.008311986506746626,-0.11000000000000121,-1.1398963730570033,2.3834196891191755
2023-05-17,9.36,9.74,9.33,9.73,1671931.0,23588168.0,133400000.0,0.012533215892053973,0.19000000000000128,1.9916142557652172,4.297693920335432
2023-05-18,9.83,9.83,9.68,9.73,1267400.0,18081716.0,133400000.0,0.009500749625187406,0.0,0.0,1.5416238437821206
2023-05-19,9.74,9.74,9.59,9.62,1708300.0,24137246.0,133400000.0,0.01280584707646177,-0.11000000000000121,-1.1305241521068932,1.5416238437821206
2023-05-22,9.62,9.79,9.55,9.77,1668700.0,23658132.0,133400000.0,0.012508995502248876,0.15000000000000036,1.5592515592515621,2.4948024948024785
2023-05-23,9.74,9.91,9.68,9.81,1354000.0,19503075.0,133400000.0,0.01014992503748126,0.040000000000000924,0.4094165813715467,2.354145342886391
2023-05-24,9.83,9.9,9.67,9.76,1006200.0,14382243.0,133400000.0,0.007542728635682159,-0.05000000000000071,-0.5096839959225385,2.3445463812436333
2023-05-25,9.67,9.79,9.64,9.79,1129800.0,16068711.0,133400000.0,0.008469265367316342,0.02999999999999936,0.30737704918031294,1.5368852459016247
2023-05-26,9.74,9.98,9.6,9.95,1508100.0,21706840.0,133400000.0,0.011305097451274363,0.16000000000000014,1.634320735444339,3.8815117466802946
2023-05-29,9.98,9.98,9.71,9.77,1300900.0,18626261.0,133400000.0,0.009751874062968516,-0.17999999999999972,-1.8090452261306456,2.713567839195976
2023-05-30,9.77,9.91,9.57,9.85,1063200.0,15285109.0,133400000.0,0.007970014992503749,0.08000000000000007,0.8188331627430934,3.4800409416581357
2023-05-31,9.83,9.95,9.78,9.81,989800.0,14255309.0,133400000.0,0.007419790104947526,-0.03999999999999915,-0.4060913705583702,1.7258883248730958
2023-06-01,9.8,9.91,9.64,9.68,2729822.0,38903199.0,133400000.0,0.020463433283358323,-0.13000000000000078,-1.3251783893985847,2.752293577981647
2023-06-02,9.67,9.81,9.66,9.79,1347700.0,19217284.0,133400000.0,0.010102698650674662,0.10999999999999943,1.1363636363636243,1.5495867768595077
2023-06-05,9.85,10.09,9.66,10.07,2773800.0,40424620.0,133400000.0,0.02079310344827586,0.28000000000000114,2.860061287027582,4.392236976506637
2023-06-06,10.09,10.13,9.87,9.88,1695688.0,24740208.0,133400000.0,0.012711304347826087,-0.1899999999999995,-1.8867924528301883,2.581926514399221
2023-06-07,9.88,9.89,9.67,9.69,1825610.0,26070610.0,133400000.0,0.013685232383808097,-0.19000000000000128,-1.9230769230769384,2.226720647773286
2023-06-08,9.79,9.81,9.62,9.62,1162600.0,16494314.0,133400000.0,0.008715142428785606,-0.07000000000000028,-0.7223942208462342,1.9607843137255034
2023-06-09,9.67,9.86,9.64,9.75,1085900.0,15529293.0,133400000.0,0.008140179910044978,0.13000000000000078,1.3513513513513598,2.2869022869022753
2023-06-12,9.77,10.01,9.6,9.98,2091800.0,30327519.0,133400000.0,0.015680659670164916,0.23000000000000043,2.358974358974364,4.205128205128206
2023-06-13,9.98,10.17,9.96,10.13,1708600.0,25249647.0,133400000.0,0.012808095952023988,0.15000000000000036,1.503006012024044,2.104208416833658
2023-06-14,10.13,10.24,10.09,10.16,1519400.0,22562051.0,133400000.0,0.011389805097451274,0.02999999999999936,0.29615004935834577,1.480750246791711
2023-06-15,10.16,10.26,10.11,10.21,1453200.0,21680313.0,133400000.0,0.010893553223388306,0.05000000000000071,0.49212598425196763,1.4763779527559089
2023-06-16,10.2,10.28,10.05,10.11,1661400.0,24697707.0,133400000.0,0.012454272863568216,-0.10000000000000142,-0.9794319294809117,2.2526934378060592
2023-06-19,10.16,10.23,9.98,10.03,1440300.0,21257439.0,133400000.0,0.010796851574212894,-0.08000000000000007,-0.7912957467853587,2.472799208704253
2023-06-20,10.06,10.13,9.87,9.87,2172600.0,31717798.0,133400000.0,0.016286356821589205,-0.16000000000000014,-1.5952143569292088,2.5922233300099857
2023-06-21,9.74,10.04,9.72,9.84,2365276.0,34205480.0,133400000.0,0.017730704647676163,-0.02999999999999936,-0.3039513677811523,3.2421479229989716
2023-06-26,9.79,10.09,9.79,9.81,2511431.0,36550473.0,133400000.0,0.018826319340329835,-0.02999999999999936,-0.304878048780477,3.048780487804885
2023-06-27,9.96,10.24,9.85,10.17,2750100.0,40784838.0,133400000.0,0.02061544227886057,0.35999999999999943,3.669724770642202,3.9755351681957243
2023-06-28,10.12,10.34,10.12,10.33,2814200.0,42254467.0,133400000.0,0.021095952023988007,0.16000000000000014,1.5732546705998107,2.163225172074736
2023-06-29,10.29,10.57,10.29,10.56,2314716.0,35609815.0,133400000.0,0.01735169415292354,0.23000000000000043,2.2265246853823806,2.7105517909003014
2023-06-30,10.13,10.18,9.72,9.96,9927231.0,144087848.0,133400000.0,0.074417023988006,-0.5999999999999996,-5.681818181818176,4.3560606060605975
2023-07-03,9.94,10.06,9.76,9.96,6115600.0,88596410.0,133400000.0,0.04584407796101949,0.0,0.0,3.012048192771091
2023-07-04,9.81,10.35,9.77,10.28,7430000.0,110336350.0,133400000.0,0.055697151424287855,0.3199999999999985,3.2128514056224855,5.8232931726907635
2023-07-05,10.31,10.34,9.98,10.02,4005200.0,59549981.0,133400000.0,0.030023988005997003,-0.2599999999999998,-2.529182879377434,3.5019455252918235
2023-07-06,10.05,10.09,9.86,9.96,2900900.0,42212949.0,133400000.0,0.021745877061469264,-0.05999999999999872,-0.5988023952095634,2.295409181636731
2023-07-07,9.98,10.07,9.89,9.94,2216800.0,32365078.0,133400000.0,0.016617691154422787,-0.02000000000000135,-0.20080321285141922,1.8072289156626478
2023-07-10,9.98,10.08,9.81,9.83,2279916.0,33033455.0,133400000.0,0.01709082458770615,-0.10999999999999943,-1.1066398390341958,2.7162977867203177
2023-07-11,9.81,10.24,9.81,10.23,3897216.0,57721042.0,133400000.0,0.029214512743628185,0.40000000000000036,4.069175991861651,4.374364191251269
2023-07-12,10.92,11.26,10.6,11.26,10297100.0,165936937.0,133400000.0,0.07718965517241379,1.0299999999999994,10.068426197458447,6.451612903225808
2023-07-13,11.48,11.48,10.79,10.95,19192310.0,308483507.0,133400000.0,0.14387038980509745,-0.3100000000000005,-2.7531083481349916,6.127886323268218
2023-07-14,11.0,11.04,10.6,10.72,9883425.0,155127073.0,133400000.0,0.0740886431784108,-0.22999999999999865,-2.100456621004554,4.018264840182644
2023-07-17,10.66,10.66,10.39,10.55,6745001.0,103660942.0,133400000.0,0.050562226386806595,-0.16999999999999993,-1.585820895522383,2.5186567164179063
2023-07-18,10.56,10.65,10.46,10.62,6978000.0,107980699.0,133400000.0,0.052308845577211396,0.06999999999999851,0.6635071090047351,1.8009478672985733
2023-07-19,10.65,10.65,10.46,10.61,5363900.0,82785867.0,133400000.0,0.040209145427286354,-0.009999999999999787,-0.09416195856873921,1.7890772128060217
2023-07-20,10.61,10.67,10.39,10.39,5405600.0,83248268.0,133400000.0,0.04052173913043478,-0.21999999999999886,-2.0735155513666226,2.639019792648439
2023-07-21,10.45,10.5,10.34,10.38,3707600.0,56473906.0,133400000.0,0.02779310344827586,-0.009999999999999787,-0.09624639076034613,1.539942252165545
2023-07-24,10.25,10.47,10.22,10.38,3611500.0,54830187.0,133400000.0,0.02707271364317841,0.0,0.0,2.4084778420038533
2023-07-25,10.46,10.61,10.38,10.58,4334000.0,66795799.0,133400000.0,0.032488755622188906,0.1999999999999993,1.9267822736030782,2.215799614643532
2023-07-26,10.53,10.58,10.29,10.34,3485000.0,52961416.0,133400000.0,0.026124437781109445,-0.2400000000000002,-2.2684310018903586,2.7410207939508595
2023-07-27,10.42,10.61,10.38,10.5,3631300.0,55850337.0,133400000.0,0.027221139430284858,0.16000000000000014,1.547388781431347,2.2243713733075303
2023-07-28,10.44,10.79,10.43,10.72,5980300.0,93284600.0,133400000.0,0.04482983508245877,0.22000000000000064,2.0952380952381056,3.428571428571423
2023-07-31,10.7,10.76,10.5,10.62,4648700.0,72071637.0,133400000.0,0.034847826086956524,-0.10000000000000142,-0.932835820895539,2.425373134328356
2023-08-01,10.55,10.62,10.44,10.53,3511850.0,53934724.0,133400000.0,0.026325712143928037,-0.08999999999999986,-0.8474576271186418,1.6949152542372856
2023-08-02,10.52,10.56,10.39,10.56,2358237.0,36218550.0,133400000.0,0.017677938530734634,0.030000000000001137,0.2849002849002913,1.6144349477682804
2023-08-03,10.49,10.52,10.29,10.37,3195425.0,48550842.0,133400000.0,0.02395371064467766,-0.19000000000000128,-1.799242424242431,2.178030303030307
2023-08-04,10.37,10.46,10.29,10.39,2956800.0,44884513.0,133400000.0,0.022164917541229387,0.02000000000000135,0.192864030858253,1.6393442622950987
2023-08-07,10.6,11.13,10.49,10.77,10488825.0,166534735.0,133400000.0,0.07862687406296852,0.379999999999999,3.657362848893153,6.15976900866218
2023-08-08,10.8,10.87,10.58,10.68,5707300.0,89449461.0,133400000.0,0.04278335832083958,-0.08999999999999986,-0.835654596100277,2.692664809656445
2023-08-09,10.63,10.66,10.34,10.39,3964300.0,60539509.0,133400000.0,0.029717391304347827,-0.28999999999999915,-2.7153558052434357,2.996254681647943
2023-08-10,10.45,10.45,10.29,10.4,2757300.0,41829556.0,133400000.0,0.02066941529235382,0.009999999999999787,0.09624639076033503,1.539942252165545
2023-08-11,10.39,10.39,10.05,10.14,3268485.0,48972349.0,133400000.0,0.024501386806596703,-0.2599999999999998,-2.500000000000002,3.269230769230768
2023-08-14,10.14,10.28,9.98,10.28,2604500.0,38763434.0,133400000.0,0.019523988005997,0.1399999999999988,1.380670611439827,2.958579881656794
2023-08-15,10.29,10.43,10.19,10.22,1836800.0,27615827.0,133400000.0,0.013769115442278861,-0.05999999999999872,-0.583657587548625,2.3346303501945544
2023-08-16,10.18,10.26,10.04,10.05,1842600.0,27307126.0,133400000.0,0.013812593703148426,-0.16999999999999993,-1.6634050880626194,2.1526418786692822
2023-08-17,9.98,10.37,9.83,10.35,3439400.0,50907049.0,133400000.0,0.025782608695652173,0.29999999999999893,2.985074626865658,5.3731343283582
2023-08-18,10.33,10.52,10.22,10.24,3169500.0,48257687.0,133400000.0,0.023759370314842577,-0.10999999999999943,-1.0628019323671412,2.898550724637671
2023-08-21,10.27,10.5,10.13,10.32,2673700.0,40657745.0,133400000.0,0.02004272863568216,0.08000000000000007,0.78125,3.6132812499999925
2023-08-22,10.31,10.59,10.22,10.45,3377900.0,51596364.0,133400000.0,0.025321589205397302,0.129999999999999,1.2596899224806002,3.58527131782945
2023-08-23,10.45,10.56,10.24,10.46,3036000.0,46310009.0,133400000.0,0.022758620689655173,0.010000000000001563,0.0956937799043267,3.0622009569378017
2023-08-24,10.33,10.59,10.24,10.45,3446825.0,52504093.0,133400000.0,0.025838268365817093,-0.010000000000001563,-0.09560229445507717,3.3460803059273387
2023-08-25,10.39,10.48,10.08,10.13,2803500.0,42135101.0,133400000.0,0.021015742128935533,-0.3199999999999985,-3.0622009569377884,3.827751196172252
2023-09-04,11.15,11.15,10.66,11.15,9831840.0,158518399.0,133400000.0,0.07370194902548725,1.0199999999999996,10.0691016781836,4.837117472852913
2023-09-05,11.41,11.41,10.59,10.66,15606166.0,249081223.0,133400000.0,0.11698775112443778,-0.4900000000000002,-4.394618834080721,7.354260089686101
2023-09-06,10.59,11.73,10.59,11.73,11303416.0,188742230.0,133400000.0,0.08473325337331335,1.0700000000000003,10.037523452157604,10.694183864915576
2023-09-07,11.73,12.18,11.14,11.2,21062754.0,352931851.0,133400000.0,0.15789170914542727,-0.5300000000000011,-4.518329070758753,8.866155157715253
2023-09-08,11.19,11.33,10.76,11.04,13370508.0,214776552.0,133400000.0,0.10022869565217392,-0.16000000000000014,-1.4285714285714346,5.089285714285717
2023-09-11,10.93,10.98,10.63,10.89,9609761.0,152436803.0,133400000.0,0.07203718890554722,-0.14999999999999858,-1.3586956521739024,3.1702898550724603
2023-09-12,10.84,11.17,10.82,10.99,9572730.0,154047579.0,133400000.0,0.0717595952023988,0.09999999999999964,0.9182736455463747,3.2139577594123017
2023-09-13,10.76,10.89,10.54,10.75,7605300.0,119264083.0,133400000.0,0.0570112443778111,-0.2400000000000002,-2.1838034576888155,3.1847133757961914
2023-09-14,10.6,10.64,10.28,10.31,5788100.0,88156771.0,133400000.0,0.04338905547226387,-0.4399999999999995,-4.093023255813943,3.348837209302337
2023-09-15,10.34,10.43,10.22,10.24,3803800.0,57302972.0,133400000.0,0.02851424287856072,-0.07000000000000028,-0.6789524733268659,2.036857419980592
2023-09-18,10.25,11.26,10.18,11.26,8779200.0,140942891.0,133400000.0,0.06581109445277361,1.0199999999999996,9.9609375,10.546875
2023-09-19,11.34,11.83,11.13,11.57,19695123.0,330204254.0,133400000.0,0.14763960269865067,0.3100000000000005,2.7531083481350027,6.216696269982232
2023-09-20,11.4,12.66,11.34,12.04,17484549.0,305367852.0,133400000.0,0.1310685832083958,0.46999999999999886,4.062229904926529,11.408815903197928
2023-09-21,11.8,12.01,11.57,11.69,11427190.0,195792940.0,133400000.0,0.08566109445277362,-0.34999999999999964,-2.9069767441860406,3.654485049833883
2023-09-22,11.55,11.82,11.41,11.6,8732400.0,147768845.0,133400000.0,0.06546026986506746,-0.08999999999999986,-0.7698887938408894,3.507271171941832
2023-09-25,11.6,11.91,11.48,11.75,9805699.0,168091980.0,133400000.0,0.07350598950524738,0.15000000000000036,1.2931034482758674,3.7068965517241357
2023-09-26,11.65,11.7,11.36,11.44,7092500.0,119162254.0,133400000.0,0.0531671664167916,-0.3100000000000005,-2.638297872340434,2.8936170212765946
2023-09-27,11.49,11.59,11.24,11.25,6136100.0,102276819.0,133400000.0,0.04599775112443778,-0.1899999999999995,-1.660839160839156,3.0594405594405565
2023-09-28,11.26,11.55,11.24,11.39,5309900.0,88790995.0,133400000.0,0.03980434782608696,0.14000000000000057,1.244444444444448,2.75555555555556
2023-10-09,11.82,12.53,11.72,12.53,12857210.0,230292184.0,133400000.0,0.09638088455772113,1.1399999999999988,10.008779631255482,7.111501316944676
2023-10-10,13.31,13.36,12.18,12.59,22416807.0,414415141.0,133400000.0,0.16804203148425786,0.0600000000000005,0.47885075818037137,9.417398244213885
2023-10-11,12.44,12.51,11.95,12.04,12486100.0,221924612.0,133400000.0,0.09359895052473763,-0.5500000000000007,-4.368546465448775,4.447974583002387
2023-10-12,12.13,13.24,11.95,12.96,26943596.0,504403927.0,133400000.0,0.2019759820089955,0.9200000000000017,7.641196013289053,10.714285714285724
2023-10-13,12.96,13.14,12.57,12.68,17053759.0,318068741.0,133400000.0,0.12783927286356822,-0.28000000000000114,-2.1604938271605034,4.398148148148151
2023-10-16,12.57,12.83,12.31,12.46,10879586.0,198834576.0,133400000.0,0.08155611694152924,-0.21999999999999886,-1.7350157728706517,4.100946372239744
2023-10-17,12.38,12.57,12.12,12.38,7497742.0,135079955.0,133400000.0,0.05620496251874063,-0.08000000000000007,-0.6420545746388395,3.6115569823435076
2023-10-18,12.25,12.83,12.25,12.28,10851172.0,198804980.0,133400000.0,0.08134311844077961,-0.10000000000000142,-0.8077544426494443,4.684975767366721
2023-10-19,12.03,12.28,11.78,11.8,9614085.0,168110735.0,133400000.0,0.07206960269865068,-0.47999999999999865,-3.9087947882736063,4.071661237785016
2023-10-20,11.77,12.18,11.73,11.81,6592000.0,114764071.0,133400000.0,0.04941529235382309,0.009999999999999787,0.08474576271186862,3.813559322033892
2023-10-23,11.62,11.79,11.39,11.47,5950900.0,100606380.0,133400000.0,0.04460944527736132,-0.33999999999999986,-2.878916172734969,3.3869602032176003
2023-10-24,11.59,12.14,11.59,11.9,7666700.0,134024796.0,133400000.0,0.05747151424287856,0.4299999999999997,3.7489102005231034,4.795117698343511
2023-10-25,11.95,12.31,11.76,12.16,8300094.0,146922264.0,133400000.0,0.0622195952023988,0.2599999999999998,2.184873949579824,4.621848739495804
2023-10-26,12.03,12.52,12.02,12.51,9146400.0,164854610.0,133400000.0,0.06856371814092954,0.34999999999999964,2.8782894736842035,4.111842105263158
2023-10-27,12.37,12.69,12.18,12.21,11179095.0,202074017.0,133400000.0,0.08380131184407796,-0.29999999999999893,-2.3980815347721784,4.0767386091127085
2023-10-30,12.17,12.21,11.73,11.83,9009370.0,156210305.0,133400000.0,0.06753650674662669,-0.3800000000000008,-3.1122031122031157,3.9312039312039344
2023-10-31,11.75,11.84,11.55,11.64,5130870.0,87650853.0,133400000.0,0.03846229385307346,-0.1899999999999995,-1.6060862214708371,2.4513947590870595
2023-11-01,11.51,11.92,11.51,11.84,5661400.0,97664320.0,133400000.0,0.04243928035982009,0.1999999999999993,1.7182130584192379,3.5223367697594514
2023-11-02,11.69,11.92,11.62,11.62,3708300.0,63733529.0,133400000.0,0.027798350824587707,-0.22000000000000064,-1.858108108108114,2.53378378378379
2023-11-03,11.69,11.81,11.56,11.75,4151469.0,71282752.0,133400000.0,0.031120457271364317,0.13000000000000078,1.118760757314985,2.151462994836489
2023-11-06,11.79,11.97,11.71,11.97,4968800.0,86303870.0,133400000.0,0.03724737631184408,0.22000000000000064,1.8723404255319265,2.212765957446807
2023-11-07,11.92,12.19,11.88,12.08,5096000.0,89697024.0,133400000.0,0.03820089955022489,0.10999999999999943,0.9189640768588081,2.5898078529657367
2023-11-08,12.03,12.12,11.79,12.0,4892600.0,85855796.0,133400000.0,0.03667616191904048,-0.08000000000000007,-0.6622516556291425,2.731788079470199
2023-11-09,12.01,12.03,11.69,11.75,4878100.0,84211839.0,133400000.0,0.03656746626686656,-0.25,-2.083333333333337,2.833333333333332
2023-11-10,11.77,11.86,11.47,11.56,3344300.0,56676917.0,133400000.0,0.025069715142428787,-0.1899999999999995,-1.6170212765957426,3.319148936170203
2023-11-13,11.62,11.77,11.56,11.66,2826371.0,48201986.0,133400000.0,0.021187188905547227,0.09999999999999964,0.865051903114189,1.8166089965397845
2023-11-14,11.71,11.75,11.51,11.66,2641400.0,44884258.0,133400000.0,0.019800599700149926,0.0,0.0,2.0583190394511166
2023-11-15,11.74,11.77,11.04,11.56,9089440.0,150219716.0,133400000.0,0.0681367316341829,-0.09999999999999964,-0.857632933104624,6.2607204116638115
2023-11-16,11.43,11.52,11.29,11.41,4732800.0,79287003.0,133400000.0,0.035478260869565216,-0.15000000000000036,-1.2975778546712835,1.9896193771626336
2023-11-17,11.35,11.92,11.35,11.88,6545800.0,112499019.0,133400000.0,0.04906896551724138,0.47000000000000064,4.119193689745848,4.995617879053464
2023-11-20,11.88,11.99,11.82,11.92,4159900.0,72438837.0,133400000.0,0.031183658170914542,0.03999999999999915,0.33670033670032407,1.4309764309764303
2023-11-21,11.92,12.15,11.81,11.84,3490833.0,61110353.0,133400000.0,0.026168163418290855,-0.08000000000000007,-0.6711409395973145,2.8523489932885893
2023-11-22,11.8,11.85,11.54,11.55,2897000.0,49521520.0,133400000.0,0.02171664167916042,-0.28999999999999915,-2.44932432432432,2.6182432432432474
2023-11-23,11.55,12.14,11.53,12.09,5138500.0,89670808.0,133400000.0,0.038519490254872564,0.5399999999999991,4.675324675324677,5.281385281385291
2023-11-24,12.08,12.12,11.77,11.79,3571400.0,62297509.0,133400000.0,0.026772113943028485,-0.3000000000000007,-2.481389578163773,2.894954507857731
2023-11-27,11.78,12.46,11.62,12.27,10652487.0,189088653.0,133400000.0,0.0798537256371814,0.4800000000000004,4.071246819338437,7.124681933842253
2023-11-28,12.18,12.44,12.05,12.42,11481544.0,206152021.0,133400000.0,0.08606854572713643,0.15000000000000036,1.2224938875305735,3.1784841075794525
2023-11-29,12.45,12.49,12.04,12.09,7421485.0,132533786.0,133400000.0,0.05563332083958021,-0.33000000000000007,-2.657004830917875,3.62318840579711
2023-11-30,12.09,12.98,12.03,12.28,12805900.0,233628337.0,133400000.0,0.09599625187406297,0.1899999999999995,1.5715467328370591,7.857733664185286
2023-12-01,12.14,12.3,11.93,12.01,9304800.0,164676784.0,133400000.0,0.06975112443778111,-0.2699999999999996,-2.1986970684039098,3.0130293159609205
2023-12-04,11.97,11.97,11.69,11.76,5691500.0,98179681.0,133400000.0,0.042664917541229384,-0.25,-2.0815986677768517,2.3313905079100845
2023-12-05,11.73,12.74,11.69,11.8,7396900.0,130825822.0,133400000.0,0.05544902548725637,0.040000000000000924,0.3401360544217802,8.928571428571434
2023-12-06,11.73,12.98,11.73,12.98,8490468.0,158523572.0,133400000.0,0.06364668665667167,1.1799999999999997,9.999999999999986,10.59322033898305
2023-12-07,13.52,13.68,12.47,12.64,22922445.0,432441980.0,133400000.0,0.17183242128935533,-0.33999999999999986,-2.6194144838212585,9.322033898305078
2023-12-08,12.61,12.72,12.34,12.42,11181800.0,203795936.0,133400000.0,0.0838215892053973,-0.22000000000000064,-1.7405063291139333,3.0063291139240564
2023-12-11,12.16,12.25,11.84,12.2,10387200.0,183487841.0,133400000.0,0.07786506746626687,-0.22000000000000064,-1.7713365539452575,3.3011272141706938
2023-12-12,12.07,12.47,12.05,12.33,8315321.0,149458238.0,133400000.0,0.06233374062968516,0.13000000000000078,1.0655737704918122,3.4426229508196715
2023-12-13,12.18,12.29,11.94,12.18,7402090.0,131191132.0,133400000.0,0.05548793103448276,-0.15000000000000036,-1.2165450121654486,2.838605028386047
2023-12-14,12.1,12.25,11.5,11.51,9220700.0,159695516.0,133400000.0,0.06912068965517242,-0.6699999999999999,-5.500821018062396,6.157635467980295
2023-12-15,11.65,11.67,11.33,11.39,5205800.0,87067063.0,133400000.0,0.039023988005997004,-0.11999999999999922,-1.0425716768027726,2.9539530842745427
2023-12-18,11.34,11.47,11.0,11.07,5813900.0,95078436.0,133400000.0,0.043582458770614695,-0.3200000000000003,-2.809482001755925,4.126426690079022
2023-12-19,11.06,11.1,10.72,10.9,4460300.0,70788762.0,133400000.0,0.033435532233883056,-0.16999999999999993,-1.5356820234869062,3.432700993676594
2023-12-20,10.91,11.1,10.86,10.91,3231900.0,51841400.0,133400000.0,0.02422713643178411,0.009999999999999787,0.09174311926605228,2.201834862385323
2023-12-21,10.86,10.98,10.58,10.87,3552200.0,56016902.0,133400000.0,0.026628185907046478,-0.040000000000000924,-0.36663611365720383,3.6663611365719557
2023-12-22,10.9,10.9,10.6,10.66,2543300.0,39918071.0,133400000.0,0.01906521739130435,-0.20999999999999908,-1.931922723091073,2.75988960441583
2023-12-25,10.78,10.78,10.46,10.73,2591100.0,40366874.0,133400000.0,0.01942353823088456,0.07000000000000028,0.6566604127579811,3.001876172607866
2023-12-26,10.76,10.76,10.46,10.54,2119900.0,32745763.0,133400000.0,0.015891304347826086,-0.19000000000000128,-1.7707362534948867,2.7958993476234753
2023-12-27,10.56,10.68,10.48,10.64,2113000.0,32760378.0,133400000.0,0.01583958020989505,0.10000000000000142,0.9487666034155628,1.8975332068311128
2023-12-28,10.6,10.82,10.5,10.77,2929200.0,45970210.0,133400000.0,0.021958020989505247,0.129999999999999,1.2218045112781795,3.0075187969924837
2023-12-29,10.77,10.95,10.72,10.92,3230700.0,51438177.0,133400000.0,0.024218140929535233,0.15000000000000036,1.392757660167132,2.1355617455895883
2024-01-02,10.88,11.06,10.88,10.98,2594721.0,41733266.0,133400000.0,0.01945068215892054,0.0600000000000005,0.5494505494505475,1.6483516483516456
2024-01-03,11.0,11.0,10.8,10.89,2251300.0,35901591.0,133400000.0,0.016876311844077962,-0.08999999999999986,-0.8196721311475419,1.8214936247723068
2024-01-04,10.93,11.04,10.84,10.93,1616400.0,25883742.0,133400000.0,0.012116941529235382,0.03999999999999915,0.36730945821854544,1.836547291092739
2024-01-05,10.91,11.11,10.75,10.78,2312500.0,36917313.0,133400000.0,0.017335082458770613,-0.15000000000000036,-1.3723696248856387,3.293687099725521
2024-01-08,10.79,10.85,10.66,10.66,1539800.0,24226367.0,133400000.0,0.011542728635682158,-0.11999999999999922,-1.1131725417439675,1.762523191094615
2024-01-09,10.66,10.88,10.56,10.75,1745200.0,27428752.0,133400000.0,0.013082458770614694,0.08999999999999986,0.8442776735459567,3.001876172607883
2024-01-10,10.79,10.79,10.59,10.66,1542021.0,24133402.0,133400000.0,0.011559377811094453,-0.08999999999999986,-0.8372093023255811,1.860465116279063
2024-01-11,10.66,10.94,10.56,10.93,1976621.0,31225750.0,133400000.0,0.014817248875562218,0.2699999999999996,2.5328330206378924,3.5647279549718482
2024-01-12,10.92,11.02,10.78,10.81,1905100.0,30354652.0,133400000.0,0.014281109445277362,-0.11999999999999922,-1.097895699908502,2.1957913998170193
2024-01-15,10.8,10.86,10.66,10.8,1290500.0,20343252.0,133400000.0,0.00967391304347826,-0.009999999999999787,-0.09250693802035359,1.8501387604070239
2024-01-16,10.8,10.85,10.56,10.75,1776000.0,27817385.0,133400000.0,0.013313343328335833,-0.05000000000000071,-0.462962962962965,2.685185185185177
2024-01-17,10.68,10.76,10.46,10.46,1522300.0,23658530.0,133400000.0,0.011411544227886056,-0.28999999999999915,-2.6976744186046453,2.790697674418595
2024-01-18,10.36,10.56,10.06,10.39,2911400.0,43762710.0,133400000.0,0.021824587706146925,-0.07000000000000028,-0.6692160611854736,4.780114722753346
2024-01-19,10.4,11.06,10.24,10.72,5251600.0,81940564.0,133400000.0,0.039367316341829085,0.33000000000000007,3.1761308950914335,7.892204042348413
2024-01-22,10.67,11.8,10.67,11.06,12316488.0,201565489.0,133400000.0,0.09232749625187406,0.33999999999999986,3.171641791044766,10.54104477611941
2024-01-23,10.79,10.79,9.96,10.58,10725068.0,161429637.0,133400000.0,0.08039781109445278,-0.4800000000000004,-4.3399638336347195,7.504520795660021
2024-01-24,10.71,11.32,10.54,10.93,9438904.0,149367304.0,133400000.0,0.07075640179910045,0.34999999999999964,3.3081285444234387,7.372400756143678
2024-01-25,10.85,11.11,10.7,11.05,8095997.0,129562800.0,133400000.0,0.06068963268365817,0.120000000000001,1.0978956999085243,3.7511436413540724
2024-01-26,10.98,11.04,10.57,10.69,6779941.0,107550948.0,133400000.0,0.05082414542728636,-0.3600000000000012,-3.2579185520362097,4.25339366515836
2024-01-29,10.69,10.69,9.92,9.92,5673300.0,84758096.0,133400000.0,0.04252848575712144,-0.7699999999999996,-7.202993451824136,7.202993451824131
2024-01-30,9.87,9.96,9.44,9.47,3733407.0,52744061.0,133400000.0,0.027986559220389805,-0.4499999999999993,-4.536290322580639,5.241935483870981
2024-01-31,9.36,9.61,9.01,9.05,3539200.0,47770818.0,133400000.0,0.02653073463268366,-0.41999999999999993,-4.4350580781414966,6.335797254487852
2024-02-01,8.88,9.12,8.69,8.95,2967630.0,38695658.0,133400000.0,0.022246101949025487,-0.10000000000000142,-1.1049723756906271,4.75138121546961
2024-02-02,8.92,9.2,8.2,8.42,3976900.0,50508093.0,133400000.0,0.02981184407796102,-0.5299999999999994,-5.921787709497195,11.173184357541901
2024-02-05,8.2,8.34,7.58,7.58,4617599.0,52411749.0,133400000.0,0.03461468515742129,-0.8399999999999999,-9.97624703087886,9.026128266033252
2024-02-06,7.3,7.93,6.83,7.69,4390932.0,46968362.0,133400000.0,0.032915532233883056,0.11000000000000032,1.451187335092352,14.51187335092348
2024-02-07,7.63,7.72,7.08,7.28,4363269.0,47319898.0,133400000.0,0.03270816341829085,-0.41000000000000014,-5.331599479843952,8.322496749024703
2024-02-08,7.26,8.02,7.25,8.02,5714523.0,65061583.0,133400000.0,0.042837503748125935,0.7399999999999993,10.16483516483515,10.576923076923071
2024-02-19,8.28,8.45,8.0,8.3,4535847.0,54749480.0,133400000.0,0.03400185157421289,0.28000000000000114,3.4912718204488824,5.6109725685785445
2024-02-20,8.21,8.47,8.08,8.43,3379021.0,41000803.0,133400000.0,0.025329992503748126,0.129999999999999,1.5662650602409567,4.698795180722898
2024-02-21,8.3,8.87,8.27,8.57,4165905.0,52593544.0,133400000.0,0.03122867316341829,0.14000000000000057,1.660735468564667,7.1174377224199254
2024-02-22,8.5,8.75,8.49,8.75,3015205.0,38179853.0,133400000.0,0.02260273613193403,0.17999999999999972,2.100350058343059,3.033838973162191
2024-02-23,8.75,9.07,8.68,9.03,4187200.0,54414823.0,133400000.0,0.03138830584707646,0.27999999999999936,3.200000000000003,4.4571428571428635
2024-02-26,9.04,9.52,8.93,9.25,4627578.0,62831146.0,133400000.0,0.034689490254872564,0.22000000000000064,2.436323366555926,6.533776301218161
2024-02-27,9.23,9.6,9.19,9.58,3339730.0,46226162.0,133400000.0,0.025035457271364317,0.33000000000000007,3.5675675675675755,4.432432432432433
2024-02-28,9.57,9.73,8.68,8.72,6756775.0,91365758.0,133400000.0,0.050650487256371814,-0.8599999999999994,-8.977035490605424,10.960334029227564
2024-02-29,8.51,9.11,8.51,9.09,3615630.0,47268226.0,133400000.0,0.02710367316341829,0.3699999999999992,4.243119266055029,6.880733944954123
2024-03-01,9.17,9.41,9.15,9.4,4422100.0,60255941.0,133400000.0,0.033149175412293855,0.3100000000000005,3.4103410341034257,2.860286028602858
2024-03-04,9.4,9.57,9.12,9.28,3563530.0,48492583.0,133400000.0,0.02671311844077961,-0.120000000000001,-1.276595744680864,4.7872340425532025
2024-03-05,9.17,9.23,9.02,9.03,3149300.0,41905618.0,133400000.0,0.023607946026986508,-0.25,-2.6939655172413812,2.262931034482768
2024-03-06,8.92,9.27,8.88,9.12,2885230.0,38470362.0,133400000.0,0.0216284107946027,0.08999999999999986,0.9966777408637828,4.318936877076399
2024-03-07,9.19,9.27,9.03,9.09,2609821.0,35009263.0,133400000.0,0.01956387556221889,-0.02999999999999936,-0.3289473684210509,2.631578947368424
2024-03-08,9.09,9.21,8.99,9.15,1561408.0,20803700.0,133400000.0,0.011704707646176912,0.0600000000000005,0.660066006600668,2.4202420242024276
2024-03-11,9.1,9.34,9.1,9.33,2606200.0,35267732.0,133400000.0,0.01953673163418291,0.17999999999999972,1.967213114754096,2.622950819672133
2024-03-12,9.35,9.65,9.34,9.64,4244800.0,59029322.0,133400000.0,0.03182008995502249,0.3100000000000005,3.3226152197213255,3.3226152197213343
2024-03-13,9.61,9.81,9.53,9.63,3146399.0,44501643.0,133400000.0,0.02358619940029985,-0.009999999999999787,-0.10373443983402453,2.9045643153527085
2024-03-14,9.57,9.72,9.42,9.55,2638633.0,37038942.0,133400000.0,0.019779857571214393,-0.08000000000000007,-0.830737279335414,3.1152647975077956
2024-03-15,9.51,9.72,9.43,9.71,2424999.0,34181131.0,133400000.0,0.018178403298350826,0.16000000000000014,1.675392670157061,3.036649214659695
2024-03-18,9.74,10.07,9.72,10.04,3332000.0,48265700.0,133400000.0,0.02497751124437781,0.3299999999999983,3.3985581874356185,3.604531410916577
2024-03-19,10.0,10.37,9.98,10.12,3591600.0,53468107.0,133400000.0,0.02692353823088456,0.08000000000000007,0.7968127490039834,3.8844621513944104
2024-03-20,10.12,10.26,10.11,10.19,2422779.0,36067224.0,133400000.0,0.018161761619190406,0.07000000000000028,0.6916996047430901,1.4822134387351815
2024-03-21,10.2,10.32,10.07,10.24,3092278.0,46201630.0,133400000.0,0.02318049475262369,0.05000000000000071,0.4906771344455496,2.4533856722276743
2024-03-22,10.22,10.31,9.98,10.09,2652733.0,39229460.0,133400000.0,0.01988555472263868,-0.15000000000000036,-1.46484375,3.222656250000001
2024-03-25,10.08,10.18,9.81,9.83,3077700.0,45056126.0,133400000.0,0.0230712143928036,-0.2599999999999998,-2.5768087215064406,3.6669970267591596
2024-03-26,9.92,10.07,9.78,9.99,3111800.0,45279528.0,133400000.0,0.023326836581709146,0.16000000000000014,1.6276703967446515,2.950152594099704
2024-03-27,9.98,10.01,9.58,9.62,2313523.0,33126456.0,133400000.0,0.01734275112443778,-0.370000000000001,-3.703703703703709,4.304304304304302
2024-03-28,9.59,10.2,9.59,10.15,3855100.0,56440408.0,133400000.0,0.02889880059970015,0.5300000000000011,5.509355509355518,6.340956340956335
2024-03-29,10.17,10.39,10.13,10.35,3657905.0,55091689.0,133400000.0,0.027420577211394303,0.1999999999999993,1.9704433497536922,2.5615763546798007
2024-04-01,10.35,10.49,10.26,10.37,3497139.0,53002737.0,133400000.0,0.026215434782608696,0.019999999999999574,0.19323671497584183,2.2222222222222263
2024-04-02,10.48,10.55,10.34,10.44,2800600.0,42782943.0,133400000.0,0.02099400299850075,0.07000000000000028,0.6750241080038633,2.02507232401158
2024-04-03,10.39,10.52,10.05,10.46,3157158.0,47404093.0,133400000.0,0.023666851574212895,0.02000000000000135,0.19157088122607746,4.50191570881225
2024-04-08,10.4,10.51,10.05,10.09,2802600.0,42033045.0,133400000.0,0.021008995502248877,-0.370000000000001,-3.537284894837489,4.3977055449330695
2024-04-09,10.09,10.36,9.99,10.36,2366400.0,35312845.0,133400000.0,0.017739130434782608,0.2699999999999996,2.6759167492566904,3.6669970267591596
2024-04-10,10.32,10.36,9.93,10.07,2439278.0,36012867.0,133400000.0,0.01828544227886057,-0.28999999999999915,-2.799227799227788,4.150579150579148
2024-04-11,10.06,10.16,9.85,9.98,1875078.0,27529720.0,133400000.0,0.014056056971514243,-0.08999999999999986,-0.8937437934458781,3.0784508440913654
2024-04-12,10.03,10.13,9.82,9.87,1766400.0,25750868.0,133400000.0,0.013241379310344827,-0.11000000000000121,-1.102204408817642,3.106212424849704
2024-04-15,9.91,9.98,8.92,9.35,4342300.0,59524772.0,133400000.0,0.03255097451274363,-0.5199999999999996,-5.2684903748733465,10.73961499493415
2024-04-16,9.21,9.21,8.42,8.56,4330333.0,54587582.0,133400000.0,0.03246126686656672,-0.7899999999999991,-8.449197860962554,8.449197860962578
2024-04-17,9.41,9.41,9.41,9.41,1035600.0,14260212.0,133400000.0,0.00776311844077961,0.8499999999999996,9.929906542056077,0.0
2024-04-18,10.35,10.35,10.35,10.35,1648999.0,24982335.0,133400000.0,0.012361311844077962,0.9399999999999995,9.989373007438896,0.0
2024-04-19,10.95,10.95,10.18,10.18,15425850.0,239859192.0,133400000.0,0.11563605697151425,-0.16999999999999993,-1.6425120772946888,7.439613526570045
2024-04-22,9.91,10.11,9.65,9.77,8203330.0,117981207.0,133400000.0,0.06149422788605697,-0.41000000000000014,-4.027504911591362,4.518664047151268
2024-04-23,9.84,10.01,9.7,9.81,4789900.0,69087600.0,133400000.0,0.03590629685157421,0.040000000000000924,0.4094165813715467,3.1729785056294832
2024-04-24,9.81,10.24,9.78,10.19,5751722.0,85298134.0,133400000.0,0.04311635682158921,0.379999999999999,3.8735983690111997,4.689092762487267
2024-04-25,10.08,10.23,10.05,10.09,3942401.0,58391014.0,133400000.0,0.029553230884557722,-0.09999999999999964,-0.9813542688910659,1.7664376840039229
2024-04-26,10.08,10.26,9.98,10.24,4897243.0,73024103.0,133400000.0,0.036710967016491756,0.15000000000000036,1.4866204162537144,2.7750247770069314
2024-04-29,10.25,10.47,10.15,10.47,4951744.0,74853150.0,133400000.0,0.03711952023988006,0.23000000000000043,2.24609375,3.1250000000000027
2024-04-30,10.95,11.51,10.93,11.15,14870801.0,245018217.0,133400000.0,0.11147526986506746,0.6799999999999997,6.494746895893022,5.5396370582617
2024-05-06,11.28,11.39,11.1,11.36,10177001.0,167280885.0,133400000.0,0.07628936281859071,0.20999999999999908,1.883408071748871,2.6008968609865555
2024-05-07,11.27,11.34,11.15,11.22,5536290.0,90886573.0,133400000.0,0.041501424287856074,-0.1399999999999988,-1.232394366197176,1.6725352112676013
2024-05-08,11.21,11.36,11.08,11.2,4048400.0,66467700.0,133400000.0,0.030347826086956523,-0.02000000000000135,-0.17825311942960553,2.4955436720142545
2024-05-09,11.07,11.3,11.07,11.3,3968700.0,65198522.0,133400000.0,0.029750374812593704,0.10000000000000142,0.8928571428571619,2.0535714285714324
2024-05-10,11.3,11.39,11.2,11.3,4129010.0,68299803.0,133400000.0,0.030952098950524736,0.0,0.0,1.6814159292035509
2024-05-13,11.2,11.2,10.89,11.0,3940800.0,63551979.0,133400000.0,0.029541229385307347,-0.3000000000000007,-2.6548672566371723,2.743362831858396
2024-05-14,11.01,11.38,11.01,11.37,4609599.0,75999333.0,133400000.0,0.034554715142428784,0.3699999999999992,3.3636363636363464,3.3636363636363726
2024-05-15,11.28,11.37,11.1,11.13,3098979.0,50983294.0,133400000.0,0.023230727136431786,-0.23999999999999844,-2.110817941952492,2.374670184696566
2024-05-16,11.13,11.23,11.02,11.04,2840999.0,46123225.0,133400000.0,0.02129684407796102,-0.09000000000000163,-0.8086253369272378,1.8867924528301963
2024-05-17,11.06,11.2,11.02,11.18,2400699.0,38985547.0,133400000.0,0.017996244377811093,0.14000000000000057,1.26811594202898,1.6304347826086931
2024-05-20,11.16,11.3,11.13,11.29,3256900.0,53509187.0,133400000.0,0.02441454272863568,0.10999999999999943,0.9838998211091132,1.5205724508050082
2024-05-21,11.21,11.88,11.14,11.5,6354900.0,107445168.0,133400000.0,0.04763793103448276,0.21000000000000085,1.860053144375562,6.5544729849424295
2024-05-22,11.48,11.59,11.3,11.36,3697800.0,61710452.0,133400000.0,0.027719640179910045,-0.14000000000000057,-1.2173913043478257,2.521739130434775
2024-05-23,11.29,11.36,10.9,11.02,4150100.0,67244218.0,133400000.0,0.031110194902548724,-0.33999999999999986,-2.992957746478875,4.049295774647879
2024-05-24,11.03,11.06,10.85,10.87,2355100.0,37682990.0,133400000.0,0.017654422788605698,-0.15000000000000036,-1.361161524500909,1.9056261343012784
2024-05-27,10.87,11.02,10.63,11.01,2669400.0,42228508.0,133400000.0,0.02001049475262369,0.14000000000000057,1.28794848206073,3.5878564857405593
2024-05-28,11.0,11.0,10.78,10.79,1859000.0,29530727.0,133400000.0,0.01393553223388306,-0.22000000000000064,-1.9981834695731227,1.9981834695731213
2024-05-29,10.74,11.61,10.73,11.28,6356140.0,104733634.0,133400000.0,0.047647226386806595,0.4900000000000002,4.541241890639491,8.155699721964774
2024-05-30,11.15,11.26,10.91,10.96,4406300.0,71290925.0,133400000.0,0.03303073463268366,-0.3199999999999985,-2.8368794326240954,3.1028368794326213
2024-05-31,10.95,11.12,10.91,11.04,2186800.0,35251711.0,133400000.0,0.0163928035982009,0.0799999999999983,0.7299270072992581,1.9160583941605753
2024-06-03,10.98,11.08,10.76,10.86,2375211.0,37857484.0,133400000.0,0.017805179910044978,-0.17999999999999972,-1.6304347826086918,2.898550724637684
2024-06-04,10.87,10.89,10.56,10.73,2233897.0,34872835.0,133400000.0,0.016745854572713645,-0.129999999999999,-1.1970534069981498,3.038674033149172
2024-06-05,10.63,10.77,10.46,10.47,2510400.0,38886253.0,133400000.0,0.018818590704647677,-0.2599999999999998,-2.4231127679403497,2.8890959925442563
2024-06-06,10.41,10.57,9.83,9.94,3404997.0,50349149.0,133400000.0,0.025524715142428784,-0.5300000000000011,-5.062082139446044,7.0678127984718255
2024-06-07,10.0,10.27,10.0,10.22,2207000.0,32850676.0,133400000.0,0.016544227886056972,0.28000000000000114,2.8169014084507227,2.7162977867203177
2024-06-11,10.26,10.4,10.01,10.38,1597400.0,23912416.0,133400000.0,0.011974512743628186,0.16000000000000014,1.5655577299412915,3.8160469667319035
2024-06-12,10.32,10.61,10.26,10.56,1867100.0,28717395.0,133400000.0,0.013996251874062969,0.17999999999999972,1.7341040462427681,3.371868978805391
2024-06-13,10.56,10.62,10.46,10.55,1509800.0,23292297.0,133400000.0,0.01131784107946027,-0.009999999999999787,-0.09469696969697239,1.5151515151514996
2024-06-14,10.49,10.71,10.4,10.67,1522667.0,23667075.0,133400000.0,0.011414295352323838,0.11999999999999922,1.1374407582938284,2.9383886255924216
2024-06-17,10.66,10.72,10.48,10.48,1532100.0,23717724.0,133400000.0,0.011485007496251875,-0.1899999999999995,-1.7806935332708496,2.2492970946579214
2024-06-18,10.49,10.66,10.49,10.63,1379400.0,21413258.0,133400000.0,0.010340329835082459,0.15000000000000036,1.4312977099236734,1.622137404580152
2024-06-19,10.63,10.68,10.55,10.61,1234600.0,19196725.0,133400000.0,0.00925487256371814,-0.02000000000000135,-0.18814675446849893,1.2229539040451458
2024-06-20,10.57,10.62,10.28,10.33,1638700.0,24980044.0,133400000.0,0.012284107946026987,-0.27999999999999936,-2.639019792648434,3.2045240339302534
2024-06-21,10.33,10.52,10.23,10.45,1179700.0,17966840.0,133400000.0,0.008843328335832084,0.11999999999999922,1.1616650532429773,2.807357212003864
2024-06-24,10.4,10.52,9.92,9.94,1721900.0,25434536.0,133400000.0,0.012907796101949025,-0.5099999999999998,-4.880382775119618,5.741626794258369
2024-06-25,9.94,10.29,9.88,10.13,1781300.0,26473516.0,133400000.0,0.013353073463268366,0.19000000000000128,1.9114688128772706,4.124748490945658
2024-06-26,10.18,10.47,9.99,10.47,1561800.0,23480404.0,133400000.0,0.011707646176911545,0.33999999999999986,3.3563672260612076,4.738400789733468
2024-06-27,10.41,10.44,10.14,10.14,1624979.0,24414522.0,133400000.0,0.012181251874062968,-0.33000000000000007,-3.151862464183386,2.8653295128939726
2024-06-28,10.12,10.35,10.06,10.23,1660800.0,24924902.0,133400000.0,0.012449775112443778,0.08999999999999986,0.8875739644970349,2.859960552268236
2024-07-01,10.23,10.36,10.1,10.33,1225000.0,18362783.0,133400000.0,0.009182908545727137,0.09999999999999964,0.9775171065493637,2.5415444770283457
2024-07-02,10.34,10.41,10.29,10.35,1115200.0,16877559.0,133400000.0,0.008359820089955023,0.019999999999999574,0.1936108422071703,1.161665053242991
2024-07-03,10.52,10.52,10.08,10.09,1919800.0,28803509.0,133400000.0,0.014391304347826086,-0.2599999999999998,-2.512077294685988,4.251207729468595
2024-07-04,10.1,10.25,9.81,9.85,1863800.0,27368292.0,133400000.0,0.01397151424287856,-0.2400000000000002,-2.378592666005952,4.360753221010897
2024-07-05,9.77,9.96,9.66,9.92,1353200.0,19443428.0,133400000.0,0.010143928035982009,0.07000000000000028,0.7106598984771617,3.0456852791878246
2024-07-08,9.98,9.98,9.64,9.68,1262100.0,17984084.0,133400000.0,0.009461019490254872,-0.2400000000000002,-2.4193548387096753,3.427419354838708
2024-07-09,9.68,9.86,9.43,9.81,2711700.0,38379174.0,133400000.0,0.02032758620689655,0.13000000000000078,1.342975206611574,4.442148760330576
2024-07-10,9.77,10.0,9.69,9.83,2835816.0,28376026.0,188862594.0,0.015015233773607917,0.019999999999999574,0.20387359836899765,3.1600407747196786
2024-07-11,9.94,10.24,9.94,10.22,3078226.0,31654678.0,188862594.0,0.016298759509784135,0.39000000000000057,3.967446592065116,3.051881993896243
2024-07-12,10.24,10.39,10.2,10.26,2715492.0,28333322.0,188862594.0,0.014378135672540853,0.03999999999999915,0.3913894324853118,1.8590998043052962
2024-07-15,10.16,10.24,9.86,9.9,2593170.0,26195229.0,188862594.0,0.013730458451714372,-0.35999999999999943,-3.508771929824561,3.7037037037037113
2024-07-16,9.85,9.96,9.48,9.52,3178048.0,31158865.0,188862594.0,0.016827302499085657,-0.3800000000000008,-3.838383838383841,4.848484848484853
2024-07-17,9.57,9.6,9.22,9.24,2649364.0,24973015.0,188862594.0,0.014027997518661637,-0.27999999999999936,-2.941176470588225,3.991596638655452
2024-07-18,9.24,9.24,8.88,9.16,3398004.0,31064431.0,188862594.0,0.0179919375670547,-0.08000000000000007,-0.8658008658008698,3.89610389610389
2024-07-19,9.17,9.27,9.03,9.18,1960802.0,18222775.0,188862594.0,0.01038216175300441,0.019999999999999574,0.21834061135370675,2.6200873362445436
2024-07-22,9.18,9.31,9.08,9.25,1911820.0,17865758.0,188862594.0,0.010122809178401944,0.07000000000000028,0.7625272331154731,2.505446623093687
2024-07-23,9.25,9.36,9.03,9.03,1930128.0,17995360.0,188862594.0,0.010219747378880118,-0.22000000000000064,-2.3783783783783874,3.5675675675675684
2024-07-24,8.94,9.04,8.77,8.83,2274506.0,20474698.0,188862594.0,0.012043178862617973,-0.1999999999999993,-2.2148394241417457,2.9900332225913577
2024-07-25,8.81,9.06,8.71,8.94,1916536.0,17283901.0,188862594.0,0.010147779713329575,0.10999999999999943,1.245753114382775,3.9637599093997693
2024-07-26,8.95,9.23,8.95,9.22,2157886.0,19998423.0,188862594.0,0.011425692903487283,0.28000000000000114,3.1319910514541416,3.1319910514541514
2024-07-29,9.22,9.28,9.14,9.21,1479540.0,13803096.0,188862594.0,0.007833949373797122,-0.009999999999999787,-0.10845986984815426,1.5184381778741733
2024-07-30,9.22,9.3,9.1,9.26,1587494.0,14828757.0,188862594.0,0.008405550121799133,0.049999999999998934,0.5428881650379802,2.17155266015202
2024-07-31,9.26,9.54,9.25,9.52,2129696.0,20370458.0,188862594.0,0.011276430948523349,0.2599999999999998,2.807775377969768,3.131749460043187
2024-08-01,9.54,9.61,9.48,9.51,1577140.0,15248807.0,188862594.0,0.008350727195878713,-0.009999999999999787,-0.10504201680672232,1.3655462184873846
2024-08-02,9.45,9.52,9.28,9.29,1757782.0,16739652.0,188862594.0,0.009307200344817884,-0.22000000000000064,-2.3133543638275578,2.5236593059936934
2024-08-05,9.26,9.4,8.93,8.93,2647506.0,24549549.0,188862594.0,0.014018159678565041,-0.35999999999999943,-3.8751345532830994,5.059203444564055
2024-08-06,9.04,9.19,9.01,9.15,1484964.0,13684840.0,188862594.0,0.007862668665876737,0.22000000000000064,2.4636058230683267,2.0156774916013407
2024-08-07,9.16,9.28,9.09,9.18,1359994.0,12671852.0,188862594.0,0.007200970669713453,0.02999999999999936,0.3278688524590123,2.0765027322404315
2024-08-08,9.15,9.22,8.97,9.15,1394510.0,12855131.0,188862594.0,0.007383727875727472,-0.02999999999999936,-0.32679738562090277,2.7233115468409586
2024-08-09,9.2,9.28,9.08,9.09,1183844.0,10998812.0,188862594.0,0.006268282008241399,-0.0600000000000005,-0.6557377049180357,2.185792349726768
2024-08-12,9.06,9.11,8.97,9.02,1625832.0,14875530.0,188862594.0,0.00860854426260819,-0.07000000000000028,-0.7700770077007757,1.540154015401527
2024-08-13,9.11,9.14,8.96,9.13,1606502.0,14742657.0,188862594.0,0.008506194720591416,0.11000000000000121,1.2195121951219745,1.9955654101995532
2024-08-14,9.09,9.12,8.97,9.0,1240102.0,11340888.0,188862594.0,0.006566159945891667,-0.13000000000000078,-1.423877327491796,1.6429353778751214
2024-08-15,8.95,9.12,8.9,9.05,1678452.0,15357512.0,188862594.0,0.008887159518734557,0.05000000000000071,0.5555555555555536,2.4444444444444318
2024-08-16,9.12,9.14,8.96,8.99,1098588.0,10052443.0,188862594.0,0.005816863873001766,-0.0600000000000005,-0.6629834254143652,1.9889502762430906
2024-08-19,8.92,9.08,8.9,9.03,1960060.0,17897059.0,188862594.0,0.010378232970791454,0.03999999999999915,0.4449388209121219,2.0022246941045574
2024-08-20,8.98,9.11,8.75,8.77,1782312.0,15968503.0,188862594.0,0.00943708313145376,-0.2599999999999998,-2.879291251384275,3.9867109634551436
2024-08-21,8.79,8.84,8.69,8.84,1272142.0,11343639.0,188862594.0,0.006735807091583207,0.07000000000000028,0.7981755986317118,1.7103762827822162
2024-08-22,8.79,8.88,8.67,8.68,1080518.0,9579027.0,188862594.0,0.005721185847950389,-0.16000000000000014,-1.8099547511312264,2.3755656108597383
2024-08-23,8.61,8.72,8.5,8.66,1791714.0,15647595.0,188862594.0,0.009486865355666988,-0.019999999999999574,-0.23041474654377225,2.5345622119815743
2024-08-26,8.52,8.52,8.04,8.21,5789396.0,48351957.0,188862594.0,0.030654010820162725,-0.4499999999999993,-5.196304849884514,5.542725173210167
2024-08-27,8.14,8.25,7.93,8.03,3796108.0,31125178.0,188862594.0,0.020099840416255215,-0.1800000000000015,-2.192448233861166,3.897685749086483
2024-08-28,8.02,8.25,7.98,8.17,2788306.0,23000327.0,188862594.0,0.014763675225174551,0.14000000000000057,1.7434620174346271,3.362391033623905
2024-08-29,8.15,8.35,8.07,8.32,2285368.0,19053662.0,188862594.0,0.012100691574743487,0.15000000000000036,1.8359853121175052,3.427172582619331
2024-08-30,8.32,8.6,8.25,8.48,2473406.0,21235386.0,188862594.0,0.013096325469298595,0.16000000000000014,1.9230769230769162,4.206730769230765
2024-09-02,8.46,8.62,8.42,8.47,2469488.0,21324620.0,188862594.0,0.01307558022844905,-0.009999999999999787,-0.1179245283018826,2.3584905660377276
2024-09-03,8.49,8.56,8.37,8.49,1911130.0,16410618.0,188862594.0,0.01011915572863518,0.019999999999999574,0.23612750885477762,2.24321133412044
2024-09-04,8.44,8.58,8.39,8.51,1781448.0,15298108.0,188862594.0,0.009432508376963201,0.019999999999999574,0.2355712603062443,2.237926972909299
2024-09-05,8.45,9.12,8.45,8.7,5084384.0,45221170.0,188862594.0,0.02692107469412392,0.1899999999999995,2.232667450058745,7.873090481786134
2024-09-06,8.8,9.56,8.69,9.11,14395348.0,134695618.0,188862594.0,0.07622127651174801,0.41000000000000014,4.712643678160933,10.000000000000012
2024-09-09,9.08,9.13,8.72,8.77,11066924.0,99598745.0,188862594.0,0.05859775493711582,-0.33999999999999986,-3.732162458836441,4.500548847420419
2024-09-10,8.79,8.85,8.52,8.6,6106340.0,53371545.0,188862594.0,0.03233218325911588,-0.16999999999999993,-1.9384264538198415,3.762827822120868
2024-09-11,8.52,8.7,8.47,8.59,4041238.0,35230808.0,188862594.0,0.021397768157309118,-0.009999999999999787,-0.11627906976744429,2.674418604651147
2024-09-12,8.55,8.67,8.39,8.43,4013100.0,34587199.0,188862594.0,0.021248781534791372,-0.16000000000000014,-1.86263096623982,3.2596041909196667
2024-09-13,8.42,8.5,8.23,8.24,2532028.0,21313825.0,188862594.0,0.013406720443541086,-0.1899999999999995,-2.2538552787663035,3.2028469750889634
2024-09-18,8.29,8.3,7.98,8.19,2947652.0,24233779.0,188862594.0,0.015607389147689034,-0.05000000000000071,-0.6067961165048597,3.883495145631071
2024-09-19,8.22,8.43,8.1,8.36,2258794.0,19024591.0,188862594.0,0.011959986105030412,0.16999999999999993,2.0757020757020683,4.02930402930403
2024-09-20,8.39,8.39,8.2,8.26,1710574.0,14319911.0,188862594.0,0.00905724084251432,-0.09999999999999964,-1.1961722488038284,2.272727272727288
2024-09-23,8.25,8.37,8.14,8.34,1950258.0,16407576.0,188862594.0,0.010326332804684446,0.08000000000000007,0.9685230024213176,2.784503631961243
2024-09-24,8.31,8.6,8.3,8.6,2821786.0,24224957.0,188862594.0,0.014940946961683688,0.2599999999999998,3.1175059952038398,3.597122302158261
2024-09-25,8.72,8.78,8.58,8.6,4444551.0,39173766.0,188862594.0,0.023533251904821344,0.0,0.0,2.3255813953488293
2024-09-26,8.59,8.86,8.54,8.86,3813524.0,33602408.0,188862594.0,0.02019205560631027,0.2599999999999998,3.023255813953485,3.720930232558143
2024-09-27,8.97,9.43,8.85,9.38,4180662.0,38673251.0,188862594.0,0.022135997983804036,0.5200000000000014,5.8690744920993465,6.546275395033861
2024-09-30,9.67,10.26,9.41,10.12,10961823.0,109540863.0,188862594.0,0.05804126040967117,0.7399999999999984,7.889125799573549,9.061833688699355
2024-10-08,11.07,11.13,10.36,10.59,18896918.0,207894900.0,188862594.0,0.10005643573867253,0.47000000000000064,4.644268774703564,7.608695652173927
2024-10-09,10.59,10.59,9.57,9.58,8808130.0,88898301.0,188862594.0,0.046637768832085404,-1.0099999999999998,-9.53729933899905,9.631728045325776
2024-10-10,9.59,9.83,9.47,9.63,5812034.0,56969846.0,188862594.0,0.030773875741641036,0.05000000000000071,0.5219206680584731,3.757828810020871
2024-10-11,9.57,9.65,9.18,9.3,4451130.0,42260206.0,188862594.0,0.02356808675411924,-0.33000000000000007,-3.4267912772585674,4.880581516095541
2024-10-14,9.28,9.45,9.18,9.43,3513252.0,33263013.0,188862594.0,0.018602158985489736,0.129999999999999,1.3978494623655857,2.903225806451608
2024-10-15,9.41,9.48,9.22,9.22,3499266.0,33213978.0,188862594.0,0.018528105147173825,-0.20999999999999908,-2.2269353128313796,2.7571580063626704
2024-10-16,9.16,9.29,9.09,9.21,2785426.0,25992241.0,188862594.0,0.014748426043539358,-0.009999999999999787,-0.10845986984815426,2.1691973969631158
2024-10-17,9.21,9.33,9.07,9.07,3035544.0,28277338.0,188862594.0,0.016072764520008657,-0.14000000000000057,-1.5200868621064068,2.8230184581976085
2024-10-18,9.02,9.38,9.02,9.33,4280570.0,40053603.0,188862594.0,0.02266499633061272,0.2599999999999998,2.866593164277842,3.969128996692406
2024-10-21,9.33,9.36,9.14,9.28,5175306.0,48559960.0,188862594.0,0.027402493476288904,-0.05000000000000071,-0.5359056806002238,2.357984994640931
2024-10-22,9.28,9.53,9.21,9.53,5088850.0,48423975.0,188862594.0,0.02694472151536794,0.25,2.69396551724137,3.4482758620689493
2024-10-23,9.53,9.85,9.45,9.71,5925414.0,58259744.0,188862594.0,0.03137420637143213,0.1800000000000015,1.8887722980063026,4.197271773347328
2024-10-24,9.69,9.8,9.55,9.75,4139892.0,40630221.0,188862594.0,0.021920126756280814,0.03999999999999915,0.4119464469618972,2.5746652935118433
2024-10-25,9.67,9.82,9.63,9.79,4175390.0,41316406.0,188862594.0,0.022108083509644053,0.03999999999999915,0.41025641025640436,1.9487179487179436
2024-10-28,9.79,10.0,9.76,10.0,4635320.0,46404302.0,188862594.0,0.024543346047656213,0.21000000000000085,2.1450459652706977,2.4514811031664987
2024-10-29,10.03,10.11,9.7,9.74,5728794.0,57283377.0,188862594.0,0.03033313203354604,-0.2599999999999998,-2.6000000000000023,4.100000000000001
2024-10-30,9.74,9.92,9.65,9.86,4428039.0,43975820.0,188862594.0,0.023445823263446228,0.11999999999999922,1.2320328542094305,2.772073921971248
2024-10-31,9.84,10.1,9.83,10.1,5477566.0,55374815.0,188862594.0,0.029002916268321507,0.2400000000000002,2.4340770791074995,2.738336713995939
2024-11-01,10.1,10.25,9.77,9.82,6459676.0,65053510.0,188862594.0,0.03420304605156487,-0.27999999999999936,-2.7722772277227636,4.752475247524757
2024-11-04,9.83,10.05,9.77,10.02,3986576.0,40259241.0,188862594.0,0.02110834080781502,0.1999999999999993,2.0366598778003953,2.851323828920582
2024-11-05,10.02,10.12,9.95,10.1,5661438.0,57588199.0,188862594.0,0.029976491798052927,0.08000000000000007,0.7984031936127733,1.696606786427145
2024-11-06,10.2,10.73,10.09,10.5,9898191.0,104352333.0,188862594.0,0.05240948347876658,0.40000000000000036,3.960396039603964,6.336633663366342
2024-11-07,10.34,10.64,10.27,10.56,7344141.0,78117980.0,188862594.0,0.0388861597442636,0.0600000000000005,0.5714285714285783,3.523809523809533
2024-11-08,10.61,10.65,10.34,10.41,6234804.0,65983884.0,188862594.0,0.033012381477721314,-0.15000000000000036,-1.4204545454545525,2.9356060606060654
2024-11-11,10.37,10.51,10.32,10.5,4972484.0,52597278.0,188862594.0,0.0263285804493398,0.08999999999999986,0.8645533141210304,1.825168107588852
2024-11-12,10.49,11.35,10.49,10.92,12092975.0,132974028.0,188862594.0,0.06403054593224532,0.41999999999999993,4.0000000000000036,8.190476190476186
2024-11-13,10.81,12.01,10.66,12.01,26237684.0,309178093.0,188862594.0,0.13892472534820738,1.0899999999999999,9.98168498168499,12.36263736263736
2024-11-14,12.01,12.71,11.73,11.83,30878990.0,382593722.0,188862594.0,0.16349976639630398,-0.17999999999999972,-1.4987510407993287,8.159866777685266
2024-11-15,11.76,12.63,11.31,12.1,24240077.0,289872803.0,188862594.0,0.1283476864667018,0.2699999999999996,2.282333051563823,11.158072696534237
2024-11-18,11.86,11.96,10.89,11.05,17472662.0,198233513.0,188862594.0,0.09251520711401433,-1.049999999999999,-8.677685950413217,8.842975206611573
2024-11-19,10.89,11.21,10.67,11.21,9739606.0,107862359.0,188862594.0,0.05156979894070501,0.16000000000000014,1.4479638009049722,4.886877828054307
2024-11-20,11.04,11.23,10.94,11.17,9604316.0,108003525.0,188862594.0,0.05085345804368228,-0.040000000000000924,-0.3568242640499597,2.5869759143621844
2024-11-21,11.03,11.5,11.03,11.29,9182968.0,104868626.0,188862594.0,0.048622481591034376,0.11999999999999922,1.07430617726052,4.207699194270373
2024-11-22,11.25,12.11,11.03,11.75,17087606.0,200372089.0,188862594.0,0.09047639152938883,0.46000000000000085,4.074402125775034,9.565987599645705
2024-11-25,11.8,12.0,11.5,11.96,12228052.0,146029167.0,188862594.0,0.06474575902520961,0.21000000000000085,1.7872340425532096,4.25531914893617
2024-11-26,12.08,12.09,10.94,11.44,9507680.0,112985599.0,188862594.0,0.05034178446156469,-0.5200000000000014,-4.34782608695653,9.615384615384617
2024-11-27,11.2,11.4,10.78,11.36,7802550.0,87527873.0,188862594.0,0.04131336880822467,-0.08000000000000007,-0.6993006993006978,5.419580419580428
2024-11-28,11.26,12.02,11.1,11.57,10295554.0,120205464.0,188862594.0,0.05451346284060887,0.21000000000000085,1.848591549295775,8.098591549295776
2024-11-29,11.39,11.6,11.29,11.48,7630922.0,88475141.0,188862594.0,0.04040462347986177,-0.08999999999999986,-0.7778738115816752,2.679343128781335
2024-12-02,11.26,11.81,11.25,11.6,10850342.0,126664511.0,188862594.0,0.05745098470902078,0.11999999999999922,1.0452961672473782,4.878048780487809
2024-12-03,11.56,11.7,11.34,11.47,9831674.0,114807244.0,188862594.0,0.052057285626395666,-0.129999999999999,-1.1206896551724022,3.103448275862064
2024-12-04,11.45,11.56,11.13,11.2,7407862.0,84893709.0,188862594.0,0.039223553182797015,-0.27000000000000135,-2.3539668700959138,3.748910200523101
2024-12-05,11.18,11.4,11.12,11.3,4820902.0,55005043.0,188862594.0,0.02552597577898353,0.10000000000000142,0.8928571428571619,2.50000000000001
2024-12-06,11.28,11.38,11.02,11.19,6001998.0,67813576.0,188862594.0,0.03177970752641468,-0.11000000000000121,-0.9734513274336387,3.185840707964612
2024-12-09,11.2,11.34,11.18,11.33,5653112.0,64565221.0,188862594.0,0.029932406837533957,0.14000000000000057,1.251117068811447,1.4298480786416456
2024-12-10,11.65,11.7,11.23,11.26,6638398.0,76879416.0,188862594.0,0.035149353079413914,-0.07000000000000028,-0.6178287731685828,4.148278905560449
2024-12-11,11.22,11.35,11.17,11.34,4276752.0,48768762.0,188862594.0,0.02264478057523662,0.08000000000000007,0.7104795737122638,1.598579040852573
2024-12-12,11.31,11.7,11.29,11.66,8794798.0,103109194.0,188862594.0,0.046567177828765814,0.3200000000000003,2.821869488536155,3.61552028218695
2024-12-13,11.61,11.62,11.33,11.35,5648906.0,65607561.0,188862594.0,0.029910136678520893,-0.3100000000000005,-2.6586620926243643,2.487135506003423
2024-12-16,11.36,11.39,11.17,11.23,4305004.0,49094448.0,188862594.0,0.02279437081119409,-0.11999999999999922,-1.057268722466953,1.938325991189433
2024-12-17,11.25,11.29,10.7,10.79,5979678.0,66144233.0,188862594.0,0.03166152636874192,-0.4400000000000013,-3.918076580587726,5.253784505788066
2024-12-18,10.73,10.86,10.51,10.67,3717495.0,40383976.0,188862594.0,0.019683596001016487,-0.11999999999999922,-1.112140871177003,3.2437442075996263
2024-12-19,10.57,10.69,10.44,10.66,2653382.0,28420693.0,188862594.0,0.014049272244984626,-0.009999999999999787,-0.09372071227741197,2.343017806935333
2024-12-20,10.7,10.9,10.7,10.83,2717156.0,29793144.0,188862594.0,0.014386946310818965,0.16999999999999993,1.5947467166979257,1.8761726078799348
2024-12-23,10.83,10.92,10.18,10.2,4772678.0,50402386.0,188862594.0,0.025270636704269774,-0.6300000000000008,-5.817174515235468,6.8328716528162525
2024-12-24,10.4,10.52,10.21,10.39,2629726.0,27601636.0,188862594.0,0.013924017161386653,0.19000000000000128,1.8627450980392313,3.0392156862744977
2024-12-25,10.39,10.4,9.95,10.15,2933280.0,30190381.0,188862594.0,0.015531291495445625,-0.2400000000000002,-2.3099133782483183,4.331087584215601
2024-12-26,10.09,10.48,10.09,10.39,2916226.0,30670753.0,188862594.0,0.015440993042804442,0.2400000000000002,2.364532019704435,3.84236453201971
2024-12-27,10.38,10.67,10.38,10.56,2727746.0,29194270.0,188862594.0,0.014443018822456712,0.16999999999999993,1.6361886429258954,2.7911453320500397
2024-12-30,10.56,10.56,10.24,10.46,2154312.0,22768709.0,188862594.0,0.011406769092666386,-0.09999999999999964,-0.9469696969696906,3.030303030303033
2024-12-31,10.37,10.52,10.18,10.25,2369108.0,24817978.0,188862594.0,0.012544082710205707,-0.21000000000000085,-2.0076481835564097,3.2504780114722736
2025-01-02,10.19,10.49,9.98,10.14,3510170.0,36371098.0,188862594.0,0.018585840243198183,-0.10999999999999943,-1.073170731707307,4.975609756097559
2025-01-03,10.14,10.53,10.05,10.16,5227688.0,54254426.0,188862594.0,0.027679848556988473,0.019999999999999574,0.19723865877712132,4.7337278106508744
2025-01-06,10.16,10.27,9.67,10.24,3630408.0,37025924.0,188862594.0,0.019222482986758088,0.08000000000000007,0.7874015748031482,5.905511811023619
2025-01-07,10.24,10.38,10.12,10.38,2615344.0,27248843.0,188862594.0,0.0138478665605959,0.14000000000000057,1.3671875,2.539062500000015
2025-01-08,10.38,10.41,10.02,10.28,2383356.0,24681060.0,188862594.0,0.012619523800462044,-0.10000000000000142,-0.9633911368015502,3.7572254335260165
2025-01-09,10.27,10.51,10.13,10.42,3010688.0,31628081.0,188862594.0,0.015941155610729354,0.14000000000000057,1.3618677042801508,3.6964980544746986
2025-01-10,10.41,10.64,10.35,10.38,3923438.0,41795278.0,188862594.0,0.020774034269591787,-0.03999999999999915,-0.38387715930900956,2.783109404990412
2025-01-13,10.28,10.46,10.08,10.29,2555406.0,26613137.0,188862594.0,0.013530503557522883,-0.09000000000000163,-0.8670520231214063,3.6608863198458645
2025-01-14,10.29,10.76,10.28,10.76,4909574.0,52840766.0,188862594.0,0.025995481137996018,0.47000000000000064,4.5675413022351785,4.6647230320699755
2025-01-15,10.78,10.82,10.66,10.69,2956434.0,32141738.0,188862594.0,0.015653888561966908,-0.07000000000000028,-0.6505576208178487,1.4869888475836444
2025-01-16,10.7,10.86,10.59,10.69,2706024.0,29362204.0,188862594.0,0.014328003987915151,0.0,0.0,2.525724976613654
2025-01-17,10.71,10.78,10.59,10.74,2406098.0,26075605.0,188862594.0,0.012739939386832736,0.05000000000000071,0.467726847521055,1.7773620205799767
2025-01-20,10.74,11.04,10.74,10.92,3573798.0,39433754.0,188862594.0,0.018922741260241294,0.17999999999999972,1.6759776536312776,2.793296089385465
2025-01-21,11.0,11.01,10.72,10.93,2303756.0,25309097.0,188862594.0,0.012198053363600418,0.009999999999999787,0.09157509157509125,2.655677655677648
2025-01-22,10.94,10.94,10.67,10.73,1988692.0,21698511.0,188862594.0,0.010529835251548011,-0.1999999999999993,-1.8298261665141702,2.470265324794141
2025-01-23,10.84,10.89,10.67,10.69,3022494.0,32995558.0,188862594.0,0.016003666665724184,-0.040000000000000924,-0.37278657968313755,2.0503261882572286
2025-01-24,10.69,11.04,10.63,11.01,4650716.0,51429436.0,188862594.0,0.02462486563114769,0.3200000000000003,2.9934518241347075,3.8353601496725758
2025-01-27,11.04,11.12,10.83,11.0,3746124.0,41727090.0,188862594.0,0.019835182397208842,-0.009999999999999787,-0.09082652134423386,2.6339691189827352
2025-02-05,11.0,11.03,10.76,10.82,3021462.0,33240981.0,188862594.0,0.01599820237563824,-0.17999999999999972,-1.6363636363636358,2.4545454545454506
2025-02-06,10.87,11.12,10.76,11.12,3161614.0,35191267.0,188862594.0,0.016740286856379828,0.29999999999999893,2.772643253234741,3.3271719038816956
2025-02-07,11.17,11.27,11.01,11.12,4621374.0,52302732.0,188862594.0,0.024469504003529676,0.0,0.0,2.338129496402876
2025-02-10,11.07,11.17,10.96,11.07,4225318.0,47209637.0,188862594.0,0.0223724450168253,-0.049999999999998934,-0.4496402877697703,1.8884892086330853
2025-02-11,11.1,11.39,11.0,11.18,4325576.0,48838096.0,188862594.0,0.022903296562791043,0.10999999999999943,0.9936766034327027,3.523035230352309
2025-02-12,11.14,11.16,11.01,11.1,3056426.0,34318638.0,188862594.0,0.016183331676573286,-0.08000000000000007,-0.7155635062611854,1.341681574239717
2025-02-13,11.11,11.15,10.85,10.85,3148972.0,34964167.0,188862594.0,0.016673349302827007,-0.25,-2.2522522522522515,2.7027027027027093
2025-02-14,10.76,11.04,10.76,10.85,2936382.0,32444507.0,188862594.0,0.015547716134831866,0.0,0.0,2.5806451612903167
2025-02-17,10.81,11.44,10.78,11.36,8087132.0,91761688.0,188862594.0,0.0428201891582618,0.5099999999999998,4.700460829493092,6.082949308755762
2025-02-18,11.34,11.71,11.1,11.2,7004360.0,80653015.0,188862594.0,0.03708706870773998,-0.16000000000000014,-1.4084507042253502,5.369718309859166
2025-02-19,11.2,11.33,11.05,11.26,4925314.0,55991253.0,188862594.0,0.026078822151516145,0.0600000000000005,0.5357142857142838,2.4999999999999947
2025-02-20,11.25,11.29,11.06,11.19,4252122.0,48041600.0,188862594.0,0.022514368303127297,-0.07000000000000028,-0.6216696269982225,2.0426287744227234
2025-02-21,11.15,11.26,11.04,11.13,3985114.0,44896254.0,188862594.0,0.021100599730193265,-0.05999999999999872,-0.5361930294906059,1.9660411081322666
2025-02-24,11.06,11.4,10.99,11.15,5797800.0,65566912.0,188862594.0,0.030698508779350982,0.019999999999999574,0.17969451931716396,3.683737646001798
2025-02-25,11.05,11.2,11.0,11.05,3846320.0,43255568.0,188862594.0,0.020365705662181047,-0.09999999999999964,-0.8968609865470767,1.793721973094164
2025-02-26,11.07,11.44,11.07,11.31,6333400.0,72584753.0,188862594.0,0.033534432975118406,0.2599999999999998,2.35294117647058,3.348416289592753
2025-02-27,11.32,11.41,11.05,11.25,4388078.0,49799542.0,188862594.0,0.02323423557340317,-0.0600000000000005,-0.5305039787798504,3.18302387267904
2025-02-28,11.23,11.23,10.85,10.9,4178532.0,46580112.0,188862594.0,0.022124719943219674,-0.34999999999999964,-3.111111111111109,3.3777777777777844
2025-03-03,10.98,11.07,10.77,10.86,4066226.0,45074525.0,188862594.0,0.02153007598741337,-0.040000000000000924,-0.3669724770642313,2.752293577981658
2025-03-04,10.85,11.07,10.73,11.03,3635702.0,40416521.0,188862594.0,0.019250513947722227,0.16999999999999993,1.5653775322283625,3.130755064456721
2025-03-05,11.04,11.08,10.89,11.07,2833810.0,31597841.0,188862594.0,0.015004612295010626,0.040000000000000924,0.3626473254759732,1.7225747960108748
2025-03-06,11.07,12.18,11.06,11.76,18404302.0,219434130.0,188862594.0,0.09744810557881038,0.6899999999999995,6.233062330623307,10.117434507678402
2025-03-07,11.75,11.95,11.48,11.58,13182357.0,156088274.0,188862594.0,0.06979866537256181,-0.17999999999999972,-1.5306122448979553,3.996598639455773
2025-03-10,11.7,12.02,11.54,11.95,11628172.0,139084915.0,188862594.0,0.06156948156711223,0.3699999999999992,3.1951640759930955,4.145077720207258
2025-03-11,11.67,12.14,11.67,12.06,9291096.0,112486542.0,188862594.0,0.049195003643760185,0.11000000000000121,0.9205020920502127,3.933054393305445
2025-03-12,12.14,12.32,12.01,12.17,8002424.0,98281544.0,188862594.0,0.04237167260341664,0.10999999999999943,0.9121061359867344,2.570480928689888
2025-03-13,12.15,12.21,11.82,12.18,6062256.0,73750974.0,188862594.0,0.03209876488300272,0.009999999999999787,0.08216926869351049,3.204601479046841
2025-03-14,12.2,12.28,11.97,12.07,5290491.0,64604817.0,188862594.0,0.02801238131887567,-0.10999999999999943,-0.9031198686371034,2.545155993431845
2025-03-17,12.14,12.2,11.91,12.09,4334842.0,52940255.0,188862594.0,0.022952358686760387,0.019999999999999574,0.1657000828500399,2.4026512013255936
2025-03-18,12.1,12.19,12.01,12.14,4360766.0,53475351.0,188862594.0,0.023089622500896075,0.05000000000000071,0.41356492969397696,1.4888337468982609
2025-03-19,12.14,12.55,12.05,12.39,7839936.0,97934540.0,188862594.0,0.04151132224732654,0.25,2.0593080724876422,4.118616144975288
2025-03-20,12.34,13.24,12.19,12.98,15250042.0,198663398.0,188862594.0,0.08074675708414764,0.5899999999999999,4.761904761904767,8.474576271186447
2025-03-21,12.8,13.04,12.61,12.7,8874496.0,114833693.0,188862594.0,0.04698916716139142,-0.28000000000000114,-2.157164869029282,3.3127889060092426
2025-03-24,12.58,12.69,11.75,12.02,9635036.0,117964663.0,188862594.0,0.05101611598112435,-0.6799999999999997,-5.354330708661415,7.401574803149604
2025-03-25,12.05,12.13,11.79,11.91,4520724.0,54747320.0,188862594.0,0.023936576874508037,-0.10999999999999943,-0.9151414309484185,2.828618968386037
2025-03-26,12.01,12.33,11.89,12.22,5249936.0,64920895.0,188862594.0,0.02779764848512035,0.3100000000000005,2.602854743912686,3.6943744752308945
2025-03-27,12.26,12.34,11.96,12.01,3371226.0,41287461.0,188862594.0,0.0178501519469758,-0.21000000000000085,-1.7184942716857665,3.1096563011456544
2025-03-28,11.96,12.11,11.83,11.89,3232792.0,39193962.0,188862594.0,0.01711716402666798,-0.11999999999999922,-0.9991673605328821,2.33139050791007
2025-03-31,11.9,11.94,11.38,11.58,4246328.0,49669413.0,188862594.0,0.022483689914795938,-0.3100000000000005,-2.607232968881412,4.709840201850284
2025-04-01,11.64,11.76,11.57,11.61,2415562.0,28558044.0,188862594.0,0.0127900498920395,0.02999999999999936,0.2590673575129543,1.640759930915367
2025-04-02,11.6,11.87,11.45,11.78,3304434.0,39244531.0,188862594.0,0.017496498009552913,0.16999999999999993,1.4642549526270532,3.6175710594315245
2025-04-03,11.58,11.73,11.23,11.47,3832766.0,44604788.0,188862594.0,0.02029393920111041,-0.3099999999999987,-2.631578947368407,4.244482173174873
2025-04-07,10.95,10.95,10.32,10.32,3995352.0,42080084.0,188862594.0,0.021154808452964486,-1.1500000000000004,-10.026155187445518,5.492589363557097
2025-04-08,9.85,10.03,9.3,9.51,8650392.0,84538420.0,188862594.0,0.045802569035983905,-0.8100000000000005,-7.848837209302328,7.073643410852699
2025-04-09,9.33,9.66,8.63,9.58,6785386.0,63003704.0,188862594.0,0.03592763318712015,0.07000000000000028,0.7360672975814886,10.83070452155625
2025-04-10,9.85,10.07,9.81,9.83,5150256.0,51838307.0,188862594.0,0.02726985736519112,0.25,2.609603340292277,2.7139874739039644
2025-04-11,9.87,10.25,9.74,10.13,4151466.0,42430669.0,188862594.0,0.02198140940497725,0.3000000000000007,3.0518819938962327,5.188199389623599
2025-04-14,10.16,10.44,10.16,10.32,2243500.0,23502302.0,188862594.0,0.011879006596721848,0.1899999999999995,1.875616979269501,2.7640671273445148
2025-04-15,10.36,10.9,10.33,10.63,4909874.0,52731810.0,188862594.0,0.02599706959441635,0.3100000000000005,3.0038759689922534,5.523255813953491
2025-04-16,10.49,10.62,10.1,10.27,4188076.0,43854282.0,188862594.0,0.022175254036805193,-0.3600000000000012,-3.3866415804327477,4.891815616180616
2025-04-17,10.27,10.44,10.1,10.35,1940104.0,20380517.0,188862594.0,0.010272568849710917,0.08000000000000007,0.778967867575453,3.3106134371957143
2025-04-18,10.28,10.48,10.27,10.44,1944252.0,20464367.0,188862594.0,0.010294531907149384,0.08999999999999986,0.8695652173912993,2.028985507246385
2025-04-21,10.34,10.62,10.25,10.55,2249488.0,23984099.0,188862594.0,0.011910712186871689,0.11000000000000121,1.053639846743315,3.544061302681985
2025-04-22,10.6,10.85,10.56,10.82,3883829.0,42131728.0,188862594.0,0.020564310368415252,0.2699999999999996,2.5592417061611306,2.7488151658767688
2025-04-23,10.86,11.31,10.86,11.25,6848860.0,77689918.0,188862594.0,0.03626371879653416,0.4299999999999997,3.974121996303137,4.158964879852135
2025-04-24,11.2,11.45,11.14,11.38,4148418.0,47654974.0,188862594.0,0.02196527068774667,0.13000000000000078,1.1555555555555541,2.755555555555544
2025-04-25,11.38,11.77,11.32,11.68,4994664.0,58878264.0,188862594.0,0.026446020327349735,0.29999999999999893,2.6362038664323295,3.9543057996485
2025-04-28,11.68,11.71,11.28,11.41,3828810.0,44383523.0,188862594.0,0.020272992755780955,-0.2699999999999996,-2.3116438356164393,3.681506849315081
2025-04-29,11.35,11.7,11.35,11.52,2742066.0,32112663.0,188862594.0,0.014518841142253928,0.10999999999999943,0.9640666082383786,3.067484662576684
2025-04-30,11.44,11.63,11.36,11.42,3061224.0,35631179.0,188862594.0,0.016208736389589144,-0.09999999999999964,-0.868055555555558,2.343750000000012
2025-05-06,11.48,11.69,11.44,11.66,3646842.0,42737178.0,188862594.0,0.019309498629463916,0.2400000000000002,2.1015761821365997,2.189141856392294
2025-05-07,11.76,11.92,11.51,11.6,3043520.0,35973424.0,188862594.0,0.016114996281370572,-0.0600000000000005,-0.5145797598627877,3.516295025728989
2025-05-08,11.54,12.07,11.51,11.87,4922858.0,58989495.0,190748750.0,0.025808074758025937,0.2699999999999996,2.327586206896548,4.827586206896556
2025-05-09,11.82,11.94,11.66,11.77,3261562.0,38927631.0,190748750.0,0.017098733281345226,-0.09999999999999964,-0.8424599831508006,2.358887952822236
2025-05-12,11.83,12.12,11.7,11.91,3952113.0,47602188.0,190748750.0,0.02071894573358934,0.14000000000000057,1.1894647408666081,3.5683942225998293
2025-05-13,11.99,12.01,11.72,11.78,2643752.0,31688830.0,190748750.0,0.013859865398855824,-0.13000000000000078,-1.0915197313182246,2.4349286314021756
2025-05-14,11.74,11.88,11.65,11.78,2408646.0,28718890.0,190748750.0,0.012627322590580541,0.0,0.0,1.9524617996604452
2025-05-15,11.78,12.37,11.58,11.96,5619926.0,68046454.0,190748750.0,0.029462452571773077,0.1800000000000015,1.5280135823429575,6.706281833616291
2025-05-16,11.94,12.28,11.87,12.17,4480435.0,55313937.0,190748750.0,0.023488672927083402,0.20999999999999908,1.7558528428093467,3.428093645484951
2025-05-19,12.16,12.26,11.92,12.15,3463709.0,42461466.0,190748750.0,0.018158488587736485,-0.019999999999999574,-0.16433853738700988,2.7937551355792922
2025-05-20,12.14,12.27,12.05,12.24,2786626.0,34388780.0,190748750.0,0.014608882102766074,0.08999999999999986,0.7407407407407307,1.8106995884773567
2025-05-21,12.23,12.39,12.08,12.35,3592454.0,44636468.0,190748750.0,0.01883343403298842,0.10999999999999943,0.8986928104575131,2.532679738562096
2025-05-22,12.35,12.45,12.04,12.1,3405433.0,42116499.0,190748750.0,0.017852976756073106,-0.25,-2.0242914979757054,3.3198380566801635
2025-05-23,12.02,12.63,11.99,12.24,5287053.0,66152727.0,190748750.0,0.02771736643097268,0.14000000000000057,1.1570247933884392,5.289256198347112
2025-05-26,12.24,12.44,12.07,12.16,2249102.0,27868399.0,190748750.0,0.011790913439799737,-0.08000000000000007,-0.6535947712418277,3.0228758169934573
2025-05-27,12.16,12.26,11.99,12.08,2833864.0,34688048.0,190748750.0,0.014856527238055296,-0.08000000000000007,-0.6578947368421018,2.2203947368421018
2025-05-28,12.03,12.26,11.95,12.04,3211119.0,39298988.0,190748750.0,0.016834285938964213,-0.040000000000000924,-0.33112582781458233,2.566225165562918
2025-05-29,12.09,12.4,12.0,12.29,3394538.0,42256533.0,190748750.0,0.01779585973695765,0.25,2.0764119601328845,3.3222591362126277
2025-05-30,12.2,12.29,11.84,11.89,3911662.0,47406727.0,190748750.0,0.020506881434347538,-0.3999999999999986,-3.2546786004881922,3.661513425549222
2025-06-03,11.36,11.82,11.36,11.58,5147765.0,60402461.0,190748750.0,0.02698714932601131,-0.3100000000000005,-2.607232968881412,3.868797308662749
2025-06-04,11.6,11.72,11.57,11.61,2867801.0,33796839.0,190748750.0,0.015034441903289012,0.02999999999999936,0.2590673575129543,1.2953367875647699
2025-06-05,11.63,11.79,11.45,11.72,3019656.0,35668317.0,190748750.0,0.01583054148454446,0.11000000000000121,0.9474590869939847,2.92850990525409
2025-06-06,11.73,11.93,11.66,11.92,3522997.0,42277171.0,190748750.0,0.018469305827692187,0.1999999999999993,1.7064846416382284,2.3037542662116004
2025-06-09,12.08,12.08,11.76,11.94,2370880.0,28531454.0,190748750.0,0.01242933439930799,0.019999999999999574,0.1677852348993314,2.684563758389264
2025-06-10,11.91,12.02,11.7,11.83,2689896.0,32338652.0,190748750.0,0.014101775240991094,-0.10999999999999943,-0.9212730318257867,2.6800670016750443
2025-06-11,11.81,12.27,11.81,12.0,3724098.0,45672007.0,190748750.0,0.019523577480848497,0.16999999999999993,1.4370245139475823,3.88841927303465
2025-06-12,12.0,12.26,11.89,12.22,3571668.0,44016298.0,190748750.0,0.018724463463063324,0.22000000000000064,1.8333333333333313,3.083333333333327
2025-06-13,12.22,12.22,11.63,11.69,4058948.0,48524813.0,190748750.0,0.021279028040812848,-0.5300000000000011,-4.337152209492645,4.828150572831422
2025-06-16,11.69,11.83,11.56,11.58,4063361.0,47988558.0,190748750.0,0.021302163185866224,-0.10999999999999943,-0.9409751924721932,2.3096663815226655
2025-06-17,11.84,11.87,11.48,11.57,3640496.0,42907227.0,190748750.0,0.01908529413692095,-0.009999999999999787,-0.08635578583764403,3.3678756476683835
2025-06-18,11.45,11.57,11.31,11.53,2418338.0,28103225.0,190748750.0,0.012678132884225977,-0.040000000000000924,-0.34572169403630504,2.2471910112359534
2025-06-19,11.52,12.34,11.47,11.65,7581375.0,91407976.0,190748750.0,0.03974534564446687,0.120000000000001,1.040763226366015,7.545533391153507
2025-06-20,11.55,12.81,11.55,12.81,10569481.0,135162867.0,190748750.0,0.05541048630724972,1.1600000000000001,9.957081545064383,10.815450643776822
2025-06-23,12.83,13.18,12.24,13.06,31246463.0,400633709.0,190748750.0,0.16380952955130768,0.25,1.9516003122560521,7.338017174082744
2025-06-24,12.93,12.96,12.63,12.68,18867801.0,243942279.0,190748750.0,0.09891441490442271,-0.3800000000000008,-2.9096477794793296,2.526799387442573
2025-06-25,12.67,12.86,12.51,12.64,14047006.0,180053958.0,190748750.0,0.07364140525167269,-0.03999999999999915,-0.3154574132492094,2.760252365930597
2025-06-26,12.65,12.68,12.36,12.5,10703031.0,135224807.0,190748750.0,0.05611062195689356,-0.14000000000000057,-1.1075949367088667,2.531645569620255
2025-06-27,12.51,12.52,12.3,12.34,7885348.0,98890901.0,190748750.0,0.041338923584033974,-0.16000000000000014,-1.2800000000000034,1.7599999999999907
2025-06-30,12.38,12.73,12.31,12.67,11740454.0,148802318.0,190748750.0,0.06154931028381575,0.33000000000000007,2.674230145867096,3.403565640194489
2025-07-01,12.73,12.79,12.45,12.64,8223714.0,105108315.0,190748750.0,0.04311280676806532,-0.02999999999999936,-0.23677979479084232,2.6835043409629034
2025-07-02,12.56,12.58,12.3,12.46,6180588.0,77739299.0,190748750.0,0.03240172216069568,-0.17999999999999972,-1.424050632911389,2.2151898734177164
2025-07-03,12.46,12.51,12.34,12.46,3857930.0,48517212.0,190748750.0,0.02022519151501648,0.0,0.0,1.3643659711075435
2025-07-04,12.46,12.46,11.97,11.98,7971600.0,97681765.0,190748750.0,0.041791099548489835,-0.4800000000000004,-3.8523274478330705,3.9325842696629225
2025-07-07,11.99,12.29,11.91,12.2,4589414.0,56304873.0,190748750.0,0.02405999515068906,0.21999999999999886,1.8363939899832982,3.171953255425701
2025-07-08,12.2,12.31,12.1,12.28,3165270.0,39249624.0,190748750.0,0.01659392263383115,0.08000000000000007,0.6557377049180246,1.721311475409843
2025-07-09,12.28,12.38,12.14,12.16,4104112.0,50918907.0,190748750.0,0.021515800234601798,-0.11999999999999922,-0.9771986970683932,1.9543973941368098
2025-07-10,12.16,12.5,12.07,12.49,6497562.0,81191391.0,190748750.0,0.03406345782082451,0.33000000000000007,2.7138157894736947,3.5361842105263137
2025-07-11,12.51,12.53,12.31,12.42,5800861.0,72837174.0,190748750.0,0.030411004003958086,-0.07000000000000028,-0.5604483586869491,1.7614091273018324
2025-07-14,12.51,12.51,12.33,12.45,4440154.0,55096947.0,190748750.0,0.023277499852554735,0.02999999999999936,0.24154589371980784,1.4492753623188384
2025-07-15,12.45,12.48,12.12,12.42,6396223.0,78705971.0,190748750.0,0.03353218828432689,-0.02999999999999936,-0.24096385542168308,2.8915662650602507
2025-07-16,12.42,12.48,12.34,12.38,3629970.0,45074037.0,190748750.0,0.01903011159968283,-0.03999999999999915,-0.32206119162639935,1.1272141706924361
2025-07-17,12.38,12.63,12.3,12.42,4965040.0,61858978.0,190748750.0,0.0260292138218468,0.03999999999999915,0.3231017770597644,2.6655896607431346
2025-07-18,12.43,12.48,12.22,12.28,3787277.0,46580841.0,190748750.0,0.019854793281738413,-0.14000000000000057,-1.1272141706924366,2.093397745571657
2025-07-21,12.41,12.85,12.34,12.7,9905700.0,125010520.0,190748750.0,0.05193061553483312,0.41999999999999993,3.420195439739415,4.153094462540715
2025-07-22,12.74,12.92,12.53,12.68,5920988.0,74978425.0,190748750.0,0.031040769598752287,-0.019999999999999574,-0.15748031496062298,3.0708661417322882
2025-07-23,12.69,12.75,12.35,12.36,4719552.0,58763153.0,190748750.0,0.024742243396090408,-0.3200000000000003,-2.5236593059936974,3.154574132492116
2025-07-24,12.39,12.79,12.28,12.68,7948530.0,100688729.0,190748750.0,0.041670155112418825,0.3200000000000003,2.5889967637540368,4.126213592233007
2025-07-25,12.71,13.08,12.63,13.0,10296176.0,132824756.0,190748750.0,0.05397768530593254,0.3200000000000003,2.5236593059936974,3.5488958990536226
2025-07-28,13.0,13.11,12.85,13.04,5609546.0,72915206.0,190748750.0,0.029408035439288594,0.03999999999999915,0.3076923076922977,1.9999999999999982
2025-07-29,13.04,13.24,12.77,12.9,4961856.0,64022044.0,190748750.0,0.026012521707219575,-0.1399999999999988,-1.0736196319018343,3.604294478527612
2025-07-30,12.9,12.96,12.62,12.74,3816484.0,48670556.0,190748750.0,0.02000791092995367,-0.16000000000000014,-1.2403100775193798,2.635658914728695
2025-07-31,12.68,12.92,12.42,12.49,4947186.0,62365826.0,190748750.0,0.02593561425697416,-0.25,-1.9623233908948157,3.924646781789639
2025-08-01,12.53,12.78,12.4,12.58,3429858.0,43234642.0,190748750.0,0.01798102477735765,0.08999999999999986,0.7205764611689425,3.042433947157718
2025-08-04,12.56,13.84,12.51,13.45,21587345.0,290249737.0,190748750.0,0.11317161973538489,0.8699999999999992,6.915739268680432,10.572337042925279
2025-08-05,13.44,13.65,13.22,13.4,14471726.0,193733428.0,190748750.0,0.07586799913498778,-0.049999999999998934,-0.3717472118959009,3.197026022304831
2025-08-06,13.46,13.76,13.31,13.75,12109015.0,164461852.0,190748750.0,0.06348149070439518,0.34999999999999964,2.6119402985074647,3.358208955223875
2025-08-07,13.77,14.01,13.41,13.41,11522419.0,156913856.0,190748750.0,0.060406262164234364,-0.33999999999999986,-2.472727272727271,4.3636363636363615
2025-08-08,13.5,13.99,13.32,13.84,12380204.0,169517642.0,190748750.0,0.06490319857928296,0.4299999999999997,3.2065622669649407,4.996271439224459
2025-08-11,14.0,14.29,13.86,13.93,12042546.0,169413093.0,190748750.0,0.06313302708405691,0.08999999999999986,0.6502890173410325,3.1069364161849693
2025-08-12,14.12,14.19,13.76,13.87,8623675.0,120120230.0,190748750.0,0.04520960163565947,-0.0600000000000005,-0.4307250538406304,3.086862885857859
2025-08-13,13.83,13.93,13.67,13.79,7232736.0,99715033.0,190748750.0,0.03791760627527048,-0.08000000000000007,-0.5767844268204758,1.874549387166545
2025-08-14,13.95,14.25,13.61,14.15,15765840.0,220600057.0,190748750.0,0.0826523895962621,0.3600000000000012,2.6105873821610004,4.641044234952869
2025-08-15,14.32,15.57,14.21,15.12,26143249.0,394418540.0,190748750.0,0.1370559387676197,0.9699999999999989,6.855123674911656,9.611307420494695
2025-08-25,15.0,15.05,13.63,14.12,25912577.0,371209941.0,190748750.0,0.13584664119686238,-1.0,-6.613756613756616,9.39153439153439
2025-08-26,14.2,15.53,14.08,15.53,15479862.0,236304713.0,190748750.0,0.08115315041382971,1.4100000000000001,9.985835694051005,10.269121813031157
2025-08-27,16.0,16.15,14.51,14.77,28325233.0,427611036.0,190748750.0,0.1484949862056763,-0.7599999999999998,-4.893754024468766,10.560206052801023
2025-08-28,14.63,14.69,13.69,14.18,18361027.0,258779784.0,190748750.0,0.09625765306456792,-0.5899999999999999,-3.9945836154366976,6.770480704129993
2025-08-29,14.1,14.1,13.46,13.48,11507004.0,156977670.0,190748750.0,0.06032544905274609,-0.6999999999999993,-4.9365303244005565,4.51339915373765
2025-09-01,13.45,13.94,13.28,13.77,8278770.0,112894637.0,190748750.0,0.043401437755162225,0.28999999999999915,2.1513353115726996,4.896142433234423
2025-09-02,13.7,13.83,13.28,13.4,8137158.0,109772531.0,190748750.0,0.04265903708412244,-0.3699999999999992,-2.687000726216404,3.994190268700078
2025-09-03,13.6,13.62,12.97,12.99,6336862.0,83824086.0,190748750.0,0.03322098834199438,-0.41000000000000014,-3.0597014925373145,4.850746268656706
2025-09-04,12.92,13.24,12.81,13.05,5615040.0,73499470.0,190748750.0,0.02943683772501786,0.0600000000000005,0.4618937644341736,3.310238645111622
2025-09-05,13.05,13.25,12.92,13.24,4088163.0,53795031.0,190748750.0,0.021432187629014606,0.1899999999999995,1.4559386973179933,2.5287356321839085
2025-09-08,13.24,13.36,13.19,13.34,3997500.0,53040085.0,190748750.0,0.020956887004501996,0.09999999999999964,0.7552870090634434,1.2839879154078544
2025-09-09,13.36,13.37,13.11,13.17,3384756.0,44805788.0,190748750.0,0.01774457761846408,-0.16999999999999993,-1.2743628185907019,1.9490254872563704
2025-09-10,13.13,13.32,13.11,13.23,3201784.0,42424508.0,190748750.0,0.016785347217216365,0.0600000000000005,0.4555808656036442,1.5945330296127627
2025-09-11,13.23,13.32,13.02,13.31,4532503.0,59852792.0,190748750.0,0.02376163932922234,0.08000000000000007,0.6046863189720364,2.26757369614513
2025-09-12,13.34,13.62,13.34,13.43,6045135.0,81290492.0,190748750.0,0.03169161003676302,0.11999999999999922,0.9015777610818843,2.103681442524413
2025-09-15,13.61,13.61,13.33,13.39,3710932.0,49853122.0,190748750.0,0.019454554748065192,-0.03999999999999915,-0.29784065524943726,2.084884586746086
2025-09-16,13.39,13.54,13.25,13.52,4277794.0,57459118.0,190748750.0,0.02242632782652573,0.129999999999999,0.9708737864077666,2.1657953696788583
2025-09-17,13.57,13.61,13.45,13.51,4380021.0,59229353.0,190748750.0,0.02296225270152491,-0.009999999999999787,-0.07396449704142327,1.1834319526627228
2025-09-18,13.51,14.04,13.46,13.63,9864926.0,136178715.0,190748750.0,0.05171685790863636,0.120000000000001,0.888230940044421,4.293116210214643
2025-09-19,13.5,13.62,13.19,13.26,5579350.0,74514276.0,190748750.0,0.029249732960242202,-0.370000000000001,-2.7146001467351466,3.154805575935434
2025-09-22,13.25,13.52,13.25,13.43,4202029.0,56116971.0,190748750.0,0.0220291299418738,0.16999999999999993,1.2820512820512775,2.036199095022621
2025-09-23,13.53,13.53,12.94,13.35,5355502.0,70572003.0,190748750.0,0.028076210197969843,-0.08000000000000007,-0.5956813104988856,4.393149664929262
2025-09-24,13.3,13.52,13.2,13.43,3246134.0,43450733.0,190748750.0,0.017017852017378883,0.08000000000000007,0.5992509363295984,2.3970037453183544
2025-09-25,13.44,13.53,13.16,13.22,4432242.0,59060605.0,190748750.0,0.023236021205905674,-0.20999999999999908,-1.5636634400595595,2.7550260610573285
2025-09-26,13.18,13.48,13.06,13.27,3891644.0,51808411.0,190748750.0,0.020401937103126495,0.049999999999998934,0.3782148260211615,3.1770045385779113
2025-09-29,13.31,13.45,13.0,13.38,4122324.0,54852021.0,190748750.0,0.02161127661387034,0.11000000000000121,0.8289374529012905,3.3911077618688714
2025-09-30,13.43,13.43,13.18,13.21,3288062.0,43579271.0,190748750.0,0.01723765948662835,-0.16999999999999993,-1.2705530642750373,1.8684603886397606
2025-10-09,13.38,13.57,13.24,13.29,4950564.0,66319010.0,190748750.0,0.025953323416274026,0.0799999999999983,0.6056018168054456,2.4981074943224835
2025-10-10,13.31,13.48,13.22,13.35,3561768.0,47482265.0,190748750.0,0.01867256272976887,0.0600000000000005,0.4514672686230181,1.9563581640331063
2025-10-13,13.02,13.14,12.62,13.06,4926995.0,63935280.0,190748750.0,0.025829762973545042,-0.28999999999999915,-2.172284644194755,3.8951310861423325
2025-10-14,13.15,13.25,12.92,12.95,3312582.0,43386836.0,190748750.0,0.01736620554525259,-0.11000000000000121,-0.8422664624808673,2.526799387442573
2025-10-15,12.96,13.3,12.68,13.29,4311270.0,56765301.0,190748750.0,0.022601825700037353,0.33999999999999986,2.6254826254826336,4.787644787644796
2025-10-16,13.28,13.37,13.13,13.19,2425884.0,32028093.0,190748750.0,0.012717692776492637,-0.09999999999999964,-0.7524454477050413,1.8058690744920878
2025-10-17,13.17,13.23,12.74,12.78,3425808.0,44386870.0,190748750.0,0.017959792659191738,-0.41000000000000014,-3.1084154662623265,3.7149355572403358
2025-10-20,12.96,13.1,12.89,13.04,2113740.0,27480232.0,190748750.0,0.01108127838321352,0.2599999999999998,2.0344287949921824,1.6431924882629036
2025-10-21,13.05,13.25,12.92,13.25,2559992.0,33702105.0,190748750.0,0.01342075374019489,0.21000000000000085,1.610429447852768,2.5306748466257676
2025-10-22,13.25,13.58,13.14,13.48,4704632.0,63204347.0,190748750.0,0.02466402532126685,0.23000000000000043,1.7358490566037776,3.320754716981128
2025-10-23,13.42,13.52,13.23,13.49,2507834.0,33564329.0,190748750.0,0.01314731551320782,0.009999999999999787,0.07418397626113293,2.151335311572694
2025-10-24,13.53,13.96,13.41,13.69,5892354.0,81018311.0,190748750.0,0.03089065590207013,0.1999999999999993,1.4825796886582587,4.0770941438102355
2025-10-27,13.71,14.1,13.51,13.9,6209607.0,85551708.0,190748750.0,0.03255385421922817,0.21000000000000085,1.5339663988312768,4.30971512052593
2025-10-28,13.96,13.96,13.66,13.7,4427763.0,61007298.0,190748750.0,0.023212540055963668,-0.20000000000000107,-1.4388489208633115,2.158273381294969
2025-10-29,13.69,13.7,13.46,13.64,3877858.0,52636478.0,190748750.0,0.020329664021389394,-0.05999999999999872,-0.4379562043795526,1.751824817518237
2025-10-30,13.64,13.93,13.52,13.57,4149542.0,56820657.0,190748750.0,0.021753966932941893,-0.07000000000000028,-0.513196480938416,3.005865102639297
2025-10-31,13.59,14.03,13.58,13.98,6067214.0,84118540.0,190748750.0,0.03180735915700627,0.41000000000000014,3.0213706705969123,3.3161385408990363
2025-11-03,13.99,13.99,13.78,13.88,3599350.0,49838078.0,190748750.0,0.01886958630135191,-0.09999999999999964,-0.7153075822603716,1.5021459227467873
2025-11-04,13.87,13.99,13.7,13.77,3178906.0,43916115.0,190748750.0,0.016665409340821367,-0.11000000000000121,-0.7925072046109594,2.089337175792514
2025-11-05,13.7,13.91,13.62,13.85,2928662.0,40463121.0,190748750.0,0.015353505593090387,0.08000000000000007,0.5809731299927456,2.1060275962236816
2025-11-06,13.83,14.46,13.83,14.45,11321845.0,161658322.0,190748750.0,0.05935475330768878,0.5999999999999996,4.332129963898912,4.548736462093869
2025-11-07,14.31,14.43,14.19,14.26,5280564.0,75540416.0,190748750.0,0.02768334785942241,-0.1899999999999995,-1.314878892733562,1.6608996539792402
2025-11-10,14.26,14.68,14.19,14.54,7562837.0,109413077.0,190748750.0,0.039648160210748434,0.27999999999999936,1.9635343618513268,3.436185133239833
2025-11-11,14.54,14.6,14.38,14.45,3993326.0,57697479.0,190748750.0,0.020935004816545325,-0.08999999999999986,-0.6189821182943644,1.5130674002750955
2025-11-12,14.47,14.61,14.32,14.46,4030683.0,58233381.0,190748750.0,0.021130848826008033,0.010000000000001563,0.06920415224913601,2.006920415224908
2025-11-13,14.44,14.58,14.38,14.52,3338060.0,48445728.0,190748750.0,0.01749977391726027,0.05999999999999872,0.4149377593360981,1.3831258644536604
2025-11-14,14.39,14.78,14.39,14.55,4477986.0,65556882.0,190748750.0,0.023475834048715914,0.030000000000001137,0.20661157024794985,2.685950413223132
2025-11-17,14.62,14.78,14.5,14.54,3385912.0,49356237.0,190748750.0,0.017750637946513412,-0.010000000000001563,-0.06872852233678062,1.9243986254295489
2025-11-18,14.57,14.58,14.17,14.27,4919662.0,70457502.0,190748750.0,0.02579131973341896,-0.2699999999999996,-1.8569463548830822,2.819807427785421
2025-11-19,14.21,14.44,13.79,14.06,6337350.0,88931697.0,190748750.0,0.03322354668117091,-0.20999999999999908,-1.4716187806587233,4.555010511562721
2025-11-20,14.05,14.08,13.63,13.65,3780700.0,51998850.0,190748750.0,0.019820313370336635,-0.41000000000000014,-2.916073968705546,3.200568990042669
2025-11-21,13.62,13.72,12.96,13.15,5892886.0,78217577.0,190748750.0,0.030893444911172418,-0.5,-3.663003663003661,5.567765567765566
2025-11-24,13.28,13.55,13.28,13.41,3593200.0,48255010.0,190748750.0,0.0188373449367296,0.2599999999999998,1.9771863117870714,2.053231939163508
2025-11-25,13.48,13.75,13.42,13.56,2778816.0,37781253.0,190748750.0,0.014567938190944894,0.15000000000000036,1.118568232662187,2.4608501118568236
2025-11-26,13.52,13.75,13.33,13.35,3014344.0,40757266.0,190748750.0,0.015802693333508082,-0.21000000000000085,-1.5486725663716894,3.097345132743362
2025-11-27,13.32,13.68,13.32,13.58,2602332.0,35365736.0,190748750.0,0.01364272111874914,0.23000000000000043,1.7228464419475786,2.696629213483142
2025-11-28,13.42,13.75,13.42,13.74,1957126.0,26722609.0,190748750.0,0.010260229752488548,0.16000000000000014,1.178203240058906,2.4300441826215025
2025-12-01,13.74,14.03,13.7,13.73,3134468.0,43421013.0,190748750.0,0.016432443200807344,-0.009999999999999787,-0.07278020378457262,2.40174672489083
2025-12-02,13.6,13.96,13.6,13.7,2616400.0,35817360.0,190748750.0,0.013716472585010386,-0.030000000000001137,-0.21849963583394638,2.621995630007292
2025-12-03,13.63,13.97,13.56,13.62,2242633.0,30593037.0,190748750.0,0.011756999718215715,-0.08000000000000007,-0.583941605839422,2.9927007299270088
2025-12-04,13.69,13.71,13.33,13.38,2115540.0,28463127.0,190748750.0,0.011090714880176149,-0.23999999999999844,-1.7621145374449254,2.790014684287818
2025-12-05,13.45,13.58,13.26,13.57,1888876.0,25356572.0,190748750.0,0.009902429242655587,0.1899999999999995,1.4200298953662038,2.3916292974588957
2025-12-08,13.65,13.7,13.52,13.58,2161128.0,29402867.0,190748750.0,0.011329709893249627,0.009999999999999787,0.07369196757553986,1.3264554163596147
2025-12-09,13.58,13.64,13.45,13.45,1965126.0,26625079.0,190748750.0,0.010302169738989115,-0.13000000000000078,-0.9572901325478722,1.3991163475699653
2025-12-10,13.44,13.55,13.31,13.4,2055400.0,27552211.0,190748750.0,0.010775431031658136,-0.049999999999998934,-0.3717472118959009,1.7843866171003735
2025-12-11,13.42,13.48,13.1,13.1,3954001.0,52440713.0,190748750.0,0.020728843570403475,-0.3000000000000007,-2.23880597014926,2.8358208955223936
2025-12-12,13.1,13.27,12.93,12.93,3053980.0,39901753.0,190748750.0,0.016010484996625142,-0.16999999999999993,-1.2977099236641254,2.5954198473282433
2025-12-15,12.9,13.18,12.83,13.11,1936498.0,25267042.0,190748750.0,0.010152087497296836,0.17999999999999972,1.39211136890951,2.70688321732405
2025-12-16,13.04,13.17,12.8,12.82,2579416.0,33343383.0,190748750.0,0.013522584027418266,-0.28999999999999915,-2.2120518688024338,2.822273073989315
2025-12-17,12.82,13.04,12.66,12.95,2321112.0,29755678.0,190748750.0,0.012168425743287964,0.129999999999999,1.0140405616224646,2.9641185647425816
2025-12-18,12.94,13.29,12.85,13.22,2917664.0,38334419.0,190748750.0,0.015295848596648733,0.27000000000000135,2.0849420849420985,3.397683397683394
2025-12-19,13.22,13.57,13.04,13.54,2736760.0,36834080.0,190748750.0,0.014347459681911414,0.3199999999999985,2.4205748865355314,4.009077155824517
2025-12-22,13.54,13.69,13.43,13.48,1791836.0,24263619.0,190748750.0,0.009393697206403711,-0.05999999999999872,-0.4431314623338123,1.92023633677991
2025-12-23,13.41,13.68,13.38,13.6,2294610.0,31102117.0,190748750.0,0.012029489053008212,0.11999999999999922,0.8902077151335286,2.22551928783382
2025-12-24,13.51,13.94,13.51,13.8,3289822.0,45314902.0,190748750.0,0.017246886283658478,0.20000000000000107,1.4705882352941346,3.1617647058823506
2025-12-25,13.8,13.89,13.74,13.87,2457656.0,34034316.0,190748750.0,0.012884257432879638,0.06999999999999851,0.5072463768115876,1.086956521739133
2025-12-26,13.94,13.94,13.66,13.7,2383541.0,32813789.0,190748750.0,0.01249570967044345,-0.16999999999999993,-1.2256669069935056,2.018745493871661
2025-12-29,13.83,13.94,13.64,13.79,2318804.0,31948709.0,190748750.0,0.01215632605718255,0.08999999999999986,0.6569343065693456,2.1897810218978027
2025-12-30,13.65,13.84,13.65,13.78,2093296.0,28777396.0,190748750.0,0.010974100747711322,-0.009999999999999787,-0.07251631617113397,1.3778100072516282
2025-12-31,13.87,13.87,13.62,13.73,1563546.0,21449778.0,190748750.0,0.008196887266626911,-0.049999999999998934,-0.36284470246733536,1.8142235123367199
2026-01-05,13.87,13.87,13.63,13.65,2748978.0,37776386.0,190748750.0,0.014411512526294405,-0.08000000000000007,-0.5826656955571718,1.7479970866715107
2026-01-06,13.7,14.49,13.68,13.96,5368078.0,75493012.0,190748750.0,0.028142139856748734,0.3100000000000005,2.271062271062285,5.934065934065937
2026-01-07,14.04,14.04,13.68,13.94,3750798.0,52038261.0,190748750.0,0.01966355218579414,-0.02000000000000135,-0.14326647564470996,2.5787965616045803
2026-01-08,13.9,14.05,13.8,13.88,3814510.0,52996758.0,190748750.0,0.019997562238284656,-0.05999999999999872,-0.43041606886655703,1.7934002869440457
2026-01-09,14.15,14.45,13.95,14.17,7535850.0,107123985.0,190748750.0,0.03950668090878708,0.28999999999999915,2.089337175792494,3.602305475504323
2026-01-12,14.33,14.35,13.77,13.87,8032764.0,111631133.0,190748750.0,0.042111751715279915,-0.3000000000000007,-2.117148906139732,4.093154551870148
2026-01-13,13.88,14.06,13.72,13.73,5115216.0,71007895.0,190748750.0,0.026816511248435444,-0.1399999999999988,-1.0093727469358216,2.4513338139870213
2026-01-14,13.76,14.3,13.73,14.13,8497959.0,119243684.0,190748750.0,0.04455053571779632,0.40000000000000036,2.9133284777858703,4.151493080844867
2026-01-15,14.19,15.54,14.03,15.54,10399631.0,159208715.0,190748750.0,0.05452004796885956,1.4099999999999984,9.97876857749469,10.686482661004952
2026-01-16,15.58,16.3,15.42,15.48,28489797.0,450668020.0,190748750.0,0.14935771269798623,-0.05999999999999872,-0.3861003861003742,5.662805662805668
2026-01-19,15.29,16.1,15.26,15.84,12429243.0,196185343.0,190748750.0,0.06516028545403312,0.35999999999999943,2.3255813953488413,5.426356589147297
2026-01-20,15.98,16.77,15.98,16.54,13884828.0,227082475.0,190748750.0,0.07279118736033657,0.6999999999999993,4.419191919191912,4.987373737373732
2026-01-21,16.15,16.54,15.92,16.28,10037198.0,162783651.0,190748750.0,0.05261999357793957,-0.259999999999998,-1.5719467956469058,3.7484885126964884
2026-01-22,16.27,16.34,15.99,16.15,6600614.0,106437320.0,190748750.0,0.034603707756931563,-0.13000000000000256,-0.7985257985258176,2.1498771498771476
2026-01-23,16.09,16.11,15.65,15.81,9828098.0,155480978.0,190748750.0,0.051523787180781,-0.3399999999999981,-2.105263157894721,2.8482972136222853
2026-01-26,16.0,16.01,15.33,15.59,7010482.0,109366005.0,190748750.0,0.03675244005530836,-0.22000000000000064,-1.3915243516761544,4.301075268817214
2026-01-27,15.53,15.58,14.86,15.51,6034866.0,92013043.0,190748750.0,0.031637774821591226,-0.08000000000000007,-0.5131494547787052,4.618345093008343
2026-01-28,15.5,15.73,15.31,15.39,3724886.0,57493273.0,190748750.0,0.019527708569518805,-0.11999999999999922,-0.7736943907156624,2.707930367504835
2026-01-29,15.38,15.64,15.17,15.36,3795499.0,58481732.0,190748750.0,0.01989789710286437,-0.030000000000001137,-0.19493177387914784,3.0539311241065668
2026-01-30,15.43,15.5,15.11,15.38,3503284.0,53753089.0,190748750.0,0.018365960458456478,0.02000000000000135,0.13020833333334814,2.539062500000004
2026-02-02,15.38,15.54,15.14,15.16,3425092.0,52473753.0,190748750.0,0.017956039030399936,-0.22000000000000064,-1.4304291287386306,2.6007802340702115
2026-02-03,15.25,15.38,15.05,15.29,3620186.0,55190246.0,190748750.0,0.018978818996192637,0.129999999999999,0.8575197889181929,2.176781002638523
2026-02-04,15.36,16.24,15.3,15.95,8860966.0,141238341.0,190748750.0,0.04645359930274773,0.6600000000000001,4.316546762589923,6.147809025506853
2026-02-05,15.89,16.32,15.51,15.62,8611978.0,137494017.0,190748750.0,0.04514828013289733,-0.33000000000000007,-2.0689655172413834,5.078369905956117
2026-02-06,15.57,16.05,15.41,15.83,5590336.0,88553654.0,190748750.0,0.029307327046704107,0.21000000000000085,1.3444302176696565,4.097311139564665
2026-02-09,15.83,16.13,15.72,16.02,4456524.0,70956037.0,190748750.0,0.02336331954993152,0.1899999999999995,1.2002526847757489,2.59001895135817
2026-02-10,15.93,16.01,15.78,15.81,3300484.0,52417475.0,190748750.0,0.01730278180066711,-0.20999999999999908,-1.3108614232209659,1.4357053682896517
2026-02-11,15.78,16.2,15.71,16.02,4203358.0,67348374.0,190748750.0,0.022036097222131207,0.20999999999999908,1.3282732447817747,3.099304237824152
2026-02-12,16.02,16.05,15.76,15.84,3026664.0,48132932.0,190748750.0,0.015867280912718957,-0.17999999999999972,-1.1235955056179803,1.8102372034956362
2026-02-13,15.87,16.31,15.81,16.12,4576508.0,73928529.0,190748750.0,0.02399233546746702,0.28000000000000114,1.7676767676767735,3.1565656565656455
2026-02-24,16.33,17.12,16.11,16.99,7577698.0,126630105.0,190748750.0,0.03972606897817155,0.8699999999999974,5.397022332506185,6.265508684863533
2026-02-25,16.93,17.02,16.44,16.6,5826708.0,96644244.0,190748750.0,0.030546506857843107,-0.389999999999997,-2.295467922307226,3.413772807533834
2026-02-26,16.5,16.53,16.0,16.21,6477140.0,104552807.0,190748750.0,0.03395639552028519,-0.39000000000000057,-2.349397590361446,3.192771084337356
2026-02-27,16.21,16.65,15.98,16.43,4996100.0,81143855.0,190748750.0,0.026192045819435253,0.21999999999999886,1.3571869216532972,4.133251079580495
2026-03-02,16.2,16.26,15.7,15.84,5642054.0,89897617.0,190748750.0,0.029578458574433645,-0.5899999999999999,-3.590992087644551,3.4083992696287417
2026-03-03,15.95,16.05,15.34,15.4,5006942.0,78433935.0,190748750.0,0.026248884986140145,-0.4399999999999995,-2.777777777777779,4.482323232323237
2026-03-04,15.17,15.6,15.1,15.53,3221082.0,49789185.0,190748750.0,0.016886516949652357,0.129999999999999,0.8441558441558472,3.2467532467532463
2026-03-05,15.84,16.04,15.52,15.64,2933088.0,46191416.0,190748750.0,0.015376708890621826,0.11000000000000121,0.7083065035415448,3.3483580167417877
2026-03-06,15.63,15.98,15.43,15.89,3035136.0,48237943.0,190748750.0,0.015911695358423055,0.25,1.5984654731457715,3.5166240409207203
2026-03-09,15.67,15.86,15.38,15.66,2894520.0,45065026.0,190748750.0,0.015174516215702594,-0.23000000000000043,-1.4474512271869133,3.020767778477021
2026-03-10,15.82,16.19,15.66,16.03,3522178.0,56368195.0,190748750.0,0.018465012221574192,0.370000000000001,2.3627075351213334,3.3844189016602884
2026-03-11,16.2,16.38,15.8,15.83,4330278.0,69320369.0,190748750.0,0.0227014751079627,-0.20000000000000107,-1.2476606363069354,3.61821584529007
2026-03-12,15.83,15.9,15.49,15.57,3268090.0,51089273.0,190748750.0,0.017132956310329687,-0.2599999999999998,-1.6424510423246996,2.5900189513581817
2026-03-13,15.49,15.7,15.4,15.45,2302004.0,35781139.0,190748750.0,0.01206825208553136,-0.120000000000001,-0.7707129094412402,1.9267822736030762
2026-03-16,15.47,15.6,15.17,15.4,2024642.0,31188801.0,190748750.0,0.010614182268560082,-0.049999999999998934,-0.3236245954692518,2.7831715210355967
2026-03-17,15.51,15.65,15.2,15.23,2910742.0,44767269.0,190748750.0,0.015259560023329118,-0.16999999999999993,-1.103896103896107,2.922077922077929
2026-03-18,15.26,15.49,15.17,15.46,2213820.0,33922562.0,190748750.0,0.011605947614335612,0.23000000000000043,1.5101772816809023,2.1011162179908096
2026-03-19,15.28,15.49,14.93,15.02,3400520.0,51540156.0,190748750.0,0.017827220361863447,-0.4400000000000013,-2.8460543337645583,3.6222509702457986
2026-03-20,14.96,15.13,14.66,14.66,2762934.0,40949056.0,190748750.0,0.014484676832744644,-0.35999999999999943,-2.3968042609853524,3.1291611185086596
2026-03-23,14.37,14.5,13.44,13.53,5330264.0,74362498.0,190748750.0,0.02794390002555718,-1.1300000000000008,-7.708049113233296,7.230559345156892
2026-03-24,14.05,14.27,13.58,14.25,4030894.0,56181338.0,190748750.0,0.021131954993151986,0.7200000000000006,5.3215077605321515,5.099778270509974
2026-03-25,14.37,14.69,14.28,14.55,2633162.0,38228689.0,190748750.0,0.0138043473417257,0.3000000000000007,2.1052631578947434,2.8771929824561413
2026-03-26,14.24,14.79,14.22,14.32,2062368.0,29737533.0,190748750.0,0.01081196075990013,-0.23000000000000043,-1.58075601374571,3.917525773195866
2026-03-27,14.02,14.47,14.02,14.41,1582532.0,22692097.0,190748750.0,0.008296421339589381,0.08999999999999986,0.6284916201117374,3.1424581005586663
2026-03-30,14.43,14.5,14.22,14.48,1601668.0,23057870.0,190748750.0,0.008396741787298738,0.07000000000000028,0.4857737682165242,1.9430950728660608
2026-03-31,14.58,14.65,14.3,14.3,1799642.0,26051233.0,190748750.0,0.00943462014823164,-0.17999999999999972,-1.2430939226519278,2.417127071823202
2026-04-01,14.49,14.74,14.35,14.6,2242003.0,32699400.0,190748750.0,0.011753696944278797,0.29999999999999893,2.0979020979020824,2.727272727272731
2026-04-02,14.52,14.58,14.23,14.3,1878600.0,27015877.0,190748750.0,0.00984855732999561,-0.29999999999999893,-2.0547945205479423,2.3972602739726003
2026-04-03,14.41,14.43,14.04,14.16,1635900.0,23159974.0,190748750.0,0.008576202989534662,-0.14000000000000057,-0.9790209790209836,2.727272727272731
2026-04-07,14.27,14.39,13.96,14.26,1884042.0,26855911.0,190748750.0,0.00987708700581262,0.09999999999999964,0.7062146892655274,3.0367231638418057
2026-04-08,14.89,14.89,14.46,14.63,2581704.0,37693018.0,190748750.0,0.013534578863557429,0.370000000000001,2.594670406732136,3.015427769985973
2026-04-09,14.68,14.68,14.38,14.42,2204044.0,31990057.0,190748750.0,0.011554696950831918,-0.21000000000000085,-1.4354066985646008,2.0505809979494116
2026-04-10,14.4,14.84,14.4,14.66,1845694.0,27083878.0,190748750.0,0.009676047680522153,0.2400000000000002,1.664355062413314,3.051317614424407
2026-04-13,14.58,14.72,14.44,14.58,2102800.0,30548770.0,190748750.0,0.011023925451673995,-0.08000000000000007,-0.545702592087316,1.909959072305601
2026-04-14,14.65,14.79,14.53,14.59,1969018.0,28778508.0,190748750.0,0.01032257354242164,0.009999999999999787,0.0685871056241405,1.7832647462277078
2026-04-15,14.69,14.69,14.4,14.47,2046300.0,29756295.0,190748750.0,0.010727724297013743,-0.11999999999999922,-0.8224811514736086,1.9876627827278899
2026-04-16,14.5,14.71,14.35,14.65,1965798.0,28562863.0,190748750.0,0.010305692697855163,0.17999999999999972,1.2439530062197557,2.4879060124395385
2026-04-17,14.6,14.64,14.45,14.58,1760723.0,25587891.0,190748750.0,0.009230587356404694,-0.07000000000000028,-0.4778156996587013,1.2969283276450598
2026-04-20,14.58,14.69,14.4,14.67,2077384.0,30258873.0,190748750.0,0.010890682114561694,0.08999999999999986,0.6172839506172867,1.9890260631001313
2026-04-21,14.68,14.95,14.58,14.87,3098775.0,45922898.0,190748750.0,0.016245322708536753,0.1999999999999993,1.363326516700747,2.522154055896382
2026-04-22,14.78,14.89,14.6,14.76,2930400.0,43296987.0,190748750.0,0.015362617055157636,-0.10999999999999943,-0.7397444519166019,1.9502353732347073
2026-04-23,14.82,14.82,14.26,14.42,3158700.0,45690416.0,190748750.0,0.01655947941991756,-0.33999999999999986,-2.303523035230348,3.794037940379407
2026-04-24,14.47,14.68,14.18,14.56,2625666.0,37896005.0,190748750.0,0.013765049574374669,0.14000000000000057,0.9708737864077666,3.467406380027739
2026-04-27,14.56,14.62,14.22,14.6,2850954.0,41203322.0,190748750.0,0.01494612153421713,0.03999999999999915,0.27472527472527375,2.7472527472527375
2026-04-28,14.6,14.63,14.24,14.37,2763208.0,39797390.0,190748750.0,0.01448611327728229,-0.23000000000000043,-1.5753424657534265,2.671232876712333
2026-04-29,14.7,14.76,14.36,14.7,3512182.0,51448846.0,190748750.0,0.018412608208441733,0.33000000000000007,2.2964509394572064,2.783576896311763
2026-04-30,14.51,14.94,14.51,14.81,4331742.0,64131650.0,190748750.0,0.022709150125492305,0.11000000000000121,0.7482993197279075,2.9251700680272092
2026-05-06,14.81,14.98,14.66,14.77,3744823.0,55361550.0,190748750.0,0.01963222825837653,-0.040000000000000924,-0.27008777852802757,2.160702228224175
2026-05-07,14.77,14.93,14.72,14.87,2661642.0,39563785.0,190748750.0,0.013953653693667717,0.09999999999999964,0.677048070413,1.4218009478672924
2026-05-08,14.87,14.94,14.7,14.93,2409830.0,35672172.0,190748750.0,0.012633529708582626,0.0600000000000005,0.4034969737727101,1.6139878950907884
2026-05-11,14.93,15.01,14.66,14.76,3433518.0,50643219.0,190748750.0,0.01800021232118166,-0.16999999999999993,-1.1386470194239773,2.3442732752846593
2026-05-12,14.78,14.8,14.24,14.26,3716072.0,53809489.0,190748750.0,0.019481501189391806,-0.5,-3.387533875338755,3.794037940379407
2026-05-13,14.25,14.37,14.07,14.25,2641150.0,37601464.0,190748750.0,0.013846224418246515,-0.009999999999999787,-0.07012622720897754,2.1037868162692774
2026-05-14,14.27,14.35,13.98,14.12,2847238.0,40353492.0,190748750.0,0.014926640410487618,-0.13000000000000078,-0.9122807017543866,2.59649122807017
2026-05-15,14.12,14.43,14.05,14.15,3118030.0,44356942.0,190748750.0,0.016346267013545305,0.030000000000001137,0.21246458923513956,2.691218130311608
2026-05-18,14.1,14.16,13.85,14.16,2782554.0,38948155.0,190748750.0,0.014587534649637284,0.009999999999999787,0.07067137809186885,2.19081272084806
2026-05-19,14.16,14.3,13.88,13.97,2473392.0,34631684.0,190748750.0,0.012966753386326253,-0.1899999999999995,-1.34180790960452,2.9661016949152534
2026-05-20,13.97,13.97,13.64,13.92,2223986.0,30707876.0,190748750.0,0.011659242852181208,-0.05000000000000071,-0.35790980672870676,2.362204724409449
2026-05-21,13.96,14.47,13.65,13.7,4139020.0,58451634.0,190748750.0,0.021698805365697023,-0.22000000000000064,-1.5804597701149503,5.890804597701151
2026-05-22,13.7,14.13,13.5,14.03,3611190.0,49928079.0,190748750.0,0.018931657481372748,0.33000000000000007,2.4087591240876005,4.598540145985408
2026-05-25,13.99,14.26,13.71,13.85,3247359.0,45404037.0,190748750.0,0.01702427407781178,-0.17999999999999972,-1.282965074839626,3.9201710620099717
2026-05-26,13.72,13.89,13.46,13.55,2580952.0,35167356.0,190748750.0,0.013530636504826376,-0.29999999999999893,-2.166064981949456,3.1046931407942218
2026-05-27,13.53,13.6,13.05,13.16,3600730.0,47549090.0,190748750.0,0.01887682094902326,-0.39000000000000057,-2.8782287822878283,4.059040590405896
2026-05-28,13.05,13.34,12.94,13.16,2797840.0,36734956.0,190748750.0,0.014667671478843243,0.0,0.0,3.0395136778115526
2026-05-29,13.2,13.25,12.62,12.68,3588778.0,46202559.0,190748750.0,0.01881416260919141,-0.4800000000000004,-3.6474164133738607,4.787234042553198
2026-06-01,12.69,13.95,12.65,13.95,4110822.0,56009409.0,190748750.0,0.02155097739827915,1.2699999999999996,10.015772870662465,10.25236593059936
2026-06-02,13.89,15.13,13.61,14.45,15631917.0,224897375.0,190748750.0,0.08195029849474768,0.5,3.584229390680993,10.896057347670261
2026-06-03,14.38,14.46,13.77,13.98,8106612.0,114440641.0,190748750.0,0.04249889973066665,-0.46999999999999886,-3.252595155709337,4.775086505190321
2026-06-04,14.11,15.14,13.61,14.82,11787145.0,171707602.0,190748750.0,0.061794087772528,0.8399999999999999,6.008583690987113,10.944206008583699
2026-06-05,14.69,15.28,14.56,14.89,6867139.0,102558035.0,190748750.0,0.03600096461968951,0.07000000000000028,0.47233468286100866,4.858299595141693
2026-06-08,14.5,15.24,14.3,14.89,7320498.0,109286966.0,190748750.0,0.03837769841217832,0.0,0.0,6.312961719274678
2026-06-09,14.93,15.22,14.6,15.06,6692090.0,99847669.0,190748750.0,0.0350832705325723,0.16999999999999993,1.1417058428475402,4.163868368032243
2026-06-10,14.95,15.28,14.35,14.65,5846130.0,86105206.0,190748750.0,0.030648326660069856,-0.41000000000000014,-2.722443559096943,6.175298804780875
2026-06-11,14.64,14.95,14.34,14.44,3674702.0,53459880.0,190748750.0,0.01926461903420075,-0.21000000000000085,-1.433447098976115,4.163822525597265
2026-06-12,14.72,14.98,14.34,14.52,4720589.0,69245601.0,190748750.0,0.024747679866840542,0.08000000000000007,0.5540166204986097,4.4321329639889235
2026-06-15,14.52,14.75,14.34,14.43,4601610.0,66590874.0,190748750.0,0.024123932660109176,-0.08999999999999986,-0.6198347107438051,2.8236914600550977
2026-06-16,14.36,14.9,13.9,14.31,6190542.0,88582494.0,190748750.0,0.03245390598889901,-0.11999999999999922,-0.8316008316008316,6.93000693000693
2026-06-17,14.1,14.78,13.96,14.74,5742062.0,83068865.0,190748750.0,0.03010275034567723,0.4299999999999997,3.0048916841369566,5.730258560447229
2026-06-18,14.73,15.06,14.3,14.66,5393630.0,78928404.0,190748750.0,0.028276096173631544,-0.08000000000000007,-0.5427408412483015,5.156037991858886
