date,open,high,low,close,volume,amount,outstanding_share,turnover,change,pct_chg,amplitude
2023-03-06,19.72,19.82,18.73,19.49,5607100.0,113311470.0,410745800.0,0.013651022116355176,,,
2023-03-07,19.47,19.95,19.02,19.07,3459411.0,70620771.0,410745800.0,0.008422267494883697,-0.41999999999999815,-2.1549512570548934,4.771677783478706
2023-03-08,19.0,19.0,17.16,18.64,2481900.0,48514188.0,410745800.0,0.006042423318753351,-0.4299999999999997,-2.254850550603038,9.648662821185107
2023-03-09,19.26,19.45,18.26,18.52,2171600.0,42435208.0,410745800.0,0.005286968241671613,-0.120000000000001,-0.6437768240343367,6.384120171673807
2023-03-10,18.44,18.52,17.59,18.14,2123798.0,40611625.0,410745800.0,0.005170589693187368,-0.379999999999999,-2.051835853131745,5.0215982721382275
2023-03-13,18.33,18.54,18.02,18.49,1941125.0,37546703.0,410745800.0,0.004725854774412788,0.34999999999999787,1.9294377067254675,2.8665931642778366
2023-03-14,18.49,18.5,17.95,18.06,2058000.0,39288449.0,410745800.0,0.005010398158666504,-0.4299999999999997,-2.3255813953488413,2.9745808545159584
2023-03-15,18.06,18.32,17.87,17.9,2124900.0,40270554.0,410745800.0,0.005173272617760182,-0.16000000000000014,-0.8859357696566983,2.4916943521594646
2023-03-16,17.83,18.11,17.74,17.89,1071400.0,20192807.0,410745800.0,0.0026084259412999474,-0.00999999999999801,-0.05586592178770111,2.0670391061452573
2023-03-17,18.0,18.2,17.41,17.41,1835128.0,34084299.0,410745800.0,0.004467794923283452,-0.4800000000000004,-2.683063163778654,4.415874790385685
2023-03-20,17.45,17.55,17.14,17.18,2661200.0,48349256.0,410745800.0,0.006478946345890816,-0.23000000000000043,-1.3210798391728895,2.354968408960368
2023-03-21,17.13,17.8,17.13,17.54,1682800.0,31105020.0,410745800.0,0.004096937814093291,0.35999999999999943,2.0954598370197974,3.8998835855646203
2023-03-22,17.52,17.86,17.37,17.47,2082220.0,38422162.0,410745800.0,0.005069364068969177,-0.07000000000000028,-0.3990877993158559,2.7936145952109377
2023-03-23,17.32,18.26,17.31,17.97,3256200.0,61609053.0,410745800.0,0.007927530847546098,0.5,2.86204922724671,5.437893531768763
2023-03-24,18.0,18.4,17.8,17.82,2377228.0,45060980.0,410745800.0,0.0057875893070604735,-0.14999999999999858,-0.8347245409014992,3.338898163605998
2023-03-27,17.89,17.99,17.16,17.48,3276000.0,60058147.0,410745800.0,0.007975735844407904,-0.33999999999999986,-1.9079685746352437,4.657687991021315
2023-03-28,17.31,18.06,17.31,17.7,2787200.0,52128767.0,410745800.0,0.006785705416829582,0.21999999999999886,1.258581235697931,4.290617848970252
2023-03-29,17.6,17.92,17.58,17.7,1614000.0,30098822.0,410745800.0,0.00392943762297752,0.0,0.0,1.920903954802279
2023-03-30,17.59,18.16,17.21,18.1,3450568.0,64527293.0,410745800.0,0.008400738364214557,0.40000000000000213,2.259887005649719,5.367231638418075
2023-03-31,18.26,19.16,18.14,18.24,3215000.0,62358929.0,410745800.0,0.007827225500540724,0.13999999999999702,0.7734806629834168,5.635359116022097
2023-04-03,18.25,19.43,18.19,18.83,4283300.0,84894757.0,410745800.0,0.010428104194857258,0.5899999999999999,3.2346491228070207,6.798245614035079
2023-04-04,18.85,18.97,18.26,18.37,2956300.0,57558129.0,410745800.0,0.007197395566795814,-0.4599999999999973,-2.442910249601682,3.7705788635156523
2023-04-06,18.37,18.51,17.62,17.74,1905020.0,35894245.0,410745800.0,0.004637953693014025,-0.6300000000000026,-3.4295046271094365,4.844855743059338
2023-04-07,17.87,18.31,17.59,18.07,1720969.0,32647797.0,410745800.0,0.004189863901225527,0.33000000000000185,1.8602029312288826,4.058624577226601
2023-04-10,18.08,18.12,17.45,17.53,2103869.0,38887372.0,410745800.0,0.00512207063346722,-0.5399999999999991,-2.9883785279468666,3.7078029883785377
2023-04-11,17.46,17.86,17.41,17.7,1727769.0,32055424.0,410745800.0,0.004206419152673016,0.16999999999999815,0.96976611523103,2.5670279520821406
2023-04-12,17.7,17.72,17.02,17.13,3035500.0,55195153.0,410745800.0,0.007390215554243038,-0.5700000000000003,-3.220338983050852,3.9548022598870016
2023-04-13,17.31,17.94,16.98,17.91,2951485.0,54829949.0,410745800.0,0.007185672988013511,0.7800000000000011,4.5534150612959845,5.604203152364279
2023-04-14,17.88,17.94,16.92,17.08,2987300.0,53970857.0,410745800.0,0.007272868036629954,-0.8300000000000018,-4.634282523729771,5.695142378559462
2023-04-17,17.08,17.7,17.08,17.67,2925031.0,53868866.0,410745800.0,0.007121268190691177,0.5900000000000034,3.454332552693229,3.629976580796259
2023-04-18,17.62,19.44,17.62,19.44,9254356.0,185378280.0,410745800.0,0.02253061625949675,1.7699999999999996,10.016977928692693,10.299943406904358
2023-04-19,19.97,20.54,19.33,20.19,11937620.0,250166720.0,410745800.0,0.029063279527143066,0.75,3.8580246913580307,6.224279835390951
2023-04-20,20.06,20.8,19.82,20.38,9546590.0,203894509.0,410745800.0,0.02324208792883579,0.18999999999999773,0.9410599306587386,4.853888063397723
2023-04-21,20.24,20.24,19.5,19.59,5800869.0,120493046.0,410745800.0,0.014122771310138777,-0.7899999999999991,-3.8763493621197243,3.6310107948969503
2023-04-24,19.52,19.57,18.83,19.46,4676439.0,94774928.0,410745800.0,0.011385238753506426,-0.129999999999999,-0.6636038795303723,3.7774374680959775
2023-04-25,19.46,20.04,19.19,19.69,5124042.0,105963335.0,410745800.0,0.012474971137866778,0.23000000000000043,1.1819116135662888,4.367934224049321
2023-04-26,19.78,19.83,18.59,19.28,4918300.0,99430673.0,410745800.0,0.011974072528556591,-0.41000000000000014,-2.082275266632805,6.297613001523608
2023-04-27,19.29,19.69,18.91,19.61,4849931.0,98565753.0,410745800.0,0.011807621648231096,0.3299999999999983,1.7116182572614047,4.045643153526977
2023-04-28,19.56,20.21,19.31,20.06,6980605.0,145865270.0,410745800.0,0.016994951622146835,0.4499999999999993,2.294747577766443,4.589495155532902
2023-05-04,20.02,20.35,19.25,20.12,4644452.0,96934945.0,410745800.0,0.011307363337616599,0.060000000000002274,0.29910269192423566,5.483549351944175
2023-05-05,19.97,22.14,19.49,22.14,8886992.0,195336393.0,410745800.0,0.021636233407620966,2.0199999999999996,10.03976143141152,13.170974155069592
2023-05-08,22.48,22.54,21.18,21.41,8533431.0,193879630.0,410745800.0,0.020775455281587786,-0.7300000000000004,-3.297199638663051,6.142728093947603
2023-05-09,21.09,21.39,20.23,20.84,6280329.0,137470300.0,410745800.0,0.015290062612934812,-0.5700000000000003,-2.6623073330219515,5.418028958430641
2023-05-10,20.45,21.05,19.78,21.01,5438344.0,117338330.0,410745800.0,0.013240169467344524,0.1700000000000017,0.815738963531687,6.094049904030708
2023-05-11,20.73,21.25,20.22,21.07,4038409.0,88036159.0,410745800.0,0.009831893594529755,0.05999999999999872,0.2855782960494935,4.902427415516426
2023-05-12,21.0,21.5,20.4,21.29,4852796.0,108364864.0,410745800.0,0.011814596765201251,0.21999999999999886,1.0441385856668095,5.220692928334131
2023-05-15,21.25,21.69,20.63,21.36,4952032.0,111063793.0,410745800.0,0.012056196314119342,0.07000000000000028,0.32879286049789513,4.9788633161108615
2023-05-16,21.1,21.36,20.25,20.33,3151351.0,68564366.0,410745800.0,0.007672265912396426,-1.0300000000000011,-4.822097378277157,5.196629213483144
2023-05-17,19.98,20.08,18.91,19.19,4664300.0,94482438.0,410745800.0,0.011355685195076858,-1.139999999999997,-5.607476635514008,5.7550418101328
2023-05-18,19.21,19.49,18.88,18.94,2268407.0,45626419.0,410745800.0,0.005522654157388828,-0.25,-1.3027618551328835,3.178738926524228
2023-05-19,18.86,19.27,18.67,19.13,1537186.0,30776479.0,410745800.0,0.003742426581111724,0.18999999999999773,1.0031678986272219,3.167898627243917
2023-05-22,19.13,21.04,19.12,20.84,7161039.0,154971009.0,410745800.0,0.017434235480922752,1.7100000000000009,8.938839519079988,10.03659174072137
2023-05-23,20.46,21.34,20.3,20.86,6939520.0,153015894.0,410745800.0,0.01689492625365859,0.019999999999999574,0.09596928982724684,4.990403071017271
2023-05-24,20.72,20.84,20.06,20.28,2810700.0,60306038.0,410745800.0,0.006842918418155462,-0.5799999999999983,-2.780441035474579,3.739213806327906
2023-05-25,20.26,20.26,19.27,19.66,2597608.0,53734086.0,410745800.0,0.006324125529707182,-0.620000000000001,-3.0571992110453694,4.881656804733738
2023-05-26,19.92,20.69,19.26,19.66,1790070.0,37156176.0,410745800.0,0.0043580969056774286,0.0,0.0,7.273652085452695
2023-05-29,19.47,19.75,19.18,19.67,1780286.0,36465046.0,410745800.0,0.004334276820359454,0.010000000000001563,0.05086469989827869,2.899287894201426
2023-05-30,19.88,20.07,18.87,19.4,2314134.0,47083848.0,410745800.0,0.005633980919585788,-0.2700000000000031,-1.3726487036095691,6.100660904931363
2023-05-31,19.14,19.33,18.81,19.1,2282561.0,45669840.0,410745800.0,0.005557113426357616,-0.29999999999999716,-1.546391752577303,2.6804123711340186
2023-06-01,18.92,19.35,18.67,19.0,1541530.0,30783995.0,410745800.0,0.0037530024652717084,-0.10000000000000142,-0.5235602094240899,3.5602094240837676
2023-06-02,18.9,19.85,18.75,19.41,2624393.0,53451070.0,410745800.0,0.00638933617823968,0.41000000000000014,2.157894736842114,5.789473684210534
2023-06-05,19.23,19.79,18.8,19.59,3002931.0,61045932.0,410745800.0,0.0073109232035969696,0.17999999999999972,0.9273570324574987,5.1004636785162205
2023-06-06,19.73,19.8,19.12,19.26,1361598.0,27655959.0,410745800.0,0.0033149407735879465,-0.3299999999999983,-1.6845329249617014,3.4711587544665634
2023-06-07,19.16,19.49,18.88,19.33,1402934.0,28068489.0,410745800.0,0.0034155772256222704,0.06999999999999673,0.36344755970922904,3.1671858774662485
2023-06-08,19.17,20.24,19.14,19.65,2310551.0,47391862.0,410745800.0,0.005625257762830442,0.3200000000000003,1.6554578375582052,5.690636316606302
2023-06-09,19.65,20.01,19.45,19.79,1665298.0,34386453.0,410745800.0,0.004054327518382416,0.14000000000000057,0.7124681933842192,2.849872773536908
2023-06-12,19.7,21.08,19.65,20.94,3809000.0,81898714.0,410745800.0,0.009273375406394904,1.1500000000000021,5.811015664477015,7.225871652349671
2023-06-13,20.88,20.88,20.19,20.6,1973435.0,42259710.0,410745800.0,0.004804516564746371,-0.33999999999999986,-1.623686723973261,3.2951289398280696
2023-06-14,20.57,21.24,20.49,20.93,2012798.0,43800014.0,410745800.0,0.004900349559265122,0.3299999999999983,1.6019417475727993,3.640776699029126
2023-06-15,21.25,21.25,20.4,20.47,2101290.0,45414575.0,410745800.0,0.00511579181089618,-0.46000000000000085,-2.197802197802201,4.061156235069285
2023-06-16,20.32,20.75,20.17,20.23,1740055.0,37078133.0,410745800.0,0.004236330596685347,-0.23999999999999844,-1.1724474841230959,2.8334147532975007
2023-06-19,20.24,20.31,19.96,20.1,1005900.0,21085699.0,410745800.0,0.0024489599163278115,-0.129999999999999,-0.6426099851705391,1.7301038062283631
2023-06-20,20.21,20.59,20.05,20.18,1381400.0,29255304.0,410745800.0,0.0033631506396413547,0.0799999999999983,0.3980099502487455,2.6865671641791
2023-06-21,20.13,20.13,19.48,19.55,1908078.0,39221732.0,410745800.0,0.004645398686973792,-0.629999999999999,-3.121902874132798,3.2210109018830457
2023-06-26,19.42,20.04,18.98,19.61,2738655.0,55741153.0,410745800.0,0.006667517963665119,0.05999999999999872,0.3069053708439906,5.421994884910479
2023-06-27,19.6,19.91,19.17,19.6,1149900.0,23535083.0,410745800.0,0.002799541711686401,-0.00999999999999801,-0.05099439061702071,3.7735849056603694
2023-06-28,19.62,20.32,19.38,19.88,1466555.0,30446822.0,410745800.0,0.0035704686450841374,0.2799999999999976,1.4285714285714235,4.795918367346945
2023-06-29,19.74,20.02,19.5,19.59,831135.0,17037215.0,410745800.0,0.0020234777811483405,-0.28999999999999915,-1.4587525150905445,2.6156941649899377
2023-06-30,19.59,20.02,19.39,19.67,1003300.0,20619749.0,410745800.0,0.002442629967244948,0.08000000000000185,0.40837161817255385,3.215926493108724
2023-07-03,19.67,20.22,19.48,19.88,2471151.0,51381260.0,410745800.0,0.006016253848487313,0.2099999999999973,1.0676156583629748,3.7620742247076686
2023-07-04,19.75,19.8,18.41,18.45,4514324.0,88860491.0,410745800.0,0.010990554255210887,-1.4299999999999997,-7.1931589537223335,6.9919517102615725
2023-07-05,18.47,18.47,17.26,17.8,4009616.0,73951696.0,410745800.0,0.009761794277628645,-0.6499999999999986,-3.5230352303523005,6.558265582655812
2023-07-06,17.66,17.94,17.51,17.82,1836239.0,34073055.0,410745800.0,0.004470499759218476,0.019999999999999574,0.11235955056179137,2.41573033707865
2023-07-07,17.73,18.06,17.63,17.81,983073.0,18296578.0,410745800.0,0.002393385397976072,-0.010000000000001563,-0.056116722783394746,2.413019079685745
2023-07-10,17.74,18.06,17.74,18.0,1367945.0,25636909.0,410745800.0,0.0033303931531375366,0.19000000000000128,1.0668163952835652,1.7967434025828206
2023-07-11,18.0,18.23,17.78,18.09,1132730.0,21353927.0,410745800.0,0.002757739701781491,0.08999999999999986,0.49999999999998934,2.499999999999996
2023-07-12,17.9,18.2,17.73,17.82,1191621.0,22310263.0,410745800.0,0.002901115483104149,-0.2699999999999996,-1.492537313432829,2.5981205085682637
2023-07-13,17.97,18.0,17.31,17.39,2505694.0,45811885.0,410745800.0,0.0061003520912447555,-0.4299999999999997,-2.413019079685741,3.8720538720538795
2023-07-14,17.42,17.58,17.25,17.41,1108100.0,20061155.0,410745800.0,0.002697775607200366,0.019999999999999574,0.11500862564692849,1.897642323174228
2023-07-17,17.44,17.48,17.09,17.28,1279300.0,23112007.0,410745800.0,0.003114578408348911,-0.129999999999999,-0.746697300402066,2.2400919012062066
2023-07-18,17.18,17.33,17.1,17.17,904259.0,16222296.0,410745800.0,0.002201505164508073,-0.10999999999999943,-0.63657407407407,1.3310185185185004
2023-07-19,17.14,17.37,17.07,17.31,952600.0,17142934.0,410745800.0,0.0023191959601291117,0.13999999999999702,0.815375655212569,1.747233546884104
2023-07-20,17.29,17.49,17.08,17.12,1048220.0,18913671.0,410745800.0,0.002551992010630419,-0.18999999999999773,-1.097631426920842,2.368573079145004
2023-07-21,17.25,17.66,17.08,17.63,2030300.0,37083787.0,410745800.0,0.004942959854975997,0.509999999999998,2.9789719626168054,3.3878504672897303
2023-07-24,17.69,17.69,17.07,17.34,1848551.0,33332205.0,410745800.0,0.004500474502721634,-0.28999999999999915,-1.6449234259784395,3.516732841747028
2023-07-25,17.34,17.81,17.31,17.73,1842525.0,33966512.0,410745800.0,0.004485803628424198,0.39000000000000057,2.249134948096887,2.883506343713956
2023-07-26,17.71,17.85,17.54,17.84,1185700.0,21933400.0,410745800.0,0.002886700241365828,0.10999999999999943,0.6204173716864103,1.7484489565707968
2023-07-27,17.77,17.97,17.58,17.62,1126016.0,20839464.0,410745800.0,0.002741393825572897,-0.21999999999999886,-1.2331838565022402,2.1860986547085233
2023-07-28,17.59,17.87,17.55,17.65,1605507.0,29572929.0,410745800.0,0.003908760600838767,0.029999999999997584,0.17026106696933496,1.8161180476731
2023-07-31,17.74,18.03,17.39,17.85,1816361.0,33561110.0,410745800.0,0.004422104863884183,0.20000000000000284,1.1331444759207,3.626062322946179
2023-08-01,17.82,17.87,17.49,17.52,1426300.0,26249661.0,410745800.0,0.003472463991110804,-0.33000000000000185,-1.848739495798335,2.1288515406162607
2023-08-02,17.53,17.57,17.31,17.35,1064300.0,19322807.0,410745800.0,0.0025911403111121283,-0.16999999999999815,-0.9703196347031873,1.4840182648401916
2023-08-03,17.26,17.92,17.26,17.84,1829422.0,33810264.0,410745800.0,0.004453903119642368,0.48999999999999844,2.824207492795372,3.804034582132566
2023-08-04,17.81,18.06,17.68,17.73,1312830.0,24398884.0,410745800.0,0.0031962104055598376,-0.10999999999999943,-0.6165919282511201,2.1300448430493217
2023-08-07,17.75,17.82,17.48,17.75,949700.0,17500364.0,410745800.0,0.0023121356323059176,0.019999999999999574,0.11280315848842815,1.91765369430344
2023-08-08,17.77,18.06,17.53,17.84,1785777.0,33136189.0,410745800.0,0.0043476451859033,0.08999999999999986,0.5070422535211172,2.9859154929577327
2023-08-09,17.84,17.89,17.49,17.54,900702.0,16587327.0,410745800.0,0.0021928453072435554,-0.3000000000000007,-1.681614349775784,2.242152466367725
2023-08-10,17.54,17.67,17.34,17.61,763524.0,13949102.0,410745800.0,0.0018588723244400795,0.07000000000000028,0.3990877993158559,1.881413911060444
2023-08-11,17.66,17.66,17.23,17.29,888230.0,16145341.0,410745800.0,0.00216248102841222,-0.3200000000000003,-1.8171493469619548,2.4417944349801233
2023-08-14,17.06,17.15,16.77,17.1,1080575.0,19106651.0,410745800.0,0.002630763357775052,-0.18999999999999773,-1.098901098901084,2.197802197802192
2023-08-15,17.11,17.13,16.72,16.93,1212072.0,21358356.0,410745800.0,0.0029509054018324716,-0.1700000000000017,-0.9941520467836362,2.397660818713451
2023-08-16,16.93,17.03,16.73,16.77,735724.0,12966137.0,410745800.0,0.001791190561169463,-0.16000000000000014,-0.945067926757237,1.7720023626698211
2023-08-17,16.77,17.08,16.6,16.99,1130780.0,19944298.0,410745800.0,0.0027529922399693436,0.21999999999999886,1.3118664281454917,2.862254025044704
2023-08-18,17.3,17.3,16.46,16.55,1273000.0,22212767.0,410745800.0,0.0030992404548019726,-0.4399999999999977,-2.589758681577381,4.944084755738669
2023-08-21,16.37,16.71,16.25,16.41,1368314.0,23547488.0,410745800.0,0.003331291518988143,-0.14000000000000057,-0.8459214501510659,2.779456193353479
2023-08-22,16.63,18.01,16.22,16.66,3050802.0,53936726.0,410745800.0,0.00742746973919149,0.25,1.5234613040828737,10.907982937233411
2023-08-23,16.5,16.56,15.69,16.21,2142700.0,36078935.0,410745800.0,0.005216608423019785,-0.4499999999999993,-2.7010804321728643,5.222088835534209
2023-08-24,15.9,16.43,15.72,16.22,1542042.0,25841867.0,410745800.0,0.0037542489783218723,0.00999999999999801,0.061690314620599374,4.380012338062919
2023-08-25,16.22,16.43,15.6,15.62,1586261.0,26065131.0,410745800.0,0.003861904370050771,-0.5999999999999996,-3.6991368680641123,5.117139334155365
2023-08-28,16.29,16.29,15.57,15.57,1894021.0,31179611.0,410745800.0,0.004611175573797711,-0.049999999999998934,-0.3201024327784796,4.609475032010237
2023-08-29,15.5,16.09,15.44,16.06,1825927.0,30252272.0,410745800.0,0.004445394207317518,0.48999999999999844,3.1470777135516936,4.174694926140015
2023-08-30,16.1,16.57,15.81,16.33,1288026.0,21956091.0,410745800.0,0.003135822691309321,0.2699999999999996,1.6811955168119619,4.732254047322539
2023-08-31,16.29,16.48,16.11,16.16,1213032.0,20595449.0,410745800.0,0.0029532426138015287,-0.16999999999999815,-1.0410287813839458,2.2657685241886165
2023-09-01,16.16,16.65,16.16,16.51,1324185.0,22749361.0,410745800.0,0.003223855240881343,0.3500000000000014,2.1658415841584233,3.032178217821772
2023-09-04,16.65,16.76,16.4,16.62,1733275.0,29987988.0,410745800.0,0.004219824037153879,0.10999999999999943,0.6662628709872775,2.180496668685663
2023-09-05,16.71,16.71,16.18,16.42,1451002.0,24876984.0,410745800.0,0.0035326033765896085,-0.1999999999999993,-1.203369434416357,3.1889290012033764
2023-09-06,16.43,16.58,16.25,16.43,1155818.0,19756819.0,410745800.0,0.0028139496496373184,0.00999999999999801,0.06090133982945556,2.0097442143727053
2023-09-07,16.35,16.52,16.11,16.15,690848.0,11717725.0,410745800.0,0.0016819356399992403,-0.28000000000000114,-1.704199634814374,2.4954351795496055
2023-09-08,16.26,16.26,16.02,16.1,513500.0,8642451.0,410745800.0,0.0012501649438655246,-0.04999999999999716,-0.3095975232197956,1.4860681114551209
2023-09-11,16.17,16.67,15.97,16.46,1689551.0,28789233.0,410745800.0,0.004113373770346526,0.35999999999999943,2.2360248447204967,4.347826086956528
2023-09-12,16.43,16.52,16.29,16.4,861300.0,14732699.0,410745800.0,0.0020969173634885615,-0.060000000000002274,-0.36452004860269005,1.3973268529769163
2023-09-13,16.36,16.43,16.01,16.26,1082781.0,18301965.0,410745800.0,0.0026361340761122815,-0.13999999999999702,-0.8536585365853444,2.5609756097560865
2023-09-14,16.22,16.35,15.91,16.1,789200.0,13276081.0,410745800.0,0.0019213830062291568,-0.16000000000000014,-0.9840098400983988,2.7060270602706105
2023-09-15,16.07,16.22,15.91,15.96,932647.0,15623766.0,410745800.0,0.002270618470109737,-0.14000000000000057,-0.8695652173913104,1.9254658385093086
2023-09-18,16.0,16.34,15.9,16.23,1351917.0,22815424.0,410745800.0,0.0032913714516374848,0.2699999999999996,1.6917293233082775,2.7568922305764376
2023-09-19,16.23,16.25,15.74,15.82,1174431.0,19511074.0,410745800.0,0.002859264781283217,-0.41000000000000014,-2.5261860751694454,3.142329020332716
2023-09-20,15.66,16.1,15.66,15.76,814200.0,13446214.0,410745800.0,0.00198224790125669,-0.0600000000000005,-0.37926675094817064,2.781289506953232
2023-09-21,15.91,15.91,15.6,15.69,992533.0,16268113.0,410745800.0,0.00241641667425449,-0.07000000000000028,-0.4441624365482233,1.9670050761421352
2023-09-22,15.68,16.28,15.56,16.2,1270000.0,21171173.0,410745800.0,0.0030919366673986684,0.5099999999999998,3.2504780114722687,4.588910133843217
2023-09-25,16.24,16.24,15.82,15.92,925500.0,15392731.0,410745800.0,0.002253218413919266,-0.27999999999999936,-1.7283950617283939,2.5925925925925815
2023-09-26,15.93,16.2,15.45,15.49,1314336.0,21437408.0,410745800.0,0.0031998769068362965,-0.4299999999999997,-2.7010050251256246,4.71105527638191
2023-09-27,15.49,15.76,15.26,15.7,1067176.0,17384046.0,410745800.0,0.0025981422086360957,0.20999999999999908,1.355713363460298,3.227888960619755
2023-09-28,15.67,15.81,15.59,15.69,881159.0,14428993.0,410745800.0,0.0021452660015026325,-0.009999999999999787,-0.06369426751592355,1.4012738853503226
2023-10-09,15.69,15.91,15.61,15.76,1574922.0,25906025.0,410745800.0,0.0038342984882620834,0.07000000000000028,0.44614404079030834,1.912045889101343
2023-10-10,15.86,15.9,15.39,15.45,1050244.0,17082874.0,410745800.0,0.002556919632531848,-0.3100000000000005,-1.9670050761421365,3.2360406091370546
2023-10-11,15.45,15.64,15.34,15.51,723974.0,11728674.0,410745800.0,0.0017625840605065225,0.0600000000000005,0.3883495145631022,1.9417475728155387
2023-10-12,15.51,15.64,15.31,15.57,1087900.0,17548282.0,410745800.0,0.002648596772018119,0.0600000000000005,0.3868471953578423,2.127659574468086
2023-10-13,15.45,15.45,15.05,15.16,1333323.0,21086654.0,410745800.0,0.003246102577311807,-0.41000000000000014,-2.633269107257552,2.569043031470768
2023-10-16,15.18,15.19,14.8,14.85,2209657.0,34405125.0,410745800.0,0.005379621654074126,-0.3100000000000005,-2.044854881266489,2.5725593667546094
2023-10-17,14.9,14.96,14.75,14.91,917405.0,14237832.0,410745800.0,0.0022335103609093508,0.0600000000000005,0.40404040404040664,1.41414141414142
2023-10-18,14.77,14.96,14.71,14.83,991200.0,15343011.0,410745800.0,0.002413171358051622,-0.08000000000000007,-0.5365526492287054,1.676727028839705
2023-10-19,14.74,14.95,14.51,14.73,908600.0,13986447.0,410745800.0,0.002212073744880654,-0.09999999999999964,-0.6743088334457137,2.9669588671611566
2023-10-20,14.6,14.77,14.33,14.58,997500.0,15217702.0,410745800.0,0.0024285093115985605,-0.15000000000000036,-1.0183299389002087,2.9871011541072607
2023-10-23,14.52,14.65,14.13,14.3,1236000.0,18538341.0,410745800.0,0.003009160410161224,-0.27999999999999936,-1.9204389574759895,3.5665294924554156
2023-10-24,14.47,14.84,14.13,14.8,1690800.0,25718258.0,410745800.0,0.004116414580502101,0.5,3.4965034965035002,4.965034965034958
2023-10-25,14.8,14.9,14.57,14.71,1037548.0,15962578.0,410745800.0,0.002526010004241066,-0.08999999999999986,-0.6081081081081074,2.2297297297297303
2023-10-26,14.81,14.82,14.48,14.74,1121500.0,17137531.0,410745800.0,0.0027303991909351233,0.02999999999999936,0.20394289598912874,2.3113528212100602
2023-10-27,14.7,15.66,14.59,15.48,1988890.0,31665932.0,410745800.0,0.004842143242852392,0.7400000000000002,5.020352781546822,7.2591587516960665
2023-10-30,15.48,15.93,15.33,15.83,1839878.0,30064216.0,410745800.0,0.004479359253338683,0.34999999999999964,2.2609819121446995,3.87596899224806
2023-10-31,15.87,15.87,15.57,15.79,1251141.0,20606650.0,410745800.0,0.003046022625185699,-0.040000000000000924,-0.25268477574226234,1.8951358180669546
2023-11-01,15.8,16.02,15.55,15.68,1229920.0,20192287.0,410745800.0,0.002994358067690528,-0.10999999999999943,-0.6966434452184922,2.9765674477517345
2023-11-02,15.59,15.7,15.22,15.28,982915.0,15733151.0,410745800.0,0.002393000731839498,-0.40000000000000036,-2.5510204081632626,3.0612244897959098
2023-11-03,15.29,15.72,15.29,15.44,1452032.0,23432610.0,410745800.0,0.0035351110102647427,0.16000000000000014,1.0471204188481575,2.81413612565446
2023-11-06,15.43,15.61,15.24,15.33,1445100.0,23147964.0,410745800.0,0.0035182343921715087,-0.10999999999999943,-0.7124352331606132,2.396373056994814
2023-11-07,15.24,15.31,15.02,15.13,1150900.0,18200271.0,410745800.0,0.002801976307487502,-0.1999999999999993,-1.304631441617743,1.8917155903457334
2023-11-08,15.19,15.25,14.95,15.15,1237608.0,19496620.0,410745800.0,0.0030130752402093945,0.019999999999999574,0.13218770654328527,1.982815598149377
2023-11-09,15.15,15.27,14.97,15.12,1089765.0,17173067.0,410745800.0,0.002653137293187173,-0.030000000000001137,-0.1980198019802093,1.9801980198019733
2023-11-10,15.17,15.17,14.76,14.81,1221765.0,18892751.0,410745800.0,0.0029745039389325466,-0.3099999999999987,-2.0502645502645467,2.711640211640213
2023-11-13,14.73,14.88,14.64,14.77,1074500.0,16539304.0,410745800.0,0.0026159731882833617,-0.040000000000000924,-0.27008777852802757,1.620526671168131
2023-11-14,14.75,15.13,14.74,14.93,1999135.0,31190473.0,410745800.0,0.004867085676834675,0.16000000000000014,1.083276912660791,2.640487474610701
2023-11-15,14.99,15.17,14.94,15.05,1697471.0,26687061.0,410745800.0,0.004132655769091248,0.120000000000001,0.8037508372404689,1.540522438044209
2023-11-16,15.1,15.12,14.93,14.99,909710.0,14234344.0,410745800.0,0.002214776146219876,-0.0600000000000005,-0.39867109634551534,1.262458471760794
2023-11-17,15.0,15.06,14.84,14.9,1092622.0,16976739.0,410745800.0,0.0026600929333909194,-0.08999999999999986,-0.6004002668445585,1.4676450967311583
2023-11-20,14.91,15.13,14.85,15.07,1237175.0,19401751.0,410745800.0,0.003012021060227518,0.16999999999999993,1.1409395973154268,1.8791946308724907
2023-11-21,15.16,15.22,15.0,15.05,1504538.0,23759937.0,410745800.0,0.0036629418973973685,-0.019999999999999574,-0.13271400132713884,1.4598540145985444
2023-11-22,15.07,15.08,14.82,14.9,1746286.0,27244627.0,410745800.0,0.004251500563122009,-0.15000000000000036,-0.9966777408637939,1.7275747508305632
2023-11-23,14.9,15.02,14.74,14.94,1228100.0,19043932.0,410745800.0,0.0029899271033325234,0.03999999999999915,0.26845637583892135,1.879194630872479
2023-11-24,14.94,14.98,14.77,14.8,1249176.0,19366606.0,410745800.0,0.003041238644436535,-0.1399999999999988,-0.9370816599732157,1.405622489959845
2023-11-27,14.66,14.82,14.63,14.65,1449205.0,22228248.0,410745800.0,0.0035282284079350295,-0.15000000000000036,-1.0135135135135198,1.2837837837837804
2023-11-28,14.65,14.82,14.55,14.75,1272271.0,19546220.0,410745800.0,0.0030974656344629693,0.09999999999999964,0.682593856655278,1.8430034129692803
2023-11-29,14.65,14.78,14.57,14.64,1083907.0,16565312.0,410745800.0,0.0026388754309843217,-0.10999999999999943,-0.7457627118644061,1.4237288135593158
2023-11-30,14.55,14.74,14.51,14.65,887500.0,13545045.0,410745800.0,0.002160703773477416,0.009999999999999787,0.0683060109289535,1.571038251366123
2023-12-01,14.63,14.73,14.52,14.6,1058900.0,16149565.0,410745800.0,0.002577993493786181,-0.05000000000000071,-0.34129692832765013,1.433447098976115
2023-12-04,14.7,15.32,14.38,15.31,4740040.0,74006006.0,410745800.0,0.011540081481052272,0.7100000000000009,4.863013698630136,6.438356164383559
2023-12-05,15.17,16.24,14.38,15.78,9416008.0,150262409.0,410745800.0,0.02292417353993638,0.46999999999999886,3.0698889614630964,12.148922273024152
2023-12-06,15.33,15.43,14.85,14.89,7621199.0,119917112.0,410745800.0,0.018554539084757533,-0.8899999999999988,-5.6400506970849085,3.6755386565272503
2023-12-07,14.76,14.76,13.9,14.43,6758635.0,100782043.0,410745800.0,0.016454544392176376,-0.46000000000000085,-3.089321692411018,5.775688381464065
2023-12-08,14.27,14.4,13.81,13.85,4824945.0,70928793.0,410745800.0,0.011746790837544778,-0.5800000000000001,-4.019404019404016,4.0887040887040875
2023-12-11,13.49,13.71,13.22,13.54,5605771.0,78487591.0,410745800.0,0.013647786538535513,-0.3100000000000005,-2.238267148014439,3.5379061371841174
2023-12-12,13.54,13.73,13.44,13.62,2545015.0,36162321.0,410745800.0,0.00619608283273986,0.08000000000000007,0.5908419497784312,2.141802067946831
2023-12-13,13.6,13.67,13.11,13.14,3465644.0,47976346.0,410745800.0,0.008437442330511961,-0.47999999999999865,-3.524229074889862,4.111600587371517
2023-12-14,13.4,13.4,13.07,13.12,2036890.0,28004836.0,410745800.0,0.004959003841305255,-0.02000000000000135,-0.15220700152207556,2.5114155251141557
2023-12-15,13.21,13.55,13.15,13.44,3501900.0,48878244.0,410745800.0,0.00852571103587669,0.3200000000000003,2.4390243902439046,3.048780487804881
2023-12-18,13.37,13.54,13.1,13.15,2661818.0,36903726.0,410745800.0,0.006480450926095897,-0.28999999999999915,-2.157738095238093,3.2738095238095206
2023-12-19,13.21,13.25,13.07,13.25,1678371.0,23059083.0,410745800.0,0.004086154989290213,0.09999999999999964,0.7604562737642651,1.3688212927756631
2023-12-20,13.13,13.31,12.91,12.91,2043441.0,27890287.0,410745800.0,0.004974952878398269,-0.33999999999999986,-2.5660377358490583,3.0188679245283048
2023-12-21,12.72,13.14,12.72,13.13,2133100.0,28925009.0,410745800.0,0.005193236303329212,0.22000000000000064,1.7041053446940513,3.2532920216886128
2023-12-22,13.34,14.44,13.22,14.44,5906700.0,87337336.0,410745800.0,0.01438042701836513,1.3099999999999987,9.97715156130996,9.291698400609283
2023-12-25,15.12,15.12,14.05,14.48,11406850.0,174192624.0,410745800.0,0.02777106911379252,0.040000000000000924,0.27700831024930483,7.409972299168965
2023-12-26,14.55,14.83,14.06,14.3,8121597.0,121609693.0,410745800.0,0.019772805954437027,-0.17999999999999972,-1.2430939226519278,5.317679558011046
2023-12-27,14.36,14.71,13.75,14.46,6109295.0,91581014.0,410745800.0,0.01487366395468925,0.16000000000000014,1.118881118881121,6.713286713286719
2023-12-28,14.37,15.07,14.21,14.93,6000938.0,92180115.0,410745800.0,0.014609858457469316,0.46999999999999886,3.250345781466102,5.9474412171507565
2023-12-29,15.34,16.43,15.34,16.43,3964605.0,67394649.0,410745800.0,0.009652210686025274,1.5,10.046885465505696,7.300736771600803
2024-01-02,16.7,16.7,15.63,15.91,10894239.0,180919740.0,410745800.0,0.026523068525594176,-0.5199999999999996,-3.164942178940955,6.51247717589774
2024-01-03,15.74,16.29,15.65,16.11,8443700.0,140512817.0,410745800.0,0.020556996565759163,0.1999999999999993,1.2570710245128902,4.022627278441225
2024-01-04,16.09,16.37,15.81,16.03,4255000.0,71333914.0,410745800.0,0.01035920513368609,-0.0799999999999983,-0.496585971446295,3.47610180012415
2024-01-05,15.85,16.19,15.65,15.72,4212894.0,69869732.0,410745800.0,0.010256694042884918,-0.3100000000000005,-1.933873986275736,3.3686837180287017
2024-01-08,15.85,15.95,15.36,15.37,3793357.0,61389621.0,410745800.0,0.009235291024278277,-0.3500000000000014,-2.2264631043257044,3.753180661577607
2024-01-09,15.37,16.17,15.24,15.91,6035717.0,99514496.0,410745800.0,0.014694531264835818,0.5400000000000009,3.5133376707872532,6.05074821080027
2024-01-10,15.58,16.06,15.43,15.77,4205863.0,69359893.0,410745800.0,0.010239576399807375,-0.14000000000000057,-0.8799497171590231,3.9597737272155813
2024-01-11,15.69,16.08,15.52,16.03,3646820.0,60238000.0,410745800.0,0.008878532659372293,0.26000000000000156,1.6487000634115567,3.5510462904248494
2024-01-12,16.0,16.75,15.91,16.0,4819055.0,81524988.0,410745800.0,0.011732451068276292,-0.030000000000001137,-0.18714909544604863,5.240174672489082
2024-01-15,15.91,17.2,15.79,16.79,8259620.0,142698728.0,410745800.0,0.020108836170692434,0.7899999999999991,4.937499999999995,8.8125
2024-01-16,16.77,17.0,16.21,16.54,4375960.0,75556418.0,410745800.0,0.010653693841787305,-0.25,-1.4889815366289416,4.705181655747464
2024-01-17,16.43,16.67,15.92,16.11,2985276.0,50815190.0,410745800.0,0.0072679404147285255,-0.4299999999999997,-2.5997581620314403,4.534461910519963
2024-01-18,15.81,16.24,15.57,16.19,3410188.0,56408227.0,410745800.0,0.008302429385766088,0.08000000000000185,0.4965859714463283,4.158907510862806
2024-01-19,16.13,16.34,15.94,16.06,1757707.0,29576154.0,410745800.0,0.004279306081766387,-0.13000000000000256,-0.8029647930821615,2.470660901791231
2024-01-22,16.05,16.05,14.61,14.83,5482198.0,86944882.0,410745800.0,0.01334693623160602,-1.2299999999999986,-7.6587795765877935,8.966376089663768
2024-01-23,14.74,14.96,14.23,14.61,4988783.0,75814168.0,410745800.0,0.012145670144405615,-0.22000000000000064,-1.4834794335805812,4.922454484153746
2024-01-24,14.57,14.85,14.01,14.63,3833561.0,57785352.0,410745800.0,0.009333171513865753,0.02000000000000135,0.1368925393566034,5.749486652977412
2024-01-25,14.7,15.28,14.43,15.05,2693842.0,41862935.0,410745800.0,0.006558416422030366,0.41999999999999993,2.8708133971291794,5.809979494190018
2024-01-26,15.15,15.31,14.73,14.8,1836800.0,28623649.0,410745800.0,0.004471865567462893,-0.25,-1.661129568106312,3.853820598006645
2024-01-29,14.69,15.06,14.33,14.44,2371740.0,36301571.0,410745800.0,0.00577422824530403,-0.3600000000000012,-2.432432432432441,4.932432432432435
2024-01-30,14.04,14.43,13.7,13.72,2126040.0,31059146.0,410745800.0,0.005176048056973437,-0.7199999999999989,-4.986149584487531,5.0554016620498645
2024-01-31,13.92,13.99,13.3,13.3,2209484.0,31191013.0,410745800.0,0.005379200469000535,-0.41999999999999993,-3.0612244897959218,5.029154518950434
2024-02-01,13.23,13.53,13.0,13.1,3196213.0,44058102.0,410745800.0,0.007781486749225433,-0.20000000000000107,-1.5037593984962516,3.984962406015032
2024-02-02,13.12,13.41,11.8,12.32,3117693.0,40721231.0,410745800.0,0.0075903222869229585,-0.7799999999999994,-5.954198473282435,12.290076335877858
2024-02-05,12.27,12.31,11.09,11.09,3081075.0,36395764.0,410745800.0,0.0075011722578782304,-1.2300000000000004,-9.983766233766234,9.902597402597408
2024-02-06,10.52,11.54,9.99,11.12,8102086.0,91032099.0,410745800.0,0.019725304555761738,0.02999999999999936,0.27051397655544207,13.976555455365183
2024-02-07,11.5,12.2,11.26,11.9,6353300.0,78273215.0,410745800.0,0.015467717503136977,0.7800000000000011,7.014388489208634,8.453237410071939
2024-02-08,11.73,13.09,11.31,13.09,6041695.0,77446143.0,410745800.0,0.014709085278534801,1.1899999999999995,9.999999999999986,14.957983193277306
2024-02-19,13.43,14.05,13.3,13.9,4969275.0,71577325.0,410745800.0,0.01209817604951773,0.8100000000000005,6.187929717341478,5.729564553093965
2024-02-20,13.89,14.13,13.22,13.81,3503884.0,50747936.0,410745800.0,0.008530541273946075,-0.08999999999999986,-0.6474820143884896,6.546762589928059
2024-02-21,13.74,14.39,13.42,14.03,2423277.0,35553232.0,410745800.0,0.005899700009105388,0.21999999999999886,1.5930485155684293,7.023895727733532
2024-02-22,14.04,14.17,13.77,13.97,1610914.0,23427759.0,410745800.0,0.003921924460335321,-0.05999999999999872,-0.4276550249465383,2.8510334996436235
2024-02-23,14.13,14.13,13.7,13.89,2065519.0,29892879.0,410745800.0,0.005028703884494985,-0.08000000000000007,-0.5726556907659219,3.0780243378668684
2024-02-26,13.86,13.99,13.7,13.8,2164506.0,31270617.0,410745800.0,0.0052696972190586005,-0.08999999999999986,-0.6479481641468721,2.0878329733621377
2024-02-27,13.7,14.18,13.52,14.01,2599636.0,37666371.0,410745800.0,0.0063290628899918145,0.20999999999999908,1.521739130434785,4.782608695652175
2024-02-28,13.96,14.19,12.94,13.12,4645991.0,66160366.0,410745800.0,0.011311110180554494,-0.8900000000000006,-6.35260528194147,8.922198429693076
2024-02-29,12.98,13.3,12.78,13.19,2972810.0,40601392.0,410745800.0,0.007237590743471996,0.07000000000000028,0.5335365853658569,3.963414634146352
2024-03-01,13.31,13.37,13.08,13.21,2846532.0,39272317.0,410745800.0,0.0069301548549005245,0.02000000000000135,0.15163002274451998,2.198635329795293
2024-03-04,13.16,13.27,12.94,13.2,2382358.0,32562105.0,410745800.0,0.005800078783520124,-0.010000000000001563,-0.07570022710069457,2.4981074943224835
2024-03-05,13.2,13.32,12.95,13.05,2111700.0,28962078.0,410745800.0,0.005141135953185644,-0.14999999999999858,-1.1363636363636243,2.8030303030303108
2024-03-06,13.0,13.37,12.96,13.08,2507149.0,34386002.0,410745800.0,0.006103894428135357,0.02999999999999936,0.22988505747125743,3.141762452107267
2024-03-07,13.04,13.53,13.04,13.24,3368865.0,46848904.0,410745800.0,0.008201824583477178,0.16000000000000014,1.2232415902140747,3.7461773700305825
2024-03-08,13.24,13.77,13.24,13.49,3032679.0,42720484.0,410745800.0,0.007383347559488131,0.25,1.8882175226586195,4.0030211480362485
2024-03-11,13.61,14.11,13.33,14.07,3876133.0,55473953.0,410745800.0,0.009436817126310238,0.5800000000000001,4.299481097108959,5.78206078576723
2024-03-12,14.02,14.83,13.85,14.71,4429542.0,66363025.0,410745800.0,0.010784144354001915,0.6400000000000006,4.548685145700082,6.965174129353237
2024-03-13,14.69,15.14,14.27,14.7,3537694.0,54129361.0,410745800.0,0.00861285495798131,-0.010000000000001563,-0.06798096532971698,5.914343983684574
2024-03-14,14.66,14.89,14.18,14.4,2679927.0,40510420.0,410745800.0,0.00652453902145804,-0.29999999999999893,-2.0408163265306034,4.829931972789122
2024-03-15,14.37,14.64,14.2,14.47,1662118.0,25068584.0,410745800.0,0.004046585503734913,0.07000000000000028,0.4861111111111205,3.0555555555555647
2024-03-18,14.47,15.09,14.38,14.9,2285919.0,35110542.0,410745800.0,0.005565288799057714,0.4299999999999997,2.9716655148583238,4.906703524533511
2024-03-19,14.94,15.81,14.76,15.68,4626887.0,74707087.0,410745800.0,0.011264599662370254,0.7799999999999994,5.234899328859055,7.046979865771817
2024-03-20,15.6,16.24,15.49,16.14,5418383.0,90167154.0,410745800.0,0.013191572500558739,0.46000000000000085,2.933673469387754,4.783163265306111
2024-03-21,16.27,16.46,15.55,15.72,3372378.0,56080537.0,410745800.0,0.008210377318526446,-0.41999999999999993,-2.6022304832713727,5.638166047087981
2024-03-22,15.62,15.77,15.24,15.63,2574884.0,41767810.0,410745800.0,0.006268801774722955,-0.08999999999999986,-0.5725190839694694,3.371501272264627
2024-03-25,15.55,16.34,15.51,15.76,3251131.0,54326059.0,410745800.0,0.007915189881430315,0.129999999999999,0.8317338451695466,5.310300703774792
2024-03-26,15.76,16.48,15.32,15.62,2675421.0,44076381.0,410745800.0,0.006513568732778278,-0.14000000000000057,-0.8883248730964466,7.360406091370559
2024-03-27,15.59,15.86,15.14,15.14,2461452.0,39591824.0,410745800.0,0.005992640703812431,-0.47999999999999865,-3.0729833546734864,4.609475032010237
2024-03-28,15.22,15.62,15.01,15.12,2510634.0,40049705.0,410745800.0,0.006112378994502196,-0.02000000000000135,-0.13210039630119352,4.029062087186257
2024-03-29,15.12,15.39,15.01,15.19,1287431.0,20408328.0,410745800.0,0.0031343741068076657,0.07000000000000028,0.4629629629629539,2.513227513227519
2024-04-01,15.31,16.17,15.28,16.1,2646281.0,43704674.0,410745800.0,0.006442624611134186,0.9100000000000019,5.990783410138256,5.859117840684677
2024-04-02,16.1,16.22,15.77,16.01,1611604.0,26917966.0,410745800.0,0.003923604331438082,-0.08999999999999986,-0.5590062111801242,2.7950310559006164
2024-04-03,16.0,16.2,15.74,15.92,946334.0,15731081.0,410745800.0,0.0023039407828394105,-0.09000000000000163,-0.5621486570893341,2.873204247345403
2024-04-08,16.2,16.2,15.29,15.34,2109153.0,34142487.0,410745800.0,0.005134935037680239,-0.5800000000000001,-3.643216080402012,5.716080402010052
2024-04-09,15.31,15.96,14.97,15.74,2248911.0,36403473.0,410745800.0,0.005475189277650556,0.40000000000000036,2.6075619295958363,6.453715775749676
2024-04-10,15.42,15.7,15.25,15.29,1172301.0,18887452.0,410745800.0,0.0028540790922268714,-0.45000000000000107,-2.858958068615003,2.858958068614989
2024-04-11,15.43,16.15,15.14,15.53,2529592.0,41387652.0,410745800.0,0.006158534061699475,0.2400000000000002,1.5696533682145297,6.605624591236089
2024-04-12,15.54,15.76,15.25,15.29,2229787.0,35886152.0,410745800.0,0.0054286300675502955,-0.2400000000000002,-1.5453960077269846,3.2839665164198313
2024-04-15,15.31,15.91,15.05,15.84,4346261.0,70664487.0,410745800.0,0.010581388781090398,0.5500000000000007,3.597122302158273,5.624591236102025
2024-04-16,15.8,16.05,15.07,15.13,3655930.0,59452353.0,410745800.0,0.008900711827120326,-0.7099999999999991,-4.4823232323232265,6.1868686868686895
2024-04-17,15.78,16.2,15.26,16.2,3901345.0,64830885.0,410745800.0,0.009498198155647605,1.0699999999999985,7.072042300066084,6.212822207534695
2024-04-18,17.35,17.35,16.18,16.92,6863855.0,119335506.0,410745800.0,0.01671071256236826,0.7200000000000024,4.444444444444451,7.222222222222233
2024-04-19,16.62,16.84,16.01,16.27,4583805.0,78038178.0,410745800.0,0.011159712406067208,-0.6500000000000021,-3.8416075650118287,4.905437352245853
2024-04-22,15.7,16.91,15.69,16.78,5198297.0,88899071.0,410745800.0,0.012655752049077556,0.5100000000000016,3.1346035648432746,7.498463429625081
2024-04-23,16.8,17.54,16.63,17.54,5799623.0,104000950.0,410745800.0,0.014119737803770604,0.759999999999998,4.529201430274132,5.423122765196664
2024-04-24,17.33,17.88,16.88,17.46,4527089.0,82120738.0,410745800.0,0.011021631870611946,-0.0799999999999983,-0.45610034207524963,5.701254275940707
2024-04-25,17.28,17.56,16.96,17.03,2523821.0,45182008.0,410745800.0,0.006144484009331319,-0.4299999999999997,-2.4627720504009187,3.4364261168384758
2024-04-26,17.01,17.28,16.67,16.86,2968738.0,52577660.0,410745800.0,0.007227677069369912,-0.1700000000000017,-0.9982384028185631,3.581914268937166
2024-04-29,16.74,16.99,16.72,16.86,1857099.0,32660977.0,410745800.0,0.004521285427629449,0.0,0.0,1.6014234875444817
2024-04-30,16.83,16.87,16.58,16.73,1370222.0,23895248.0,410745800.0,0.0033359367277766444,-0.129999999999999,-0.7710557532621509,1.7200474495848321
2024-05-06,18.41,18.41,17.54,18.41,7515258.0,141791716.0,410745800.0,0.018296615570993057,1.6799999999999997,10.041841004184104,5.200239091452486
2024-05-07,18.83,20.25,18.5,18.62,14935310.0,300520599.0,410745800.0,0.03636144301414646,0.21000000000000085,1.1406844106463865,9.505703422053232
2024-05-08,17.67,18.5,17.38,18.11,11519547.0,214185176.0,410745800.0,0.028045440756789237,-0.5100000000000016,-2.7389903329752996,6.015037593984967
2024-05-09,17.43,17.76,16.95,17.34,7987678.0,144201989.0,410745800.0,0.01944676731934934,-0.7699999999999996,-4.251794588625069,4.472667034787423
2024-05-10,17.34,18.19,17.15,17.67,7419653.0,137190062.0,410745800.0,0.018063856039428765,0.33000000000000185,1.9031141868512291,5.997693194925045
2024-05-13,17.57,17.57,16.89,17.25,5172183.0,93023627.0,410745800.0,0.012592175014327597,-0.4200000000000017,-2.37691001697794,3.8483305036785493
2024-05-14,17.25,17.78,17.03,17.59,3119500.0,56647140.0,410745800.0,0.007594721601535548,0.33999999999999986,1.971014492753631,4.3478260869565215
2024-05-15,17.42,17.63,17.26,17.39,1831500.0,33259865.0,410745800.0,0.0044589622097170566,-0.1999999999999993,-1.1370096645821448,2.103467879476961
2024-05-16,17.19,17.47,16.77,16.91,5306802.0,94051958.0,410745800.0,0.012919917866476054,-0.4800000000000004,-2.7602070155261615,4.0253018976423185
2024-05-17,16.92,17.06,16.42,16.56,4119400.0,71647764.0,410745800.0,0.010029073943056752,-0.3500000000000014,-2.069781194559439,3.784742755765801
2024-05-20,16.57,16.78,16.29,16.45,3217148.0,55412443.0,410745800.0,0.00783245501232149,-0.10999999999999943,-0.6642512077294604,2.958937198067645
2024-05-21,16.42,16.81,16.18,16.68,5424600.0,93736559.0,410745800.0,0.013206708382654187,0.23000000000000043,1.3981762917933072,3.8297872340425476
2024-05-22,16.76,16.85,16.44,16.5,2723600.0,47138212.0,410745800.0,0.006630865123879538,-0.17999999999999972,-1.0791366906474753,2.458033573141488
2024-05-23,16.42,16.47,15.81,15.87,2315500.0,38840366.0,410745800.0,0.005637306577450092,-0.6300000000000008,-3.8181818181818206,3.9999999999999902
2024-05-24,15.87,16.34,15.75,16.08,1911200.0,32012217.0,410745800.0,0.004652999495064831,0.20999999999999908,1.3232514177693666,3.7177063642091985
2024-05-27,16.08,16.2,15.75,16.17,2174834.0,36284187.0,410745800.0,0.005294841724492375,0.09000000000000341,0.5597014925373456,2.798507462686563
2024-05-28,16.14,16.14,15.86,15.97,1128334.0,18796336.0,410745800.0,0.0027470372186398496,-0.20000000000000107,-1.236858379715533,1.7316017316017385
2024-05-29,15.82,16.0,15.79,15.96,1018134.0,16881324.0,410745800.0,0.002478744761358485,-0.009999999999999787,-0.06261740763932044,1.3149655604258037
2024-05-30,15.82,15.95,15.68,15.82,1100100.0,18118273.0,410745800.0,0.0026782988407915553,-0.14000000000000057,-0.8771929824561431,1.6917293233082678
2024-05-31,15.88,16.28,15.82,16.05,1157373.0,19371779.0,410745800.0,0.0028177354461080308,0.23000000000000043,1.4538558786346467,2.9077117572692845
2024-06-03,16.01,16.2,15.7,16.0,1896600.0,31529718.0,410745800.0,0.004617454396368752,-0.05000000000000071,-0.31152647975077885,3.115264797507788
2024-06-04,16.1,16.38,15.87,16.29,2563200.0,43299808.0,410745800.0,0.006240355957382888,0.28999999999999915,1.8124999999999947,3.1874999999999987
2024-06-05,16.22,16.39,15.91,15.97,1513500.0,25432325.0,410745800.0,0.0036847607449668382,-0.3199999999999985,-1.9643953345610754,2.9465930018416233
2024-06-06,15.97,15.97,15.11,15.13,2433424.0,39019068.0,410745800.0,0.005924403852699163,-0.8399999999999999,-5.259862241703194,5.385097056981849
2024-06-07,15.33,15.36,14.59,14.79,3328929.0,51528064.0,410745800.0,0.008104596565564396,-0.34000000000000163,-2.2471910112359605,5.0892267019167186
2024-06-11,14.76,14.82,14.36,14.74,2567730.0,39147220.0,410745800.0,0.006251384676361877,-0.049999999999998934,-0.33806626098714654,3.110209601081818
2024-06-12,14.68,14.97,14.59,14.86,1887700.0,29219529.0,410745800.0,0.00459578649373895,0.11999999999999922,0.8141112618724522,2.578018995929449
2024-06-13,14.82,14.93,14.41,14.44,1657544.0,25199577.0,410745800.0,0.004035449662540676,-0.41999999999999993,-2.826379542395696,3.499327052489903
2024-06-14,14.45,14.6,14.28,14.43,1395581.0,21016999.0,410745800.0,0.0033976756426967727,-0.009999999999999787,-0.06925207756232066,2.2160664819944618
2024-06-17,14.49,14.57,14.19,14.22,1909681.0,28525207.0,410745800.0,0.004649301344042958,-0.20999999999999908,-1.4553014553014498,2.633402633402639
2024-06-18,14.26,14.36,14.1,14.13,1674590.0,24826916.0,410745800.0,0.004076949782566249,-0.08999999999999986,-0.6329113924050667,1.828410689170181
2024-06-19,14.22,14.25,13.95,13.99,2108646.0,30916296.0,410745800.0,0.0051337006976090805,-0.14000000000000057,-0.9907997169143701,2.1231422505307904
2024-06-20,13.99,14.14,13.66,13.67,2449259.0,35414085.0,410745800.0,0.0059629556772096024,-0.3200000000000003,-2.287348105789855,3.4310221586847782
2024-06-21,13.83,13.84,13.52,13.69,2275700.0,31723139.0,410745800.0,0.00554040966456626,0.019999999999999574,0.1463057790782596,2.3408924652523795
2024-06-24,13.67,13.67,13.11,13.3,2984845.0,40552260.0,410745800.0,0.0072668911039382505,-0.3899999999999988,-2.848794740686622,4.0905770635500405
2024-06-25,13.28,13.74,13.18,13.54,2531894.0,34939651.0,410745800.0,0.00616413850123361,0.23999999999999844,1.8045112781954753,4.210526315789477
2024-06-26,13.54,13.83,13.41,13.78,1528297.0,21159764.0,410745800.0,0.0037207854590357347,0.2400000000000002,1.7725258493352936,3.1019202363367797
2024-06-27,13.69,13.76,13.42,13.48,2661600.0,36709297.0,410745800.0,0.006479920184211257,-0.29999999999999893,-2.1770682148040565,2.467343976777938
2024-06-28,13.43,13.91,13.43,13.61,2336100.0,32635292.0,410745800.0,0.005687459250952779,0.129999999999999,0.9643916913946615,3.5608308605341277
2024-07-01,13.67,13.67,13.28,13.58,2732800.0,37545279.0,410745800.0,0.00665326340524967,-0.02999999999999936,-0.22042615723731895,2.865540044085236
2024-07-02,13.61,13.85,13.53,13.63,2178997.0,30444866.0,410745800.0,0.00530497694681236,0.05000000000000071,0.3681885125184081,2.356406480117822
2024-07-03,13.63,13.72,13.44,13.48,1599450.0,22119758.0,410745800.0,0.0038940142540714964,-0.15000000000000036,-1.1005135730007387,2.054292002934711
2024-07-04,13.46,13.53,12.95,13.05,1968412.0,26386660.0,410745800.0,0.004792287590037439,-0.4299999999999997,-3.189910979228483,4.302670623145401
2024-07-05,12.97,13.14,12.78,12.97,1798400.0,23673150.0,410745800.0,0.0043783770887006026,-0.08000000000000007,-0.6130268199233679,2.7586206896551815
2024-07-08,12.97,12.97,12.53,12.67,1994604.0,25822850.0,410745800.0,0.0048560545232598845,-0.3000000000000007,-2.313030069390909,3.3924441017733327
2024-07-09,12.34,12.54,11.99,12.07,4931257.0,61387583.0,410745800.0,0.012005617586351462,-0.5999999999999996,-4.735595895816891,4.340962904498808
2024-07-10,12.02,12.41,11.82,12.18,3222176.0,39954468.0,410745800.0,0.007844696160009428,0.10999999999999943,0.9113504556752305,4.888152444076221
2024-07-11,12.2,12.51,12.19,12.37,2219234.0,27935980.0,410745800.0,0.0054029377780612725,0.1899999999999995,1.5599343185550119,2.627257799671595
2024-07-12,12.24,12.43,12.08,12.16,1961433.0,24350484.0,410745800.0,0.004775296545941553,-0.20999999999999908,-1.6976556184316816,2.82942603071948
2024-07-15,12.1,12.22,11.89,12.01,1667000.0,20356995.0,410745800.0,0.00405847120043589,-0.15000000000000036,-1.2335526315789491,2.7138157894736845
2024-07-16,12.01,12.02,11.76,11.83,2218700.0,26780391.0,410745800.0,0.005401637703903485,-0.17999999999999972,-1.4987510407993287,2.1648626144879253
2024-07-17,11.8,11.99,11.7,11.93,1236400.0,14924407.0,410745800.0,0.0030101342484816643,0.09999999999999964,0.8453085376162184,2.4513947590870746
2024-07-18,11.83,11.88,11.64,11.74,2053800.0,24568718.0,410745800.0,0.005000172856301878,-0.1899999999999995,-1.592623637887669,2.011735121542332
2024-07-19,11.72,11.76,11.62,11.66,1155900.0,13741101.0,410745800.0,0.0028141492864930087,-0.08000000000000007,-0.6814310051107331,1.1925042589437866
2024-07-22,11.7,11.7,11.44,11.54,1489800.0,17521560.0,410745800.0,0.0036270608244807372,-0.120000000000001,-1.0291595197255643,2.2298456260720396
2024-07-23,11.56,11.59,11.18,11.18,1625042.0,18801315.0,410745800.0,0.0039563204298132815,-0.35999999999999943,-3.119584055459268,3.5528596187175054
2024-07-24,11.21,11.29,10.95,10.95,1701500.0,19140508.0,410745800.0,0.004142464755573885,-0.23000000000000043,-2.0572450805009024,3.0411449016100165
2024-07-25,11.04,11.19,10.84,11.05,2191343.0,24651410.0,410745800.0,0.005335034466572756,0.10000000000000142,0.9132420091324311,3.1963470319634673
2024-07-26,11.1,11.34,11.05,11.26,1972742.0,22496063.0,410745800.0,0.004802829389856208,0.20999999999999908,1.900452488687776,2.6244343891402635
2024-07-29,11.28,11.34,11.05,11.22,1602700.0,18238901.0,410745800.0,0.0039019266904250756,-0.03999999999999915,-0.3552397868561208,2.5754884547069197
2024-07-30,11.3,11.35,11.09,11.28,1565000.0,17893953.0,410745800.0,0.003810142428723556,0.05999999999999872,0.53475935828875,2.317290552584668
2024-07-31,11.28,11.87,11.2,11.83,3024611.0,35832874.0,410745800.0,0.007363705240564846,0.5500000000000007,4.875886524822692,5.939716312056738
2024-08-01,11.98,11.98,11.54,11.56,2011900.0,23892299.0,410745800.0,0.0048981632922357335,-0.2699999999999996,-2.282333051563812,3.7193575655114226
2024-08-02,11.51,11.71,11.42,11.44,1640000.0,19296037.0,410745800.0,0.003992737113806154,-0.120000000000001,-1.038062283737029,2.50865051903115
2024-08-05,11.5,11.81,11.28,11.3,2216300.0,26041361.0,410745800.0,0.005395794673980841,-0.1399999999999988,-1.2237762237762184,4.632867132867143
2024-08-06,11.44,11.69,11.4,11.68,2057328.0,24237140.0,410745800.0,0.005008762110288164,0.379999999999999,3.362831858407067,2.5663716814159216
2024-08-07,11.66,11.68,11.46,11.49,1507634.0,17686876.0,410745800.0,0.003670479405997578,-0.1899999999999995,-1.6267123287671215,1.8835616438356066
2024-08-08,11.55,11.91,11.38,11.81,2588500.0,30941164.0,410745800.0,0.0063019512311507505,0.3200000000000003,2.7850304612706767,4.612706701479541
2024-08-09,11.8,11.91,11.56,11.59,2695232.0,32198941.0,410745800.0,0.006561800510193896,-0.22000000000000064,-1.8628281117696877,2.9635901778154077
2024-08-12,11.56,11.81,11.52,11.62,1682396.0,19936569.0,410745800.0,0.004095954237389646,0.02999999999999936,0.2588438308886998,2.5021570319240802
2024-08-13,11.62,11.65,11.38,11.53,1492500.0,17448946.0,410745800.0,0.0036336342331437107,-0.08999999999999986,-0.7745266781411297,2.3235800344234043
2024-08-14,11.5,11.55,11.31,11.35,1103602.0,12794255.0,410745800.0,0.002686824795287012,-0.17999999999999972,-1.5611448395490002,2.0815264527320054
2024-08-15,11.37,11.55,11.23,11.41,1248700.0,14492172.0,410745800.0,0.0030400797768352105,0.0600000000000005,0.5286343612334932,2.8193832599118966
2024-08-16,11.45,11.45,11.2,11.25,1317400.0,15122900.0,410745800.0,0.003207336508370871,-0.16000000000000014,-1.4022787028922012,2.1910604732690624
2024-08-19,11.25,11.41,11.09,11.19,1383600.0,15766652.0,410745800.0,0.0033685067504037776,-0.0600000000000005,-0.5333333333333412,2.844444444444447
2024-08-20,11.2,11.24,11.04,11.09,1121700.0,12704103.0,410745800.0,0.0027308861100953435,-0.09999999999999964,-0.8936550491510209,1.787310098302065
2024-08-21,11.02,11.18,11.0,11.05,849900.0,9572319.0,410745800.0,0.0020691629713560067,-0.03999999999999915,-0.36068530207393756,1.6230838593327297
2024-08-22,11.05,11.12,10.78,10.85,921400.0,10196749.0,410745800.0,0.0022432365711347506,-0.20000000000000107,-1.8099547511312264,3.0769230769230753
2024-08-23,10.85,10.98,10.74,10.93,1049300.0,11601768.0,410745800.0,0.0025546213740956086,0.08000000000000007,0.7373271889400845,2.2119815668202785
2024-08-26,10.92,11.02,10.78,10.86,915200.0,10153768.0,410745800.0,0.0022281420771679225,-0.07000000000000028,-0.6404391582799707,2.1957913998170193
2024-08-27,10.83,10.88,10.7,10.76,1218597.0,13354567.0,410745800.0,0.0029667911394346577,-0.09999999999999964,-0.9208103130755041,1.6574585635359254
2024-08-28,10.57,10.78,10.4,10.55,1369500.0,14675732.0,410745800.0,0.0033341789496082494,-0.20999999999999908,-1.951672862453524,3.531598513011143
2024-08-29,10.53,10.72,10.46,10.69,1573100.0,16951607.0,410745800.0,0.003829862654712477,0.1399999999999988,1.3270142180094702,2.4644549763033154
2024-08-30,10.69,11.05,10.48,10.86,2444800.0,26982863.0,410745800.0,0.0059520998145324916,0.16999999999999993,1.5902712815715647,5.332086061739947
2024-09-02,10.86,10.86,10.51,10.52,2062300.0,22333505.0,410745800.0,0.00502086692061124,-0.33999999999999986,-3.130755064456725,3.222836095764269
2024-09-03,10.55,10.77,10.5,10.65,1374200.0,14857572.0,410745800.0,0.0033456215498734255,0.13000000000000078,1.2357414448669335,2.5665399239543687
2024-09-04,10.54,10.82,10.54,10.68,1437699.0,15615714.0,410745800.0,0.0035002159486475577,0.02999999999999936,0.28169014084507005,2.6291079812206677
2024-09-05,10.75,11.06,10.66,11.02,2056399.0,22838461.0,410745800.0,0.005006500370788941,0.33999999999999986,3.183520599250933,3.745318352059929
2024-09-06,11.02,11.22,10.56,10.58,2262200.0,24655163.0,410745800.0,0.005507542621251392,-0.4399999999999995,-3.992740471869327,5.989110707803994
2024-09-09,10.56,10.65,10.41,10.51,1557286.0,16673776.0,410745800.0,0.0037913619567138605,-0.07000000000000028,-0.6616257088846944,2.268431001890361
2024-09-10,10.6,10.64,10.36,10.58,1101277.0,11779662.0,410745800.0,0.0026811643600494514,0.07000000000000028,0.6660323501427312,2.6641294005708955
2024-09-11,10.54,10.7,10.48,10.62,621524.0,6704967.0,410745800.0,0.0015131597206836929,0.03999999999999915,0.3780718336483746,2.079395085066152
2024-09-12,10.55,10.71,10.37,10.41,1327524.0,14238423.0,410745800.0,0.0032319843562612204,-0.20999999999999908,-1.9774011299434902,3.201506591337115
2024-09-13,10.41,10.46,10.15,10.16,1478041.0,15444833.0,410745800.0,0.003598432412455587,-0.25,-2.40153698366955,2.9779058597502446
2024-09-18,10.17,10.24,9.95,10.08,1141500.0,11675265.0,410745800.0,0.0027790911069571498,-0.08000000000000007,-0.7874015748031482,2.8543307086614265
2024-09-19,10.1,10.65,10.09,10.48,2660204.0,28306060.0,410745800.0,0.006476521488472919,0.40000000000000036,3.9682539682539764,5.55555555555556
2024-09-20,10.41,10.51,10.28,10.35,1285132.0,13528274.0,410745800.0,0.0031287769710609337,-0.13000000000000078,-1.2404580152671874,2.1946564885496223
2024-09-23,10.35,10.46,10.28,10.33,1123730.0,11830369.0,410745800.0,0.0027358283395715792,-0.019999999999999574,-0.19323671497584183,1.7391304347826233
2024-09-24,10.36,10.78,10.35,10.77,2846532.0,30682218.0,410745800.0,0.0069301548549005245,0.4399999999999995,4.259438528557591,4.162633107454015
2024-09-25,10.96,11.07,10.69,10.7,3094018.0,34325614.0,410745800.0,0.007532683231331884,-0.07000000000000028,-0.6499535747446661,3.528319405756739
2024-09-26,10.65,11.67,10.64,11.59,6956715.0,79660875.0,410745800.0,0.016936789128458526,0.8900000000000006,8.317757009345804,9.626168224299061
2024-09-27,11.79,12.26,11.63,12.26,5464436.0,66206066.0,410745800.0,0.013303692940986859,0.6699999999999999,5.780845556514236,5.435720448662631
2024-09-30,12.93,13.31,12.25,13.24,10192408.0,132841901.0,410745800.0,0.02481439371991144,0.9800000000000004,7.993474714518767,8.646003262642745
2024-10-08,14.56,14.57,12.63,12.96,12923962.0,175738099.0,410745800.0,0.03146462361879294,-0.27999999999999936,-2.114803625377637,14.652567975830813
2024-10-09,12.77,12.77,11.66,11.66,8393704.0,101858110.0,410745800.0,0.020435276514087303,-1.3000000000000007,-10.030864197530864,8.56481481481481
2024-10-10,11.55,11.9,11.55,11.6,5877560.0,70046168.0,410745800.0,0.014309482896721038,-0.0600000000000005,-0.5145797598627877,3.0017152658662063
2024-10-11,11.63,12.3,11.26,11.44,6857094.0,81906606.0,410745800.0,0.01669425226015701,-0.16000000000000014,-1.379310344827589,8.965517241379318
2024-10-14,11.38,11.56,11.05,11.53,7514444.0,86395126.0,410745800.0,0.018294633810010962,0.08999999999999986,0.786713286713292,4.458041958041957
2024-10-15,11.44,11.59,11.21,11.26,4746897.0,55022483.0,410745800.0,0.011556775504460423,-0.2699999999999996,-2.341717259323506,3.2957502168256636
2024-10-16,11.16,11.68,11.07,11.44,5832238.0,67576661.0,410745800.0,0.014199142145823525,0.17999999999999972,1.5985790408525657,5.417406749555945
2024-10-17,11.38,11.81,11.38,11.74,7832137.0,92546324.0,410745800.0,0.01906808785385024,0.3000000000000007,2.622377622377625,3.7587412587412565
2024-10-18,11.72,11.89,11.36,11.7,7182915.0,84793299.0,410745800.0,0.017487494698667644,-0.040000000000000924,-0.34071550255537764,4.514480408858613
2024-10-21,11.75,11.81,11.58,11.74,5874741.0,69970011.0,410745800.0,0.014302619771157734,0.040000000000000924,0.34188034188034067,1.9658119658119695
2024-10-22,11.61,11.81,11.49,11.68,6827900.0,80926096.0,410745800.0,0.01662317667033966,-0.0600000000000005,-0.5110732538330498,2.7257240204429327
2024-10-23,11.68,12.85,11.58,12.85,12629184.0,159625231.0,410745800.0,0.030746958337735893,1.17,10.017123287671236,10.873287671232873
2024-10-24,13.16,14.14,12.97,13.63,25899058.0,360770643.0,410745800.0,0.06305373785927938,0.7800000000000011,6.070038910505837,9.105058365758754
2024-10-25,13.84,14.99,13.69,14.27,25368084.0,366172182.0,410745800.0,0.06176103078838542,0.6399999999999988,4.695524578136445,9.537784299339696
2024-10-28,13.49,13.66,12.85,13.59,21264300.0,286126849.0,410745800.0,0.05176997549335867,-0.6799999999999997,-4.7652417659425295,5.676243868255084
2024-10-29,13.26,14.04,12.98,13.93,17218818.0,235861124.0,410745800.0,0.041920862002727724,0.33999999999999986,2.5018395879323085,7.799852832965406
2024-10-30,13.66,13.81,13.21,13.41,11722418.0,160588205.0,410745800.0,0.02853934964155446,-0.5199999999999996,-3.7329504666188007,4.307250538406315
2024-10-31,13.48,13.99,13.44,13.48,12540663.0,174535675.0,410745800.0,0.030531445482826606,0.07000000000000028,0.5219985085756829,4.101416853094711
2024-11-01,13.31,13.5,12.7,12.74,10828400.0,143475085.0,410745800.0,0.026362777172645464,-0.7400000000000002,-5.489614243323448,5.934718100890213
2024-11-04,12.66,12.97,12.51,12.95,8382396.0,108811524.0,410745800.0,0.02040774610476845,0.20999999999999908,1.6483516483516425,3.610675039246474
2024-11-05,12.94,14.23,12.86,14.0,16974349.0,235437825.0,410745800.0,0.04132567880182828,1.0500000000000007,8.108108108108114,10.579150579150587
2024-11-06,13.75,14.25,13.75,13.85,11862658.0,168498545.0,410745800.0,0.028880777356700908,-0.15000000000000036,-1.0714285714285787,3.571428571428571
2024-11-07,13.91,15.24,13.89,14.98,21164908.0,318469182.0,410745800.0,0.051527996147495606,1.1300000000000008,8.158844765342966,9.747292418772561
2024-11-08,15.09,15.09,14.3,14.44,14128757.0,208914651.0,410745800.0,0.034397812466980794,-0.5400000000000009,-3.604806408544736,5.273698264352464
2024-11-11,14.11,14.37,13.92,14.23,8572534.0,123250113.0,410745800.0,0.02087065528119825,-0.20999999999999908,-1.454293628808856,3.1163434903047045
2024-11-12,14.31,14.5,13.8,14.04,7278355.0,105205338.0,410745800.0,0.01771985252192475,-0.19000000000000128,-1.3352073085031724,4.919184820801119
2024-11-13,13.9,14.54,13.9,14.51,10111479.0,146003068.0,410745800.0,0.024617364316324112,0.47000000000000064,3.3475783475783505,4.5584045584045505
2024-11-14,14.51,15.96,14.34,15.96,21387844.0,341941416.0,410745800.0,0.052070755197009926,1.450000000000001,9.993108201240531,11.164713990351489
2024-11-15,15.63,16.98,15.26,16.62,27518857.0,453435541.0,410745800.0,0.0669972937033075,0.6600000000000001,4.135338345864659,10.776942355889728
2024-11-18,15.87,15.87,14.96,14.96,14472020.0,222997007.0,410745800.0,0.035233519125454235,-1.6600000000000001,-9.987966305655839,5.475330926594454
2024-11-19,14.23,14.84,13.85,14.58,16175493.0,236450636.0,410745800.0,0.039380787338543694,-0.3800000000000008,-2.540106951871668,6.617647058823531
2024-11-20,14.51,15.4,14.33,15.12,14334785.0,216497087.0,410745800.0,0.0348994073706901,0.5399999999999991,3.703703703703698,7.338820301783267
2024-11-21,14.91,15.16,14.6,14.87,10006600.0,151058958.0,410745800.0,0.024362026343300407,-0.25,-1.6534391534391513,3.703703703703707
2024-11-22,14.87,15.01,13.79,13.84,10547767.0,154551387.0,410745800.0,0.025679549249195,-1.0299999999999994,-6.9266980497646236,8.204438466711505
2024-11-25,14.12,14.19,13.17,13.37,11991460.0,163968887.0,410745800.0,0.02919435816507436,-0.47000000000000064,-3.395953757225434,7.369942196531788
2024-11-26,13.32,13.83,13.26,13.55,8370240.0,115881369.0,410745800.0,0.02037815115821026,0.1800000000000015,1.3462976813762184,4.263275991024685
2024-11-27,13.54,14.01,13.1,14.01,9976360.0,138022521.0,410745800.0,0.0242884041662751,0.4599999999999991,3.394833948339482,6.715867158671587
2024-11-28,13.89,14.2,13.85,13.91,8017651.0,114225285.0,410745800.0,0.01951973945929575,-0.09999999999999964,-0.7137758743754441,2.498215560314059
2024-11-29,13.97,15.31,13.97,15.31,16421511.0,248547881.0,410745800.0,0.039979741728339034,1.4000000000000004,10.064701653486697,9.633357296908697
2024-12-02,15.53,16.5,15.44,15.81,28022982.0,453646065.0,410745800.0,0.06822463431153769,0.5,3.2658393207054104,6.923579359895496
2024-12-03,15.9,15.99,15.36,15.47,14785800.0,234754042.0,410745800.0,0.035997446595923806,-0.33999999999999986,-2.1505376344086002,3.984819734345356
2024-12-04,15.33,16.18,15.14,15.8,18797350.0,301574805.0,410745800.0,0.04576394938183178,0.33000000000000007,2.133160956690361,6.722689075630246
2024-12-05,15.81,15.81,15.16,15.53,10659100.0,167010050.0,410745800.0,0.025950600103519014,-0.27000000000000135,-1.70886075949368,4.113924050632913
2024-12-06,15.35,15.79,15.33,15.62,9154651.0,144874929.0,410745800.0,0.022287874885147944,0.08999999999999986,0.5795235028976276,2.962009014810039
2024-12-09,15.57,15.96,15.37,15.79,9902678.0,158002119.0,410745800.0,0.024109018278458356,0.16999999999999993,1.0883482714468595,3.7772087067861824
2024-12-10,16.46,17.37,15.86,16.58,25696107.0,431299061.0,410745800.0,0.06255963420685008,0.7899999999999991,5.003166561114614,9.563014566181138
2024-12-11,16.12,16.96,16.07,16.47,16640698.0,279936864.0,410745800.0,0.04051337347819503,-0.10999999999999943,-0.6634499396863669,5.367913148371536
2024-12-12,16.49,17.77,16.12,17.05,16690607.0,285862281.0,410745800.0,0.0406348817200322,0.5800000000000018,3.521554341226474,10.018214936247716
2024-12-13,16.85,16.86,16.11,16.14,13550256.0,225659546.0,410745800.0,0.03298939636144788,-0.9100000000000001,-5.337243401759528,4.39882697947214
2024-12-16,16.13,16.31,15.52,15.74,9258648.0,149743140.0,410745800.0,0.022541065544675075,-0.40000000000000036,-2.478314745972743,4.894671623296153
2024-12-17,15.72,15.72,15.14,15.24,7909400.0,123547171.0,410745800.0,0.01925619202923073,-0.5,-3.1766200762388785,3.684879288437103
2024-12-18,15.24,15.37,14.95,15.11,5454759.0,83799710.0,410745800.0,0.0132801333574196,-0.13000000000000078,-0.853018372703418,2.755905511811023
2024-12-19,15.01,15.23,14.57,15.11,7754759.0,117614879.0,410745800.0,0.01887970369995262,0.0,0.0,4.367968232958306
2024-12-20,15.33,16.3,15.31,16.09,14753056.0,237870553.0,410745800.0,0.03591772819101254,0.9800000000000004,6.485771012574459,6.55195234943746
2024-12-23,16.31,16.37,15.23,15.4,10921270.0,175228446.0,410745800.0,0.026588878084693745,-0.6899999999999995,-4.2883778744561845,7.085146053449351
2024-12-24,15.1,16.1,14.85,16.06,11665643.0,185960333.0,410745800.0,0.028401125464946934,0.6599999999999984,4.2857142857142705,8.116883116883129
2024-12-25,15.76,17.67,15.34,17.67,17536420.0,300583606.0,410745800.0,0.0426940944983491,1.610000000000003,10.024906600249084,14.50809464508096
2024-12-26,18.42,19.44,18.42,19.44,9251091.0,180357851.0,410745800.0,0.022522667304206153,1.7699999999999996,10.016977928692693,5.772495755517824
2024-12-27,19.44,20.41,17.86,18.22,37119709.0,705849073.0,410745800.0,0.09037148766950265,-1.2200000000000024,-6.275720164609067,13.117283950617287
2024-12-30,17.68,17.7,16.58,16.77,23487308.0,407769102.0,410745800.0,0.0571821014359733,-1.4499999999999993,-7.958287596048297,6.147091108671795
2024-12-31,16.67,17.52,16.11,16.11,18023620.0,310250547.0,412255100.0,0.043719580424838894,-0.6600000000000001,-3.9355992844364973,8.407871198568873
2025-01-02,15.72,17.72,15.72,17.05,30234845.0,530737997.0,412255100.0,0.0733401357557493,0.9400000000000013,5.834885164494108,12.414649286157657
2025-01-03,16.94,17.02,15.35,15.35,25137115.0,402605422.0,412255100.0,0.06097466107757066,-1.700000000000001,-9.97067448680352,9.794721407624632
2025-01-06,15.03,15.23,13.97,14.11,15761965.0,233535824.0,412255100.0,0.03823352336938949,-1.2400000000000002,-8.078175895765472,8.208469055374591
2025-01-07,14.26,14.71,13.8,14.28,13544835.0,194660370.0,412255100.0,0.032855469829239224,0.16999999999999993,1.2048192771084265,6.449326718639265
2025-01-08,14.24,15.31,13.85,14.8,18613746.0,275763357.0,412255100.0,0.045151038762164496,0.5200000000000014,3.6414565826330625,10.224089635854348
2025-01-09,14.52,16.21,14.22,15.38,17661406.0,268763712.0,412255100.0,0.042840964247622404,0.5800000000000001,3.918918918918912,13.445945945945947
2025-01-10,15.02,15.2,14.13,14.2,13837200.0,207383325.0,412255100.0,0.033564654506396646,-1.1800000000000015,-7.672301690507166,6.957087126137831
2025-01-13,13.75,15.29,13.47,14.43,11973955.0,173616277.0,412255100.0,0.029045013633548743,0.23000000000000043,1.6197183098591639,12.816901408450695
2025-01-14,14.24,15.11,14.24,15.09,14182648.0,214120683.0,412255100.0,0.034402601690070055,0.6600000000000001,4.573804573804585,6.029106029106024
2025-01-15,15.06,16.06,14.96,15.67,19574665.0,307293033.0,412255100.0,0.04748192320725687,0.5800000000000001,3.8436050364479835,7.289595758780636
2025-01-16,15.5,16.0,15.14,15.84,19813287.0,315697100.0,412255100.0,0.048060744427418846,0.16999999999999993,1.084875558391829,5.48819400127632
2025-01-17,15.52,15.72,15.13,15.13,12377562.0,193356091.0,412255100.0,0.030024036088334625,-0.7099999999999991,-4.4823232323232265,3.7247474747474736
2025-01-20,15.23,15.31,14.68,14.8,10577098.0,161178861.0,412255100.0,0.025656681991320422,-0.33000000000000007,-2.181097157964307,4.163912756113686
2025-01-21,14.79,15.3,14.51,15.22,11803299.0,180147684.0,412255100.0,0.028631056353214307,0.41999999999999993,2.837837837837842,5.337837837837844
2025-01-22,15.13,15.13,14.53,14.54,8840230.0,132808415.0,412255100.0,0.021443591601413785,-0.6800000000000015,-4.467805519053892,3.942181340341665
2025-01-23,14.74,14.81,14.44,14.44,7634431.0,113823377.0,412255100.0,0.01851870601479521,-0.09999999999999964,-0.687757909215958,2.5447042640990443
2025-01-24,14.34,14.56,14.21,14.43,6097801.0,89431949.0,412255100.0,0.014791329446257911,-0.009999999999999787,-0.06925207756232066,2.423822714681438
2025-01-27,14.52,14.71,14.11,14.17,5142500.0,75096248.0,412255100.0,0.012474072485701208,-0.2599999999999998,-1.8018018018018056,4.158004158004168
2025-02-05,14.18,14.27,13.67,13.75,6533871.0,91885466.0,412255100.0,0.01584909683348975,-0.41999999999999993,-2.9640084685956247,4.234297812279461
2025-02-06,13.74,14.15,13.66,14.13,7184700.0,102092114.0,412255100.0,0.017427801378321336,0.3800000000000008,2.763636363636368,3.5636363636363653
2025-02-07,14.02,14.35,14.0,14.18,7810404.0,112917925.0,412255100.0,0.01894556064921938,0.049999999999998934,0.35385704175512345,2.476999292285914
2025-02-10,14.27,14.57,14.15,14.57,9255249.0,135177865.0,412255100.0,0.022450295945398855,0.39000000000000057,2.7503526093088926,2.961918194640338
2025-02-11,14.59,14.64,14.26,14.31,5984099.0,87409027.0,412255100.0,0.014515524489569687,-0.2599999999999998,-1.7844886753603295,2.6080988332189485
2025-02-12,14.15,14.38,14.07,14.37,5882300.0,85295869.0,412255100.0,0.014268592432210056,0.05999999999999872,0.41928721174002703,2.1663172606568866
2025-02-13,14.34,14.52,14.16,14.31,8172800.0,119407744.0,412255100.0,0.019824618300658986,-0.05999999999999872,-0.41753653444676075,2.505219206680581
2025-02-14,14.24,14.28,14.02,14.07,6051700.0,87152769.0,412255100.0,0.01467950305526845,-0.2400000000000002,-1.6771488469601636,1.8169112508735135
2025-02-17,14.08,14.38,13.98,14.37,7490400.0,108545715.0,412255100.0,0.018169332532211244,0.29999999999999893,2.1321961620468954,2.8429282160625466
2025-02-18,14.37,14.54,13.91,13.97,7684200.0,110809854.0,412255100.0,0.018639429809358333,-0.3999999999999986,-2.7835768963117458,4.384133611691016
2025-02-19,13.9,14.03,13.83,14.02,4950665.0,70322922.0,412255100.0,0.012008741674754296,0.049999999999998934,0.35790980672869566,1.4316392269148124
2025-02-20,13.98,14.25,13.95,14.17,5354591.0,77217368.0,412255100.0,0.012988537922271913,0.15000000000000036,1.0699001426533572,2.13980028530671
2025-02-21,14.1,14.23,13.82,13.96,6054445.0,85987802.0,412255100.0,0.014686161553853426,-0.20999999999999908,-1.4820042342978068,2.8934368383909677
2025-02-24,13.94,14.15,13.89,13.98,5233445.0,74649838.0,412255100.0,0.012694676184721547,0.019999999999999574,0.14326647564468775,1.862464183381087
2025-02-25,14.06,14.43,13.98,14.04,6732772.0,96737875.0,412255100.0,0.016331567517296936,0.05999999999999872,0.42918454935620964,3.2188841201716687
2025-02-26,14.02,14.42,14.0,14.42,9139426.0,132479876.0,412255100.0,0.022169346116033495,0.3800000000000008,2.7065527065527117,2.991452991452991
2025-02-27,14.42,15.85,14.34,15.25,23779276.0,365329470.0,412255100.0,0.05768097471686827,0.8300000000000001,5.755894590846045,10.47156726768377
2025-02-28,15.03,15.49,14.59,14.66,16076737.0,246278006.0,412255100.0,0.03899706031532418,-0.5899999999999999,-3.868852459016392,5.901639344262297
2025-03-03,14.71,15.08,14.31,14.42,12441656.0,185895138.0,412676800.0,0.030148668401034417,-0.2400000000000002,-1.6371077762619368,5.252387448840379
2025-03-04,14.43,14.43,14.05,14.23,6919100.0,99601409.0,412676800.0,0.016766389581386692,-0.1899999999999995,-1.3176144244105403,2.6352288488210753
2025-03-05,14.2,14.23,13.81,13.95,7580354.0,107487611.0,412676800.0,0.01836874280308464,-0.28000000000000114,-1.967673928320457,2.951510892480674
2025-03-06,13.95,14.17,13.86,14.15,6552600.0,93751763.0,412676800.0,0.015878285379745116,0.20000000000000107,1.433691756272415,2.222222222222226
2025-03-07,14.05,14.27,13.97,14.07,5194800.0,74407237.0,412676800.0,0.012588059226978594,-0.08000000000000007,-0.5653710247349841,2.120141342756176
2025-03-10,14.09,14.17,13.93,14.15,4551900.0,65031062.0,412676800.0,0.011030181488273632,0.08000000000000007,0.5685856432125158,1.705756929637528
2025-03-11,14.04,14.16,13.93,14.14,4578699.0,65437305.0,412676800.0,0.011095120927563653,-0.009999999999999787,-0.07067137809186885,1.6254416961130773
2025-03-12,14.13,14.24,13.97,14.02,5264815.0,75283036.0,412676800.0,0.012757719842743764,-0.120000000000001,-0.8486562942008558,1.9094766619519064
2025-03-13,14.01,14.06,13.68,13.81,5443649.0,76730248.0,412676800.0,0.013191071075476015,-0.20999999999999908,-1.4978601997146845,2.7104136947218316
2025-03-14,13.81,14.64,13.8,14.6,16460848.0,241511768.0,412676800.0,0.03988798982642106,0.7899999999999991,5.720492396813892,6.082548877624908
2025-03-17,14.6,14.9,14.47,14.53,11146500.0,166012796.0,412676800.0,0.027010241428643434,-0.07000000000000028,-0.4794520547945269,2.945205479452053
2025-03-18,14.53,14.56,14.27,14.33,5630365.0,82186800.0,412676800.0,0.013643522000752162,-0.1999999999999993,-1.3764624913971013,1.995870612525815
2025-03-19,14.32,14.33,14.08,14.12,4776300.0,68766847.0,412676800.0,0.011573948426468365,-0.21000000000000085,-1.4654570830425762,1.7445917655268668
2025-03-20,14.13,14.29,13.98,14.02,5449588.0,78083202.0,412676800.0,0.01320546248298911,-0.09999999999999964,-0.7082152974504208,2.1954674220963084
2025-03-21,13.95,14.03,13.7,13.8,5777100.0,81457096.0,412676800.0,0.013999090813925086,-0.21999999999999886,-1.5691868758915706,2.3537803138373756
2025-03-24,13.8,13.91,13.57,13.79,5376633.0,75197585.0,412676800.0,0.013028677647980212,-0.010000000000001563,-0.07246376811594901,2.4637681159420275
2025-03-25,13.75,13.98,13.62,13.9,5134716.0,72140687.0,412676800.0,0.012442463448393512,0.11000000000000121,0.7976794778825402,2.610587382160995
2025-03-26,13.81,13.91,13.71,13.87,3348200.0,47151052.0,412676800.0,0.008113371044846718,-0.030000000000001137,-0.21582733812950394,1.4388489208633042
2025-03-27,13.8,14.54,13.78,14.16,8578326.0,123287475.0,412676800.0,0.02078703237012597,0.2900000000000009,2.0908435472242415,5.479452054794519
2025-03-28,14.03,14.08,13.74,13.76,6002800.0,84750077.0,412676800.0,0.014546007917091534,-0.40000000000000036,-2.824858757062154,2.401129943502824
2025-03-31,13.73,13.79,13.29,13.37,4915894.0,67685334.0,412684500.0,0.011911990879230986,-0.39000000000000057,-2.834302325581395,3.6337209302325584
2025-04-01,13.35,13.62,13.35,13.49,3314616.0,45577453.0,412684500.0,0.008031840304154868,0.120000000000001,0.8975317875841604,2.01944652206432
2025-04-02,13.43,13.7,13.43,13.56,2912600.0,40231297.0,412684500.0,0.007057691771801461,0.07000000000000028,0.5189028910304039,2.001482579688655
2025-04-03,13.43,13.7,13.38,13.65,3507800.0,48584684.0,412684500.0,0.00849995577735534,0.08999999999999986,0.6637168141592875,2.359882005899694
2025-04-07,13.02,13.26,12.28,12.28,6523200.0,83802781.0,412684500.0,0.015806748254417115,-1.370000000000001,-10.036630036630045,7.1794871794871815
2025-04-08,12.3,13.07,12.3,13.07,8037549.0,104337822.0,412684500.0,0.019476256074555744,0.7900000000000009,6.43322475570034,6.270358306188922
2025-04-09,12.83,13.58,12.35,13.45,8360000.0,110285413.0,412684500.0,0.020257605991986616,0.379999999999999,2.9074215761285327,9.410864575363432
2025-04-10,13.41,13.88,13.29,13.73,8067315.0,112223852.0,412684500.0,0.019548383813785108,0.28000000000000114,2.0817843866171026,4.38661710037176
2025-04-11,13.68,13.73,13.46,13.55,4952900.0,68421078.0,412684500.0,0.012001662286807477,-0.17999999999999972,-1.310997815003645,1.9664967225054595
2025-04-14,13.66,13.89,13.57,13.74,4831200.0,67610305.0,412684500.0,0.01170676388379016,0.1899999999999995,1.4022140221402246,2.3616236162361646
2025-04-15,13.75,14.06,13.71,13.96,7628100.0,108064745.0,412684500.0,0.018484096204243194,0.22000000000000064,1.6011644832605532,2.5473071324599683
2025-04-16,13.77,14.04,13.59,13.98,5923600.0,83691079.0,412684500.0,0.014353822350972717,0.019999999999999574,0.14326647564468775,3.2234957020057258
2025-04-17,13.82,14.44,13.75,14.28,10887022.0,157534271.0,412684500.0,0.026380981112690202,0.29999999999999893,2.145922746781115,4.935622317596563
2025-04-18,14.19,14.47,13.93,14.02,7296350.0,105099124.0,412684500.0,0.017680213334884155,-0.2599999999999998,-1.8207282913165201,3.7815126050420234
2025-04-21,13.97,14.18,13.76,13.92,6107400.0,86558039.0,412684500.0,0.014799198903763045,-0.09999999999999964,-0.7132667617688937,2.995720399429386
2025-04-22,13.81,14.05,13.79,13.86,4508000.0,63761171.0,412684500.0,0.01092359902055929,-0.0600000000000005,-0.4310344827586188,1.8678160919540343
2025-04-23,13.83,13.95,13.64,13.79,6369900.0,89166131.0,412684500.0,0.015435278039276978,-0.07000000000000028,-0.5050505050505083,2.2366522366522275
2025-04-24,13.76,14.2,13.66,13.77,5589200.0,78996371.0,412684500.0,0.013543518111293252,-0.019999999999999574,-0.14503263234227903,3.9158810732414735
2025-04-25,13.66,14.03,13.66,13.77,3900100.0,55039205.0,412684500.0,0.009450560900639593,0.0,0.0,2.687000726216407
2025-04-28,13.47,13.49,12.46,12.56,12846172.0,165536618.0,412684500.0,0.031128312306374483,-1.209999999999999,-8.787218591140157,7.480029048656495
2025-04-29,12.56,12.77,12.43,12.63,4840400.0,62279667.0,412684500.0,0.01172905694301579,0.07000000000000028,0.5573248407643394,2.7070063694267503
2025-04-30,12.7,12.83,12.49,12.58,4326900.0,55784314.0,412684500.0,0.010484764996019962,-0.05000000000000071,-0.39588281868567776,2.6920031670625484
2025-05-06,12.6,12.8,12.6,12.78,4788560.0,62015889.0,412684500.0,0.011603440400596582,0.1999999999999993,1.5898251192368873,1.5898251192368924
2025-05-07,12.93,13.09,12.74,12.83,4717141.0,61936082.0,412684500.0,0.011430380835723173,0.05000000000000071,0.391236306729259,2.7386541471048487
2025-05-08,12.83,13.0,12.73,12.98,4467022.0,58873244.0,412684500.0,0.010824302826977994,0.15000000000000036,1.1691348402182333,2.104442712392826
2025-05-09,12.95,13.03,12.78,12.86,3149900.0,41287590.0,412684500.0,0.007632707310306057,-0.120000000000001,-0.924499229583986,1.9260400616332818
2025-05-12,12.88,12.93,12.79,12.89,3230350.0,42254153.0,412684500.0,0.007827650420599757,0.030000000000001137,0.2332814930015692,1.0886469673405956
2025-05-13,13.02,13.05,12.84,12.88,3307900.0,43500668.0,412684500.0,0.008015566370920157,-0.009999999999999787,-0.07757951900697613,1.629169899146632
2025-05-14,12.88,12.94,12.77,12.88,3055500.0,39950904.0,412684500.0,0.007403961137382189,0.0,0.0,1.3198757763975149
2025-05-15,12.88,12.98,12.8,12.9,3694300.0,48541352.0,412684500.0,0.008951874858396668,0.019999999999999574,0.15527950310558758,1.3975155279503084
2025-05-16,12.91,12.91,12.74,12.87,2830700.0,36956500.0,412684500.0,0.006859235081521114,-0.030000000000001137,-0.23255813953488857,1.3178294573643405
2025-05-19,12.87,13.14,12.8,13.13,4547900.0,60189233.0,412684500.0,0.011020283049157408,0.26000000000000156,2.020202020202033,2.641802641802641
2025-05-20,13.15,13.5,13.1,13.33,5502800.0,74702947.0,412684500.0,0.013334157207261237,0.1999999999999993,1.5232292460015229,3.046458492003049
2025-05-21,13.32,13.56,13.16,13.23,3744800.0,50654306.0,412684500.0,0.009074244368276491,-0.09999999999999964,-0.7501875468867159,3.0007501875468896
2025-05-22,13.17,13.34,12.87,12.89,4905900.0,64952528.0,412684500.0,0.011887773832067839,-0.33999999999999986,-2.569916855631138,3.5525321239606997
2025-05-23,12.87,13.16,12.72,12.73,5114100.0,66968647.0,412684500.0,0.012392275454978318,-0.16000000000000014,-1.241272304111718,3.413498836307211
2025-05-26,12.67,13.14,12.65,12.94,4766500.0,62602886.0,412684500.0,0.011549985521627296,0.20999999999999908,1.64964650432049,3.849175176747841
2025-05-27,13.02,13.68,13.01,13.39,11871600.0,162349960.0,412684500.0,0.028766769772065586,0.45000000000000107,3.477588871715609,5.17774343122102
2025-05-28,13.4,14.24,13.2,13.81,14015447.0,195796122.0,412684500.0,0.03396165109181469,0.41999999999999993,3.1366691560866355,7.766990291262142
2025-05-29,13.61,13.7,13.35,13.59,9591847.0,131797384.0,412684500.0,0.023242566658064453,-0.22000000000000064,-1.5930485155684293,2.534395365677043
2025-05-30,13.59,13.59,13.17,13.19,4896200.0,66219989.0,412684500.0,0.011864269193536467,-0.40000000000000036,-2.94334069168507,3.090507726269315
2025-06-03,13.14,13.51,13.1,13.41,5635015.0,76509193.0,412684500.0,0.013654535123078284,0.22000000000000064,1.667930250189542,3.108415466262321
2025-06-04,13.39,14.76,13.26,14.76,13919233.0,201768471.0,412684500.0,0.033728509309169596,1.3499999999999996,10.067114093959727,11.185682326621924
2025-06-05,15.52,15.68,14.48,14.57,30555914.0,466776499.0,412684500.0,0.07404182614079279,-0.1899999999999995,-1.287262872628725,8.130081300813004
2025-06-06,14.49,14.55,13.97,14.15,14206764.0,204295738.0,412684500.0,0.03442524252788753,-0.41999999999999993,-2.8826355525051417,3.9807824296499663
2025-06-09,13.95,14.18,13.95,14.1,9301414.0,133340225.0,412684500.0,0.022538801433056,-0.05000000000000071,-0.35335689045936647,1.6254416961130773
2025-06-10,14.03,14.2,13.78,13.97,8469525.0,120647173.0,412684500.0,0.020523002438909144,-0.129999999999999,-0.9219858156028327,2.9787234042553186
2025-06-11,13.97,14.1,13.93,14.02,6073733.0,86646715.0,412684500.0,0.01471761842279029,0.049999999999998934,0.35790980672869566,1.2168933428775943
2025-06-12,13.98,14.0,13.75,13.86,6388611.0,90069239.0,412684500.0,0.01548061776005641,-0.16000000000000014,-1.1412268188302432,1.783166904422254
2025-06-13,13.76,13.81,13.44,13.56,5400300.0,74774652.0,412684500.0,0.013085783449584368,-0.29999999999999893,-2.164502164502158,2.669552669552677
2025-06-16,13.47,14.05,13.45,13.74,5256611.0,73725658.0,412684500.0,0.01273760221185918,0.17999999999999972,1.327433628318575,4.424778761061957
2025-06-17,13.72,13.88,13.56,13.76,4599100.0,64291969.0,412684500.0,0.011144348770065269,0.019999999999999574,0.14556040756914523,2.328966521106261
2025-06-18,13.76,13.76,13.46,13.63,4349800.0,60137940.0,412684500.0,0.010540255328222892,-0.129999999999999,-0.9447674418604612,2.180232558139527
2025-06-19,13.65,13.7,13.29,13.36,4220800.0,57788297.0,412684500.0,0.010227667867341758,-0.27000000000000135,-1.980924431401332,3.008070432868673
2025-06-20,13.28,13.44,13.26,13.27,3137000.0,42552730.0,412684500.0,0.007601448564217943,-0.08999999999999986,-0.6736526946107824,1.3473053892215547
2025-06-23,13.08,13.37,12.99,13.37,3082200.0,41525757.0,412684500.0,0.007468659472308749,0.09999999999999964,0.7535795026375247,2.8636021100225997
2025-06-24,13.34,13.58,13.24,13.56,3733600.0,51316989.0,412684500.0,0.009047104991827898,0.19000000000000128,1.4210919970082392,2.543006731488406
2025-06-25,13.73,13.79,13.56,13.68,4341800.0,60369712.0,412684500.0,0.010520870059331038,0.11999999999999922,0.8849557522123908,1.6961651917404028
2025-06-26,13.62,13.92,13.59,13.77,5232000.0,73373686.0,412684500.0,0.012677965855272005,0.08999999999999986,0.6578947368421018,2.4122807017543866
2025-06-27,13.83,13.83,13.66,13.68,3046200.0,42538489.0,412684500.0,0.00738142576229541,-0.08999999999999986,-0.6535947712418277,1.2345679012345674
2025-06-30,13.66,13.76,13.57,13.71,2872282.0,40043546.0,412874100.00000006,0.006956798694807932,0.030000000000001137,0.21929824561404132,1.3888888888888853
2025-07-01,13.7,13.9,13.64,13.83,3925283.0,55007703.0,412874100.00000006,0.009507215395685996,0.11999999999999922,0.8752735229759168,1.8964259664478467
2025-07-02,13.83,13.95,13.73,13.8,3726200.0,52480078.0,412874100.00000006,0.009025027241960684,-0.02999999999999936,-0.2169197396963085,1.590744757772949
2025-07-03,13.75,13.83,13.67,13.75,2967937.0,41416777.0,412874100.00000006,0.007188479490479058,-0.05000000000000071,-0.36231884057971175,1.1594202898550736
2025-07-04,13.75,13.75,13.58,13.59,3073700.0,42708011.0,412874100.00000006,0.007444642325590294,-0.16000000000000014,-1.1636363636363667,1.2363636363636359
2025-07-07,13.85,14.49,13.84,13.88,7370232.0,104881731.0,412874100.00000006,0.017851039820613594,0.2900000000000009,2.1339220014716664,4.782928623988229
2025-07-08,13.75,14.12,13.75,13.95,5953500.0,84443772.0,412874100.00000006,0.01441964996108983,0.06999999999999851,0.5043227665705974,2.6657060518731934
2025-07-09,14.02,14.3,13.85,13.98,6192637.0,86714794.0,412874100.00000006,0.014998850739244722,0.030000000000001137,0.21505376344086446,3.2258064516129106
2025-07-10,13.85,13.96,13.81,13.9,3865600.0,53683991.0,412874100.00000006,0.009362660433289469,-0.08000000000000007,-0.5722460658083017,1.0729613733905603
2025-07-11,13.87,13.9,13.7,13.84,3789100.0,52319120.0,412874100.00000006,0.00917737392585294,-0.0600000000000005,-0.4316546762589968,1.438848920863317
2025-07-14,13.5,13.8,13.29,13.77,4232800.0,57663511.0,412874100.00000006,0.010252035668984805,-0.07000000000000028,-0.5057803468208166,3.6849710982659074
2025-07-15,13.68,13.74,13.45,13.56,3080199.0,41732569.0,412874100.00000006,0.007460383201561928,-0.20999999999999908,-1.525054466230935,2.1060275962236816
2025-07-16,13.56,13.74,13.52,13.6,2086000.0,28400225.0,412874100.00000006,0.00505238764068756,0.03999999999999915,0.2949852507374562,1.6224188790560516
2025-07-17,13.61,13.76,13.54,13.6,2836200.0,38668534.0,412874100.00000006,0.00686940643648996,0.0,0.0,1.617647058823534
2025-07-18,13.57,13.63,13.55,13.6,2025600.0,27519718.0,412874100.00000006,0.004906096071417412,0.0,0.0,0.5882352941176475
2025-07-21,13.61,13.69,13.54,13.67,2572500.0,35051649.0,412874100.00000006,0.006230712946149927,0.07000000000000028,0.5147058823529393,1.102941176470591
2025-07-22,13.67,13.73,13.58,13.69,2515850.0,34354301.0,412874100.00000006,0.006093504048812942,0.019999999999999574,0.1463057790782596,1.0972933430870544
2025-07-23,13.74,13.78,13.58,13.61,2885099.0,39503776.0,412874100.00000006,0.006987842056452559,-0.08000000000000007,-0.5843681519357213,1.4609203798392936
2025-07-24,13.61,13.8,13.54,13.8,4390400.0,60327664.0,412874100.00000006,0.010633750094762542,0.19000000000000128,1.3960323291697385,1.910360029390166
2025-07-25,13.8,13.84,13.72,13.8,3133763.0,43180267.0,412874100.00000006,0.007590117665409382,0.0,0.0,0.8695652173912987
2025-07-28,13.8,13.85,13.7,13.8,2750401.0,37899938.0,412874100.00000006,0.006661597324705036,0.0,0.0,1.086956521739133
2025-07-29,13.81,14.0,13.61,13.71,4056300.0,55746996.0,412874100.00000006,0.009824544576663926,-0.08999999999999986,-0.6521739130434745,2.826086956521743
2025-07-30,13.72,13.9,13.62,13.8,5110700.0,70400952.0,412874100.00000006,0.012378349719684522,0.08999999999999986,0.6564551422319376,2.0423048869438447
2025-07-31,13.85,13.85,13.48,13.5,4270815.0,58128850.0,412874100.00000006,0.010344109741928592,-0.3000000000000007,-2.1739130434782705,2.681159420289849
2025-08-01,13.49,13.58,13.47,13.54,1751385.0,23668544.0,412874100.00000006,0.0042419347689767895,0.03999999999999915,0.2962962962962834,0.8148148148148106
2025-08-04,13.51,13.61,13.36,13.6,1962415.0,26498148.0,412874100.00000006,0.004753059104458235,0.0600000000000005,0.4431314623338345,1.8463810930576072
2025-08-05,13.62,14.11,13.62,13.79,6009400.0,83306422.0,412874100.00000006,0.014555042324040184,0.1899999999999995,1.3970588235294068,3.60294117647059
2025-08-06,13.72,13.83,13.63,13.75,3159200.0,43287139.0,412874100.00000006,0.007651727245666414,-0.03999999999999915,-0.29006526468454696,1.450326323422765
2025-08-07,13.75,13.8,13.67,13.74,2833300.0,38951031.0,412874100.00000006,0.006862382503528314,-0.009999999999999787,-0.07272727272726875,0.9454545454545511
2025-08-08,13.72,13.74,13.57,13.62,2672100.0,36418132.0,412874100.00000006,0.006471948712694741,-0.120000000000001,-0.8733624454148492,1.2372634643376996
2025-08-11,13.66,13.74,13.61,13.74,3056415.0,41845502.0,412874100.00000006,0.007402777263093034,0.120000000000001,0.8810572687224738,0.9544787077826784
2025-08-12,13.74,13.8,13.65,13.71,2469515.0,33906044.0,412874100.00000006,0.005981278554406779,-0.02999999999999936,-0.21834061135370675,1.0917030567685615
2025-08-13,13.73,13.78,13.65,13.69,2935576.0,40149322.0,412874100.00000006,0.007110099664764633,-0.02000000000000135,-0.14587892049600093,0.9482129832239169
2025-08-14,13.67,13.7,13.51,13.52,3311000.0,45005467.0,412874100.00000006,0.008019393805520858,-0.16999999999999993,-1.241782322863405,1.3878743608473303
2025-08-15,13.51,13.55,13.45,13.53,3286900.0,44333711.0,412874100.00000006,0.00796102250056373,0.009999999999999787,0.07396449704142327,0.7396449704142117
2025-08-18,13.53,13.61,13.5,13.6,2983700.0,40486305.0,412874100.00000006,0.007226658199194378,0.07000000000000028,0.5173688100517326,0.8130081300812967
2025-08-19,13.6,13.65,13.56,13.62,3461500.0,47122561.0,412874100.00000006,0.008383911705771806,0.019999999999999574,0.14705882352941124,0.6617647058823519
2025-08-20,13.6,13.89,13.52,13.86,8094327.0,111434995.0,412874100.00000006,0.019604831109531935,0.2400000000000002,1.7621145374449254,2.7165932452276143
2025-08-21,13.87,13.97,13.73,13.89,6199900.0,86044244.0,412874100.00000006,0.015016442058244872,0.030000000000001137,0.21645021645022577,1.7316017316017334
2025-08-22,13.89,13.91,13.72,13.8,4115300.0,56675880.0,412874100.00000006,0.009967445281745693,-0.08999999999999986,-0.6479481641468721,1.367890568754496
2025-08-25,13.82,13.98,13.74,13.85,7750300.0,107256895.0,412874100.00000006,0.018771581942291848,0.049999999999998934,0.36231884057971175,1.7391304347826102
2025-08-26,13.86,14.07,13.78,14.05,8257599.0,115271709.0,412874100.00000006,0.02000028337936431,0.20000000000000107,1.4440433212996373,2.093862815884483
2025-08-27,13.91,14.2,13.75,13.77,7479319.0,104409576.0,412874100.00000006,0.018115253536126384,-0.28000000000000114,-1.992882562277587,3.2028469750889625
2025-08-28,13.74,13.84,13.2,13.61,6635400.0,89652937.0,412874100.00000006,0.01607124302541622,-0.16000000000000014,-1.1619462599854802,4.6477850399419065
2025-08-29,13.61,13.73,13.47,13.52,3476700.0,47232330.0,412874100.00000006,0.008420726802674227,-0.08999999999999986,-0.6612784717119791,1.9103600293901526
2025-09-01,13.46,13.64,13.37,13.57,3141600.0,42498812.0,412874100.00000006,0.007609099238726768,0.05000000000000071,0.36982248520711636,1.9970414201183533
2025-09-02,13.57,13.65,13.4,13.49,3237500.0,43716238.0,412874100.00000006,0.00784137343563086,-0.08000000000000007,-0.5895357406042745,1.8422991893883567
2025-09-03,13.45,13.63,13.22,13.24,3061200.0,40833664.0,412874100.00000006,0.00741436675247975,-0.25,-1.8532246108228345,3.039288361749445
2025-09-04,13.25,13.74,13.18,13.59,5127500.0,69164062.0,412874100.00000006,0.012419040089945092,0.34999999999999964,2.6435045317220407,4.229607250755291
2025-09-05,13.49,13.57,13.23,13.55,4044700.0,54220727.0,412874100.00000006,0.00979644884481734,-0.03999999999999915,-0.29433406916850036,2.5018395879323023
2025-09-08,13.5,13.65,13.47,13.64,2909500.0,39603499.0,412874100.00000006,0.00704694239721019,0.08999999999999986,0.6642066420664117,1.328413284132839
2025-09-09,13.63,13.74,13.55,13.68,3409700.0,46487136.0,412874100.00000006,0.008258449730801714,0.03999999999999915,0.2932551319648091,1.392961876832841
2025-09-10,13.65,13.78,13.59,13.76,4022306.0,55106093.0,412874100.00000006,0.00974220955007834,0.08000000000000007,0.5847953216374213,1.3888888888888853
2025-09-11,13.76,13.8,13.57,13.73,3395300.0,46406546.0,412874100.00000006,0.008223572270578367,-0.02999999999999936,-0.21802325581394832,1.6715116279069797
2025-09-12,13.72,13.76,13.53,13.53,2898300.0,39453374.0,412874100.00000006,0.007019815483703142,-0.20000000000000107,-1.4566642388929463,1.6751638747268784
2025-09-15,13.5,13.62,13.4,13.52,2359279.0,31902590.0,412874100.00000006,0.005714281908213666,-0.009999999999999787,-0.07390983000739038,1.6260162601625934
2025-09-16,13.5,13.63,13.48,13.54,1949679.0,26374493.0,412874100.00000006,0.004722211928527364,0.019999999999999574,0.14792899408284654,1.1094674556213044
2025-09-17,13.51,13.54,13.42,13.44,2593000.0,34921954.0,412874100.00000006,0.0062803648860512195,-0.09999999999999964,-0.738552437223039,0.8862629246676458
2025-09-18,13.41,13.44,13.21,13.28,3773967.0,50297067.0,412874100.00000006,0.009140721106022391,-0.16000000000000014,-1.1904761904761862,1.711309523809514
2025-09-19,13.21,13.33,13.21,13.33,1843217.0,24439904.0,412874100.00000006,0.004464356083367787,0.05000000000000071,0.3765060240964013,0.9036144578313196
2025-09-22,13.35,13.36,13.14,13.14,2166700.0,28606286.0,412874100.00000006,0.005247846740689231,-0.1899999999999995,-1.4253563390847712,1.650412603150779
2025-09-23,13.16,13.18,12.71,12.86,2984300.0,38350606.0,412874100.00000006,0.007228111426703684,-0.28000000000000114,-2.130898021308991,3.576864535768637
2025-09-24,12.86,13.23,12.79,13.15,2415100.0,31512487.0,412874100.00000006,0.005849482929541959,0.2900000000000009,2.255054432348369,3.4214618973561532
2025-09-25,13.15,13.19,12.94,12.96,1651600.0,21520959.0,412874100.00000006,0.0040002509239499395,-0.1899999999999995,-1.444866920152088,1.9011406844106464
2025-09-26,12.91,13.08,12.86,13.02,1210100.0,15739842.0,412874100.00000006,0.0029309176816855304,0.05999999999999872,0.4629629629629539,1.6975308641975357
2025-09-29,13.05,13.06,12.8,12.98,1473100.0,19048650.0,412874100.00000006,0.003567915739931373,-0.03999999999999915,-0.3072196620583667,1.996927803379415
2025-09-30,13.04,13.08,12.93,13.04,1096552.0,14277585.0,412874100.00000006,0.0026558992196410477,0.05999999999999872,0.46224961479197635,1.155624036979972
2025-10-09,13.05,13.08,12.88,12.95,1892200.0,24469684.0,412874100.00000006,0.004582995155181688,-0.08999999999999986,-0.6901840490797562,1.5337423312883383
2025-10-10,13.0,13.12,12.93,13.08,1891600.0,24700940.0,412874100.00000006,0.004581541927672381,0.13000000000000078,1.0038610038610063,1.4671814671814634
2025-10-13,12.75,12.96,12.74,12.92,1689648.0,21772470.0,412874100.00000006,0.004092404924406738,-0.16000000000000014,-1.2232415902140636,1.6819571865443472
2025-10-14,12.92,13.1,12.92,13.03,1990900.0,25878226.0,412874100.00000006,0.004822051080462542,0.10999999999999943,0.8513931888544768,1.393188854489162
2025-10-15,13.06,13.12,12.96,13.04,1855352.0,24191297.0,412874100.00000006,0.004493747609743502,0.009999999999999787,0.07674597083653367,1.2279355333844848
2025-10-16,13.0,13.05,12.92,12.94,1521845.0,19752263.0,412874100.00000006,0.00368597836483325,-0.09999999999999964,-0.7668711656441674,0.9969325153374293
2025-10-17,12.93,13.01,12.79,12.79,1523425.0,19632732.0,412874100.00000006,0.003689805197274423,-0.15000000000000036,-1.1591962905718733,1.7001545595054144
2025-10-20,12.85,12.89,12.76,12.85,1239000.0,15867656.0,412874100.00000006,0.003000914806717108,0.0600000000000005,0.4691164972634887,1.016419077404228
2025-10-21,12.86,12.97,12.82,12.97,1403900.0,18139893.0,412874100.00000006,0.0034003101671914024,0.120000000000001,0.9338521400778177,1.167315175097279
2025-10-22,12.96,13.13,12.93,13.05,2152325.0,28098131.0,412874100.00000006,0.005213029831612106,0.08000000000000007,0.6168080185042335,1.5420200462606095
2025-10-23,13.05,14.27,12.97,13.57,11134777.0,152950653.0,412874100.00000006,0.026968940410648182,0.5199999999999996,3.984674329501914,9.961685823754781
2025-10-24,13.4,13.79,13.4,13.49,6928500.0,93814966.0,412874100.00000006,0.016781144663712253,-0.08000000000000007,-0.5895357406042745,2.8739867354458273
2025-10-27,13.59,13.68,13.31,13.4,6034313.0,81533721.0,412874100.00000006,0.014615382752272421,-0.08999999999999986,-0.6671608598962209,2.742772424017785
2025-10-28,13.42,13.6,13.25,13.28,3793296.0,50610620.0,412874100.00000006,0.009187536830234688,-0.120000000000001,-0.8955223880597107,2.61194029850746
2025-10-29,13.3,13.41,13.1,13.19,2705900.0,35627731.0,412874100.00000006,0.006553813862385651,-0.08999999999999986,-0.6777108433734913,2.334337349397594
2025-10-30,13.2,13.3,13.1,13.11,2738900.0,36131186.0,412874100.00000006,0.006633741375397487,-0.08000000000000007,-0.6065200909780133,1.5163002274450423
2025-10-31,12.97,13.19,12.93,13.17,2780530.0,36490947.0,412874100.00000006,0.006734571144084842,0.0600000000000005,0.4576659038901587,1.9832189168573593
2025-11-03,13.17,13.28,13.14,13.26,2473300.0,32704446.0,412874100.00000006,0.005990445997944651,0.08999999999999986,0.6833712984054552,1.0630220197418283
2025-11-04,13.25,14.1,13.14,13.54,7697400.0,105388906.0,412874100.00000006,0.018643455716888028,0.27999999999999936,2.111613876319751,7.239819004524881
2025-11-05,13.43,14.2,13.43,13.94,10116519.0,139969158.0,412874100.00000006,0.024502672848696488,0.40000000000000036,2.954209748892178,5.6868537666174275
2025-11-06,13.93,14.02,13.74,13.94,5248169.0,72860346.0,412874100.00000006,0.01271130594047919,0.0,0.0,2.0086083213773267
2025-11-07,13.99,14.04,13.83,13.9,3323500.0,46245825.0,412874100.00000006,0.008049669378631403,-0.03999999999999915,-0.2869440459110417,1.506456241032992
2025-11-10,13.9,14.24,13.82,14.09,6946900.0,97995568.0,412874100.00000006,0.016825710307330974,0.1899999999999995,1.3669064748201398,3.021582733812949
2025-11-11,14.09,14.4,13.94,14.33,7259165.0,103531399.0,412874100.00000006,0.01758203045432009,0.2400000000000002,1.7033356990773685,3.264726756564946
2025-11-12,14.33,14.4,14.13,14.19,4553100.0,64675329.0,412874100.00000006,0.011027816954369381,-0.14000000000000057,-0.9769713886950471,1.8841591067690129
2025-11-13,14.11,14.42,14.0,14.29,5282860.0,75182126.0,412874100.00000006,0.01279532913302142,0.09999999999999964,0.7047216349541863,2.9598308668076103
2025-11-14,14.22,14.88,14.16,14.3,9639450.0,139150439.0,412874100.00000006,0.023347189857634565,0.010000000000001563,0.06997900629812648,5.038488453463966
2025-11-17,14.62,14.79,14.36,14.47,6708400.0,97401998.0,412874100.00000006,0.016248052372381798,0.16999999999999993,1.1888111888111785,3.006993006993005
2025-11-18,14.4,15.11,14.2,14.99,11815867.0,172792330.0,412874100.00000006,0.028618571617837006,0.5199999999999996,3.5936420179682127,6.288873531444368
2025-11-19,14.61,14.76,14.28,14.45,10903430.0,157760282.0,412874100.00000006,0.026408607369655782,-0.5400000000000009,-3.6024016010673843,3.202134756504339
2025-11-20,14.48,14.48,13.85,13.89,8708900.0,122542993.0,412874100.00000006,0.021093355092993236,-0.5599999999999987,-3.87543252595155,4.359861591695507
2025-11-21,13.79,14.1,13.5,13.51,5086400.0,69834387.0,412874100.00000006,0.012319494005557624,-0.3800000000000008,-2.735781137509008,4.319654427645785
2025-11-24,13.85,14.23,13.44,13.97,6585399.0,91282117.0,412874100.00000006,0.015950138310928196,0.46000000000000085,3.4048852701702437,5.8475203552923825
2025-11-25,14.02,14.13,13.79,14.01,4013300.0,56188507.0,412874100.00000006,0.009720396605163655,0.03999999999999915,0.28632784538296097,2.433786685755201
2025-11-26,14.0,14.17,13.76,13.78,3441200.0,47860546.0,412874100.00000006,0.008334744175040284,-0.23000000000000043,-1.6416845110635236,2.92648108493933
2025-11-27,13.8,14.27,13.72,13.91,4373800.0,61127981.0,412874100.00000006,0.01059354413367174,0.13000000000000078,0.9433962264151052,3.9912917271407764
2025-11-28,13.89,14.39,13.83,14.14,8168050.0,115610667.0,412874100.00000006,0.019783391595646224,0.23000000000000043,1.6534867002156783,4.025880661394684
2025-12-01,14.08,14.74,14.02,14.37,8335000.0,120685146.0,412874100.00000006,0.02018775215011065,0.22999999999999865,1.6265912305516217,5.091937765205096
2025-12-02,14.34,14.5,14.23,14.3,5814743.0,83360193.0,412874100.00000006,0.014083574145241853,-0.06999999999999851,-0.4871259568545505,1.8789144050104356
2025-12-03,14.3,15.73,14.1,15.73,17125548.0,259068306.0,412874100.00000006,0.041478862442570257,1.4299999999999997,9.999999999999986,11.398601398601404
2025-12-04,16.68,17.3,15.12,15.38,43544164.0,716116984.0,412874100.00000006,0.10546596165756097,-0.34999999999999964,-2.2250476795931284,13.858868404322958
2025-12-05,14.9,15.61,14.6,15.41,30476899.0,459377413.0,412874100.00000006,0.07381644670857289,0.02999999999999936,0.19505851755525772,6.566970091027306
2025-12-08,15.41,15.44,14.87,14.96,18664400.0,280149521.0,412874100.00000006,0.04520603254115479,-0.4499999999999993,-2.9201817001946795,3.698896820246595
2025-12-09,14.8,16.13,14.43,15.56,30216660.0,461563898.0,412874100.00000006,0.0731861359189157,0.5999999999999996,4.010695187165769,11.363636363636358
2025-12-10,15.28,15.65,15.02,15.11,18786664.0,287768161.0,412874100.00000006,0.045502161554817795,-0.45000000000000107,-2.8920308483290524,4.048843187660673
2025-12-11,15.11,15.17,14.11,14.11,17651560.0,256055689.0,412874100.00000006,0.04275288762361213,-1.0,-6.618133686300465,7.015221707478495
2025-12-12,14.13,15.13,13.98,14.01,13624600.0,194721077.0,412874100.00000006,0.032999405872153276,-0.09999999999999964,-0.7087172218284921,8.150248051027644
2025-12-15,14.0,14.55,13.89,14.35,11955700.0,171128653.0,412874100.00000006,0.028957253555018343,0.33999999999999986,2.4268379728765055,4.710920770877945
2025-12-16,14.32,15.1,14.29,14.5,12998800.0,190759922.0,412874100.00000006,0.03148368957994701,0.15000000000000036,1.0452961672473782,5.644599303135892
2025-12-17,14.59,14.69,14.16,14.5,10383500.0,149935072.0,412874100.00000006,0.025149313071466575,0.0,0.0,3.655172413793099
2025-12-18,14.4,15.29,14.36,14.99,15781599.0,236586416.0,412874100.00000006,0.03822375634606288,0.4900000000000002,3.3793103448275907,6.413793103448275
2025-12-19,15.0,15.24,14.78,15.12,9692700.0,146144996.0,412874100.00000006,0.02347616379908548,0.129999999999999,0.867244829886582,3.068712474983328
2025-12-22,15.12,15.27,14.87,14.95,8119399.0,121764208.0,412874100.00000006,0.01966555664305414,-0.16999999999999993,-1.1243386243386277,2.6455026455026482
2025-12-23,14.94,15.04,14.37,14.49,8763300.0,127605982.0,412874100.00000006,0.021225114387170323,-0.4599999999999991,-3.076923076923066,4.481605351170568
2025-12-24,14.59,14.85,14.39,14.49,7434800.0,108115471.0,412874100.00000006,0.01800742647698172,0.0,0.0,3.174603174603168
2025-12-25,14.41,14.48,14.1,14.29,7669000.0,109162731.0,412874100.00000006,0.01857466961478087,-0.20000000000000107,-1.3802622498274797,2.622498274672193
2025-12-26,14.21,14.37,14.06,14.14,8099500.0,114809534.0,412874100.00000006,0.019617360352708002,-0.14999999999999858,-1.049685094471653,2.169349195241419
2025-12-29,14.16,14.17,13.75,13.77,7342800.0,101879943.0,412874100.00000006,0.017784598258888118,-0.370000000000001,-2.6166902404526238,2.97029702970297
2025-12-30,13.77,13.79,13.46,13.47,5431000.0,73638459.0,412874100.00000006,0.013154131005069097,-0.29999999999999893,-2.178649237472763,2.3965141612200314
2025-12-31,13.45,13.5,13.36,13.43,4408905.0,59158680.0,412874100.00000006,0.010678570053195391,-0.040000000000000924,-0.29695619896066283,1.0393466963622908
2026-01-05,13.43,13.51,13.42,13.46,4260500.0,57322286.0,412874100.00000006,0.01031912633899777,0.030000000000001137,0.22338049143708627,0.6701414743112424
2026-01-06,13.44,13.66,13.39,13.62,5774536.0,78058144.0,412874100.00000006,0.013986190947797402,0.15999999999999837,1.1887072808320909,2.0059435364041573
2026-01-07,13.63,13.64,13.46,13.57,4172200.0,56463711.0,412874100.00000006,0.010105259690544889,-0.049999999999998934,-0.36710719530101965,1.3215859030836985
2026-01-08,13.57,13.97,13.47,13.81,6689899.0,91537418.0,412874100.00000006,0.016203242102132344,0.2400000000000002,1.7686072218128235,3.6845983787767134
2026-01-09,13.77,13.86,13.65,13.76,6105437.0,83820478.0,412874100.00000006,0.014787648341225567,-0.05000000000000071,-0.3620564808110127,1.5206372194062205
2026-01-12,13.76,14.05,13.61,13.91,8266999.0,114327269.0,412874100.00000006,0.02002305061034344,0.15000000000000036,1.0901162790697638,3.1976744186046604
2026-01-13,13.88,14.11,13.71,13.72,5887100.0,81675931.0,412874100.00000006,0.014258826116726622,-0.1899999999999995,-1.3659237958303372,2.875629043853333
2026-01-14,13.68,13.78,13.47,13.58,6523500.0,88943952.0,412874100.00000006,0.01580021609493063,-0.14000000000000057,-1.0204081632653073,2.2594752186588827
2026-01-15,13.5,13.62,13.45,13.46,3792500.0,51235359.0,412874100.00000006,0.009185608881739008,-0.11999999999999922,-0.8836524300441795,1.2518409425625916
2026-01-16,13.46,13.54,13.37,13.51,2933600.0,39436777.0,412874100.00000006,0.0071053137021673185,0.049999999999998934,0.3714710252600284,1.2630014858841003
2026-01-19,13.5,13.62,13.45,13.59,3059650.0,41520733.0,412874100.00000006,0.007410612581414042,0.08000000000000007,0.5921539600296066,1.2583271650629158
2026-01-20,13.59,13.74,13.54,13.71,4001200.0,54616485.0,412874100.00000006,0.009691089850392649,0.120000000000001,0.8830022075055233,1.471670345842539
2026-01-21,13.71,13.72,13.52,13.61,3003310.0,40851570.0,412874100.00000006,0.0072741545182901995,-0.10000000000000142,-0.7293946024799491,1.458789204959891
2026-01-22,13.62,13.78,13.54,13.75,4682650.0,64065519.0,412874100.00000006,0.011341592994087058,0.14000000000000057,1.0286554004408588,1.7634092578986058
2026-01-23,13.76,13.8,13.66,13.78,3363500.0,46191965.0,412874100.00000006,0.008146551212585142,0.02999999999999936,0.21818181818180626,1.0181818181818223
2026-01-26,13.77,13.77,13.43,13.48,4374015.0,59190394.0,412874100.00000006,0.010594064873529242,-0.29999999999999893,-2.1770682148040565,2.467343976777938
2026-01-27,13.48,13.49,13.1,13.25,3221200.0,42681462.0,412874100.00000006,0.007801894088294711,-0.23000000000000043,-1.7062314540059353,2.8931750741839806
2026-01-28,13.23,13.38,13.19,13.22,2157200.0,28593166.0,412874100.00000006,0.005224837305125218,-0.02999999999999936,-0.22641509433961593,1.433962264150953
2026-01-29,13.21,13.5,13.07,13.44,3412700.0,45490043.0,412874100.00000006,0.008265715868348244,0.21999999999999886,1.6641452344931862,3.252647503782146
2026-01-30,13.36,13.59,13.23,13.26,2818600.0,37685168.0,412874100.00000006,0.006826778429550315,-0.17999999999999972,-1.3392857142857095,2.6785714285714244
2026-02-02,13.44,13.75,13.35,13.44,5292800.0,71744589.0,412874100.00000006,0.012819404268758924,0.17999999999999972,1.3574660633484115,3.016591251885372
2026-02-03,13.43,13.55,13.25,13.41,3100822.0,41415451.0,412874100.00000006,0.0075103330531026274,-0.02999999999999936,-0.22321428571427937,2.2321428571428625
2026-02-04,13.41,13.51,13.31,13.47,2640900.0,35522853.0,412874100.00000006,0.006396380882210823,0.0600000000000005,0.4474272930648837,1.4914243102162512
2026-02-05,13.47,13.69,13.41,13.54,3945872.0,53499369.0,412874100.00000006,0.009557082897667836,0.06999999999999851,0.5196733481811266,2.0786933927245683
2026-02-06,13.7,13.9,13.47,13.71,6893215.0,94307014.0,412874100.00000006,0.01669568277593581,0.1700000000000017,1.255539143279183,3.175775480059082
2026-02-09,13.56,13.72,13.51,13.71,4298500.0,58550524.0,412874100.00000006,0.010411164081253824,0.0,0.0,1.5317286652078836
2026-02-10,13.66,13.72,13.55,13.63,3118600.0,42596659.0,412874100.00000006,0.007553392184203368,-0.08000000000000007,-0.5835156819839593,1.2399708242159002
2026-02-11,13.57,13.67,13.56,13.58,2346600.0,31933422.0,412874100.00000006,0.005683572788896178,-0.05000000000000071,-0.3668378576669129,0.8070432868672005
2026-02-12,13.63,13.7,13.41,13.42,2994565.0,40463211.0,412874100.00000006,0.007252973727342063,-0.16000000000000014,-1.178203240058906,2.1354933726067684
2026-02-13,13.42,13.74,13.39,13.45,3071565.0,41648699.0,412874100.00000006,0.007439471257703013,0.02999999999999936,0.22354694485842153,2.6080476900149008
2026-02-24,13.6,13.6,13.33,13.45,2273800.0,30541149.0,412874100.00000006,0.005507247851100371,0.0,0.0,2.0074349442379154
2026-02-25,13.48,13.6,13.43,13.54,2361800.0,31998551.0,412874100.00000006,0.0057203878857986,0.08999999999999986,0.6691449814126393,1.263940520446096
2026-02-26,13.54,13.59,13.45,13.46,2090852.0,28182347.0,412874100.00000006,0.005064139407146149,-0.0799999999999983,-0.5908419497784201,1.0339734121122643
2026-02-27,13.49,13.49,13.36,13.42,2232900.0,29909158.0,412874100.00000006,0.005408186175882672,-0.040000000000000924,-0.2971768202080338,0.965824665676083
2026-03-02,13.3,13.32,13.07,13.15,3173660.0,41870588.0,412874100.00000006,0.007686750028640691,-0.2699999999999996,-2.0119225037257826,1.8628912071535022
2026-03-03,13.16,13.29,13.07,13.2,2515100.0,33196151.0,412874100.00000006,0.00609168751442631,0.049999999999998934,0.3802281368821214,1.67300380228136
2026-03-04,13.1,13.23,12.99,13.0,1902800.0,24882708.0,412874100.00000006,0.004608668841179429,-0.1999999999999993,-1.5151515151515138,1.81818181818182
2026-03-05,13.04,13.1,12.85,12.88,2113900.0,27426574.0,412874100.00000006,0.005119962719870294,-0.11999999999999922,-0.9230769230769154,1.9230769230769231
2026-03-06,12.85,12.99,12.84,12.95,2080900.0,26868877.0,412874100.00000006,0.005040035206858458,0.06999999999999851,0.5434782608695565,1.1645962732919282
2026-03-09,12.86,13.05,12.75,12.85,2465500.0,31683447.0,412874100.00000006,0.005971554040323672,-0.09999999999999964,-0.7722007722007707,2.316602316602322
2026-03-10,12.96,13.1,12.86,13.08,2323300.0,30199881.0,412874100.00000006,0.005627139120618125,0.23000000000000043,1.789883268482484,1.8677042801556438
2026-03-11,13.09,13.12,12.97,13.04,1446300.0,18840365.0,412874100.00000006,0.003503004911182367,-0.040000000000000924,-0.3058103975535187,1.1467889908256772
2026-03-12,13.03,13.12,13.02,13.07,1494500.0,19543079.0,412874100.00000006,0.003619747521096624,0.030000000000001137,0.23006134969325576,0.7668711656441691
2026-03-13,13.1,13.16,12.99,13.04,1497100.0,19601942.0,412874100.00000006,0.0036260448403036176,-0.030000000000001137,-0.2295332823259444,1.3006885998469773
2026-03-16,13.17,13.26,13.02,13.2,2201304.0,29040141.0,412874100.00000006,0.005331659215242612,0.16000000000000014,1.2269938650306678,1.840490797546014
2026-03-17,13.2,13.3,13.14,13.15,1688200.0,22343703.0,412874100.00000006,0.004088897802017612,-0.049999999999998934,-0.37878787878786735,1.2121212121212133
2026-03-18,13.15,13.19,13.02,13.08,1115500.0,14571063.0,412874100.00000006,0.0027017921443849343,-0.07000000000000028,-0.5323193916349833,1.292775665399239
2026-03-19,13.03,13.36,12.63,12.98,3010900.0,39227184.0,412874100.00000006,0.007292537846282921,-0.09999999999999964,-0.7645259938837912,5.5810397553516715
2026-03-20,12.93,12.97,12.55,12.59,1923800.0,24559753.0,412874100.00000006,0.004659531804005143,-0.39000000000000057,-3.004622496147924,3.235747303543913
2026-03-23,12.8,12.8,12.0,12.06,2535500.0,31210339.0,412874100.00000006,0.006141097249742718,-0.5299999999999994,-4.2096902303415344,6.354249404289123
2026-03-24,12.21,12.38,12.09,12.38,2142310.0,26280452.0,412874100.00000006,0.005188773042435938,0.3200000000000003,2.6533996683250516,2.4046434494195763
2026-03-25,12.5,12.5,12.31,12.46,1510500.0,18775711.0,412874100.00000006,0.0036585002546781205,0.08000000000000007,0.646203554119551,1.5347334410339217
2026-03-26,12.47,12.59,12.3,12.35,1261500.0,15682001.0,412874100.00000006,0.003055410838316087,-0.11000000000000121,-0.882825040128421,2.3274478330658037
2026-03-27,12.12,12.55,12.12,12.52,1416200.0,17647118.0,412874100.00000006,0.0034301013311321777,0.16999999999999993,1.3765182186234792,3.481781376518231
2026-03-30,12.4,12.6,12.4,12.54,1070000.0,13398002.0,412874100.00000006,0.0025915890582625545,0.019999999999999574,0.15974440894568342,1.5974440894568633
2026-03-31,12.6,12.73,12.45,12.46,1374900.0,17287084.0,412874100.00000006,0.0033300708375749405,-0.0799999999999983,-0.6379585326953596,2.232854864433821
2026-04-01,12.56,12.6,12.39,12.54,1107900.0,13838692.0,412874100.00000006,0.002683384595933724,0.0799999999999983,0.6420545746388395,1.6853932584269586
2026-04-02,12.54,12.57,12.33,12.44,1351600.0,16840596.0,412874100.00000006,0.003273637169296887,-0.09999999999999964,-0.797448165869219,1.913875598086126
2026-04-03,12.48,12.5,12.15,12.16,1195500.0,14631035.0,412874100.00000006,0.002895555812292415,-0.27999999999999936,-2.2508038585209,2.813504823151123
2026-04-07,12.22,12.32,12.0,12.32,1091900.0,13360199.0,412874100.00000006,0.0026446318623522275,0.16000000000000014,1.3157894736842035,2.6315789473684235
2026-04-08,12.49,12.57,12.41,12.55,1341300.0,16797841.0,412874100.00000006,0.003248690097053799,0.23000000000000043,1.8668831168831224,1.2987012987012998
2026-04-09,12.51,12.58,12.31,12.31,1427900.0,17729343.0,412874100.00000006,0.003458439267563647,-0.2400000000000002,-1.9123505976095578,2.1513944223107537
2026-04-10,12.4,12.6,12.33,12.45,1826700.0,22841063.0,412874100.00000006,0.004424351152082438,0.1399999999999988,1.1372867587327251,2.1933387489845617
2026-04-13,12.81,12.81,12.37,12.48,2028900.0,25283586.0,412874100.00000006,0.004914088822718596,0.030000000000001137,0.24096385542169418,3.5341365461847496
2026-04-14,12.47,12.6,12.4,12.51,1575100.0,19651791.0,412874100.00000006,0.003814964416513411,0.02999999999999936,0.24038461538460343,1.6025641025640969
2026-04-15,12.52,12.55,12.36,12.45,1443904.0,17949794.0,412874100.00000006,0.003497201689328538,-0.0600000000000005,-0.47961630695444457,1.5187849720223923
2026-04-16,12.45,12.61,12.38,12.59,1548800.0,19397946.0,412874100.00000006,0.003751264610688827,0.14000000000000057,1.1244979919678766,1.847389558232921
2026-04-17,12.57,12.6,12.43,12.56,1327700.0,16615818.0,412874100.00000006,0.003215750273509527,-0.02999999999999936,-0.2382843526608336,1.350277998411437
2026-04-20,12.56,12.61,12.48,12.57,1115300.0,14005369.0,412874100.00000006,0.0027013077352151657,0.009999999999999787,0.07961783439489611,1.0350318471337498
2026-04-21,12.71,12.71,12.47,12.49,1384715.0,17401756.0,412874100.00000006,0.0033538432175813397,-0.08000000000000007,-0.6364359586316648,1.90930787589499
2026-04-22,12.5,12.5,12.36,12.38,1165200.0,14442649.0,412874100.00000006,0.002822167823072457,-0.10999999999999943,-0.8807045636509137,1.1208967173739037
2026-04-23,12.3,12.47,12.22,12.38,1333400.0,16465281.0,412874100.00000006,0.003229555934847935,0.0,0.0,2.0193861066235863
2026-04-24,12.32,12.37,12.21,12.35,1297100.0,15932446.0,412874100.00000006,0.0031416356705349156,-0.030000000000001137,-0.24232633279483995,1.292407108239082
2026-04-27,12.37,12.52,12.29,12.49,1735400.0,21551152.0,412874100.00000006,0.004203218366083026,0.14000000000000057,1.1336032388663986,1.8623481781376554
2026-04-28,12.43,12.58,12.43,12.51,1365300.0,17079579.0,412874100.00000006,0.003306819197426043,0.019999999999999574,0.16012810248198228,1.2009607686148946
2026-04-29,12.5,13.1,12.41,12.98,4622800.0,59529497.0,412874100.00000006,0.011196633550033773,0.47000000000000064,3.7569944044764325,5.515587529976015
2026-04-30,14.11,14.28,13.7,14.28,14058036.0,198605032.0,412874100.00000006,0.03404920773669261,1.299999999999999,10.015408320493059,4.4684129429892145
2026-05-06,14.28,14.76,13.93,14.44,24778536.0,358531416.0,412874100.00000006,0.06001475025921945,0.16000000000000014,1.1204481792717047,5.8123249299719895
2026-05-07,14.41,14.85,14.03,14.13,13587328.0,193891560.0,412874100.00000006,0.03290913137927518,-0.3099999999999987,-2.146814404432129,5.6786703601108055
2026-05-08,14.15,14.47,14.01,14.27,8568500.0,122075130.0,412874100.00000006,0.02075329985581561,0.1399999999999988,0.990799716914359,3.2554847841472103
2026-05-11,14.25,14.69,14.14,14.62,10409793.0,150908224.0,412874100.00000006,0.02521299592297022,0.34999999999999964,2.4526979677645278,3.854239663629986
2026-05-12,14.61,14.98,14.5,14.72,7169524.0,105968962.0,412874100.00000006,0.01736491584238391,0.10000000000000142,0.6839945280437965,3.2831737346101266
2026-05-13,14.58,14.97,14.58,14.81,7679679.0,114044311.0,412874100.00000006,0.018600534642400673,0.08999999999999986,0.6114130434782705,2.6494565217391344
2026-05-14,14.8,15.0,14.68,14.91,7168500.0,106414510.0,412874100.00000006,0.017362435667434693,0.09999999999999964,0.6752194463200523,2.160702228224175
2026-05-15,14.81,15.34,14.81,15.01,7453400.0,112323344.0,412874100.00000006,0.01805247652977021,0.09999999999999964,0.670690811535879,3.5546613011401704
2026-05-18,15.04,15.08,14.68,15.08,6108900.0,90944694.0,412874100.00000006,0.014796035886000113,0.07000000000000028,0.4663557628247883,2.6648900732844796
2026-05-19,15.1,15.4,15.01,15.28,5476600.0,83254288.0,412874100.00000006,0.013264576295776362,0.1999999999999993,1.3262599469495928,2.5862068965517278
2026-05-20,15.15,15.63,15.14,15.59,8039100.0,124570043.0,412874100.00000006,0.019471068783437854,0.3100000000000005,2.0287958115183358,3.2068062827225146
2026-05-21,15.33,15.66,14.97,15.01,8704400.0,132938211.0,412874100.00000006,0.02108245588667344,-0.5800000000000001,-3.7203335471456045,4.425914047466321
2026-05-22,15.01,15.17,14.7,14.81,6660600.0,99130802.0,412874100.00000006,0.016132278580807076,-0.1999999999999993,-1.332445036642238,3.131245836109265
2026-05-25,14.8,15.0,14.72,14.9,4880200.0,72493116.0,412874100.00000006,0.011820068151526093,0.08999999999999986,0.6076975016880537,1.8906144496961468
2026-05-26,14.81,16.39,14.46,14.6,5339700.0,79030560.0,412874100.00000006,0.012932998219069685,-0.3000000000000007,-2.0134228187919545,12.953020134228185
2026-05-27,14.6,14.8,14.46,14.72,5109000.0,74985418.0,412874100.00000006,0.012374232241741489,0.120000000000001,0.8219178082191858,2.3287671232876703
2026-05-28,14.53,14.93,14.29,14.56,4017500.0,58533539.0,412874100.00000006,0.009730569197728798,-0.16000000000000014,-1.0869565217391353,4.347826086956525
2026-05-29,14.55,14.85,14.04,14.61,5264900.0,76619351.0,412874100.00000006,0.01275182918957619,0.049999999999998934,0.3434065934065922,5.5631868131868165
2026-06-01,14.57,14.84,14.26,14.75,6210090.0,90884595.0,412874100.00000006,0.015041122705444587,0.14000000000000057,0.958247775496246,3.9698836413415477
2026-06-02,14.7,14.79,14.19,14.31,5552300.0,80074474.0,412874100.00000006,0.013447925166533816,-0.4399999999999995,-2.9830508474576245,4.06779661016949
2026-06-03,14.3,14.32,13.8,14.06,5488500.0,76835526.0,412874100.00000006,0.0132933986413776,-0.25,-1.7470300489168422,3.633822501747027
2026-06-04,14.02,14.14,13.5,13.63,4669599.0,64046079.0,412874100.00000006,0.0113099828737138,-0.4299999999999997,-3.0583214793741043,4.5519203413940295
2026-06-05,13.58,13.8,13.31,13.41,3978698.0,53606161.0,412874100.00000006,0.009636588974701972,-0.22000000000000064,-1.614086573734419,3.5950110051357314
2026-06-08,13.1,13.31,12.6,12.79,5081000.0,65661883.0,412874100.00000006,0.01230641495797387,-0.620000000000001,-4.623415361670402,5.2945563012677175
2026-06-09,12.81,13.21,12.61,13.07,3826263.0,49592649.0,412874100.00000006,0.009267384415733512,0.28000000000000114,2.18921032056294,4.6911649726348825
2026-06-10,12.97,13.18,12.85,13.1,3644294.0,47519014.0,412874100.00000006,0.008826647154665307,0.02999999999999936,0.22953328232593329,2.52486610558531
2026-06-11,13.03,13.17,12.79,12.91,2467749.0,31877666.0,412874100.00000006,0.005977001221437721,-0.1899999999999995,-1.450381679389312,2.900763358778632
2026-06-12,12.97,13.18,12.77,13.13,3628691.0,47156717.0,412874100.00000006,0.008788855973285803,0.22000000000000064,1.7041053446940513,3.1758326878388856
2026-06-15,13.07,13.29,12.99,13.26,3363071.0,44150216.0,412874100.00000006,0.008145512154915989,0.129999999999999,0.990099009900991,2.2848438690022768
2026-06-16,13.26,13.45,12.87,12.98,2792891.0,36363919.0,412874100.00000006,0.006764510052822397,-0.27999999999999936,-2.111613876319751,4.374057315233786
2026-06-17,12.75,12.89,12.38,12.41,4089296.0,51034454.0,412874100.00000006,0.009904462401492366,-0.5700000000000003,-4.391371340523886,3.9291217257318936
2026-06-18,12.32,12.45,12.18,12.33,3498395.0,43043277.0,412874100.00000006,0.008473273087364888,-0.08000000000000007,-0.6446414182111226,2.175664786462527
